match_id,team_id,frame_idx,minute,adc_x,adc_y,adc_zone_v5_abs,adc_exclusion_reason
EUN1_3915259648,200,9,9.003516666666666,14201.0,13786.0,RED_BASE,adc_in_base
EUN1_3915264621,100,10,10.00395,1504.0,592.0,BLUE_BASE,adc_in_base
EUN1_3915272334,100,8,8.003316666666667,12038.0,1419.0,BOT_LANE_CORE,adc_dead_with_xy
EUN1_3915419047,200,9,9.0042,11999.0,2036.0,BOT_LANE_CORE,adc_dead_with_xy
EUN1_3915629163,200,9,9.004383333333333,14310.0,14279.0,RED_BASE,adc_in_base
EUN1_3915644549,200,7,7.002983333333333,13768.0,5222.0,BOT_LANE_CORE,adc_dead_with_xy
EUN1_3915681718,200,5,5.003383333333334,14303.0,13951.0,RED_BASE,adc_in_base
EUN1_3915681718,200,9,9.005033333333333,5444.0,3352.0,BLUE_BOT_JUNGLE,adc_dead_with_xy
EUN1_3915759503,100,6,6.00365,13943.0,3869.0,BOT_LANE_CORE,adc_dead_with_xy
EUN1_3915770513,200,8,8.003566666666666,14180.0,13715.0,RED_BASE,adc_in_base
EUN1_3916156352,100,5,5.00285,394.0,461.0,BLUE_BASE,adc_in_base
EUN1_3916156352,200,11,11.00355,12748.0,6051.0,BOT_SIDE_NEAR,adc_dead_with_xy
EUN1_3916172375,100,7,7.00325,2870.0,704.0,BLUE_BASE,adc_in_base
EUN1_3916172375,100,8,8.0037,9840.0,1623.0,BOT_LANE_CORE,adc_dead_with_xy
EUN1_3916205290,100,11,11.00475,13313.0,4877.0,BOT_LANE_CORE,adc_dead_with_xy
EUN1_3916205290,200,11,11.00475,14040.0,6064.0,BOT_LANE_CORE,adc_dead_with_xy
EUN1_3916334055,100,10,10.004266666666666,2281.0,600.0,BLUE_BASE,adc_in_base
EUN1_3916355244,100,9,9.0037,10714.0,951.0,BOT_LANE_CORE,adc_dead_with_xy
EUN1_3916355244,100,10,10.00385,1013.0,713.0,BLUE_BASE,adc_in_base
EUN1_3916375227,100,5,5.001133333333334,12057.0,1251.0,BOT_LANE_CORE,adc_dead_with_xy
EUN1_3916375227,100,9,9.001983333333333,394.0,461.0,BLUE_BASE,adc_in_base
EUN1_3916375227,200,10,10.002383333333333,13722.0,5188.0,BOT_LANE_CORE,adc_dead_with_xy
EUN1_3916832122,100,5,5.001433333333333,89.0,428.0,BLUE_BASE,adc_in_base
EUN1_3916832122,100,8,8.003616666666666,1688.0,576.0,BLUE_BASE,adc_in_base
EUN1_3916832122,100,10,10.004016666666667,10258.0,852.0,BOT_LANE_CORE,adc_dead_with_xy
EUN1_3916832122,200,7,7.0034,10919.0,4300.0,BOT_SIDE_NEAR,adc_dead_with_xy
EUN1_3916846098,100,5,5.001266666666667,3559.0,693.0,BLUE_BASE,adc_in_base
EUN1_3916846098,100,6,6.001383333333333,2176.0,688.0,BLUE_BASE,adc_in_base
EUN1_3916889472,200,8,8.004116666666667,12772.0,2738.0,BOT_LANE_CORE,adc_dead_with_xy
EUN1_3916903826,100,11,11.00505,9716.0,990.0,BOT_LANE_CORE,adc_dead_with_xy
EUN1_3916918936,100,7,7.0029,1404.0,566.0,BLUE_BASE,adc_in_base
EUN1_3916944809,200,10,10.004316666666666,14047.0,11836.0,RED_BASE,adc_in_base
EUN1_3917253151,100,8,8.001983333333333,13149.0,3146.0,BOT_LANE_CORE,adc_dead_with_xy
EUN1_3917263655,200,6,6.003466666666666,12328.0,4812.0,BOT_SIDE_NEAR,adc_dead_with_xy
EUN1_3917263655,200,8,8.003516666666666,13998.0,4387.0,BOT_LANE_CORE,adc_dead_with_xy
EUN1_3917292080,200,7,7.003033333333334,14337.0,13851.0,RED_BASE,adc_in_base
EUN1_3917301593,100,10,10.004333333333333,13562.0,2920.0,BOT_LANE_CORE,adc_dead_with_xy
EUN1_3917355319,100,10,10.004466666666668,2616.0,630.0,BLUE_BASE,adc_in_base
EUN1_3917370796,100,8,8.003416666666666,10851.0,1310.0,BOT_LANE_CORE,adc_dead_with_xy
EUN1_3917433554,200,9,9.004266666666666,14264.0,13751.0,RED_BASE,adc_in_base
EUN1_3917441955,200,6,6.00315,14035.0,12127.0,RED_BASE,adc_in_base
EUN1_3917441955,200,8,8.003966666666667,13938.0,12258.0,RED_BASE,adc_in_base
EUN1_3917457920,100,7,7.002716666666666,3657.0,857.0,BLUE_BASE,adc_in_base
EUN1_3917457920,100,11,11.003733333333333,11821.0,3005.0,BOT_SIDE_NEAR,adc_dead_with_xy
EUN1_3917457920,200,8,8.003,11622.0,1277.0,BOT_LANE_CORE,adc_dead_with_xy
EUN1_3917500310,100,9,9.00445,3440.0,782.0,BLUE_BASE,adc_in_base
EUN1_3917500310,200,11,11.0055,13889.0,10957.0,RED_BASE,adc_in_base
EUN1_3917595161,100,9,9.004533333333333,883.0,586.0,BLUE_BASE,adc_in_base
EUN1_3917595161,200,11,11.005116666666666,13592.0,4978.0,BOT_LANE_CORE,adc_dead_with_xy
EUN1_3917628156,200,6,6.0030166666666664,14340.0,14391.0,RED_BASE,adc_in_base
EUN1_3917628156,200,8,8.003733333333333,13738.0,4639.0,BOT_LANE_CORE,adc_dead_with_xy
EUW1_7696102985,200,11,11.004316666666666,13234.0,5645.0,BOT_LANE_CORE,adc_dead_with_xy
EUW1_7696103145,100,10,10.004966666666666,10724.0,900.0,BOT_LANE_CORE,adc_dead_with_xy
EUW1_7696103145,100,11,11.005516666666667,1878.0,581.0,BLUE_BASE,adc_in_base
EUW1_7696103995,100,6,6.00165,572.0,518.0,BLUE_BASE,adc_in_base
EUW1_7696103995,100,7,7.0030833333333335,998.0,513.0,BLUE_BASE,adc_in_base
EUW1_7696105120,200,8,8.002683333333334,14109.0,12417.0,RED_BASE,adc_in_base
EUW1_7696106028,200,11,11.0047,14143.0,11003.0,RED_BASE,adc_in_base
EUW1_7696106204,100,8,8.002716666666666,11687.0,5787.0,BOT_SIDE_NEAR,adc_dead_with_xy
EUW1_7696106204,100,11,11.00335,10777.0,2075.0,BOT_SIDE_NEAR,adc_dead_with_xy
EUW1_7696106204,200,9,9.00275,14121.0,11582.0,RED_BASE,adc_in_base
EUW1_7696106357,100,10,10.0037,11641.0,3878.0,BOT_SIDE_NEAR,adc_dead_with_xy
EUW1_7696106585,100,7,7.003133333333333,2193.0,576.0,BLUE_BASE,adc_in_base
EUW1_7696106585,200,10,10.00395,14340.0,14391.0,RED_BASE,adc_in_base
EUW1_7696106791,200,8,8.002616666666666,12737.0,3240.0,BOT_LANE_CORE,adc_dead_with_xy
EUW1_7696107056,100,8,8.001616666666667,3601.0,923.0,BLUE_BASE,adc_in_base
EUW1_7696107056,200,11,11.002083333333333,14281.0,13821.0,RED_BASE,adc_in_base
EUW1_7696107116,100,5,5.00245,1144.0,514.0,BLUE_BASE,adc_in_base
EUW1_7696107116,100,9,9.003583333333333,13038.0,1900.0,BOT_LANE_CORE,adc_dead_with_xy
EUW1_7696107116,200,5,5.00245,14340.0,14391.0,RED_BASE,adc_in_base
EUW1_7696107529,100,7,7.002483333333333,11056.0,1803.0,BOT_LANE_CORE,adc_dead_with_xy
EUW1_7696107795,200,11,11.003733333333333,14120.0,11435.0,RED_BASE,adc_in_base
EUW1_7696108372,100,5,5.002983333333333,394.0,461.0,BLUE_BASE,adc_in_base
EUW1_7696108372,100,8,8.0036,737.0,527.0,BLUE_BASE,adc_in_base
EUW1_7696108934,100,7,7.001433333333333,3455.0,797.0,BLUE_BASE,adc_in_base
EUW1_7696109023,100,11,11.00325,13303.0,2240.0,BOT_LANE_CORE,adc_dead_with_xy
EUW1_7696109278,200,5,5.00075,14218.0,13940.0,RED_BASE,adc_in_base
EUW1_7696109278,200,11,11.001766666666667,14274.0,13626.0,RED_BASE,adc_in_base
EUW1_7696109312,200,8,8.003016666666667,14105.0,12608.0,RED_BASE,adc_in_base
EUW1_7696109407,100,8,8.0039,3416.0,708.0,BLUE_BASE,adc_in_base
EUW1_7696109407,200,8,8.0039,14199.0,11634.0,RED_BASE,adc_in_base
EUW1_7696109621,100,6,6.00105,12812.0,4120.0,BOT_SIDE_NEAR,adc_dead_with_xy
EUW1_7696109804,200,7,7.00355,13853.0,3942.0,BOT_LANE_CORE,adc_dead_with_xy
EUW1_7696110071,100,8,8.0033,11306.0,1444.0,BOT_LANE_CORE,adc_dead_with_xy
EUW1_7696110071,100,10,10.00345,13131.0,2680.0,BOT_LANE_CORE,adc_dead_with_xy
EUW1_7696110210,100,10,10.003583333333333,2708.0,740.0,BLUE_BASE,adc_in_base
EUW1_7696110210,200,9,9.003233333333334,9054.0,3453.0,BOT_SIDE_NEAR,adc_dead_with_xy
EUW1_7696111125,100,7,7.002433333333333,13249.0,2821.0,BOT_LANE_CORE,adc_dead_with_xy
EUW1_7696111316,100,11,11.005466666666667,11020.0,3892.0,BOT_SIDE_NEAR,adc_dead_with_xy
EUW1_7696111588,200,7,7.0011833333333335,12756.0,2786.0,BOT_LANE_CORE,adc_dead_with_xy
EUW1_7696112699,200,8,8.003666666666666,13708.0,4558.0,BOT_LANE_CORE,adc_dead_with_xy
EUW1_7696114018,100,8,8.003383333333334,473.0,472.0,BLUE_BASE,adc_in_base
EUW1_7696114018,200,8,8.003383333333334,14306.0,14110.0,RED_BASE,adc_in_base
EUW1_7696114098,200,10,10.004133333333334,14185.0,12791.0,RED_BASE,adc_in_base
EUW1_7696114178,100,10,10.004216666666666,11921.0,2017.0,BOT_LANE_CORE,adc_dead_with_xy
EUW1_7696114332,100,7,7.001383333333333,13517.0,1975.0,BOT_LANE_CORE,adc_dead_with_xy
EUW1_7696114808,100,8,8.00415,1519.0,715.0,BLUE_BASE,adc_in_base
EUW1_7696115118,200,6,6.0030166666666664,14237.0,13454.0,RED_BASE,adc_in_base
EUW1_7696115118,200,7,7.00315,13843.0,4355.0,BOT_LANE_CORE,adc_dead_with_xy
EUW1_7696117140,100,10,10.0039,11124.0,907.0,BOT_LANE_CORE,adc_dead_with_xy
EUW1_7696117672,200,5,5.003233333333333,14057.0,11995.0,RED_BASE,adc_in_base
EUW1_7696118010,200,6,6.0027333333333335,14196.0,13163.0,RED_BASE,adc_in_base
EUW1_7696118010,200,7,7.003066666666666,12459.0,3187.0,BOT_SIDE_NEAR,adc_dead_with_xy
EUW1_7696118474,200,10,10.004083333333334,13986.0,11614.0,RED_BASE,adc_in_base
EUW1_7696118670,100,6,6.003383333333334,3141.0,807.0,BLUE_BASE,adc_in_base
EUW1_7696118670,200,7,7.003516666666667,13950.0,11984.0,RED_BASE,adc_in_base
EUW1_7696120185,100,11,11.004166666666666,394.0,461.0,BLUE_BASE,adc_in_base
EUW1_7696120185,200,8,8.002933333333333,14087.0,12224.0,RED_BASE,adc_in_base
EUW1_7696120746,100,10,10.0039,12880.0,1617.0,BOT_LANE_CORE,adc_dead_with_xy
EUW1_7696121291,100,8,8.003483333333334,3198.0,826.0,BLUE_BASE,adc_in_base
EUW1_7696122501,100,8,8.002016666666666,806.0,623.0,BLUE_BASE,adc_in_base
EUW1_7696122501,100,9,9.003466666666666,3009.0,670.0,BLUE_BASE,adc_in_base
EUW1_7696122501,200,6,6.001233333333333,14136.0,12609.0,RED_BASE,adc_in_base
EUW1_7696122889,200,5,5.003333333333333,14238.0,13468.0,RED_BASE,adc_in_base
EUW1_7696122889,200,9,9.00455,13968.0,11052.0,RED_BASE,adc_in_base
EUW1_7696123163,100,5,5.002633333333334,740.0,502.0,BLUE_BASE,adc_in_base
EUW1_7696123163,100,7,7.00355,12451.0,2777.0,BOT_LANE_CORE,adc_dead_with_xy
EUW1_7696123163,100,10,10.004616666666667,13200.0,3731.0,BOT_LANE_CORE,adc_dead_with_xy
EUW1_7696123163,200,8,8.003883333333333,14182.0,12130.0,RED_BASE,adc_in_base
EUW1_7696123163,200,9,9.004416666666666,14340.0,14391.0,RED_BASE,adc_in_base
EUW1_7696123163,200,11,11.005016666666666,14099.0,11384.0,RED_BASE,adc_in_base
EUW1_7696124440,100,5,5.003033333333334,2982.0,793.0,BLUE_BASE,adc_in_base
EUW1_7696125766,200,5,5.000583333333333,12903.0,3300.0,BOT_LANE_CORE,adc_dead_with_xy
EUW1_7696125766,200,11,11.0035,14047.0,11932.0,RED_BASE,adc_in_base
EUW1_7696126284,200,5,5.002666666666666,14141.0,11877.0,RED_BASE,adc_in_base
EUW1_7696127610,100,8,8.002933333333333,494.0,472.0,BLUE_BASE,adc_in_base
EUW1_7696127610,200,8,8.002933333333333,14202.0,12170.0,RED_BASE,adc_in_base
EUW1_7696128159,200,9,9.00365,13979.0,11254.0,RED_BASE,adc_in_base
EUW1_7696129842,100,11,11.00425,3593.0,671.0,BLUE_BASE,adc_in_base
EUW1_7696130447,100,5,5.0027,9461.0,1023.0,BOT_LANE_CORE,adc_dead_with_xy
EUW1_7696130447,100,10,10.004183333333334,394.0,461.0,BLUE_BASE,adc_in_base
EUW1_7696130447,200,9,9.003833333333333,14124.0,11986.0,RED_BASE,adc_in_base
EUW1_7696131437,200,9,9.003583333333333,13672.0,4421.0,BOT_LANE_CORE,adc_dead_with_xy
EUW1_7696131683,100,6,6.00145,10015.0,920.0,BOT_LANE_CORE,adc_dead_with_xy
EUW1_7696131683,100,9,9.003783333333333,394.0,461.0,BLUE_BASE,adc_in_base
EUW1_7696132424,200,8,8.00365,13862.0,12718.0,RED_BASE,adc_in_base
EUW1_7696132806,100,8,8.00385,2791.0,715.0,BLUE_BASE,adc_in_base
EUW1_7696133382,100,5,5.002883333333333,2476.0,678.0,BLUE_BASE,adc_in_base
EUW1_7696133514,100,7,7.0034,11974.0,2078.0,BOT_LANE_CORE,adc_dead_with_xy
EUW1_7696133514,200,6,6.001383333333333,11658.0,2186.0,BOT_SIDE_NEAR,adc_dead_with_xy
EUW1_7696134342,200,7,7.00275,13194.0,3387.0,BOT_LANE_CORE,adc_dead_with_xy
EUW1_7696135489,100,10,10.00475,2292.0,681.0,BLUE_BASE,adc_in_base
EUW1_7696135610,100,11,11.004,12455.0,1600.0,BOT_LANE_CORE,adc_dead_with_xy
EUW1_7696135813,200,6,6.0030833333333335,14140.0,12923.0,RED_BASE,adc_in_base
EUW1_7696136082,100,9,9.00365,3478.0,708.0,BLUE_BASE,adc_in_base
EUW1_7696136082,200,7,7.003183333333333,11552.0,2033.0,BOT_SIDE_NEAR,adc_dead_with_xy
EUW1_7696136365,200,9,9.003733333333333,14002.0,11405.0,RED_BASE,adc_in_base
EUW1_7696136560,100,7,7.002583333333333,1101.0,705.0,BLUE_BASE,adc_in_base
EUW1_7696136608,100,11,11.0045,2205.0,686.0,BLUE_BASE,adc_in_base
EUW1_7696136608,200,11,11.0045,13314.0,2540.0,BOT_LANE_CORE,adc_dead_with_xy
EUW1_7696137550,100,10,10.00515,11582.0,2076.0,BOT_SIDE_NEAR,adc_dead_with_xy
EUW1_7696137550,200,9,9.004633333333333,14338.0,14363.0,RED_BASE,adc_in_base
EUW1_7696141173,200,7,7.00365,14128.0,13086.0,RED_BASE,adc_in_base
EUW1_7696141173,200,8,8.004166666666666,13551.0,4747.0,BOT_LANE_CORE,adc_dead_with_xy
EUW1_7696142389,100,6,6.0036,1395.0,646.0,BLUE_BASE,adc_in_base
EUW1_7696142881,200,5,5.002716666666666,14200.0,12487.0,RED_BASE,adc_in_base
EUW1_7696143651,200,6,6.003033333333334,11233.0,1672.0,BOT_LANE_CORE,adc_dead_with_xy
EUW1_7696144030,100,8,8.003633333333333,3135.0,670.0,BLUE_BASE,adc_in_base
EUW1_7696144030,100,10,10.003633333333333,646.0,558.0,BLUE_BASE,adc_in_base
EUW1_7696144161,100,7,7.002533333333333,674.0,507.0,BLUE_BASE,adc_in_base
EUW1_7696144161,100,9,9.003333333333334,2856.0,871.0,BLUE_BASE,adc_in_base
EUW1_7696144161,100,10,10.003783333333333,394.0,461.0,BLUE_BASE,adc_in_base
EUW1_7696144875,100,8,8.001816666666667,11347.0,3331.0,BOT_SIDE_NEAR,adc_dead_with_xy
EUW1_7696144875,200,11,11.003966666666667,14231.0,12139.0,RED_BASE,adc_in_base
EUW1_7696144949,100,10,10.004866666666667,12094.0,3170.0,BOT_SIDE_NEAR,adc_dead_with_xy
EUW1_7696144949,200,9,9.004616666666667,14018.0,11792.0,RED_BASE,adc_in_base
EUW1_7696145063,200,7,7.004,14289.0,14284.0,RED_BASE,adc_in_base
EUW1_7696145063,200,11,11.00545,13973.0,13568.0,RED_BASE,adc_in_base
EUW1_7696145678,200,10,10.004033333333334,14264.0,13435.0,RED_BASE,adc_in_base
EUW1_7696146088,100,11,11.003783333333333,858.0,526.0,BLUE_BASE,adc_in_base
EUW1_7696146088,200,11,11.003783333333333,13358.0,12739.0,RED_BASE,adc_in_base
EUW1_7696146286,200,11,11.003933333333332,14190.0,13500.0,RED_BASE,adc_in_base
EUW1_7696147392,100,6,6.00145,2966.0,806.0,BLUE_BASE,adc_in_base
EUW1_7696149111,200,5,5.002633333333334,14104.0,13396.0,RED_BASE,adc_in_base
EUW1_7696150635,200,8,8.003433333333334,14111.0,13590.0,RED_BASE,adc_in_base
EUW1_7696150712,100,9,9.002833333333333,13775.0,1883.0,BOT_LANE_CORE,adc_dead_with_xy
EUW1_7696150712,200,6,6.0007,13958.0,11330.0,RED_BASE,adc_in_base
EUW1_7696151218,200,10,10.004416666666666,14107.0,13446.0,RED_BASE,adc_in_base
EUW1_7696151218,200,11,11.004833333333334,12587.0,2175.0,BOT_LANE_CORE,adc_dead_with_xy
EUW1_7696151315,100,5,5.002516666666667,12121.0,1962.0,BOT_LANE_CORE,adc_dead_with_xy
EUW1_7696151315,200,9,9.003866666666667,14202.0,13531.0,RED_BASE,adc_in_base
EUW1_7696152161,200,10,10.003983333333334,12432.0,1887.0,BOT_LANE_CORE,adc_dead_with_xy
EUW1_7696152357,100,11,11.00485,2661.0,640.0,BLUE_BASE,adc_in_base
EUW1_7696152357,200,7,7.0037,14136.0,12199.0,RED_BASE,adc_in_base
EUW1_7696152357,200,10,10.004583333333333,13988.0,11667.0,RED_BASE,adc_in_base
EUW1_7696152725,200,10,10.001733333333334,14199.0,13844.0,RED_BASE,adc_in_base
EUW1_7696153179,200,11,11.0045,14156.0,12247.0,RED_BASE,adc_in_base
EUW1_7696153441,100,9,9.001716666666667,10220.0,911.0,BOT_LANE_CORE,adc_dead_with_xy
EUW1_7696153441,200,6,6.001433333333333,13925.0,11170.0,RED_BASE,adc_in_base
EUW1_7696153949,100,8,8.003833333333333,3071.0,683.0,BLUE_BASE,adc_in_base
EUW1_7696154811,100,6,6.00285,2825.0,1205.0,BLUE_BASE,adc_in_base
EUW1_7696154811,100,8,8.003416666666666,3481.0,676.0,BLUE_BASE,adc_in_base
EUW1_7696154811,100,9,9.003816666666667,10257.0,1050.0,BOT_LANE_CORE,adc_dead_with_xy
EUW1_7696157793,200,5,5.002966666666667,14340.0,14391.0,RED_BASE,adc_in_base
EUW1_7696157793,200,11,11.0045,13612.0,12207.0,RED_BASE,adc_in_base
EUW1_7696158256,100,10,10.004383333333333,11657.0,3221.0,BOT_SIDE_NEAR,adc_dead_with_xy
EUW1_7696158448,200,11,11.00405,14267.0,13877.0,RED_BASE,adc_in_base
EUW1_7696158531,100,5,5.00285,2524.0,588.0,BLUE_BASE,adc_in_base
EUW1_7696158531,200,8,8.003916666666667,14340.0,14391.0,RED_BASE,adc_in_base
EUW1_7696158695,200,7,7.003216666666667,14132.0,11045.0,RED_BASE,adc_in_base
EUW1_7696158695,200,9,9.003716666666667,14113.0,13008.0,RED_BASE,adc_in_base
EUW1_7696159265,100,8,8.00395,1196.0,673.0,BLUE_BASE,adc_in_base
EUW1_7696159265,200,9,9.003983333333334,13953.0,11325.0,RED_BASE,adc_in_base
EUW1_7696159987,100,10,10.004083333333334,13186.0,2770.0,BOT_LANE_CORE,adc_dead_with_xy
EUW1_7696159987,200,8,8.003683333333333,13951.0,11053.0,RED_BASE,adc_in_base
EUW1_7696160489,100,6,6.0029,2085.0,664.0,BLUE_BASE,adc_in_base
EUW1_7696160982,200,11,11.004616666666667,12987.0,3106.0,BOT_LANE_CORE,adc_dead_with_xy
EUW1_7696161832,200,7,7.004333333333333,13395.0,3309.0,BOT_LANE_CORE,adc_dead_with_xy
EUW1_7696161903,100,10,10.003483333333334,2408.0,769.0,BLUE_BASE,adc_in_base
EUW1_7696161903,100,11,11.00375,2201.0,867.0,BLUE_BASE,adc_in_base
EUW1_7696161903,200,7,7.002383333333333,14174.0,13024.0,RED_BASE,adc_in_base
EUW1_7696161903,200,11,11.00375,13899.0,11270.0,RED_BASE,adc_in_base
EUW1_7696163469,100,10,10.00395,3320.0,762.0,BLUE_BASE,adc_in_base
EUW1_7696164734,100,6,6.00295,394.0,461.0,BLUE_BASE,adc_in_base
EUW1_7696164734,100,9,9.00415,829.0,509.0,BLUE_BASE,adc_in_base
EUW1_7696166341,100,9,9.003716666666667,13064.0,2314.0,BOT_LANE_CORE,adc_dead_with_xy
EUW1_7696166341,200,10,10.003866666666667,14029.0,12474.0,RED_BASE,adc_in_base
EUW1_7696166812,200,11,11.004833333333334,14001.0,11648.0,RED_BASE,adc_in_base
EUW1_7696166988,100,10,10.004,3702.0,884.0,BLUE_BASE,adc_in_base
EUW1_7696167559,100,8,8.0045,394.0,461.0,BLUE_BASE,adc_in_base
EUW1_7696167804,100,11,11.00425,13488.0,1873.0,BOT_LANE_CORE,adc_dead_with_xy
EUW1_7696168758,200,6,6.003283333333333,14016.0,11573.0,RED_BASE,adc_in_base
EUW1_7696168758,200,9,9.00455,12598.0,3171.0,BOT_LANE_CORE,adc_dead_with_xy
EUW1_7696169146,100,11,11.005333333333333,10650.0,4732.0,DRAGON_AREA,adc_dead_with_xy
EUW1_7696169804,100,8,8.00335,10792.0,1889.0,BOT_LANE_CORE,adc_dead_with_xy
EUW1_7696169804,100,11,11.0046,568.0,499.0,BLUE_BASE,adc_in_base
EUW1_7696169804,200,11,11.0046,14171.0,12277.0,RED_BASE,adc_in_base
EUW1_7696169869,200,10,10.0044,13969.0,12372.0,RED_BASE,adc_in_base
EUW1_7696170010,100,11,11.003483333333334,13182.0,5489.0,BOT_LANE_CORE,adc_dead_with_xy
EUW1_7696170010,200,7,7.00275,13925.0,11266.0,RED_BASE,adc_in_base
EUW1_7696170010,200,11,11.003483333333334,13734.0,5363.0,BOT_LANE_CORE,adc_dead_with_xy
EUW1_7696171987,100,8,8.003683333333333,12745.0,1325.0,BOT_LANE_CORE,adc_dead_with_xy
EUW1_7696171987,200,10,10.004466666666668,13955.0,12483.0,RED_BASE,adc_in_base
EUW1_7696172329,100,11,11.004916666666666,11248.0,1750.0,BOT_LANE_CORE,adc_dead_with_xy
EUW1_7696173245,100,9,9.0044,394.0,461.0,BLUE_BASE,adc_in_base
EUW1_7696173245,100,11,11.004866666666667,472.0,504.0,BLUE_BASE,adc_in_base
EUW1_7696173245,200,6,6.00315,13922.0,11153.0,RED_BASE,adc_in_base
EUW1_7696173854,200,7,7.004083333333333,13895.0,11273.0,RED_BASE,adc_in_base
EUW1_7696173854,200,8,8.004116666666667,14091.0,12212.0,RED_BASE,adc_in_base
EUW1_7696174019,100,11,11.00445,3638.0,784.0,BLUE_BASE,adc_in_base
EUW1_7696174673,100,5,5.001566666666666,1421.0,560.0,BLUE_BASE,adc_in_base
EUW1_7696174673,100,6,6.002083333333333,13257.0,2074.0,BOT_LANE_CORE,adc_dead_with_xy
EUW1_7696174673,200,6,6.002083333333333,11931.0,1535.0,BOT_LANE_CORE,adc_dead_with_xy
EUW1_7696174886,100,11,11.004216666666666,1934.0,653.0,BLUE_BASE,adc_in_base
EUW1_7696175624,200,6,6.00355,13467.0,3747.0,BOT_LANE_CORE,adc_dead_with_xy
EUW1_7696175743,200,8,8.003733333333333,14097.0,12146.0,RED_BASE,adc_in_base
EUW1_7696175743,200,10,10.004533333333333,14121.0,11911.0,RED_BASE,adc_in_base
EUW1_7696175827,100,11,11.0056,3518.0,801.0,BLUE_BASE,adc_in_base
EUW1_7696175827,200,7,7.004216666666666,14166.0,12759.0,RED_BASE,adc_in_base
EUW1_7696176414,100,9,9.00165,8822.0,1063.0,BOT_LANE_CORE,adc_dead_with_xy
EUW1_7696176885,100,10,10.003333333333334,3612.0,1002.0,BLUE_BASE,adc_in_base
EUW1_7696177384,200,11,11.005216666666668,14071.0,4411.0,BOT_LANE_CORE,adc_dead_with_xy
EUW1_7696177527,200,8,8.004616666666667,14049.0,13484.0,RED_BASE,adc_in_base
EUW1_7696177578,100,6,6.0034,770.0,415.0,BLUE_BASE,adc_in_base
EUW1_7696177578,100,7,7.0037,1596.0,617.0,BLUE_BASE,adc_in_base
EUW1_7696177578,100,8,8.00415,9473.0,924.0,BOT_LANE_CORE,adc_dead_with_xy
EUW1_7696177578,200,5,5.0031,14288.0,13851.0,RED_BASE,adc_in_base
EUW1_7696177873,100,11,11.004133333333334,1733.0,571.0,BLUE_BASE,adc_in_base
EUW1_7696177958,200,6,6.002866666666667,14298.0,13988.0,RED_BASE,adc_in_base
EUW1_7696178073,100,8,8.0049,13603.0,3147.0,BOT_LANE_CORE,adc_dead_with_xy
EUW1_7696178179,200,8,8.004316666666666,14273.0,14354.0,RED_BASE,adc_in_base
EUW1_7696178190,100,7,7.0034,1298.0,540.0,BLUE_BASE,adc_in_base
EUW1_7696178563,100,10,10.003016666666667,1992.0,640.0,BLUE_BASE,adc_in_base
EUW1_7696179604,100,11,11.004116666666667,2762.0,829.0,BLUE_BASE,adc_in_base
EUW1_7696179666,200,10,10.004716666666667,13927.0,4821.0,BOT_LANE_CORE,adc_dead_with_xy
EUW1_7696179711,100,10,10.004283333333333,10513.0,1204.0,BOT_LANE_CORE,adc_dead_with_xy
EUW1_7696179919,100,10,10.006116666666667,2843.0,756.0,BLUE_BASE,adc_in_base
EUW1_7696179919,200,8,8.001766666666667,13988.0,11379.0,RED_BASE,adc_in_base
EUW1_7696180412,100,8,8.002016666666666,415.0,463.0,BLUE_BASE,adc_in_base
EUW1_7696180412,100,11,11.004683333333332,2302.0,665.0,BLUE_BASE,adc_in_base
EUW1_7696180455,200,5,5.002766666666667,14252.0,13615.0,RED_BASE,adc_in_base
EUW1_7696180938,100,5,5.003266666666667,3685.0,894.0,BLUE_BASE,adc_in_base
EUW1_7696180938,200,9,9.004833333333334,13078.0,3103.0,BOT_LANE_CORE,adc_dead_with_xy
EUW1_7696183311,200,6,6.00115,14340.0,14391.0,RED_BASE,adc_in_base
EUW1_7696183311,200,8,8.001883333333334,13026.0,3927.0,BOT_LANE_CORE,adc_dead_with_xy
EUW1_7696183760,100,11,11.004533333333333,2636.0,780.0,BLUE_BASE,adc_in_base
EUW1_7696183760,200,7,7.003383333333334,14340.0,14391.0,RED_BASE,adc_in_base
EUW1_7696184971,100,11,11.004683333333332,975.0,689.0,BLUE_BASE,adc_in_base
EUW1_7696185533,200,8,8.003583333333333,14042.0,12242.0,RED_BASE,adc_in_base
EUW1_7696185783,100,9,9.003916666666667,2196.0,714.0,BLUE_BASE,adc_in_base
EUW1_7696185783,100,10,10.00445,9928.0,1516.0,BOT_LANE_CORE,adc_dead_with_xy
EUW1_7696185939,200,7,7.003116666666667,14003.0,11434.0,RED_BASE,adc_in_base
EUW1_7696187330,100,8,8.00135,1301.0,547.0,BLUE_BASE,adc_in_base
EUW1_7696187330,100,9,9.0014,2953.0,734.0,BLUE_BASE,adc_in_base
EUW1_7696188285,200,5,5.0030833333333335,14323.0,13559.0,RED_BASE,adc_in_base
EUW1_7696188285,200,10,10.0041,14078.0,12539.0,RED_BASE,adc_in_base
EUW1_7696188957,100,5,5.002633333333334,11175.0,1816.0,BOT_LANE_CORE,adc_dead_with_xy
EUW1_7696188957,100,9,9.0039,12534.0,4375.0,BOT_SIDE_NEAR,adc_dead_with_xy
EUW1_7696188957,200,6,6.003066666666666,14190.0,13349.0,RED_BASE,adc_in_base
EUW1_7696188957,200,11,11.004783333333334,14122.0,12441.0,RED_BASE,adc_in_base
EUW1_7696189072,200,7,7.000866666666667,13923.0,11687.0,RED_BASE,adc_in_base
EUW1_7696189793,100,11,11.004216666666666,3560.0,989.0,BLUE_BASE,adc_in_base
EUW1_7696189854,100,9,9.0039,1174.0,577.0,BLUE_BASE,adc_in_base
EUW1_7696189854,200,11,11.004483333333333,14340.0,14391.0,RED_BASE,adc_in_base
EUW1_7696189898,200,11,11.00455,14340.0,14391.0,RED_BASE,adc_in_base
EUW1_7696190232,100,7,7.00355,1426.0,604.0,BLUE_BASE,adc_in_base
EUW1_7696190232,200,11,11.004416666666666,14244.0,13972.0,RED_BASE,adc_in_base
EUW1_7696190521,200,7,7.003333333333333,14258.0,14403.0,RED_BASE,adc_in_base
EUW1_7696191124,200,9,9.00385,14062.0,12032.0,RED_BASE,adc_in_base
EUW1_7696192708,100,10,10.004883333333334,12386.0,1776.0,BOT_LANE_CORE,adc_dead_with_xy
EUW1_7696192811,100,5,5.002516666666667,3191.0,888.0,BLUE_BASE,adc_in_base
EUW1_7696192811,200,9,9.003933333333332,13901.0,4646.0,BOT_LANE_CORE,adc_dead_with_xy
EUW1_7696192811,200,11,11.0041,12001.0,2428.0,BOT_LANE_CORE,adc_dead_with_xy
EUW1_7696192996,200,10,10.004016666666667,13679.0,4056.0,BOT_LANE_CORE,adc_dead_with_xy
EUW1_7696193299,100,10,10.0041,12443.0,1663.0,BOT_LANE_CORE,adc_dead_with_xy
EUW1_7696193390,100,7,7.003616666666667,394.0,461.0,BLUE_BASE,adc_in_base
EUW1_7696193390,200,8,8.004066666666667,13011.0,3238.0,BOT_LANE_CORE,adc_dead_with_xy
EUW1_7696195211,200,9,9.0041,14163.0,11551.0,RED_BASE,adc_in_base
EUW1_7696195844,100,9,9.0046,12538.0,2358.0,BOT_LANE_CORE,adc_dead_with_xy
EUW1_7696195927,200,8,8.003483333333334,14153.0,13655.0,RED_BASE,adc_in_base
EUW1_7696195927,200,11,11.004533333333333,12877.0,1277.0,BOT_LANE_CORE,adc_dead_with_xy
EUW1_7696196636,100,9,9.003533333333333,394.0,461.0,BLUE_BASE,adc_in_base
EUW1_7696196636,200,7,7.0033666666666665,14340.0,14391.0,RED_BASE,adc_in_base
EUW1_7696197753,200,6,6.001116666666666,14191.0,13201.0,RED_BASE,adc_in_base
EUW1_7696197753,200,8,8.001366666666666,14163.0,12833.0,RED_BASE,adc_in_base
EUW1_7696198129,100,5,5.003,3150.0,678.0,BLUE_BASE,adc_in_base
EUW1_7696198129,100,9,9.0039,3355.0,761.0,BLUE_BASE,adc_in_base
EUW1_7696198323,100,6,6.003116666666667,13710.0,6014.0,BOT_LANE_CORE,adc_dead_with_xy
EUW1_7696198323,200,5,5.002766666666667,14065.0,11897.0,RED_BASE,adc_in_base
EUW1_7696198323,200,11,11.004266666666666,13517.0,3625.0,BOT_LANE_CORE,adc_dead_with_xy
EUW1_7696198804,100,7,7.003516666666667,1360.0,605.0,BLUE_BASE,adc_in_base
EUW1_7696198804,200,9,9.004183333333334,14360.0,14196.0,RED_BASE,adc_in_base
EUW1_7696199009,200,11,11.00485,14093.0,4747.0,BOT_LANE_CORE,adc_dead_with_xy
EUW1_7696199051,100,9,9.0041,2257.0,624.0,BLUE_BASE,adc_in_base
EUW1_7696199051,200,8,8.00375,14340.0,14391.0,RED_BASE,adc_in_base
EUW1_7696199320,100,9,9.0044,13421.0,2544.0,BOT_LANE_CORE,adc_dead_with_xy
EUW1_7696199375,200,8,8.003416666666666,14333.0,14306.0,RED_BASE,adc_in_base
EUW1_7696199880,200,9,9.003483333333334,14000.0,12508.0,RED_BASE,adc_in_base
EUW1_7696199940,200,7,7.003166666666667,14340.0,14391.0,RED_BASE,adc_in_base
EUW1_7696200135,100,9,9.003533333333333,3508.0,850.0,BLUE_BASE,adc_in_base
EUW1_7696201138,100,10,10.0052,2252.0,636.0,BLUE_BASE,adc_in_base
EUW1_7696201138,200,7,7.0041166666666665,14138.0,11335.0,RED_BASE,adc_in_base
EUW1_7696201453,100,5,5.0011833333333335,12978.0,2644.0,BOT_LANE_CORE,adc_dead_with_xy
EUW1_7696201453,200,7,7.003133333333333,11771.0,2514.0,BOT_SIDE_NEAR,adc_dead_with_xy
EUW1_7696201478,200,8,8.003933333333332,14103.0,4882.0,BOT_LANE_CORE,adc_dead_with_xy
EUW1_7696202154,200,8,8.004216666666666,14245.0,13463.0,RED_BASE,adc_in_base
EUW1_7696202154,200,11,11.005416666666667,14246.0,13327.0,RED_BASE,adc_in_base
EUW1_7696202365,200,7,7.00445,14105.0,11165.0,RED_BASE,adc_in_base
EUW1_7696202895,100,5,5.0027333333333335,2980.0,766.0,BLUE_BASE,adc_in_base
EUW1_7696202895,200,10,10.003933333333332,14175.0,11616.0,RED_BASE,adc_in_base
EUW1_7696204095,200,10,10.0043,14340.0,14391.0,RED_BASE,adc_in_base
EUW1_7696204623,200,9,9.003916666666667,14330.0,14314.0,RED_BASE,adc_in_base
EUW1_7696204904,100,9,9.003566666666666,2836.0,1074.0,BLUE_BASE,adc_in_base
EUW1_7696205770,100,6,6.003433333333334,1805.0,674.0,BLUE_BASE,adc_in_base
EUW1_7696205770,100,11,11.004933333333334,12474.0,1258.0,BOT_LANE_CORE,adc_dead_with_xy
EUW1_7696205770,200,7,7.00345,14213.0,12954.0,RED_BASE,adc_in_base
EUW1_7696205770,200,9,9.004233333333334,13917.0,7896.0,BOT_LANE_CORE,adc_dead_with_xy
EUW1_7696205819,200,8,8.00325,14151.0,13590.0,RED_BASE,adc_in_base
EUW1_7696206345,100,6,6.0013,12355.0,2230.0,BOT_LANE_CORE,adc_dead_with_xy
EUW1_7696206936,100,8,8.003733333333333,853.0,551.0,BLUE_BASE,adc_in_base
EUW1_7696207060,200,6,6.0029,14280.0,13499.0,RED_BASE,adc_in_base
EUW1_7696207201,200,10,10.004166666666666,13856.0,3863.0,BOT_LANE_CORE,adc_dead_with_xy
EUW1_7696208520,100,11,11.004333333333333,10532.0,1566.0,BOT_LANE_CORE,adc_dead_with_xy
EUW1_7696209305,100,6,6.001316666666667,14029.0,4588.0,BOT_LANE_CORE,adc_dead_with_xy
EUW1_7696209305,200,9,9.003666666666666,8250.0,855.0,BOT_LANE_CORE,adc_dead_with_xy
EUW1_7696210104,200,8,8.003916666666667,14198.0,14005.0,RED_BASE,adc_in_base
EUW1_7696210230,100,5,5.0027333333333335,3089.0,631.0,BLUE_BASE,adc_in_base
EUW1_7696210230,100,10,10.003733333333333,847.0,563.0,BLUE_BASE,adc_in_base
EUW1_7696210230,200,11,11.004066666666667,12526.0,2931.0,BOT_LANE_CORE,adc_dead_with_xy
EUW1_7696210690,100,8,8.003966666666667,12854.0,2996.0,BOT_LANE_CORE,adc_dead_with_xy
EUW1_7696211030,200,11,11.0049,14213.0,13037.0,RED_BASE,adc_in_base
EUW1_7696211426,200,5,5.001433333333333,14318.0,13438.0,RED_BASE,adc_in_base
EUW1_7696211448,200,11,11.0034,14340.0,14391.0,RED_BASE,adc_in_base
EUW1_7696212110,100,9,9.003516666666666,11885.0,4354.0,BOT_SIDE_NEAR,adc_dead_with_xy
EUW1_7696212147,200,6,6.00355,14016.0,13803.0,RED_BASE,adc_in_base
EUW1_7696212217,200,6,6.004183333333334,14198.0,12162.0,RED_BASE,adc_in_base
EUW1_7696213253,100,7,7.003433333333334,2797.0,674.0,BLUE_BASE,adc_in_base
EUW1_7696213379,200,5,5.003116666666667,14090.0,5217.0,BOT_LANE_CORE,adc_dead_with_xy
EUW1_7696213379,200,11,11.004533333333333,14038.0,14129.0,RED_BASE,adc_in_base
EUW1_7696213501,200,7,7.00335,14089.0,11257.0,RED_BASE,adc_in_base
EUW1_7696213608,200,6,6.002683333333334,13940.0,11193.0,RED_BASE,adc_in_base
EUW1_7696213762,200,11,11.004716666666667,14267.0,13550.0,RED_BASE,adc_in_base
EUW1_7696214214,100,7,7.001316666666667,1235.0,530.0,BLUE_BASE,adc_in_base
EUW1_7696215032,200,6,6.0025,12822.0,6108.0,RED_BOT_JUNGLE,adc_dead_with_xy
EUW1_7696215343,100,9,9.003533333333333,475.0,482.0,BLUE_BASE,adc_in_base
EUW1_7696216026,100,5,5.0033666666666665,12266.0,1861.0,BOT_LANE_CORE,adc_dead_with_xy
EUW1_7696216026,100,10,10.005316666666667,691.0,486.0,BLUE_BASE,adc_in_base
EUW1_7696216026,100,11,11.0058,13311.0,2864.0,BOT_LANE_CORE,adc_dead_with_xy
EUW1_7696216026,200,6,6.00345,14340.0,14391.0,RED_BASE,adc_in_base
EUW1_7696218059,100,7,7.002033333333333,1314.0,574.0,BLUE_BASE,adc_in_base
EUW1_7696218059,100,9,9.0038,394.0,461.0,BLUE_BASE,adc_in_base
EUW1_7696218059,100,10,10.0043,1852.0,610.0,BLUE_BASE,adc_in_base
EUW1_7696218059,200,7,7.002033333333333,14116.0,12569.0,RED_BASE,adc_in_base
EUW1_7696218291,100,10,10.004283333333333,709.0,502.0,BLUE_BASE,adc_in_base
EUW1_7696218766,100,10,10.004216666666666,9580.0,4092.0,DRAGON_AREA,adc_dead_with_xy
EUW1_7696218766,200,11,11.004366666666666,13164.0,2594.0,BOT_LANE_CORE,adc_dead_with_xy
EUW1_7696218801,100,8,8.004466666666668,1301.0,522.0,BLUE_BASE,adc_in_base
EUW1_7696218801,200,5,5.003,14242.0,13584.0,RED_BASE,adc_in_base
EUW1_7696218801,200,9,9.0046,12515.0,4281.0,BOT_SIDE_NEAR,adc_dead_with_xy
EUW1_7696218801,200,11,11.004633333333333,13940.0,4156.0,BOT_LANE_CORE,adc_dead_with_xy
EUW1_7696218997,100,9,9.004066666666667,1404.0,630.0,BLUE_BASE,adc_in_base
EUW1_7696218997,200,7,7.0036,14200.0,12485.0,RED_BASE,adc_in_base
EUW1_7696219694,200,8,8.00385,14197.0,13995.0,RED_BASE,adc_in_base
EUW1_7696220055,100,10,10.005333333333333,784.0,550.0,BLUE_BASE,adc_in_base
EUW1_7696220055,200,11,11.00555,14089.0,11039.0,RED_BASE,adc_in_base
EUW1_7696220323,100,11,11.005566666666667,13500.0,1202.0,BOT_LANE_CORE,adc_dead_with_xy
EUW1_7696220323,200,6,6.0038,13330.0,2788.0,BOT_LANE_CORE,adc_dead_with_xy
EUW1_7696221689,100,11,11.003566666666666,13007.0,2097.0,BOT_LANE_CORE,adc_dead_with_xy
EUW1_7696221689,200,8,8.003116666666667,14025.0,11319.0,RED_BASE,adc_in_base
EUW1_7696222145,100,6,6.00295,2794.0,838.0,BLUE_BASE,adc_in_base
EUW1_7696222145,200,8,8.003883333333333,11872.0,2279.0,BOT_LANE_CORE,adc_dead_with_xy
EUW1_7696222154,100,7,7.003516666666667,617.0,481.0,BLUE_BASE,adc_in_base
EUW1_7696222297,100,6,6.004133333333334,3304.0,669.0,BLUE_BASE,adc_in_base
EUW1_7696222297,100,11,11.005883333333333,10037.0,1476.0,BOT_LANE_CORE,adc_dead_with_xy
EUW1_7696222833,100,8,8.003233333333334,12323.0,4879.0,BOT_SIDE_NEAR,adc_dead_with_xy
EUW1_7696222833,200,9,9.003283333333334,14086.0,11043.0,RED_BASE,adc_in_base
EUW1_7696222845,100,10,10.004116666666667,1142.0,517.0,BLUE_BASE,adc_in_base
EUW1_7696223460,200,10,10.003933333333332,13653.0,4455.0,BOT_LANE_CORE,adc_dead_with_xy
EUW1_7696223630,100,9,9.0038,1406.0,602.0,BLUE_BASE,adc_in_base
EUW1_7696223630,100,10,10.0039,1418.0,568.0,BLUE_BASE,adc_in_base
EUW1_7696224000,100,7,7.003433333333334,415.0,463.0,BLUE_BASE,adc_in_base
EUW1_7696224000,200,7,7.003433333333334,14151.0,12247.0,RED_BASE,adc_in_base
EUW1_7696224000,200,8,8.003833333333333,14236.0,12691.0,RED_BASE,adc_in_base
EUW1_7696225963,200,10,10.0042,12147.0,2089.0,BOT_LANE_CORE,adc_dead_with_xy
EUW1_7696226023,100,7,7.003716666666667,3451.0,698.0,BLUE_BASE,adc_in_base
EUW1_7696226023,100,10,10.004766666666667,1760.0,719.0,BLUE_BASE,adc_in_base
EUW1_7696226063,100,9,9.004233333333334,394.0,461.0,BLUE_BASE,adc_in_base
EUW1_7696226063,200,9,9.004233333333334,14140.0,12488.0,RED_BASE,adc_in_base
EUW1_7696226097,200,5,5.0014,10348.0,3251.0,BOT_SIDE_NEAR,adc_dead_with_xy
EUW1_7696226982,200,8,8.003466666666666,14340.0,14391.0,RED_BASE,adc_in_base
EUW1_7696227560,100,10,10.0042,10963.0,1765.0,BOT_LANE_CORE,adc_dead_with_xy
EUW1_7696227560,200,9,9.004066666666667,14255.0,13525.0,RED_BASE,adc_in_base
EUW1_7696227670,200,8,8.003183333333334,14125.0,13527.0,RED_BASE,adc_in_base
EUW1_7696229526,100,7,7.003616666666667,394.0,461.0,BLUE_BASE,adc_in_base
EUW1_7696230417,200,11,11.0043,13424.0,11807.0,RED_BASE,adc_in_base
EUW1_7696231337,100,10,10.004783333333334,870.0,486.0,BLUE_BASE,adc_in_base
EUW1_7696232521,100,10,10.004833333333334,11418.0,1744.0,BOT_LANE_CORE,adc_dead_with_xy
EUW1_7696233390,100,10,10.003916666666667,3594.0,717.0,BLUE_BASE,adc_in_base
EUW1_7696234502,100,5,5.00285,2957.0,726.0,BLUE_BASE,adc_in_base
EUW1_7696234675,200,8,8.00455,11092.0,3756.0,BOT_SIDE_NEAR,adc_dead_with_xy
EUW1_7696235340,200,7,7.0032,14327.0,14244.0,RED_BASE,adc_in_base
EUW1_7696235380,100,5,5.0030833333333335,394.0,461.0,BLUE_BASE,adc_in_base
EUW1_7696235380,100,10,10.004333333333333,394.0,461.0,BLUE_BASE,adc_in_base
EUW1_7696235380,200,5,5.0030833333333335,13973.0,11705.0,RED_BASE,adc_in_base
EUW1_7696235512,100,11,11.004766666666667,11772.0,2503.0,BOT_SIDE_NEAR,adc_dead_with_xy
EUW1_7696235512,200,7,7.003583333333333,14300.0,13346.0,RED_BASE,adc_in_base
EUW1_7696235621,100,9,9.001916666666666,10250.0,3250.0,BOT_SIDE_NEAR,adc_dead_with_xy
EUW1_7696235621,200,7,7.00145,13216.0,2729.0,BOT_LANE_CORE,adc_dead_with_xy
EUW1_7696235705,100,10,10.00395,10421.0,885.0,BOT_LANE_CORE,adc_dead_with_xy
EUW1_7696235895,100,6,6.003183333333333,12905.0,1738.0,BOT_LANE_CORE,adc_dead_with_xy
EUW1_7696235895,200,6,6.003183333333333,14281.0,13578.0,RED_BASE,adc_in_base
EUW1_7696236703,100,7,7.0037,10138.0,949.0,BOT_LANE_CORE,adc_dead_with_xy
EUW1_7696236982,100,6,6.001783333333333,932.0,528.0,BLUE_BASE,adc_in_base
EUW1_7696237103,200,9,9.004283333333333,10637.0,2982.0,BOT_SIDE_NEAR,adc_dead_with_xy
EUW1_7696237184,200,10,10.004383333333333,13963.0,11066.0,RED_BASE,adc_in_base
EUW1_7696237184,200,11,11.0045,14212.0,13427.0,RED_BASE,adc_in_base
EUW1_7696237294,100,11,11.004283333333333,486.0,469.0,BLUE_BASE,adc_in_base
EUW1_7696237435,200,5,5.001216666666667,14143.0,13026.0,RED_BASE,adc_in_base
EUW1_7696237435,200,10,10.002,14092.0,12730.0,RED_BASE,adc_in_base
EUW1_7696237580,100,5,5.003066666666666,13210.0,3746.0,BOT_LANE_CORE,adc_dead_with_xy
EUW1_7696238101,200,9,9.003666666666666,14340.0,14391.0,RED_BASE,adc_in_base
EUW1_7696238262,100,10,10.004066666666667,959.0,585.0,BLUE_BASE,adc_in_base
EUW1_7696238262,200,9,9.0037,11833.0,2130.0,BOT_LANE_CORE,adc_dead_with_xy
EUW1_7696238461,100,10,10.004266666666666,12449.0,2576.0,BOT_LANE_CORE,adc_dead_with_xy
EUW1_7696238461,100,11,11.004583333333333,3737.0,760.0,BLUE_BASE,adc_in_base
EUW1_7696238461,200,8,8.003583333333333,14346.0,13845.0,RED_BASE,adc_in_base
EUW1_7696238461,200,9,9.003966666666667,10647.0,4792.0,DRAGON_AREA,adc_dead_with_xy
EUW1_7696239303,100,11,11.00475,2021.0,709.0,BLUE_BASE,adc_in_base
EUW1_7696239303,200,10,10.004666666666667,14340.0,14391.0,RED_BASE,adc_in_base
EUW1_7696239454,200,11,11.00565,14134.0,4936.0,BOT_LANE_CORE,adc_dead_with_xy
EUW1_7696240206,200,9,9.00295,14135.0,12276.0,RED_BASE,adc_in_base
EUW1_7696240206,200,11,11.003983333333334,13983.0,11041.0,RED_BASE,adc_in_base
EUW1_7696240567,200,11,11.005266666666667,10152.0,5997.0,BOT_SIDE_NEAR,adc_dead_with_xy
EUW1_7696241170,100,10,10.004433333333333,615.0,489.0,BLUE_BASE,adc_in_base
EUW1_7696241815,100,5,5.000616666666667,3737.0,891.0,BLUE_BASE,adc_in_base
EUW1_7696241815,200,10,10.00345,13382.0,3673.0,BOT_LANE_CORE,adc_dead_with_xy
EUW1_7696243536,200,6,6.001633333333333,14334.0,14391.0,RED_BASE,adc_in_base
EUW1_7696243976,200,8,8.00175,11691.0,1124.0,BOT_LANE_CORE,adc_dead_with_xy
EUW1_7696244327,100,7,7.003333333333333,14070.0,5468.0,BOT_LANE_CORE,adc_dead_with_xy
EUW1_7696244327,100,10,10.00385,12349.0,1281.0,BOT_LANE_CORE,adc_dead_with_xy
EUW1_7696247291,100,10,10.004616666666667,12574.0,1341.0,BOT_LANE_CORE,adc_dead_with_xy
EUW1_7696247291,200,8,8.003816666666667,11080.0,5290.0,BOT_SIDE_NEAR,adc_dead_with_xy
EUW1_7696248076,100,7,7.003666666666667,10588.0,1320.0,BOT_LANE_CORE,adc_dead_with_xy
EUW1_7696249282,100,10,10.004933333333334,13505.0,2792.0,BOT_LANE_CORE,adc_dead_with_xy
EUW1_7696249282,200,11,11.00495,14167.0,11410.0,RED_BASE,adc_in_base
EUW1_7696249411,100,5,5.002533333333333,10071.0,906.0,BOT_LANE_CORE,adc_dead_with_xy
EUW1_7696249411,200,9,9.003933333333332,12201.0,1936.0,BOT_LANE_CORE,adc_dead_with_xy
EUW1_7696249473,100,6,6.00125,3638.0,911.0,BLUE_BASE,adc_in_base
EUW1_7696249473,200,10,10.004066666666667,14264.0,12930.0,RED_BASE,adc_in_base
EUW1_7696250435,100,6,6.002866666666667,12923.0,1936.0,BOT_LANE_CORE,adc_dead_with_xy
EUW1_7696250736,100,10,10.004016666666667,1538.0,571.0,BLUE_BASE,adc_in_base
EUW1_7696250736,100,11,11.004366666666666,10908.0,907.0,BOT_LANE_CORE,adc_dead_with_xy
EUW1_7696250736,200,9,9.003983333333334,13164.0,2158.0,BOT_LANE_CORE,adc_dead_with_xy
EUW1_7696251206,200,10,10.0053,14011.0,11143.0,RED_BASE,adc_in_base
EUW1_7696251665,100,9,9.00385,2456.0,690.0,BLUE_BASE,adc_in_base
EUW1_7696251665,200,9,9.00385,9687.0,1464.0,BOT_LANE_CORE,adc_dead_with_xy
EUW1_7696252006,200,10,10.003833333333333,12155.0,1824.0,BOT_LANE_CORE,adc_dead_with_xy
EUW1_7696252515,200,11,11.00465,12136.0,2901.0,BOT_SIDE_NEAR,adc_dead_with_xy
EUW1_7696253690,100,7,7.0030833333333335,2893.0,795.0,BLUE_BASE,adc_in_base
EUW1_7696253690,100,8,8.003216666666667,10942.0,943.0,BOT_LANE_CORE,adc_dead_with_xy
EUW1_7696254966,100,10,10.00495,678.0,714.0,BLUE_BASE,adc_in_base
EUW1_7696255561,100,7,7.003316666666667,11203.0,3232.0,BOT_SIDE_NEAR,adc_dead_with_xy
EUW1_7696255561,200,7,7.003316666666667,11874.0,1276.0,BOT_LANE_CORE,adc_dead_with_xy
EUW1_7696255910,100,5,5.0026,10306.0,820.0,BOT_LANE_CORE,adc_dead_with_xy
EUW1_7696256148,200,6,6.001733333333333,14257.0,13536.0,RED_BASE,adc_in_base
EUW1_7696256148,200,7,7.00385,14087.0,12937.0,RED_BASE,adc_in_base
EUW1_7696257659,200,9,9.004066666666667,13954.0,11029.0,RED_BASE,adc_in_base
EUW1_7696257659,200,10,10.004133333333334,14226.0,11263.0,RED_BASE,adc_in_base
EUW1_7696257956,100,6,6.001266666666667,523.0,436.0,BLUE_BASE,adc_in_base
EUW1_7696257956,100,10,10.001833333333334,2543.0,652.0,BLUE_BASE,adc_in_base
EUW1_7696258313,100,6,6.003433333333334,731.0,549.0,BLUE_BASE,adc_in_base
EUW1_7696258313,100,11,11.004716666666667,2090.0,712.0,BLUE_BASE,adc_in_base
EUW1_7696258762,100,9,9.004966666666666,394.0,461.0,BLUE_BASE,adc_in_base
EUW1_7696258762,200,10,10.00515,10709.0,5092.0,BOT_SIDE_NEAR,adc_dead_with_xy
EUW1_7696259056,200,11,11.004233333333334,14340.0,14391.0,RED_BASE,adc_in_base
EUW1_7696259453,200,5,5.002716666666666,14340.0,14391.0,RED_BASE,adc_in_base
EUW1_7696259648,100,7,7.00345,12602.0,2886.0,BOT_LANE_CORE,adc_dead_with_xy
EUW1_7696259648,100,10,10.003916666666667,11586.0,1551.0,BOT_LANE_CORE,adc_dead_with_xy
EUW1_7696259648,200,5,5.0031,11943.0,1861.0,BOT_LANE_CORE,adc_dead_with_xy
EUW1_7696262077,200,6,6.00305,13669.0,13155.0,RED_BASE,adc_in_base
EUW1_7696262077,200,10,10.003916666666667,8473.0,2852.0,BLUE_BOT_JUNGLE,adc_dead_with_xy
EUW1_7696262134,100,10,10.004533333333333,2880.0,754.0,BLUE_BASE,adc_in_base
EUW1_7696264181,200,8,8.001533333333333,11473.0,1477.0,BOT_LANE_CORE,adc_dead_with_xy
EUW1_7696265807,100,9,9.003866666666667,1711.0,596.0,BLUE_BASE,adc_in_base
EUW1_7696265807,200,9,9.003866666666667,14340.0,14391.0,RED_BASE,adc_in_base
EUW1_7696266377,100,5,5.002716666666666,2710.0,823.0,BLUE_BASE,adc_in_base
EUW1_7696266652,100,6,6.001383333333333,1047.0,647.0,BLUE_BASE,adc_in_base
EUW1_7696266946,100,9,9.003616666666666,13366.0,1177.0,BOT_LANE_CORE,adc_dead_with_xy
EUW1_7696268077,200,11,11.004616666666667,14261.0,13567.0,RED_BASE,adc_in_base
EUW1_7696268382,100,7,7.0039,2361.0,645.0,BLUE_BASE,adc_in_base
EUW1_7696268382,100,11,11.00535,650.0,655.0,BLUE_BASE,adc_in_base
EUW1_7696268570,100,7,7.0030166666666664,2629.0,689.0,BLUE_BASE,adc_in_base
EUW1_7696269835,100,6,6.0032,10664.0,939.0,BOT_LANE_CORE,adc_dead_with_xy
EUW1_7696269835,200,5,5.002933333333333,14191.0,13528.0,RED_BASE,adc_in_base
EUW1_7696269937,100,8,8.003533333333333,1437.0,734.0,BLUE_BASE,adc_in_base
EUW1_7696269937,100,10,10.003733333333333,1862.0,570.0,BLUE_BASE,adc_in_base
EUW1_7696269937,200,6,6.00315,14078.0,12633.0,RED_BASE,adc_in_base
EUW1_7696270166,100,5,5.001033333333333,1468.0,642.0,BLUE_BASE,adc_in_base
EUW1_7696270166,100,7,7.00115,3205.0,804.0,BLUE_BASE,adc_in_base
EUW1_7696271228,100,9,9.003233333333334,3394.0,683.0,BLUE_BASE,adc_in_base
EUW1_7696271711,200,8,8.00385,14174.0,13728.0,RED_BASE,adc_in_base
EUW1_7696271802,200,11,11.005533333333334,13668.0,4940.0,BOT_LANE_CORE,adc_dead_with_xy
EUW1_7696271850,100,9,9.00405,394.0,461.0,BLUE_BASE,adc_in_base
EUW1_7696271850,100,10,10.00415,11709.0,2151.0,BOT_LANE_CORE,adc_dead_with_xy
EUW1_7696271894,100,11,11.005033333333333,1138.0,936.0,BLUE_BASE,adc_in_base
EUW1_7696271894,200,7,7.003666666666667,14096.0,12315.0,RED_BASE,adc_in_base
EUW1_7696271894,200,9,9.004083333333334,14112.0,12703.0,RED_BASE,adc_in_base
EUW1_7696272085,200,7,7.003616666666667,14340.0,14391.0,RED_BASE,adc_in_base
EUW1_7696272302,200,11,11.004433333333333,14276.0,14065.0,RED_BASE,adc_in_base
EUW1_7696273005,100,10,10.004683333333332,3739.0,891.0,BLUE_BASE,adc_in_base
EUW1_7696273043,200,9,9.00335,11445.0,1386.0,BOT_LANE_CORE,adc_dead_with_xy
EUW1_7696273673,100,8,8.0043,12723.0,1330.0,BOT_LANE_CORE,adc_dead_with_xy
EUW1_7696273780,200,10,10.003933333333332,14212.0,13763.0,RED_BASE,adc_in_base
EUW1_7696274186,100,7,7.004416666666667,3371.0,683.0,BLUE_BASE,adc_in_base
EUW1_7696274291,100,9,9.003466666666666,11205.0,3921.0,BOT_SIDE_NEAR,adc_dead_with_xy
EUW1_7696274291,200,7,7.003116666666667,14127.0,13487.0,RED_BASE,adc_in_base
EUW1_7696274291,200,9,9.003466666666666,11278.0,3376.0,BOT_SIDE_NEAR,adc_dead_with_xy
EUW1_7696274291,200,11,11.004133333333334,11772.0,1268.0,BOT_LANE_CORE,adc_dead_with_xy
EUW1_7696274345,100,5,5.000816666666666,394.0,461.0,BLUE_BASE,adc_in_base
EUW1_7696275271,100,11,11.00505,10325.0,1228.0,BOT_LANE_CORE,adc_dead_with_xy
EUW1_7696275321,100,5,5.00275,9480.0,1614.0,BOT_LANE_CORE,adc_dead_with_xy
EUW1_7696275321,100,11,11.003533333333333,12756.0,3284.0,BOT_LANE_CORE,adc_dead_with_xy
EUW1_7696275984,100,11,11.004283333333333,13569.0,3387.0,BOT_LANE_CORE,adc_dead_with_xy
EUW1_7696276068,100,10,10.004316666666666,13594.0,4544.0,BOT_LANE_CORE,adc_dead_with_xy
EUW1_7696276068,200,10,10.004316666666666,14054.0,4345.0,BOT_LANE_CORE,adc_dead_with_xy
EUW1_7696276355,100,10,10.003666666666666,2753.0,680.0,BLUE_BASE,adc_in_base
EUW1_7696276355,200,11,11.0041,11979.0,4632.0,BOT_SIDE_NEAR,adc_dead_with_xy
EUW1_7696276421,200,5,5.001416666666667,14230.0,13325.0,RED_BASE,adc_in_base
EUW1_7696277031,100,6,6.002633333333334,2338.0,605.0,BLUE_BASE,adc_in_base
EUW1_7696277209,100,11,11.005233333333333,12296.0,1589.0,BOT_LANE_CORE,adc_dead_with_xy
EUW1_7696277209,200,5,5.0034,14156.0,13562.0,RED_BASE,adc_in_base
EUW1_7696277209,200,9,9.004316666666666,13949.0,11521.0,RED_BASE,adc_in_base
EUW1_7696277209,200,10,10.004716666666667,14372.0,13706.0,RED_BASE,adc_in_base
EUW1_7696277228,200,10,10.003416666666666,14145.0,12677.0,RED_BASE,adc_in_base
EUW1_7696278010,100,6,6.003216666666667,2453.0,646.0,BLUE_BASE,adc_in_base
EUW1_7696278655,200,9,9.005066666666666,13971.0,12850.0,RED_BASE,adc_in_base
EUW1_7696278746,200,8,8.00345,13990.0,4788.0,BOT_LANE_CORE,adc_dead_with_xy
EUW1_7696279154,100,10,10.005016666666666,586.0,512.0,BLUE_BASE,adc_in_base
EUW1_7696279154,200,6,6.001766666666667,14070.0,12552.0,RED_BASE,adc_in_base
EUW1_7696279163,100,7,7.003566666666667,1284.0,583.0,BLUE_BASE,adc_in_base
EUW1_7696279163,200,5,5.00265,14243.0,13564.0,RED_BASE,adc_in_base
EUW1_7696279352,200,10,10.003933333333332,11974.0,3641.0,BOT_SIDE_NEAR,adc_dead_with_xy
EUW1_7696279942,100,9,9.004416666666666,924.0,564.0,BLUE_BASE,adc_in_base
EUW1_7696279942,200,6,6.002933333333333,14153.0,13511.0,RED_BASE,adc_in_base
EUW1_7696279942,200,8,8.004333333333333,13958.0,11947.0,RED_BASE,adc_in_base
EUW1_7696281940,200,9,9.0035,14220.0,12922.0,RED_BASE,adc_in_base
EUW1_7696282638,100,8,8.003966666666667,394.0,461.0,BLUE_BASE,adc_in_base
EUW1_7696282638,200,9,9.003983333333334,13395.0,1672.0,BOT_LANE_CORE,adc_dead_with_xy
EUW1_7696282693,200,5,5.00085,14067.0,12865.0,RED_BASE,adc_in_base
EUW1_7696283377,100,7,7.003966666666667,11316.0,4564.0,BOT_SIDE_NEAR,adc_dead_with_xy
EUW1_7696284084,200,5,5.002833333333333,14164.0,12687.0,RED_BASE,adc_in_base
EUW1_7696284865,100,10,10.0021,1070.0,577.0,BLUE_BASE,adc_in_base
EUW1_7696285092,200,10,10.0046,13922.0,13559.0,RED_BASE,adc_in_base
EUW1_7696285918,200,10,10.003716666666667,14075.0,5103.0,BOT_LANE_CORE,adc_dead_with_xy
EUW1_7696286568,100,5,5.001,13080.0,2220.0,BOT_LANE_CORE,adc_dead_with_xy
EUW1_7696286568,200,9,9.003616666666666,14088.0,11602.0,RED_BASE,adc_in_base
EUW1_7696287086,200,7,7.0034,14194.0,13188.0,RED_BASE,adc_in_base
EUW1_7696287086,200,9,9.00425,14287.0,14035.0,RED_BASE,adc_in_base
EUW1_7696287221,100,11,11.0037,2654.0,1241.0,BLUE_BASE,adc_in_base
EUW1_7696287918,100,5,5.0027,12782.0,2126.0,BOT_LANE_CORE,adc_dead_with_xy
EUW1_7696287918,200,10,10.004383333333333,14318.0,13938.0,RED_BASE,adc_in_base
EUW1_7696287918,200,11,11.00445,14202.0,11814.0,RED_BASE,adc_in_base
EUW1_7696288868,100,9,9.004433333333333,6997.0,1316.0,BOT_LANE_CORE,adc_dead_with_xy
EUW1_7696289341,200,8,8.004566666666667,10592.0,1745.0,BOT_LANE_CORE,adc_dead_with_xy
EUW1_7696290653,100,5,5.001416666666667,10617.0,1523.0,BOT_LANE_CORE,adc_dead_with_xy
EUW1_7696291016,100,9,9.0038,11872.0,1122.0,BOT_LANE_CORE,adc_dead_with_xy
EUW1_7696291636,200,5,5.0029,13981.0,11073.0,RED_BASE,adc_in_base
EUW1_7696291853,100,7,7.003,3354.0,752.0,BLUE_BASE,adc_in_base
EUW1_7696291853,200,7,7.003,14340.0,14391.0,RED_BASE,adc_in_base
EUW1_7696293200,200,8,8.002033333333333,14340.0,14391.0,RED_BASE,adc_in_base
EUW1_7696293293,100,10,10.005116666666666,2534.0,727.0,BLUE_BASE,adc_in_base
EUW1_7696293430,200,6,6.000933333333333,14257.0,12680.0,RED_BASE,adc_in_base
EUW1_7696293661,200,9,9.004083333333334,14180.0,13110.0,RED_BASE,adc_in_base
EUW1_7696293661,200,11,11.0048,13852.0,3408.0,BOT_LANE_CORE,adc_dead_with_xy
EUW1_7696294177,100,6,6.002783333333333,10730.0,868.0,BOT_LANE_CORE,adc_dead_with_xy
EUW1_7696294414,100,7,7.00375,10706.0,920.0,BOT_LANE_CORE,adc_dead_with_xy
EUW1_7696294414,200,11,11.0051,14266.0,13929.0,RED_BASE,adc_in_base
EUW1_7696294434,200,8,8.001683333333334,14340.0,14391.0,RED_BASE,adc_in_base
EUW1_7696295014,200,11,11.004533333333333,14106.0,4745.0,BOT_LANE_CORE,adc_dead_with_xy
EUW1_7696295124,200,10,10.003733333333333,14111.0,4401.0,BOT_LANE_CORE,adc_dead_with_xy
EUW1_7696295629,100,11,11.003833333333333,10310.0,819.0,BOT_LANE_CORE,adc_dead_with_xy
EUW1_7696296767,100,7,7.00385,2731.0,783.0,BLUE_BASE,adc_in_base
EUW1_7696296767,200,6,6.003716666666667,14301.0,14043.0,RED_BASE,adc_in_base
EUW1_7696297248,200,7,7.0032,14147.0,12344.0,RED_BASE,adc_in_base
EUW1_7696297551,100,5,5.002866666666667,10538.0,871.0,BOT_LANE_CORE,adc_dead_with_xy
EUW1_7696297551,100,6,6.0034,12701.0,4174.0,BOT_SIDE_NEAR,adc_dead_with_xy
EUW1_7696299675,100,5,5.003383333333334,510.0,543.0,BLUE_BASE,adc_in_base
EUW1_7696299952,100,9,9.00405,12519.0,4518.0,BOT_SIDE_NEAR,adc_dead_with_xy
EUW1_7696300608,200,10,10.00425,12611.0,2333.0,BOT_LANE_CORE,adc_dead_with_xy
EUW1_7696300742,100,9,9.005633333333334,844.0,413.0,BLUE_BASE,adc_in_base
EUW1_7696300742,200,6,6.004266666666667,12352.0,1538.0,BOT_LANE_CORE,adc_dead_with_xy
EUW1_7696301100,200,9,9.004316666666666,13892.0,11761.0,RED_BASE,adc_in_base
EUW1_7696301672,100,10,10.004816666666667,2284.0,1514.0,BLUE_BASE,adc_in_base
EUW1_7696301893,200,9,9.003883333333333,14306.0,14102.0,RED_BASE,adc_in_base
EUW1_7696302169,100,5,5.0024,11276.0,1689.0,BOT_LANE_CORE,adc_dead_with_xy
EUW1_7696302169,100,11,11.00505,12442.0,1949.0,BOT_LANE_CORE,adc_dead_with_xy
EUW1_7696303350,100,9,9.00455,1820.0,823.0,BLUE_BASE,adc_in_base
EUW1_7696303350,200,6,6.0038,13541.0,1664.0,BOT_LANE_CORE,adc_dead_with_xy
EUW1_7696303846,100,6,6.0017,13788.0,3210.0,BOT_LANE_CORE,adc_dead_with_xy
EUW1_7696303846,200,5,5.001266666666667,14113.0,11559.0,RED_BASE,adc_in_base
EUW1_7696303846,200,9,9.003516666666666,14284.0,13635.0,RED_BASE,adc_in_base
EUW1_7696303916,100,9,9.0038,13046.0,3620.0,BOT_LANE_CORE,adc_dead_with_xy
EUW1_7696303916,200,9,9.0038,14087.0,4727.0,BOT_LANE_CORE,adc_dead_with_xy
EUW1_7696303916,200,11,11.00435,14249.0,13864.0,RED_BASE,adc_in_base
EUW1_7696304438,100,7,7.004333333333333,1229.0,755.0,BLUE_BASE,adc_in_base
EUW1_7696304661,200,9,9.005883333333333,14115.0,11435.0,RED_BASE,adc_in_base
EUW1_7696305586,200,7,7.0032,12459.0,1820.0,BOT_LANE_CORE,adc_dead_with_xy
EUW1_7696305625,100,10,10.0048,10537.0,1163.0,BOT_LANE_CORE,adc_dead_with_xy
EUW1_7696305994,100,5,5.002916666666667,13509.0,3159.0,BOT_LANE_CORE,adc_dead_with_xy
EUW1_7696305994,200,8,8.003583333333333,14324.0,14152.0,RED_BASE,adc_in_base
EUW1_7696305994,200,11,11.004316666666666,14092.0,11360.0,RED_BASE,adc_in_base
EUW1_7696306092,200,8,8.003833333333333,13128.0,3296.0,BOT_LANE_CORE,adc_dead_with_xy
EUW1_7696306092,200,11,11.004633333333333,14098.0,4914.0,BOT_LANE_CORE,adc_dead_with_xy
EUW1_7696306394,200,8,8.001616666666667,14146.0,11316.0,RED_BASE,adc_in_base
EUW1_7696306394,200,11,11.0046,14324.0,14264.0,RED_BASE,adc_in_base
EUW1_7696307795,100,9,9.004333333333333,14068.0,5148.0,BOT_LANE_CORE,adc_dead_with_xy
EUW1_7696307795,200,6,6.003216666666667,14228.0,13214.0,RED_BASE,adc_in_base
EUW1_7696308161,100,8,8.001633333333332,3419.0,840.0,BLUE_BASE,adc_in_base
EUW1_7696309155,200,10,10.00475,14090.0,11666.0,RED_BASE,adc_in_base
EUW1_7696309541,200,9,9.002133333333333,14076.0,12248.0,RED_BASE,adc_in_base
EUW1_7696309585,100,8,8.003516666666666,2813.0,792.0,BLUE_BASE,adc_in_base
EUW1_7696309794,200,9,9.004066666666667,13518.0,3664.0,BOT_LANE_CORE,adc_dead_with_xy
EUW1_7696310326,200,6,6.0036,11894.0,3892.0,BOT_SIDE_NEAR,adc_dead_with_xy
EUW1_7696311137,100,10,10.0047,2667.0,634.0,BLUE_BASE,adc_in_base
EUW1_7696311364,200,6,6.003266666666667,10701.0,5423.0,BOT_SIDE_NEAR,adc_dead_with_xy
EUW1_7696311466,100,8,8.00425,1199.0,524.0,BLUE_BASE,adc_in_base
EUW1_7696313335,200,7,7.000983333333333,14020.0,12999.0,RED_BASE,adc_in_base
EUW1_7696313867,100,10,10.004583333333333,2692.0,655.0,BLUE_BASE,adc_in_base
EUW1_7696313926,200,8,8.00355,14032.0,4830.0,BOT_LANE_CORE,adc_dead_with_xy
EUW1_7696313926,200,10,10.004483333333333,14122.0,4947.0,BOT_LANE_CORE,adc_dead_with_xy
EUW1_7696313967,100,9,9.0038,2500.0,682.0,BLUE_BASE,adc_in_base
EUW1_7696313967,200,8,8.001916666666666,14241.0,12852.0,RED_BASE,adc_in_base
EUW1_7696315736,100,5,5.0032,2494.0,599.0,BLUE_BASE,adc_in_base
EUW1_7696315736,100,6,6.003616666666667,12131.0,1357.0,BOT_LANE_CORE,adc_dead_with_xy
EUW1_7696315736,200,6,6.003616666666667,12791.0,1537.0,BOT_LANE_CORE,adc_dead_with_xy
EUW1_7696316091,100,10,10.004266666666666,13233.0,3008.0,BOT_LANE_CORE,adc_dead_with_xy
EUW1_7696316328,100,10,10.0042,2285.0,1186.0,BLUE_BASE,adc_in_base
EUW1_7696316489,100,8,8.003433333333334,728.0,499.0,BLUE_BASE,adc_in_base
EUW1_7696316567,200,7,7.0033,14300.0,13319.0,RED_BASE,adc_in_base
EUW1_7696316886,100,7,7.0035,12047.0,2662.0,BOT_SIDE_NEAR,adc_dead_with_xy
EUW1_7696316886,200,7,7.0035,12824.0,2832.0,BOT_LANE_CORE,adc_dead_with_xy
EUW1_7696317290,100,9,9.003633333333333,3003.0,698.0,BLUE_BASE,adc_in_base
EUW1_7696317290,100,10,10.004,11306.0,1271.0,BOT_LANE_CORE,adc_dead_with_xy
EUW1_7696317878,100,8,8.0052,1532.0,592.0,BLUE_BASE,adc_in_base
EUW1_7696319923,100,6,6.00325,2593.0,780.0,BLUE_BASE,adc_in_base
EUW1_7696319923,100,7,7.003466666666666,13361.0,5212.0,BOT_LANE_CORE,adc_dead_with_xy
EUW1_7696319923,200,7,7.003466666666666,14112.0,4592.0,BOT_LANE_CORE,adc_dead_with_xy
EUW1_7696319923,200,8,8.004016666666667,12621.0,2613.0,BOT_LANE_CORE,adc_dead_with_xy
EUW1_7696320155,100,9,9.003766666666667,394.0,461.0,BLUE_BASE,adc_in_base
EUW1_7696320155,200,8,8.00375,14267.0,12896.0,RED_BASE,adc_in_base
EUW1_7696320178,100,7,7.001566666666666,10774.0,927.0,BOT_LANE_CORE,adc_dead_with_xy
EUW1_7696320178,200,5,5.001266666666667,12505.0,1592.0,BOT_LANE_CORE,adc_dead_with_xy
EUW1_7696320261,200,10,10.004133333333334,13939.0,4079.0,BOT_LANE_CORE,adc_dead_with_xy
EUW1_7696320679,200,9,9.0019,13838.0,5316.0,BOT_LANE_CORE,adc_dead_with_xy
EUW1_7696320726,100,9,9.004616666666667,528.0,496.0,BLUE_BASE,adc_in_base
EUW1_7696322329,100,9,9.00365,10983.0,901.0,BOT_LANE_CORE,adc_dead_with_xy
EUW1_7696322836,100,8,8.003816666666667,11352.0,1562.0,BOT_LANE_CORE,adc_dead_with_xy
EUW1_7696322836,100,11,11.00425,732.0,499.0,BLUE_BASE,adc_in_base
EUW1_7696324514,100,6,6.0030833333333335,10669.0,940.0,BOT_LANE_CORE,adc_dead_with_xy
EUW1_7696324818,100,5,5.003466666666666,3310.0,1435.0,BLUE_BASE,adc_in_base
EUW1_7696325236,100,5,5.0030833333333335,1949.0,571.0,BLUE_BASE,adc_in_base
EUW1_7696326089,100,11,11.0049,11595.0,6663.0,RED_BOT_JUNGLE,adc_dead_with_xy
EUW1_7696326089,200,11,11.0049,14283.0,13745.0,RED_BASE,adc_in_base
EUW1_7696326571,200,7,7.003666666666667,14045.0,4156.0,BOT_LANE_CORE,adc_dead_with_xy
EUW1_7696326641,100,11,11.005033333333333,10347.0,1196.0,BOT_LANE_CORE,adc_dead_with_xy
EUW1_7696326832,100,11,11.003716666666667,12244.0,1186.0,BOT_LANE_CORE,adc_dead_with_xy
EUW1_7696326832,200,8,8.0018,14240.0,12916.0,RED_BASE,adc_in_base
EUW1_7696327681,100,5,5.003133333333333,12056.0,1342.0,BOT_LANE_CORE,adc_dead_with_xy
EUW1_7696327681,100,9,9.00405,3405.0,924.0,BLUE_BASE,adc_in_base
EUW1_7696327845,100,6,6.0031,10745.0,1210.0,BOT_LANE_CORE,adc_dead_with_xy
EUW1_7696329387,200,5,5.0025,14340.0,14391.0,RED_BASE,adc_in_base
EUW1_7696329583,100,8,8.003666666666666,12394.0,3715.0,BOT_SIDE_NEAR,adc_dead_with_xy
EUW1_7696331650,100,9,9.004416666666666,11640.0,1957.0,BOT_LANE_CORE,adc_dead_with_xy
EUW1_7696331650,200,7,7.003633333333333,14340.0,14391.0,RED_BASE,adc_in_base
EUW1_7696331832,100,5,5.003383333333334,1904.0,584.0,BLUE_BASE,adc_in_base
EUW1_7696331860,100,8,8.004083333333334,8266.0,797.0,BOT_LANE_CORE,adc_dead_with_xy
EUW1_7696332186,100,9,9.003783333333333,1040.0,610.0,BLUE_BASE,adc_in_base
EUW1_7696332186,100,11,11.004416666666666,12300.0,3143.0,BOT_SIDE_NEAR,adc_dead_with_xy
EUW1_7696332186,200,9,9.003783333333333,14090.0,11610.0,RED_BASE,adc_in_base
EUW1_7696332204,200,7,7.00355,14232.0,13516.0,RED_BASE,adc_in_base
EUW1_7696333620,100,6,6.0014,394.0,461.0,BLUE_BASE,adc_in_base
EUW1_7696334401,100,8,8.00295,394.0,461.0,BLUE_BASE,adc_in_base
EUW1_7696334921,100,11,11.004133333333334,3668.0,1063.0,BLUE_BASE,adc_in_base
EUW1_7696334921,200,10,10.004133333333334,14209.0,12616.0,RED_BASE,adc_in_base
EUW1_7696335758,100,10,10.004066666666667,394.0,461.0,BLUE_BASE,adc_in_base
EUW1_7696335826,100,5,5.003416666666666,1811.0,607.0,BLUE_BASE,adc_in_base
EUW1_7696335826,100,8,8.003983333333334,3401.0,1486.0,BLUE_BASE,adc_in_base
EUW1_7696336397,100,7,7.003333333333333,1945.0,589.0,BLUE_BASE,adc_in_base
EUW1_7696336735,100,6,6.00355,739.0,510.0,BLUE_BASE,adc_in_base
EUW1_7696336968,100,10,10.004916666666666,10116.0,811.0,BOT_LANE_CORE,adc_dead_with_xy
EUW1_7696337066,100,11,11.004333333333333,3596.0,932.0,BLUE_BASE,adc_in_base
EUW1_7696337072,200,10,10.004516666666667,14035.0,4560.0,BOT_LANE_CORE,adc_dead_with_xy
EUW1_7696338392,200,7,7.003966666666667,14340.0,14391.0,RED_BASE,adc_in_base
EUW1_7696338619,200,6,6.0039,14266.0,14029.0,RED_BASE,adc_in_base
EUW1_7696338999,100,10,10.00425,12707.0,3002.0,BOT_LANE_CORE,adc_dead_with_xy
EUW1_7696340654,100,8,8.004,2117.0,682.0,BLUE_BASE,adc_in_base
EUW1_7696340743,200,7,7.0033,12218.0,1831.0,BOT_LANE_CORE,adc_dead_with_xy
EUW1_7696340743,200,10,10.003766666666667,14158.0,13492.0,RED_BASE,adc_in_base
EUW1_7696340788,100,10,10.003366666666667,2737.0,767.0,BLUE_BASE,adc_in_base
EUW1_7696342144,100,10,10.00235,1387.0,541.0,BLUE_BASE,adc_in_base
EUW1_7696342609,100,6,6.003166666666667,2478.0,618.0,BLUE_BASE,adc_in_base
EUW1_7696343201,200,10,10.0039,14118.0,4903.0,BOT_LANE_CORE,adc_dead_with_xy
EUW1_7696344468,100,9,9.004033333333334,2541.0,750.0,BLUE_BASE,adc_in_base
EUW1_7696344468,200,6,6.003166666666667,14340.0,14391.0,RED_BASE,adc_in_base
EUW1_7696344552,100,6,6.004033333333333,12863.0,1591.0,BOT_LANE_CORE,adc_dead_with_xy
EUW1_7696345152,200,7,7.00325,14019.0,12132.0,RED_BASE,adc_in_base
EUW1_7696345665,100,5,5.000766666666666,498.0,499.0,BLUE_BASE,adc_in_base
EUW1_7696345665,100,11,11.004233333333334,3044.0,707.0,BLUE_BASE,adc_in_base
EUW1_7696345665,200,7,7.0028,14182.0,12475.0,RED_BASE,adc_in_base
EUW1_7696345665,200,9,9.00355,12753.0,1763.0,BOT_LANE_CORE,adc_dead_with_xy
EUW1_7696346086,100,8,8.001483333333333,884.0,611.0,BLUE_BASE,adc_in_base
EUW1_7696346086,100,11,11.004133333333334,2264.0,670.0,BLUE_BASE,adc_in_base
EUW1_7696346407,200,8,8.003466666666666,14041.0,11507.0,RED_BASE,adc_in_base
EUW1_7696346407,200,11,11.004033333333334,14012.0,11576.0,RED_BASE,adc_in_base
EUW1_7696348093,200,7,7.0038,11655.0,1386.0,BOT_LANE_CORE,adc_dead_with_xy
EUW1_7696348218,100,5,5.00075,11243.0,1903.0,BOT_LANE_CORE,adc_dead_with_xy
EUW1_7696348218,100,6,6.0008333333333335,13398.0,2664.0,BOT_LANE_CORE,adc_dead_with_xy
EUW1_7696348218,200,11,11.0036,14130.0,13345.0,RED_BASE,adc_in_base
EUW1_7696349587,200,9,9.004266666666666,14265.0,13506.0,RED_BASE,adc_in_base
EUW1_7696349587,200,11,11.004483333333333,14084.0,14083.0,RED_BASE,adc_in_base
EUW1_7696349669,100,10,10.004366666666666,3067.0,810.0,BLUE_BASE,adc_in_base
EUW1_7696350486,200,6,6.003716666666667,13953.0,4046.0,BOT_LANE_CORE,adc_dead_with_xy
EUW1_7696351035,100,7,7.00415,1244.0,574.0,BLUE_BASE,adc_in_base
EUW1_7696351035,200,9,9.00495,13072.0,4151.0,BOT_LANE_CORE,adc_dead_with_xy
EUW1_7696351098,100,9,9.004133333333334,7596.0,1478.0,BOT_LANE_CORE,adc_dead_with_xy
EUW1_7696351098,200,8,8.002083333333333,14295.0,14037.0,RED_BASE,adc_in_base
EUW1_7696351121,200,5,5.001283333333333,13959.0,11149.0,RED_BASE,adc_in_base
EUW1_7696351121,200,8,8.00405,14385.0,14192.0,RED_BASE,adc_in_base
EUW1_7696351121,200,10,10.005066666666666,14340.0,14391.0,RED_BASE,adc_in_base
EUW1_7696351273,100,7,7.003683333333333,2808.0,641.0,BLUE_BASE,adc_in_base
EUW1_7696351273,200,9,9.00445,14075.0,11195.0,RED_BASE,adc_in_base
EUW1_7696351344,200,5,5.002866666666667,14470.0,14054.0,RED_BASE,adc_in_base
EUW1_7696351344,200,7,7.003466666666666,13185.0,4517.0,BOT_LANE_CORE,adc_dead_with_xy
EUW1_7696351344,200,9,9.00405,14035.0,4842.0,BOT_LANE_CORE,adc_dead_with_xy
EUW1_7696351694,200,11,11.005133333333333,11792.0,2979.0,BOT_SIDE_NEAR,adc_dead_with_xy
EUW1_7696351704,100,11,11.004883333333334,1514.0,1018.0,BLUE_BASE,adc_in_base
EUW1_7696351704,200,10,10.004616666666667,14261.0,13706.0,RED_BASE,adc_in_base
EUW1_7696351800,200,5,5.0027333333333335,14119.0,12186.0,RED_BASE,adc_in_base
EUW1_7696352467,100,8,8.004066666666667,1953.0,732.0,BLUE_BASE,adc_in_base
EUW1_7696352467,200,5,5.00305,14066.0,4556.0,BOT_LANE_CORE,adc_dead_with_xy
EUW1_7696352467,200,10,10.00445,14209.0,12046.0,RED_BASE,adc_in_base
EUW1_7696352518,200,6,6.0038,14120.0,12541.0,RED_BASE,adc_in_base
EUW1_7696352518,200,9,9.004366666666666,14273.0,13492.0,RED_BASE,adc_in_base
EUW1_7696353174,100,10,10.004666666666667,3496.0,679.0,BLUE_BASE,adc_in_base
EUW1_7696354616,200,9,9.003933333333332,14254.0,12299.0,RED_BASE,adc_in_base
EUW1_7696355205,100,9,9.004283333333333,10282.0,835.0,BOT_LANE_CORE,adc_dead_with_xy
EUW1_7696355402,100,10,10.0044,10814.0,1555.0,BOT_LANE_CORE,adc_dead_with_xy
EUW1_7696355404,100,6,6.001416666666667,12736.0,2130.0,BOT_LANE_CORE,adc_dead_with_xy
EUW1_7696355404,200,8,8.003416666666666,13926.0,11265.0,RED_BASE,adc_in_base
EUW1_7696356196,100,6,6.003133333333333,8251.0,1240.0,BOT_LANE_CORE,adc_dead_with_xy
EUW1_7696356196,100,11,11.00415,2720.0,781.0,BLUE_BASE,adc_in_base
EUW1_7696357684,200,7,7.001916666666666,14194.0,13185.0,RED_BASE,adc_in_base
EUW1_7696358992,200,6,6.00275,13335.0,10968.0,RED_BASE,adc_in_base
EUW1_7696359396,200,8,8.00495,14138.0,12839.0,RED_BASE,adc_in_base
EUW1_7696359736,200,6,6.002916666666667,14277.0,13791.0,RED_BASE,adc_in_base
EUW1_7696359761,100,10,10.004416666666666,1305.0,670.0,BLUE_BASE,adc_in_base
EUW1_7696359761,200,6,6.001333333333333,12323.0,4388.0,BOT_SIDE_NEAR,adc_dead_with_xy
EUW1_7696360006,100,8,8.003316666666667,1645.0,639.0,BLUE_BASE,adc_in_base
EUW1_7696360097,100,9,9.003266666666667,394.0,461.0,BLUE_BASE,adc_in_base
EUW1_7696360097,200,6,6.0011,13706.0,3593.0,BOT_LANE_CORE,adc_dead_with_xy
EUW1_7696360097,200,11,11.003883333333333,12064.0,1206.0,BOT_LANE_CORE,adc_dead_with_xy
EUW1_7696362091,100,9,9.00405,394.0,461.0,BLUE_BASE,adc_in_base
EUW1_7696362287,200,5,5.0011,12767.0,2123.0,BOT_LANE_CORE,adc_dead_with_xy
EUW1_7696363012,200,11,11.00435,14285.0,13949.0,RED_BASE,adc_in_base
EUW1_7696363616,100,7,7.0037666666666665,1299.0,579.0,BLUE_BASE,adc_in_base
EUW1_7696363616,100,9,9.00475,666.0,464.0,BLUE_BASE,adc_in_base
EUW1_7696363616,100,11,11.005483333333334,3244.0,769.0,BLUE_BASE,adc_in_base
EUW1_7696364098,100,5,5.002666666666666,2279.0,649.0,BLUE_BASE,adc_in_base
EUW1_7696365783,200,9,9.004233333333334,14064.0,12080.0,RED_BASE,adc_in_base
EUW1_7696365846,100,5,5.000933333333333,3232.0,919.0,BLUE_BASE,adc_in_base
EUW1_7696366402,200,5,5.003266666666667,14024.0,12039.0,RED_BASE,adc_in_base
EUW1_7696366405,200,5,5.001116666666666,13159.0,2387.0,BOT_LANE_CORE,adc_dead_with_xy
EUW1_7696366443,100,8,8.003833333333333,10150.0,831.0,BOT_LANE_CORE,adc_dead_with_xy
EUW1_7696366443,200,5,5.00285,14043.0,11328.0,RED_BASE,adc_in_base
EUW1_7696366528,100,9,9.003733333333333,742.0,541.0,BLUE_BASE,adc_in_base
EUW1_7696368673,100,8,8.00335,1277.0,614.0,BLUE_BASE,adc_in_base
EUW1_7696368673,100,9,9.0034,1907.0,671.0,BLUE_BASE,adc_in_base
EUW1_7696368723,100,10,10.002516666666667,1237.0,11575.0,TOP_LANE_CORE,adc_dead_with_xy
EUW1_7696368723,200,6,6.001616666666667,12184.0,2604.0,BOT_LANE_CORE,adc_dead_with_xy
EUW1_7696368840,100,7,7.00315,3678.0,917.0,BLUE_BASE,adc_in_base
EUW1_7696368954,200,9,9.0031,14018.0,6429.0,BOT_LANE_CORE,adc_dead_with_xy
EUW1_7696369042,100,9,9.003033333333333,765.0,562.0,BLUE_BASE,adc_in_base
EUW1_7696369054,200,9,9.003966666666667,11869.0,2798.0,BOT_SIDE_NEAR,adc_dead_with_xy
EUW1_7696369620,100,11,11.004283333333333,1302.0,554.0,BLUE_BASE,adc_in_base
EUW1_7696369620,200,8,8.0036,13535.0,2493.0,BOT_LANE_CORE,adc_dead_with_xy
EUW1_7696369840,200,5,5.0031,14195.0,13573.0,RED_BASE,adc_in_base
EUW1_7696370643,200,11,11.00465,14250.0,13367.0,RED_BASE,adc_in_base
EUW1_7696371570,100,10,10.003766666666667,10819.0,932.0,BOT_LANE_CORE,adc_dead_with_xy
EUW1_7696371570,200,11,11.00385,13976.0,11381.0,RED_BASE,adc_in_base
EUW1_7696372600,100,9,9.004233333333334,394.0,461.0,BLUE_BASE,adc_in_base
EUW1_7696373000,100,6,6.003283333333333,10733.0,4557.0,DRAGON_AREA,adc_dead_with_xy
EUW1_7696373000,200,8,8.003666666666666,14129.0,12734.0,RED_BASE,adc_in_base
EUW1_7696375248,100,5,5.002716666666666,1395.0,584.0,BLUE_BASE,adc_in_base
EUW1_7696375248,100,11,11.005183333333333,2587.0,631.0,BLUE_BASE,adc_in_base
EUW1_7696376316,200,6,6.0037666666666665,14408.0,13930.0,RED_BASE,adc_in_base
EUW1_7696377121,100,6,6.003316666666667,2807.0,784.0,BLUE_BASE,adc_in_base
EUW1_7696377121,200,11,11.004166666666666,14340.0,14391.0,RED_BASE,adc_in_base
EUW1_7696378457,200,6,6.002766666666667,14266.0,13596.0,RED_BASE,adc_in_base
EUW1_7696378457,200,11,11.0045,14075.0,12597.0,RED_BASE,adc_in_base
EUW1_7696378808,100,9,9.00145,394.0,461.0,BLUE_BASE,adc_in_base
EUW1_7696379728,200,5,5.00295,14340.0,14391.0,RED_BASE,adc_in_base
EUW1_7696379731,100,6,6.003616666666667,2505.0,664.0,BLUE_BASE,adc_in_base
EUW1_7696380885,100,7,7.004,10948.0,895.0,BOT_LANE_CORE,adc_dead_with_xy
EUW1_7696380885,100,11,11.0053,11927.0,2549.0,BOT_SIDE_NEAR,adc_dead_with_xy
EUW1_7696380885,200,10,10.004783333333334,13839.0,11134.0,RED_BASE,adc_in_base
EUW1_7696381685,100,6,6.004066666666667,2069.0,712.0,BLUE_BASE,adc_in_base
EUW1_7696381685,100,10,10.005033333333333,12378.0,5065.0,BOT_SIDE_NEAR,adc_dead_with_xy
EUW1_7696381685,200,8,8.0044,14024.0,5180.0,BOT_LANE_CORE,adc_dead_with_xy
EUW1_7696381685,200,11,11.0055,14306.0,13518.0,RED_BASE,adc_in_base
EUW1_7696381913,100,7,7.003916666666667,1347.0,2022.0,BLUE_BASE,adc_in_base
EUW1_7696381913,100,8,8.003933333333332,1844.0,756.0,BLUE_BASE,adc_in_base
EUW1_7696381913,200,10,10.004883333333334,13369.0,11161.0,RED_BASE,adc_in_base
EUW1_7696382208,200,6,6.0030833333333335,14051.0,4435.0,BOT_LANE_CORE,adc_dead_with_xy
EUW1_7696382461,200,11,11.004933333333334,14121.0,11413.0,RED_BASE,adc_in_base
EUW1_7696383156,100,9,9.002983333333333,575.0,530.0,BLUE_BASE,adc_in_base
EUW1_7696383295,100,9,9.00455,2848.0,814.0,BLUE_BASE,adc_in_base
EUW1_7696383298,100,9,9.004733333333334,2919.0,672.0,BLUE_BASE,adc_in_base
EUW1_7696383298,200,5,5.003383333333334,13314.0,10932.0,RED_BASE,adc_in_base
EUW1_7696384289,100,5,5.003633333333333,3238.0,661.0,BLUE_BASE,adc_in_base
EUW1_7696384289,200,10,10.004433333333333,12774.0,2007.0,BOT_LANE_CORE,adc_dead_with_xy
EUW1_7696384773,100,10,10.004616666666667,3496.0,797.0,BLUE_BASE,adc_in_base
EUW1_7696388362,200,11,11.003633333333333,14048.0,4494.0,BOT_LANE_CORE,adc_dead_with_xy
EUW1_7696388896,100,10,10.003966666666667,2854.0,703.0,BLUE_BASE,adc_in_base
EUW1_7696390277,200,8,8.00355,13588.0,3601.0,BOT_LANE_CORE,adc_dead_with_xy
EUW1_7696391757,200,6,6.002916666666667,13889.0,5213.0,BOT_LANE_CORE,adc_dead_with_xy
EUW1_7696391757,200,9,9.003616666666666,14099.0,4679.0,BOT_LANE_CORE,adc_dead_with_xy
EUW1_7696392209,200,7,7.003216666666667,14089.0,11508.0,RED_BASE,adc_in_base
EUW1_7696392663,100,6,6.003433333333334,557.0,463.0,BLUE_BASE,adc_in_base
EUW1_7696392663,200,6,6.003433333333334,14340.0,14391.0,RED_BASE,adc_in_base
EUW1_7696394506,100,9,9.0045,1103.0,511.0,BLUE_BASE,adc_in_base
EUW1_7696395216,100,5,5.0030166666666664,2097.0,851.0,BLUE_BASE,adc_in_base
EUW1_7696395216,200,5,5.0030166666666664,14098.0,11810.0,RED_BASE,adc_in_base
EUW1_7696395703,100,9,9.0038,3262.0,939.0,BLUE_BASE,adc_in_base
EUW1_7696395703,100,10,10.0038,3675.0,903.0,BLUE_BASE,adc_in_base
EUW1_7696395703,200,8,8.003283333333334,14301.0,13276.0,RED_BASE,adc_in_base
EUW1_7696395776,200,7,7.003666666666667,13931.0,3855.0,BOT_LANE_CORE,adc_dead_with_xy
EUW1_7696396363,100,7,7.00295,9923.0,3981.0,DRAGON_AREA,adc_dead_with_xy
EUW1_7696397654,100,8,8.003833333333333,394.0,461.0,BLUE_BASE,adc_in_base
EUW1_7696397654,200,11,11.005283333333333,13778.0,11804.0,RED_BASE,adc_in_base
EUW1_7696398308,200,10,10.004966666666666,14591.0,13935.0,RED_BASE,adc_in_base
EUW1_7696398598,100,11,11.0045,3232.0,837.0,BLUE_BASE,adc_in_base
EUW1_7696399000,100,5,5.0011,1826.0,704.0,BLUE_BASE,adc_in_base
EUW1_7696399000,200,8,8.001766666666667,14275.0,14030.0,RED_BASE,adc_in_base
EUW1_7696399280,200,8,8.002833333333333,14340.0,14391.0,RED_BASE,adc_in_base
EUW1_7696399280,200,10,10.003433333333334,14039.0,11088.0,RED_BASE,adc_in_base
EUW1_7696400325,100,11,11.004233333333334,2849.0,778.0,BLUE_BASE,adc_in_base
EUW1_7696400325,200,7,7.0034833333333335,14105.0,11707.0,RED_BASE,adc_in_base
EUW1_7696400325,200,9,9.004083333333334,14191.0,13273.0,RED_BASE,adc_in_base
EUW1_7696402525,100,7,7.0034,2709.0,724.0,BLUE_BASE,adc_in_base
EUW1_7696402627,200,7,7.003233333333333,14032.0,11712.0,RED_BASE,adc_in_base
EUW1_7696402627,200,9,9.0034,14340.0,14391.0,RED_BASE,adc_in_base
EUW1_7696403447,200,6,6.00335,14110.0,11952.0,RED_BASE,adc_in_base
EUW1_7696403659,200,8,8.001683333333334,9755.0,6888.0,RED_BOT_JUNGLE,adc_dead_with_xy
EUW1_7696404030,100,7,7.003966666666667,3598.0,857.0,BLUE_BASE,adc_in_base
EUW1_7696404030,200,10,10.00515,11752.0,5481.0,BOT_SIDE_NEAR,adc_dead_with_xy
EUW1_7696405433,100,8,8.001316666666666,394.0,461.0,BLUE_BASE,adc_in_base
EUW1_7696405497,100,5,5.003033333333334,3430.0,842.0,BLUE_BASE,adc_in_base
EUW1_7696405676,200,11,11.004483333333333,14340.0,14390.0,RED_BASE,adc_in_base
EUW1_7696406637,200,10,10.0051,14340.0,14391.0,RED_BASE,adc_in_base
EUW1_7696407606,100,9,9.003866666666667,783.0,540.0,BLUE_BASE,adc_in_base
EUW1_7696407606,200,11,11.004316666666666,13922.0,11174.0,RED_BASE,adc_in_base
EUW1_7696407778,100,5,5.002883333333333,430.0,466.0,BLUE_BASE,adc_in_base
EUW1_7696408435,100,5,5.002666666666666,1268.0,534.0,BLUE_BASE,adc_in_base
EUW1_7696408435,100,9,9.00395,3034.0,832.0,BLUE_BASE,adc_in_base
EUW1_7696409072,200,11,11.004016666666667,13920.0,4924.0,BOT_LANE_CORE,adc_dead_with_xy
EUW1_7696409665,100,11,11.003883333333333,1892.0,700.0,BLUE_BASE,adc_in_base
EUW1_7696409750,200,8,8.003633333333333,11770.0,1083.0,BOT_LANE_CORE,adc_dead_with_xy
EUW1_7696409956,200,10,10.00355,12073.0,2973.0,BOT_SIDE_NEAR,adc_dead_with_xy
EUW1_7696410471,200,9,9.004183333333334,13522.0,3323.0,BOT_LANE_CORE,adc_dead_with_xy
EUW1_7696410798,100,11,11.004416666666666,887.0,652.0,BLUE_BASE,adc_in_base
EUW1_7696410798,200,5,5.002533333333333,14010.0,12188.0,RED_BASE,adc_in_base
EUW1_7696411262,200,8,8.004166666666666,13794.0,11173.0,RED_BASE,adc_in_base
EUW1_7696411262,200,10,10.0051,11035.0,4935.0,BOT_SIDE_NEAR,adc_dead_with_xy
EUW1_7696411462,100,10,10.0038,11608.0,1895.0,BOT_LANE_CORE,adc_dead_with_xy
EUW1_7696411638,100,9,9.003933333333332,3200.0,891.0,BLUE_BASE,adc_in_base
EUW1_7696411638,200,8,8.003766666666667,14140.0,12273.0,RED_BASE,adc_in_base
EUW1_7696411938,200,7,7.0033666666666665,13382.0,3853.0,BOT_LANE_CORE,adc_dead_with_xy
EUW1_7696412638,100,10,10.004883333333334,2165.0,630.0,BLUE_BASE,adc_in_base
EUW1_7696412638,200,7,7.0041,13946.0,11992.0,RED_BASE,adc_in_base
EUW1_7696413404,100,10,10.003983333333334,2457.0,651.0,BLUE_BASE,adc_in_base
EUW1_7696413404,200,10,10.003983333333334,14340.0,14391.0,RED_BASE,adc_in_base
EUW1_7696413626,100,9,9.00325,10308.0,1605.0,BOT_LANE_CORE,adc_dead_with_xy
EUW1_7696414228,200,10,10.004083333333334,14301.0,13820.0,RED_BASE,adc_in_base
EUW1_7696415596,100,8,8.003116666666667,10063.0,1088.0,BOT_LANE_CORE,adc_dead_with_xy
EUW1_7696416882,100,10,10.00455,3284.0,1550.0,BLUE_BASE,adc_in_base
EUW1_7696416882,200,11,11.004633333333333,14288.0,13117.0,RED_BASE,adc_in_base
EUW1_7696417908,200,5,5.003733333333333,13469.0,3518.0,BOT_LANE_CORE,adc_dead_with_xy
EUW1_7696418485,100,7,7.003833333333334,626.0,195.0,BLUE_BASE,adc_in_base
EUW1_7696418485,100,11,11.005016666666666,1609.0,1087.0,BLUE_BASE,adc_in_base
EUW1_7696418721,200,7,7.003566666666667,12863.0,11169.0,RED_BASE,adc_in_base
EUW1_7696419142,100,8,8.003183333333334,12514.0,2608.0,BOT_LANE_CORE,adc_dead_with_xy
EUW1_7696419142,200,5,5.002816666666667,14083.0,12074.0,RED_BASE,adc_in_base
EUW1_7696419482,200,11,11.005633333333334,13954.0,11080.0,RED_BASE,adc_in_base
EUW1_7696419744,100,11,11.004016666666667,2350.0,784.0,BLUE_BASE,adc_in_base
EUW1_7696419744,200,8,8.0035,13677.0,5601.0,BOT_LANE_CORE,adc_dead_with_xy
EUW1_7696419744,200,11,11.004016666666667,13931.0,12888.0,RED_BASE,adc_in_base
EUW1_7696420357,100,11,11.0041,1438.0,557.0,BLUE_BASE,adc_in_base
EUW1_7696421062,200,10,10.004333333333333,13501.0,2796.0,BOT_LANE_CORE,adc_dead_with_xy
EUW1_7696421092,200,7,7.003633333333333,12571.0,2707.0,BOT_LANE_CORE,adc_dead_with_xy
EUW1_7696422039,200,9,9.001183333333334,13338.0,11292.0,RED_BASE,adc_in_base
EUW1_7696422039,200,10,10.001366666666666,11434.0,1568.0,BOT_LANE_CORE,adc_dead_with_xy
EUW1_7696422857,200,9,9.00395,14340.0,14391.0,RED_BASE,adc_in_base
EUW1_7696423013,100,6,6.002666666666666,1948.0,671.0,BLUE_BASE,adc_in_base
EUW1_7696423013,200,8,8.003383333333334,14294.0,13404.0,RED_BASE,adc_in_base
EUW1_7696423840,200,6,6.00325,14261.0,13499.0,RED_BASE,adc_in_base
EUW1_7696424817,200,8,8.00245,14138.0,13791.0,RED_BASE,adc_in_base
EUW1_7696425130,200,7,7.001733333333333,14312.0,13631.0,RED_BASE,adc_in_base
EUW1_7696425531,100,10,10.0044,10206.0,1203.0,BOT_LANE_CORE,adc_dead_with_xy
EUW1_7696426517,200,6,6.00335,14097.0,12337.0,RED_BASE,adc_in_base
EUW1_7696426517,200,8,8.00425,13997.0,12618.0,RED_BASE,adc_in_base
EUW1_7696426517,200,10,10.004883333333334,13989.0,12493.0,RED_BASE,adc_in_base
EUW1_7696427432,100,8,8.004066666666667,1773.0,641.0,BLUE_BASE,adc_in_base
EUW1_7696428269,100,5,5.00105,12584.0,1989.0,BOT_LANE_CORE,adc_dead_with_xy
EUW1_7696428690,100,8,8.00395,10326.0,864.0,BOT_LANE_CORE,adc_dead_with_xy
EUW1_7696429370,100,7,7.001616666666667,1753.0,581.0,BLUE_BASE,adc_in_base
EUW1_7696429370,200,9,9.0021,14340.0,14391.0,RED_BASE,adc_in_base
EUW1_7696429577,100,8,8.003933333333332,767.0,2878.0,BLUE_BASE,adc_in_base
EUW1_7696429744,100,5,5.001216666666667,394.0,461.0,BLUE_BASE,adc_in_base
EUW1_7696429744,100,6,6.0013,3619.0,697.0,BLUE_BASE,adc_in_base
EUW1_7696429744,100,8,8.001716666666667,933.0,550.0,BLUE_BASE,adc_in_base
EUW1_7696429744,200,5,5.001216666666667,14340.0,14391.0,RED_BASE,adc_in_base
EUW1_7696431736,100,7,7.003616666666667,1282.0,606.0,BLUE_BASE,adc_in_base
EUW1_7696431736,100,11,11.005283333333333,1627.0,754.0,BLUE_BASE,adc_in_base
EUW1_7696432086,200,6,6.0010666666666665,11633.0,4452.0,BOT_SIDE_NEAR,adc_dead_with_xy
EUW1_7696432086,200,10,10.003216666666667,14120.0,13761.0,RED_BASE,adc_in_base
EUW1_7696432321,200,8,8.001883333333334,14329.0,14300.0,RED_BASE,adc_in_base
EUW1_7696432886,100,8,8.003266666666667,2054.0,652.0,BLUE_BASE,adc_in_base
EUW1_7696432886,200,11,11.0044,14241.0,13492.0,RED_BASE,adc_in_base
EUW1_7696434115,200,11,11.003833333333333,14067.0,11168.0,RED_BASE,adc_in_base
EUW1_7696434145,100,11,11.0051,13086.0,2908.0,BOT_LANE_CORE,adc_dead_with_xy
EUW1_7696434449,200,11,11.004316666666666,11910.0,7488.0,RED_BOT_JUNGLE,adc_dead_with_xy
EUW1_7696434915,100,10,10.004533333333333,11043.0,1525.0,BOT_LANE_CORE,adc_dead_with_xy
EUW1_7696435824,200,10,10.004,12823.0,2403.0,BOT_LANE_CORE,adc_dead_with_xy
EUW1_7696436627,100,11,11.0051,13048.0,3091.0,BOT_LANE_CORE,adc_dead_with_xy
EUW1_7696437374,100,7,7.002416666666667,11343.0,947.0,BOT_LANE_CORE,adc_dead_with_xy
EUW1_7696437484,200,9,9.00375,13527.0,2024.0,BOT_LANE_CORE,adc_dead_with_xy
EUW1_7696438099,100,5,5.003516666666667,693.0,498.0,BLUE_BASE,adc_in_base
EUW1_7696438169,200,5,5.0010666666666665,14123.0,8266.0,BOT_LANE_CORE,adc_dead_with_xy
EUW1_7696438547,100,5,5.000683333333333,3476.0,803.0,BLUE_BASE,adc_in_base
EUW1_7696438547,200,11,11.004066666666667,13933.0,11247.0,RED_BASE,adc_in_base
EUW1_7696438606,100,6,6.003283333333333,3349.0,838.0,BLUE_BASE,adc_in_base
EUW1_7696438652,100,10,10.004166666666666,640.0,515.0,BLUE_BASE,adc_in_base
EUW1_7696438652,200,8,8.003583333333333,13783.0,12382.0,RED_BASE,adc_in_base
EUW1_7696440801,200,7,7.003383333333334,14245.0,13590.0,RED_BASE,adc_in_base
EUW1_7696440801,200,11,11.0043,14141.0,11402.0,RED_BASE,adc_in_base
EUW1_7696441459,100,7,7.004183333333334,11656.0,1008.0,BOT_LANE_CORE,adc_dead_with_xy
EUW1_7696441459,100,9,9.004483333333333,10573.0,853.0,BOT_LANE_CORE,adc_dead_with_xy
EUW1_7696441459,100,11,11.004883333333334,13555.0,3218.0,BOT_LANE_CORE,adc_dead_with_xy
EUW1_7696441719,200,5,5.0027,13965.0,11209.0,RED_BASE,adc_in_base
EUW1_7696441719,200,6,6.002816666666667,14159.0,13062.0,RED_BASE,adc_in_base
EUW1_7696441983,200,8,8.004816666666667,14288.0,13822.0,RED_BASE,adc_in_base
EUW1_7696441983,200,10,10.005533333333334,14117.0,11997.0,RED_BASE,adc_in_base
EUW1_7696441983,200,11,11.005883333333333,12868.0,4268.0,BOT_SIDE_NEAR,adc_dead_with_xy
EUW1_7696442165,200,6,6.00265,14094.0,11646.0,RED_BASE,adc_in_base
EUW1_7696442365,200,7,7.0034,12633.0,1751.0,BOT_LANE_CORE,adc_dead_with_xy
EUW1_7696443653,100,5,5.002966666666667,1879.0,752.0,BLUE_BASE,adc_in_base
EUW1_7696445045,200,7,7.00415,14122.0,5108.0,BOT_LANE_CORE,adc_dead_with_xy
EUW1_7696445259,100,7,7.005133333333333,2392.0,794.0,BLUE_BASE,adc_in_base
EUW1_7696447795,100,10,10.002033333333333,11650.0,1539.0,BOT_LANE_CORE,adc_dead_with_xy
EUW1_7696447934,200,8,8.0039,13917.0,11859.0,RED_BASE,adc_in_base
EUW1_7696448615,200,7,7.003466666666666,14082.0,11499.0,RED_BASE,adc_in_base
EUW1_7696449520,100,5,5.0030166666666664,2644.0,721.0,BLUE_BASE,adc_in_base
EUW1_7696449520,200,8,8.003833333333333,13906.0,11544.0,RED_BASE,adc_in_base
EUW1_7696450204,200,7,7.00305,13898.0,11401.0,RED_BASE,adc_in_base
EUW1_7696450879,100,7,7.003066666666666,3383.0,830.0,BLUE_BASE,adc_in_base
EUW1_7696451256,100,8,8.002283333333333,2258.0,849.0,BLUE_BASE,adc_in_base
EUW1_7696451256,200,8,8.002283333333333,14037.0,11016.0,RED_BASE,adc_in_base
EUW1_7696451389,200,8,8.00165,13678.0,3795.0,BOT_LANE_CORE,adc_dead_with_xy
EUW1_7696451509,100,8,8.003216666666667,2380.0,617.0,BLUE_BASE,adc_in_base
EUW1_7696451509,100,10,10.0035,2224.0,634.0,BLUE_BASE,adc_in_base
EUW1_7696451509,200,9,9.00335,14260.0,13719.0,RED_BASE,adc_in_base
EUW1_7696451509,200,11,11.004,13999.0,11820.0,RED_BASE,adc_in_base
EUW1_7696451864,100,5,5.002583333333333,12938.0,5809.0,BOT_SIDE_NEAR,adc_dead_with_xy
EUW1_7696451864,200,5,5.002583333333333,13118.0,5583.0,BOT_LANE_CORE,adc_dead_with_xy
EUW1_7696451864,200,7,7.0032,14340.0,14391.0,RED_BASE,adc_in_base
EUW1_7696452546,200,6,6.0016,14095.0,11529.0,RED_BASE,adc_in_base
EUW1_7696453524,200,7,7.00405,13737.0,11726.0,RED_BASE,adc_in_base
EUW1_7696453618,200,9,9.004133333333334,14194.0,13493.0,RED_BASE,adc_in_base
EUW1_7696455037,100,8,8.00395,2723.0,738.0,BLUE_BASE,adc_in_base
EUW1_7696455398,100,7,7.00425,3078.0,675.0,BLUE_BASE,adc_in_base
EUW1_7696455923,200,5,5.000983333333333,13636.0,3722.0,BOT_LANE_CORE,adc_dead_with_xy
EUW1_7696456186,100,10,10.004383333333333,1832.0,581.0,BLUE_BASE,adc_in_base
EUW1_7696456538,100,11,11.004883333333334,1981.0,612.0,BLUE_BASE,adc_in_base
EUW1_7696456538,200,5,5.002766666666667,14340.0,14391.0,RED_BASE,adc_in_base
EUW1_7696456538,200,9,9.004083333333334,13420.0,2935.0,BOT_LANE_CORE,adc_dead_with_xy
EUW1_7696457488,100,9,9.003683333333333,11843.0,1424.0,BOT_LANE_CORE,adc_dead_with_xy
EUW1_7696457759,200,5,5.002966666666667,14229.0,13654.0,RED_BASE,adc_in_base
EUW1_7696457759,200,9,9.00405,11397.0,1192.0,BOT_LANE_CORE,adc_dead_with_xy
EUW1_7696457759,200,11,11.004516666666667,13854.0,11487.0,RED_BASE,adc_in_base
EUW1_7696457952,100,10,10.004533333333333,11297.0,3188.0,BOT_SIDE_NEAR,adc_dead_with_xy
EUW1_7696457982,100,10,10.004216666666666,12437.0,2959.0,BOT_LANE_CORE,adc_dead_with_xy
EUW1_7696457982,100,11,11.004666666666667,1752.0,673.0,BLUE_BASE,adc_in_base
EUW1_7696459562,200,9,9.004133333333334,13483.0,3046.0,BOT_LANE_CORE,adc_dead_with_xy
EUW1_7696459903,200,9,9.00425,9726.0,1648.0,BOT_LANE_CORE,adc_dead_with_xy
EUW1_7696461119,200,9,9.0034,14189.0,12906.0,RED_BASE,adc_in_base
EUW1_7696461172,100,8,8.004283333333333,2235.0,724.0,BLUE_BASE,adc_in_base
EUW1_7696462270,200,10,10.004283333333333,14096.0,11262.0,RED_BASE,adc_in_base
EUW1_7696462375,100,5,5.000183333333333,1656.0,619.0,BLUE_BASE,adc_in_base
EUW1_7696464299,100,10,10.004383333333333,11017.0,1923.0,BOT_LANE_CORE,adc_dead_with_xy
EUW1_7696464299,200,8,8.003833333333333,11511.0,1885.0,BOT_LANE_CORE,adc_dead_with_xy
EUW1_7696465536,200,5,5.002683333333334,14340.0,14391.0,RED_BASE,adc_in_base
EUW1_7696465536,200,11,11.004283333333333,12591.0,2820.0,BOT_LANE_CORE,adc_dead_with_xy
EUW1_7696465562,200,5,5.003216666666667,14089.0,12697.0,RED_BASE,adc_in_base
EUW1_7696465562,200,6,6.003633333333333,14178.0,13007.0,RED_BASE,adc_in_base
EUW1_7696465774,100,6,6.00075,1118.0,550.0,BLUE_BASE,adc_in_base
EUW1_7696465797,100,7,7.003833333333334,421.0,465.0,BLUE_BASE,adc_in_base
EUW1_7696465797,200,9,9.0042,14340.0,14391.0,RED_BASE,adc_in_base
EUW1_7696466474,100,8,8.0033,1226.0,599.0,BLUE_BASE,adc_in_base
EUW1_7696466670,100,9,9.0019,10927.0,935.0,BOT_LANE_CORE,adc_dead_with_xy
EUW1_7696466670,200,8,8.0015,13942.0,11142.0,RED_BASE,adc_in_base
EUW1_7696467549,100,11,11.004833333333334,2748.0,606.0,BLUE_BASE,adc_in_base
EUW1_7696468849,200,9,9.00435,14138.0,12285.0,RED_BASE,adc_in_base
EUW1_7696468849,200,11,11.00495,14333.0,14373.0,RED_BASE,adc_in_base
EUW1_7696468991,100,10,10.004583333333333,11344.0,1645.0,BOT_LANE_CORE,adc_dead_with_xy
EUW1_7696468991,200,9,9.004333333333333,14329.0,14184.0,RED_BASE,adc_in_base
EUW1_7696469015,100,7,7.0029,405.0,477.0,BLUE_BASE,adc_in_base
EUW1_7696469015,200,7,7.0029,10671.0,2624.0,BOT_SIDE_NEAR,adc_dead_with_xy
EUW1_7696469272,100,9,9.004366666666666,13760.0,5642.0,BOT_LANE_CORE,adc_dead_with_xy
EUW1_7696469272,200,9,9.004366666666666,13814.0,4939.0,BOT_LANE_CORE,adc_dead_with_xy
EUW1_7696469276,100,6,6.0030833333333335,9015.0,1210.0,BOT_LANE_CORE,adc_dead_with_xy
EUW1_7696469276,100,10,10.004566666666667,13172.0,3485.0,BOT_LANE_CORE,adc_dead_with_xy
EUW1_7696469327,100,6,6.0029,3291.0,539.0,BLUE_BASE,adc_in_base
EUW1_7696469327,100,8,8.00365,833.0,200.0,BLUE_BASE,adc_in_base
EUW1_7696469327,100,11,11.004433333333333,10699.0,906.0,BOT_LANE_CORE,adc_dead_with_xy
EUW1_7696469327,200,10,10.004416666666666,13761.0,8220.0,BOT_LANE_CORE,adc_dead_with_xy
EUW1_7696470654,100,9,9.005166666666666,665.0,518.0,BLUE_BASE,adc_in_base
EUW1_7696470654,200,5,5.003216666666667,14165.0,13662.0,RED_BASE,adc_in_base
EUW1_7696470654,200,8,8.004616666666667,14184.0,12921.0,RED_BASE,adc_in_base
EUW1_7696470863,100,8,8.0035,996.0,528.0,BLUE_BASE,adc_in_base
EUW1_7696470863,200,9,9.003866666666667,14335.0,12079.0,RED_BASE,adc_in_base
EUW1_7696471329,100,10,10.005283333333333,2723.0,647.0,BLUE_BASE,adc_in_base
EUW1_7696471331,200,7,7.0034833333333335,14120.0,12025.0,RED_BASE,adc_in_base
EUW1_7696471331,200,11,11.004433333333333,11903.0,2541.0,BOT_SIDE_NEAR,adc_dead_with_xy
EUW1_7696471655,100,7,7.003566666666667,12192.0,2686.0,BOT_LANE_CORE,adc_dead_with_xy
EUW1_7696471655,100,9,9.003783333333333,13392.0,1413.0,BOT_LANE_CORE,adc_dead_with_xy
EUW1_7696471655,200,7,7.003566666666667,13720.0,3841.0,BOT_LANE_CORE,adc_dead_with_xy
EUW1_7696472024,200,7,7.003816666666666,13983.0,12538.0,RED_BASE,adc_in_base
EUW1_7696472024,200,10,10.004566666666667,13939.0,11760.0,RED_BASE,adc_in_base
EUW1_7696472230,100,8,8.004183333333334,2691.0,694.0,BLUE_BASE,adc_in_base
EUW1_7696472230,100,10,10.0046,2151.0,787.0,BLUE_BASE,adc_in_base
EUW1_7696472230,200,11,11.00475,7662.0,2313.0,BLUE_BOT_JUNGLE,adc_dead_with_xy
EUW1_7696473742,100,9,9.003533333333333,8066.0,869.0,BOT_LANE_CORE,adc_dead_with_xy
EUW1_7696473742,100,11,11.004033333333334,641.0,523.0,BLUE_BASE,adc_in_base
EUW1_7696473868,200,9,9.00415,14270.0,13780.0,RED_BASE,adc_in_base
EUW1_7696474367,100,8,8.004533333333333,2200.0,750.0,BLUE_BASE,adc_in_base
EUW1_7696474599,100,6,6.003066666666666,2004.0,690.0,BLUE_BASE,adc_in_base
EUW1_7696475305,200,11,11.00485,13950.0,11892.0,RED_BASE,adc_in_base
EUW1_7696475552,100,10,10.003833333333333,1527.0,604.0,BLUE_BASE,adc_in_base
EUW1_7696475830,200,5,5.002466666666667,12858.0,2837.0,BOT_LANE_CORE,adc_dead_with_xy
EUW1_7696475830,200,7,7.003433333333334,14200.0,13862.0,RED_BASE,adc_in_base
EUW1_7696475830,200,11,11.004516666666667,13860.0,11257.0,RED_BASE,adc_in_base
EUW1_7696477955,100,8,8.003316666666667,13412.0,3360.0,BOT_LANE_CORE,adc_dead_with_xy
EUW1_7696480266,200,7,7.00365,12746.0,2586.0,BOT_LANE_CORE,adc_dead_with_xy
EUW1_7696480266,200,9,9.004116666666667,13459.0,3392.0,BOT_LANE_CORE,adc_dead_with_xy
EUW1_7696481370,100,5,5.0012,394.0,461.0,BLUE_BASE,adc_in_base
EUW1_7696481370,100,8,8.0021,2434.0,643.0,BLUE_BASE,adc_in_base
EUW1_7696482797,100,10,10.004766666666667,2419.0,735.0,BLUE_BASE,adc_in_base
EUW1_7696483094,100,11,11.004566666666667,672.0,488.0,BLUE_BASE,adc_in_base
EUW1_7696483094,200,6,6.003033333333334,14282.0,13218.0,RED_BASE,adc_in_base
EUW1_7696483094,200,9,9.004116666666667,14064.0,4682.0,BOT_LANE_CORE,adc_dead_with_xy
EUW1_7696483941,200,8,8.003883333333333,14333.0,13602.0,RED_BASE,adc_in_base
EUW1_7696483973,100,6,6.001433333333333,3213.0,815.0,BLUE_BASE,adc_in_base
EUW1_7696483973,100,7,7.00145,1294.0,570.0,BLUE_BASE,adc_in_base
EUW1_7696483973,100,9,9.003666666666666,2597.0,1507.0,BLUE_BASE,adc_in_base
EUW1_7696483973,100,11,11.0041,823.0,566.0,BLUE_BASE,adc_in_base
EUW1_7696484521,100,7,7.0018,3142.0,741.0,BLUE_BASE,adc_in_base
EUW1_7696484521,100,11,11.002416666666667,12208.0,1295.0,BOT_LANE_CORE,adc_dead_with_xy
EUW1_7696484824,100,5,5.000883333333333,13198.0,2764.0,BOT_LANE_CORE,adc_dead_with_xy
EUW1_7696484824,200,9,9.004366666666666,14180.0,12790.0,RED_BASE,adc_in_base
EUW1_7696485130,200,6,6.00235,13702.0,4437.0,BOT_LANE_CORE,adc_dead_with_xy
EUW1_7696485477,100,5,5.00135,3006.0,778.0,BLUE_BASE,adc_in_base
EUW1_7696485477,100,6,6.001683333333333,939.0,557.0,BLUE_BASE,adc_in_base
EUW1_7696485477,100,7,7.003616666666667,2568.0,715.0,BLUE_BASE,adc_in_base
EUW1_7696485477,200,9,9.004166666666666,14181.0,13615.0,RED_BASE,adc_in_base
EUW1_7696485495,100,8,8.004033333333334,2556.0,615.0,BLUE_BASE,adc_in_base
EUW1_7696485495,200,10,10.0046,11472.0,1680.0,BOT_LANE_CORE,adc_dead_with_xy
EUW1_7696486230,200,7,7.0038833333333335,11434.0,1459.0,BOT_LANE_CORE,adc_dead_with_xy
EUW1_7696486553,200,11,11.0042,13915.0,11275.0,RED_BASE,adc_in_base
EUW1_7696487267,100,5,5.001416666666667,1353.0,671.0,BLUE_BASE,adc_in_base
EUW1_7696487267,100,7,7.003433333333334,2682.0,726.0,BLUE_BASE,adc_in_base
EUW1_7696487339,100,5,5.0013,3679.0,912.0,BLUE_BASE,adc_in_base
EUW1_7696487414,100,5,5.00085,394.0,461.0,BLUE_BASE,adc_in_base
EUW1_7696487414,200,9,9.003583333333333,13093.0,11825.0,RED_BASE,adc_in_base
EUW1_7696487498,200,6,6.00315,14226.0,13752.0,RED_BASE,adc_in_base
EUW1_7696488049,200,9,9.004033333333334,13906.0,11413.0,RED_BASE,adc_in_base
EUW1_7696488198,100,8,8.003616666666666,2590.0,683.0,BLUE_BASE,adc_in_base
EUW1_7696488198,100,10,10.0041,12314.0,1912.0,BOT_LANE_CORE,adc_dead_with_xy
EUW1_7696488198,200,5,5.002766666666667,12838.0,3258.0,BOT_LANE_CORE,adc_dead_with_xy
EUW1_7696488314,100,8,8.003916666666667,1439.0,606.0,BLUE_BASE,adc_in_base
EUW1_7696488314,200,6,6.0035,14098.0,12629.0,RED_BASE,adc_in_base
EUW1_7696488314,200,9,9.0045,14217.0,13266.0,RED_BASE,adc_in_base
EUW1_7696488314,200,11,11.005,13873.0,11294.0,RED_BASE,adc_in_base
EUW1_7696488448,100,10,10.00355,10723.0,1050.0,BOT_LANE_CORE,adc_dead_with_xy
EUW1_7696488608,100,9,9.004416666666666,12858.0,2964.0,BOT_LANE_CORE,adc_dead_with_xy
EUW1_7696488608,200,9,9.004416666666666,13120.0,2722.0,BOT_LANE_CORE,adc_dead_with_xy
EUW1_7696490070,100,5,5.000533333333333,11993.0,2039.0,BOT_LANE_CORE,adc_dead_with_xy
EUW1_7696490070,100,9,9.004016666666667,564.0,490.0,BLUE_BASE,adc_in_base
EUW1_7696490070,100,11,11.0042,783.0,552.0,BLUE_BASE,adc_in_base
EUW1_7696490070,200,9,9.004016666666667,14340.0,14391.0,RED_BASE,adc_in_base
EUW1_7696490083,100,9,9.004016666666667,1587.0,585.0,BLUE_BASE,adc_in_base
EUW1_7696490208,200,6,6.001333333333333,14022.0,11442.0,RED_BASE,adc_in_base
EUW1_7696491400,100,7,7.003333333333333,13602.0,2548.0,BOT_LANE_CORE,adc_dead_with_xy
EUW1_7696491400,200,10,10.004033333333334,14138.0,13600.0,RED_BASE,adc_in_base
EUW1_7696491515,100,11,11.0046,631.0,490.0,BLUE_BASE,adc_in_base
EUW1_7696491515,200,5,5.002783333333333,14322.0,13656.0,RED_BASE,adc_in_base
EUW1_7696491832,100,5,5.002633333333334,3340.0,676.0,BLUE_BASE,adc_in_base
EUW1_7696491832,100,8,8.003333333333334,1313.0,564.0,BLUE_BASE,adc_in_base
EUW1_7696492022,100,9,9.004666666666667,3316.0,777.0,BLUE_BASE,adc_in_base
EUW1_7696492022,100,10,10.0051,3074.0,824.0,BLUE_BASE,adc_in_base
EUW1_7696492361,200,7,7.002866666666667,14340.0,14391.0,RED_BASE,adc_in_base
EUW1_7696492361,200,9,9.0035,14330.0,13782.0,RED_BASE,adc_in_base
EUW1_7696492741,100,7,7.0014666666666665,394.0,461.0,BLUE_BASE,adc_in_base
EUW1_7696492741,100,11,11.002033333333333,1042.0,559.0,BLUE_BASE,adc_in_base
EUW1_7696493295,200,8,8.003266666666667,14049.0,11226.0,RED_BASE,adc_in_base
EUW1_7696493295,200,10,10.003816666666667,13954.0,3882.0,BOT_LANE_CORE,adc_dead_with_xy
EUW1_7696493525,100,7,7.00345,865.0,652.0,BLUE_BASE,adc_in_base
EUW1_7696493525,200,5,5.002966666666667,14340.0,14391.0,RED_BASE,adc_in_base
EUW1_7696493525,200,10,10.00415,13630.0,4088.0,BOT_LANE_CORE,adc_dead_with_xy
EUW1_7696494121,100,10,10.0041,996.0,646.0,BLUE_BASE,adc_in_base
EUW1_7696494121,200,7,7.003566666666667,14145.0,12174.0,RED_BASE,adc_in_base
EUW1_7696494433,100,11,11.004083333333334,1319.0,681.0,BLUE_BASE,adc_in_base
EUW1_7696494433,200,10,10.003983333333334,13512.0,4562.0,BOT_LANE_CORE,adc_dead_with_xy
EUW1_7696495092,200,9,9.004183333333334,13949.0,11364.0,RED_BASE,adc_in_base
EUW1_7696495336,100,8,8.004183333333334,2083.0,632.0,BLUE_BASE,adc_in_base
EUW1_7696497153,200,11,11.004966666666666,14340.0,13966.0,RED_BASE,adc_in_base
EUW1_7696497857,200,8,8.0018,14340.0,14391.0,RED_BASE,adc_in_base
EUW1_7696497857,200,10,10.002483333333334,14251.0,14100.0,RED_BASE,adc_in_base
EUW1_7696497970,200,5,5.002933333333333,14322.0,13456.0,RED_BASE,adc_in_base
EUW1_7696497970,200,7,7.00375,14186.0,13516.0,RED_BASE,adc_in_base
EUW1_7696499171,200,6,6.003316666666667,14343.0,13541.0,RED_BASE,adc_in_base
EUW1_7696499728,100,7,7.003183333333333,453.0,471.0,BLUE_BASE,adc_in_base
EUW1_7696499947,100,11,11.004183333333334,10210.0,843.0,BOT_LANE_CORE,adc_dead_with_xy
EUW1_7696499947,200,6,6.001283333333333,13978.0,3894.0,BOT_LANE_CORE,adc_dead_with_xy
EUW1_7696500391,200,11,11.004933333333334,14340.0,14391.0,RED_BASE,adc_in_base
EUW1_7696500452,100,10,10.005016666666666,12506.0,2835.0,BOT_LANE_CORE,adc_dead_with_xy
EUW1_7696500747,200,11,11.005133333333333,13937.0,4823.0,BOT_LANE_CORE,adc_dead_with_xy
EUW1_7696500901,200,9,9.00215,14227.0,13374.0,RED_BASE,adc_in_base
EUW1_7696501595,100,11,11.003816666666667,1303.0,962.0,BLUE_BASE,adc_in_base
EUW1_7696502179,200,6,6.001033333333333,14221.0,13871.0,RED_BASE,adc_in_base
EUW1_7696502179,200,10,10.0017,13099.0,2201.0,BOT_LANE_CORE,adc_dead_with_xy
EUW1_7696503531,100,9,9.004416666666666,9913.0,888.0,BOT_LANE_CORE,adc_dead_with_xy
EUW1_7696504622,100,8,8.00385,2698.0,722.0,BLUE_BASE,adc_in_base
EUW1_7696504827,100,8,8.002016666666666,1366.0,577.0,BLUE_BASE,adc_in_base
EUW1_7696504827,200,5,5.00135,14298.0,14316.0,RED_BASE,adc_in_base
EUW1_7696505211,100,11,11.004916666666666,2519.0,695.0,BLUE_BASE,adc_in_base
EUW1_7696505538,100,6,6.0034,1053.0,624.0,BLUE_BASE,adc_in_base
EUW1_7696505538,100,10,10.00495,10898.0,1023.0,BOT_LANE_CORE,adc_dead_with_xy
EUW1_7696505780,100,10,10.004483333333333,12494.0,2838.0,BOT_LANE_CORE,adc_dead_with_xy
EUW1_7696506089,100,10,10.00435,972.0,586.0,BLUE_BASE,adc_in_base
EUW1_7696506683,100,8,8.003683333333333,394.0,461.0,BLUE_BASE,adc_in_base
EUW1_7696506836,200,8,8.003916666666667,12667.0,1299.0,BOT_LANE_CORE,adc_dead_with_xy
EUW1_7696506836,200,11,11.0044,12895.0,3270.0,BOT_LANE_CORE,adc_dead_with_xy
EUW1_7696507051,200,9,9.004566666666667,14309.0,13940.0,RED_BASE,adc_in_base
EUW1_7696507931,200,6,6.003516666666667,14392.0,14272.0,RED_BASE,adc_in_base
EUW1_7696508668,200,9,9.003816666666667,13946.0,12610.0,RED_BASE,adc_in_base
EUW1_7696508668,200,11,11.004833333333334,13876.0,11993.0,RED_BASE,adc_in_base
EUW1_7696509205,200,10,10.002233333333333,14250.0,13110.0,RED_BASE,adc_in_base
EUW1_7696509383,100,6,6.002483333333333,3464.0,663.0,BLUE_BASE,adc_in_base
EUW1_7696510040,200,8,8.004016666666667,14340.0,14391.0,RED_BASE,adc_in_base
EUW1_7696510148,200,6,6.00345,14340.0,14391.0,RED_BASE,adc_in_base
EUW1_7696510148,200,7,7.003616666666667,11476.0,1828.0,BOT_LANE_CORE,adc_dead_with_xy
EUW1_7696510561,200,8,8.00435,12401.0,5115.0,BOT_SIDE_NEAR,adc_dead_with_xy
EUW1_7696510639,200,7,7.00305,14146.0,13283.0,RED_BASE,adc_in_base
EUW1_7696510806,100,11,11.004716666666667,605.0,489.0,BLUE_BASE,adc_in_base
EUW1_7696510806,200,10,10.004716666666667,14254.0,14199.0,RED_BASE,adc_in_base
EUW1_7696511782,200,8,8.00295,13057.0,4432.0,BOT_LANE_CORE,adc_dead_with_xy
EUW1_7696511943,100,8,8.004233333333334,2889.0,2282.0,BLUE_BASE,adc_in_base
EUW1_7696511943,100,11,11.005166666666666,1261.0,628.0,BLUE_BASE,adc_in_base
EUW1_7696512031,200,8,8.003233333333334,13831.0,4255.0,BOT_LANE_CORE,adc_dead_with_xy
EUW1_7696512702,100,7,7.004166666666666,548.0,492.0,BLUE_BASE,adc_in_base
EUW1_7696512702,100,8,8.004383333333333,772.0,564.0,BLUE_BASE,adc_in_base
EUW1_7696512851,200,10,10.0037,14106.0,12347.0,RED_BASE,adc_in_base
EUW1_7696512851,200,11,11.004066666666667,6888.0,6601.0,MID_LANE,adc_dead_with_xy
EUW1_7696513557,200,7,7.0033,12003.0,1896.0,BOT_LANE_CORE,adc_dead_with_xy
EUW1_7696513557,200,9,9.003616666666666,14066.0,5389.0,BOT_LANE_CORE,adc_dead_with_xy
EUW1_7696515168,100,8,8.003433333333334,2249.0,684.0,BLUE_BASE,adc_in_base
EUW1_7696515168,200,10,10.00395,11721.0,1832.0,BOT_LANE_CORE,adc_dead_with_xy
EUW1_7696515336,200,10,10.005266666666667,10826.0,1009.0,BOT_LANE_CORE,adc_dead_with_xy
EUW1_7696515340,200,7,7.0037,13507.0,4727.0,BOT_LANE_CORE,adc_dead_with_xy
EUW1_7696515340,200,9,9.0046,14104.0,12885.0,RED_BASE,adc_in_base
EUW1_7696517045,100,5,5.002633333333334,11825.0,1582.0,BOT_LANE_CORE,adc_dead_with_xy
EUW1_7696517045,200,9,9.003733333333333,11161.0,6433.0,RED_BOT_JUNGLE,adc_dead_with_xy
EUW1_7696520681,100,9,9.0051,1904.0,602.0,BLUE_BASE,adc_in_base
EUW1_7696520681,200,11,11.005633333333334,14346.0,13680.0,RED_BASE,adc_in_base
EUW1_7696521259,200,6,6.001483333333334,13972.0,11846.0,RED_BASE,adc_in_base
EUW1_7696521446,200,10,10.003933333333332,14048.0,11623.0,RED_BASE,adc_in_base
EUW1_7696522376,200,8,8.002283333333333,14028.0,4663.0,BOT_LANE_CORE,adc_dead_with_xy
EUW1_7696525125,200,5,5.003,14340.0,14391.0,RED_BASE,adc_in_base
EUW1_7696525125,200,8,8.003666666666666,13993.0,11209.0,RED_BASE,adc_in_base
EUW1_7696525513,100,10,10.0044,10703.0,896.0,BOT_LANE_CORE,adc_dead_with_xy
EUW1_7696525555,100,9,9.003616666666666,1260.0,658.0,BLUE_BASE,adc_in_base
EUW1_7696525555,200,6,6.003133333333333,14080.0,4988.0,BOT_LANE_CORE,adc_dead_with_xy
EUW1_7696525720,200,5,5.001266666666667,14312.0,13857.0,RED_BASE,adc_in_base
EUW1_7696527082,100,11,11.004216666666666,1586.0,712.0,BLUE_BASE,adc_in_base
EUW1_7696528320,100,5,5.002583333333333,1386.0,726.0,BLUE_BASE,adc_in_base
EUW1_7696528320,200,6,6.002916666666667,14090.0,4818.0,BOT_LANE_CORE,adc_dead_with_xy
EUW1_7696528572,200,9,9.004483333333333,10828.0,1078.0,BOT_LANE_CORE,adc_dead_with_xy
EUW1_7696528572,200,10,10.0047,11339.0,5009.0,BOT_SIDE_NEAR,adc_dead_with_xy
EUW1_7696528974,100,10,10.00365,1097.0,563.0,BLUE_BASE,adc_in_base
EUW1_7696528974,200,8,8.003233333333334,14340.0,14391.0,RED_BASE,adc_in_base
EUW1_7696529347,100,7,7.002683333333334,11088.0,1036.0,BOT_LANE_CORE,adc_dead_with_xy
EUW1_7696529555,100,5,5.0028,1192.0,594.0,BLUE_BASE,adc_in_base
EUW1_7696530178,100,10,10.004116666666667,548.0,494.0,BLUE_BASE,adc_in_base
EUW1_7696530499,100,7,7.003183333333333,9822.0,808.0,BOT_LANE_CORE,adc_dead_with_xy
EUW1_7696531326,200,10,10.004683333333332,14210.0,13098.0,RED_BASE,adc_in_base
EUW1_7696532433,200,11,11.004983333333334,12486.0,1387.0,BOT_LANE_CORE,adc_dead_with_xy
EUW1_7696532708,100,8,8.003683333333333,3449.0,954.0,BLUE_BASE,adc_in_base
EUW1_7696532708,200,5,5.0030833333333335,14276.0,13696.0,RED_BASE,adc_in_base
EUW1_7696532708,200,9,9.004033333333334,13628.0,3379.0,BOT_LANE_CORE,adc_dead_with_xy
EUW1_7696533892,100,8,8.003483333333334,394.0,461.0,BLUE_BASE,adc_in_base
EUW1_7696534353,100,10,10.00495,12981.0,2240.0,BOT_LANE_CORE,adc_dead_with_xy
EUW1_7696534579,200,6,6.0008333333333335,14243.0,13516.0,RED_BASE,adc_in_base
EUW1_7696534579,200,11,11.003483333333334,14193.0,13593.0,RED_BASE,adc_in_base
EUW1_7696534641,100,7,7.004033333333333,13422.0,1158.0,BOT_LANE_CORE,adc_dead_with_xy
EUW1_7696534795,100,7,7.003583333333333,12476.0,4624.0,BOT_SIDE_NEAR,adc_dead_with_xy
EUW1_7696534795,200,10,10.004033333333334,14312.0,14206.0,RED_BASE,adc_in_base
EUW1_7696534863,100,7,7.0027333333333335,3534.0,781.0,BLUE_BASE,adc_in_base
EUW1_7696534863,100,10,10.00365,13605.0,2641.0,BOT_LANE_CORE,adc_dead_with_xy
EUW1_7696535332,200,6,6.001316666666667,12539.0,1502.0,BOT_LANE_CORE,adc_dead_with_xy
EUW1_7696535332,200,11,11.00465,13997.0,12462.0,RED_BASE,adc_in_base
EUW1_7696535350,100,6,6.004433333333333,8899.0,953.0,BOT_LANE_CORE,adc_dead_with_xy
EUW1_7696535350,200,8,8.00495,12717.0,12512.0,RED_BASE,adc_in_base
EUW1_7696535350,200,9,9.00535,11635.0,6888.0,RED_BOT_JUNGLE,adc_dead_with_xy
EUW1_7696535350,200,11,11.005966666666666,13818.0,4763.0,BOT_LANE_CORE,adc_dead_with_xy
EUW1_7696535562,200,6,6.001416666666667,14314.0,14115.0,RED_BASE,adc_in_base
EUW1_7696536117,100,11,11.004533333333333,1226.0,631.0,BLUE_BASE,adc_in_base
EUW1_7696536181,100,7,7.00165,867.0,566.0,BLUE_BASE,adc_in_base
EUW1_7696536266,100,5,5.002866666666667,11653.0,4220.0,BOT_SIDE_NEAR,adc_dead_with_xy
EUW1_7696536266,100,9,9.00455,2930.0,772.0,BLUE_BASE,adc_in_base
EUW1_7696536266,100,10,10.005016666666666,973.0,624.0,BLUE_BASE,adc_in_base
EUW1_7696536266,200,11,11.005416666666667,13829.0,13878.0,RED_BASE,adc_in_base
EUW1_7696536500,200,10,10.004083333333334,13843.0,3392.0,BOT_LANE_CORE,adc_dead_with_xy
EUW1_7696537466,100,8,8.003733333333333,828.0,531.0,BLUE_BASE,adc_in_base
EUW1_7696537466,200,11,11.004166666666666,14101.0,11403.0,RED_BASE,adc_in_base
EUW1_7696538446,100,6,6.0027,3368.0,843.0,BLUE_BASE,adc_in_base
EUW1_7696538481,100,9,9.004133333333334,1509.0,564.0,BLUE_BASE,adc_in_base
EUW1_7696539168,100,8,8.003616666666666,1262.0,986.0,BLUE_BASE,adc_in_base
EUW1_7696539168,200,8,8.003616666666666,11801.0,2425.0,BOT_SIDE_NEAR,adc_dead_with_xy
EUW1_7696539292,100,9,9.003866666666667,538.0,580.0,BLUE_BASE,adc_in_base
EUW1_7696539292,200,8,8.003333333333334,13847.0,12161.0,RED_BASE,adc_in_base
EUW1_7696540144,200,6,6.0034833333333335,14239.0,13569.0,RED_BASE,adc_in_base
EUW1_7696540367,200,9,9.003866666666667,10552.0,1260.0,BOT_LANE_CORE,adc_dead_with_xy
EUW1_7696541188,100,5,5.002666666666666,3239.0,752.0,BLUE_BASE,adc_in_base
EUW1_7696541398,100,9,9.003333333333334,10606.0,1686.0,BOT_LANE_CORE,adc_dead_with_xy
EUW1_7696541998,100,5,5.003216666666667,3100.0,742.0,BLUE_BASE,adc_in_base
EUW1_7696542245,100,11,11.004483333333333,12995.0,2732.0,BOT_LANE_CORE,adc_dead_with_xy
EUW1_7696542245,200,6,6.0029,14292.0,13585.0,RED_BASE,adc_in_base
EUW1_7696542245,200,11,11.004483333333333,12828.0,3233.0,BOT_LANE_CORE,adc_dead_with_xy
EUW1_7696542649,200,7,7.003733333333333,14258.0,13684.0,RED_BASE,adc_in_base
EUW1_7696542649,200,8,8.004183333333334,14154.0,13387.0,RED_BASE,adc_in_base
EUW1_7696543069,100,10,10.004566666666667,14111.0,4707.0,BOT_LANE_CORE,adc_dead_with_xy
EUW1_7696543069,200,7,7.003433333333334,14340.0,14391.0,RED_BASE,adc_in_base
EUW1_7696543069,200,11,11.0047,14247.0,14101.0,RED_BASE,adc_in_base
EUW1_7696543420,100,5,5.000366666666666,2344.0,621.0,BLUE_BASE,adc_in_base
EUW1_7696545520,200,7,7.0032,14340.0,14391.0,RED_BASE,adc_in_base
EUW1_7696546072,200,6,6.0030166666666664,14322.0,13867.0,RED_BASE,adc_in_base
EUW1_7696546072,200,11,11.0044,10752.0,1150.0,BOT_LANE_CORE,adc_dead_with_xy
EUW1_7696546254,200,7,7.003516666666667,14340.0,14391.0,RED_BASE,adc_in_base
EUW1_7696546254,200,11,11.004583333333333,13505.0,3302.0,BOT_LANE_CORE,adc_dead_with_xy
EUW1_7696546853,100,6,6.002716666666666,1700.0,642.0,BLUE_BASE,adc_in_base
EUW1_7696547714,200,9,9.004116666666667,14338.0,13966.0,RED_BASE,adc_in_base
EUW1_7696548102,100,6,6.0027,3746.0,842.0,BLUE_BASE,adc_in_base
EUW1_7696548102,200,9,9.0034,14272.0,14445.0,RED_BASE,adc_in_base
EUW1_7696548243,200,8,8.0038,12505.0,1294.0,BOT_LANE_CORE,adc_dead_with_xy
EUW1_7696548626,200,5,5.0029,14137.0,11731.0,RED_BASE,adc_in_base
EUW1_7696549509,100,8,8.003883333333333,1240.0,655.0,BLUE_BASE,adc_in_base
EUW1_7696549509,100,9,9.003966666666667,10629.0,2317.0,BOT_SIDE_NEAR,adc_dead_with_xy
EUW1_7696550338,200,10,10.001516666666667,14340.0,14391.0,RED_BASE,adc_in_base
EUW1_7696550412,200,8,8.001616666666667,14296.0,13995.0,RED_BASE,adc_in_base
EUW1_7696550412,200,10,10.001783333333334,11880.0,1421.0,BOT_LANE_CORE,adc_dead_with_xy
EUW1_7696550456,100,10,10.004216666666666,2900.0,671.0,BLUE_BASE,adc_in_base
EUW1_7696550456,200,8,8.003016666666667,14131.0,13685.0,RED_BASE,adc_in_base
EUW1_7696551179,100,8,8.004466666666668,542.0,490.0,BLUE_BASE,adc_in_base
EUW1_7696551179,200,6,6.0037666666666665,12936.0,3142.0,BOT_LANE_CORE,adc_dead_with_xy
EUW1_7696551179,200,11,11.00525,13902.0,3945.0,BOT_LANE_CORE,adc_dead_with_xy
EUW1_7696551751,100,6,6.00345,10358.0,2552.0,BOT_SIDE_NEAR,adc_dead_with_xy
EUW1_7696551751,200,6,6.00345,14167.0,13815.0,RED_BASE,adc_in_base
EUW1_7696551994,200,9,9.004233333333334,14269.0,13121.0,RED_BASE,adc_in_base
EUW1_7696552174,200,7,7.0033666666666665,14098.0,11300.0,RED_BASE,adc_in_base
EUW1_7696553641,200,7,7.003416666666666,13955.0,11807.0,RED_BASE,adc_in_base
EUW1_7696553641,200,8,8.003766666666667,13067.0,2212.0,BOT_LANE_CORE,adc_dead_with_xy
EUW1_7696553763,100,8,8.003566666666666,2383.0,778.0,BLUE_BASE,adc_in_base
EUW1_7696554381,200,5,5.001383333333333,14229.0,13395.0,RED_BASE,adc_in_base
EUW1_7696554381,200,10,10.003783333333333,14247.0,13656.0,RED_BASE,adc_in_base
EUW1_7696554579,100,8,8.0037,1302.0,560.0,BLUE_BASE,adc_in_base
EUW1_7696554579,200,10,10.004416666666666,14030.0,11397.0,RED_BASE,adc_in_base
EUW1_7696554579,200,11,11.00455,11861.0,2573.0,BOT_SIDE_NEAR,adc_dead_with_xy
EUW1_7696555277,100,10,10.004183333333334,3262.0,756.0,BLUE_BASE,adc_in_base
EUW1_7696555963,100,11,11.004516666666667,12205.0,4561.0,BOT_SIDE_NEAR,adc_dead_with_xy
EUW1_7696556402,100,11,11.004766666666667,2294.0,645.0,BLUE_BASE,adc_in_base
EUW1_7696558694,200,6,6.001383333333333,10822.0,1424.0,BOT_LANE_CORE,adc_dead_with_xy
EUW1_7696558694,200,7,7.0016,11703.0,2269.0,BOT_SIDE_NEAR,adc_dead_with_xy
EUW1_7696559012,200,5,5.0041166666666665,14340.0,14391.0,RED_BASE,adc_in_base
EUW1_7696559012,200,10,10.006016666666667,14297.0,14009.0,RED_BASE,adc_in_base
EUW1_7696559358,200,9,9.005316666666667,14340.0,14391.0,RED_BASE,adc_in_base
EUW1_7696559468,200,5,5.0030833333333335,14052.0,5333.0,BOT_LANE_CORE,adc_dead_with_xy
EUW1_7696559908,100,7,7.001266666666667,13025.0,2157.0,BOT_LANE_CORE,adc_dead_with_xy
EUW1_7696559908,100,10,10.002116666666666,9996.0,1103.0,BOT_LANE_CORE,adc_dead_with_xy
EUW1_7696560490,100,11,11.005016666666666,3626.0,1556.0,BLUE_BASE,adc_in_base
EUW1_7696560490,200,7,7.003633333333333,14531.0,13557.0,RED_BASE,adc_in_base
EUW1_7696560554,200,8,8.001716666666667,13192.0,3642.0,BOT_LANE_CORE,adc_dead_with_xy
EUW1_7696560554,200,10,10.003416666666666,14184.0,12899.0,RED_BASE,adc_in_base
EUW1_7696562111,200,5,5.0030833333333335,13882.0,11461.0,RED_BASE,adc_in_base
EUW1_7696562111,200,10,10.004733333333334,14207.0,13357.0,RED_BASE,adc_in_base
EUW1_7696562683,100,7,7.003733333333333,10169.0,1588.0,BOT_LANE_CORE,adc_dead_with_xy
EUW1_7696562683,100,8,8.004166666666666,13261.0,3660.0,BOT_LANE_CORE,adc_dead_with_xy
EUW1_7696562914,200,6,6.0032,14289.0,13611.0,RED_BASE,adc_in_base
EUW1_7696563130,100,8,8.0042,608.0,536.0,BLUE_BASE,adc_in_base
EUW1_7696563130,200,11,11.005166666666666,13482.0,11954.0,RED_BASE,adc_in_base
EUW1_7696563536,100,11,11.004666666666667,10466.0,1399.0,BOT_LANE_CORE,adc_dead_with_xy
EUW1_7696563536,200,7,7.0036,13242.0,4664.0,BOT_LANE_CORE,adc_dead_with_xy
EUW1_7696563536,200,10,10.004466666666668,13978.0,11287.0,RED_BASE,adc_in_base
EUW1_7696563746,100,7,7.004083333333333,1068.0,507.0,BLUE_BASE,adc_in_base
EUW1_7696564979,100,11,11.0052,1583.0,590.0,BLUE_BASE,adc_in_base
EUW1_7696565590,100,11,11.004966666666666,13726.0,4416.0,BOT_LANE_CORE,adc_dead_with_xy
EUW1_7696565590,200,11,11.004966666666666,14089.0,4736.0,BOT_LANE_CORE,adc_dead_with_xy
EUW1_7696566260,200,6,6.00115,13911.0,3581.0,BOT_LANE_CORE,adc_dead_with_xy
EUW1_7696567073,100,9,9.001983333333333,11304.0,1318.0,BOT_LANE_CORE,adc_dead_with_xy
EUW1_7696567323,100,10,10.0045,10760.0,913.0,BOT_LANE_CORE,adc_dead_with_xy
EUW1_7696567323,200,7,7.004,14043.0,11986.0,RED_BASE,adc_in_base
EUW1_7696567874,100,11,11.004483333333333,13458.0,2889.0,BOT_LANE_CORE,adc_dead_with_xy
EUW1_7696567874,200,11,11.004483333333333,13992.0,4146.0,BOT_LANE_CORE,adc_dead_with_xy
EUW1_7696568146,200,9,9.003733333333333,14340.0,14391.0,RED_BASE,adc_in_base
EUW1_7696568346,100,9,9.003966666666667,3611.0,1021.0,BLUE_BASE,adc_in_base
EUW1_7696568346,200,9,9.003966666666667,14185.0,13752.0,RED_BASE,adc_in_base
EUW1_7696569977,100,11,11.0051,12700.0,2178.0,BOT_LANE_CORE,adc_dead_with_xy
EUW1_7696570896,200,6,6.002633333333334,14325.0,13985.0,RED_BASE,adc_in_base
EUW1_7696571193,100,11,11.0047,394.0,461.0,BLUE_BASE,adc_in_base
EUW1_7696571193,200,10,10.004583333333333,14017.0,4452.0,BOT_LANE_CORE,adc_dead_with_xy
EUW1_7696571323,200,6,6.0033,10965.0,1952.0,BOT_LANE_CORE,adc_dead_with_xy
EUW1_7696571740,100,6,6.000633333333333,3579.0,867.0,BLUE_BASE,adc_in_base
EUW1_7696571740,100,7,7.0009,10236.0,865.0,BOT_LANE_CORE,adc_dead_with_xy
EUW1_7696573256,100,7,7.0037666666666665,2385.0,793.0,BLUE_BASE,adc_in_base
EUW1_7696573428,100,6,6.001266666666667,394.0,461.0,BLUE_BASE,adc_in_base
EUW1_7696573428,200,6,6.001266666666667,10551.0,1577.0,BOT_LANE_CORE,adc_dead_with_xy
EUW1_7696574334,100,9,9.003633333333333,2371.0,676.0,BLUE_BASE,adc_in_base
EUW1_7696574623,200,9,9.0047,13518.0,4723.0,BOT_LANE_CORE,adc_dead_with_xy
EUW1_7696574623,200,10,10.005166666666666,12786.0,3093.0,BOT_LANE_CORE,adc_dead_with_xy
EUW1_7696574648,100,11,11.003416666666666,2856.0,642.0,BLUE_BASE,adc_in_base
EUW1_7696574721,100,5,5.000966666666667,394.0,461.0,BLUE_BASE,adc_in_base
EUW1_7696574721,100,9,9.004,2081.0,641.0,BLUE_BASE,adc_in_base
EUW1_7696574721,100,10,10.004233333333334,12553.0,1453.0,BOT_LANE_CORE,adc_dead_with_xy
EUW1_7696574721,200,7,7.003383333333334,12524.0,2798.0,BOT_LANE_CORE,adc_dead_with_xy
EUW1_7696575700,100,9,9.001916666666666,789.0,512.0,BLUE_BASE,adc_in_base
EUW1_7696575700,100,10,10.0024,10734.0,2220.0,BOT_SIDE_NEAR,adc_dead_with_xy
EUW1_7696578068,100,10,10.00305,3642.0,1011.0,BLUE_BASE,adc_in_base
EUW1_7696578068,200,7,7.002516666666667,14124.0,12314.0,RED_BASE,adc_in_base
EUW1_7696578185,100,7,7.0038,10558.0,1199.0,BOT_LANE_CORE,adc_dead_with_xy
EUW1_7696578185,100,8,8.004083333333334,11570.0,2038.0,BOT_SIDE_NEAR,adc_dead_with_xy
EUW1_7696579161,100,9,9.00395,3514.0,907.0,BLUE_BASE,adc_in_base
EUW1_7696579484,100,6,6.003533333333333,12064.0,1852.0,BOT_LANE_CORE,adc_dead_with_xy
EUW1_7696579484,100,9,9.00405,10864.0,934.0,BOT_LANE_CORE,adc_dead_with_xy
EUW1_7696579484,200,8,8.003933333333332,14253.0,14025.0,RED_BASE,adc_in_base
EUW1_7696579582,100,11,11.004866666666667,7982.0,6668.0,MID_LANE,adc_dead_with_xy
EUW1_7696579649,200,6,6.003166666666667,11584.0,4347.0,BOT_SIDE_NEAR,adc_dead_with_xy
EUW1_7696581963,100,9,9.00385,11610.0,3554.0,BOT_SIDE_NEAR,adc_dead_with_xy
EUW1_7696581963,200,11,11.004716666666667,14128.0,11619.0,RED_BASE,adc_in_base
EUW1_7696582106,100,11,11.003666666666666,12178.0,4440.0,BOT_SIDE_NEAR,adc_dead_with_xy
EUW1_7696582106,200,7,7.00105,14340.0,14391.0,RED_BASE,adc_in_base
EUW1_7696582106,200,9,9.003633333333333,14161.0,12830.0,RED_BASE,adc_in_base
EUW1_7696582379,200,10,10.003016666666667,13234.0,3421.0,BOT_LANE_CORE,adc_dead_with_xy
EUW1_7696582508,200,10,10.004566666666667,13948.0,4147.0,BOT_LANE_CORE,adc_dead_with_xy
EUW1_7696583781,100,5,5.0016,2237.0,725.0,BLUE_BASE,adc_in_base
EUW1_7696583781,100,7,7.002233333333334,13045.0,3856.0,BOT_LANE_CORE,adc_dead_with_xy
EUW1_7696584014,100,7,7.001116666666666,10253.0,842.0,BOT_LANE_CORE,adc_dead_with_xy
EUW1_7696584014,200,5,5.000933333333333,14340.0,14391.0,RED_BASE,adc_in_base
EUW1_7696584759,100,6,6.0036,1052.0,547.0,BLUE_BASE,adc_in_base
EUW1_7696586280,200,5,5.002766666666667,13436.0,2960.0,BOT_LANE_CORE,adc_dead_with_xy
EUW1_7696586393,100,7,7.002666666666666,10818.0,1193.0,BOT_LANE_CORE,adc_dead_with_xy
EUW1_7696587393,200,8,8.004516666666667,14253.0,14121.0,RED_BASE,adc_in_base
EUW1_7696588335,200,8,8.00295,14084.0,11501.0,RED_BASE,adc_in_base
EUW1_7696588340,200,8,8.002166666666668,14137.0,12410.0,RED_BASE,adc_in_base
EUW1_7696590034,200,10,10.0051,13096.0,3690.0,BOT_LANE_CORE,adc_dead_with_xy
EUW1_7696590221,100,9,9.003916666666667,2003.0,652.0,BLUE_BASE,adc_in_base
EUW1_7696590221,200,5,5.0029,13262.0,3266.0,BOT_LANE_CORE,adc_dead_with_xy
EUW1_7696590221,200,9,9.003916666666667,14214.0,13439.0,RED_BASE,adc_in_base
EUW1_7696590643,100,5,5.003,394.0,461.0,BLUE_BASE,adc_in_base
EUW1_7696590643,200,7,7.003616666666667,14340.0,14391.0,RED_BASE,adc_in_base
EUW1_7696591931,200,8,8.00305,13728.0,4618.0,BOT_LANE_CORE,adc_dead_with_xy
EUW1_7696591931,200,10,10.0035,13822.0,4772.0,BOT_LANE_CORE,adc_dead_with_xy
EUW1_7696594434,100,5,5.003066666666666,394.0,461.0,BLUE_BASE,adc_in_base
EUW1_7696594434,200,11,11.004983333333334,14134.0,12205.0,RED_BASE,adc_in_base
EUW1_7696594896,200,10,10.0021,14274.0,13829.0,RED_BASE,adc_in_base
EUW1_7696595239,100,9,9.00435,13535.0,2611.0,BOT_LANE_CORE,adc_dead_with_xy
EUW1_7696595331,100,5,5.000883333333333,2414.0,674.0,BLUE_BASE,adc_in_base
EUW1_7696595331,200,5,5.000883333333333,14075.0,5156.0,BOT_LANE_CORE,adc_dead_with_xy
EUW1_7696595331,200,11,11.0018,14003.0,6868.0,BOT_LANE_CORE,adc_dead_with_xy
EUW1_7696595358,100,8,8.001533333333333,11388.0,1373.0,BOT_LANE_CORE,adc_dead_with_xy
EUW1_7696595455,100,8,8.00415,2778.0,713.0,BLUE_BASE,adc_in_base
EUW1_7696595455,200,11,11.004983333333334,14191.0,13551.0,RED_BASE,adc_in_base
EUW1_7696595465,200,7,7.002516666666667,14340.0,14391.0,RED_BASE,adc_in_base
EUW1_7696597742,100,10,10.00465,9684.0,826.0,BOT_LANE_CORE,adc_dead_with_xy
EUW1_7696598580,200,5,5.002966666666667,13960.0,13697.0,RED_BASE,adc_in_base
EUW1_7696598580,200,9,9.0035,13144.0,4176.0,BOT_LANE_CORE,adc_dead_with_xy
EUW1_7696598973,100,5,5.00285,2411.0,635.0,BLUE_BASE,adc_in_base
EUW1_7696598973,100,6,6.00305,7325.0,7188.0,MID_LANE,adc_dead_with_xy
EUW1_7696598973,100,11,11.004283333333333,13050.0,3482.0,BOT_LANE_CORE,adc_dead_with_xy
EUW1_7696598973,200,8,8.003583333333333,14169.0,12656.0,RED_BASE,adc_in_base
EUW1_7696599016,100,11,11.005483333333334,1141.0,492.0,BLUE_BASE,adc_in_base
EUW1_7696599090,200,8,8.003483333333334,14309.0,14304.0,RED_BASE,adc_in_base
EUW1_7696599907,100,11,11.004416666666666,1947.0,647.0,BLUE_BASE,adc_in_base
EUW1_7696600055,100,10,10.0035,1970.0,762.0,BLUE_BASE,adc_in_base
EUW1_7696600118,100,10,10.004983333333334,2871.0,755.0,BLUE_BASE,adc_in_base
EUW1_7696600540,200,9,9.004816666666667,14313.0,13955.0,RED_BASE,adc_in_base
EUW1_7696600893,100,11,11.004933333333334,13358.0,3158.0,BOT_LANE_CORE,adc_dead_with_xy
EUW1_7696601329,200,6,6.001783333333333,11331.0,1702.0,BOT_LANE_CORE,adc_dead_with_xy
EUW1_7696601329,200,7,7.0036,13423.0,4143.0,BOT_LANE_CORE,adc_dead_with_xy
EUW1_7696601329,200,11,11.004616666666667,14340.0,14391.0,RED_BASE,adc_in_base
EUW1_7696601899,100,8,8.00365,9988.0,836.0,BOT_LANE_CORE,adc_dead_with_xy
EUW1_7696601899,200,9,9.004083333333334,13935.0,11110.0,RED_BASE,adc_in_base
EUW1_7696601899,200,10,10.00425,13283.0,1111.0,BOT_LANE_CORE,adc_dead_with_xy
EUW1_7696602097,100,6,6.002983333333333,761.0,524.0,BLUE_BASE,adc_in_base
EUW1_7696602097,100,11,11.003816666666667,13885.0,3824.0,BOT_LANE_CORE,adc_dead_with_xy
EUW1_7696602097,200,11,11.003816666666667,14072.0,5104.0,BOT_LANE_CORE,adc_dead_with_xy
EUW1_7696602464,200,5,5.001416666666667,14210.0,13367.0,RED_BASE,adc_in_base
EUW1_7696602464,200,9,9.0039,14061.0,11287.0,RED_BASE,adc_in_base
EUW1_7696602668,200,5,5.002816666666667,12622.0,2817.0,BOT_LANE_CORE,adc_dead_with_xy
EUW1_7696602668,200,7,7.003066666666666,13382.0,3529.0,BOT_LANE_CORE,adc_dead_with_xy
EUW1_7696602697,100,11,11.0043,1016.0,565.0,BLUE_BASE,adc_in_base
EUW1_7696602697,200,6,6.002933333333333,14184.0,12485.0,RED_BASE,adc_in_base
EUW1_7696602730,200,5,5.002833333333333,13936.0,4656.0,BOT_LANE_CORE,adc_dead_with_xy
EUW1_7696603058,200,11,11.004866666666667,7511.0,3541.0,BLUE_BOT_JUNGLE,adc_dead_with_xy
EUW1_7696603392,100,7,7.0034,2279.0,676.0,BLUE_BASE,adc_in_base
EUW1_7696603392,100,8,8.003466666666666,1781.0,618.0,BLUE_BASE,adc_in_base
EUW1_7696603392,100,9,9.003883333333333,3154.0,730.0,BLUE_BASE,adc_in_base
EUW1_7696604233,100,6,6.0030166666666664,1612.0,815.0,BLUE_BASE,adc_in_base
EUW1_7696604233,100,10,10.003933333333332,13131.0,2183.0,BOT_LANE_CORE,adc_dead_with_xy
EUW1_7696604233,200,11,11.004033333333334,14111.0,11823.0,RED_BASE,adc_in_base
EUW1_7696605064,100,9,9.0038,9867.0,833.0,BOT_LANE_CORE,adc_dead_with_xy
EUW1_7696605064,100,10,10.00425,2040.0,739.0,BLUE_BASE,adc_in_base
EUW1_7696606328,100,11,11.003883333333333,3168.0,756.0,BLUE_BASE,adc_in_base
EUW1_7696606328,200,5,5.0011833333333335,14047.0,12090.0,RED_BASE,adc_in_base
EUW1_7696606328,200,7,7.0016,14168.0,13749.0,RED_BASE,adc_in_base
EUW1_7696607528,100,6,6.0032,3061.0,708.0,BLUE_BASE,adc_in_base
EUW1_7696607865,200,6,6.001666666666667,14089.0,12303.0,RED_BASE,adc_in_base
EUW1_7696607887,200,5,5.00305,14084.0,11233.0,RED_BASE,adc_in_base
EUW1_7696608086,100,5,5.000783333333334,394.0,461.0,BLUE_BASE,adc_in_base
EUW1_7696608086,100,7,7.002833333333333,1612.0,626.0,BLUE_BASE,adc_in_base
EUW1_7696608912,100,11,11.002883333333333,11692.0,2130.0,BOT_LANE_CORE,adc_dead_with_xy
EUW1_7696609145,100,9,9.00385,1647.0,618.0,BLUE_BASE,adc_in_base
EUW1_7696609145,200,9,9.00385,14329.0,14319.0,RED_BASE,adc_in_base
EUW1_7696609302,100,9,9.00405,10254.0,1307.0,BOT_LANE_CORE,adc_dead_with_xy
EUW1_7696609500,100,8,8.003766666666667,2834.0,784.0,BLUE_BASE,adc_in_base
EUW1_7696609500,200,10,10.004466666666668,13689.0,4900.0,BOT_LANE_CORE,adc_dead_with_xy
EUW1_7696610604,100,6,6.001016666666667,2924.0,757.0,BLUE_BASE,adc_in_base
EUW1_7696612002,200,6,6.00275,13995.0,11407.0,RED_BASE,adc_in_base
EUW1_7696612189,100,11,11.004116666666667,394.0,461.0,BLUE_BASE,adc_in_base
EUW1_7696612856,100,10,10.005066666666666,3331.0,855.0,BLUE_BASE,adc_in_base
EUW1_7696612913,100,5,5.001133333333334,920.0,579.0,BLUE_BASE,adc_in_base
EUW1_7696612913,100,11,11.004683333333332,2518.0,2623.0,BLUE_BASE,adc_in_base
EUW1_7696612913,200,5,5.001133333333334,14336.0,14337.0,RED_BASE,adc_in_base
EUW1_7696612913,200,10,10.004533333333333,14154.0,13129.0,RED_BASE,adc_in_base
EUW1_7696612913,200,11,11.004683333333332,12689.0,2806.0,BOT_LANE_CORE,adc_dead_with_xy
EUW1_7696613064,100,7,7.0030833333333335,2753.0,701.0,BLUE_BASE,adc_in_base
EUW1_7696613064,100,9,9.003566666666666,2248.0,715.0,BLUE_BASE,adc_in_base
EUW1_7696613064,200,7,7.0030833333333335,14027.0,11708.0,RED_BASE,adc_in_base
EUW1_7696613064,200,11,11.003783333333333,13431.0,2629.0,BOT_LANE_CORE,adc_dead_with_xy
EUW1_7696613484,200,6,6.001416666666667,12137.0,2317.0,BOT_LANE_CORE,adc_dead_with_xy
EUW1_7696614649,100,10,10.00465,394.0,461.0,BLUE_BASE,adc_in_base
EUW1_7696615660,200,8,8.003666666666666,14155.0,13756.0,RED_BASE,adc_in_base
EUW1_7696616144,100,11,11.005166666666666,13781.0,3893.0,BOT_LANE_CORE,adc_dead_with_xy
EUW1_7696616144,200,5,5.00335,14097.0,10984.0,RED_BASE,adc_in_base
EUW1_7696616531,100,7,7.0038833333333335,3453.0,812.0,BLUE_BASE,adc_in_base
EUW1_7696616531,100,10,10.0049,10386.0,812.0,BOT_LANE_CORE,adc_dead_with_xy
EUW1_7696616531,100,11,11.0051,7847.0,5339.0,BLUE_BOT_JUNGLE,adc_dead_with_xy
EUW1_7696618016,200,9,9.004516666666667,14273.0,13514.0,RED_BASE,adc_in_base
EUW1_7696618390,100,6,6.002983333333333,3328.0,741.0,BLUE_BASE,adc_in_base
EUW1_7696618390,200,9,9.0042,14027.0,11131.0,RED_BASE,adc_in_base
EUW1_7696618390,200,11,11.004616666666667,14313.0,13740.0,RED_BASE,adc_in_base
EUW1_7696618862,100,5,5.0027,2744.0,921.0,BLUE_BASE,adc_in_base
EUW1_7696618862,200,11,11.003983333333334,13407.0,4858.0,BOT_LANE_CORE,adc_dead_with_xy
EUW1_7696618946,200,11,11.00435,14089.0,11559.0,RED_BASE,adc_in_base
EUW1_7696619984,200,9,9.004016666666667,13185.0,12114.0,RED_BASE,adc_in_base
EUW1_7696620766,100,9,9.0034,10161.0,816.0,BOT_LANE_CORE,adc_dead_with_xy
EUW1_7696622324,100,8,8.003333333333334,3583.0,876.0,BLUE_BASE,adc_in_base
EUW1_7696622775,200,5,5.00095,14340.0,14391.0,RED_BASE,adc_in_base
EUW1_7696622775,200,10,10.00375,14040.0,13629.0,RED_BASE,adc_in_base
EUW1_7696623908,200,6,6.002283333333334,13932.0,11994.0,RED_BASE,adc_in_base
EUW1_7696623908,200,9,9.003616666666666,13463.0,11791.0,RED_BASE,adc_in_base
EUW1_7696623993,200,6,6.00395,14009.0,11265.0,RED_BASE,adc_in_base
EUW1_7696623993,200,7,7.004166666666666,14271.0,13936.0,RED_BASE,adc_in_base
EUW1_7696624896,100,6,6.0034,11525.0,3314.0,BOT_SIDE_NEAR,adc_dead_with_xy
EUW1_7696625540,100,5,5.00295,445.0,472.0,BLUE_BASE,adc_in_base
EUW1_7696625540,100,11,11.004216666666666,9856.0,1350.0,BOT_LANE_CORE,adc_dead_with_xy
EUW1_7696625540,200,11,11.004216666666666,10657.0,1731.0,BOT_LANE_CORE,adc_dead_with_xy
EUW1_7696625550,100,6,6.0033,1820.0,582.0,BLUE_BASE,adc_in_base
EUW1_7696625550,100,10,10.0044,3526.0,809.0,BLUE_BASE,adc_in_base
EUW1_7696625953,100,10,10.004183333333334,1494.0,653.0,BLUE_BASE,adc_in_base
EUW1_7696625953,200,8,8.003833333333333,12112.0,4683.0,BOT_SIDE_NEAR,adc_dead_with_xy
EUW1_7696626243,100,10,10.00445,1132.0,502.0,BLUE_BASE,adc_in_base
EUW1_7696626463,100,6,6.003033333333334,11544.0,2992.0,BOT_SIDE_NEAR,adc_dead_with_xy
EUW1_7696626490,200,7,7.002883333333333,14134.0,11690.0,RED_BASE,adc_in_base
EUW1_7696626887,200,6,6.000983333333333,11000.0,1911.0,BOT_LANE_CORE,adc_dead_with_xy
EUW1_7696629626,200,7,7.001216666666667,14251.0,13378.0,RED_BASE,adc_in_base
EUW1_7696631304,200,9,9.00395,14256.0,13652.0,RED_BASE,adc_in_base
EUW1_7696633642,100,9,9.00475,10223.0,878.0,BOT_LANE_CORE,adc_dead_with_xy
EUW1_7696633642,200,9,9.00475,10142.0,1058.0,BOT_LANE_CORE,adc_dead_with_xy
EUW1_7696633889,200,6,6.003316666666667,11942.0,2029.0,BOT_LANE_CORE,adc_dead_with_xy
EUW1_7696634061,200,6,6.003133333333333,13984.0,4705.0,BOT_LANE_CORE,adc_dead_with_xy
EUW1_7696634721,100,9,9.004416666666666,10437.0,1747.0,BOT_LANE_CORE,adc_dead_with_xy
EUW1_7696634721,200,5,5.003116666666667,14340.0,14391.0,RED_BASE,adc_in_base
EUW1_7696634721,200,9,9.004416666666666,10325.0,2272.0,BOT_SIDE_NEAR,adc_dead_with_xy
EUW1_7696635423,100,5,5.002316666666666,3244.0,811.0,BLUE_BASE,adc_in_base
EUW1_7696635423,200,5,5.002316666666666,14340.0,14391.0,RED_BASE,adc_in_base
EUW1_7696635458,100,9,9.003433333333334,13448.0,2523.0,BOT_LANE_CORE,adc_dead_with_xy
EUW1_7696635458,200,11,11.004083333333334,13878.0,11259.0,RED_BASE,adc_in_base
EUW1_7696635890,100,10,10.0038,10140.0,1069.0,BOT_LANE_CORE,adc_dead_with_xy
EUW1_7696636772,100,8,8.004183333333334,9456.0,1733.0,BOT_LANE_CORE,adc_dead_with_xy
EUW1_7696636772,100,10,10.005016666666666,12132.0,2579.0,BOT_LANE_CORE,adc_dead_with_xy
EUW1_7696636888,100,7,7.0042333333333335,394.0,461.0,BLUE_BASE,adc_in_base
EUW1_7696636888,100,9,9.00495,2918.0,671.0,BLUE_BASE,adc_in_base
EUW1_7696636888,200,5,5.003866666666666,14340.0,14391.0,RED_BASE,adc_in_base
EUW1_7696637462,100,11,11.003766666666667,3605.0,797.0,BLUE_BASE,adc_in_base
EUW1_7696637462,200,11,11.003766666666667,14214.0,12530.0,RED_BASE,adc_in_base
EUW1_7696639119,200,9,9.00375,13974.0,11341.0,RED_BASE,adc_in_base
EUW1_7696639597,200,9,9.003866666666667,14095.0,11592.0,RED_BASE,adc_in_base
EUW1_7696640329,100,11,11.004966666666666,10431.0,2802.0,BOT_SIDE_NEAR,adc_dead_with_xy
EUW1_7696640329,200,9,9.004183333333334,14340.0,14391.0,RED_BASE,adc_in_base
EUW1_7696641147,200,5,5.000916666666667,14207.0,13481.0,RED_BASE,adc_in_base
EUW1_7696641147,200,11,11.004066666666667,12494.0,13185.0,RED_BASE,adc_in_base
EUW1_7696641700,100,6,6.002933333333333,2993.0,666.0,BLUE_BASE,adc_in_base
EUW1_7696641700,100,11,11.003833333333333,993.0,613.0,BLUE_BASE,adc_in_base
EUW1_7696642532,100,6,6.002983333333333,12655.0,2697.0,BOT_LANE_CORE,adc_dead_with_xy
EUW1_7696644494,100,11,11.002916666666666,6799.0,6416.0,MID_LANE,adc_dead_with_xy
EUW1_7696644494,200,7,7.0015833333333335,14233.0,14076.0,RED_BASE,adc_in_base
EUW1_7696644507,100,11,11.0045,10289.0,2671.0,BOT_SIDE_NEAR,adc_dead_with_xy
EUW1_7696644507,200,7,7.003583333333333,14038.0,11310.0,RED_BASE,adc_in_base
EUW1_7696646079,100,11,11.004916666666666,10454.0,1271.0,BOT_LANE_CORE,adc_dead_with_xy
EUW1_7696646585,200,10,10.004333333333333,11759.0,1421.0,BOT_LANE_CORE,adc_dead_with_xy
EUW1_7696647204,100,6,6.00345,638.0,483.0,BLUE_BASE,adc_in_base
EUW1_7696648684,100,10,10.004966666666666,972.0,511.0,BLUE_BASE,adc_in_base
EUW1_7696648721,100,9,9.004,10377.0,1230.0,BOT_LANE_CORE,adc_dead_with_xy
EUW1_7696648827,100,11,11.004433333333333,1129.0,656.0,BLUE_BASE,adc_in_base
EUW1_7696648827,200,8,8.004116666666667,14031.0,11706.0,RED_BASE,adc_in_base
EUW1_7696648992,100,11,11.00445,13005.0,2695.0,BOT_LANE_CORE,adc_dead_with_xy
EUW1_7696649141,200,11,11.0048,14321.0,13496.0,RED_BASE,adc_in_base
EUW1_7696649640,200,9,9.004,13943.0,11893.0,RED_BASE,adc_in_base
EUW1_7696649640,200,10,10.0042,14100.0,12624.0,RED_BASE,adc_in_base
EUW1_7696649640,200,11,11.004366666666666,12802.0,1242.0,BOT_LANE_CORE,adc_dead_with_xy
EUW1_7696650124,200,8,8.003833333333333,14097.0,12064.0,RED_BASE,adc_in_base
EUW1_7696650229,100,9,9.003366666666667,10060.0,965.0,BOT_LANE_CORE,adc_dead_with_xy
EUW1_7696650310,100,8,8.0043,3374.0,829.0,BLUE_BASE,adc_in_base
EUW1_7696650310,200,7,7.003983333333333,13978.0,12308.0,RED_BASE,adc_in_base
EUW1_7696651265,100,7,7.001566666666666,12501.0,6130.0,RED_BOT_JUNGLE,adc_dead_with_xy
EUW1_7696651265,200,6,6.0011,11909.0,2586.0,BOT_SIDE_NEAR,adc_dead_with_xy
EUW1_7696651522,200,10,10.0048,14113.0,11218.0,RED_BASE,adc_in_base
EUW1_7696654421,100,9,9.004183333333334,11771.0,2164.0,BOT_LANE_CORE,adc_dead_with_xy
EUW1_7696655867,200,8,8.00325,13946.0,11568.0,RED_BASE,adc_in_base
EUW1_7696656096,200,9,9.00415,14340.0,14391.0,RED_BASE,adc_in_base
EUW1_7696656979,200,10,10.0046,14106.0,11567.0,RED_BASE,adc_in_base
EUW1_7696656985,100,6,6.003316666666667,3692.0,698.0,BLUE_BASE,adc_in_base
EUW1_7696656985,100,10,10.004516666666667,11739.0,3360.0,BOT_SIDE_NEAR,adc_dead_with_xy
EUW1_7696656985,200,6,6.003316666666667,13970.0,11287.0,RED_BASE,adc_in_base
EUW1_7696657623,100,5,5.002433333333333,2738.0,720.0,BLUE_BASE,adc_in_base
EUW1_7696657623,200,10,10.003766666666667,13974.0,11124.0,RED_BASE,adc_in_base
EUW1_7696658504,100,11,11.00445,783.0,449.0,BLUE_BASE,adc_in_base
EUW1_7696659083,200,5,5.00105,12510.0,2241.0,BOT_LANE_CORE,adc_dead_with_xy
EUW1_7696661556,100,9,9.005083333333333,1413.0,588.0,BLUE_BASE,adc_in_base
EUW1_7696661722,200,10,10.003533333333333,14333.0,13903.0,RED_BASE,adc_in_base
EUW1_7696661888,200,9,9.00425,14340.0,14391.0,RED_BASE,adc_in_base
EUW1_7696662512,200,6,6.003216666666667,14331.0,14342.0,RED_BASE,adc_in_base
EUW1_7696662512,200,7,7.00355,14226.0,13546.0,RED_BASE,adc_in_base
EUW1_7696663507,100,9,9.00325,11445.0,1322.0,BOT_LANE_CORE,adc_dead_with_xy
EUW1_7696663507,200,6,6.000983333333333,14141.0,13239.0,RED_BASE,adc_in_base
EUW1_7696663507,200,8,8.002983333333333,14215.0,13732.0,RED_BASE,adc_in_base
EUW1_7696664093,200,8,8.003966666666667,14344.0,14301.0,RED_BASE,adc_in_base
EUW1_7696664319,200,11,11.004566666666667,12149.0,1901.0,BOT_LANE_CORE,adc_dead_with_xy
EUW1_7696664470,100,5,5.001216666666667,2894.0,691.0,BLUE_BASE,adc_in_base
EUW1_7696664470,200,5,5.001216666666667,14292.0,13771.0,RED_BASE,adc_in_base
EUW1_7696664470,200,11,11.0043,14123.0,12081.0,RED_BASE,adc_in_base
EUW1_7696665489,100,7,7.003616666666667,13510.0,4010.0,BOT_LANE_CORE,adc_dead_with_xy
EUW1_7696665489,100,11,11.004383333333333,2576.0,736.0,BLUE_BASE,adc_in_base
EUW1_7696665670,200,8,8.003833333333333,13922.0,11408.0,RED_BASE,adc_in_base
EUW1_7696666264,200,5,5.002766666666667,14050.0,12089.0,RED_BASE,adc_in_base
EUW1_7696667454,200,9,9.003433333333334,13641.0,5209.0,BOT_LANE_CORE,adc_dead_with_xy
EUW1_7696668735,200,9,9.004,14208.0,12239.0,RED_BASE,adc_in_base
EUW1_7696669606,200,8,8.004233333333334,14106.0,12849.0,RED_BASE,adc_in_base
EUW1_7696669606,200,11,11.005016666666666,14026.0,4536.0,BOT_LANE_CORE,adc_dead_with_xy
EUW1_7696670593,100,7,7.003,10133.0,899.0,BOT_LANE_CORE,adc_dead_with_xy
EUW1_7696670593,200,11,11.003983333333334,14100.0,12741.0,RED_BASE,adc_in_base
EUW1_7696671199,200,9,9.0048,12650.0,1259.0,BOT_LANE_CORE,adc_dead_with_xy
EUW1_7696671312,200,10,10.004016666666667,14179.0,11361.0,RED_BASE,adc_in_base
EUW1_7696671520,200,5,5.000783333333334,11913.0,1197.0,BOT_LANE_CORE,adc_dead_with_xy
EUW1_7696671815,100,8,8.003816666666667,3058.0,700.0,BLUE_BASE,adc_in_base
EUW1_7696671815,200,5,5.002983333333333,14254.0,13471.0,RED_BASE,adc_in_base
EUW1_7696672752,100,7,7.0036,552.0,484.0,BLUE_BASE,adc_in_base
EUW1_7696674421,200,7,7.00175,14312.0,14009.0,RED_BASE,adc_in_base
EUW1_7696675600,100,8,8.00355,1198.0,530.0,BLUE_BASE,adc_in_base
EUW1_7696675600,100,11,11.0046,12313.0,3209.0,BOT_SIDE_NEAR,adc_dead_with_xy
EUW1_7696675685,200,11,11.00485,11800.0,2352.0,BOT_SIDE_NEAR,adc_dead_with_xy
EUW1_7696676798,200,7,7.003583333333333,13046.0,2979.0,BOT_LANE_CORE,adc_dead_with_xy
EUW1_7696677160,200,8,8.003433333333334,14281.0,13640.0,RED_BASE,adc_in_base
EUW1_7696677160,200,10,10.004166666666666,14340.0,14391.0,RED_BASE,adc_in_base
EUW1_7696677160,200,11,11.004566666666667,14040.0,4554.0,BOT_LANE_CORE,adc_dead_with_xy
EUW1_7696677649,200,10,10.0037,14018.0,11497.0,RED_BASE,adc_in_base
EUW1_7696679184,100,7,7.0033,3340.0,766.0,BLUE_BASE,adc_in_base
EUW1_7696679637,100,9,9.003683333333333,3492.0,821.0,BLUE_BASE,adc_in_base
EUW1_7696679637,200,5,5.002566666666667,13877.0,5471.0,BOT_LANE_CORE,adc_dead_with_xy
EUW1_7696679637,200,10,10.004166666666666,14340.0,14391.0,RED_BASE,adc_in_base
EUW1_7696679646,200,6,6.003283333333333,11453.0,3856.0,BOT_SIDE_NEAR,adc_dead_with_xy
EUW1_7696679677,200,11,11.0042,13038.0,4058.0,BOT_LANE_CORE,adc_dead_with_xy
EUW1_7696679732,100,6,6.0033,1389.0,591.0,BLUE_BASE,adc_in_base
EUW1_7696679732,200,8,8.003566666666666,14253.0,13172.0,RED_BASE,adc_in_base
EUW1_7696680131,200,9,9.004416666666666,13875.0,12382.0,RED_BASE,adc_in_base
EUW1_7696680558,100,10,10.003933333333332,394.0,461.0,BLUE_BASE,adc_in_base
EUW1_7696680692,100,10,10.00355,1477.0,828.0,BLUE_BASE,adc_in_base
EUW1_7696680898,200,7,7.0035,13805.0,13248.0,RED_BASE,adc_in_base
EUW1_7696680898,200,10,10.00425,13880.0,11477.0,RED_BASE,adc_in_base
EUW1_7696681013,100,8,8.001783333333334,2744.0,772.0,BLUE_BASE,adc_in_base
EUW1_7696682112,200,7,7.00345,14227.0,14320.0,RED_BASE,adc_in_base
EUW1_7696682112,200,9,9.004016666666667,13886.0,14110.0,RED_BASE,adc_in_base
EUW1_7696682597,200,6,6.003916666666667,14278.0,13871.0,RED_BASE,adc_in_base
EUW1_7696682857,100,6,6.00285,394.0,461.0,BLUE_BASE,adc_in_base
EUW1_7696683856,100,8,8.003083333333333,13879.0,4291.0,BOT_LANE_CORE,adc_dead_with_xy
EUW1_7696683856,100,10,10.00365,12200.0,1890.0,BOT_LANE_CORE,adc_dead_with_xy
EUW1_7696683856,200,8,8.003083333333333,14178.0,11959.0,RED_BASE,adc_in_base
EUW1_7696684092,100,6,6.001716666666667,394.0,461.0,BLUE_BASE,adc_in_base
EUW1_7696684941,100,7,7.0014,10392.0,2923.0,BOT_SIDE_NEAR,adc_dead_with_xy
EUW1_7696684941,200,6,6.00105,13916.0,12089.0,RED_BASE,adc_in_base
EUW1_7696684941,200,10,10.002083333333333,13993.0,11341.0,RED_BASE,adc_in_base
EUW1_7696685187,100,10,10.004366666666666,9790.0,1068.0,BOT_LANE_CORE,adc_dead_with_xy
EUW1_7696685187,200,6,6.0014666666666665,9572.0,808.0,BOT_LANE_CORE,adc_dead_with_xy
EUW1_7696685187,200,8,8.003666666666666,14340.0,14391.0,RED_BASE,adc_in_base
EUW1_7696686354,100,8,8.00155,613.0,478.0,BLUE_BASE,adc_in_base
EUW1_7696687824,100,7,7.00345,1961.0,601.0,BLUE_BASE,adc_in_base
EUW1_7696688029,100,9,9.004233333333334,1018.0,665.0,BLUE_BASE,adc_in_base
EUW1_7696688762,200,10,10.003683333333333,13742.0,11983.0,RED_BASE,adc_in_base
EUW1_7696690707,100,10,10.004233333333334,13326.0,4483.0,BOT_LANE_CORE,adc_dead_with_xy
EUW1_7696690707,200,7,7.003516666666667,13936.0,11341.0,RED_BASE,adc_in_base
EUW1_7696692004,200,9,9.00465,13855.0,6541.0,BOT_LANE_CORE,adc_dead_with_xy
EUW1_7696693053,100,5,5.001316666666667,1094.0,531.0,BLUE_BASE,adc_in_base
EUW1_7696693053,100,11,11.004833333333334,3641.0,754.0,BLUE_BASE,adc_in_base
EUW1_7696693053,200,11,11.004833333333334,11809.0,1952.0,BOT_LANE_CORE,adc_dead_with_xy
EUW1_7696693187,100,7,7.001516666666666,10287.0,1610.0,BOT_LANE_CORE,adc_dead_with_xy
EUW1_7696693187,100,8,8.00205,11462.0,1112.0,BOT_LANE_CORE,adc_dead_with_xy
EUW1_7696693187,200,7,7.001516666666666,10794.0,1870.0,BOT_LANE_CORE,adc_dead_with_xy
EUW1_7696694368,100,9,9.003733333333333,2014.0,805.0,BLUE_BASE,adc_in_base
EUW1_7696694368,200,11,11.004833333333334,14340.0,14391.0,RED_BASE,adc_in_base
EUW1_7696694735,200,6,6.00275,14622.0,14206.0,RED_BASE,adc_in_base
EUW1_7696694735,200,9,9.003383333333334,12437.0,2133.0,BOT_LANE_CORE,adc_dead_with_xy
EUW1_7696694735,200,11,11.00385,14204.0,11111.0,RED_BASE,adc_in_base
EUW1_7696695027,100,10,10.004883333333334,2625.0,677.0,BLUE_BASE,adc_in_base
EUW1_7696697039,100,11,11.0041,2285.0,777.0,BLUE_BASE,adc_in_base
EUW1_7696697039,200,9,9.003366666666667,14145.0,13205.0,RED_BASE,adc_in_base
EUW1_7696697632,100,10,10.004466666666668,3292.0,770.0,BLUE_BASE,adc_in_base
EUW1_7696699191,100,5,5.002683333333334,447.0,571.0,BLUE_BASE,adc_in_base
EUW1_7696700347,200,8,8.003766666666667,12864.0,2489.0,BOT_LANE_CORE,adc_dead_with_xy
EUW1_7696700347,200,11,11.004416666666666,14229.0,13025.0,RED_BASE,adc_in_base
EUW1_7696700908,200,11,11.003966666666667,13133.0,2776.0,BOT_LANE_CORE,adc_dead_with_xy
EUW1_7696701285,100,7,7.003666666666667,1264.0,729.0,BLUE_BASE,adc_in_base
EUW1_7696701285,100,11,11.004283333333333,11750.0,2564.0,BOT_SIDE_NEAR,adc_dead_with_xy
EUW1_7696702045,100,10,10.0048,2487.0,669.0,BLUE_BASE,adc_in_base
EUW1_7696702290,200,7,7.001616666666667,14154.0,11245.0,RED_BASE,adc_in_base
EUW1_7696702290,200,8,8.001783333333334,14171.0,11677.0,RED_BASE,adc_in_base
EUW1_7696703280,100,9,9.003583333333333,13051.0,4420.0,BOT_LANE_CORE,adc_dead_with_xy
EUW1_7696703970,100,9,9.003966666666667,1021.0,527.0,BLUE_BASE,adc_in_base
EUW1_7696705016,100,5,5.0026166666666665,11555.0,1796.0,BOT_LANE_CORE,adc_dead_with_xy
EUW1_7696705016,200,11,11.003966666666667,14009.0,12760.0,RED_BASE,adc_in_base
EUW1_7696705631,100,5,5.00085,3212.0,751.0,BLUE_BASE,adc_in_base
EUW1_7696705631,200,8,8.002933333333333,13693.0,4502.0,BOT_LANE_CORE,adc_dead_with_xy
EUW1_7696705636,100,8,8.003633333333333,554.0,495.0,BLUE_BASE,adc_in_base
EUW1_7696705636,200,9,9.004166666666666,14216.0,12352.0,RED_BASE,adc_in_base
EUW1_7696705802,100,7,7.003816666666666,2487.0,810.0,BLUE_BASE,adc_in_base
EUW1_7696705802,200,6,6.0037,14092.0,5667.0,BOT_LANE_CORE,adc_dead_with_xy
EUW1_7696706295,100,6,6.00305,3140.0,830.0,BLUE_BASE,adc_in_base
EUW1_7696706295,100,8,8.004,11930.0,1577.0,BOT_LANE_CORE,adc_dead_with_xy
EUW1_7696706295,100,9,9.004416666666666,12218.0,1388.0,BOT_LANE_CORE,adc_dead_with_xy
EUW1_7696706579,200,8,8.0037,14340.0,14391.0,RED_BASE,adc_in_base
EUW1_7696706745,100,10,10.004,12112.0,2235.0,BOT_LANE_CORE,adc_dead_with_xy
EUW1_7696706953,100,8,8.004,13204.0,3706.0,BOT_LANE_CORE,adc_dead_with_xy
EUW1_7696707811,100,8,8.0034,2350.0,831.0,BLUE_BASE,adc_in_base
EUW1_7696708973,200,7,7.004083333333333,13925.0,12434.0,RED_BASE,adc_in_base
EUW1_7696709255,200,5,5.00245,14255.0,13506.0,RED_BASE,adc_in_base
EUW1_7696709255,200,10,10.003816666666667,14117.0,11525.0,RED_BASE,adc_in_base
EUW1_7696709548,100,6,6.00345,394.0,461.0,BLUE_BASE,adc_in_base
EUW1_7696709724,100,8,8.003366666666667,417.0,464.0,BLUE_BASE,adc_in_base
EUW1_7696709724,100,10,10.004116666666667,1213.0,651.0,BLUE_BASE,adc_in_base
EUW1_7696709724,100,11,11.004616666666667,12671.0,1375.0,BOT_LANE_CORE,adc_dead_with_xy
EUW1_7696709920,200,7,7.003783333333334,14221.0,13763.0,RED_BASE,adc_in_base
EUW1_7696712443,200,5,5.002933333333333,14340.0,14391.0,RED_BASE,adc_in_base
EUW1_7696713161,200,8,8.004116666666667,14228.0,14091.0,RED_BASE,adc_in_base
EUW1_7696715477,100,8,8.003666666666666,13411.0,3587.0,BOT_LANE_CORE,adc_dead_with_xy
EUW1_7696715477,200,8,8.003666666666666,13068.0,3453.0,BOT_LANE_CORE,adc_dead_with_xy
EUW1_7696715756,200,5,5.00125,14034.0,14175.0,RED_BASE,adc_in_base
EUW1_7696716119,200,11,11.003716666666667,12259.0,13023.0,RED_BASE,adc_in_base
EUW1_7696716319,200,9,9.003533333333333,14126.0,11985.0,RED_BASE,adc_in_base
EUW1_7696718263,200,5,5.003033333333334,13267.0,3772.0,BOT_LANE_CORE,adc_dead_with_xy
EUW1_7696718782,100,8,8.003616666666666,10854.0,1709.0,BOT_LANE_CORE,adc_dead_with_xy
EUW1_7696721128,100,10,10.003233333333334,2807.0,622.0,BLUE_BASE,adc_in_base
EUW1_7696721128,200,5,5.000883333333333,14334.0,14346.0,RED_BASE,adc_in_base
EUW1_7696722570,100,6,6.0012,13438.0,2670.0,BOT_LANE_CORE,adc_dead_with_xy
EUW1_7696722570,100,10,10.003883333333333,2038.0,576.0,BLUE_BASE,adc_in_base
EUW1_7696722821,100,10,10.004616666666667,2682.0,632.0,BLUE_BASE,adc_in_base
EUW1_7696722821,200,5,5.0026,14097.0,12226.0,RED_BASE,adc_in_base
EUW1_7696722821,200,10,10.004616666666667,14340.0,14391.0,RED_BASE,adc_in_base
EUW1_7696723879,100,7,7.003333333333333,10559.0,1180.0,BOT_LANE_CORE,adc_dead_with_xy
EUW1_7696724301,200,10,10.004,14090.0,13143.0,RED_BASE,adc_in_base
EUW1_7696724370,100,7,7.003033333333334,394.0,461.0,BLUE_BASE,adc_in_base
EUW1_7696724370,200,7,7.003033333333334,13313.0,11476.0,RED_BASE,adc_in_base
EUW1_7696724435,200,10,10.003216666666667,12673.0,3093.0,BOT_LANE_CORE,adc_dead_with_xy
EUW1_7696724744,100,5,5.001033333333333,1504.0,575.0,BLUE_BASE,adc_in_base
EUW1_7696725251,100,8,8.00375,11287.0,1618.0,BOT_LANE_CORE,adc_dead_with_xy
EUW1_7696725251,200,7,7.003266666666667,14275.0,14103.0,RED_BASE,adc_in_base
EUW1_7696726618,100,10,10.00455,3063.0,644.0,BLUE_BASE,adc_in_base
EUW1_7696726618,100,11,11.0047,11161.0,1617.0,BOT_LANE_CORE,adc_dead_with_xy
EUW1_7696728480,100,5,5.002783333333333,10358.0,1375.0,BOT_LANE_CORE,adc_dead_with_xy
EUW1_7696728480,200,10,10.003883333333333,11832.0,1628.0,BOT_LANE_CORE,adc_dead_with_xy
EUW1_7696728762,100,7,7.003383333333334,2897.0,636.0,BLUE_BASE,adc_in_base
EUW1_7696728769,100,7,7.004066666666667,394.0,461.0,BLUE_BASE,adc_in_base
EUW1_7696728769,200,7,7.004066666666667,14340.0,14391.0,RED_BASE,adc_in_base
EUW1_7696729410,200,6,6.00145,12819.0,2076.0,BOT_LANE_CORE,adc_dead_with_xy
EUW1_7696729410,200,7,7.00165,13050.0,3433.0,BOT_LANE_CORE,adc_dead_with_xy
EUW1_7696729410,200,11,11.005,14340.0,14391.0,RED_BASE,adc_in_base
EUW1_7696730480,100,7,7.004,12645.0,1952.0,BOT_LANE_CORE,adc_dead_with_xy
EUW1_7696730480,100,11,11.005233333333333,1428.0,1088.0,BLUE_BASE,adc_in_base
EUW1_7696730848,100,6,6.0023,3731.0,998.0,BLUE_BASE,adc_in_base
EUW1_7696730868,100,6,6.003033333333334,2823.0,732.0,BLUE_BASE,adc_in_base
EUW1_7696730868,100,11,11.00485,3363.0,934.0,BLUE_BASE,adc_in_base
EUW1_7696731431,100,11,11.004266666666666,2016.0,793.0,BLUE_BASE,adc_in_base
EUW1_7696731431,200,9,9.003616666666666,11988.0,1920.0,BOT_LANE_CORE,adc_dead_with_xy
EUW1_7696731431,200,11,11.004266666666666,14340.0,14391.0,RED_BASE,adc_in_base
EUW1_7696732783,100,10,10.004,879.0,502.0,BLUE_BASE,adc_in_base
EUW1_7696732955,100,8,8.00425,758.0,509.0,BLUE_BASE,adc_in_base
EUW1_7696734907,200,6,6.00275,14300.0,14003.0,RED_BASE,adc_in_base
EUW1_7696734961,100,9,9.003583333333333,10855.0,914.0,BOT_LANE_CORE,adc_dead_with_xy
EUW1_7696734961,100,10,10.003733333333333,9321.0,981.0,BOT_LANE_CORE,adc_dead_with_xy
EUW1_7696734961,200,8,8.003066666666667,14226.0,13256.0,RED_BASE,adc_in_base
EUW1_7696736956,100,6,6.0029,12282.0,2456.0,BOT_LANE_CORE,adc_dead_with_xy
EUW1_7696737113,100,6,6.00175,1655.0,575.0,BLUE_BASE,adc_in_base
EUW1_7696737113,100,9,9.003916666666667,1345.0,2317.0,BLUE_BASE,adc_in_base
EUW1_7696737180,200,10,10.004666666666667,14078.0,12718.0,RED_BASE,adc_in_base
EUW1_7696737238,100,8,8.004316666666666,10787.0,1393.0,BOT_LANE_CORE,adc_dead_with_xy
EUW1_7696737238,100,11,11.0052,9235.0,1920.0,BOT_SIDE_NEAR,adc_dead_with_xy
EUW1_7696738835,100,9,9.003483333333334,6165.0,7825.0,MID_LANE,adc_dead_with_xy
EUW1_7696738835,200,5,5.000966666666667,13825.0,10961.0,RED_BASE,adc_in_base
EUW1_7696739176,200,6,6.00375,12626.0,2246.0,BOT_LANE_CORE,adc_dead_with_xy
EUW1_7696740314,100,6,6.003033333333334,1171.0,613.0,BLUE_BASE,adc_in_base
EUW1_7696740314,100,10,10.004166666666666,595.0,486.0,BLUE_BASE,adc_in_base
EUW1_7696740314,200,11,11.004183333333334,14334.0,14280.0,RED_BASE,adc_in_base
EUW1_7696740344,100,11,11.004883333333334,10750.0,2021.0,BOT_SIDE_NEAR,adc_dead_with_xy
EUW1_7696741193,100,7,7.001716666666667,1761.0,653.0,BLUE_BASE,adc_in_base
EUW1_7696741242,100,9,9.003633333333333,657.0,569.0,BLUE_BASE,adc_in_base
EUW1_7696741242,200,11,11.004216666666666,13858.0,11193.0,RED_BASE,adc_in_base
EUW1_7696741567,200,8,8.003583333333333,13320.0,4656.0,BOT_LANE_CORE,adc_dead_with_xy
EUW1_7696742230,100,5,5.001283333333333,647.0,483.0,BLUE_BASE,adc_in_base
EUW1_7696742230,100,6,6.0015,7838.0,6811.0,MID_LANE,adc_dead_with_xy
EUW1_7696742485,200,5,5.0007,14170.0,14300.0,RED_BASE,adc_in_base
EUW1_7696742485,200,8,8.0013,14059.0,5173.0,BOT_LANE_CORE,adc_dead_with_xy
EUW1_7696742485,200,9,9.003116666666667,9085.0,6701.0,RIVER_BOT,adc_dead_with_xy
EUW1_7696742485,200,11,11.004,10301.0,3257.0,BOT_SIDE_NEAR,adc_dead_with_xy
EUW1_7696746405,100,5,5.001166666666666,1227.0,576.0,BLUE_BASE,adc_in_base
EUW1_7696746405,100,6,6.001666666666667,13122.0,3781.0,BOT_LANE_CORE,adc_dead_with_xy
EUW1_7696746405,100,11,11.004466666666668,12242.0,4600.0,BOT_SIDE_NEAR,adc_dead_with_xy
EUW1_7696746405,200,6,6.001666666666667,13466.0,4682.0,BOT_LANE_CORE,adc_dead_with_xy
EUW1_7696746545,100,5,5.002116666666667,3742.0,982.0,BLUE_BASE,adc_in_base
EUW1_7696748758,100,9,9.00415,394.0,461.0,BLUE_BASE,adc_in_base
EUW1_7696749249,100,11,11.0044,10163.0,853.0,BOT_LANE_CORE,adc_dead_with_xy
EUW1_7696749249,200,10,10.004383333333333,14024.0,11968.0,RED_BASE,adc_in_base
EUW1_7696749249,200,11,11.0044,9543.0,1296.0,BOT_LANE_CORE,adc_dead_with_xy
EUW1_7696749885,100,10,10.0049,10384.0,2931.0,BOT_SIDE_NEAR,adc_dead_with_xy
EUW1_7696750243,100,8,8.00385,3548.0,860.0,BLUE_BASE,adc_in_base
EUW1_7696750243,100,10,10.004633333333333,3033.0,771.0,BLUE_BASE,adc_in_base
EUW1_7696751500,100,9,9.004233333333334,2342.0,678.0,BLUE_BASE,adc_in_base
EUW1_7696751891,100,10,10.004,11203.0,1504.0,BOT_LANE_CORE,adc_dead_with_xy
EUW1_7696752684,100,10,10.004233333333334,2336.0,825.0,BLUE_BASE,adc_in_base
EUW1_7696752684,200,5,5.00255,12134.0,3586.0,BOT_SIDE_NEAR,adc_dead_with_xy
EUW1_7696752684,200,10,10.004233333333334,14151.0,12551.0,RED_BASE,adc_in_base
EUW1_7696753661,100,7,7.003716666666667,10714.0,953.0,BOT_LANE_CORE,adc_dead_with_xy
EUW1_7696753661,200,10,10.00435,14050.0,12169.0,RED_BASE,adc_in_base
EUW1_7696755294,100,7,7.003833333333334,394.0,461.0,BLUE_BASE,adc_in_base
EUW1_7696755366,200,7,7.003466666666666,11114.0,1528.0,BOT_LANE_CORE,adc_dead_with_xy
EUW1_7696755415,200,9,9.0037,14252.0,14177.0,RED_BASE,adc_in_base
EUW1_7696758839,100,9,9.0043,7654.0,4978.0,BLUE_BOT_JUNGLE,adc_dead_with_xy
EUW1_7696758839,200,7,7.003716666666667,14340.0,14391.0,RED_BASE,adc_in_base
EUW1_7696759612,100,11,11.0049,11989.0,6532.0,RED_BOT_JUNGLE,adc_dead_with_xy
EUW1_7696759612,200,8,8.00405,13399.0,3070.0,BOT_LANE_CORE,adc_dead_with_xy
EUW1_7696759724,100,5,5.00345,11858.0,2718.0,BOT_SIDE_NEAR,adc_dead_with_xy
EUW1_7696761426,200,5,5.002666666666666,10645.0,4688.0,DRAGON_AREA,adc_dead_with_xy
EUW1_7696761426,200,8,8.00315,14270.0,14192.0,RED_BASE,adc_in_base
EUW1_7696761426,200,9,9.00325,13363.0,4944.0,BOT_LANE_CORE,adc_dead_with_xy
EUW1_7696761678,100,6,6.003133333333333,12589.0,2356.0,BOT_LANE_CORE,adc_dead_with_xy
EUW1_7696761747,100,10,10.004383333333333,3683.0,730.0,BLUE_BASE,adc_in_base
EUW1_7696761790,200,5,5.00285,14049.0,12744.0,RED_BASE,adc_in_base
EUW1_7696762987,100,5,5.002883333333333,10621.0,864.0,BOT_LANE_CORE,adc_dead_with_xy
EUW1_7696762987,200,5,5.002883333333333,14344.0,14340.0,RED_BASE,adc_in_base
EUW1_7696762987,200,6,6.002933333333333,13820.0,4164.0,BOT_LANE_CORE,adc_dead_with_xy
EUW1_7696763944,200,8,8.0035,13785.0,4750.0,BOT_LANE_CORE,adc_dead_with_xy
EUW1_7696763944,200,11,11.004633333333333,14222.0,12065.0,RED_BASE,adc_in_base
EUW1_7696766329,100,7,7.003433333333334,13004.0,1842.0,BOT_LANE_CORE,adc_dead_with_xy
EUW1_7696766945,200,11,11.004066666666667,13005.0,2926.0,BOT_LANE_CORE,adc_dead_with_xy
EUW1_7696769596,100,11,11.004433333333333,394.0,461.0,BLUE_BASE,adc_in_base
EUW1_7696770347,200,6,6.0027,14340.0,14391.0,RED_BASE,adc_in_base
EUW1_7696771564,100,8,8.004483333333333,394.0,461.0,BLUE_BASE,adc_in_base
EUW1_7696771564,100,10,10.00525,3016.0,632.0,BLUE_BASE,adc_in_base
EUW1_7696771564,200,11,11.00575,14199.0,12604.0,RED_BASE,adc_in_base
EUW1_7696771593,100,10,10.003966666666667,394.0,461.0,BLUE_BASE,adc_in_base
EUW1_7696771593,200,10,10.003966666666667,14014.0,11540.0,RED_BASE,adc_in_base
EUW1_7696771596,200,9,9.003816666666667,14256.0,13600.0,RED_BASE,adc_in_base
EUW1_7696773147,100,9,9.0019,1862.0,778.0,BLUE_BASE,adc_in_base
EUW1_7696774209,200,11,11.004066666666667,14318.0,14155.0,RED_BASE,adc_in_base
EUW1_7696774482,100,8,8.00385,1969.0,606.0,BLUE_BASE,adc_in_base
EUW1_7696774992,100,7,7.0030833333333335,3265.0,833.0,BLUE_BASE,adc_in_base
EUW1_7696774992,100,8,8.003366666666667,3575.0,787.0,BLUE_BASE,adc_in_base
EUW1_7696775842,100,9,9.005066666666666,1587.0,671.0,BLUE_BASE,adc_in_base
EUW1_7696776698,100,5,5.003116666666667,394.0,461.0,BLUE_BASE,adc_in_base
EUW1_7696777075,100,6,6.003216666666667,1670.0,618.0,BLUE_BASE,adc_in_base
EUW1_7696777075,200,9,9.004183333333334,14195.0,12410.0,RED_BASE,adc_in_base
EUW1_7696777751,100,11,11.004816666666667,461.0,506.0,BLUE_BASE,adc_in_base
EUW1_7696777848,100,7,7.003233333333333,875.0,542.0,BLUE_BASE,adc_in_base
EUW1_7696778125,200,11,11.00465,13337.0,3250.0,BOT_LANE_CORE,adc_dead_with_xy
EUW1_7696778185,100,8,8.004133333333334,9399.0,3592.0,BOT_SIDE_NEAR,adc_dead_with_xy
EUW1_7696779994,100,7,7.0013,2451.0,882.0,BLUE_BASE,adc_in_base
EUW1_7696781323,100,9,9.004316666666666,2850.0,834.0,BLUE_BASE,adc_in_base
EUW1_7696781323,200,10,10.004583333333333,14023.0,4762.0,BOT_LANE_CORE,adc_dead_with_xy
EUW1_7696782705,100,5,5.00275,13384.0,2183.0,BOT_LANE_CORE,adc_dead_with_xy
EUW1_7696782705,200,5,5.00275,13062.0,2778.0,BOT_LANE_CORE,adc_dead_with_xy
EUW1_7696783112,200,9,9.00365,14171.0,13076.0,RED_BASE,adc_in_base
EUW1_7696783668,200,7,7.003333333333333,12967.0,12756.0,RED_BASE,adc_in_base
EUW1_7696783889,100,8,8.0021,2679.0,744.0,BLUE_BASE,adc_in_base
EUW1_7696785098,100,6,6.002833333333333,10376.0,2258.0,BOT_SIDE_NEAR,adc_dead_with_xy
EUW1_7696785098,100,7,7.003283333333333,2101.0,755.0,BLUE_BASE,adc_in_base
EUW1_7696785098,100,10,10.004233333333334,1257.0,680.0,BLUE_BASE,adc_in_base
EUW1_7696786064,200,10,10.00365,10820.0,1637.0,BOT_LANE_CORE,adc_dead_with_xy
EUW1_7696786332,100,8,8.003933333333332,1364.0,602.0,BLUE_BASE,adc_in_base
EUW1_7696786332,200,5,5.001266666666667,12566.0,1462.0,BOT_LANE_CORE,adc_dead_with_xy
EUW1_7696786602,100,9,9.004616666666667,2033.0,653.0,BLUE_BASE,adc_in_base
EUW1_7696786667,100,9,9.001833333333334,9864.0,842.0,BOT_LANE_CORE,adc_dead_with_xy
EUW1_7696788148,200,7,7.003633333333333,14144.0,12304.0,RED_BASE,adc_in_base
EUW1_7696788275,100,6,6.00135,11595.0,5582.0,BOT_SIDE_NEAR,adc_dead_with_xy
EUW1_7696788518,200,8,8.004133333333334,14324.0,14205.0,RED_BASE,adc_in_base
EUW1_7696788976,100,9,9.003766666666667,394.0,461.0,BLUE_BASE,adc_in_base
EUW1_7696788976,200,5,5.0027,11146.0,1266.0,BOT_LANE_CORE,adc_dead_with_xy
EUW1_7696790424,100,9,9.004166666666666,13126.0,2138.0,BOT_LANE_CORE,adc_dead_with_xy
EUW1_7696790424,200,7,7.003433333333334,14340.0,14391.0,RED_BASE,adc_in_base
EUW1_7696790424,200,9,9.004166666666666,12447.0,3245.0,BOT_SIDE_NEAR,adc_dead_with_xy
EUW1_7696790567,200,10,10.004816666666667,14340.0,14391.0,RED_BASE,adc_in_base
EUW1_7696791323,200,11,11.004933333333334,13837.0,4780.0,BOT_LANE_CORE,adc_dead_with_xy
EUW1_7696791423,200,9,9.003383333333334,13903.0,13707.0,RED_BASE,adc_in_base
EUW1_7696791637,100,8,8.003316666666667,500.0,474.0,BLUE_BASE,adc_in_base
EUW1_7696791637,200,8,8.003316666666667,14273.0,13681.0,RED_BASE,adc_in_base
EUW1_7696791909,200,8,8.002966666666667,14198.0,12200.0,RED_BASE,adc_in_base
EUW1_7696791909,200,9,9.003383333333334,13975.0,11113.0,RED_BASE,adc_in_base
EUW1_7696791909,200,10,10.00375,9608.0,1414.0,BOT_LANE_CORE,adc_dead_with_xy
EUW1_7696791909,200,11,11.0041,14095.0,4511.0,BOT_LANE_CORE,adc_dead_with_xy
EUW1_7696792501,200,6,6.00395,14256.0,13918.0,RED_BASE,adc_in_base
EUW1_7696793251,100,5,5.000966666666667,13744.0,3027.0,BOT_LANE_CORE,adc_dead_with_xy
EUW1_7696793251,200,7,7.001666666666667,13957.0,11516.0,RED_BASE,adc_in_base
EUW1_7696793251,200,8,8.00195,14340.0,14391.0,RED_BASE,adc_in_base
EUW1_7696793463,100,9,9.004133333333334,1535.0,573.0,BLUE_BASE,adc_in_base
EUW1_7696793463,100,10,10.004416666666666,1837.0,622.0,BLUE_BASE,adc_in_base
EUW1_7696793463,200,6,6.00365,14291.0,13837.0,RED_BASE,adc_in_base
EUW1_7696793644,100,11,11.00495,13672.0,3517.0,BOT_LANE_CORE,adc_dead_with_xy
EUW1_7696793644,200,9,9.00445,14340.0,14391.0,RED_BASE,adc_in_base
EUW1_7696793840,100,10,10.003966666666667,2715.0,752.0,BLUE_BASE,adc_in_base
EUW1_7696793999,100,9,9.004133333333334,10272.0,1460.0,BOT_LANE_CORE,adc_dead_with_xy
EUW1_7696794016,200,10,10.004,12354.0,2472.0,BOT_LANE_CORE,adc_dead_with_xy
EUW1_7696794839,100,7,7.003666666666667,1476.0,653.0,BLUE_BASE,adc_in_base
EUW1_7696794839,200,6,6.003183333333333,13335.0,2255.0,BOT_LANE_CORE,adc_dead_with_xy
EUW1_7696797231,200,6,6.0015833333333335,11223.0,1905.0,BOT_LANE_CORE,adc_dead_with_xy
EUW1_7696797287,100,10,10.003683333333333,10248.0,833.0,BOT_LANE_CORE,adc_dead_with_xy
EUW1_7696797553,100,10,10.005083333333333,11158.0,1053.0,BOT_LANE_CORE,adc_dead_with_xy
EUW1_7696797870,100,10,10.004033333333334,9889.0,817.0,BOT_LANE_CORE,adc_dead_with_xy
EUW1_7696797948,100,6,6.0038833333333335,13294.0,1129.0,BOT_LANE_CORE,adc_dead_with_xy
EUW1_7696798072,200,7,7.0034833333333335,14088.0,11082.0,RED_BASE,adc_in_base
EUW1_7696798269,100,9,9.004383333333333,2801.0,783.0,BLUE_BASE,adc_in_base
EUW1_7696798269,200,11,11.004633333333333,14110.0,12803.0,RED_BASE,adc_in_base
EUW1_7696800170,200,10,10.003966666666667,12150.0,4745.0,BOT_SIDE_NEAR,adc_dead_with_xy
EUW1_7696800310,100,11,11.004683333333332,11326.0,1425.0,BOT_LANE_CORE,adc_dead_with_xy
EUW1_7696800310,200,9,9.004266666666666,14328.0,14291.0,RED_BASE,adc_in_base
EUW1_7696800369,100,6,6.003383333333334,10464.0,1255.0,BOT_LANE_CORE,adc_dead_with_xy
EUW1_7696800757,100,5,5.002516666666667,394.0,461.0,BLUE_BASE,adc_in_base
EUW1_7696800757,200,5,5.002516666666667,14033.0,11924.0,RED_BASE,adc_in_base
EUW1_7696800757,200,9,9.003333333333334,13945.0,3803.0,BOT_LANE_CORE,adc_dead_with_xy
EUW1_7696800807,100,11,11.004,2824.0,623.0,BLUE_BASE,adc_in_base
EUW1_7696800807,200,10,10.003933333333332,14176.0,12973.0,RED_BASE,adc_in_base
EUW1_7696800890,100,10,10.00505,1942.0,843.0,BLUE_BASE,adc_in_base
EUW1_7696800890,200,6,6.003433333333334,12617.0,2858.0,BOT_LANE_CORE,adc_dead_with_xy
EUW1_7696801464,100,10,10.004866666666667,10372.0,1238.0,BOT_LANE_CORE,adc_dead_with_xy
EUW1_7696801464,200,8,8.004083333333334,14210.0,12729.0,RED_BASE,adc_in_base
EUW1_7696803798,100,7,7.00315,13037.0,3409.0,BOT_LANE_CORE,adc_dead_with_xy
EUW1_7696803798,200,7,7.00315,13548.0,3722.0,BOT_LANE_CORE,adc_dead_with_xy
EUW1_7696803798,200,11,11.004816666666667,11976.0,3271.0,BOT_SIDE_NEAR,adc_dead_with_xy
EUW1_7696805064,100,11,11.004583333333333,11033.0,1163.0,BOT_LANE_CORE,adc_dead_with_xy
EUW1_7696805580,100,10,10.00515,10389.0,1467.0,BOT_LANE_CORE,adc_dead_with_xy
EUW1_7696805580,200,11,11.005316666666667,14278.0,12446.0,RED_BASE,adc_in_base
EUW1_7696806142,100,8,8.004016666666667,1163.0,568.0,BLUE_BASE,adc_in_base
EUW1_7696806142,100,10,10.004616666666667,3048.0,811.0,BLUE_BASE,adc_in_base
EUW1_7696806142,100,11,11.004616666666667,12591.0,2283.0,BOT_LANE_CORE,adc_dead_with_xy
EUW1_7696806142,200,6,6.00335,13793.0,3180.0,BOT_LANE_CORE,adc_dead_with_xy
EUW1_7696806655,200,11,11.004566666666667,6766.0,7384.0,MID_LANE,adc_dead_with_xy
EUW1_7696809170,100,5,5.002816666666667,2898.0,704.0,BLUE_BASE,adc_in_base
EUW1_7696810772,100,6,6.002933333333333,2402.0,764.0,BLUE_BASE,adc_in_base
EUW1_7696810772,100,7,7.003466666666666,13067.0,3700.0,BOT_LANE_CORE,adc_dead_with_xy
EUW1_7696812220,100,11,11.004133333333334,12638.0,3205.0,BOT_LANE_CORE,adc_dead_with_xy
EUW1_7696812220,200,10,10.004033333333334,13619.0,12202.0,RED_BASE,adc_in_base
EUW1_7696813287,200,5,5.0030166666666664,14317.0,14107.0,RED_BASE,adc_in_base
EUW1_7696813287,200,10,10.00415,14340.0,14391.0,RED_BASE,adc_in_base
EUW1_7696813516,100,9,9.003833333333333,869.0,606.0,BLUE_BASE,adc_in_base
EUW1_7696816493,100,6,6.00345,11780.0,1736.0,BOT_LANE_CORE,adc_dead_with_xy
EUW1_7696816493,200,9,9.00455,13831.0,11033.0,RED_BASE,adc_in_base
EUW1_7696816493,200,10,10.004683333333332,14180.0,13830.0,RED_BASE,adc_in_base
EUW1_7696817101,100,5,5.0030833333333335,2249.0,661.0,BLUE_BASE,adc_in_base
EUW1_7696817101,200,10,10.004083333333334,13433.0,7793.0,BOT_LANE_CORE,adc_dead_with_xy
EUW1_7696817331,100,9,9.004333333333333,3124.0,1405.0,BLUE_BASE,adc_in_base
EUW1_7696817939,200,7,7.003316666666667,13838.0,3986.0,BOT_LANE_CORE,adc_dead_with_xy
EUW1_7696820592,100,10,10.004233333333334,3205.0,842.0,BLUE_BASE,adc_in_base
EUW1_7696820592,200,11,11.004616666666667,14216.0,12845.0,RED_BASE,adc_in_base
EUW1_7696821681,100,10,10.004633333333333,14078.0,4438.0,BOT_LANE_CORE,adc_dead_with_xy
EUW1_7696821681,100,11,11.004966666666666,9114.0,3685.0,BOT_SIDE_NEAR,adc_dead_with_xy
EUW1_7696821681,200,5,5.0030166666666664,13971.0,11642.0,RED_BASE,adc_in_base
EUW1_7696823188,200,5,5.002516666666667,13385.0,2522.0,BOT_LANE_CORE,adc_dead_with_xy
EUW1_7696823828,100,5,5.002816666666667,3048.0,839.0,BLUE_BASE,adc_in_base
EUW1_7696823828,100,9,9.00405,1215.0,619.0,BLUE_BASE,adc_in_base
EUW1_7696824729,200,6,6.003,12644.0,2578.0,BOT_LANE_CORE,adc_dead_with_xy
EUW1_7696825692,100,9,9.003966666666667,2543.0,776.0,BLUE_BASE,adc_in_base
EUW1_7696825692,200,10,10.004066666666667,14340.0,14391.0,RED_BASE,adc_in_base
EUW1_7696826898,100,7,7.0037666666666665,10215.0,1389.0,BOT_LANE_CORE,adc_dead_with_xy
EUW1_7696827785,100,11,11.005,1935.0,716.0,BLUE_BASE,adc_in_base
EUW1_7696827785,200,11,11.005,14056.0,12315.0,RED_BASE,adc_in_base
EUW1_7696828153,200,5,5.0026,14340.0,14391.0,RED_BASE,adc_in_base
EUW1_7696828830,200,7,7.002783333333333,10865.0,2385.0,BOT_SIDE_NEAR,adc_dead_with_xy
EUW1_7696828930,100,6,6.0037666666666665,3713.0,925.0,BLUE_BASE,adc_in_base
EUW1_7696829357,200,9,9.002933333333333,10747.0,4838.0,BOT_SIDE_NEAR,adc_dead_with_xy
EUW1_7696832768,200,5,5.00325,13668.0,4447.0,BOT_LANE_CORE,adc_dead_with_xy
EUW1_7696832768,200,10,10.004633333333333,13551.0,1377.0,BOT_LANE_CORE,adc_dead_with_xy
EUW1_7696833092,200,10,10.005233333333333,14300.0,13821.0,RED_BASE,adc_in_base
EUW1_7696834600,100,8,8.004283333333333,1297.0,536.0,BLUE_BASE,adc_in_base
EUW1_7696834600,200,9,9.00445,13996.0,11968.0,RED_BASE,adc_in_base
EUW1_7696834621,200,10,10.004233333333334,14042.0,11865.0,RED_BASE,adc_in_base
EUW1_7696834774,200,9,9.003666666666666,13592.0,12354.0,RED_BASE,adc_in_base
EUW1_7696834895,100,6,6.002966666666667,3059.0,769.0,BLUE_BASE,adc_in_base
EUW1_7696834895,100,11,11.00355,718.0,464.0,BLUE_BASE,adc_in_base
EUW1_7696834895,200,5,5.002883333333333,14210.0,12567.0,RED_BASE,adc_in_base
EUW1_7696836382,100,6,6.003,670.0,501.0,BLUE_BASE,adc_in_base
EUW1_7696836382,200,8,8.0033,14077.0,11432.0,RED_BASE,adc_in_base
EUW1_7696836414,200,7,7.003433333333334,13971.0,11165.0,RED_BASE,adc_in_base
EUW1_7696836414,200,9,9.004033333333334,13950.0,10992.0,RED_BASE,adc_in_base
EUW1_7696836414,200,11,11.004283333333333,14340.0,14391.0,RED_BASE,adc_in_base
EUW1_7696837470,200,7,7.003,13304.0,2028.0,BOT_LANE_CORE,adc_dead_with_xy
EUW1_7696837470,200,9,9.003383333333334,14083.0,11968.0,RED_BASE,adc_in_base
EUW1_7696837848,200,7,7.004466666666667,11186.0,1930.0,BOT_LANE_CORE,adc_dead_with_xy
EUW1_7696837977,100,8,8.005,10660.0,861.0,BOT_LANE_CORE,adc_dead_with_xy
EUW1_7696837977,100,10,10.005316666666667,919.0,469.0,BLUE_BASE,adc_in_base
EUW1_7696838982,100,5,5.0007166666666665,2093.0,679.0,BLUE_BASE,adc_in_base
EUW1_7696838982,100,6,6.000916666666667,13094.0,3686.0,BOT_LANE_CORE,adc_dead_with_xy
EUW1_7696838982,100,8,8.003283333333334,1010.0,521.0,BLUE_BASE,adc_in_base
EUW1_7696838982,200,10,10.00395,14014.0,11426.0,RED_BASE,adc_in_base
EUW1_7696839388,200,8,8.003183333333334,11354.0,4151.0,BOT_SIDE_NEAR,adc_dead_with_xy
EUW1_7696840268,100,8,8.00205,13384.0,5407.0,BOT_LANE_CORE,adc_dead_with_xy
EUW1_7696840268,200,11,11.005033333333333,13542.0,3633.0,BOT_LANE_CORE,adc_dead_with_xy
EUW1_7696841259,200,11,11.004983333333334,13035.0,2455.0,BOT_LANE_CORE,adc_dead_with_xy
EUW1_7696842009,100,10,10.004483333333333,10221.0,1556.0,BOT_LANE_CORE,adc_dead_with_xy
EUW1_7696842009,200,8,8.00425,14224.0,13122.0,RED_BASE,adc_in_base
EUW1_7696842725,100,7,7.00335,394.0,461.0,BLUE_BASE,adc_in_base
EUW1_7696842725,200,9,9.00395,14057.0,12022.0,RED_BASE,adc_in_base
EUW1_7696844039,100,11,11.004583333333333,3066.0,852.0,BLUE_BASE,adc_in_base
EUW1_7696844491,100,9,9.004166666666666,10939.0,933.0,BOT_LANE_CORE,adc_dead_with_xy
EUW1_7696844807,100,11,11.005433333333333,12573.0,4504.0,BOT_SIDE_NEAR,adc_dead_with_xy
EUW1_7696844807,200,11,11.005433333333333,13954.0,11545.0,RED_BASE,adc_in_base
EUW1_7696845160,200,11,11.00625,14162.0,14071.0,RED_BASE,adc_in_base
EUW1_7696845730,200,11,11.0056,10605.0,4554.0,DRAGON_AREA,adc_dead_with_xy
EUW1_7696846036,200,10,10.004183333333334,10816.0,1377.0,BOT_LANE_CORE,adc_dead_with_xy
EUW1_7696848383,100,10,10.004416666666666,10216.0,808.0,BOT_LANE_CORE,adc_dead_with_xy
EUW1_7696848383,200,6,6.003283333333333,13967.0,13665.0,RED_BASE,adc_in_base
EUW1_7696848383,200,11,11.004516666666667,12888.0,2946.0,BOT_LANE_CORE,adc_dead_with_xy
EUW1_7696849930,200,6,6.0014666666666665,14188.0,13792.0,RED_BASE,adc_in_base
EUW1_7696851087,200,7,7.003466666666666,14200.0,12968.0,RED_BASE,adc_in_base
EUW1_7696852857,100,8,8.003566666666666,11159.0,1918.0,BOT_LANE_CORE,adc_dead_with_xy
EUW1_7696852857,200,11,11.004433333333333,13402.0,2434.0,BOT_LANE_CORE,adc_dead_with_xy
EUW1_7696853185,100,11,11.0048,12481.0,2415.0,BOT_LANE_CORE,adc_dead_with_xy
EUW1_7696854284,200,9,9.004233333333334,12806.0,2374.0,BOT_LANE_CORE,adc_dead_with_xy
EUW1_7696854284,200,10,10.00435,14022.0,4736.0,BOT_LANE_CORE,adc_dead_with_xy
EUW1_7696855433,100,6,6.001416666666667,2978.0,698.0,BLUE_BASE,adc_in_base
EUW1_7696855433,200,5,5.0012,13395.0,4477.0,BOT_LANE_CORE,adc_dead_with_xy
EUW1_7696855576,100,7,7.003566666666667,14030.0,5541.0,BOT_LANE_CORE,adc_dead_with_xy
EUW1_7696855576,200,7,7.003566666666667,13826.0,5190.0,BOT_LANE_CORE,adc_dead_with_xy
EUW1_7696855892,100,8,8.003183333333334,394.0,461.0,BLUE_BASE,adc_in_base
EUW1_7696855892,200,6,6.002866666666667,12913.0,2726.0,BOT_LANE_CORE,adc_dead_with_xy
EUW1_7696855892,200,9,9.003683333333333,14128.0,13552.0,RED_BASE,adc_in_base
EUW1_7696857905,100,8,8.004133333333334,3139.0,840.0,BLUE_BASE,adc_in_base
EUW1_7696858118,200,7,7.0032,14340.0,14391.0,RED_BASE,adc_in_base
EUW1_7696858118,200,9,9.003866666666667,14220.0,13844.0,RED_BASE,adc_in_base
EUW1_7696858147,200,9,9.0041,11804.0,1290.0,BOT_LANE_CORE,adc_dead_with_xy
EUW1_7696858262,100,5,5.0027333333333335,11702.0,2026.0,BOT_LANE_CORE,adc_dead_with_xy
EUW1_7696858262,100,8,8.003033333333333,644.0,511.0,BLUE_BASE,adc_in_base
EUW1_7696859505,100,9,9.0044,12004.0,2770.0,BOT_SIDE_NEAR,adc_dead_with_xy
EUW1_7696861944,200,9,9.00445,13193.0,2274.0,BOT_LANE_CORE,adc_dead_with_xy
EUW1_7696863368,100,6,6.003316666666667,11500.0,1196.0,BOT_LANE_CORE,adc_dead_with_xy
EUW1_7696863368,100,10,10.00465,11217.0,1721.0,BOT_LANE_CORE,adc_dead_with_xy
EUW1_7696863368,200,11,11.005183333333333,14078.0,11100.0,RED_BASE,adc_in_base
EUW1_7696864714,100,7,7.003833333333334,2946.0,668.0,BLUE_BASE,adc_in_base
EUW1_7696864714,100,10,10.0047,1064.0,579.0,BLUE_BASE,adc_in_base
EUW1_7696864714,200,7,7.003833333333334,14008.0,11472.0,RED_BASE,adc_in_base
EUW1_7696865767,100,8,8.0038,12188.0,2930.0,BOT_SIDE_NEAR,adc_dead_with_xy
EUW1_7696865767,100,10,10.00405,13415.0,2678.0,BOT_LANE_CORE,adc_dead_with_xy
EUW1_7696865767,200,6,6.0029,14150.0,13936.0,RED_BASE,adc_in_base
EUW1_7696866519,100,10,10.0046,394.0,461.0,BLUE_BASE,adc_in_base
EUW1_7696868305,100,11,11.004633333333333,10563.0,882.0,BOT_LANE_CORE,adc_dead_with_xy
EUW1_7696868305,200,6,6.002983333333333,14147.0,12204.0,RED_BASE,adc_in_base
EUW1_7696868305,200,10,10.00435,14020.0,11645.0,RED_BASE,adc_in_base
EUW1_7696868305,200,11,11.004633333333333,10681.0,2173.0,BOT_SIDE_NEAR,adc_dead_with_xy
EUW1_7696870678,200,8,8.0042,14332.0,14163.0,RED_BASE,adc_in_base
EUW1_7696870688,100,5,5.00345,13400.0,3220.0,BOT_LANE_CORE,adc_dead_with_xy
EUW1_7696870688,100,10,10.004866666666667,9808.0,795.0,BOT_LANE_CORE,adc_dead_with_xy
EUW1_7696871653,100,6,6.0038,394.0,461.0,BLUE_BASE,adc_in_base
EUW1_7696871653,200,8,8.004783333333334,12693.0,2714.0,BOT_LANE_CORE,adc_dead_with_xy
EUW1_7696872993,100,7,7.003983333333333,12369.0,1882.0,BOT_LANE_CORE,adc_dead_with_xy
EUW1_7696872993,200,11,11.005883333333333,14340.0,14391.0,RED_BASE,adc_in_base
EUW1_7696873665,200,8,8.004233333333334,13616.0,2807.0,BOT_LANE_CORE,adc_dead_with_xy
EUW1_7696874840,100,7,7.003066666666666,9896.0,1346.0,BOT_LANE_CORE,adc_dead_with_xy
EUW1_7696874840,200,5,5.0025,13994.0,11428.0,RED_BASE,adc_in_base
EUW1_7696875368,100,7,7.003933333333333,3499.0,823.0,BLUE_BASE,adc_in_base
EUW1_7696876301,100,6,6.0039,1283.0,577.0,BLUE_BASE,adc_in_base
EUW1_7696877646,100,9,9.0038,11119.0,1568.0,BOT_LANE_CORE,adc_dead_with_xy
EUW1_7696877646,200,8,8.003366666666667,13720.0,12118.0,RED_BASE,adc_in_base
EUW1_7696878537,100,5,5.003683333333333,2020.0,634.0,BLUE_BASE,adc_in_base
EUW1_7696878537,100,9,9.00485,2926.0,688.0,BLUE_BASE,adc_in_base
EUW1_7696878599,100,6,6.002816666666667,2190.0,653.0,BLUE_BASE,adc_in_base
EUW1_7696878599,100,10,10.0039,11675.0,3937.0,BOT_SIDE_NEAR,adc_dead_with_xy
EUW1_7696878754,100,8,8.003783333333333,10009.0,1199.0,BOT_LANE_CORE,adc_dead_with_xy
EUW1_7696878754,100,11,11.0043,522.0,469.0,BLUE_BASE,adc_in_base
EUW1_7696879277,100,10,10.005083333333333,2940.0,701.0,BLUE_BASE,adc_in_base
EUW1_7696879277,200,7,7.00405,14089.0,12618.0,RED_BASE,adc_in_base
EUW1_7696880531,200,5,5.001133333333334,13483.0,3769.0,BOT_LANE_CORE,adc_dead_with_xy
EUW1_7696880845,100,8,8.004733333333334,3325.0,799.0,BLUE_BASE,adc_in_base
EUW1_7696880845,100,10,10.005166666666666,953.0,1427.0,BLUE_BASE,adc_in_base
EUW1_7696880937,100,6,6.00315,8528.0,918.0,BOT_LANE_CORE,adc_dead_with_xy
EUW1_7696881353,200,8,8.004033333333334,14353.0,14267.0,RED_BASE,adc_in_base
EUW1_7696881353,200,10,10.005066666666666,13961.0,4756.0,BOT_LANE_CORE,adc_dead_with_xy
EUW1_7696882119,100,6,6.00335,10297.0,1694.0,BOT_LANE_CORE,adc_dead_with_xy
EUW1_7696882119,200,7,7.0036,14203.0,12678.0,RED_BASE,adc_in_base
EUW1_7696882733,200,11,11.003966666666667,14060.0,13940.0,RED_BASE,adc_in_base
EUW1_7696882888,200,9,9.004233333333334,14313.0,14093.0,RED_BASE,adc_in_base
EUW1_7696882888,200,10,10.004266666666666,12790.0,2944.0,BOT_LANE_CORE,adc_dead_with_xy
EUW1_7696883584,200,10,10.0043,13904.0,4087.0,BOT_LANE_CORE,adc_dead_with_xy
EUW1_7696884535,100,7,7.003516666666667,602.0,378.0,BLUE_BASE,adc_in_base
EUW1_7696884535,200,11,11.00445,11465.0,962.0,BOT_LANE_CORE,adc_dead_with_xy
EUW1_7696885031,100,10,10.0049,2548.0,731.0,BLUE_BASE,adc_in_base
EUW1_7696885171,200,8,8.001883333333334,13959.0,11198.0,RED_BASE,adc_in_base
EUW1_7696885442,200,5,5.001283333333333,12486.0,2826.0,BOT_LANE_CORE,adc_dead_with_xy
EUW1_7696885893,200,7,7.004283333333333,14170.0,12804.0,RED_BASE,adc_in_base
EUW1_7696885893,200,9,9.005116666666666,14076.0,12265.0,RED_BASE,adc_in_base
EUW1_7696886827,100,11,11.0022,11030.0,940.0,BOT_LANE_CORE,adc_dead_with_xy
EUW1_7696887186,100,6,6.002916666666667,11057.0,904.0,BOT_LANE_CORE,adc_dead_with_xy
EUW1_7696887186,100,9,9.003983333333334,11563.0,4572.0,BOT_SIDE_NEAR,adc_dead_with_xy
EUW1_7696887186,200,7,7.00325,12381.0,2907.0,BOT_LANE_CORE,adc_dead_with_xy
EUW1_7696889284,100,6,6.003566666666667,804.0,539.0,BLUE_BASE,adc_in_base
EUW1_7696889618,100,9,9.004516666666667,11555.0,3805.0,BOT_SIDE_NEAR,adc_dead_with_xy
EUW1_7696889618,100,10,10.004966666666666,11751.0,2426.0,BOT_SIDE_NEAR,adc_dead_with_xy
EUW1_7696889618,200,9,9.004516666666667,14117.0,12507.0,RED_BASE,adc_in_base
EUW1_7696890422,200,8,8.001733333333334,14222.0,12015.0,RED_BASE,adc_in_base
EUW1_7696890939,100,8,8.004466666666668,14047.0,5882.0,BOT_LANE_CORE,adc_dead_with_xy
EUW1_7696890939,200,8,8.004466666666668,14249.0,13584.0,RED_BASE,adc_in_base
EUW1_7696891177,100,6,6.003433333333334,3028.0,785.0,BLUE_BASE,adc_in_base
EUW1_7696891177,200,9,9.003983333333334,14266.0,13219.0,RED_BASE,adc_in_base
EUW1_7696891269,100,5,5.002466666666667,394.0,461.0,BLUE_BASE,adc_in_base
EUW1_7696892126,200,5,5.0027333333333335,14041.0,12665.0,RED_BASE,adc_in_base
EUW1_7696892756,200,10,10.004666666666667,13991.0,5240.0,BOT_LANE_CORE,adc_dead_with_xy
EUW1_7696893536,100,8,8.003583333333333,10596.0,850.0,BOT_LANE_CORE,adc_dead_with_xy
EUW1_7696893536,100,10,10.004333333333333,3310.0,642.0,BLUE_BASE,adc_in_base
EUW1_7696893780,200,8,8.003666666666666,14203.0,13837.0,RED_BASE,adc_in_base
EUW1_7696893961,100,9,9.00405,10358.0,901.0,BOT_LANE_CORE,adc_dead_with_xy
EUW1_7696893961,100,10,10.004083333333334,13079.0,3551.0,BOT_LANE_CORE,adc_dead_with_xy
EUW1_7696893961,200,5,5.000966666666667,14028.0,11476.0,RED_BASE,adc_in_base
EUW1_7696896842,200,5,5.002816666666667,14147.0,11262.0,RED_BASE,adc_in_base
EUW1_7696898303,100,11,11.004883333333334,13526.0,2336.0,BOT_LANE_CORE,adc_dead_with_xy
EUW1_7696898303,200,7,7.004033333333333,14340.0,14391.0,RED_BASE,adc_in_base
EUW1_7696898505,100,11,11.0043,3483.0,720.0,BLUE_BASE,adc_in_base
EUW1_7696899007,100,8,8.003966666666667,12022.0,1432.0,BOT_LANE_CORE,adc_dead_with_xy
EUW1_7696899007,200,8,8.003966666666667,12020.0,2211.0,BOT_LANE_CORE,adc_dead_with_xy
EUW1_7696900131,200,5,5.00315,14026.0,12142.0,RED_BASE,adc_in_base
EUW1_7696900389,200,9,9.003216666666667,13695.0,5283.0,BOT_LANE_CORE,adc_dead_with_xy
EUW1_7696900581,100,9,9.004666666666667,999.0,710.0,BLUE_BASE,adc_in_base
EUW1_7696901415,200,10,10.00445,14340.0,14391.0,RED_BASE,adc_in_base
EUW1_7696901658,100,9,9.001733333333334,13792.0,3382.0,BOT_LANE_CORE,adc_dead_with_xy
EUW1_7696901658,100,11,11.003816666666667,10278.0,1121.0,BOT_LANE_CORE,adc_dead_with_xy
EUW1_7696901892,100,6,6.0008333333333335,3337.0,831.0,BLUE_BASE,adc_in_base
EUW1_7696902428,100,11,11.0044,3221.0,1452.0,BLUE_BASE,adc_in_base
EUW1_7696902752,100,6,6.003583333333333,2926.0,844.0,BLUE_BASE,adc_in_base
EUW1_7696902752,200,11,11.005166666666666,14070.0,14013.0,RED_BASE,adc_in_base
EUW1_7696902865,200,9,9.004216666666666,14159.0,12576.0,RED_BASE,adc_in_base
EUW1_7696903638,200,6,6.003433333333334,14255.0,13925.0,RED_BASE,adc_in_base
EUW1_7696903638,200,9,9.004316666666666,14340.0,14391.0,RED_BASE,adc_in_base
EUW1_7696903638,200,11,11.0048,12997.0,3133.0,BOT_LANE_CORE,adc_dead_with_xy
EUW1_7696906044,200,10,10.0026,11941.0,2022.0,BOT_LANE_CORE,adc_dead_with_xy
EUW1_7696906136,200,8,8.003933333333332,14071.0,11634.0,RED_BASE,adc_in_base
EUW1_7696908079,200,8,8.002116666666666,13937.0,11838.0,RED_BASE,adc_in_base
EUW1_7696908079,200,11,11.00505,14066.0,12548.0,RED_BASE,adc_in_base
EUW1_7696908375,200,10,10.00415,14213.0,13596.0,RED_BASE,adc_in_base
EUW1_7696909732,200,8,8.003283333333334,14125.0,12474.0,RED_BASE,adc_in_base
EUW1_7696909732,200,11,11.003783333333333,14002.0,12547.0,RED_BASE,adc_in_base
EUW1_7696909945,200,9,9.00455,14238.0,13503.0,RED_BASE,adc_in_base
EUW1_7696910108,100,8,8.004166666666666,1081.0,528.0,BLUE_BASE,adc_in_base
EUW1_7696910108,100,9,9.004683333333332,10285.0,2705.0,BOT_SIDE_NEAR,adc_dead_with_xy
EUW1_7696910108,200,6,6.0036,12819.0,3345.0,BOT_LANE_CORE,adc_dead_with_xy
EUW1_7696912511,200,7,7.0037,14315.0,14315.0,RED_BASE,adc_in_base
EUW1_7696913484,100,11,11.004516666666667,12619.0,2256.0,BOT_LANE_CORE,adc_dead_with_xy
EUW1_7696913484,200,7,7.003466666666666,14340.0,14391.0,RED_BASE,adc_in_base
EUW1_7696914521,200,5,5.0030833333333335,14106.0,12340.0,RED_BASE,adc_in_base
EUW1_7696914724,200,10,10.0044,12569.0,1580.0,BOT_LANE_CORE,adc_dead_with_xy
EUW1_7696914869,200,9,9.003633333333333,13561.0,12017.0,RED_BASE,adc_in_base
EUW1_7696914869,200,10,10.003666666666666,12916.0,3402.0,BOT_LANE_CORE,adc_dead_with_xy
EUW1_7696914869,200,11,11.003683333333333,13899.0,5216.0,BOT_LANE_CORE,adc_dead_with_xy
EUW1_7696915658,100,10,10.003583333333333,641.0,521.0,BLUE_BASE,adc_in_base
EUW1_7696915658,200,11,11.0036,14144.0,4755.0,BOT_LANE_CORE,adc_dead_with_xy
EUW1_7696915733,100,5,5.003166666666667,1710.0,673.0,BLUE_BASE,adc_in_base
EUW1_7696918025,100,5,5.0029,1004.0,633.0,BLUE_BASE,adc_in_base
EUW1_7696918025,200,9,9.003466666666666,14186.0,13449.0,RED_BASE,adc_in_base
EUW1_7696920342,100,5,5.001483333333334,636.0,520.0,BLUE_BASE,adc_in_base
EUW1_7696920342,100,7,7.003983333333333,3048.0,698.0,BLUE_BASE,adc_in_base
EUW1_7696920419,200,6,6.001566666666666,13924.0,11514.0,RED_BASE,adc_in_base
EUW1_7696920419,200,9,9.003483333333334,14317.0,14205.0,RED_BASE,adc_in_base
EUW1_7696920419,200,11,11.004283333333333,14188.0,13033.0,RED_BASE,adc_in_base
EUW1_7696920525,200,6,6.002983333333333,13908.0,12014.0,RED_BASE,adc_in_base
EUW1_7696920859,100,8,8.0038,1063.0,506.0,BLUE_BASE,adc_in_base
EUW1_7696921483,100,8,8.004183333333334,2718.0,675.0,BLUE_BASE,adc_in_base
EUW1_7696921694,100,5,5.0027333333333335,2296.0,673.0,BLUE_BASE,adc_in_base
EUW1_7696921694,200,8,8.003883333333333,14001.0,13640.0,RED_BASE,adc_in_base
EUW1_7696921738,200,9,9.0042,14340.0,14391.0,RED_BASE,adc_in_base
EUW1_7696922632,100,9,9.003633333333333,3660.0,824.0,BLUE_BASE,adc_in_base
EUW1_7696922632,100,11,11.004283333333333,3661.0,998.0,BLUE_BASE,adc_in_base
EUW1_7696923744,100,8,8.002116666666666,2476.0,694.0,BLUE_BASE,adc_in_base
EUW1_7696923744,200,9,9.002233333333333,12638.0,3107.0,BOT_LANE_CORE,adc_dead_with_xy
EUW1_7696923744,200,11,11.004783333333334,12216.0,2796.0,BOT_LANE_CORE,adc_dead_with_xy
EUW1_7696925918,200,10,10.00485,13597.0,1678.0,BOT_LANE_CORE,adc_dead_with_xy
EUW1_7696927243,100,10,10.003966666666667,394.0,461.0,BLUE_BASE,adc_in_base
EUW1_7696928015,200,10,10.003533333333333,13360.0,10958.0,RED_BASE,adc_in_base
EUW1_7696929020,200,10,10.004816666666667,12664.0,2706.0,BOT_LANE_CORE,adc_dead_with_xy
EUW1_7696929774,100,10,10.00545,925.0,688.0,BLUE_BASE,adc_in_base
EUW1_7696929774,200,11,11.005633333333334,13376.0,3990.0,BOT_LANE_CORE,adc_dead_with_xy
EUW1_7696929813,200,9,9.004816666666667,12870.0,2071.0,BOT_LANE_CORE,adc_dead_with_xy
EUW1_7696929885,100,8,8.002183333333333,12599.0,2376.0,BOT_LANE_CORE,adc_dead_with_xy
EUW1_7696929885,200,8,8.002183333333333,12665.0,2833.0,BOT_LANE_CORE,adc_dead_with_xy
EUW1_7696929885,200,9,9.002266666666667,12094.0,4734.0,BOT_SIDE_NEAR,adc_dead_with_xy
EUW1_7696931378,100,6,6.002683333333334,2148.0,872.0,BLUE_BASE,adc_in_base
EUW1_7696931378,100,11,11.003766666666667,394.0,461.0,BLUE_BASE,adc_in_base
EUW1_7696933586,200,10,10.00355,14340.0,14391.0,RED_BASE,adc_in_base
EUW1_7696933897,200,11,11.004166666666666,13995.0,12315.0,RED_BASE,adc_in_base
EUW1_7696934243,100,8,8.003666666666666,2389.0,782.0,BLUE_BASE,adc_in_base
EUW1_7696934624,100,11,11.005083333333333,10472.0,1154.0,BOT_LANE_CORE,adc_dead_with_xy
EUW1_7696934624,200,8,8.00425,14075.0,12186.0,RED_BASE,adc_in_base
EUW1_7696934965,100,11,11.00515,11577.0,1333.0,BOT_LANE_CORE,adc_dead_with_xy
EUW1_7696934965,200,8,8.003583333333333,14179.0,13730.0,RED_BASE,adc_in_base
EUW1_7696934965,200,11,11.00515,12222.0,1416.0,BOT_LANE_CORE,adc_dead_with_xy
EUW1_7696936000,200,7,7.003516666666667,14245.0,13153.0,RED_BASE,adc_in_base
EUW1_7696936866,100,8,8.00385,2566.0,696.0,BLUE_BASE,adc_in_base
EUW1_7696936866,100,9,9.00395,10947.0,901.0,BOT_LANE_CORE,adc_dead_with_xy
EUW1_7696937061,100,7,7.00415,499.0,475.0,BLUE_BASE,adc_in_base
EUW1_7696937061,200,9,9.004533333333333,13810.0,4296.0,BOT_LANE_CORE,adc_dead_with_xy
EUW1_7696937453,200,10,10.0044,14275.0,13926.0,RED_BASE,adc_in_base
EUW1_7696938043,100,9,9.004266666666666,13198.0,4006.0,BOT_LANE_CORE,adc_dead_with_xy
EUW1_7696938043,200,11,11.004866666666667,13150.0,3517.0,BOT_LANE_CORE,adc_dead_with_xy
EUW1_7696938067,100,5,5.00285,11877.0,1523.0,BOT_LANE_CORE,adc_dead_with_xy
EUW1_7696938067,200,7,7.00345,13834.0,3349.0,BOT_LANE_CORE,adc_dead_with_xy
EUW1_7696938121,200,9,9.003466666666666,10987.0,1774.0,BOT_LANE_CORE,adc_dead_with_xy
EUW1_7696939473,100,8,8.004766666666667,10097.0,1321.0,BOT_LANE_CORE,adc_dead_with_xy
EUW1_7696939473,100,10,10.0052,1082.0,412.0,BLUE_BASE,adc_in_base
EUW1_7696939473,100,11,11.005716666666666,3151.0,691.0,BLUE_BASE,adc_in_base
EUW1_7696939862,100,11,11.004033333333334,12909.0,1731.0,BOT_LANE_CORE,adc_dead_with_xy
EUW1_7696940736,200,9,9.00425,14060.0,11293.0,RED_BASE,adc_in_base
EUW1_7696941174,200,9,9.004216666666666,12803.0,2165.0,BOT_LANE_CORE,adc_dead_with_xy
EUW1_7696941572,100,6,6.00315,823.0,574.0,BLUE_BASE,adc_in_base
EUW1_7696941641,200,8,8.0036,13515.0,3687.0,BOT_LANE_CORE,adc_dead_with_xy
EUW1_7696941641,200,10,10.004133333333334,11714.0,3182.0,BOT_SIDE_NEAR,adc_dead_with_xy
EUW1_7696944356,100,5,5.002516666666667,10783.0,1348.0,BOT_LANE_CORE,adc_dead_with_xy
EUW1_7696944356,100,7,7.0031,2959.0,827.0,BLUE_BASE,adc_in_base
EUW1_7696946973,100,5,5.003516666666667,1316.0,573.0,BLUE_BASE,adc_in_base
EUW1_7696948083,100,7,7.003866666666666,676.0,492.0,BLUE_BASE,adc_in_base
EUW1_7696948135,100,6,6.002983333333333,2713.0,733.0,BLUE_BASE,adc_in_base
EUW1_7696948418,200,5,5.002783333333333,14125.0,13313.0,RED_BASE,adc_in_base
EUW1_7696948418,200,8,8.00345,13110.0,3806.0,BOT_LANE_CORE,adc_dead_with_xy
EUW1_7696948418,200,9,9.003733333333333,13464.0,5041.0,BOT_LANE_CORE,adc_dead_with_xy
EUW1_7696949929,100,9,9.004716666666667,1277.0,555.0,BLUE_BASE,adc_in_base
EUW1_7696951946,100,10,10.002216666666667,10806.0,1186.0,BOT_LANE_CORE,adc_dead_with_xy
EUW1_7696951946,200,10,10.002216666666667,10950.0,1968.0,BOT_SIDE_NEAR,adc_dead_with_xy
EUW1_7696954033,100,11,11.005066666666666,2233.0,665.0,BLUE_BASE,adc_in_base
EUW1_7696954033,200,5,5.0027,14147.0,12615.0,RED_BASE,adc_in_base
EUW1_7696954880,100,7,7.001283333333333,12274.0,4384.0,BOT_SIDE_NEAR,adc_dead_with_xy
EUW1_7696955232,100,9,9.002033333333333,10279.0,798.0,BOT_LANE_CORE,adc_dead_with_xy
EUW1_7696955274,100,10,10.004666666666667,10713.0,866.0,BOT_LANE_CORE,adc_dead_with_xy
EUW1_7696955274,200,8,8.004433333333333,14152.0,12616.0,RED_BASE,adc_in_base
EUW1_7696956079,100,5,5.003033333333334,10690.0,1546.0,BOT_LANE_CORE,adc_dead_with_xy
EUW1_7696956079,200,6,6.00315,14240.0,13378.0,RED_BASE,adc_in_base
EUW1_7696956079,200,10,10.004483333333333,14227.0,13442.0,RED_BASE,adc_in_base
EUW1_7696957741,100,5,5.002866666666667,3030.0,721.0,BLUE_BASE,adc_in_base
EUW1_7696957741,100,9,9.003833333333333,3368.0,725.0,BLUE_BASE,adc_in_base
EUW1_7696958445,100,10,10.00385,13139.0,1341.0,BOT_LANE_CORE,adc_dead_with_xy
EUW1_7696958445,200,9,9.003783333333333,14181.0,12318.0,RED_BASE,adc_in_base
EUW1_7696960365,200,6,6.001733333333333,14070.0,11887.0,RED_BASE,adc_in_base
EUW1_7696961206,200,9,9.00425,13521.0,4326.0,BOT_LANE_CORE,adc_dead_with_xy
EUW1_7696962193,100,9,9.0043,3531.0,716.0,BLUE_BASE,adc_in_base
EUW1_7696963440,100,5,5.00315,1260.0,550.0,BLUE_BASE,adc_in_base
EUW1_7696963440,200,6,6.003316666666667,13950.0,13440.0,RED_BASE,adc_in_base
EUW1_7696964170,100,6,6.003,1177.0,677.0,BLUE_BASE,adc_in_base
EUW1_7696964170,200,5,5.002883333333333,14340.0,14391.0,RED_BASE,adc_in_base
EUW1_7696964290,200,11,11.00475,14204.0,13123.0,RED_BASE,adc_in_base
EUW1_7696964739,200,6,6.002883333333333,13983.0,11439.0,RED_BASE,adc_in_base
EUW1_7696965110,100,7,7.0027333333333335,1363.0,584.0,BLUE_BASE,adc_in_base
EUW1_7696965110,200,10,10.003566666666666,13914.0,11704.0,RED_BASE,adc_in_base
EUW1_7696965730,200,8,8.0042,14235.0,13783.0,RED_BASE,adc_in_base
EUW1_7696966422,100,9,9.003516666666666,12467.0,2029.0,BOT_LANE_CORE,adc_dead_with_xy
EUW1_7696966422,200,9,9.003516666666666,12885.0,1851.0,BOT_LANE_CORE,adc_dead_with_xy
EUW1_7696966632,100,9,9.003483333333334,394.0,461.0,BLUE_BASE,adc_in_base
EUW1_7696967494,200,11,11.004483333333333,13111.0,4311.0,BOT_LANE_CORE,adc_dead_with_xy
EUW1_7696968316,100,10,10.004116666666667,3596.0,977.0,BLUE_BASE,adc_in_base
EUW1_7696968316,200,8,8.003583333333333,14133.0,12009.0,RED_BASE,adc_in_base
EUW1_7696968316,200,9,9.003683333333333,14005.0,11515.0,RED_BASE,adc_in_base
EUW1_7696970160,200,7,7.0026166666666665,13956.0,5706.0,BOT_LANE_CORE,adc_dead_with_xy
EUW1_7696970887,200,11,11.005366666666667,13345.0,4387.0,BOT_LANE_CORE,adc_dead_with_xy
EUW1_7696971366,100,10,10.004733333333334,2690.0,661.0,BLUE_BASE,adc_in_base
EUW1_7696971366,200,11,11.005016666666666,14037.0,4174.0,BOT_LANE_CORE,adc_dead_with_xy
EUW1_7696971596,100,10,10.004933333333334,394.0,461.0,BLUE_BASE,adc_in_base
EUW1_7696971686,100,9,9.0049,10700.0,1210.0,BOT_LANE_CORE,adc_dead_with_xy
EUW1_7696971686,100,11,11.0055,1292.0,612.0,BLUE_BASE,adc_in_base
EUW1_7696972830,200,5,5.002066666666667,14371.0,14483.0,RED_BASE,adc_in_base
EUW1_7696973095,200,10,10.0052,12343.0,3285.0,BOT_SIDE_NEAR,adc_dead_with_xy
EUW1_7696974910,200,6,6.00305,14190.0,13783.0,RED_BASE,adc_in_base
EUW1_7696974957,100,11,11.004383333333333,1484.0,552.0,BLUE_BASE,adc_in_base
EUW1_7696976358,100,8,8.00195,394.0,461.0,BLUE_BASE,adc_in_base
EUW1_7696976358,200,11,11.002666666666666,13977.0,11494.0,RED_BASE,adc_in_base
EUW1_7696977702,100,6,6.003533333333333,2022.0,650.0,BLUE_BASE,adc_in_base
EUW1_7696978133,200,10,10.004483333333333,13903.0,12757.0,RED_BASE,adc_in_base
EUW1_7696979609,200,9,9.004116666666667,14340.0,14391.0,RED_BASE,adc_in_base
EUW1_7696979674,100,5,5.00155,421.0,465.0,BLUE_BASE,adc_in_base
EUW1_7696980584,100,9,9.004816666666667,14082.0,5639.0,BOT_LANE_CORE,adc_dead_with_xy
EUW1_7696980584,200,7,7.004033333333333,13834.0,4221.0,BOT_LANE_CORE,adc_dead_with_xy
EUW1_7696980584,200,9,9.004816666666667,13973.0,7709.0,BOT_LANE_CORE,adc_dead_with_xy
EUW1_7696981136,100,9,9.004216666666666,3211.0,840.0,BLUE_BASE,adc_in_base
EUW1_7696981204,100,6,6.003583333333333,10111.0,1195.0,BOT_LANE_CORE,adc_dead_with_xy
EUW1_7696982897,200,11,11.0055,14340.0,14391.0,RED_BASE,adc_in_base
EUW1_7696983108,200,5,5.00375,14175.0,12169.0,RED_BASE,adc_in_base
EUW1_7696983108,200,8,8.004083333333334,14172.0,14010.0,RED_BASE,adc_in_base
EUW1_7696983108,200,9,9.00415,14294.0,14034.0,RED_BASE,adc_in_base
EUW1_7696983495,200,6,6.003066666666666,14224.0,13887.0,RED_BASE,adc_in_base
EUW1_7696983495,200,10,10.004033333333334,14290.0,13857.0,RED_BASE,adc_in_base
EUW1_7696983516,100,5,5.00315,394.0,461.0,BLUE_BASE,adc_in_base
EUW1_7696983516,200,5,5.00315,14031.0,12313.0,RED_BASE,adc_in_base
EUW1_7696984752,100,9,9.00455,1248.0,531.0,BLUE_BASE,adc_in_base
EUW1_7696984752,100,11,11.004866666666667,12521.0,2793.0,BOT_LANE_CORE,adc_dead_with_xy
EUW1_7696984752,200,11,11.004866666666667,14133.0,12644.0,RED_BASE,adc_in_base
EUW1_7696985419,100,7,7.001133333333334,1679.0,552.0,BLUE_BASE,adc_in_base
EUW1_7696985454,100,7,7.002633333333334,2500.0,679.0,BLUE_BASE,adc_in_base
EUW1_7696985454,200,6,6.00095,14184.0,13469.0,RED_BASE,adc_in_base
EUW1_7696985454,200,10,10.003683333333333,14076.0,12173.0,RED_BASE,adc_in_base
EUW1_7696985820,200,9,9.004833333333334,12644.0,2844.0,BOT_LANE_CORE,adc_dead_with_xy
EUW1_7696986389,100,7,7.0031,2093.0,654.0,BLUE_BASE,adc_in_base
EUW1_7696986389,100,10,10.00375,12769.0,3155.0,BOT_LANE_CORE,adc_dead_with_xy
EUW1_7696986567,100,9,9.003666666666666,2609.0,659.0,BLUE_BASE,adc_in_base
EUW1_7696986966,100,8,8.0042,2417.0,715.0,BLUE_BASE,adc_in_base
EUW1_7696986966,200,11,11.00515,10771.0,2119.0,BOT_SIDE_NEAR,adc_dead_with_xy
EUW1_7696987505,200,9,9.004633333333333,13198.0,5328.0,BOT_LANE_CORE,adc_dead_with_xy
EUW1_7696994046,100,6,6.003033333333334,1088.0,527.0,BLUE_BASE,adc_in_base
EUW1_7696994046,100,9,9.004066666666667,1157.0,530.0,BLUE_BASE,adc_in_base
EUW1_7696994623,200,7,7.00375,13987.0,11643.0,RED_BASE,adc_in_base
EUW1_7696994755,100,8,8.004283333333333,394.0,461.0,BLUE_BASE,adc_in_base
EUW1_7696996524,100,6,6.001016666666667,11197.0,934.0,BOT_LANE_CORE,adc_dead_with_xy
EUW1_7696996524,100,11,11.004466666666668,2965.0,821.0,BLUE_BASE,adc_in_base
EUW1_7696996827,100,5,5.000583333333333,2238.0,1201.0,BLUE_BASE,adc_in_base
EUW1_7696997034,100,7,7.003216666666667,3607.0,882.0,BLUE_BASE,adc_in_base
EUW1_7697001680,200,9,9.00375,14340.0,14391.0,RED_BASE,adc_in_base
EUW1_7697002738,100,6,6.003433333333334,11014.0,1709.0,BOT_LANE_CORE,adc_dead_with_xy
EUW1_7697002738,100,10,10.004333333333333,394.0,461.0,BLUE_BASE,adc_in_base
EUW1_7697004007,100,9,9.002116666666666,3557.0,820.0,BLUE_BASE,adc_in_base
EUW1_7697004007,200,5,5.0012,14135.0,11003.0,RED_BASE,adc_in_base
EUW1_7697004510,100,8,8.001683333333334,543.0,485.0,BLUE_BASE,adc_in_base
EUW1_7697004510,200,8,8.001683333333334,14051.0,11600.0,RED_BASE,adc_in_base
EUW1_7697005240,200,7,7.00265,14118.0,13683.0,RED_BASE,adc_in_base
EUW1_7697005619,100,7,7.0033,2010.0,986.0,BLUE_BASE,adc_in_base
EUW1_7697005619,200,8,8.003716666666667,13739.0,5139.0,BOT_LANE_CORE,adc_dead_with_xy
EUW1_7697005844,100,10,10.004966666666666,11777.0,2166.0,BOT_LANE_CORE,adc_dead_with_xy
EUW1_7697005844,200,6,6.004066666666667,14012.0,11973.0,RED_BASE,adc_in_base
EUW1_7697006786,200,8,8.003066666666667,14121.0,13280.0,RED_BASE,adc_in_base
EUW1_7697006786,200,11,11.004033333333334,13875.0,11151.0,RED_BASE,adc_in_base
EUW1_7697006843,200,5,5.002866666666667,14200.0,13324.0,RED_BASE,adc_in_base
EUW1_7697006843,200,11,11.0045,12629.0,2699.0,BOT_LANE_CORE,adc_dead_with_xy
EUW1_7697007020,200,6,6.001016666666667,14152.0,12369.0,RED_BASE,adc_in_base
EUW1_7697007408,100,10,10.005266666666667,13866.0,6020.0,BOT_LANE_CORE,adc_dead_with_xy
EUW1_7697007408,100,11,11.005433333333333,10660.0,886.0,BOT_LANE_CORE,adc_dead_with_xy
EUW1_7697007408,200,5,5.003266666666667,14309.0,13744.0,RED_BASE,adc_in_base
EUW1_7697007408,200,10,10.005266666666667,14076.0,5509.0,BOT_LANE_CORE,adc_dead_with_xy
EUW1_7697008869,100,10,10.003866666666667,2395.0,650.0,BLUE_BASE,adc_in_base
EUW1_7697009783,100,9,9.003583333333333,1000.0,10963.0,TOP_LANE_CORE,adc_dead_with_xy
EUW1_7697009783,200,8,8.003233333333334,14259.0,13697.0,RED_BASE,adc_in_base
EUW1_7697010238,100,6,6.003283333333333,3434.0,996.0,BLUE_BASE,adc_in_base
EUW1_7697010238,100,9,9.004416666666666,703.0,631.0,BLUE_BASE,adc_in_base
EUW1_7697011425,100,7,7.001333333333333,12232.0,1607.0,BOT_LANE_CORE,adc_dead_with_xy
EUW1_7697011761,100,5,5.003133333333333,3615.0,799.0,BLUE_BASE,adc_in_base
EUW1_7697011943,100,7,7.003666666666667,1250.0,531.0,BLUE_BASE,adc_in_base
EUW1_7697011943,200,6,6.00335,14085.0,12215.0,RED_BASE,adc_in_base
EUW1_7697013814,200,6,6.001516666666666,14117.0,13951.0,RED_BASE,adc_in_base
EUW1_7697016271,100,8,8.0015,2603.0,777.0,BLUE_BASE,adc_in_base
EUW1_7697016807,100,5,5.002966666666667,749.0,491.0,BLUE_BASE,adc_in_base
EUW1_7697016807,100,7,7.003733333333333,3418.0,711.0,BLUE_BASE,adc_in_base
EUW1_7697018628,100,8,8.003983333333334,394.0,461.0,BLUE_BASE,adc_in_base
EUW1_7697018628,100,10,10.0045,2047.0,788.0,BLUE_BASE,adc_in_base
EUW1_7697018628,200,5,5.002983333333333,14002.0,11747.0,RED_BASE,adc_in_base
EUW1_7697018628,200,8,8.003983333333334,14249.0,13624.0,RED_BASE,adc_in_base
EUW1_7697019023,200,9,9.003083333333333,14340.0,14391.0,RED_BASE,adc_in_base
EUW1_7697019023,200,11,11.00405,14265.0,13323.0,RED_BASE,adc_in_base
EUW1_7697019609,100,7,7.0042,8152.0,5314.0,BLUE_BOT_JUNGLE,adc_dead_with_xy
EUW1_7697019609,200,10,10.005233333333333,12864.0,2962.0,BOT_LANE_CORE,adc_dead_with_xy
EUW1_7697020563,200,9,9.003316666666667,14097.0,12350.0,RED_BASE,adc_in_base
EUW1_7697021204,100,10,10.003933333333332,6966.0,6865.0,MID_LANE,adc_dead_with_xy
EUW1_7697022428,100,11,11.00485,1456.0,551.0,BLUE_BASE,adc_in_base
EUW1_7697022448,100,5,5.003383333333334,13289.0,3556.0,BOT_LANE_CORE,adc_dead_with_xy
EUW1_7697022448,200,8,8.00445,13524.0,4511.0,BOT_LANE_CORE,adc_dead_with_xy
EUW1_7697022556,100,5,5.0009,579.0,512.0,BLUE_BASE,adc_in_base
EUW1_7697022556,100,7,7.001433333333333,12943.0,2209.0,BOT_LANE_CORE,adc_dead_with_xy
EUW1_7697022556,200,5,5.0009,14202.0,12949.0,RED_BASE,adc_in_base
EUW1_7697022677,100,7,7.00375,1370.0,560.0,BLUE_BASE,adc_in_base
EUW1_7697022677,100,8,8.003916666666667,3183.0,749.0,BLUE_BASE,adc_in_base
EUW1_7697022677,200,10,10.004683333333332,14340.0,14391.0,RED_BASE,adc_in_base
EUW1_7697023315,100,5,5.0028,2949.0,656.0,BLUE_BASE,adc_in_base
EUW1_7697023315,200,10,10.00405,14173.0,14061.0,RED_BASE,adc_in_base
EUW1_7697023315,200,11,11.004516666666667,14111.0,11107.0,RED_BASE,adc_in_base
EUW1_7697023606,200,9,9.004583333333333,11920.0,1956.0,BOT_LANE_CORE,adc_dead_with_xy
EUW1_7697025883,100,7,7.00415,11639.0,1401.0,BOT_LANE_CORE,adc_dead_with_xy
EUW1_7697025883,200,8,8.004333333333333,14340.0,14391.0,RED_BASE,adc_in_base
EUW1_7697026565,100,6,6.001916666666666,925.0,507.0,BLUE_BASE,adc_in_base
EUW1_7697027232,100,10,10.003916666666667,10913.0,961.0,BOT_LANE_CORE,adc_dead_with_xy
EUW1_7697027790,200,8,8.002183333333333,11946.0,2423.0,BOT_LANE_CORE,adc_dead_with_xy
EUW1_7697030989,200,7,7.0034,12614.0,2426.0,BOT_LANE_CORE,adc_dead_with_xy
EUW1_7697031832,200,10,10.005016666666666,14224.0,14315.0,RED_BASE,adc_in_base
EUW1_7697032166,100,11,11.00465,500.0,479.0,BLUE_BASE,adc_in_base
EUW1_7697032500,100,8,8.003183333333334,566.0,483.0,BLUE_BASE,adc_in_base
EUW1_7697032500,100,11,11.004166666666666,11461.0,1061.0,BOT_LANE_CORE,adc_dead_with_xy
EUW1_7697032500,200,6,6.0031,14054.0,11178.0,RED_BASE,adc_in_base
EUW1_7697032583,100,10,10.00375,2732.0,762.0,BLUE_BASE,adc_in_base
EUW1_7697032583,200,5,5.000633333333333,13930.0,13177.0,RED_BASE,adc_in_base
EUW1_7697032645,100,9,9.003883333333333,1190.0,530.0,BLUE_BASE,adc_in_base
EUW1_7697032645,200,6,6.0030833333333335,14325.0,14286.0,RED_BASE,adc_in_base
EUW1_7697033695,100,9,9.003466666666666,12580.0,1896.0,BOT_LANE_CORE,adc_dead_with_xy
EUW1_7697033695,200,6,6.0028,14020.0,11383.0,RED_BASE,adc_in_base
EUW1_7697034628,100,8,8.0022,12477.0,2137.0,BOT_LANE_CORE,adc_dead_with_xy
EUW1_7697036170,100,10,10.003916666666667,2270.0,791.0,BLUE_BASE,adc_in_base
EUW1_7697036465,100,6,6.002516666666667,12896.0,2042.0,BOT_LANE_CORE,adc_dead_with_xy
EUW1_7697036465,200,5,5.0022166666666665,10812.0,2079.0,BOT_SIDE_NEAR,adc_dead_with_xy
EUW1_7697036465,200,9,9.003666666666666,14268.0,13881.0,RED_BASE,adc_in_base
EUW1_7697036465,200,10,10.003783333333333,12483.0,4704.0,BOT_SIDE_NEAR,adc_dead_with_xy
EUW1_7697040231,200,5,5.0031,14009.0,11316.0,RED_BASE,adc_in_base
EUW1_7697041699,200,9,9.0041,13965.0,4947.0,BOT_LANE_CORE,adc_dead_with_xy
EUW1_7697041699,200,11,11.0048,6908.0,7434.0,MID_LANE,adc_dead_with_xy
EUW1_7697042596,100,9,9.003616666666666,12076.0,2758.0,BOT_SIDE_NEAR,adc_dead_with_xy
EUW1_7697042748,200,5,5.001,13653.0,11041.0,RED_BASE,adc_in_base
EUW1_7697043480,200,10,10.003266666666667,11704.0,4323.0,BOT_SIDE_NEAR,adc_dead_with_xy
EUW1_7697043756,100,9,9.0036,10026.0,1670.0,BOT_LANE_CORE,adc_dead_with_xy
EUW1_7697044516,100,6,6.001016666666667,2814.0,751.0,BLUE_BASE,adc_in_base
EUW1_7697044516,200,10,10.003533333333333,12814.0,3275.0,BOT_LANE_CORE,adc_dead_with_xy
EUW1_7697044516,200,11,11.00355,14134.0,11570.0,RED_BASE,adc_in_base
EUW1_7697044939,100,10,10.004366666666666,11611.0,1080.0,BOT_LANE_CORE,adc_dead_with_xy
EUW1_7697044939,200,5,5.000866666666667,11110.0,1032.0,BOT_LANE_CORE,adc_dead_with_xy
EUW1_7697045329,100,8,8.003833333333333,2649.0,706.0,BLUE_BASE,adc_in_base
EUW1_7697045329,100,11,11.004616666666667,394.0,461.0,BLUE_BASE,adc_in_base
EUW1_7697046008,200,8,8.003933333333332,13090.0,3754.0,BOT_LANE_CORE,adc_dead_with_xy
EUW1_7697046010,100,7,7.00125,12477.0,3154.0,BOT_SIDE_NEAR,adc_dead_with_xy
EUW1_7697046010,100,9,9.003766666666667,3738.0,751.0,BLUE_BASE,adc_in_base
EUW1_7697047273,100,6,6.002866666666667,3061.0,758.0,BLUE_BASE,adc_in_base
EUW1_7697047273,100,9,9.00385,11597.0,1063.0,BOT_LANE_CORE,adc_dead_with_xy
EUW1_7697047273,100,11,11.00435,10757.0,882.0,BOT_LANE_CORE,adc_dead_with_xy
EUW1_7697047273,200,10,10.00415,14137.0,11141.0,RED_BASE,adc_in_base
EUW1_7697048206,100,9,9.00445,394.0,461.0,BLUE_BASE,adc_in_base
EUW1_7697048206,200,5,5.0031,12216.0,2406.0,BOT_LANE_CORE,adc_dead_with_xy
EUW1_7697048535,200,6,6.001333333333333,14277.0,12932.0,RED_BASE,adc_in_base
EUW1_7697049090,100,8,8.0034,2195.0,2476.0,BLUE_BASE,adc_in_base
EUW1_7697049789,200,10,10.003333333333334,12799.0,3205.0,BOT_LANE_CORE,adc_dead_with_xy
EUW1_7697050316,100,7,7.00355,394.0,461.0,BLUE_BASE,adc_in_base
EUW1_7697050316,200,8,8.004083333333334,14340.0,14391.0,RED_BASE,adc_in_base
EUW1_7697052699,100,11,11.0038,2977.0,873.0,BLUE_BASE,adc_in_base
EUW1_7697052699,200,6,6.0008333333333335,12300.0,1515.0,BOT_LANE_CORE,adc_dead_with_xy
EUW1_7697054057,200,8,8.001633333333332,13913.0,11554.0,RED_BASE,adc_in_base
EUW1_7697054409,100,6,6.000933333333333,2275.0,691.0,BLUE_BASE,adc_in_base
EUW1_7697054409,100,9,9.003183333333334,11037.0,3397.0,BOT_SIDE_NEAR,adc_dead_with_xy
EUW1_7697055007,100,7,7.003233333333333,1719.0,576.0,BLUE_BASE,adc_in_base
EUW1_7697055007,200,11,11.003983333333334,14061.0,5261.0,BOT_LANE_CORE,adc_dead_with_xy
EUW1_7697055591,100,7,7.0034,3721.0,861.0,BLUE_BASE,adc_in_base
EUW1_7697055591,100,10,10.004166666666666,2185.0,753.0,BLUE_BASE,adc_in_base
EUW1_7697055591,200,7,7.0034,14086.0,12935.0,RED_BASE,adc_in_base
EUW1_7697056445,100,5,5.000783333333334,3468.0,801.0,BLUE_BASE,adc_in_base
EUW1_7697057075,200,11,11.0041,11769.0,2827.0,BOT_SIDE_NEAR,adc_dead_with_xy
EUW1_7697057090,100,11,11.004883333333334,1534.0,641.0,BLUE_BASE,adc_in_base
EUW1_7697057369,200,10,10.00425,13968.0,12715.0,RED_BASE,adc_in_base
EUW1_7697058575,100,10,10.003683333333333,394.0,461.0,BLUE_BASE,adc_in_base
EUW1_7697058704,200,7,7.002716666666666,14218.0,12176.0,RED_BASE,adc_in_base
EUW1_7697059340,100,5,5.000916666666667,3124.0,683.0,BLUE_BASE,adc_in_base
EUW1_7697059340,200,9,9.004166666666666,14125.0,11779.0,RED_BASE,adc_in_base
EUW1_7697060321,200,6,6.0026,13945.0,13323.0,RED_BASE,adc_in_base
EUW1_7697060321,200,8,8.0033,10924.0,2401.0,BOT_SIDE_NEAR,adc_dead_with_xy
EUW1_7697061329,200,11,11.005583333333334,14209.0,11740.0,RED_BASE,adc_in_base
EUW1_7697061552,100,9,9.004066666666667,2159.0,710.0,BLUE_BASE,adc_in_base
EUW1_7697061552,200,5,5.0013,14097.0,11640.0,RED_BASE,adc_in_base
EUW1_7697061903,100,9,9.004,13034.0,3846.0,BOT_LANE_CORE,adc_dead_with_xy
EUW1_7697061903,200,8,8.0035,12972.0,1208.0,BOT_LANE_CORE,adc_dead_with_xy
EUW1_7697062142,100,11,11.004616666666667,2116.0,3200.0,BLUE_BASE,adc_in_base
EUW1_7697062142,200,11,11.004616666666667,13660.0,13161.0,RED_BASE,adc_in_base
EUW1_7697062398,100,8,8.002833333333333,12785.0,3240.0,BOT_LANE_CORE,adc_dead_with_xy
EUW1_7697062398,200,6,6.002566666666667,12107.0,3203.0,BOT_SIDE_NEAR,adc_dead_with_xy
EUW1_7697062398,200,10,10.003516666666666,14084.0,11687.0,RED_BASE,adc_in_base
EUW1_7697062627,100,7,7.003516666666667,3555.0,874.0,BLUE_BASE,adc_in_base
EUW1_7697063624,100,8,8.004566666666667,3323.0,750.0,BLUE_BASE,adc_in_base
EUW1_7697063899,100,8,8.003933333333332,394.0,461.0,BLUE_BASE,adc_in_base
EUW1_7697064546,200,7,7.003166666666667,11608.0,2219.0,BOT_SIDE_NEAR,adc_dead_with_xy
EUW1_7697064546,200,11,11.003733333333333,14177.0,13539.0,RED_BASE,adc_in_base
EUW1_7697064604,100,8,8.003883333333333,10959.0,961.0,BOT_LANE_CORE,adc_dead_with_xy
EUW1_7697064604,200,6,6.0015833333333335,13921.0,12364.0,RED_BASE,adc_in_base
EUW1_7697064604,200,8,8.003883333333333,10615.0,874.0,BOT_LANE_CORE,adc_dead_with_xy
EUW1_7697064604,200,11,11.004683333333332,14006.0,11494.0,RED_BASE,adc_in_base
EUW1_7697065922,200,5,5.001116666666666,14197.0,13194.0,RED_BASE,adc_in_base
EUW1_7697067551,100,10,10.004366666666666,2830.0,677.0,BLUE_BASE,adc_in_base
EUW1_7697068133,200,10,10.0035,13491.0,3952.0,BOT_LANE_CORE,adc_dead_with_xy
EUW1_7697068156,100,8,8.00335,11257.0,1336.0,BOT_LANE_CORE,adc_dead_with_xy
EUW1_7697068673,100,5,5.00355,2544.0,742.0,BLUE_BASE,adc_in_base
EUW1_7697068673,100,10,10.0047,11424.0,2040.0,BOT_SIDE_NEAR,adc_dead_with_xy
EUW1_7697068673,200,6,6.003916666666667,14122.0,13222.0,RED_BASE,adc_in_base
EUW1_7697068673,200,7,7.0041,14224.0,13108.0,RED_BASE,adc_in_base
EUW1_7697069398,200,9,9.004333333333333,14109.0,4710.0,BOT_LANE_CORE,adc_dead_with_xy
EUW1_7697069398,200,11,11.0047,14121.0,6688.0,BOT_LANE_CORE,adc_dead_with_xy
EUW1_7697069607,100,6,6.0016,13163.0,2026.0,BOT_LANE_CORE,adc_dead_with_xy
EUW1_7697069607,100,11,11.004233333333334,10524.0,1343.0,BOT_LANE_CORE,adc_dead_with_xy
EUW1_7697069717,100,6,6.001566666666666,909.0,589.0,BLUE_BASE,adc_in_base
EUW1_7697069717,200,5,5.0010666666666665,14340.0,14391.0,RED_BASE,adc_in_base
EUW1_7697073140,100,5,5.00265,13323.0,3193.0,BOT_LANE_CORE,adc_dead_with_xy
EUW1_7697073589,100,10,10.0047,1543.0,542.0,BLUE_BASE,adc_in_base
EUW1_7697073589,200,8,8.0044,14271.0,14086.0,RED_BASE,adc_in_base
EUW1_7697076709,200,11,11.005216666666668,14153.0,12610.0,RED_BASE,adc_in_base
EUW1_7697078074,100,7,7.00365,2080.0,676.0,BLUE_BASE,adc_in_base
EUW1_7697078074,100,8,8.00395,10067.0,971.0,BOT_LANE_CORE,adc_dead_with_xy
EUW1_7697080201,200,10,10.0051,13128.0,4345.0,BOT_LANE_CORE,adc_dead_with_xy
EUW1_7697080889,200,6,6.001666666666667,10932.0,4318.0,BOT_SIDE_NEAR,adc_dead_with_xy
EUW1_7697083303,100,8,8.004083333333334,394.0,461.0,BLUE_BASE,adc_in_base
EUW1_7697083303,200,11,11.005216666666668,13820.0,3776.0,BOT_LANE_CORE,adc_dead_with_xy
EUW1_7697083476,100,11,11.005333333333333,10484.0,862.0,BOT_LANE_CORE,adc_dead_with_xy
EUW1_7697083476,200,9,9.004416666666666,10744.0,4483.0,DRAGON_AREA,adc_dead_with_xy
EUW1_7697083983,100,8,8.0036,2257.0,1568.0,BLUE_BASE,adc_in_base
EUW1_7697084836,100,5,5.002916666666667,9962.0,1207.0,BOT_LANE_CORE,adc_dead_with_xy
EUW1_7697084956,200,10,10.004066666666667,14226.0,13287.0,RED_BASE,adc_in_base
EUW1_7697087672,200,5,5.0010666666666665,11749.0,3518.0,BOT_SIDE_NEAR,adc_dead_with_xy
EUW1_7697087709,200,11,11.00465,14238.0,13639.0,RED_BASE,adc_in_base
EUW1_7697089190,100,7,7.00335,12127.0,3314.0,BOT_SIDE_NEAR,adc_dead_with_xy
EUW1_7697089190,200,7,7.00335,14163.0,12861.0,RED_BASE,adc_in_base
EUW1_7697091269,100,11,11.005016666666666,3198.0,767.0,BLUE_BASE,adc_in_base
EUW1_7697091547,200,5,5.001166666666666,14110.0,11456.0,RED_BASE,adc_in_base
EUW1_7697093103,200,11,11.004033333333334,12135.0,2116.0,BOT_LANE_CORE,adc_dead_with_xy
EUW1_7697093569,200,7,7.00295,14340.0,14391.0,RED_BASE,adc_in_base
EUW1_7697094761,200,10,10.003983333333334,14169.0,12542.0,RED_BASE,adc_in_base
EUW1_7697094761,200,11,11.00435,14340.0,14390.0,RED_BASE,adc_in_base
EUW1_7697095232,100,7,7.003916666666667,2833.0,909.0,BLUE_BASE,adc_in_base
EUW1_7697095745,100,9,9.004066666666667,1311.0,729.0,BLUE_BASE,adc_in_base
EUW1_7697096818,100,8,8.0034,1020.0,544.0,BLUE_BASE,adc_in_base
EUW1_7697096818,200,11,11.004583333333333,14179.0,13017.0,RED_BASE,adc_in_base
EUW1_7697097986,100,10,10.004633333333333,3227.0,699.0,BLUE_BASE,adc_in_base
EUW1_7697098506,200,9,9.003533333333333,14340.0,14391.0,RED_BASE,adc_in_base
EUW1_7697098697,200,8,8.004466666666668,13945.0,6788.0,BOT_LANE_CORE,adc_dead_with_xy
EUW1_7697098757,100,5,5.000816666666666,11887.0,2269.0,BOT_LANE_CORE,adc_dead_with_xy
EUW1_7697098757,100,7,7.001133333333334,3470.0,786.0,BLUE_BASE,adc_in_base
EUW1_7697098757,100,11,11.003766666666667,574.0,158.0,BLUE_BASE,adc_in_base
EUW1_7697098831,100,5,5.0033,2272.0,743.0,BLUE_BASE,adc_in_base
EUW1_7697098831,200,10,10.0045,14162.0,13579.0,RED_BASE,adc_in_base
EUW1_7697099858,200,6,6.002916666666667,13896.0,11714.0,RED_BASE,adc_in_base
EUW1_7697101351,100,7,7.003233333333333,2759.0,742.0,BLUE_BASE,adc_in_base
EUW1_7697101803,100,5,5.0007166666666665,617.0,513.0,BLUE_BASE,adc_in_base
EUW1_7697101803,100,7,7.00115,2114.0,687.0,BLUE_BASE,adc_in_base
EUW1_7697101803,200,8,8.00165,10997.0,2054.0,BOT_SIDE_NEAR,adc_dead_with_xy
EUW1_7697104049,200,11,11.005616666666667,14174.0,13478.0,RED_BASE,adc_in_base
EUW1_7697105194,100,11,11.003833333333333,8539.0,845.0,BOT_LANE_CORE,adc_dead_with_xy
EUW1_7697105194,200,7,7.002883333333333,14455.0,14205.0,RED_BASE,adc_in_base
EUW1_7697105257,200,7,7.003666666666667,12434.0,1430.0,BOT_LANE_CORE,adc_dead_with_xy
EUW1_7697105562,100,7,7.001716666666667,2047.0,662.0,BLUE_BASE,adc_in_base
EUW1_7697105562,200,9,9.00425,14340.0,14391.0,RED_BASE,adc_in_base
EUW1_7697105709,100,10,10.0044,10580.0,1541.0,BOT_LANE_CORE,adc_dead_with_xy
EUW1_7697105709,200,7,7.003833333333334,13653.0,3502.0,BOT_LANE_CORE,adc_dead_with_xy
EUW1_7697106213,200,11,11.005433333333333,11882.0,2063.0,BOT_LANE_CORE,adc_dead_with_xy
EUW1_7697107095,200,10,10.0048,13764.0,5773.0,BOT_LANE_CORE,adc_dead_with_xy
EUW1_7697107095,200,11,11.005133333333333,12292.0,4384.0,BOT_SIDE_NEAR,adc_dead_with_xy
EUW1_7697108729,100,5,5.0025,2490.0,706.0,BLUE_BASE,adc_in_base
EUW1_7697108729,100,9,9.0033,2954.0,786.0,BLUE_BASE,adc_in_base
EUW1_7697108729,200,8,8.00325,14140.0,13004.0,RED_BASE,adc_in_base
EUW1_7697108729,200,10,10.00385,14036.0,11499.0,RED_BASE,adc_in_base
EUW1_7697108792,100,6,6.002483333333333,2949.0,640.0,BLUE_BASE,adc_in_base
EUW1_7697108792,200,8,8.003716666666667,14188.0,12906.0,RED_BASE,adc_in_base
EUW1_7697109630,100,5,5.00105,933.0,507.0,BLUE_BASE,adc_in_base
EUW1_7697110278,100,10,10.004083333333334,1936.0,624.0,BLUE_BASE,adc_in_base
EUW1_7697111101,200,9,9.004216666666666,11333.0,4202.0,BOT_SIDE_NEAR,adc_dead_with_xy
EUW1_7697111222,100,7,7.003333333333333,3730.0,708.0,BLUE_BASE,adc_in_base
EUW1_7697112499,100,9,9.004566666666667,1356.0,1016.0,BLUE_BASE,adc_in_base
EUW1_7697112499,200,5,5.0029,13973.0,11342.0,RED_BASE,adc_in_base
EUW1_7697112973,100,11,11.0049,394.0,461.0,BLUE_BASE,adc_in_base
EUW1_7697112973,200,5,5.003266666666667,14293.0,13884.0,RED_BASE,adc_in_base
EUW1_7697113500,100,6,6.003666666666667,774.0,561.0,BLUE_BASE,adc_in_base
EUW1_7697113500,100,7,7.003833333333334,2094.0,601.0,BLUE_BASE,adc_in_base
EUW1_7697113500,200,6,6.003666666666667,14292.0,14005.0,RED_BASE,adc_in_base
EUW1_7697113536,100,10,10.0042,867.0,495.0,BLUE_BASE,adc_in_base
EUW1_7697113536,200,6,6.00325,14134.0,12427.0,RED_BASE,adc_in_base
EUW1_7697113770,200,6,6.0029,11987.0,3332.0,BOT_SIDE_NEAR,adc_dead_with_xy
EUW1_7697114725,100,10,10.004066666666667,2398.0,800.0,BLUE_BASE,adc_in_base
EUW1_7697114725,200,8,8.00355,14059.0,12047.0,RED_BASE,adc_in_base
EUW1_7697115816,100,8,8.003016666666667,411.0,460.0,BLUE_BASE,adc_in_base
EUW1_7697116907,200,10,10.002466666666667,13619.0,13129.0,RED_BASE,adc_in_base
EUW1_7697118612,100,8,8.004366666666666,394.0,461.0,BLUE_BASE,adc_in_base
EUW1_7697118612,200,9,9.004416666666666,14333.0,14303.0,RED_BASE,adc_in_base
EUW1_7697119126,200,7,7.00315,13518.0,3900.0,BOT_LANE_CORE,adc_dead_with_xy
EUW1_7697120105,100,5,5.0031,916.0,506.0,BLUE_BASE,adc_in_base
EUW1_7697120105,100,8,8.003816666666667,394.0,461.0,BLUE_BASE,adc_in_base
EUW1_7697120105,200,8,8.003816666666667,14064.0,5147.0,BOT_LANE_CORE,adc_dead_with_xy
EUW1_7697120105,200,9,9.0041,13934.0,4298.0,BOT_LANE_CORE,adc_dead_with_xy
EUW1_7697120105,200,11,11.0046,14132.0,12639.0,RED_BASE,adc_in_base
EUW1_7697121333,100,7,7.003966666666667,1252.0,675.0,BLUE_BASE,adc_in_base
EUW1_7697121333,100,11,11.0051,12103.0,4392.0,BOT_SIDE_NEAR,adc_dead_with_xy
EUW1_7697121333,200,9,9.004516666666667,11906.0,2268.0,BOT_LANE_CORE,adc_dead_with_xy
EUW1_7697121555,200,7,7.00425,14010.0,11508.0,RED_BASE,adc_in_base
EUW1_7697122047,200,5,5.001316666666667,14236.0,13851.0,RED_BASE,adc_in_base
EUW1_7697122047,200,8,8.003316666666667,14099.0,12420.0,RED_BASE,adc_in_base
EUW1_7697122581,200,10,10.00435,13990.0,12031.0,RED_BASE,adc_in_base
EUW1_7697123327,100,8,8.001533333333333,1734.0,681.0,BLUE_BASE,adc_in_base
EUW1_7697123327,200,10,10.002066666666666,13763.0,12929.0,RED_BASE,adc_in_base
EUW1_7697125413,100,7,7.001433333333333,3222.0,822.0,BLUE_BASE,adc_in_base
EUW1_7697125844,100,8,8.003766666666667,10221.0,1503.0,BOT_LANE_CORE,adc_dead_with_xy
EUW1_7697125844,200,8,8.003766666666667,13944.0,11452.0,RED_BASE,adc_in_base
EUW1_7697125844,200,11,11.004066666666667,12806.0,2282.0,BOT_LANE_CORE,adc_dead_with_xy
EUW1_7697127627,100,6,6.002916666666667,394.0,461.0,BLUE_BASE,adc_in_base
EUW1_7697127774,200,8,8.004166666666666,13924.0,11007.0,RED_BASE,adc_in_base
EUW1_7697127774,200,9,9.004333333333333,13698.0,4727.0,BOT_LANE_CORE,adc_dead_with_xy
EUW1_7697129207,100,8,8.0038,2709.0,1235.0,BLUE_BASE,adc_in_base
EUW1_7697130872,100,8,8.001416666666668,394.0,461.0,BLUE_BASE,adc_in_base
EUW1_7697130907,100,10,10.004716666666667,12732.0,4045.0,BOT_SIDE_NEAR,adc_dead_with_xy
EUW1_7697131075,200,9,9.001916666666666,13763.0,4716.0,BOT_LANE_CORE,adc_dead_with_xy
EUW1_7697133484,100,6,6.003983333333333,9454.0,1336.0,BOT_LANE_CORE,adc_dead_with_xy
EUW1_7697133484,100,11,11.005766666666666,12099.0,3577.0,BOT_SIDE_NEAR,adc_dead_with_xy
EUW1_7697133484,200,9,9.005016666666666,14340.0,14391.0,RED_BASE,adc_in_base
EUW1_7697134411,200,9,9.00445,12403.0,2782.0,BOT_LANE_CORE,adc_dead_with_xy
EUW1_7697136288,200,10,10.0042,12305.0,2367.0,BOT_LANE_CORE,adc_dead_with_xy
EUW1_7697136618,100,10,10.00475,10648.0,1066.0,BOT_LANE_CORE,adc_dead_with_xy
EUW1_7697139671,100,5,5.0027333333333335,2505.0,694.0,BLUE_BASE,adc_in_base
EUW1_7697139671,100,9,9.003666666666666,779.0,462.0,BLUE_BASE,adc_in_base
EUW1_7697141358,200,7,7.003316666666667,14153.0,13341.0,RED_BASE,adc_in_base
EUW1_7697141800,200,8,8.003483333333334,14438.0,14144.0,RED_BASE,adc_in_base
EUW1_7697141800,200,9,9.00385,14381.0,14270.0,RED_BASE,adc_in_base
EUW1_7697142470,200,11,11.00395,14040.0,11841.0,RED_BASE,adc_in_base
EUW1_7697143077,200,8,8.004166666666666,12841.0,11152.0,RED_BASE,adc_in_base
EUW1_7697144132,100,6,6.003116666666667,1050.0,602.0,BLUE_BASE,adc_in_base
EUW1_7697144132,200,9,9.0042,14077.0,4359.0,BOT_LANE_CORE,adc_dead_with_xy
EUW1_7697144132,200,11,11.004616666666667,14034.0,11347.0,RED_BASE,adc_in_base
EUW1_7697144190,100,9,9.003816666666667,10365.0,1495.0,BOT_LANE_CORE,adc_dead_with_xy
EUW1_7697146086,200,9,9.00345,11943.0,4446.0,BOT_SIDE_NEAR,adc_dead_with_xy
EUW1_7697146156,100,8,8.00375,2984.0,815.0,BLUE_BASE,adc_in_base
EUW1_7697146156,200,9,9.004,14080.0,4764.0,BOT_LANE_CORE,adc_dead_with_xy
EUW1_7697148393,200,6,6.000983333333333,14264.0,13507.0,RED_BASE,adc_in_base
EUW1_7697148542,200,10,10.004516666666667,13474.0,1380.0,BOT_LANE_CORE,adc_dead_with_xy
EUW1_7697149260,200,10,10.004866666666667,13271.0,6161.0,BOT_LANE_CORE,adc_dead_with_xy
EUW1_7697150882,100,8,8.00445,3139.0,821.0,BLUE_BASE,adc_in_base
EUW1_7697150882,100,11,11.005133333333333,2952.0,667.0,BLUE_BASE,adc_in_base
EUW1_7697152313,200,6,6.0031,14340.0,14391.0,RED_BASE,adc_in_base
EUW1_7697152313,200,9,9.003316666666667,11817.0,3111.0,BOT_SIDE_NEAR,adc_dead_with_xy
EUW1_7697152322,100,6,6.003066666666666,564.0,533.0,BLUE_BASE,adc_in_base
EUW1_7697152322,100,8,8.003783333333333,1284.0,757.0,BLUE_BASE,adc_in_base
EUW1_7697152322,100,11,11.004566666666667,955.0,751.0,BLUE_BASE,adc_in_base
EUW1_7697152402,200,5,5.001133333333334,12911.0,1912.0,BOT_LANE_CORE,adc_dead_with_xy
EUW1_7697152773,200,6,6.0019833333333334,14340.0,14391.0,RED_BASE,adc_in_base
EUW1_7697153180,100,8,8.00295,730.0,493.0,BLUE_BASE,adc_in_base
EUW1_7697153180,200,8,8.00295,14266.0,13667.0,RED_BASE,adc_in_base
EUW1_7697153536,200,8,8.004,11246.0,1922.0,BOT_LANE_CORE,adc_dead_with_xy
EUW1_7697153536,200,9,9.0044,8647.0,7727.0,MID_LANE,adc_dead_with_xy
EUW1_7697155984,200,11,11.00485,14073.0,12438.0,RED_BASE,adc_in_base
EUW1_7697157249,100,7,7.0038,3015.0,793.0,BLUE_BASE,adc_in_base
EUW1_7697157249,100,10,10.005016666666666,12747.0,4385.0,BOT_SIDE_NEAR,adc_dead_with_xy
EUW1_7697157249,200,6,6.0034,13898.0,11239.0,RED_BASE,adc_in_base
EUW1_7697157637,100,11,11.005116666666666,873.0,509.0,BLUE_BASE,adc_in_base
EUW1_7697157844,100,10,10.004533333333333,394.0,461.0,BLUE_BASE,adc_in_base
EUW1_7697158075,100,7,7.004016666666667,1961.0,673.0,BLUE_BASE,adc_in_base
EUW1_7697158075,100,10,10.004683333333332,1918.0,711.0,BLUE_BASE,adc_in_base
EUW1_7697158075,200,9,9.00465,14244.0,12596.0,RED_BASE,adc_in_base
EUW1_7697158075,200,10,10.004683333333332,14150.0,12372.0,RED_BASE,adc_in_base
EUW1_7697161013,100,7,7.002966666666667,1822.0,682.0,BLUE_BASE,adc_in_base
EUW1_7697161013,100,10,10.00415,1467.0,655.0,BLUE_BASE,adc_in_base
EUW1_7697162040,100,5,5.002666666666666,2582.0,651.0,BLUE_BASE,adc_in_base
EUW1_7697163330,200,5,5.000866666666667,13681.0,3823.0,BOT_LANE_CORE,adc_dead_with_xy
EUW1_7697163382,100,10,10.002666666666666,12902.0,1393.0,BOT_LANE_CORE,adc_dead_with_xy
EUW1_7697163946,100,9,9.0043,10004.0,820.0,BOT_LANE_CORE,adc_dead_with_xy
EUW1_7697163946,200,11,11.004483333333333,14184.0,13073.0,RED_BASE,adc_in_base
EUW1_7697164207,200,8,8.003766666666667,14095.0,12800.0,RED_BASE,adc_in_base
EUW1_7697164737,100,10,10.002283333333333,1388.0,574.0,BLUE_BASE,adc_in_base
EUW1_7697164737,200,10,10.002283333333333,14254.0,14237.0,RED_BASE,adc_in_base
EUW1_7697168303,100,7,7.003716666666667,1652.0,664.0,BLUE_BASE,adc_in_base
EUW1_7697169180,200,11,11.004333333333333,14061.0,13098.0,RED_BASE,adc_in_base
EUW1_7697169752,200,8,8.003883333333333,13647.0,3009.0,BOT_LANE_CORE,adc_dead_with_xy
EUW1_7697170014,200,10,10.00445,14420.0,13957.0,RED_BASE,adc_in_base
EUW1_7697171187,100,10,10.004583333333333,13082.0,3673.0,BOT_LANE_CORE,adc_dead_with_xy
EUW1_7697171187,200,8,8.00395,13074.0,4735.0,BOT_LANE_CORE,adc_dead_with_xy
EUW1_7697171187,200,10,10.004583333333333,13013.0,4392.0,BOT_LANE_CORE,adc_dead_with_xy
EUW1_7697171250,100,10,10.004816666666667,10531.0,866.0,BOT_LANE_CORE,adc_dead_with_xy
EUW1_7697173650,100,7,7.0034,748.0,539.0,BLUE_BASE,adc_in_base
EUW1_7697173650,200,6,6.003266666666667,14323.0,14071.0,RED_BASE,adc_in_base
EUW1_7697173650,200,7,7.0034,13600.0,3794.0,BOT_LANE_CORE,adc_dead_with_xy
EUW1_7697173650,200,8,8.0038,13500.0,3437.0,BOT_LANE_CORE,adc_dead_with_xy
EUW1_7697174086,100,9,9.003833333333333,3509.0,683.0,BLUE_BASE,adc_in_base
EUW1_7697175332,200,7,7.0053833333333335,13732.0,4710.0,BOT_LANE_CORE,adc_dead_with_xy
EUW1_7697175650,100,6,6.0016,11704.0,1003.0,BOT_LANE_CORE,adc_dead_with_xy
EUW1_7697175650,200,10,10.004516666666667,14356.0,14062.0,RED_BASE,adc_in_base
EUW1_7697176252,200,7,7.003433333333334,13788.0,4370.0,BOT_LANE_CORE,adc_dead_with_xy
EUW1_7697178146,200,7,7.00325,13602.0,2934.0,BOT_LANE_CORE,adc_dead_with_xy
EUW1_7697178146,200,8,8.00335,13294.0,4560.0,BOT_LANE_CORE,adc_dead_with_xy
EUW1_7697178722,100,10,10.004633333333333,1733.0,730.0,BLUE_BASE,adc_in_base
EUW1_7697180327,100,5,5.002566666666667,11799.0,1142.0,BOT_LANE_CORE,adc_dead_with_xy
EUW1_7697180327,200,5,5.002566666666667,12420.0,1477.0,BOT_LANE_CORE,adc_dead_with_xy
EUW1_7697180327,200,9,9.004116666666667,13998.0,11006.0,RED_BASE,adc_in_base
EUW1_7697180857,200,6,6.003566666666667,13720.0,4444.0,BOT_LANE_CORE,adc_dead_with_xy
EUW1_7697180857,200,11,11.005383333333333,14340.0,14391.0,RED_BASE,adc_in_base
EUW1_7697182314,200,9,9.00395,14163.0,12071.0,RED_BASE,adc_in_base
EUW1_7697183513,200,8,8.003483333333334,14317.0,14120.0,RED_BASE,adc_in_base
EUW1_7697183513,200,9,9.003816666666667,14185.0,12715.0,RED_BASE,adc_in_base
EUW1_7697183918,200,7,7.001216666666667,11506.0,1164.0,BOT_LANE_CORE,adc_dead_with_xy
EUW1_7697185083,200,9,9.003416666666666,14001.0,11220.0,RED_BASE,adc_in_base
EUW1_7697185865,100,8,8.004466666666668,2969.0,805.0,BLUE_BASE,adc_in_base
EUW1_7697185865,200,9,9.00485,13622.0,2258.0,BOT_LANE_CORE,adc_dead_with_xy
EUW1_7697186555,100,8,8.001133333333334,11215.0,3469.0,BOT_SIDE_NEAR,adc_dead_with_xy
EUW1_7697186625,100,9,9.00385,11112.0,1599.0,BOT_LANE_CORE,adc_dead_with_xy
EUW1_7697186625,100,10,10.004116666666667,9831.0,1297.0,BOT_LANE_CORE,adc_dead_with_xy
EUW1_7697186625,100,11,11.004633333333333,8712.0,1058.0,BOT_LANE_CORE,adc_dead_with_xy
EUW1_7697187251,100,6,6.0023333333333335,1872.0,721.0,BLUE_BASE,adc_in_base
EUW1_7697188643,100,10,10.00425,881.0,570.0,BLUE_BASE,adc_in_base
EUW1_7697191240,200,7,7.003966666666667,13729.0,5008.0,BOT_LANE_CORE,adc_dead_with_xy
EUW1_7697191522,100,10,10.004366666666666,10821.0,1049.0,BOT_LANE_CORE,adc_dead_with_xy
EUW1_7697191522,200,11,11.004533333333333,5576.0,8436.0,RIVER_TOP,adc_dead_with_xy
EUW1_7697191530,200,10,10.004016666666667,9626.0,1554.0,BOT_LANE_CORE,adc_dead_with_xy
EUW1_7697192644,100,7,7.003216666666667,394.0,461.0,BLUE_BASE,adc_in_base
EUW1_7697193530,200,8,8.002033333333333,12329.0,2019.0,BOT_LANE_CORE,adc_dead_with_xy
EUW1_7697194515,100,9,9.00375,11872.0,1280.0,BOT_LANE_CORE,adc_dead_with_xy
EUW1_7697194515,100,11,11.004116666666667,3433.0,876.0,BLUE_BASE,adc_in_base
EUW1_7697196331,100,11,11.00465,990.0,565.0,BLUE_BASE,adc_in_base
EUW1_7697196389,100,10,10.00465,1500.0,723.0,BLUE_BASE,adc_in_base
EUW1_7697197967,200,8,8.0041,14143.0,14019.0,RED_BASE,adc_in_base
EUW1_7697198453,100,7,7.001383333333333,3471.0,889.0,BLUE_BASE,adc_in_base
EUW1_7697198453,200,9,9.00165,12026.0,4717.0,BOT_SIDE_NEAR,adc_dead_with_xy
EUW1_7697198453,200,11,11.002066666666666,12046.0,2635.0,BOT_SIDE_NEAR,adc_dead_with_xy
EUW1_7697198713,200,6,6.003933333333333,11862.0,2341.0,BOT_LANE_CORE,adc_dead_with_xy
EUW1_7697198946,200,7,7.0036,14245.0,13292.0,RED_BASE,adc_in_base
EUW1_7697199149,100,7,7.003733333333333,2158.0,719.0,BLUE_BASE,adc_in_base
EUW1_7697199541,100,10,10.004116666666667,13283.0,5024.0,BOT_LANE_CORE,adc_dead_with_xy
EUW1_7697199541,200,7,7.0035,14300.0,13768.0,RED_BASE,adc_in_base
EUW1_7697199541,200,8,8.00395,11821.0,1430.0,BOT_LANE_CORE,adc_dead_with_xy
EUW1_7697199541,200,11,11.00465,14101.0,12167.0,RED_BASE,adc_in_base
EUW1_7697199689,100,9,9.004383333333333,3548.0,670.0,BLUE_BASE,adc_in_base
EUW1_7697200562,100,6,6.000916666666667,13910.0,3534.0,BOT_LANE_CORE,adc_dead_with_xy
EUW1_7697200562,100,9,9.001533333333333,13437.0,2583.0,BOT_LANE_CORE,adc_dead_with_xy
EUW1_7697200562,200,6,6.000916666666667,13304.0,4525.0,BOT_LANE_CORE,adc_dead_with_xy
EUW1_7697205667,200,9,9.003683333333333,14336.0,13673.0,RED_BASE,adc_in_base
EUW1_7697206679,100,6,6.001516666666666,394.0,461.0,BLUE_BASE,adc_in_base
EUW1_7697206977,200,5,5.003316666666667,13809.0,3373.0,BOT_LANE_CORE,adc_dead_with_xy
EUW1_7697206977,200,11,11.005833333333333,13183.0,2044.0,BOT_LANE_CORE,adc_dead_with_xy
EUW1_7697207025,100,7,7.00285,445.0,474.0,BLUE_BASE,adc_in_base
EUW1_7697207025,200,10,10.003516666666666,14340.0,14391.0,RED_BASE,adc_in_base
EUW1_7697207135,200,10,10.0047,14016.0,11747.0,RED_BASE,adc_in_base
EUW1_7697209416,100,9,9.0044,1125.0,645.0,BLUE_BASE,adc_in_base
EUW1_7697210483,100,6,6.00255,13588.0,4222.0,BOT_LANE_CORE,adc_dead_with_xy
EUW1_7697210483,200,6,6.00255,13476.0,4585.0,BOT_LANE_CORE,adc_dead_with_xy
EUW1_7697210483,200,9,9.003566666666666,14020.0,13771.0,RED_BASE,adc_in_base
EUW1_7697211968,100,6,6.004166666666666,13549.0,1408.0,BOT_LANE_CORE,adc_dead_with_xy
EUW1_7697211968,100,9,9.00505,10331.0,983.0,BOT_LANE_CORE,adc_dead_with_xy
EUW1_7697213078,200,6,6.0031,12533.0,1688.0,BOT_LANE_CORE,adc_dead_with_xy
EUW1_7697213640,100,7,7.0043,394.0,461.0,BLUE_BASE,adc_in_base
EUW1_7697213640,200,7,7.0043,12254.0,2029.0,BOT_LANE_CORE,adc_dead_with_xy
EUW1_7697213640,200,8,8.004566666666667,14317.0,14097.0,RED_BASE,adc_in_base
EUW1_7697215872,100,7,7.00345,1265.0,488.0,BLUE_BASE,adc_in_base
EUW1_7697217487,100,6,6.003466666666666,2231.0,699.0,BLUE_BASE,adc_in_base
EUW1_7697217611,100,6,6.00125,1219.0,588.0,BLUE_BASE,adc_in_base
EUW1_7697219595,100,9,9.004166666666666,10100.0,809.0,BOT_LANE_CORE,adc_dead_with_xy
EUW1_7697219917,200,7,7.0032,14289.0,14120.0,RED_BASE,adc_in_base
EUW1_7697219964,100,9,9.00415,9876.0,1137.0,BOT_LANE_CORE,adc_dead_with_xy
EUW1_7697221899,200,11,11.004516666666667,14131.0,12097.0,RED_BASE,adc_in_base
EUW1_7697222454,200,5,5.002683333333334,13953.0,11745.0,RED_BASE,adc_in_base
EUW1_7697223133,100,7,7.003783333333334,833.0,545.0,BLUE_BASE,adc_in_base
EUW1_7697223133,200,11,11.004866666666667,13298.0,2137.0,BOT_LANE_CORE,adc_dead_with_xy
EUW1_7697223184,200,7,7.001233333333333,14108.0,11698.0,RED_BASE,adc_in_base
EUW1_7697223223,200,11,11.005116666666666,14237.0,12525.0,RED_BASE,adc_in_base
EUW1_7697223491,100,6,6.0035,689.0,449.0,BLUE_BASE,adc_in_base
EUW1_7697223491,200,11,11.004466666666668,13474.0,5185.0,BOT_LANE_CORE,adc_dead_with_xy
EUW1_7697223503,200,5,5.002933333333333,14098.0,4760.0,BOT_LANE_CORE,adc_dead_with_xy
EUW1_7697223503,200,10,10.004166666666666,14177.0,12976.0,RED_BASE,adc_in_base
EUW1_7697223683,100,9,9.0043,3104.0,813.0,BLUE_BASE,adc_in_base
EUW1_7697224620,100,10,10.00455,1689.0,637.0,BLUE_BASE,adc_in_base
EUW1_7697224620,200,6,6.0034833333333335,14340.0,14391.0,RED_BASE,adc_in_base
EUW1_7697224620,200,9,9.004516666666667,14248.0,13494.0,RED_BASE,adc_in_base
EUW1_7697224620,200,11,11.004783333333334,14279.0,13380.0,RED_BASE,adc_in_base
EUW1_7697224791,100,8,8.004116666666667,1874.0,574.0,BLUE_BASE,adc_in_base
EUW1_7697224791,200,11,11.00525,13882.0,11610.0,RED_BASE,adc_in_base
EUW1_7697227182,100,11,11.002066666666666,394.0,461.0,BLUE_BASE,adc_in_base
EUW1_7697227458,200,7,7.004166666666666,13916.0,3882.0,BOT_LANE_CORE,adc_dead_with_xy
EUW1_7697228055,100,11,11.004866666666667,2386.0,626.0,BLUE_BASE,adc_in_base
EUW1_7697228055,200,6,6.003316666666667,14181.0,12275.0,RED_BASE,adc_in_base
EUW1_7697228055,200,11,11.004866666666667,14148.0,13352.0,RED_BASE,adc_in_base
EUW1_7697230168,100,10,10.00455,1333.0,638.0,BLUE_BASE,adc_in_base
EUW1_7697230508,100,11,11.00505,2268.0,607.0,BLUE_BASE,adc_in_base
EUW1_7697232921,200,11,11.00515,11900.0,2102.0,BOT_LANE_CORE,adc_dead_with_xy
EUW1_7697233716,100,9,9.003633333333333,12379.0,2601.0,BOT_LANE_CORE,adc_dead_with_xy
EUW1_7697233716,200,11,11.004233333333334,11058.0,1737.0,BOT_LANE_CORE,adc_dead_with_xy
EUW1_7697236977,100,7,7.004033333333333,1435.0,549.0,BLUE_BASE,adc_in_base
EUW1_7697237529,200,7,7.001683333333333,14340.0,14391.0,RED_BASE,adc_in_base
EUW1_7697237529,200,8,8.002166666666668,14114.0,4434.0,BOT_LANE_CORE,adc_dead_with_xy
EUW1_7697238729,200,10,10.004666666666667,14086.0,12292.0,RED_BASE,adc_in_base
EUW1_7697239906,100,6,6.001083333333334,1516.0,580.0,BLUE_BASE,adc_in_base
EUW1_7697239906,100,7,7.00135,10846.0,879.0,BOT_LANE_CORE,adc_dead_with_xy
EUW1_7697241511,200,6,6.002316666666666,13362.0,3000.0,BOT_LANE_CORE,adc_dead_with_xy
EUW1_7697243331,200,6,6.002583333333333,14092.0,12812.0,RED_BASE,adc_in_base
EUW1_7697243331,200,8,8.003216666666667,11257.0,4245.0,BOT_SIDE_NEAR,adc_dead_with_xy
EUW1_7697243426,100,6,6.0038,505.0,477.0,BLUE_BASE,adc_in_base
EUW1_7697243426,200,8,8.00405,14340.0,14391.0,RED_BASE,adc_in_base
EUW1_7697243980,200,9,9.0038,14211.0,12792.0,RED_BASE,adc_in_base
EUW1_7697244468,200,8,8.004866666666667,14192.0,12778.0,RED_BASE,adc_in_base
EUW1_7697246740,100,10,10.004283333333333,7581.0,780.0,BOT_LANE_CORE,adc_dead_with_xy
EUW1_7697247440,100,10,10.004266666666666,1544.0,627.0,BLUE_BASE,adc_in_base
EUW1_7697248227,100,7,7.00295,3110.0,721.0,BLUE_BASE,adc_in_base
EUW1_7697248227,100,8,8.003216666666667,2593.0,621.0,BLUE_BASE,adc_in_base
EUW1_7697248227,100,9,9.003383333333334,12341.0,1349.0,BOT_LANE_CORE,adc_dead_with_xy
EUW1_7697248227,200,9,9.003383333333334,12109.0,1515.0,BOT_LANE_CORE,adc_dead_with_xy
EUW1_7697248408,100,8,8.0038,1043.0,575.0,BLUE_BASE,adc_in_base
EUW1_7697248537,100,7,7.0038,11143.0,978.0,BOT_LANE_CORE,adc_dead_with_xy
EUW1_7697249836,100,11,11.004483333333333,746.0,561.0,BLUE_BASE,adc_in_base
EUW1_7697251944,100,9,9.003683333333333,2845.0,835.0,BLUE_BASE,adc_in_base
EUW1_7697252650,200,6,6.001216666666667,14115.0,11099.0,RED_BASE,adc_in_base
EUW1_7697253830,100,9,9.004266666666666,3050.0,724.0,BLUE_BASE,adc_in_base
EUW1_7697254254,200,11,11.005366666666667,14148.0,13348.0,RED_BASE,adc_in_base
EUW1_7697256220,100,7,7.004483333333333,3109.0,898.0,BLUE_BASE,adc_in_base
EUW1_7697258879,100,8,8.0033,1504.0,687.0,BLUE_BASE,adc_in_base
EUW1_7697260905,200,7,7.003833333333334,11498.0,3350.0,BOT_SIDE_NEAR,adc_dead_with_xy
EUW1_7697261530,100,8,8.003133333333333,10470.0,1303.0,BOT_LANE_CORE,adc_dead_with_xy
EUW1_7697263813,200,9,9.0018,9094.0,2120.0,BOT_SIDE_NEAR,adc_dead_with_xy
EUW1_7697263813,200,11,11.003866666666667,6875.0,1015.0,BOT_LANE_CORE,adc_dead_with_xy
EUW1_7697264261,200,7,7.0026166666666665,14287.0,13892.0,RED_BASE,adc_in_base
EUW1_7697264441,200,11,11.0045,14141.0,12789.0,RED_BASE,adc_in_base
EUW1_7697264741,100,5,5.000883333333333,939.0,559.0,BLUE_BASE,adc_in_base
EUW1_7697264741,100,11,11.00415,2904.0,765.0,BLUE_BASE,adc_in_base
EUW1_7697264876,100,10,10.00255,11890.0,3104.0,BOT_SIDE_NEAR,adc_dead_with_xy
EUW1_7697264876,200,5,5.0014,14340.0,14391.0,RED_BASE,adc_in_base
EUW1_7697265045,100,7,7.00375,10793.0,1101.0,BOT_LANE_CORE,adc_dead_with_xy
EUW1_7697265045,200,6,6.003666666666667,14576.0,14151.0,RED_BASE,adc_in_base
EUW1_7697265684,200,6,6.0037666666666665,14158.0,12095.0,RED_BASE,adc_in_base
EUW1_7697266046,200,7,7.003383333333334,10509.0,6154.0,RED_BOT_JUNGLE,adc_dead_with_xy
EUW1_7697266489,100,7,7.003616666666667,2064.0,696.0,BLUE_BASE,adc_in_base
EUW1_7697266489,200,5,5.002866666666667,14311.0,13945.0,RED_BASE,adc_in_base
EUW1_7697266489,200,6,6.003066666666666,11571.0,1455.0,BOT_LANE_CORE,adc_dead_with_xy
EUW1_7697266489,200,11,11.004883333333334,14005.0,13591.0,RED_BASE,adc_in_base
EUW1_7697266536,100,11,11.00495,2158.0,608.0,BLUE_BASE,adc_in_base
EUW1_7697266734,100,11,11.0046,2601.0,743.0,BLUE_BASE,adc_in_base
EUW1_7697267835,100,6,6.002833333333333,2476.0,677.0,BLUE_BASE,adc_in_base
EUW1_7697267835,100,11,11.004866666666667,1037.0,616.0,BLUE_BASE,adc_in_base
EUW1_7697268272,100,10,10.003983333333334,3516.0,935.0,BLUE_BASE,adc_in_base
EUW1_7697268272,200,7,7.002866666666667,13768.0,4656.0,BOT_LANE_CORE,adc_dead_with_xy
EUW1_7697269105,100,8,8.00305,11683.0,1101.0,BOT_LANE_CORE,adc_dead_with_xy
EUW1_7697269768,100,8,8.003466666666666,10372.0,808.0,BOT_LANE_CORE,adc_dead_with_xy
EUW1_7697269768,200,10,10.003816666666667,14062.0,12022.0,RED_BASE,adc_in_base
EUW1_7697269867,100,11,11.004716666666667,3531.0,684.0,BLUE_BASE,adc_in_base
EUW1_7697271836,100,10,10.004383333333333,10028.0,900.0,BOT_LANE_CORE,adc_dead_with_xy
EUW1_7697273103,100,8,8.00375,697.0,524.0,BLUE_BASE,adc_in_base
EUW1_7697273103,200,8,8.00375,14218.0,13543.0,RED_BASE,adc_in_base
EUW1_7697273240,200,10,10.00475,14048.0,11913.0,RED_BASE,adc_in_base
EUW1_7697274515,100,9,9.004616666666667,394.0,461.0,BLUE_BASE,adc_in_base
EUW1_7697274515,100,11,11.005483333333334,2236.0,651.0,BLUE_BASE,adc_in_base
EUW1_7697274515,200,9,9.004616666666667,13947.0,11699.0,RED_BASE,adc_in_base
EUW1_7697274981,100,9,9.004066666666667,10017.0,978.0,BOT_LANE_CORE,adc_dead_with_xy
EUW1_7697275434,100,5,5.001316666666667,11323.0,1659.0,BOT_LANE_CORE,adc_dead_with_xy
EUW1_7697275434,100,9,9.003883333333333,1879.0,647.0,BLUE_BASE,adc_in_base
EUW1_7697276521,100,10,10.003916666666667,1226.0,607.0,BLUE_BASE,adc_in_base
EUW1_7697276683,200,11,11.003933333333332,5110.0,8267.0,BLUE_TOP_JUNGLE,adc_dead_with_xy
EUW1_7697277866,100,8,8.004383333333333,507.0,480.0,BLUE_BASE,adc_in_base
EUW1_7697278270,100,11,11.005516666666667,11332.0,3414.0,BOT_SIDE_NEAR,adc_dead_with_xy
EUW1_7697282302,200,6,6.0033666666666665,14344.0,14296.0,RED_BASE,adc_in_base
EUW1_7697282302,200,8,8.003983333333334,12799.0,2733.0,BOT_LANE_CORE,adc_dead_with_xy
EUW1_7697282619,200,6,6.003283333333333,14034.0,12387.0,RED_BASE,adc_in_base
EUW1_7697282619,200,11,11.0046,13878.0,11437.0,RED_BASE,adc_in_base
EUW1_7697283048,100,9,9.0039,12163.0,3101.0,BOT_SIDE_NEAR,adc_dead_with_xy
EUW1_7697283048,200,5,5.002683333333334,13859.0,11378.0,RED_BASE,adc_in_base
EUW1_7697283048,200,9,9.0039,13411.0,4354.0,BOT_LANE_CORE,adc_dead_with_xy
EUW1_7697283048,200,11,11.004216666666666,14139.0,12878.0,RED_BASE,adc_in_base
EUW1_7697283585,200,5,5.00375,14034.0,4901.0,BOT_LANE_CORE,adc_dead_with_xy
EUW1_7697284477,200,8,8.001666666666667,14340.0,14391.0,RED_BASE,adc_in_base
EUW1_7697284477,200,11,11.003616666666666,13908.0,11931.0,RED_BASE,adc_in_base
EUW1_7697284874,100,5,5.0031,3431.0,824.0,BLUE_BASE,adc_in_base
EUW1_7697287832,100,10,10.002216666666667,2310.0,666.0,BLUE_BASE,adc_in_base
EUW1_7697288248,100,7,7.003466666666666,8575.0,4813.0,BLUE_BOT_JUNGLE,adc_dead_with_xy
EUW1_7697288248,200,6,6.00345,14063.0,12263.0,RED_BASE,adc_in_base
EUW1_7697289091,200,5,5.003183333333333,14144.0,13676.0,RED_BASE,adc_in_base
EUW1_7697289091,200,11,11.005466666666667,14219.0,13965.0,RED_BASE,adc_in_base
EUW1_7697289121,100,8,8.003833333333333,3476.0,865.0,BLUE_BASE,adc_in_base
EUW1_7697289121,200,8,8.003833333333333,14206.0,12741.0,RED_BASE,adc_in_base
EUW1_7697289951,100,6,6.001383333333333,1512.0,560.0,BLUE_BASE,adc_in_base
EUW1_7697290665,200,5,5.002883333333333,14362.0,14142.0,RED_BASE,adc_in_base
EUW1_7697290665,200,10,10.003783333333333,14141.0,11380.0,RED_BASE,adc_in_base
EUW1_7697290714,200,10,10.004183333333334,14262.0,13643.0,RED_BASE,adc_in_base
EUW1_7697292791,100,9,9.001383333333333,10348.0,1729.0,BOT_LANE_CORE,adc_dead_with_xy
EUW1_7697292791,100,10,10.001883333333334,12462.0,2938.0,BOT_LANE_CORE,adc_dead_with_xy
EUW1_7697293768,200,11,11.00435,13652.0,4389.0,BOT_LANE_CORE,adc_dead_with_xy
EUW1_7697294927,100,6,6.003333333333333,3594.0,675.0,BLUE_BASE,adc_in_base
EUW1_7697296057,100,7,7.0033,1255.0,657.0,BLUE_BASE,adc_in_base
EUW1_7697296057,200,10,10.003983333333334,13382.0,3348.0,BOT_LANE_CORE,adc_dead_with_xy
EUW1_7697297158,200,7,7.003616666666667,14090.0,4378.0,BOT_LANE_CORE,adc_dead_with_xy
EUW1_7697297969,100,6,6.001766666666667,10980.0,1548.0,BOT_LANE_CORE,adc_dead_with_xy
EUW1_7697297969,200,8,8.0043,13748.0,12904.0,RED_BASE,adc_in_base
EUW1_7697298603,200,7,7.003666666666667,12659.0,3005.0,BOT_LANE_CORE,adc_dead_with_xy
EUW1_7697299069,100,8,8.003016666666667,2792.0,752.0,BLUE_BASE,adc_in_base
EUW1_7697299069,200,8,8.003016666666667,14029.0,12481.0,RED_BASE,adc_in_base
EUW1_7697300877,100,6,6.003116666666667,394.0,461.0,BLUE_BASE,adc_in_base
EUW1_7697300877,200,6,6.003116666666667,14340.0,14391.0,RED_BASE,adc_in_base
EUW1_7697301948,200,6,6.001633333333333,14340.0,14391.0,RED_BASE,adc_in_base
EUW1_7697302753,100,6,6.0014666666666665,12311.0,1666.0,BOT_LANE_CORE,adc_dead_with_xy
EUW1_7697302753,200,9,9.0039,13660.0,3883.0,BOT_LANE_CORE,adc_dead_with_xy
EUW1_7697302767,100,7,7.00365,586.0,517.0,BLUE_BASE,adc_in_base
EUW1_7697302767,100,9,9.00425,524.0,548.0,BLUE_BASE,adc_in_base
EUW1_7697302882,200,6,6.00155,14011.0,3971.0,BOT_LANE_CORE,adc_dead_with_xy
EUW1_7697303008,100,8,8.0028,10247.0,861.0,BOT_LANE_CORE,adc_dead_with_xy
EUW1_7697303008,200,11,11.00315,14160.0,11081.0,RED_BASE,adc_in_base
EUW1_7697303089,200,7,7.003683333333333,14291.0,13234.0,RED_BASE,adc_in_base
EUW1_7697303486,100,8,8.0037,2698.0,800.0,BLUE_BASE,adc_in_base
EUW1_7697304289,100,11,11.003616666666666,3748.0,687.0,BLUE_BASE,adc_in_base
EUW1_7697306453,100,8,8.003466666666666,11786.0,4088.0,BOT_SIDE_NEAR,adc_dead_with_xy
EUW1_7697306453,200,11,11.00455,14134.0,13092.0,RED_BASE,adc_in_base
EUW1_7697307222,200,6,6.003283333333333,12458.0,11833.0,RED_BASE,adc_in_base
EUW1_7697307927,100,9,9.00335,1289.0,641.0,BLUE_BASE,adc_in_base
EUW1_7697308245,100,9,9.003916666666667,12050.0,2584.0,BOT_LANE_CORE,adc_dead_with_xy
EUW1_7697308245,100,11,11.004683333333332,11881.0,2847.0,BOT_SIDE_NEAR,adc_dead_with_xy
EUW1_7697309446,100,7,7.002933333333333,2093.0,617.0,BLUE_BASE,adc_in_base
EUW1_7697309446,200,8,8.003466666666666,14321.0,14341.0,RED_BASE,adc_in_base
EUW1_7697309446,200,11,11.004383333333333,14122.0,12591.0,RED_BASE,adc_in_base
EUW1_7697310432,200,11,11.00475,14340.0,14391.0,RED_BASE,adc_in_base
EUW1_7697310589,100,7,7.003116666666667,11711.0,2354.0,BOT_SIDE_NEAR,adc_dead_with_xy
EUW1_7697310589,100,8,8.003566666666666,11802.0,1966.0,BOT_LANE_CORE,adc_dead_with_xy
EUW1_7697310589,200,10,10.003716666666667,14053.0,11255.0,RED_BASE,adc_in_base
EUW1_7697313682,200,6,6.002966666666667,14168.0,13644.0,RED_BASE,adc_in_base
EUW1_7697313682,200,10,10.00435,14340.0,14391.0,RED_BASE,adc_in_base
EUW1_7697314818,100,7,7.002483333333333,2733.0,798.0,BLUE_BASE,adc_in_base
EUW1_7697314818,200,9,9.003116666666667,14340.0,14391.0,RED_BASE,adc_in_base
EUW1_7697314818,200,11,11.003433333333334,14097.0,12146.0,RED_BASE,adc_in_base
EUW1_7697314864,100,6,6.003233333333333,14070.0,4657.0,BOT_LANE_CORE,adc_dead_with_xy
EUW1_7697314864,100,9,9.003483333333334,12884.0,2816.0,BOT_LANE_CORE,adc_dead_with_xy
EUW1_7697314931,100,10,10.004,10155.0,808.0,BOT_LANE_CORE,adc_dead_with_xy
EUW1_7697315404,100,11,11.002383333333333,3414.0,677.0,BLUE_BASE,adc_in_base
EUW1_7697315603,100,5,5.0030833333333335,13642.0,1929.0,BOT_LANE_CORE,adc_dead_with_xy
EUW1_7697315603,100,9,9.004166666666666,2173.0,682.0,BLUE_BASE,adc_in_base
EUW1_7697315603,200,9,9.004166666666666,14196.0,12947.0,RED_BASE,adc_in_base
EUW1_7697316421,100,8,8.00475,1503.0,720.0,BLUE_BASE,adc_in_base
EUW1_7697316421,100,11,11.005583333333334,13090.0,4666.0,BOT_LANE_CORE,adc_dead_with_xy
EUW1_7697316421,200,11,11.005583333333334,13716.0,4879.0,BOT_LANE_CORE,adc_dead_with_xy
EUW1_7697317105,100,5,5.003116666666667,2279.0,677.0,BLUE_BASE,adc_in_base
EUW1_7697317105,100,6,6.00335,13000.0,1424.0,BOT_LANE_CORE,adc_dead_with_xy
EUW1_7697317105,100,8,8.0038,11060.0,1100.0,BOT_LANE_CORE,adc_dead_with_xy
EUW1_7697317105,100,10,10.004333333333333,13804.0,4282.0,BOT_LANE_CORE,adc_dead_with_xy
EUW1_7697317105,200,6,6.00335,14340.0,14391.0,RED_BASE,adc_in_base
EUW1_7697317862,100,11,11.003966666666667,10748.0,894.0,BOT_LANE_CORE,adc_dead_with_xy
EUW1_7697318160,200,5,5.0008333333333335,10485.0,846.0,BOT_LANE_CORE,adc_dead_with_xy
EUW1_7697318776,100,6,6.003133333333333,12987.0,1349.0,BOT_LANE_CORE,adc_dead_with_xy
EUW1_7697318776,200,11,11.004916666666666,13121.0,4147.0,BOT_LANE_CORE,adc_dead_with_xy
EUW1_7697319582,200,7,7.00355,13614.0,2772.0,BOT_LANE_CORE,adc_dead_with_xy
EUW1_7697321369,200,7,7.001716666666667,12882.0,4268.0,BOT_SIDE_NEAR,adc_dead_with_xy
EUW1_7697321369,200,8,8.001866666666666,10415.0,2499.0,BOT_SIDE_NEAR,adc_dead_with_xy
EUW1_7697321369,200,9,9.0036,7059.0,6135.0,MID_LANE,adc_dead_with_xy
EUW1_7697322475,200,5,5.003266666666667,13067.0,3182.0,BOT_LANE_CORE,adc_dead_with_xy
EUW1_7697323562,100,9,9.003266666666667,2226.0,816.0,BLUE_BASE,adc_in_base
EUW1_7697323562,100,10,10.0035,1545.0,654.0,BLUE_BASE,adc_in_base
EUW1_7697324603,100,5,5.003166666666667,12935.0,1860.0,BOT_LANE_CORE,adc_dead_with_xy
EUW1_7697324603,200,8,8.004166666666666,14040.0,11296.0,RED_BASE,adc_in_base
EUW1_7697324773,100,7,7.003583333333333,2334.0,727.0,BLUE_BASE,adc_in_base
EUW1_7697324773,200,8,8.0041,14004.0,11707.0,RED_BASE,adc_in_base
EUW1_7697324773,200,9,9.004266666666666,13804.0,4771.0,BOT_LANE_CORE,adc_dead_with_xy
EUW1_7697324842,100,11,11.00415,1082.0,614.0,BLUE_BASE,adc_in_base
EUW1_7697325607,100,8,8.004183333333334,2819.0,691.0,BLUE_BASE,adc_in_base
EUW1_7697326207,200,5,5.0027,14340.0,14391.0,RED_BASE,adc_in_base
EUW1_7697326910,100,10,10.00405,12684.0,2947.0,BOT_LANE_CORE,adc_dead_with_xy
EUW1_7697327517,200,7,7.003516666666667,12995.0,1889.0,BOT_LANE_CORE,adc_dead_with_xy
EUW1_7697327517,200,9,9.004116666666667,13968.0,13799.0,RED_BASE,adc_in_base
EUW1_7697330759,100,7,7.0015833333333335,7614.0,777.0,BOT_LANE_CORE,adc_dead_with_xy
EUW1_7697330759,100,8,8.001716666666667,1073.0,703.0,BLUE_BASE,adc_in_base
EUW1_7697330759,100,11,11.00255,2543.0,416.0,BLUE_BASE,adc_in_base
EUW1_7697330976,100,8,8.004183333333334,517.0,471.0,BLUE_BASE,adc_in_base
EUW1_7697332225,100,11,11.00365,1759.0,1343.0,BLUE_BASE,adc_in_base
EUW1_7697332504,100,7,7.0036,12894.0,2922.0,BOT_LANE_CORE,adc_dead_with_xy
EUW1_7697333756,200,5,5.0029,13371.0,11212.0,RED_BASE,adc_in_base
EUW1_7697335126,100,8,8.00355,13560.0,3758.0,BOT_LANE_CORE,adc_dead_with_xy
EUW1_7697335126,100,10,10.00435,2658.0,643.0,BLUE_BASE,adc_in_base
EUW1_7697335666,100,9,9.00395,3382.0,837.0,BLUE_BASE,adc_in_base
EUW1_7697335666,200,5,5.0029,14197.0,12759.0,RED_BASE,adc_in_base
EUW1_7697335666,200,9,9.00395,14130.0,12515.0,RED_BASE,adc_in_base
EUW1_7697335712,100,7,7.003683333333333,13808.0,3484.0,BOT_LANE_CORE,adc_dead_with_xy
EUW1_7697335712,100,11,11.004866666666667,2686.0,611.0,BLUE_BASE,adc_in_base
EUW1_7697336483,200,8,8.002833333333333,14337.0,14370.0,RED_BASE,adc_in_base
EUW1_7697337333,100,9,9.004183333333334,2502.0,794.0,BLUE_BASE,adc_in_base
EUW1_7697338204,100,9,9.0032,394.0,461.0,BLUE_BASE,adc_in_base
EUW1_7697338330,200,6,6.003266666666667,13504.0,2403.0,BOT_LANE_CORE,adc_dead_with_xy
EUW1_7697338330,200,9,9.004016666666667,10930.0,1834.0,BOT_LANE_CORE,adc_dead_with_xy
EUW1_7697339301,100,9,9.004016666666667,1624.0,577.0,BLUE_BASE,adc_in_base
EUW1_7697339384,200,6,6.001233333333333,14166.0,12873.0,RED_BASE,adc_in_base
EUW1_7697339479,200,9,9.004166666666666,13070.0,4236.0,BOT_LANE_CORE,adc_dead_with_xy
EUW1_7697340606,100,9,9.003116666666667,698.0,437.0,BLUE_BASE,adc_in_base
EUW1_7697340606,200,10,10.003666666666666,14080.0,12125.0,RED_BASE,adc_in_base
EUW1_7697340682,100,9,9.0039,13397.0,1160.0,BOT_LANE_CORE,adc_dead_with_xy
EUW1_7697340682,200,9,9.0039,13831.0,12608.0,RED_BASE,adc_in_base
EUW1_7697340682,200,11,11.004383333333333,12704.0,1884.0,BOT_LANE_CORE,adc_dead_with_xy
EUW1_7697341736,200,10,10.004066666666667,11569.0,1045.0,BOT_LANE_CORE,adc_dead_with_xy
EUW1_7697341736,200,11,11.004183333333334,12102.0,1230.0,BOT_LANE_CORE,adc_dead_with_xy
EUW1_7697343861,100,8,8.003283333333334,2038.0,694.0,BLUE_BASE,adc_in_base
EUW1_7697345309,200,9,9.0036,13885.0,11570.0,RED_BASE,adc_in_base
EUW1_7697345309,200,10,10.004033333333334,14327.0,14366.0,RED_BASE,adc_in_base
EUW1_7697345755,100,8,8.003366666666667,11048.0,1434.0,BOT_LANE_CORE,adc_dead_with_xy
EUW1_7697347013,200,9,9.00495,14089.0,5216.0,BOT_LANE_CORE,adc_dead_with_xy
EUW1_7697347245,100,7,7.003533333333333,2597.0,724.0,BLUE_BASE,adc_in_base
EUW1_7697349760,100,6,6.003,623.0,493.0,BLUE_BASE,adc_in_base
EUW1_7697349760,100,8,8.004066666666667,3256.0,710.0,BLUE_BASE,adc_in_base
EUW1_7697349760,200,10,10.004583333333333,8018.0,7700.0,MID_LANE,adc_dead_with_xy
EUW1_7697349773,200,8,8.003683333333333,14016.0,12676.0,RED_BASE,adc_in_base
EUW1_7697349887,100,10,10.005166666666666,394.0,461.0,BLUE_BASE,adc_in_base
EUW1_7697349887,200,6,6.003666666666667,14028.0,11528.0,RED_BASE,adc_in_base
EUW1_7697350160,100,9,9.003766666666667,2397.0,778.0,BLUE_BASE,adc_in_base
EUW1_7697350160,200,11,11.00465,14234.0,12431.0,RED_BASE,adc_in_base
EUW1_7697350398,100,9,9.0037,1178.0,1442.0,BLUE_BASE,adc_in_base
EUW1_7697352045,100,8,8.004083333333334,281.0,462.0,BLUE_BASE,adc_in_base
EUW1_7697352045,100,10,10.004616666666667,11817.0,1568.0,BOT_LANE_CORE,adc_dead_with_xy
EUW1_7697352282,200,5,5.0023333333333335,14041.0,11343.0,RED_BASE,adc_in_base
EUW1_7697352282,200,10,10.0035,9912.0,6404.0,RED_BOT_JUNGLE,adc_dead_with_xy
EUW1_7697352317,200,10,10.003983333333334,14323.0,14123.0,RED_BASE,adc_in_base
EUW1_7697352449,100,10,10.004083333333334,987.0,645.0,BLUE_BASE,adc_in_base
EUW1_7697352597,200,11,11.0039,13715.0,4426.0,BOT_LANE_CORE,adc_dead_with_xy
EUW1_7697353748,100,7,7.003383333333334,11651.0,3831.0,BOT_SIDE_NEAR,adc_dead_with_xy
EUW1_7697353748,200,6,6.001483333333334,12045.0,4356.0,BOT_SIDE_NEAR,adc_dead_with_xy
EUW1_7697354177,100,10,10.004766666666667,1035.0,515.0,BLUE_BASE,adc_in_base
EUW1_7697354177,200,7,7.0037666666666665,13115.0,3616.0,BOT_LANE_CORE,adc_dead_with_xy
EUW1_7697354918,100,9,9.003716666666667,1878.0,647.0,BLUE_BASE,adc_in_base
EUW1_7697355388,100,7,7.003033333333334,3315.0,661.0,BLUE_BASE,adc_in_base
EUW1_7697355388,100,9,9.00365,3611.0,871.0,BLUE_BASE,adc_in_base
EUW1_7697355388,200,9,9.00365,14070.0,12296.0,RED_BASE,adc_in_base
EUW1_7697355751,200,8,8.0045,13774.0,1585.0,BOT_LANE_CORE,adc_dead_with_xy
EUW1_7697357034,200,10,10.005166666666666,13999.0,11316.0,RED_BASE,adc_in_base
EUW1_7697358077,100,8,8.0035,11528.0,1082.0,BOT_LANE_CORE,adc_dead_with_xy
EUW1_7697358077,200,8,8.0035,13547.0,13016.0,RED_BASE,adc_in_base
EUW1_7697358077,200,11,11.004366666666666,13105.0,2305.0,BOT_LANE_CORE,adc_dead_with_xy
EUW1_7697358088,100,8,8.004033333333334,525.0,474.0,BLUE_BASE,adc_in_base
EUW1_7697358088,200,7,7.0034833333333335,13939.0,11710.0,RED_BASE,adc_in_base
EUW1_7697358379,200,5,5.001233333333333,14071.0,11779.0,RED_BASE,adc_in_base
EUW1_7697358379,200,11,11.00445,13518.0,3175.0,BOT_LANE_CORE,adc_dead_with_xy
EUW1_7697359258,100,11,11.00365,10318.0,1504.0,BOT_LANE_CORE,adc_dead_with_xy
EUW1_7697360718,200,7,7.0035,11803.0,1741.0,BOT_LANE_CORE,adc_dead_with_xy
EUW1_7697362110,100,6,6.003433333333334,394.0,461.0,BLUE_BASE,adc_in_base
EUW1_7697362110,100,8,8.00385,13148.0,4393.0,BOT_LANE_CORE,adc_dead_with_xy
EUW1_7697362521,100,8,8.001283333333333,10063.0,861.0,BOT_LANE_CORE,adc_dead_with_xy
EUW1_7697362521,200,10,10.001733333333334,13854.0,11619.0,RED_BASE,adc_in_base
EUW1_7697362709,200,8,8.003616666666666,3349.0,2591.0,BLUE_BOT_JUNGLE,adc_dead_with_xy
EUW1_7697363095,100,5,5.0031,2611.0,643.0,BLUE_BASE,adc_in_base
EUW1_7697363095,100,6,6.00355,10495.0,850.0,BOT_LANE_CORE,adc_dead_with_xy
EUW1_7697363579,200,6,6.001166666666666,14013.0,11129.0,RED_BASE,adc_in_base
EUW1_7697363579,200,10,10.004283333333333,14206.0,12539.0,RED_BASE,adc_in_base
EUW1_7697364654,100,6,6.003266666666667,2134.0,598.0,BLUE_BASE,adc_in_base
EUW1_7697364654,200,11,11.00545,13976.0,11456.0,RED_BASE,adc_in_base
EUW1_7697367418,200,6,6.0014666666666665,12967.0,2675.0,BOT_LANE_CORE,adc_dead_with_xy
EUW1_7697367418,200,10,10.004066666666667,7784.0,6920.0,MID_LANE,adc_dead_with_xy
EUW1_7697369294,100,11,11.003333333333334,1067.0,516.0,BLUE_BASE,adc_in_base
EUW1_7697369294,200,5,5.00085,14048.0,12194.0,RED_BASE,adc_in_base
EUW1_7697369828,100,9,9.001616666666667,12921.0,3978.0,BOT_SIDE_NEAR,adc_dead_with_xy
EUW1_7697369828,200,8,8.001616666666667,14003.0,13903.0,RED_BASE,adc_in_base
EUW1_7697370116,200,8,8.003533333333333,14320.0,14164.0,RED_BASE,adc_in_base
EUW1_7697370116,200,10,10.00415,13948.0,11718.0,RED_BASE,adc_in_base
EUW1_7697370691,100,6,6.003333333333333,13630.0,2894.0,BOT_LANE_CORE,adc_dead_with_xy
EUW1_7697370698,100,7,7.00365,11418.0,1032.0,BOT_LANE_CORE,adc_dead_with_xy
EUW1_7697370698,200,10,10.00415,14251.0,14281.0,RED_BASE,adc_in_base
EUW1_7697371336,200,6,6.002933333333333,14116.0,12487.0,RED_BASE,adc_in_base
EUW1_7697371599,100,7,7.00345,1209.0,596.0,BLUE_BASE,adc_in_base
EUW1_7697371599,100,8,8.0036,11981.0,3528.0,BOT_SIDE_NEAR,adc_dead_with_xy
EUW1_7697372070,200,9,9.003783333333333,10451.0,1643.0,BOT_LANE_CORE,adc_dead_with_xy
EUW1_7697372960,100,8,8.003616666666666,3102.0,796.0,BLUE_BASE,adc_in_base
EUW1_7697372960,200,10,10.003916666666667,14023.0,4891.0,BOT_LANE_CORE,adc_dead_with_xy
EUW1_7697374861,100,7,7.00325,1534.0,589.0,BLUE_BASE,adc_in_base
EUW1_7697374861,100,8,8.00375,12883.0,1341.0,BOT_LANE_CORE,adc_dead_with_xy
EUW1_7697374861,200,6,6.001283333333333,14340.0,14391.0,RED_BASE,adc_in_base
EUW1_7697374861,200,10,10.004333333333333,12102.0,3024.0,BOT_SIDE_NEAR,adc_dead_with_xy
EUW1_7697375373,100,10,10.004666666666667,3500.0,753.0,BLUE_BASE,adc_in_base
EUW1_7697375373,200,9,9.0044,14045.0,12181.0,RED_BASE,adc_in_base
EUW1_7697376884,200,6,6.002533333333333,14317.0,14392.0,RED_BASE,adc_in_base
EUW1_7697377091,200,6,6.003,14229.0,13743.0,RED_BASE,adc_in_base
EUW1_7697378818,200,5,5.0022,11809.0,1070.0,BOT_LANE_CORE,adc_dead_with_xy
EUW1_7697379183,200,10,10.005066666666666,14340.0,14391.0,RED_BASE,adc_in_base
EUW1_7697379696,200,9,9.004216666666666,14069.0,12025.0,RED_BASE,adc_in_base
EUW1_7697380019,200,5,5.0008333333333335,14072.0,11198.0,RED_BASE,adc_in_base
EUW1_7697380019,200,9,9.00275,11920.0,1881.0,BOT_LANE_CORE,adc_dead_with_xy
EUW1_7697380049,100,8,8.004433333333333,11310.0,1737.0,BOT_LANE_CORE,adc_dead_with_xy
EUW1_7697380736,100,8,8.003716666666667,658.0,474.0,BLUE_BASE,adc_in_base
EUW1_7697380736,200,11,11.004533333333333,14180.0,12008.0,RED_BASE,adc_in_base
EUW1_7697381170,200,8,8.00155,14023.0,13538.0,RED_BASE,adc_in_base
EUW1_7697381598,100,7,7.003583333333333,13654.0,3490.0,BOT_LANE_CORE,adc_dead_with_xy
EUW1_7697383465,100,11,11.004383333333333,13181.0,3220.0,BOT_LANE_CORE,adc_dead_with_xy
EUW1_7697383841,100,6,6.001433333333333,2497.0,723.0,BLUE_BASE,adc_in_base
EUW1_7697383932,200,7,7.003433333333334,13994.0,5118.0,BOT_LANE_CORE,adc_dead_with_xy
EUW1_7697385193,100,10,10.0042,737.0,602.0,BLUE_BASE,adc_in_base
EUW1_7697385413,100,7,7.00335,1358.0,535.0,BLUE_BASE,adc_in_base
EUW1_7697385413,100,10,10.004116666666667,867.0,520.0,BLUE_BASE,adc_in_base
EUW1_7697385413,200,10,10.004116666666667,13383.0,3281.0,BOT_LANE_CORE,adc_dead_with_xy
EUW1_7697386431,100,10,10.0047,394.0,461.0,BLUE_BASE,adc_in_base
EUW1_7697386508,100,5,5.0010666666666665,1272.0,790.0,BLUE_BASE,adc_in_base
EUW1_7697386508,200,5,5.0010666666666665,14301.0,13959.0,RED_BASE,adc_in_base
EUW1_7697387931,100,7,7.0030166666666664,10280.0,4952.0,DRAGON_AREA,adc_dead_with_xy
EUW1_7697388508,100,8,8.003166666666667,3167.0,766.0,BLUE_BASE,adc_in_base
EUW1_7697388931,200,7,7.0033,11045.0,4344.0,BOT_SIDE_NEAR,adc_dead_with_xy
EUW1_7697388939,100,7,7.0034833333333335,3091.0,759.0,BLUE_BASE,adc_in_base
EUW1_7697388939,200,10,10.004433333333333,14235.0,12856.0,RED_BASE,adc_in_base
EUW1_7697389111,100,9,9.00195,11980.0,2962.0,BOT_SIDE_NEAR,adc_dead_with_xy
EUW1_7697389111,200,8,8.00145,14201.0,13069.0,RED_BASE,adc_in_base
EUW1_7697390661,100,8,8.00385,3482.0,858.0,BLUE_BASE,adc_in_base
EUW1_7697390661,100,11,11.0047,3196.0,614.0,BLUE_BASE,adc_in_base
EUW1_7697392945,100,9,9.003783333333333,1588.0,573.0,BLUE_BASE,adc_in_base
EUW1_7697393646,100,7,7.003616666666667,3446.0,813.0,BLUE_BASE,adc_in_base
EUW1_7697393703,200,11,11.00565,14058.0,4341.0,BOT_LANE_CORE,adc_dead_with_xy
EUW1_7697393954,200,8,8.00335,14219.0,13944.0,RED_BASE,adc_in_base
EUW1_7697394137,100,11,11.004233333333334,10689.0,994.0,BOT_LANE_CORE,adc_dead_with_xy
EUW1_7697395200,100,5,5.002983333333333,1802.0,565.0,BLUE_BASE,adc_in_base
EUW1_7697395200,100,7,7.0036,10725.0,908.0,BOT_LANE_CORE,adc_dead_with_xy
EUW1_7697395200,100,11,11.004716666666667,10550.0,1502.0,BOT_LANE_CORE,adc_dead_with_xy
EUW1_7697395200,200,6,6.003433333333334,11676.0,2286.0,BOT_SIDE_NEAR,adc_dead_with_xy
EUW1_7697395200,200,11,11.004716666666667,9797.0,1392.0,BOT_LANE_CORE,adc_dead_with_xy
EUW1_7697397569,100,10,10.001533333333333,3133.0,674.0,BLUE_BASE,adc_in_base
EUW1_7697397569,200,6,6.000816666666666,11691.0,2936.0,BOT_SIDE_NEAR,adc_dead_with_xy
EUW1_7697397569,200,11,11.001733333333334,13741.0,5124.0,BOT_LANE_CORE,adc_dead_with_xy
EUW1_7697398281,100,6,6.003716666666667,12246.0,2705.0,BOT_LANE_CORE,adc_dead_with_xy
EUW1_7697398281,100,11,11.004916666666666,3528.0,808.0,BLUE_BASE,adc_in_base
EUW1_7697398281,200,6,6.003716666666667,14279.0,13898.0,RED_BASE,adc_in_base
EUW1_7697398448,100,10,10.003433333333334,12898.0,2817.0,BOT_LANE_CORE,adc_dead_with_xy
EUW1_7697398448,200,7,7.0015,13793.0,5942.0,BOT_LANE_CORE,adc_dead_with_xy
EUW1_7697398768,100,8,8.0038,7293.0,6024.0,BLUE_BOT_JUNGLE,adc_dead_with_xy
EUW1_7697399664,200,10,10.004433333333333,12456.0,2346.0,BOT_LANE_CORE,adc_dead_with_xy
EUW1_7697400142,100,6,6.0024,1641.0,786.0,BLUE_BASE,adc_in_base
EUW1_7697400142,100,11,11.003566666666666,2357.0,862.0,BLUE_BASE,adc_in_base
EUW1_7697400143,100,6,6.00305,3743.0,835.0,BLUE_BASE,adc_in_base
EUW1_7697400143,100,11,11.004333333333333,13747.0,3635.0,BOT_LANE_CORE,adc_dead_with_xy
EUW1_7697400143,200,11,11.004333333333333,13654.0,4914.0,BOT_LANE_CORE,adc_dead_with_xy
EUW1_7697400815,100,5,5.001233333333333,394.0,461.0,BLUE_BASE,adc_in_base
EUW1_7697400815,100,9,9.003966666666667,2894.0,698.0,BLUE_BASE,adc_in_base
EUW1_7697400815,100,11,11.004816666666667,2343.0,659.0,BLUE_BASE,adc_in_base
EUW1_7697400815,200,5,5.001233333333333,14223.0,14050.0,RED_BASE,adc_in_base
EUW1_7697401520,200,6,6.00065,14372.0,14183.0,RED_BASE,adc_in_base
EUW1_7697401520,200,8,8.000733333333333,13076.0,2171.0,BOT_LANE_CORE,adc_dead_with_xy
EUW1_7697402022,200,8,8.002883333333333,14278.0,13903.0,RED_BASE,adc_in_base
EUW1_7697402596,100,10,10.004783333333334,1432.0,582.0,BLUE_BASE,adc_in_base
EUW1_7697402785,200,11,11.003666666666666,14265.0,14079.0,RED_BASE,adc_in_base
EUW1_7697403113,100,9,9.0043,10910.0,893.0,BOT_LANE_CORE,adc_dead_with_xy
EUW1_7697403113,200,8,8.004233333333334,13483.0,3650.0,BOT_LANE_CORE,adc_dead_with_xy
EUW1_7697403710,200,8,8.003416666666666,11584.0,2034.0,BOT_LANE_CORE,adc_dead_with_xy
EUW1_7697403748,200,6,6.0031,11926.0,2842.0,BOT_SIDE_NEAR,adc_dead_with_xy
EUW1_7697403954,100,9,9.004166666666666,968.0,648.0,BLUE_BASE,adc_in_base
EUW1_7697404419,100,6,6.00305,394.0,461.0,BLUE_BASE,adc_in_base
EUW1_7697404419,100,9,9.00345,9652.0,1001.0,BOT_LANE_CORE,adc_dead_with_xy
EUW1_7697405318,200,9,9.003933333333332,14085.0,11938.0,RED_BASE,adc_in_base
EUW1_7697405495,200,9,9.004033333333334,14104.0,12311.0,RED_BASE,adc_in_base
EUW1_7697405495,200,11,11.004333333333333,14077.0,13038.0,RED_BASE,adc_in_base
EUW1_7697406673,100,7,7.00375,6889.0,4782.0,BLUE_BOT_JUNGLE,adc_dead_with_xy
EUW1_7697406673,200,7,7.00375,8200.0,4868.0,BLUE_BOT_JUNGLE,adc_dead_with_xy
EUW1_7697407807,100,11,11.0037,2803.0,870.0,BLUE_BASE,adc_in_base
EUW1_7697407807,200,5,5.0023333333333335,14336.0,14339.0,RED_BASE,adc_in_base
EUW1_7697410684,100,6,6.002883333333333,2474.0,765.0,BLUE_BASE,adc_in_base
EUW1_7697410684,200,6,6.002883333333333,14340.0,14391.0,RED_BASE,adc_in_base
EUW1_7697410749,200,7,7.0035,13474.0,4153.0,BOT_LANE_CORE,adc_dead_with_xy
EUW1_7697410749,200,10,10.004616666666667,14311.0,13400.0,RED_BASE,adc_in_base
EUW1_7697410945,100,7,7.003833333333334,2589.0,659.0,BLUE_BASE,adc_in_base
EUW1_7697411047,200,11,11.00485,14334.0,13859.0,RED_BASE,adc_in_base
EUW1_7697411089,200,7,7.001666666666667,14115.0,12648.0,RED_BASE,adc_in_base
EUW1_7697411089,200,11,11.004133333333334,12453.0,2921.0,BOT_LANE_CORE,adc_dead_with_xy
EUW1_7697411234,100,6,6.003533333333333,2691.0,738.0,BLUE_BASE,adc_in_base
EUW1_7697413774,100,8,8.001716666666667,13646.0,3047.0,BOT_LANE_CORE,adc_dead_with_xy
EUW1_7697414405,200,9,9.0034,14104.0,11155.0,RED_BASE,adc_in_base
EUW1_7697414593,100,7,7.003116666666667,1545.0,1070.0,BLUE_BASE,adc_in_base
EUW1_7697415215,100,6,6.003783333333334,685.0,565.0,BLUE_BASE,adc_in_base
EUW1_7697415215,100,9,9.004216666666666,2742.0,750.0,BLUE_BASE,adc_in_base
EUW1_7697416415,100,10,10.00395,11114.0,1279.0,BOT_LANE_CORE,adc_dead_with_xy
EUW1_7697416415,200,6,6.0030833333333335,13931.0,11937.0,RED_BASE,adc_in_base
EUW1_7697417058,100,10,10.0047,1495.0,566.0,BLUE_BASE,adc_in_base
EUW1_7697417058,200,8,8.003866666666667,14185.0,12884.0,RED_BASE,adc_in_base
EUW1_7697417173,200,5,5.0029,13937.0,11583.0,RED_BASE,adc_in_base
EUW1_7697417237,100,10,10.004066666666667,11485.0,3536.0,BOT_SIDE_NEAR,adc_dead_with_xy
EUW1_7697417237,200,6,6.001483333333334,14340.0,14391.0,RED_BASE,adc_in_base
EUW1_7697418312,200,5,5.002533333333333,14340.0,14391.0,RED_BASE,adc_in_base
EUW1_7697419769,100,8,8.003666666666666,2882.0,790.0,BLUE_BASE,adc_in_base
EUW1_7697421322,100,9,9.003883333333333,12482.0,4697.0,BOT_SIDE_NEAR,adc_dead_with_xy
EUW1_7697421322,200,6,6.003233333333333,13530.0,4341.0,BOT_LANE_CORE,adc_dead_with_xy
EUW1_7697421671,100,8,8.003866666666667,11398.0,1710.0,BOT_LANE_CORE,adc_dead_with_xy
EUW1_7697421671,200,10,10.004833333333334,14253.0,14365.0,RED_BASE,adc_in_base
EUW1_7697423199,100,10,10.004583333333333,1699.0,730.0,BLUE_BASE,adc_in_base
EUW1_7697423420,200,7,7.00335,14146.0,13181.0,RED_BASE,adc_in_base
EUW1_7697423816,100,11,11.0049,12751.0,4346.0,BOT_SIDE_NEAR,adc_dead_with_xy
EUW1_7697423909,200,7,7.003233333333333,14340.0,14391.0,RED_BASE,adc_in_base
EUW1_7697425702,100,7,7.0027,3120.0,771.0,BLUE_BASE,adc_in_base
EUW1_7697425702,100,10,10.00375,10450.0,853.0,BOT_LANE_CORE,adc_dead_with_xy
EUW1_7697425702,200,10,10.00375,14326.0,14278.0,RED_BASE,adc_in_base
EUW1_7697426247,200,10,10.0036,14340.0,14391.0,RED_BASE,adc_in_base
EUW1_7697426293,100,11,11.0039,2802.0,836.0,BLUE_BASE,adc_in_base
EUW1_7697426764,200,7,7.003633333333333,14188.0,12738.0,RED_BASE,adc_in_base
EUW1_7697428057,200,10,10.00345,13392.0,4581.0,BOT_LANE_CORE,adc_dead_with_xy
EUW1_7697430767,100,10,10.0033,2689.0,706.0,BLUE_BASE,adc_in_base
EUW1_7697430833,200,10,10.005,13512.0,1494.0,BOT_LANE_CORE,adc_dead_with_xy
EUW1_7697431251,200,10,10.004533333333333,14048.0,11561.0,RED_BASE,adc_in_base
EUW1_7697431900,100,6,6.003283333333333,12313.0,5186.0,BOT_SIDE_NEAR,adc_dead_with_xy
EUW1_7697432078,100,11,11.0043,13286.0,3168.0,BOT_LANE_CORE,adc_dead_with_xy
EUW1_7697432222,100,6,6.0036,12760.0,2618.0,BOT_LANE_CORE,adc_dead_with_xy
EUW1_7697432222,100,9,9.004666666666667,2750.0,716.0,BLUE_BASE,adc_in_base
EUW1_7697432222,200,8,8.00435,14124.0,12133.0,RED_BASE,adc_in_base
EUW1_7697432222,200,11,11.005283333333333,13858.0,11289.0,RED_BASE,adc_in_base
EUW1_7697432805,100,11,11.003983333333334,812.0,516.0,BLUE_BASE,adc_in_base
EUW1_7697432805,200,5,5.001233333333333,14126.0,13122.0,RED_BASE,adc_in_base
EUW1_7697432805,200,8,8.003233333333334,14309.0,14007.0,RED_BASE,adc_in_base
EUW1_7697433943,200,9,9.0039,14130.0,13560.0,RED_BASE,adc_in_base
EUW1_7697434658,100,7,7.0028,394.0,461.0,BLUE_BASE,adc_in_base
EUW1_7697434658,200,11,11.004033333333334,8998.0,1576.0,BOT_LANE_CORE,adc_dead_with_xy
EUW1_7697434939,100,10,10.004383333333333,3504.0,1020.0,BLUE_BASE,adc_in_base
EUW1_7697435239,200,7,7.003133333333333,14063.0,12163.0,RED_BASE,adc_in_base
EUW1_7697436843,100,6,6.001616666666667,1376.0,539.0,BLUE_BASE,adc_in_base
EUW1_7697436843,200,5,5.0014,14092.0,13460.0,RED_BASE,adc_in_base
EUW1_7697436843,200,7,7.0018,14046.0,12591.0,RED_BASE,adc_in_base
EUW1_7697437571,100,10,10.003816666666667,13227.0,1370.0,BOT_LANE_CORE,adc_dead_with_xy
EUW1_7697437571,200,9,9.003666666666666,14340.0,14391.0,RED_BASE,adc_in_base
EUW1_7697438439,100,11,11.004366666666666,394.0,461.0,BLUE_BASE,adc_in_base
EUW1_7697438497,100,6,6.002833333333333,2890.0,814.0,BLUE_BASE,adc_in_base
EUW1_7697438660,100,11,11.004733333333334,9520.0,819.0,BOT_LANE_CORE,adc_dead_with_xy
EUW1_7697438660,200,5,5.0027,13153.0,3249.0,BOT_LANE_CORE,adc_dead_with_xy
EUW1_7697438660,200,8,8.00365,13128.0,4683.0,BOT_LANE_CORE,adc_dead_with_xy
EUW1_7697439156,100,10,10.004316666666666,12006.0,2676.0,BOT_SIDE_NEAR,adc_dead_with_xy
EUW1_7697439156,200,10,10.004316666666666,14198.0,12464.0,RED_BASE,adc_in_base
EUW1_7697439634,200,11,11.00455,13868.0,3871.0,BOT_LANE_CORE,adc_dead_with_xy
EUW1_7697439698,100,5,5.0024,10416.0,1160.0,BOT_LANE_CORE,adc_dead_with_xy
EUW1_7697439698,200,8,8.003083333333333,9526.0,1162.0,BOT_LANE_CORE,adc_dead_with_xy
EUW1_7697439698,200,10,10.004116666666667,13765.0,3209.0,BOT_LANE_CORE,adc_dead_with_xy
EUW1_7697440805,100,7,7.001333333333333,11989.0,1194.0,BOT_LANE_CORE,adc_dead_with_xy
EUW1_7697445676,100,9,9.0034,12903.0,2426.0,BOT_LANE_CORE,adc_dead_with_xy
EUW1_7697445901,200,6,6.0034,13411.0,4861.0,BOT_LANE_CORE,adc_dead_with_xy
EUW1_7697445901,200,10,10.003633333333333,11647.0,6914.0,RED_BOT_JUNGLE,adc_dead_with_xy
EUW1_7697445971,100,10,10.002183333333333,2316.0,693.0,BLUE_BASE,adc_in_base
EUW1_7697445971,200,5,5.000766666666666,12904.0,1827.0,BOT_LANE_CORE,adc_dead_with_xy
EUW1_7697446049,100,9,9.004433333333333,1347.0,610.0,BLUE_BASE,adc_in_base
EUW1_7697446049,200,6,6.003583333333333,14244.0,13568.0,RED_BASE,adc_in_base
EUW1_7697446049,200,11,11.005416666666667,13928.0,11747.0,RED_BASE,adc_in_base
EUW1_7697447711,200,7,7.003516666666667,13130.0,11475.0,RED_BASE,adc_in_base
EUW1_7697448205,100,11,11.00455,14078.0,5079.0,BOT_LANE_CORE,adc_dead_with_xy
EUW1_7697449764,100,5,5.003116666666667,13453.0,1589.0,BOT_LANE_CORE,adc_dead_with_xy
EUW1_7697449764,100,10,10.004433333333333,394.0,461.0,BLUE_BASE,adc_in_base
EUW1_7697449764,200,6,6.003633333333333,14010.0,11970.0,RED_BASE,adc_in_base
EUW1_7697449764,200,10,10.004433333333333,14323.0,14226.0,RED_BASE,adc_in_base
EUW1_7697450412,100,10,10.003716666666667,3257.0,699.0,BLUE_BASE,adc_in_base
EUW1_7697450571,100,5,5.001083333333334,394.0,461.0,BLUE_BASE,adc_in_base
EUW1_7697450571,100,10,10.0047,10816.0,1375.0,BOT_LANE_CORE,adc_dead_with_xy
EUW1_7697450571,200,11,11.00505,14340.0,14391.0,RED_BASE,adc_in_base
EUW1_7697450597,100,10,10.003983333333334,2794.0,771.0,BLUE_BASE,adc_in_base
EUW1_7697450597,200,5,5.002916666666667,14101.0,12445.0,RED_BASE,adc_in_base
EUW1_7697451859,100,10,10.0042,13062.0,3822.0,BOT_LANE_CORE,adc_dead_with_xy
EUW1_7697451859,200,7,7.0017,14076.0,11552.0,RED_BASE,adc_in_base
EUW1_7697452854,200,11,11.00475,14305.0,13370.0,RED_BASE,adc_in_base
EUW1_7697452891,100,6,6.00315,12263.0,2301.0,BOT_LANE_CORE,adc_dead_with_xy
EUW1_7697453494,100,5,5.002416666666667,959.0,540.0,BLUE_BASE,adc_in_base
EUW1_7697453524,100,5,5.003066666666666,1248.0,607.0,BLUE_BASE,adc_in_base
EUW1_7697453588,200,9,9.004266666666666,11624.0,2011.0,BOT_LANE_CORE,adc_dead_with_xy
EUW1_7697455657,100,10,10.004133333333334,982.0,622.0,BLUE_BASE,adc_in_base
EUW1_7697455657,200,10,10.004133333333334,13639.0,2781.0,BOT_LANE_CORE,adc_dead_with_xy
EUW1_7697456084,100,8,8.003633333333333,1351.0,740.0,BLUE_BASE,adc_in_base
EUW1_7697456084,200,11,11.004516666666667,14082.0,11507.0,RED_BASE,adc_in_base
EUW1_7697456565,200,10,10.00305,13874.0,11305.0,RED_BASE,adc_in_base
EUW1_7697456720,100,11,11.005,1394.0,660.0,BLUE_BASE,adc_in_base
EUW1_7697456720,200,11,11.005,13395.0,13587.0,RED_BASE,adc_in_base
EUW1_7697457082,100,11,11.004566666666667,9368.0,1756.0,BOT_LANE_CORE,adc_dead_with_xy
EUW1_7697458152,200,10,10.004133333333334,13358.0,10901.0,RED_BASE,adc_in_base
EUW1_7697458590,100,11,11.0039,2062.0,759.0,BLUE_BASE,adc_in_base
EUW1_7697458590,200,6,6.001333333333333,10851.0,2074.0,BOT_SIDE_NEAR,adc_dead_with_xy
EUW1_7697459103,100,7,7.0030833333333335,394.0,461.0,BLUE_BASE,adc_in_base
EUW1_7697459904,100,11,11.00425,10380.0,813.0,BOT_LANE_CORE,adc_dead_with_xy
EUW1_7697459904,200,9,9.003916666666667,9454.0,1965.0,BOT_SIDE_NEAR,adc_dead_with_xy
EUW1_7697460878,100,7,7.003266666666667,2630.0,785.0,BLUE_BASE,adc_in_base
EUW1_7697461774,200,10,10.004016666666667,13219.0,12185.0,RED_BASE,adc_in_base
EUW1_7697462617,200,5,5.0028,14138.0,11859.0,RED_BASE,adc_in_base
EUW1_7697463012,200,5,5.001166666666666,13641.0,12041.0,RED_BASE,adc_in_base
EUW1_7697463012,200,7,7.003116666666667,13909.0,12001.0,RED_BASE,adc_in_base
EUW1_7697463090,100,5,5.00305,9888.0,4787.0,DRAGON_AREA,adc_dead_with_xy
EUW1_7697463090,200,6,6.003283333333333,14004.0,12034.0,RED_BASE,adc_in_base
EUW1_7697463537,200,11,11.0058,13882.0,3999.0,BOT_LANE_CORE,adc_dead_with_xy
EUW1_7697463543,100,8,8.003866666666667,1632.0,570.0,BLUE_BASE,adc_in_base
EUW1_7697463657,200,5,5.00295,14124.0,4871.0,BOT_LANE_CORE,adc_dead_with_xy
EUW1_7697463997,100,5,5.001116666666666,3560.0,771.0,BLUE_BASE,adc_in_base
EUW1_7697463997,200,8,8.00335,12844.0,3081.0,BOT_LANE_CORE,adc_dead_with_xy
EUW1_7697464365,200,8,8.004666666666667,14045.0,12159.0,RED_BASE,adc_in_base
EUW1_7697465194,200,5,5.002166666666667,10831.0,2167.0,BOT_SIDE_NEAR,adc_dead_with_xy
EUW1_7697465194,200,11,11.003983333333334,12555.0,3107.0,BOT_LANE_CORE,adc_dead_with_xy
EUW1_7697465337,100,10,10.002183333333333,13277.0,5260.0,BOT_LANE_CORE,adc_dead_with_xy
EUW1_7697465337,200,5,5.000966666666667,14096.0,5184.0,BOT_LANE_CORE,adc_dead_with_xy
EUW1_7697465337,200,10,10.002183333333333,14088.0,4775.0,BOT_LANE_CORE,adc_dead_with_xy
EUW1_7697465846,200,10,10.003883333333333,14147.0,12672.0,RED_BASE,adc_in_base
EUW1_7697466147,100,7,7.003166666666667,828.0,537.0,BLUE_BASE,adc_in_base
EUW1_7697467578,200,5,5.002516666666667,14131.0,12060.0,RED_BASE,adc_in_base
EUW1_7697467839,100,6,6.00305,662.0,484.0,BLUE_BASE,adc_in_base
EUW1_7697468069,100,10,10.004033333333334,10764.0,1156.0,BOT_LANE_CORE,adc_dead_with_xy
EUW1_7697468675,100,11,11.003816666666667,1125.0,657.0,BLUE_BASE,adc_in_base
EUW1_7697468675,200,11,11.003816666666667,14179.0,13021.0,RED_BASE,adc_in_base
EUW1_7697469688,100,11,11.004416666666666,1503.0,559.0,BLUE_BASE,adc_in_base
EUW1_7697471295,100,8,8.0038,13337.0,2884.0,BOT_LANE_CORE,adc_dead_with_xy
EUW1_7697471295,200,5,5.002883333333333,13167.0,3418.0,BOT_LANE_CORE,adc_dead_with_xy
EUW1_7697472349,100,9,9.004266666666666,724.0,580.0,BLUE_BASE,adc_in_base
EUW1_7697472349,200,11,11.004866666666667,12275.0,1226.0,BOT_LANE_CORE,adc_dead_with_xy
EUW1_7697472937,100,8,8.003383333333334,1786.0,1164.0,BLUE_BASE,adc_in_base
EUW1_7697473346,200,7,7.003116666666667,12266.0,3339.0,BOT_SIDE_NEAR,adc_dead_with_xy
EUW1_7697474003,100,9,9.0044,10679.0,1599.0,BOT_LANE_CORE,adc_dead_with_xy
EUW1_7697474093,100,6,6.002816666666667,394.0,461.0,BLUE_BASE,adc_in_base
EUW1_7697474093,200,8,8.003533333333333,14037.0,12368.0,RED_BASE,adc_in_base
EUW1_7697474525,100,8,8.003833333333333,394.0,461.0,BLUE_BASE,adc_in_base
EUW1_7697474725,100,11,11.0051,10476.0,1697.0,BOT_LANE_CORE,adc_dead_with_xy
EUW1_7697474725,200,6,6.003066666666666,13317.0,11298.0,RED_BASE,adc_in_base
EUW1_7697475181,100,9,9.004283333333333,569.0,547.0,BLUE_BASE,adc_in_base
EUW1_7697475209,100,7,7.002833333333333,12407.0,1289.0,BOT_LANE_CORE,adc_dead_with_xy
EUW1_7697475209,100,9,9.003583333333333,10372.0,869.0,BOT_LANE_CORE,adc_dead_with_xy
EUW1_7697475209,200,11,11.00405,14106.0,5085.0,BOT_LANE_CORE,adc_dead_with_xy
EUW1_7697475533,100,6,6.003433333333334,10322.0,1307.0,BOT_LANE_CORE,adc_dead_with_xy
EUW1_7697475533,100,11,11.005066666666666,1054.0,529.0,BLUE_BASE,adc_in_base
EUW1_7697475533,200,6,6.003433333333334,11307.0,1916.0,BOT_LANE_CORE,adc_dead_with_xy
EUW1_7697475594,100,5,5.00295,1069.0,524.0,BLUE_BASE,adc_in_base
EUW1_7697476568,100,6,6.002716666666666,13029.0,3514.0,BOT_LANE_CORE,adc_dead_with_xy
EUW1_7697478612,200,10,10.00425,9288.0,1431.0,BOT_LANE_CORE,adc_dead_with_xy
EUW1_7697478788,100,5,5.002866666666667,1264.0,618.0,BLUE_BASE,adc_in_base
EUW1_7697478974,100,5,5.002716666666666,1600.0,815.0,BLUE_BASE,adc_in_base
EUW1_7697478974,200,5,5.002716666666666,14340.0,14391.0,RED_BASE,adc_in_base
EUW1_7697479097,200,11,11.004333333333333,13691.0,3822.0,BOT_LANE_CORE,adc_dead_with_xy
EUW1_7697479175,200,9,9.003633333333333,14147.0,12520.0,RED_BASE,adc_in_base
EUW1_7697479175,200,10,10.004116666666667,12750.0,1490.0,BOT_LANE_CORE,adc_dead_with_xy
EUW1_7697479474,200,7,7.0043,14092.0,11689.0,RED_BASE,adc_in_base
EUW1_7697479474,200,11,11.005433333333333,14218.0,13439.0,RED_BASE,adc_in_base
EUW1_7697479624,100,6,6.0034,11881.0,4811.0,BOT_SIDE_NEAR,adc_dead_with_xy
EUW1_7697480381,200,7,7.003416666666666,14114.0,11874.0,RED_BASE,adc_in_base
EUW1_7697480784,200,10,10.004316666666666,14259.0,13887.0,RED_BASE,adc_in_base
EUW1_7697480790,100,9,9.0033,2703.0,862.0,BLUE_BASE,adc_in_base
EUW1_7697483599,200,7,7.0030833333333335,11283.0,4673.0,BOT_SIDE_NEAR,adc_dead_with_xy
EUW1_7697484327,100,6,6.0027,394.0,461.0,BLUE_BASE,adc_in_base
EUW1_7697484988,100,9,9.0041,2903.0,673.0,BLUE_BASE,adc_in_base
EUW1_7697484988,100,10,10.00455,1151.0,508.0,BLUE_BASE,adc_in_base
EUW1_7697485447,100,5,5.002583333333333,13061.0,3452.0,BOT_LANE_CORE,adc_dead_with_xy
EUW1_7697486658,200,8,8.001583333333333,13633.0,1596.0,BOT_LANE_CORE,adc_dead_with_xy
EUW1_7697486744,100,10,10.004066666666667,10449.0,1194.0,BOT_LANE_CORE,adc_dead_with_xy
EUW1_7697486744,200,10,10.004066666666667,11395.0,1484.0,BOT_LANE_CORE,adc_dead_with_xy
EUW1_7697487340,200,8,8.004416666666666,12697.0,2514.0,BOT_LANE_CORE,adc_dead_with_xy
EUW1_7697487568,100,7,7.0027333333333335,1455.0,561.0,BLUE_BASE,adc_in_base
EUW1_7697487888,200,8,8.003183333333334,14598.0,14292.0,RED_BASE,adc_in_base
EUW1_7697487888,200,9,9.00325,14535.0,14181.0,RED_BASE,adc_in_base
EUW1_7697488700,200,5,5.000616666666667,12713.0,1795.0,BOT_LANE_CORE,adc_dead_with_xy
EUW1_7697489534,100,10,10.004933333333334,394.0,462.0,BLUE_BASE,adc_in_base
EUW1_7697489710,200,6,6.001283333333333,13830.0,11017.0,RED_BASE,adc_in_base
EUW1_7697490330,100,6,6.003116666666667,1170.0,753.0,BLUE_BASE,adc_in_base
EUW1_7697490330,100,10,10.004416666666666,1918.0,747.0,BLUE_BASE,adc_in_base
EUW1_7697490330,200,6,6.003116666666667,14089.0,4510.0,BOT_LANE_CORE,adc_dead_with_xy
EUW1_7697490330,200,9,9.004233333333334,11201.0,1772.0,BOT_LANE_CORE,adc_dead_with_xy
EUW1_7697490567,100,10,10.0039,1520.0,570.0,BLUE_BASE,adc_in_base
EUW1_7697490886,100,9,9.003933333333332,12614.0,1700.0,BOT_LANE_CORE,adc_dead_with_xy
EUW1_7697490917,100,11,11.00475,3145.0,1012.0,BLUE_BASE,adc_in_base
EUW1_7697492036,200,6,6.0033,14340.0,14391.0,RED_BASE,adc_in_base
EUW1_7697492146,100,10,10.0037,6533.0,1051.0,BOT_LANE_CORE,adc_dead_with_xy
EUW1_7697492163,100,9,9.0042,3025.0,864.0,BLUE_BASE,adc_in_base
EUW1_7697492316,200,7,7.00365,14329.0,13598.0,RED_BASE,adc_in_base
EUW1_7697493281,200,11,11.004133333333334,14338.0,14005.0,RED_BASE,adc_in_base
EUW1_7697493542,100,5,5.001416666666667,607.0,517.0,BLUE_BASE,adc_in_base
EUW1_7697493661,100,5,5.001416666666667,3105.0,751.0,BLUE_BASE,adc_in_base
EUW1_7697493661,200,5,5.001416666666667,14194.0,13400.0,RED_BASE,adc_in_base
EUW1_7697493677,100,8,8.003516666666666,2752.0,733.0,BLUE_BASE,adc_in_base
EUW1_7697493886,100,6,6.002483333333333,13432.0,2575.0,BOT_LANE_CORE,adc_dead_with_xy
EUW1_7697493886,100,10,10.003533333333333,11873.0,2130.0,BOT_LANE_CORE,adc_dead_with_xy
EUW1_7697493886,200,6,6.002483333333333,13398.0,3466.0,BOT_LANE_CORE,adc_dead_with_xy
EUW1_7697494758,100,6,6.002916666666667,3455.0,750.0,BLUE_BASE,adc_in_base
EUW1_7697494758,100,9,9.003283333333334,13156.0,1201.0,BOT_LANE_CORE,adc_dead_with_xy
EUW1_7697494758,100,11,11.004033333333334,488.0,473.0,BLUE_BASE,adc_in_base
EUW1_7697494810,100,9,9.003766666666667,12588.0,2540.0,BOT_LANE_CORE,adc_dead_with_xy
EUW1_7697494810,200,6,6.0033666666666665,11706.0,2255.0,BOT_SIDE_NEAR,adc_dead_with_xy
EUW1_7697494810,200,11,11.00435,14155.0,11835.0,RED_BASE,adc_in_base
EUW1_7697494963,100,9,9.00445,3498.0,719.0,BLUE_BASE,adc_in_base
EUW1_7697495339,100,8,8.003866666666667,1343.0,586.0,BLUE_BASE,adc_in_base
EUW1_7697496168,200,9,9.003033333333333,14209.0,12530.0,RED_BASE,adc_in_base
EUW1_7697496511,200,8,8.00335,14283.0,13292.0,RED_BASE,adc_in_base
EUW1_7697496695,100,8,8.002183333333333,12535.0,3033.0,BOT_LANE_CORE,adc_dead_with_xy
EUW1_7697496989,200,6,6.0014666666666665,13615.0,3188.0,BOT_LANE_CORE,adc_dead_with_xy
EUW1_7697497384,200,10,10.0043,14377.0,14045.0,RED_BASE,adc_in_base
EUW1_7697497545,100,7,7.001216666666667,12935.0,3481.0,BOT_LANE_CORE,adc_dead_with_xy
EUW1_7697497545,200,6,6.001116666666666,13995.0,5144.0,BOT_LANE_CORE,adc_dead_with_xy
EUW1_7697498220,200,6,6.00155,13937.0,10971.0,RED_BASE,adc_in_base
EUW1_7697498657,100,9,9.001916666666666,11092.0,916.0,BOT_LANE_CORE,adc_dead_with_xy
EUW1_7697498905,100,6,6.0026,10328.0,836.0,BOT_LANE_CORE,adc_dead_with_xy
EUW1_7697498905,100,11,11.003683333333333,12510.0,1275.0,BOT_LANE_CORE,adc_dead_with_xy
EUW1_7697498905,200,10,10.003633333333333,14340.0,14391.0,RED_BASE,adc_in_base
EUW1_7697499713,100,9,9.003533333333333,690.0,508.0,BLUE_BASE,adc_in_base
EUW1_7697499713,200,10,10.00355,7370.0,3236.0,BLUE_BOT_JUNGLE,adc_dead_with_xy
EUW1_7697500338,200,7,7.003666666666667,14420.0,14448.0,RED_BASE,adc_in_base
EUW1_7697500719,100,9,9.004,3051.0,694.0,BLUE_BASE,adc_in_base
EUW1_7697500719,200,6,6.002883333333333,14187.0,13739.0,RED_BASE,adc_in_base
EUW1_7697500719,200,9,9.004,12552.0,11838.0,RED_BASE,adc_in_base
EUW1_7697500719,200,11,11.005016666666666,14094.0,4899.0,BOT_LANE_CORE,adc_dead_with_xy
EUW1_7697500722,100,10,10.004,13344.0,4481.0,BOT_LANE_CORE,adc_dead_with_xy
EUW1_7697501347,200,10,10.004566666666667,13400.0,3284.0,BOT_LANE_CORE,adc_dead_with_xy
EUW1_7697502113,200,11,11.004883333333334,13777.0,4695.0,BOT_LANE_CORE,adc_dead_with_xy
EUW1_7697502296,100,5,5.002716666666666,13386.0,2904.0,BOT_LANE_CORE,adc_dead_with_xy
EUW1_7697502296,200,7,7.003266666666667,11190.0,3486.0,BOT_SIDE_NEAR,adc_dead_with_xy
EUW1_7697503020,200,10,10.00375,14310.0,13768.0,RED_BASE,adc_in_base
EUW1_7697503647,100,11,11.00415,10309.0,856.0,BOT_LANE_CORE,adc_dead_with_xy
EUW1_7697503667,100,9,9.00405,9743.0,908.0,BOT_LANE_CORE,adc_dead_with_xy
EUW1_7697503667,200,7,7.003283333333333,14301.0,13356.0,RED_BASE,adc_in_base
EUW1_7697503667,200,9,9.00405,10798.0,1704.0,BOT_LANE_CORE,adc_dead_with_xy
EUW1_7697505605,100,11,11.004766666666667,2782.0,631.0,BLUE_BASE,adc_in_base
EUW1_7697508642,100,10,10.0044,12103.0,2713.0,BOT_SIDE_NEAR,adc_dead_with_xy
EUW1_7697508642,200,6,6.003266666666667,13346.0,3438.0,BOT_LANE_CORE,adc_dead_with_xy
EUW1_7697508760,100,6,6.0027333333333335,11824.0,2066.0,BOT_LANE_CORE,adc_dead_with_xy
EUW1_7697508760,100,10,10.003783333333333,10921.0,1870.0,BOT_LANE_CORE,adc_dead_with_xy
EUW1_7697508760,200,6,6.0027333333333335,13053.0,3141.0,BOT_LANE_CORE,adc_dead_with_xy
EUW1_7697508765,200,10,10.004016666666667,14340.0,14391.0,RED_BASE,adc_in_base
EUW1_7697508988,200,7,7.0025,12480.0,1419.0,BOT_LANE_CORE,adc_dead_with_xy
EUW1_7697509426,100,11,11.005016666666666,10044.0,969.0,BOT_LANE_CORE,adc_dead_with_xy
EUW1_7697512482,200,8,8.004266666666666,14166.0,12439.0,RED_BASE,adc_in_base
EUW1_7697514100,100,7,7.00145,2496.0,701.0,BLUE_BASE,adc_in_base
EUW1_7697514100,200,6,6.001333333333333,14001.0,11283.0,RED_BASE,adc_in_base
EUW1_7697514114,200,8,8.003016666666667,14034.0,11277.0,RED_BASE,adc_in_base
EUW1_7697516712,200,7,7.0031,14301.0,13475.0,RED_BASE,adc_in_base
EUW1_7697516712,200,9,9.003883333333333,11953.0,4308.0,BOT_SIDE_NEAR,adc_dead_with_xy
EUW1_7697517056,200,8,8.00405,14308.0,13940.0,RED_BASE,adc_in_base
EUW1_7697517458,100,5,5.003033333333334,394.0,461.0,BLUE_BASE,adc_in_base
EUW1_7697517458,200,10,10.004216666666666,13572.0,4318.0,BOT_LANE_CORE,adc_dead_with_xy
EUW1_7697517972,100,11,11.00525,10362.0,3127.0,BOT_SIDE_NEAR,adc_dead_with_xy
EUW1_7697518014,100,7,7.0029,12120.0,1347.0,BOT_LANE_CORE,adc_dead_with_xy
EUW1_7697518154,100,8,8.003266666666667,2226.0,613.0,BLUE_BASE,adc_in_base
EUW1_7697518154,100,9,9.003766666666667,1833.0,653.0,BLUE_BASE,adc_in_base
EUW1_7697518154,100,11,11.004283333333333,2034.0,1106.0,BLUE_BASE,adc_in_base
EUW1_7697518154,200,11,11.004283333333333,13303.0,3339.0,BOT_LANE_CORE,adc_dead_with_xy
EUW1_7697518696,100,7,7.0028,10548.0,1776.0,BOT_LANE_CORE,adc_dead_with_xy
EUW1_7697518696,100,8,8.003316666666667,8897.0,4555.0,BOT_SIDE_NEAR,adc_dead_with_xy
EUW1_7697518696,200,5,5.00215,14340.0,14391.0,RED_BASE,adc_in_base
EUW1_7697518696,200,10,10.003716666666667,14137.0,11745.0,RED_BASE,adc_in_base
EUW1_7697518738,200,8,8.003133333333333,13941.0,12094.0,RED_BASE,adc_in_base
EUW1_7697518793,200,6,6.001316666666667,14187.0,12971.0,RED_BASE,adc_in_base
EUW1_7697519005,200,10,10.0042,9590.0,2434.0,BOT_SIDE_NEAR,adc_dead_with_xy
EUW1_7697520866,100,7,7.003283333333333,1375.0,611.0,BLUE_BASE,adc_in_base
EUW1_7697520866,200,10,10.004466666666668,11451.0,1786.0,BOT_LANE_CORE,adc_dead_with_xy
EUW1_7697521370,200,10,10.0044,14159.0,14142.0,RED_BASE,adc_in_base
EUW1_7697521642,200,10,10.004716666666667,13179.0,4564.0,BOT_LANE_CORE,adc_dead_with_xy
EUW1_7697521689,100,9,9.003816666666667,1954.0,921.0,BLUE_BASE,adc_in_base
EUW1_7697521994,200,5,5.0025,13992.0,11512.0,RED_BASE,adc_in_base
EUW1_7697522715,100,9,9.0016,847.0,505.0,BLUE_BASE,adc_in_base
EUW1_7697522985,100,11,11.00385,9818.0,879.0,BOT_LANE_CORE,adc_dead_with_xy
EUW1_7697523354,100,7,7.00345,1397.0,589.0,BLUE_BASE,adc_in_base
EUW1_7697523354,100,11,11.004983333333334,10150.0,790.0,BOT_LANE_CORE,adc_dead_with_xy
EUW1_7697523354,200,11,11.004983333333334,11454.0,1536.0,BOT_LANE_CORE,adc_dead_with_xy
EUW1_7697523399,100,11,11.004283333333333,1084.0,566.0,BLUE_BASE,adc_in_base
EUW1_7697524168,200,10,10.0044,14083.0,11999.0,RED_BASE,adc_in_base
EUW1_7697524254,100,7,7.002916666666667,13629.0,3103.0,BOT_LANE_CORE,adc_dead_with_xy
EUW1_7697524580,200,8,8.003866666666667,11772.0,1183.0,BOT_LANE_CORE,adc_dead_with_xy
EUW1_7697524625,100,6,6.000866666666667,394.0,461.0,BLUE_BASE,adc_in_base
EUW1_7697524625,100,9,9.001516666666667,752.0,501.0,BLUE_BASE,adc_in_base
EUW1_7697525001,100,11,11.004533333333333,394.0,461.0,BLUE_BASE,adc_in_base
EUW1_7697525001,200,9,9.003916666666667,13545.0,5372.0,BOT_LANE_CORE,adc_dead_with_xy
EUW1_7697525865,100,9,9.004183333333334,3582.0,697.0,BLUE_BASE,adc_in_base
EUW1_7697526038,200,10,10.003766666666667,13772.0,7425.0,BOT_LANE_CORE,adc_dead_with_xy
EUW1_7697526137,100,7,7.003033333333334,470.0,525.0,BLUE_BASE,adc_in_base
EUW1_7697526137,200,9,9.0034,13774.0,12644.0,RED_BASE,adc_in_base
EUW1_7697526329,100,11,11.0047,12060.0,2406.0,BOT_LANE_CORE,adc_dead_with_xy
EUW1_7697526329,200,8,8.003666666666666,13583.0,2647.0,BOT_LANE_CORE,adc_dead_with_xy
EUW1_7697527493,200,8,8.00335,14177.0,13769.0,RED_BASE,adc_in_base
EUW1_7697527542,200,7,7.0030166666666664,14356.0,14398.0,RED_BASE,adc_in_base
EUW1_7697527542,200,9,9.003483333333334,13972.0,3988.0,BOT_LANE_CORE,adc_dead_with_xy
EUW1_7697528687,200,6,6.001783333333333,14049.0,11103.0,RED_BASE,adc_in_base
EUW1_7697530353,100,6,6.0029,11840.0,2501.0,BOT_SIDE_NEAR,adc_dead_with_xy
EUW1_7697530353,200,5,5.0026166666666665,13983.0,11340.0,RED_BASE,adc_in_base
EUW1_7697530353,200,7,7.00325,14259.0,13703.0,RED_BASE,adc_in_base
EUW1_7697530353,200,11,11.004033333333334,13957.0,5396.0,BOT_LANE_CORE,adc_dead_with_xy
EUW1_7697530784,200,11,11.004316666666666,13920.0,11769.0,RED_BASE,adc_in_base
EUW1_7697531538,200,9,9.0042,14284.0,13722.0,RED_BASE,adc_in_base
EUW1_7697532259,200,9,9.00325,14350.0,14167.0,RED_BASE,adc_in_base
EUW1_7697532259,200,10,10.003516666666666,12514.0,1656.0,BOT_LANE_CORE,adc_dead_with_xy
EUW1_7697532774,200,11,11.004266666666666,14103.0,11608.0,RED_BASE,adc_in_base
EUW1_7697533108,100,5,5.0032,394.0,461.0,BLUE_BASE,adc_in_base
EUW1_7697533108,200,5,5.0032,12688.0,1295.0,BOT_LANE_CORE,adc_dead_with_xy
EUW1_7697533108,200,10,10.00505,12158.0,3403.0,BOT_SIDE_NEAR,adc_dead_with_xy
EUW1_7697534722,100,6,6.003,2317.0,640.0,BLUE_BASE,adc_in_base
EUW1_7697534722,200,8,8.00385,14019.0,13414.0,RED_BASE,adc_in_base
EUW1_7697535267,100,8,8.004483333333333,13055.0,3631.0,BOT_LANE_CORE,adc_dead_with_xy
EUW1_7697535267,200,10,10.004933333333334,14314.0,13794.0,RED_BASE,adc_in_base
EUW1_7697535428,200,10,10.003333333333334,13505.0,12621.0,RED_BASE,adc_in_base
EUW1_7697535523,100,10,10.0037,11199.0,4549.0,BOT_SIDE_NEAR,adc_dead_with_xy
EUW1_7697535790,100,7,7.003516666666667,1183.0,738.0,BLUE_BASE,adc_in_base
EUW1_7697535790,200,8,8.003866666666667,14070.0,11443.0,RED_BASE,adc_in_base
EUW1_7697535812,200,8,8.002716666666666,14065.0,4239.0,BOT_LANE_CORE,adc_dead_with_xy
EUW1_7697536221,100,6,6.0038833333333335,10136.0,2329.0,BOT_SIDE_NEAR,adc_dead_with_xy
EUW1_7697536221,100,9,9.005083333333333,669.0,370.0,BLUE_BASE,adc_in_base
EUW1_7697537347,200,5,5.00095,13163.0,3763.0,BOT_LANE_CORE,adc_dead_with_xy
EUW1_7697538083,200,7,7.0037,14034.0,11778.0,RED_BASE,adc_in_base
EUW1_7697538083,200,11,11.00505,14340.0,14391.0,RED_BASE,adc_in_base
EUW1_7697538671,100,5,5.002083333333333,593.0,486.0,BLUE_BASE,adc_in_base
EUW1_7697538671,200,8,8.002783333333333,14081.0,12169.0,RED_BASE,adc_in_base
EUW1_7697538671,200,10,10.003016666666667,14051.0,13284.0,RED_BASE,adc_in_base
EUW1_7697539562,200,7,7.00085,14230.0,13828.0,RED_BASE,adc_in_base
EUW1_7697539917,200,11,11.004333333333333,14006.0,4484.0,BOT_LANE_CORE,adc_dead_with_xy
EUW1_7697540009,200,6,6.002166666666667,13919.0,11443.0,RED_BASE,adc_in_base
EUW1_7697540009,200,7,7.003066666666666,13482.0,1917.0,BOT_LANE_CORE,adc_dead_with_xy
EUW1_7697540009,200,11,11.003633333333333,14072.0,12895.0,RED_BASE,adc_in_base
EUW1_7697540452,100,7,7.0036,10270.0,1235.0,BOT_LANE_CORE,adc_dead_with_xy
EUW1_7697540452,200,6,6.0034,14293.0,13459.0,RED_BASE,adc_in_base
EUW1_7697540452,200,9,9.0044,14165.0,11161.0,RED_BASE,adc_in_base
EUW1_7697540684,100,6,6.00295,1173.0,507.0,BLUE_BASE,adc_in_base
EUW1_7697540684,100,8,8.003283333333334,1127.0,455.0,BLUE_BASE,adc_in_base
EUW1_7697540684,100,10,10.003733333333333,12412.0,4829.0,BOT_SIDE_NEAR,adc_dead_with_xy
EUW1_7697540684,200,10,10.003733333333333,12463.0,5463.0,BOT_SIDE_NEAR,adc_dead_with_xy
EUW1_7697543142,100,5,5.00285,394.0,461.0,BLUE_BASE,adc_in_base
EUW1_7697543142,100,7,7.0034833333333335,2616.0,799.0,BLUE_BASE,adc_in_base
EUW1_7697543142,200,8,8.003983333333334,11631.0,1273.0,BOT_LANE_CORE,adc_dead_with_xy
EUW1_7697543580,200,5,5.0027,13658.0,2974.0,BOT_LANE_CORE,adc_dead_with_xy
EUW1_7697543580,200,9,9.00395,14063.0,4825.0,BOT_LANE_CORE,adc_dead_with_xy
EUW1_7697543590,100,10,10.0044,877.0,595.0,BLUE_BASE,adc_in_base
EUW1_7697543590,200,6,6.003316666666667,13387.0,11402.0,RED_BASE,adc_in_base
EUW1_7697543653,200,6,6.003166666666667,13971.0,11284.0,RED_BASE,adc_in_base
EUW1_7697543653,200,10,10.004216666666666,13328.0,5273.0,BOT_LANE_CORE,adc_dead_with_xy
EUW1_7697545368,100,6,6.00255,1550.0,558.0,BLUE_BASE,adc_in_base
EUW1_7697545654,200,6,6.002633333333334,14293.0,14159.0,RED_BASE,adc_in_base
EUW1_7697545722,200,11,11.00435,12673.0,1800.0,BOT_LANE_CORE,adc_dead_with_xy
EUW1_7697545757,100,10,10.003583333333333,12369.0,2733.0,BOT_LANE_CORE,adc_dead_with_xy
EUW1_7697545757,200,9,9.003416666666666,14191.0,11487.0,RED_BASE,adc_in_base
EUW1_7697545757,200,10,10.003583333333333,13289.0,3092.0,BOT_LANE_CORE,adc_dead_with_xy
EUW1_7697546109,200,6,6.003416666666666,14120.0,11155.0,RED_BASE,adc_in_base
EUW1_7697546175,200,8,8.003816666666667,14256.0,14027.0,RED_BASE,adc_in_base
EUW1_7697546175,200,10,10.00465,14054.0,11419.0,RED_BASE,adc_in_base
EUW1_7697546554,100,11,11.003916666666667,11250.0,1436.0,BOT_LANE_CORE,adc_dead_with_xy
EUW1_7697547393,100,11,11.004233333333334,13359.0,2597.0,BOT_LANE_CORE,adc_dead_with_xy
EUW1_7697548539,100,9,9.003016666666667,12472.0,2976.0,BOT_LANE_CORE,adc_dead_with_xy
EUW1_7697548539,200,7,7.002566666666667,13908.0,11238.0,RED_BASE,adc_in_base
EUW1_7697548551,200,10,10.00325,13614.0,2074.0,BOT_LANE_CORE,adc_dead_with_xy
EUW1_7697548895,100,6,6.0029,661.0,528.0,BLUE_BASE,adc_in_base
EUW1_7697548895,200,8,8.003733333333333,11260.0,1313.0,BOT_LANE_CORE,adc_dead_with_xy
EUW1_7697548895,200,11,11.004683333333332,14178.0,13944.0,RED_BASE,adc_in_base
EUW1_7697549132,100,9,9.00405,3160.0,783.0,BLUE_BASE,adc_in_base
EUW1_7697549325,100,8,8.00345,3619.0,974.0,BLUE_BASE,adc_in_base
EUW1_7697550216,100,7,7.003783333333334,3317.0,666.0,BLUE_BASE,adc_in_base
EUW1_7697550697,200,10,10.004116666666667,14112.0,13019.0,RED_BASE,adc_in_base
EUW1_7697550893,200,5,5.002516666666667,14292.0,13941.0,RED_BASE,adc_in_base
EUW1_7697550893,200,11,11.004566666666667,14340.0,14391.0,RED_BASE,adc_in_base
EUW1_7697551107,100,5,5.002016666666667,394.0,461.0,BLUE_BASE,adc_in_base
EUW1_7697551107,100,11,11.00445,13742.0,3216.0,BOT_LANE_CORE,adc_dead_with_xy
EUW1_7697551107,200,5,5.002016666666667,14139.0,12061.0,RED_BASE,adc_in_base
EUW1_7697551107,200,9,9.00345,14178.0,13134.0,RED_BASE,adc_in_base
EUW1_7697551227,100,6,6.0029,3456.0,772.0,BLUE_BASE,adc_in_base
EUW1_7697551227,100,8,8.0035,3358.0,937.0,BLUE_BASE,adc_in_base
EUW1_7697551433,100,9,9.00415,1971.0,622.0,BLUE_BASE,adc_in_base
EUW1_7697551433,200,10,10.004533333333333,13280.0,2948.0,BOT_LANE_CORE,adc_dead_with_xy
EUW1_7697552313,200,7,7.00345,14522.0,14056.0,RED_BASE,adc_in_base
EUW1_7697553013,100,5,5.0029,10968.0,1413.0,BOT_LANE_CORE,adc_dead_with_xy
EUW1_7697553013,200,5,5.0029,14295.0,13968.0,RED_BASE,adc_in_base
EUW1_7697553013,200,11,11.005066666666666,13551.0,2168.0,BOT_LANE_CORE,adc_dead_with_xy
EUW1_7697553141,200,9,9.0033,14084.0,4545.0,BOT_LANE_CORE,adc_dead_with_xy
EUW1_7697553973,200,5,5.001166666666666,14054.0,11783.0,RED_BASE,adc_in_base
EUW1_7697555555,100,7,7.003533333333333,749.0,501.0,BLUE_BASE,adc_in_base
EUW1_7697555555,100,10,10.00435,10103.0,1016.0,BOT_LANE_CORE,adc_dead_with_xy
EUW1_7697555555,200,7,7.003533333333333,14322.0,14197.0,RED_BASE,adc_in_base
EUW1_7697555555,200,9,9.004016666666667,13596.0,3766.0,BOT_LANE_CORE,adc_dead_with_xy
EUW1_7697556188,100,8,8.003816666666667,1763.0,2088.0,BLUE_BASE,adc_in_base
EUW1_7697557197,100,10,10.004266666666666,2487.0,753.0,BLUE_BASE,adc_in_base
EUW1_7697557211,200,9,9.00385,13749.0,12663.0,RED_BASE,adc_in_base
EUW1_7697557211,200,10,10.004183333333334,13607.0,2265.0,BOT_LANE_CORE,adc_dead_with_xy
EUW1_7697559213,200,9,9.003816666666667,11055.0,1314.0,BOT_LANE_CORE,adc_dead_with_xy
EUW1_7697559298,200,8,8.004166666666666,13058.0,3918.0,BOT_LANE_CORE,adc_dead_with_xy
EUW1_7697559302,100,9,9.003233333333334,1300.0,561.0,BLUE_BASE,adc_in_base
EUW1_7697559302,200,5,5.0028,10338.0,2756.0,BOT_SIDE_NEAR,adc_dead_with_xy
EUW1_7697559806,100,7,7.002766666666667,394.0,461.0,BLUE_BASE,adc_in_base
EUW1_7697559812,100,9,9.001683333333334,13137.0,2824.0,BOT_LANE_CORE,adc_dead_with_xy
EUW1_7697559812,200,6,6.000916666666667,13610.0,12309.0,RED_BASE,adc_in_base
EUW1_7697559812,200,8,8.001583333333333,11928.0,2059.0,BOT_LANE_CORE,adc_dead_with_xy
EUW1_7697559861,100,10,10.004083333333334,9365.0,1974.0,BOT_SIDE_NEAR,adc_dead_with_xy
EUW1_7697559861,200,6,6.00335,14173.0,11519.0,RED_BASE,adc_in_base
EUW1_7697560393,100,5,5.00255,10659.0,1058.0,BOT_LANE_CORE,adc_dead_with_xy
EUW1_7697560393,100,8,8.003783333333333,941.0,555.0,BLUE_BASE,adc_in_base
EUW1_7697560393,200,5,5.00255,14301.0,13965.0,RED_BASE,adc_in_base
EUW1_7697560393,200,11,11.004933333333334,14340.0,14391.0,RED_BASE,adc_in_base
EUW1_7697562535,100,5,5.002516666666667,2688.0,795.0,BLUE_BASE,adc_in_base
EUW1_7697562535,100,11,11.004766666666667,14018.0,7191.0,BOT_LANE_CORE,adc_dead_with_xy
EUW1_7697562535,200,10,10.0044,13179.0,4817.0,BOT_LANE_CORE,adc_dead_with_xy
EUW1_7697563332,100,10,10.004383333333333,3541.0,959.0,BLUE_BASE,adc_in_base
EUW1_7697563399,100,10,10.00165,12735.0,4335.0,BOT_SIDE_NEAR,adc_dead_with_xy
EUW1_7697564026,100,7,7.00405,3592.0,898.0,BLUE_BASE,adc_in_base
EUW1_7697564026,200,5,5.00335,13394.0,11355.0,RED_BASE,adc_in_base
EUW1_7697564026,200,11,11.005766666666666,13392.0,11413.0,RED_BASE,adc_in_base
EUW1_7697564808,200,9,9.004133333333334,13188.0,3138.0,BOT_LANE_CORE,adc_dead_with_xy
EUW1_7697564872,200,8,8.003916666666667,11055.0,1972.0,BOT_SIDE_NEAR,adc_dead_with_xy
EUW1_7697564892,200,8,8.001966666666666,13751.0,3557.0,BOT_LANE_CORE,adc_dead_with_xy
EUW1_7697567387,100,9,9.00415,2153.0,703.0,BLUE_BASE,adc_in_base
EUW1_7697568859,100,6,6.002066666666667,2130.0,684.0,BLUE_BASE,adc_in_base
EUW1_7697568859,200,5,5.001533333333334,14184.0,13789.0,RED_BASE,adc_in_base
EUW1_7697568908,100,11,11.004266666666666,2493.0,743.0,BLUE_BASE,adc_in_base
EUW1_7697568908,200,11,11.004266666666666,14346.0,14166.0,RED_BASE,adc_in_base
EUW1_7697569101,100,9,9.004183333333334,12928.0,2931.0,BOT_LANE_CORE,adc_dead_with_xy
EUW1_7697569127,200,9,9.003966666666667,14340.0,14391.0,RED_BASE,adc_in_base
EUW1_7697569295,100,9,9.001666666666667,5067.0,9653.0,TOP_SIDE_NEAR,adc_dead_with_xy
EUW1_7697569295,200,8,8.001266666666666,13886.0,11580.0,RED_BASE,adc_in_base
EUW1_7697569512,100,7,7.00335,10222.0,1090.0,BOT_LANE_CORE,adc_dead_with_xy
EUW1_7697569512,100,10,10.004316666666666,3613.0,976.0,BLUE_BASE,adc_in_base
EUW1_7697569512,100,11,11.0051,10101.0,983.0,BOT_LANE_CORE,adc_dead_with_xy
EUW1_7697569583,100,11,11.00455,11292.0,1702.0,BOT_LANE_CORE,adc_dead_with_xy
EUW1_7697569583,200,9,9.003533333333333,13795.0,4889.0,BOT_LANE_CORE,adc_dead_with_xy
EUW1_7697569593,100,9,9.00415,3288.0,865.0,BLUE_BASE,adc_in_base
EUW1_7697569593,200,11,11.004816666666667,13906.0,13454.0,RED_BASE,adc_in_base
EUW1_7697570863,100,7,7.003,1073.0,854.0,BLUE_BASE,adc_in_base
EUW1_7697571494,200,9,9.00365,14253.0,13431.0,RED_BASE,adc_in_base
EUW1_7697572205,100,10,10.003566666666666,13961.0,3956.0,BOT_LANE_CORE,adc_dead_with_xy
EUW1_7697572205,200,8,8.0029,9525.0,970.0,BOT_LANE_CORE,adc_dead_with_xy
EUW1_7697572910,100,6,6.003416666666666,1110.0,622.0,BLUE_BASE,adc_in_base
EUW1_7697572910,100,10,10.004266666666666,3314.0,794.0,BLUE_BASE,adc_in_base
EUW1_7697573943,100,9,9.00505,2012.0,2281.0,BLUE_BASE,adc_in_base
EUW1_7697574115,200,8,8.001833333333334,14365.0,14163.0,RED_BASE,adc_in_base
EUW1_7697574236,100,5,5.0032,2848.0,733.0,BLUE_BASE,adc_in_base
EUW1_7697574236,100,9,9.004083333333334,1884.0,985.0,BLUE_BASE,adc_in_base
EUW1_7697575350,100,9,9.003766666666667,10970.0,1222.0,BOT_LANE_CORE,adc_dead_with_xy
EUW1_7697575847,200,9,9.004533333333333,13957.0,11004.0,RED_BASE,adc_in_base
EUW1_7697576506,100,8,8.003316666666667,1273.0,532.0,BLUE_BASE,adc_in_base
EUW1_7697576506,100,11,11.003983333333334,8746.0,3514.0,BOT_SIDE_NEAR,adc_dead_with_xy
EUW1_7697576664,100,5,5.003,540.0,492.0,BLUE_BASE,adc_in_base
EUW1_7697576664,100,10,10.004366666666666,11358.0,1528.0,BOT_LANE_CORE,adc_dead_with_xy
EUW1_7697576664,200,5,5.003,14136.0,13142.0,RED_BASE,adc_in_base
EUW1_7697577213,200,7,7.00415,10826.0,899.0,BOT_LANE_CORE,adc_dead_with_xy
EUW1_7697577323,100,6,6.003233333333333,3052.0,765.0,BLUE_BASE,adc_in_base
EUW1_7697578724,100,10,10.005,1702.0,909.0,BLUE_BASE,adc_in_base
EUW1_7697578834,200,9,9.003566666666666,14059.0,11860.0,RED_BASE,adc_in_base
EUW1_7697580818,100,10,10.00335,1443.0,672.0,BLUE_BASE,adc_in_base
EUW1_7697580818,200,9,9.003033333333333,13155.0,4646.0,BOT_LANE_CORE,adc_dead_with_xy
EUW1_7697581560,200,5,5.002833333333333,14003.0,11506.0,RED_BASE,adc_in_base
EUW1_7697581560,200,7,7.002866666666667,14117.0,12481.0,RED_BASE,adc_in_base
EUW1_7697583037,100,11,11.005383333333333,10290.0,1100.0,BOT_LANE_CORE,adc_dead_with_xy
EUW1_7697583037,200,6,6.003683333333333,14097.0,12933.0,RED_BASE,adc_in_base
EUW1_7697583235,100,10,10.0047,2154.0,774.0,BLUE_BASE,adc_in_base
EUW1_7697583504,200,6,6.0032,14340.0,14391.0,RED_BASE,adc_in_base
EUW1_7697584192,100,8,8.003966666666667,1258.0,556.0,BLUE_BASE,adc_in_base
EUW1_7697584277,100,5,5.001083333333334,1199.0,583.0,BLUE_BASE,adc_in_base
EUW1_7697584277,100,7,7.001616666666667,10703.0,919.0,BOT_LANE_CORE,adc_dead_with_xy
EUW1_7697584703,200,5,5.0032,13467.0,4581.0,BOT_LANE_CORE,adc_dead_with_xy
EUW1_7697584703,200,11,11.004483333333333,12603.0,2447.0,BOT_LANE_CORE,adc_dead_with_xy
EUW1_7697585247,200,8,8.0046,13988.0,5535.0,BOT_LANE_CORE,adc_dead_with_xy
EUW1_7697585247,200,10,10.00535,14340.0,14391.0,RED_BASE,adc_in_base
EUW1_7697585830,100,9,9.004116666666667,9712.0,822.0,BOT_LANE_CORE,adc_dead_with_xy
EUW1_7697587015,200,8,8.001683333333334,13521.0,4195.0,BOT_LANE_CORE,adc_dead_with_xy
EUW1_7697587225,100,9,9.004233333333334,2361.0,696.0,BLUE_BASE,adc_in_base
EUW1_7697587275,100,8,8.00385,2553.0,772.0,BLUE_BASE,adc_in_base
EUW1_7697587275,100,11,11.005,438.0,468.0,BLUE_BASE,adc_in_base
EUW1_7697587452,100,7,7.003,1518.0,696.0,BLUE_BASE,adc_in_base
EUW1_7697587460,100,10,10.004833333333334,11554.0,2030.0,BOT_SIDE_NEAR,adc_dead_with_xy
EUW1_7697587749,200,6,6.0037666666666665,12885.0,3165.0,BOT_LANE_CORE,adc_dead_with_xy
EUW1_7697587757,100,8,8.0015,2322.0,793.0,BLUE_BASE,adc_in_base
EUW1_7697587757,100,11,11.003766666666667,9667.0,1645.0,BOT_LANE_CORE,adc_dead_with_xy
EUW1_7697587757,200,11,11.003766666666667,10431.0,1638.0,BOT_LANE_CORE,adc_dead_with_xy
EUW1_7697588362,100,8,8.004233333333334,12176.0,2165.0,BOT_LANE_CORE,adc_dead_with_xy
EUW1_7697588362,200,5,5.002933333333333,13456.0,3158.0,BOT_LANE_CORE,adc_dead_with_xy
EUW1_7697588362,200,9,9.004383333333333,14100.0,11625.0,RED_BASE,adc_in_base
EUW1_7697588727,200,6,6.0033,14340.0,14391.0,RED_BASE,adc_in_base
EUW1_7697592944,200,8,8.002583333333334,14101.0,11564.0,RED_BASE,adc_in_base
EUW1_7697592944,200,9,9.003016666666667,14019.0,4210.0,BOT_LANE_CORE,adc_dead_with_xy
EUW1_7697594038,100,6,6.00305,3564.0,753.0,BLUE_BASE,adc_in_base
EUW1_7697594057,200,5,5.002816666666667,14335.0,14311.0,RED_BASE,adc_in_base
EUW1_7697595814,200,6,6.00325,13875.0,5182.0,BOT_LANE_CORE,adc_dead_with_xy
EUW1_7697595835,100,11,11.0052,1065.0,542.0,BLUE_BASE,adc_in_base
EUW1_7697595835,200,11,11.0052,11445.0,1288.0,BOT_LANE_CORE,adc_dead_with_xy
EUW1_7697595987,200,8,8.003183333333334,13991.0,12377.0,RED_BASE,adc_in_base
EUW1_7697597777,200,8,8.004033333333334,13005.0,2836.0,BOT_LANE_CORE,adc_dead_with_xy
EUW1_7697597777,200,11,11.00465,12947.0,1497.0,BOT_LANE_CORE,adc_dead_with_xy
EUW1_7697597913,100,9,9.004483333333333,12614.0,1394.0,BOT_LANE_CORE,adc_dead_with_xy
EUW1_7697598208,100,7,7.003233333333333,2464.0,765.0,BLUE_BASE,adc_in_base
EUW1_7697598208,100,11,11.004883333333334,1543.0,585.0,BLUE_BASE,adc_in_base
EUW1_7697598208,200,6,6.00295,14157.0,11664.0,RED_BASE,adc_in_base
EUW1_7697599251,100,7,7.00295,421.0,466.0,BLUE_BASE,adc_in_base
EUW1_7697599251,200,10,10.004116666666667,14088.0,12109.0,RED_BASE,adc_in_base
EUW1_7697600061,100,6,6.000933333333333,3115.0,718.0,BLUE_BASE,adc_in_base
EUW1_7697600061,200,9,9.00335,14340.0,14391.0,RED_BASE,adc_in_base
EUW1_7697600282,100,5,5.002366666666667,559.0,477.0,BLUE_BASE,adc_in_base
EUW1_7697600282,200,5,5.002366666666667,14340.0,14391.0,RED_BASE,adc_in_base
EUW1_7697600318,200,6,6.0038833333333335,12348.0,2679.0,BOT_LANE_CORE,adc_dead_with_xy
EUW1_7697600318,200,11,11.005416666666667,10971.0,1842.0,BOT_LANE_CORE,adc_dead_with_xy
EUW1_7697601176,200,5,5.002716666666666,14180.0,12997.0,RED_BASE,adc_in_base
EUW1_7697601176,200,10,10.0039,14099.0,11822.0,RED_BASE,adc_in_base
EUW1_7697601501,100,11,11.0052,1765.0,654.0,BLUE_BASE,adc_in_base
EUW1_7697602102,100,7,7.004183333333334,11595.0,1753.0,BOT_LANE_CORE,adc_dead_with_xy
EUW1_7697602102,100,8,8.0046,2926.0,771.0,BLUE_BASE,adc_in_base
EUW1_7697602102,200,6,6.003983333333333,14141.0,13629.0,RED_BASE,adc_in_base
EUW1_7697603086,100,8,8.003483333333334,3058.0,947.0,BLUE_BASE,adc_in_base
EUW1_7697603086,100,9,9.003833333333333,1626.0,562.0,BLUE_BASE,adc_in_base
EUW1_7697603474,100,6,6.0036,394.0,461.0,BLUE_BASE,adc_in_base
EUW1_7697603669,100,11,11.004033333333334,12524.0,2165.0,BOT_LANE_CORE,adc_dead_with_xy
EUW1_7697604020,100,9,9.004516666666667,800.0,545.0,BLUE_BASE,adc_in_base
EUW1_7697605249,100,11,11.004033333333334,2924.0,753.0,BLUE_BASE,adc_in_base
EUW1_7697606203,100,8,8.003166666666667,10075.0,881.0,BOT_LANE_CORE,adc_dead_with_xy
EUW1_7697606671,200,10,10.004783333333334,14032.0,11004.0,RED_BASE,adc_in_base
EUW1_7697607122,200,10,10.004466666666668,12915.0,1981.0,BOT_LANE_CORE,adc_dead_with_xy
EUW1_7697607338,100,5,5.003733333333333,1962.0,714.0,BLUE_BASE,adc_in_base
EUW1_7697609187,200,9,9.00365,14272.0,14180.0,RED_BASE,adc_in_base
EUW1_7697610157,100,6,6.0015833333333335,3153.0,761.0,BLUE_BASE,adc_in_base
EUW1_7697610157,200,11,11.003133333333333,11498.0,4054.0,BOT_SIDE_NEAR,adc_dead_with_xy
EUW1_7697610276,100,7,7.003616666666667,11463.0,1008.0,BOT_LANE_CORE,adc_dead_with_xy
EUW1_7697610276,100,11,11.004833333333334,9263.0,1872.0,BOT_SIDE_NEAR,adc_dead_with_xy
EUW1_7697610315,100,7,7.00365,10830.0,1251.0,BOT_LANE_CORE,adc_dead_with_xy
EUW1_7697610789,100,10,10.0039,1936.0,633.0,BLUE_BASE,adc_in_base
EUW1_7697610789,200,6,6.00285,13988.0,4100.0,BOT_LANE_CORE,adc_dead_with_xy
EUW1_7697612082,200,10,10.00475,13993.0,11544.0,RED_BASE,adc_in_base
EUW1_7697612489,200,11,11.00285,9858.0,3303.0,BOT_SIDE_NEAR,adc_dead_with_xy
EUW1_7697614330,100,11,11.003333333333334,3714.0,972.0,BLUE_BASE,adc_in_base
EUW1_7697614392,200,11,11.003733333333333,11331.0,4491.0,BOT_SIDE_NEAR,adc_dead_with_xy
EUW1_7697614793,100,10,10.003916666666667,3696.0,816.0,BLUE_BASE,adc_in_base
EUW1_7697614793,200,5,5.002816666666667,14340.0,14391.0,RED_BASE,adc_in_base
EUW1_7697614871,200,7,7.003166666666667,11401.0,1789.0,BOT_LANE_CORE,adc_dead_with_xy
EUW1_7697615692,100,5,5.0033,13592.0,3221.0,BOT_LANE_CORE,adc_dead_with_xy
EUW1_7697615692,200,9,9.004833333333334,13945.0,11468.0,RED_BASE,adc_in_base
EUW1_7697616327,200,10,10.002033333333333,13838.0,11124.0,RED_BASE,adc_in_base
EUW1_7697616366,200,7,7.004016666666667,14340.0,14391.0,RED_BASE,adc_in_base
EUW1_7697616590,200,6,6.001383333333333,14273.0,14040.0,RED_BASE,adc_in_base
EUW1_7697616590,200,9,9.003816666666667,11269.0,1814.0,BOT_LANE_CORE,adc_dead_with_xy
EUW1_7697616684,100,7,7.0039,3079.0,750.0,BLUE_BASE,adc_in_base
EUW1_7697616684,100,11,11.005066666666666,13051.0,3798.0,BOT_LANE_CORE,adc_dead_with_xy
EUW1_7697616684,200,6,6.003433333333334,14229.0,12664.0,RED_BASE,adc_in_base
EUW1_7697616684,200,11,11.005066666666666,11533.0,1990.0,BOT_LANE_CORE,adc_dead_with_xy
EUW1_7697616903,100,10,10.003766666666667,491.0,412.0,BLUE_BASE,adc_in_base
EUW1_7697616990,100,11,11.004266666666666,11829.0,1762.0,BOT_LANE_CORE,adc_dead_with_xy
EUW1_7697616990,200,8,8.003766666666667,11598.0,969.0,BOT_LANE_CORE,adc_dead_with_xy
EUW1_7697616990,200,9,9.003816666666667,11459.0,1479.0,BOT_LANE_CORE,adc_dead_with_xy
EUW1_7697618041,200,10,10.003366666666667,14040.0,11061.0,RED_BASE,adc_in_base
EUW1_7697618805,100,5,5.0028,394.0,461.0,BLUE_BASE,adc_in_base
EUW1_7697618805,200,10,10.004616666666667,6772.0,8052.0,MID_LANE,adc_dead_with_xy
EUW1_7697619171,100,6,6.001716666666667,1670.0,664.0,BLUE_BASE,adc_in_base
EUW1_7697619171,100,9,9.003733333333333,394.0,461.0,BLUE_BASE,adc_in_base
EUW1_7697619171,100,10,10.004,10711.0,918.0,BOT_LANE_CORE,adc_dead_with_xy
EUW1_7697619171,200,6,6.001716666666667,12624.0,2588.0,BOT_LANE_CORE,adc_dead_with_xy
EUW1_7697620867,200,6,6.003216666666667,13963.0,12715.0,RED_BASE,adc_in_base
EUW1_7697620867,200,8,8.0034,11965.0,4441.0,BOT_SIDE_NEAR,adc_dead_with_xy
EUW1_7697621335,100,11,11.005333333333333,744.0,595.0,BLUE_BASE,adc_in_base
EUW1_7697622695,100,9,9.004783333333334,9623.0,5823.0,BOT_SIDE_NEAR,adc_dead_with_xy
EUW1_7697622772,100,11,11.004966666666666,13061.0,4715.0,BOT_LANE_CORE,adc_dead_with_xy
EUW1_7697623770,200,10,10.0043,13990.0,11261.0,RED_BASE,adc_in_base
EUW1_7697624011,200,8,8.003433333333334,14102.0,11215.0,RED_BASE,adc_in_base
EUW1_7697625456,200,7,7.003666666666667,13985.0,11973.0,RED_BASE,adc_in_base
EUW1_7697625456,200,8,8.0042,14128.0,11100.0,RED_BASE,adc_in_base
EUW1_7697625572,200,10,10.004516666666667,14101.0,12059.0,RED_BASE,adc_in_base
EUW1_7697626115,200,9,9.002033333333333,13977.0,7730.0,BOT_LANE_CORE,adc_dead_with_xy
EUW1_7697626115,200,11,11.00255,14068.0,11959.0,RED_BASE,adc_in_base
EUW1_7697626694,100,6,6.002833333333333,3040.0,862.0,BLUE_BASE,adc_in_base
EUW1_7697626794,100,8,8.00375,2953.0,862.0,BLUE_BASE,adc_in_base
EUW1_7697626794,200,9,9.0042,10870.0,1255.0,BOT_LANE_CORE,adc_dead_with_xy
EUW1_7697627119,100,5,5.002716666666666,10798.0,911.0,BOT_LANE_CORE,adc_dead_with_xy
EUW1_7697627119,200,9,9.004283333333333,14173.0,13478.0,RED_BASE,adc_in_base
EUW1_7697627531,100,7,7.004183333333334,11881.0,3537.0,BOT_SIDE_NEAR,adc_dead_with_xy
EUW1_7697627531,200,11,11.005783333333333,12624.0,2847.0,BOT_LANE_CORE,adc_dead_with_xy
EUW1_7697627893,200,5,5.003283333333333,14340.0,14391.0,RED_BASE,adc_in_base
EUW1_7697629944,200,6,6.0011,14124.0,13665.0,RED_BASE,adc_in_base
EUW1_7697629944,200,11,11.00405,14340.0,14391.0,RED_BASE,adc_in_base
EUW1_7697630250,100,11,11.00435,2961.0,737.0,BLUE_BASE,adc_in_base
EUW1_7697630250,200,7,7.003383333333334,11702.0,4064.0,BOT_SIDE_NEAR,adc_dead_with_xy
EUW1_7697630250,200,10,10.004033333333334,13963.0,12334.0,RED_BASE,adc_in_base
EUW1_7697631029,100,8,8.003166666666667,2701.0,946.0,BLUE_BASE,adc_in_base
EUW1_7697631029,200,11,11.004016666666667,14092.0,4315.0,BOT_LANE_CORE,adc_dead_with_xy
EUW1_7697631058,100,9,9.005183333333333,1510.0,582.0,BLUE_BASE,adc_in_base
EUW1_7697631943,100,7,7.003133333333333,3538.0,777.0,BLUE_BASE,adc_in_base
EUW1_7697631943,200,11,11.004583333333333,13999.0,12268.0,RED_BASE,adc_in_base
EUW1_7697631978,100,10,10.005,1605.0,812.0,BLUE_BASE,adc_in_base
EUW1_7697631978,200,7,7.0041166666666665,13745.0,13691.0,RED_BASE,adc_in_base
EUW1_7697631978,200,8,8.004466666666668,13838.0,4037.0,BOT_LANE_CORE,adc_dead_with_xy
EUW1_7697632466,200,8,8.0034,13959.0,11173.0,RED_BASE,adc_in_base
EUW1_7697632704,200,11,11.003983333333334,12458.0,2312.0,BOT_LANE_CORE,adc_dead_with_xy
EUW1_7697633234,100,7,7.0014,11752.0,2284.0,BOT_SIDE_NEAR,adc_dead_with_xy
EUW1_7697633234,200,11,11.003933333333332,13897.0,11560.0,RED_BASE,adc_in_base
EUW1_7697635918,200,5,5.00305,13567.0,2120.0,BOT_LANE_CORE,adc_dead_with_xy
EUW1_7697635918,200,10,10.00445,10823.0,2511.0,BOT_SIDE_NEAR,adc_dead_with_xy
EUW1_7697637216,200,7,7.003416666666666,13984.0,4232.0,BOT_LANE_CORE,adc_dead_with_xy
EUW1_7697637216,200,10,10.004966666666666,13923.0,11735.0,RED_BASE,adc_in_base
EUW1_7697637857,100,5,5.00085,747.0,570.0,BLUE_BASE,adc_in_base
EUW1_7697637857,100,9,9.00325,9872.0,796.0,BOT_LANE_CORE,adc_dead_with_xy
EUW1_7697637857,200,5,5.00085,14259.0,13691.0,RED_BASE,adc_in_base
EUW1_7697637857,200,9,9.00325,10426.0,2647.0,BOT_SIDE_NEAR,adc_dead_with_xy
EUW1_7697638127,200,6,6.002683333333334,9301.0,1320.0,BOT_LANE_CORE,adc_dead_with_xy
EUW1_7697638127,200,8,8.003533333333333,14310.0,14129.0,RED_BASE,adc_in_base
EUW1_7697638278,100,9,9.00425,2693.0,626.0,BLUE_BASE,adc_in_base
EUW1_7697638278,200,11,11.004583333333333,14207.0,12826.0,RED_BASE,adc_in_base
EUW1_7697639348,100,8,8.004166666666666,1803.0,656.0,BLUE_BASE,adc_in_base
EUW1_7697639348,100,10,10.0048,13219.0,2645.0,BOT_LANE_CORE,adc_dead_with_xy
EUW1_7697639348,200,8,8.004166666666666,13940.0,12612.0,RED_BASE,adc_in_base
EUW1_7697639348,200,10,10.0048,13825.0,13495.0,RED_BASE,adc_in_base
EUW1_7697639649,100,5,5.00145,3514.0,757.0,BLUE_BASE,adc_in_base
EUW1_7697639649,100,10,10.004083333333334,957.0,622.0,BLUE_BASE,adc_in_base
EUW1_7697639649,200,11,11.004616666666667,14162.0,12371.0,RED_BASE,adc_in_base
EUW1_7697639906,200,8,8.0043,14231.0,14160.0,RED_BASE,adc_in_base
EUW1_7697640067,100,7,7.003283333333333,1359.0,632.0,BLUE_BASE,adc_in_base
EUW1_7697640067,100,9,9.003933333333332,10172.0,1111.0,BOT_LANE_CORE,adc_dead_with_xy
EUW1_7697640067,200,11,11.00445,13550.0,4819.0,BOT_LANE_CORE,adc_dead_with_xy
EUW1_7697640779,100,6,6.00165,3352.0,761.0,BLUE_BASE,adc_in_base
EUW1_7697640779,100,7,7.0032,10872.0,3532.0,BOT_SIDE_NEAR,adc_dead_with_xy
EUW1_7697640779,200,7,7.0032,12278.0,2682.0,BOT_LANE_CORE,adc_dead_with_xy
EUW1_7697641374,200,9,9.004533333333333,13939.0,4727.0,BOT_LANE_CORE,adc_dead_with_xy
EUW1_7697641421,100,11,11.004916666666666,2973.0,863.0,BLUE_BASE,adc_in_base
EUW1_7697641692,200,6,6.003,10004.0,5060.0,DRAGON_AREA,adc_dead_with_xy
EUW1_7697641852,100,8,8.002983333333333,13543.0,3196.0,BOT_LANE_CORE,adc_dead_with_xy
EUW1_7697641872,200,9,9.0047,13494.0,4167.0,BOT_LANE_CORE,adc_dead_with_xy
EUW1_7697642848,100,5,5.003283333333333,3534.0,692.0,BLUE_BASE,adc_in_base
EUW1_7697642848,100,6,6.00335,11410.0,1668.0,BOT_LANE_CORE,adc_dead_with_xy
EUW1_7697642848,200,5,5.003283333333333,14176.0,12367.0,RED_BASE,adc_in_base
EUW1_7697643230,100,10,10.00205,7108.0,7071.0,MID_LANE,adc_dead_with_xy
EUW1_7697643870,200,7,7.0017,14340.0,14391.0,RED_BASE,adc_in_base
EUW1_7697643870,200,9,9.003833333333333,14304.0,14091.0,RED_BASE,adc_in_base
EUW1_7697644049,200,5,5.00325,14262.0,12844.0,RED_BASE,adc_in_base
EUW1_7697644049,200,10,10.0054,11592.0,1454.0,BOT_LANE_CORE,adc_dead_with_xy
EUW1_7697644393,100,10,10.003633333333333,394.0,461.0,BLUE_BASE,adc_in_base
EUW1_7697645455,100,9,9.004783333333334,10316.0,864.0,BOT_LANE_CORE,adc_dead_with_xy
EUW1_7697645455,200,7,7.004166666666666,13324.0,4738.0,BOT_LANE_CORE,adc_dead_with_xy
EUW1_7697645748,200,10,10.001933333333334,12695.0,1495.0,BOT_LANE_CORE,adc_dead_with_xy
EUW1_7697647070,200,5,5.002916666666667,11552.0,1490.0,BOT_LANE_CORE,adc_dead_with_xy
EUW1_7697647070,200,10,10.0035,11026.0,2102.0,BOT_SIDE_NEAR,adc_dead_with_xy
EUW1_7697647077,100,5,5.00055,11116.0,1886.0,BOT_LANE_CORE,adc_dead_with_xy
EUW1_7697647077,200,5,5.00055,13456.0,2256.0,BOT_LANE_CORE,adc_dead_with_xy
EUW1_7697648297,100,10,10.003783333333333,9916.0,1507.0,BOT_LANE_CORE,adc_dead_with_xy
EUW1_7697649708,100,8,8.0035,2932.0,580.0,BLUE_BASE,adc_in_base
EUW1_7697651076,100,5,5.002933333333333,1159.0,601.0,BLUE_BASE,adc_in_base
EUW1_7697651076,100,8,8.003816666666667,3715.0,876.0,BLUE_BASE,adc_in_base
EUW1_7697651076,200,6,6.003433333333334,12995.0,2144.0,BOT_LANE_CORE,adc_dead_with_xy
EUW1_7697651635,100,5,5.0028,2259.0,695.0,BLUE_BASE,adc_in_base
EUW1_7697651635,200,9,9.00395,14242.0,13700.0,RED_BASE,adc_in_base
EUW1_7697651945,100,5,5.0034,1675.0,595.0,BLUE_BASE,adc_in_base
EUW1_7697651945,100,8,8.004183333333334,13596.0,2918.0,BOT_LANE_CORE,adc_dead_with_xy
EUW1_7697652072,200,11,11.003633333333333,14431.0,14331.0,RED_BASE,adc_in_base
EUW1_7697652213,200,6,6.00295,11084.0,927.0,BOT_LANE_CORE,adc_dead_with_xy
EUW1_7697652810,200,11,11.0041,13431.0,13947.0,RED_BASE,adc_in_base
EUW1_7697654857,100,8,8.004183333333334,1232.0,578.0,BLUE_BASE,adc_in_base
EUW1_7697655012,200,9,9.0041,14206.0,13425.0,RED_BASE,adc_in_base
EUW1_7697656517,200,6,6.0031,14006.0,11125.0,RED_BASE,adc_in_base
EUW1_7697656517,200,11,11.004716666666667,14022.0,5968.0,BOT_LANE_CORE,adc_dead_with_xy
EUW1_7697656590,200,5,5.002966666666667,13959.0,11771.0,RED_BASE,adc_in_base
EUW1_7697657067,100,6,6.001416666666667,12874.0,4347.0,BOT_SIDE_NEAR,adc_dead_with_xy
EUW1_7697657067,100,9,9.004016666666667,574.0,480.0,BLUE_BASE,adc_in_base
EUW1_7697657067,200,7,7.00335,13992.0,13173.0,RED_BASE,adc_in_base
EUW1_7697657067,200,10,10.004466666666668,14340.0,14391.0,RED_BASE,adc_in_base
EUW1_7697657534,100,9,9.003616666666666,11936.0,1365.0,BOT_LANE_CORE,adc_dead_with_xy
EUW1_7697658146,200,9,9.00305,11961.0,4009.0,BOT_SIDE_NEAR,adc_dead_with_xy
EUW1_7697659561,200,11,11.004433333333333,13964.0,11498.0,RED_BASE,adc_in_base
EUW1_7697661209,100,10,10.004966666666666,13056.0,3859.0,BOT_LANE_CORE,adc_dead_with_xy
EUW1_7697663196,100,5,5.002666666666666,394.0,461.0,BLUE_BASE,adc_in_base
EUW1_7697663196,200,5,5.002666666666666,14302.0,13902.0,RED_BASE,adc_in_base
EUW1_7697664951,100,11,11.00525,10271.0,1154.0,BOT_LANE_CORE,adc_dead_with_xy
EUW1_7697664975,100,10,10.004,2207.0,636.0,BLUE_BASE,adc_in_base
EUW1_7697664975,200,6,6.00265,12000.0,2848.0,BOT_SIDE_NEAR,adc_dead_with_xy
EUW1_7697664975,200,11,11.004216666666666,14287.0,13941.0,RED_BASE,adc_in_base
EUW1_7697666120,100,6,6.0034,12556.0,1946.0,BOT_LANE_CORE,adc_dead_with_xy
EUW1_7697666120,100,11,11.004666666666667,7767.0,1146.0,BOT_LANE_CORE,adc_dead_with_xy
EUW1_7697666253,200,6,6.0008,14029.0,13285.0,RED_BASE,adc_in_base
EUW1_7697666253,200,8,8.001116666666666,12783.0,2005.0,BOT_LANE_CORE,adc_dead_with_xy
EUW1_7697666980,100,6,6.001683333333333,9582.0,877.0,BOT_LANE_CORE,adc_dead_with_xy
EUW1_7697667437,100,8,8.0047,2391.0,628.0,BLUE_BASE,adc_in_base
EUW1_7697667437,200,11,11.0054,13664.0,4354.0,BOT_LANE_CORE,adc_dead_with_xy
EUW1_7697667526,100,7,7.004133333333334,12363.0,2056.0,BOT_LANE_CORE,adc_dead_with_xy
EUW1_7697667526,100,10,10.005033333333333,11918.0,1823.0,BOT_LANE_CORE,adc_dead_with_xy
EUW1_7697667526,200,8,8.004483333333333,14169.0,13471.0,RED_BASE,adc_in_base
EUW1_7697667609,200,10,10.004283333333333,13337.0,11975.0,RED_BASE,adc_in_base
EUW1_7697667837,200,7,7.003916666666667,14258.0,12853.0,RED_BASE,adc_in_base
EUW1_7697667904,200,11,11.0049,13991.0,4225.0,BOT_LANE_CORE,adc_dead_with_xy
EUW1_7697668133,100,10,10.0054,11722.0,1077.0,BOT_LANE_CORE,adc_dead_with_xy
EUW1_7697668760,100,10,10.004066666666667,2752.0,727.0,BLUE_BASE,adc_in_base
EUW1_7697669960,200,5,5.001233333333333,14039.0,11824.0,RED_BASE,adc_in_base
EUW1_7697670070,200,11,11.00235,14275.0,13761.0,RED_BASE,adc_in_base
EUW1_7697672850,100,11,11.00405,957.0,527.0,BLUE_BASE,adc_in_base
EUW1_7697673251,100,11,11.00415,1366.0,545.0,BLUE_BASE,adc_in_base
EUW1_7697673251,200,11,11.00415,14032.0,11178.0,RED_BASE,adc_in_base
EUW1_7697673582,200,9,9.003433333333334,10660.0,1806.0,BOT_LANE_CORE,adc_dead_with_xy
EUW1_7697674030,100,6,6.00145,894.0,589.0,BLUE_BASE,adc_in_base
EUW1_7697674030,100,8,8.002333333333333,576.0,478.0,BLUE_BASE,adc_in_base
EUW1_7697674030,200,10,10.00295,12123.0,1998.0,BOT_LANE_CORE,adc_dead_with_xy
EUW1_7697674460,100,6,6.00135,966.0,509.0,BLUE_BASE,adc_in_base
EUW1_7697674460,200,5,5.000983333333333,14134.0,13757.0,RED_BASE,adc_in_base
EUW1_7697676025,200,6,6.00255,12251.0,2943.0,BOT_SIDE_NEAR,adc_dead_with_xy
EUW1_7697677126,100,7,7.003283333333333,1508.0,654.0,BLUE_BASE,adc_in_base
EUW1_7697677126,200,7,7.003283333333333,14263.0,14092.0,RED_BASE,adc_in_base
EUW1_7697677211,200,8,8.004816666666667,14096.0,4512.0,BOT_LANE_CORE,adc_dead_with_xy
EUW1_7697677368,100,9,9.003866666666667,784.0,524.0,BLUE_BASE,adc_in_base
EUW1_7697678182,200,9,9.00395,14063.0,12175.0,RED_BASE,adc_in_base
EUW1_7697678182,200,10,10.003983333333334,14160.0,12669.0,RED_BASE,adc_in_base
EUW1_7697678655,200,11,11.004633333333333,14012.0,4253.0,BOT_LANE_CORE,adc_dead_with_xy
EUW1_7697678886,200,11,11.003866666666667,14033.0,4849.0,BOT_LANE_CORE,adc_dead_with_xy
EUW1_7697679516,100,6,6.00115,1870.0,691.0,BLUE_BASE,adc_in_base
EUW1_7697680396,100,9,9.004066666666667,2669.0,760.0,BLUE_BASE,adc_in_base
EUW1_7697680396,100,10,10.0041,2777.0,714.0,BLUE_BASE,adc_in_base
EUW1_7697680954,100,9,9.00415,11076.0,1181.0,BOT_LANE_CORE,adc_dead_with_xy
EUW1_7697681198,100,5,5.00315,7740.0,786.0,BOT_LANE_CORE,adc_dead_with_xy
EUW1_7697681198,100,11,11.005083333333333,593.0,612.0,BLUE_BASE,adc_in_base
EUW1_7697681493,100,9,9.0042,3093.0,760.0,BLUE_BASE,adc_in_base
EUW1_7697681493,200,9,9.0042,14340.0,14391.0,RED_BASE,adc_in_base
EUW1_7697681766,100,11,11.004516666666667,1462.0,702.0,BLUE_BASE,adc_in_base
EUW1_7697682479,100,8,8.003833333333333,562.0,508.0,BLUE_BASE,adc_in_base
EUW1_7697682479,200,8,8.003833333333333,11553.0,1039.0,BOT_LANE_CORE,adc_dead_with_xy
EUW1_7697682479,200,10,10.004183333333334,14237.0,13507.0,RED_BASE,adc_in_base
EUW1_7697683042,100,8,8.0018,3686.0,723.0,BLUE_BASE,adc_in_base
EUW1_7697683251,100,9,9.003233333333334,3347.0,739.0,BLUE_BASE,adc_in_base
EUW1_7697683251,200,7,7.0029,11305.0,3680.0,BOT_SIDE_NEAR,adc_dead_with_xy
EUW1_7697683385,100,9,9.003833333333333,1930.0,625.0,BLUE_BASE,adc_in_base
EUW1_7697686141,100,10,10.0042,13626.0,3837.0,BOT_LANE_CORE,adc_dead_with_xy
EUW1_7697686593,100,7,7.003266666666667,2466.0,722.0,BLUE_BASE,adc_in_base
EUW1_7697686593,100,10,10.004633333333333,2600.0,790.0,BLUE_BASE,adc_in_base
EUW1_7697686593,200,10,10.004633333333333,14211.0,13778.0,RED_BASE,adc_in_base
EUW1_7697686719,200,5,5.000933333333333,14263.0,13690.0,RED_BASE,adc_in_base
EUW1_7697686719,200,9,9.003083333333333,13650.0,3777.0,BOT_LANE_CORE,adc_dead_with_xy
EUW1_7697686719,200,11,11.003633333333333,14006.0,6730.0,BOT_LANE_CORE,adc_dead_with_xy
EUW1_7697686790,200,7,7.004033333333333,14013.0,11321.0,RED_BASE,adc_in_base
EUW1_7697686790,200,9,9.004916666666666,14058.0,12267.0,RED_BASE,adc_in_base
EUW1_7697687766,100,10,10.0038,410.0,467.0,BLUE_BASE,adc_in_base
EUW1_7697688292,100,7,7.003583333333333,1590.0,597.0,BLUE_BASE,adc_in_base
EUW1_7697688292,100,9,9.003983333333334,9144.0,2156.0,BOT_SIDE_NEAR,adc_dead_with_xy
EUW1_7697688606,200,6,6.0015833333333335,14340.0,14391.0,RED_BASE,adc_in_base
EUW1_7697688606,200,9,9.002233333333333,14340.0,14391.0,RED_BASE,adc_in_base
EUW1_7697688823,100,5,5.003316666666667,12330.0,1273.0,BOT_LANE_CORE,adc_dead_with_xy
EUW1_7697689175,100,11,11.00425,3690.0,783.0,BLUE_BASE,adc_in_base
EUW1_7697689434,200,7,7.004016666666667,14206.0,13568.0,RED_BASE,adc_in_base
EUW1_7697689434,200,9,9.004766666666667,10386.0,2922.0,BOT_SIDE_NEAR,adc_dead_with_xy
EUW1_7697691171,100,9,9.004466666666668,1496.0,583.0,BLUE_BASE,adc_in_base
EUW1_7697691171,100,10,10.0048,10662.0,886.0,BOT_LANE_CORE,adc_dead_with_xy
EUW1_7697691286,200,10,10.004183333333334,14135.0,14015.0,RED_BASE,adc_in_base
EUW1_7697691555,200,7,7.003866666666666,14188.0,12407.0,RED_BASE,adc_in_base
EUW1_7697691555,200,9,9.0042,13959.0,4712.0,BOT_LANE_CORE,adc_dead_with_xy
EUW1_7697691691,100,5,5.00265,3403.0,906.0,BLUE_BASE,adc_in_base
EUW1_7697692811,200,10,10.0052,13627.0,4227.0,BOT_LANE_CORE,adc_dead_with_xy
EUW1_7697693343,200,8,8.004433333333333,14068.0,12089.0,RED_BASE,adc_in_base
EUW1_7697693343,200,11,11.005816666666666,13636.0,4657.0,BOT_LANE_CORE,adc_dead_with_xy
EUW1_7697694313,100,10,10.004616666666667,3209.0,767.0,BLUE_BASE,adc_in_base
EUW1_7697694572,100,7,7.003383333333334,9906.0,1117.0,BOT_LANE_CORE,adc_dead_with_xy
EUW1_7697694572,200,9,9.00445,14024.0,11405.0,RED_BASE,adc_in_base
EUW1_7697694891,100,6,6.001216666666667,1124.0,536.0,BLUE_BASE,adc_in_base
EUW1_7697694891,200,11,11.004216666666666,14024.0,11385.0,RED_BASE,adc_in_base
EUW1_7697695062,200,6,6.0038,12898.0,1859.0,BOT_LANE_CORE,adc_dead_with_xy
EUW1_7697695165,100,11,11.004883333333334,10556.0,1360.0,BOT_LANE_CORE,adc_dead_with_xy
EUW1_7697696135,200,11,11.005233333333333,12922.0,2967.0,BOT_LANE_CORE,adc_dead_with_xy
EUW1_7697696690,100,9,9.00455,1932.0,674.0,BLUE_BASE,adc_in_base
EUW1_7697696918,100,10,10.005583333333334,2684.0,736.0,BLUE_BASE,adc_in_base
EUW1_7697697147,200,5,5.001033333333333,14037.0,11947.0,RED_BASE,adc_in_base
EUW1_7697697147,200,11,11.00455,14106.0,6849.0,BOT_LANE_CORE,adc_dead_with_xy
EUW1_7697697232,100,7,7.0035,2799.0,872.0,BLUE_BASE,adc_in_base
EUW1_7697698093,100,8,8.005116666666666,3367.0,654.0,BLUE_BASE,adc_in_base
EUW1_7697698093,100,9,9.00545,961.0,522.0,BLUE_BASE,adc_in_base
EUW1_7697699293,200,5,5.002533333333333,14208.0,13077.0,RED_BASE,adc_in_base
EUW1_7697699293,200,8,8.003116666666667,13959.0,13294.0,RED_BASE,adc_in_base
EUW1_7697699463,200,9,9.003516666666666,14074.0,11468.0,RED_BASE,adc_in_base
EUW1_7697699575,100,7,7.0051,1944.0,582.0,BLUE_BASE,adc_in_base
EUW1_7697699575,100,8,8.005383333333333,10470.0,2800.0,BOT_SIDE_NEAR,adc_dead_with_xy
EUW1_7697699575,100,10,10.005466666666667,12841.0,1595.0,BOT_LANE_CORE,adc_dead_with_xy
EUW1_7697699575,200,6,6.004733333333333,14338.0,14375.0,RED_BASE,adc_in_base
EUW1_7697699767,100,11,11.00475,10183.0,877.0,BOT_LANE_CORE,adc_dead_with_xy
EUW1_7697699767,200,10,10.004516666666667,14340.0,14391.0,RED_BASE,adc_in_base
EUW1_7697699767,200,11,11.00475,12541.0,1620.0,BOT_LANE_CORE,adc_dead_with_xy
EUW1_7697699917,200,11,11.005216666666668,14178.0,11407.0,RED_BASE,adc_in_base
EUW1_7697700203,100,8,8.003166666666667,12658.0,2329.0,BOT_LANE_CORE,adc_dead_with_xy
EUW1_7697700415,200,7,7.003616666666667,14149.0,12537.0,RED_BASE,adc_in_base
EUW1_7697701277,100,9,9.0044,10667.0,1364.0,BOT_LANE_CORE,adc_dead_with_xy
EUW1_7697701277,200,7,7.0036,13281.0,11158.0,RED_BASE,adc_in_base
EUW1_7697701700,200,11,11.004183333333334,13534.0,6069.0,BOT_LANE_CORE,adc_dead_with_xy
EUW1_7697702807,200,11,11.005066666666666,13715.0,4895.0,BOT_LANE_CORE,adc_dead_with_xy
EUW1_7697703518,200,5,5.003266666666667,12763.0,1377.0,BOT_LANE_CORE,adc_dead_with_xy
EUW1_7697703518,200,9,9.005016666666666,14272.0,12652.0,RED_BASE,adc_in_base
EUW1_7697704062,200,10,10.004333333333333,13983.0,11828.0,RED_BASE,adc_in_base
EUW1_7697704554,100,5,5.002883333333333,1288.0,804.0,BLUE_BASE,adc_in_base
EUW1_7697704844,100,10,10.004466666666668,11120.0,1203.0,BOT_LANE_CORE,adc_dead_with_xy
EUW1_7697705438,200,8,8.00375,11148.0,4639.0,BOT_SIDE_NEAR,adc_dead_with_xy
EUW1_7697705688,100,5,5.001383333333333,11816.0,4709.0,BOT_SIDE_NEAR,adc_dead_with_xy
EUW1_7697706144,100,6,6.0032,3704.0,803.0,BLUE_BASE,adc_in_base
EUW1_7697706144,100,8,8.00395,1205.0,550.0,BLUE_BASE,adc_in_base
EUW1_7697706144,100,11,11.0044,3444.0,958.0,BLUE_BASE,adc_in_base
EUW1_7697706451,100,11,11.004916666666666,394.0,461.0,BLUE_BASE,adc_in_base
EUW1_7697706451,200,9,9.004416666666666,14170.0,12185.0,RED_BASE,adc_in_base
EUW1_7697706479,100,8,8.003316666666667,10677.0,4872.0,DRAGON_AREA,adc_dead_with_xy
EUW1_7697707296,100,7,7.0034,1321.0,538.0,BLUE_BASE,adc_in_base
EUW1_7697707296,200,10,10.0038,14329.0,14114.0,RED_BASE,adc_in_base
EUW1_7697707681,100,10,10.0052,394.0,461.0,BLUE_BASE,adc_in_base
EUW1_7697707681,200,9,9.004733333333334,13363.0,4021.0,BOT_LANE_CORE,adc_dead_with_xy
EUW1_7697707797,100,9,9.0032,1895.0,611.0,BLUE_BASE,adc_in_base
EUW1_7697707981,100,7,7.004066666666667,12943.0,2533.0,BOT_LANE_CORE,adc_dead_with_xy
EUW1_7697707981,100,9,9.0044,2715.0,2096.0,BLUE_BASE,adc_in_base
EUW1_7697708071,100,6,6.00385,1553.0,566.0,BLUE_BASE,adc_in_base
EUW1_7697708131,100,11,11.005433333333333,12770.0,3288.0,BOT_LANE_CORE,adc_dead_with_xy
EUW1_7697708131,200,10,10.00505,14193.0,12498.0,RED_BASE,adc_in_base
EUW1_7697708556,100,9,9.004266666666666,1931.0,727.0,BLUE_BASE,adc_in_base
EUW1_7697708556,200,6,6.003533333333333,14049.0,11268.0,RED_BASE,adc_in_base
EUW1_7697710825,100,5,5.000933333333333,10642.0,1462.0,BOT_LANE_CORE,adc_dead_with_xy
EUW1_7697710825,100,11,11.004,559.0,476.0,BLUE_BASE,adc_in_base
EUW1_7697711800,100,8,8.0045,2913.0,780.0,BLUE_BASE,adc_in_base
EUW1_7697713858,100,7,7.003183333333333,10311.0,896.0,BOT_LANE_CORE,adc_dead_with_xy
EUW1_7697713858,100,9,9.003766666666667,765.0,573.0,BLUE_BASE,adc_in_base
EUW1_7697713858,100,10,10.003883333333333,10175.0,1318.0,BOT_LANE_CORE,adc_dead_with_xy
EUW1_7697714010,200,5,5.003283333333333,14340.0,14391.0,RED_BASE,adc_in_base
EUW1_7697714010,200,7,7.00405,14092.0,13517.0,RED_BASE,adc_in_base
EUW1_7697714010,200,11,11.004883333333334,13385.0,3565.0,BOT_LANE_CORE,adc_dead_with_xy
EUW1_7697714065,100,11,11.004566666666667,1108.0,620.0,BLUE_BASE,adc_in_base
EUW1_7697714065,200,11,11.004566666666667,14340.0,14391.0,RED_BASE,adc_in_base
EUW1_7697714433,100,7,7.0037666666666665,2077.0,671.0,BLUE_BASE,adc_in_base
EUW1_7697714601,200,9,9.0032,12261.0,2912.0,BOT_SIDE_NEAR,adc_dead_with_xy
EUW1_7697714694,100,5,5.002766666666667,13594.0,3210.0,BOT_LANE_CORE,adc_dead_with_xy
EUW1_7697714694,100,8,8.004033333333334,524.0,472.0,BLUE_BASE,adc_in_base
EUW1_7697714694,100,10,10.004933333333334,918.0,519.0,BLUE_BASE,adc_in_base
EUW1_7697714825,200,5,5.002983333333333,14266.0,12858.0,RED_BASE,adc_in_base
EUW1_7697716716,100,5,5.001283333333333,3452.0,850.0,BLUE_BASE,adc_in_base
EUW1_7697716716,100,8,8.00195,588.0,514.0,BLUE_BASE,adc_in_base
EUW1_7697716716,200,5,5.001283333333333,14193.0,13649.0,RED_BASE,adc_in_base
EUW1_7697717009,100,6,6.0026,1638.0,668.0,BLUE_BASE,adc_in_base
EUW1_7697717504,100,10,10.00165,394.0,461.0,BLUE_BASE,adc_in_base
EUW1_7697717504,200,7,7.001116666666666,14058.0,11402.0,RED_BASE,adc_in_base
EUW1_7697718518,100,6,6.000966666666667,11407.0,1915.0,BOT_LANE_CORE,adc_dead_with_xy
EUW1_7697718953,100,9,9.003983333333334,848.0,486.0,BLUE_BASE,adc_in_base
EUW1_7697719149,200,8,8.003433333333334,14196.0,12850.0,RED_BASE,adc_in_base
EUW1_7697719149,200,9,9.003983333333334,14157.0,12880.0,RED_BASE,adc_in_base
EUW1_7697719639,100,5,5.0013,1858.0,582.0,BLUE_BASE,adc_in_base
EUW1_7697720168,100,9,9.004833333333334,11014.0,1081.0,BOT_LANE_CORE,adc_dead_with_xy
EUW1_7697720258,200,11,11.0045,14158.0,14111.0,RED_BASE,adc_in_base
EUW1_7697720482,200,5,5.0030833333333335,12328.0,4530.0,BOT_SIDE_NEAR,adc_dead_with_xy
EUW1_7697721054,200,11,11.005,14006.0,12368.0,RED_BASE,adc_in_base
EUW1_7697721132,100,6,6.0011833333333335,3670.0,743.0,BLUE_BASE,adc_in_base
EUW1_7697721132,200,6,6.0011833333333335,14210.0,13209.0,RED_BASE,adc_in_base
EUW1_7697721721,200,6,6.003183333333333,9030.0,2374.0,BOT_SIDE_NEAR,adc_dead_with_xy
EUW1_7697721742,200,8,8.004116666666667,14204.0,13904.0,RED_BASE,adc_in_base
EUW1_7697722692,100,7,7.0036,10685.0,916.0,BOT_LANE_CORE,adc_dead_with_xy
EUW1_7697722692,100,10,10.004883333333334,11790.0,2214.0,BOT_LANE_CORE,adc_dead_with_xy
EUW1_7697722692,200,5,5.002966666666667,13952.0,11626.0,RED_BASE,adc_in_base
EUW1_7697722692,200,9,9.0046,13071.0,2207.0,BOT_LANE_CORE,adc_dead_with_xy
EUW1_7697722973,100,6,6.003316666666667,2347.0,678.0,BLUE_BASE,adc_in_base
EUW1_7697722973,100,10,10.0048,2151.0,628.0,BLUE_BASE,adc_in_base
EUW1_7697722973,200,10,10.0048,13088.0,3640.0,BOT_LANE_CORE,adc_dead_with_xy
EUW1_7697723341,200,5,5.0024,13929.0,11304.0,RED_BASE,adc_in_base
EUW1_7697723711,100,11,11.004616666666667,13011.0,3954.0,BOT_LANE_CORE,adc_dead_with_xy
EUW1_7697724651,100,6,6.00365,3473.0,820.0,BLUE_BASE,adc_in_base
EUW1_7697724976,200,7,7.0037666666666665,14182.0,13809.0,RED_BASE,adc_in_base
EUW1_7697724997,100,8,8.00325,13237.0,3720.0,BOT_LANE_CORE,adc_dead_with_xy
EUW1_7697724997,100,10,10.004083333333334,2544.0,654.0,BLUE_BASE,adc_in_base
EUW1_7697725338,100,8,8.004183333333334,767.0,550.0,BLUE_BASE,adc_in_base
EUW1_7697725508,100,8,8.003616666666666,3214.0,683.0,BLUE_BASE,adc_in_base
EUW1_7697725508,100,10,10.004333333333333,7327.0,1670.0,BOT_LANE_CORE,adc_dead_with_xy
EUW1_7697725508,200,11,11.004566666666667,14340.0,14391.0,RED_BASE,adc_in_base
EUW1_7697726102,200,11,11.003666666666666,12966.0,4013.0,BOT_SIDE_NEAR,adc_dead_with_xy
EUW1_7697726750,200,8,8.0042,13981.0,11647.0,RED_BASE,adc_in_base
EUW1_7697727096,200,10,10.003633333333333,12952.0,3129.0,BOT_LANE_CORE,adc_dead_with_xy
EUW1_7697727242,100,7,7.0034833333333335,2984.0,670.0,BLUE_BASE,adc_in_base
EUW1_7697727242,100,10,10.004416666666666,559.0,484.0,BLUE_BASE,adc_in_base
EUW1_7697727242,200,6,6.00175,14086.0,11868.0,RED_BASE,adc_in_base
EUW1_7697727780,200,5,5.001083333333334,9604.0,961.0,BOT_LANE_CORE,adc_dead_with_xy
EUW1_7697727780,200,8,8.002966666666667,13021.0,3532.0,BOT_LANE_CORE,adc_dead_with_xy
EUW1_7697729469,100,7,7.003833333333334,6521.0,6995.0,MID_LANE,adc_dead_with_xy
EUW1_7697730099,100,7,7.003233333333333,1565.0,920.0,BLUE_BASE,adc_in_base
EUW1_7697730099,200,10,10.00455,13890.0,13586.0,RED_BASE,adc_in_base
EUW1_7697730246,100,8,8.003416666666666,12895.0,1832.0,BOT_LANE_CORE,adc_dead_with_xy
EUW1_7697730399,100,11,11.0043,670.0,485.0,BLUE_BASE,adc_in_base
EUW1_7697730399,200,7,7.00295,12765.0,3113.0,BOT_LANE_CORE,adc_dead_with_xy
EUW1_7697730737,100,11,11.005333333333333,1746.0,603.0,BLUE_BASE,adc_in_base
EUW1_7697730737,200,8,8.004233333333334,14292.0,13987.0,RED_BASE,adc_in_base
EUW1_7697730901,100,9,9.003333333333334,2220.0,628.0,BLUE_BASE,adc_in_base
EUW1_7697730901,100,11,11.0037,3149.0,706.0,BLUE_BASE,adc_in_base
EUW1_7697731337,100,10,10.004133333333334,779.0,569.0,BLUE_BASE,adc_in_base
EUW1_7697731337,200,11,11.00455,14108.0,12435.0,RED_BASE,adc_in_base
EUW1_7697731469,100,11,11.003716666666667,394.0,461.0,BLUE_BASE,adc_in_base
EUW1_7697731630,100,6,6.0034833333333335,755.0,489.0,BLUE_BASE,adc_in_base
EUW1_7697731630,200,10,10.004133333333334,14157.0,12668.0,RED_BASE,adc_in_base
EUW1_7697732413,200,5,5.002816666666667,14340.0,14391.0,RED_BASE,adc_in_base
EUW1_7697732413,200,9,9.00435,14340.0,14391.0,RED_BASE,adc_in_base
EUW1_7697732413,200,11,11.005216666666668,12060.0,2640.0,BOT_SIDE_NEAR,adc_dead_with_xy
EUW1_7697732526,100,6,6.002983333333333,11244.0,1161.0,BOT_LANE_CORE,adc_dead_with_xy
EUW1_7697734311,200,5,5.002816666666667,13963.0,11348.0,RED_BASE,adc_in_base
EUW1_7697734447,100,8,8.003816666666667,2354.0,762.0,BLUE_BASE,adc_in_base
EUW1_7697735291,100,5,5.0026,527.0,479.0,BLUE_BASE,adc_in_base
EUW1_7697735291,100,7,7.003933333333333,3161.0,819.0,BLUE_BASE,adc_in_base
EUW1_7697735291,200,9,9.004533333333333,12260.0,1270.0,BOT_LANE_CORE,adc_dead_with_xy
EUW1_7697735477,100,6,6.002983333333333,1256.0,531.0,BLUE_BASE,adc_in_base
EUW1_7697735477,100,10,10.003616666666666,434.0,640.0,BLUE_BASE,adc_in_base
EUW1_7697735477,200,6,6.002983333333333,13613.0,2455.0,BOT_LANE_CORE,adc_dead_with_xy
EUW1_7697736090,100,7,7.003866666666666,986.0,553.0,BLUE_BASE,adc_in_base
EUW1_7697737359,200,9,9.003816666666667,13122.0,4280.0,BOT_LANE_CORE,adc_dead_with_xy
EUW1_7697737512,100,9,9.003283333333334,2212.0,661.0,BLUE_BASE,adc_in_base
EUW1_7697737512,100,10,10.003783333333333,7027.0,2625.0,BLUE_BOT_JUNGLE,adc_dead_with_xy
EUW1_7697737785,100,10,10.004683333333332,2075.0,676.0,BLUE_BASE,adc_in_base
EUW1_7697737785,200,11,11.005,14102.0,12694.0,RED_BASE,adc_in_base
EUW1_7697738582,200,7,7.001666666666667,11007.0,2129.0,BOT_SIDE_NEAR,adc_dead_with_xy
EUW1_7697739758,100,7,7.003266666666667,10616.0,1547.0,BOT_LANE_CORE,adc_dead_with_xy
EUW1_7697740529,100,11,11.00485,8312.0,4742.0,BLUE_BOT_JUNGLE,adc_dead_with_xy
EUW1_7697740529,200,10,10.004433333333333,14116.0,11570.0,RED_BASE,adc_in_base
EUW1_7697740647,200,8,8.00435,14227.0,14069.0,RED_BASE,adc_in_base
EUW1_7697740847,100,7,7.00125,1146.0,607.0,BLUE_BASE,adc_in_base
EUW1_7697741295,200,6,6.002866666666667,14179.0,11795.0,RED_BASE,adc_in_base
EUW1_7697741613,100,6,6.002916666666667,1074.0,575.0,BLUE_BASE,adc_in_base
EUW1_7697741613,100,10,10.003866666666667,394.0,461.0,BLUE_BASE,adc_in_base
EUW1_7697742002,200,8,8.0037,14211.0,13975.0,RED_BASE,adc_in_base
EUW1_7697742002,200,11,11.004333333333333,13194.0,3206.0,BOT_LANE_CORE,adc_dead_with_xy
EUW1_7697742258,200,11,11.003883333333333,14111.0,12700.0,RED_BASE,adc_in_base
EUW1_7697742929,100,11,11.005283333333333,394.0,461.0,BLUE_BASE,adc_in_base
EUW1_7697742959,200,10,10.004516666666667,13327.0,3372.0,BOT_LANE_CORE,adc_dead_with_xy
EUW1_7697744277,100,8,8.003733333333333,567.0,478.0,BLUE_BASE,adc_in_base
EUW1_7697744634,100,10,10.004166666666666,8915.0,1343.0,BOT_LANE_CORE,adc_dead_with_xy
EUW1_7697744634,200,8,8.00385,13425.0,11784.0,RED_BASE,adc_in_base
EUW1_7697744702,100,11,11.0045,394.0,461.0,BLUE_BASE,adc_in_base
EUW1_7697745785,100,6,6.002966666666667,1390.0,651.0,BLUE_BASE,adc_in_base
EUW1_7697745785,100,8,8.003816666666667,11429.0,1893.0,BOT_LANE_CORE,adc_dead_with_xy
EUW1_7697746599,100,11,11.005333333333333,2419.0,745.0,BLUE_BASE,adc_in_base
EUW1_7697747228,200,6,6.001133333333334,14111.0,11948.0,RED_BASE,adc_in_base
EUW1_7697747412,100,7,7.003516666666667,1778.0,785.0,BLUE_BASE,adc_in_base
EUW1_7697747412,200,5,5.002883333333333,14065.0,12977.0,RED_BASE,adc_in_base
EUW1_7697749179,200,6,6.003066666666666,14081.0,11249.0,RED_BASE,adc_in_base
EUW1_7697749179,200,9,9.004216666666666,13807.0,5121.0,BOT_LANE_CORE,adc_dead_with_xy
EUW1_7697749420,100,9,9.004883333333334,2853.0,821.0,BLUE_BASE,adc_in_base
EUW1_7697750637,100,5,5.003216666666667,12545.0,3209.0,BOT_LANE_CORE,adc_dead_with_xy
EUW1_7697750637,100,6,6.003566666666667,10781.0,882.0,BOT_LANE_CORE,adc_dead_with_xy
EUW1_7697750637,200,6,6.003566666666667,11242.0,1028.0,BOT_LANE_CORE,adc_dead_with_xy
EUW1_7697751033,100,11,11.005133333333333,448.0,467.0,BLUE_BASE,adc_in_base
EUW1_7697751033,200,8,8.003783333333333,13754.0,3601.0,BOT_LANE_CORE,adc_dead_with_xy
EUW1_7697751033,200,11,11.005133333333333,14171.0,13238.0,RED_BASE,adc_in_base
EUW1_7697751057,100,9,9.0033,2711.0,759.0,BLUE_BASE,adc_in_base
EUW1_7697751313,100,11,11.00525,1246.0,590.0,BLUE_BASE,adc_in_base
EUW1_7697751733,100,7,7.003466666666666,515.0,474.0,BLUE_BASE,adc_in_base
EUW1_7697751764,200,8,8.003816666666667,11574.0,1181.0,BOT_LANE_CORE,adc_dead_with_xy
EUW1_7697751886,100,11,11.004616666666667,394.0,461.0,BLUE_BASE,adc_in_base
EUW1_7697751894,200,5,5.003433333333334,13907.0,11259.0,RED_BASE,adc_in_base
EUW1_7697752258,200,9,9.001833333333334,14340.0,14391.0,RED_BASE,adc_in_base
EUW1_7697752766,100,8,8.0043,10204.0,1204.0,BOT_LANE_CORE,adc_dead_with_xy
EUW1_7697752766,100,11,11.004916666666666,9155.0,1927.0,BOT_SIDE_NEAR,adc_dead_with_xy
EUW1_7697752766,200,6,6.003616666666667,14162.0,13803.0,RED_BASE,adc_in_base
EUW1_7697752766,200,10,10.004616666666667,13829.0,3733.0,BOT_LANE_CORE,adc_dead_with_xy
EUW1_7697752773,100,7,7.002866666666667,394.0,461.0,BLUE_BASE,adc_in_base
EUW1_7697752917,100,10,10.004483333333333,2859.0,630.0,BLUE_BASE,adc_in_base
EUW1_7697753602,200,10,10.00385,13132.0,1163.0,BOT_LANE_CORE,adc_dead_with_xy
EUW1_7697754856,100,9,9.0039,13462.0,4058.0,BOT_LANE_CORE,adc_dead_with_xy
EUW1_7697754856,100,11,11.004416666666666,13078.0,2340.0,BOT_LANE_CORE,adc_dead_with_xy
EUW1_7697754856,200,11,11.004416666666666,13618.0,13089.0,RED_BASE,adc_in_base
EUW1_7697755417,100,9,9.0045,466.0,528.0,BLUE_BASE,adc_in_base
EUW1_7697755417,100,10,10.004666666666667,3624.0,681.0,BLUE_BASE,adc_in_base
EUW1_7697755686,100,8,8.00335,394.0,461.0,BLUE_BASE,adc_in_base
EUW1_7697755686,100,11,11.003766666666667,13168.0,2719.0,BOT_LANE_CORE,adc_dead_with_xy
EUW1_7697755686,200,10,10.00375,14257.0,13870.0,RED_BASE,adc_in_base
EUW1_7697756417,100,5,5.003583333333333,1268.0,531.0,BLUE_BASE,adc_in_base
EUW1_7697756644,100,9,9.005083333333333,12660.0,1470.0,BOT_LANE_CORE,adc_dead_with_xy
EUW1_7697757080,100,8,8.004366666666666,2724.0,805.0,BLUE_BASE,adc_in_base
EUW1_7697757357,100,9,9.003916666666667,8366.0,1146.0,BOT_LANE_CORE,adc_dead_with_xy
EUW1_7697757357,200,10,10.004483333333333,13545.0,4194.0,BOT_LANE_CORE,adc_dead_with_xy
EUW1_7697758266,100,5,5.0011,524.0,479.0,BLUE_BASE,adc_in_base
EUW1_7697758457,200,11,11.00555,12433.0,12197.0,RED_BASE,adc_in_base
EUW1_7697759461,100,7,7.003333333333333,2568.0,736.0,BLUE_BASE,adc_in_base
EUW1_7697760256,100,8,8.00425,1347.0,690.0,BLUE_BASE,adc_in_base
EUW1_7697760308,100,9,9.003933333333332,761.0,565.0,BLUE_BASE,adc_in_base
EUW1_7697760751,200,9,9.003766666666667,14063.0,13517.0,RED_BASE,adc_in_base
EUW1_7697761170,100,8,8.00335,394.0,461.0,BLUE_BASE,adc_in_base
EUW1_7697761170,200,5,5.001133333333334,13891.0,11458.0,RED_BASE,adc_in_base
EUW1_7697762282,100,6,6.00165,2368.0,721.0,BLUE_BASE,adc_in_base
EUW1_7697762648,100,8,8.003266666666667,11526.0,3094.0,BOT_SIDE_NEAR,adc_dead_with_xy
EUW1_7697762648,100,10,10.0035,3212.0,668.0,BLUE_BASE,adc_in_base
EUW1_7697762648,200,10,10.0035,14288.0,14191.0,RED_BASE,adc_in_base
EUW1_7697762680,100,11,11.00475,2985.0,902.0,BLUE_BASE,adc_in_base
EUW1_7697764598,100,9,9.004433333333333,12611.0,4998.0,BOT_SIDE_NEAR,adc_dead_with_xy
EUW1_7697764913,100,5,5.003166666666667,732.0,559.0,BLUE_BASE,adc_in_base
EUW1_7697764913,200,9,9.004716666666667,14291.0,14111.0,RED_BASE,adc_in_base
EUW1_7697765155,100,9,9.00315,2083.0,593.0,BLUE_BASE,adc_in_base
EUW1_7697765372,200,8,8.003816666666667,14317.0,14310.0,RED_BASE,adc_in_base
EUW1_7697765591,100,8,8.00305,10168.0,1002.0,BOT_LANE_CORE,adc_dead_with_xy
EUW1_7697765757,200,11,11.0044,14045.0,7478.0,BOT_LANE_CORE,adc_dead_with_xy
EUW1_7697767247,200,5,5.003433333333334,12799.0,5825.0,BOT_SIDE_NEAR,adc_dead_with_xy
EUW1_7697768339,200,11,11.0053,13173.0,4522.0,BOT_LANE_CORE,adc_dead_with_xy
EUW1_7697768724,100,11,11.004516666666667,10530.0,867.0,BOT_LANE_CORE,adc_dead_with_xy
EUW1_7697769040,100,6,6.00275,810.0,532.0,BLUE_BASE,adc_in_base
EUW1_7697769394,200,10,10.003883333333333,13408.0,3900.0,BOT_LANE_CORE,adc_dead_with_xy
EUW1_7697769509,200,8,8.00355,14158.0,12493.0,RED_BASE,adc_in_base
EUW1_7697769509,200,9,9.00395,14340.0,14391.0,RED_BASE,adc_in_base
EUW1_7697771341,200,6,6.002916666666667,14340.0,14391.0,RED_BASE,adc_in_base
EUW1_7697772875,100,10,10.004833333333334,591.0,503.0,BLUE_BASE,adc_in_base
EUW1_7697773015,200,9,9.00395,14000.0,4312.0,BOT_LANE_CORE,adc_dead_with_xy
EUW1_7697774107,100,8,8.001866666666666,2186.0,647.0,BLUE_BASE,adc_in_base
EUW1_7697774107,100,9,9.001916666666666,3293.0,850.0,BLUE_BASE,adc_in_base
EUW1_7697774354,200,7,7.003933333333333,14178.0,12186.0,RED_BASE,adc_in_base
EUW1_7697774362,200,6,6.001516666666666,11759.0,1858.0,BOT_LANE_CORE,adc_dead_with_xy
EUW1_7697776086,200,6,6.002966666666667,14183.0,13316.0,RED_BASE,adc_in_base
EUW1_7697777382,100,6,6.001166666666666,1070.0,520.0,BLUE_BASE,adc_in_base
EUW1_7697777382,100,7,7.002716666666666,13187.0,5418.0,BOT_LANE_CORE,adc_dead_with_xy
EUW1_7697780789,100,9,9.00345,3372.0,798.0,BLUE_BASE,adc_in_base
EUW1_7697780789,200,5,5.000883333333333,14311.0,14087.0,RED_BASE,adc_in_base
EUW1_7697781373,100,11,11.004683333333332,2118.0,747.0,BLUE_BASE,adc_in_base
EUW1_7697781854,100,8,8.003466666666666,3287.0,808.0,BLUE_BASE,adc_in_base
EUW1_7697781854,100,10,10.0039,3419.0,787.0,BLUE_BASE,adc_in_base
EUW1_7697782158,100,6,6.003716666666667,1141.0,563.0,BLUE_BASE,adc_in_base
EUW1_7697782158,100,7,7.003783333333334,2729.0,752.0,BLUE_BASE,adc_in_base
EUW1_7697783570,100,10,10.0042,1623.0,597.0,BLUE_BASE,adc_in_base
EUW1_7697783570,200,10,10.0042,13106.0,3726.0,BOT_LANE_CORE,adc_dead_with_xy
EUW1_7697783654,100,7,7.002933333333333,2209.0,724.0,BLUE_BASE,adc_in_base
EUW1_7697783654,200,6,6.0026,11275.0,8980.0,RED_BOT_JUNGLE,adc_dead_with_xy
EUW1_7697784108,200,8,8.0036,13983.0,11932.0,RED_BASE,adc_in_base
EUW1_7697784108,200,10,10.0044,12899.0,3288.0,BOT_LANE_CORE,adc_dead_with_xy
EUW1_7697784766,200,5,5.0027,12595.0,3082.0,BOT_LANE_CORE,adc_dead_with_xy
EUW1_7697784888,100,9,9.001716666666667,14036.0,4253.0,BOT_LANE_CORE,adc_dead_with_xy
EUW1_7697784956,100,9,9.001516666666667,1987.0,776.0,BLUE_BASE,adc_in_base
EUW1_7697784956,100,11,11.001783333333334,11822.0,2791.0,BOT_SIDE_NEAR,adc_dead_with_xy
EUW1_7697785220,200,9,9.003183333333334,14013.0,11615.0,RED_BASE,adc_in_base
EUW1_7697785220,200,11,11.00415,14167.0,11652.0,RED_BASE,adc_in_base
EUW1_7697785230,100,7,7.0038833333333335,3471.0,695.0,BLUE_BASE,adc_in_base
EUW1_7697785230,100,9,9.004616666666667,13907.0,3772.0,BOT_LANE_CORE,adc_dead_with_xy
EUW1_7697785230,200,11,11.004883333333334,14183.0,12785.0,RED_BASE,adc_in_base
EUW1_7697785468,200,11,11.004233333333334,12731.0,13385.0,RED_BASE,adc_in_base
EUW1_7697785802,100,10,10.004,3064.0,797.0,BLUE_BASE,adc_in_base
EUW1_7697785802,200,6,6.003183333333333,14143.0,12376.0,RED_BASE,adc_in_base
EUW1_7697785978,100,9,9.003183333333334,394.0,461.0,BLUE_BASE,adc_in_base
EUW1_7697785978,200,5,5.000816666666666,3628.0,6459.0,BLUE_TOP_JUNGLE,adc_dead_with_xy
EUW1_7697785978,200,9,9.003183333333334,13704.0,4045.0,BOT_LANE_CORE,adc_dead_with_xy
EUW1_7697785978,200,10,10.003633333333333,14119.0,4638.0,BOT_LANE_CORE,adc_dead_with_xy
EUW1_7697785996,200,8,8.00475,14340.0,14391.0,RED_BASE,adc_in_base
EUW1_7697785996,200,10,10.004933333333334,12090.0,2707.0,BOT_SIDE_NEAR,adc_dead_with_xy
EUW1_7697786609,100,6,6.002866666666667,13404.0,2011.0,BOT_LANE_CORE,adc_dead_with_xy
EUW1_7697786624,200,5,5.001333333333333,13953.0,11755.0,RED_BASE,adc_in_base
EUW1_7697786687,200,10,10.0037,14339.0,13638.0,RED_BASE,adc_in_base
EUW1_7697787397,100,7,7.003616666666667,859.0,509.0,BLUE_BASE,adc_in_base
EUW1_7697787397,100,10,10.004733333333334,1217.0,552.0,BLUE_BASE,adc_in_base
EUW1_7697788737,100,9,9.002133333333333,1328.0,612.0,BLUE_BASE,adc_in_base
EUW1_7697788737,200,6,6.001566666666666,14127.0,12184.0,RED_BASE,adc_in_base
EUW1_7697789315,200,10,10.0052,14237.0,13453.0,RED_BASE,adc_in_base
EUW1_7697789404,100,6,6.002716666666666,12695.0,2605.0,BOT_LANE_CORE,adc_dead_with_xy
EUW1_7697789965,200,10,10.005633333333334,11625.0,3627.0,BOT_SIDE_NEAR,adc_dead_with_xy
EUW1_7697790411,200,6,6.003716666666667,9566.0,1747.0,BOT_LANE_CORE,adc_dead_with_xy
EUW1_7697790411,200,10,10.004783333333334,11216.0,1912.0,BOT_LANE_CORE,adc_dead_with_xy
EUW1_7697790497,200,10,10.003666666666666,14319.0,14184.0,RED_BASE,adc_in_base
EUW1_7697790597,100,5,5.003383333333334,1244.0,577.0,BLUE_BASE,adc_in_base
EUW1_7697790597,200,8,8.004266666666666,13978.0,11295.0,RED_BASE,adc_in_base
EUW1_7697790869,100,9,9.004116666666667,2919.0,690.0,BLUE_BASE,adc_in_base
EUW1_7697790869,200,5,5.002766666666667,14219.0,13170.0,RED_BASE,adc_in_base
EUW1_7697791338,200,7,7.0037,14183.0,13174.0,RED_BASE,adc_in_base
EUW1_7697791338,200,11,11.0047,14152.0,14062.0,RED_BASE,adc_in_base
EUW1_7697791714,200,9,9.004016666666667,14340.0,14391.0,RED_BASE,adc_in_base
EUW1_7697791786,200,7,7.0036,14046.0,4528.0,BOT_LANE_CORE,adc_dead_with_xy
EUW1_7697792569,200,8,8.004266666666666,14063.0,11879.0,RED_BASE,adc_in_base
EUW1_7697793607,200,8,8.0033,14009.0,7467.0,BOT_LANE_CORE,adc_dead_with_xy
EUW1_7697793791,100,5,5.003066666666666,1072.0,586.0,BLUE_BASE,adc_in_base
EUW1_7697793791,100,6,6.0036,13112.0,2394.0,BOT_LANE_CORE,adc_dead_with_xy
EUW1_7697793791,200,6,6.0036,14340.0,14391.0,RED_BASE,adc_in_base
EUW1_7697793964,200,11,11.004533333333333,13901.0,13539.0,RED_BASE,adc_in_base
EUW1_7697794135,100,9,9.005033333333333,1210.0,629.0,BLUE_BASE,adc_in_base
EUW1_7697794135,100,10,10.005516666666667,11982.0,2568.0,BOT_SIDE_NEAR,adc_dead_with_xy
EUW1_7697794234,200,6,6.002983333333333,14330.0,13977.0,RED_BASE,adc_in_base
EUW1_7697795267,100,5,5.001433333333333,3394.0,839.0,BLUE_BASE,adc_in_base
EUW1_7697795267,200,5,5.001433333333333,13919.0,13679.0,RED_BASE,adc_in_base
EUW1_7697795461,100,5,5.002916666666667,3345.0,771.0,BLUE_BASE,adc_in_base
EUW1_7697795461,100,7,7.0033,10838.0,1588.0,BOT_LANE_CORE,adc_dead_with_xy
EUW1_7697795461,200,5,5.002916666666667,14199.0,13634.0,RED_BASE,adc_in_base
EUW1_7697795759,200,9,9.0046,14123.0,14001.0,RED_BASE,adc_in_base
EUW1_7697796213,100,7,7.0032,12814.0,3277.0,BOT_LANE_CORE,adc_dead_with_xy
EUW1_7697796213,200,6,6.001766666666667,12660.0,4386.0,BOT_SIDE_NEAR,adc_dead_with_xy
EUW1_7697796351,200,10,10.003633333333333,14335.0,14000.0,RED_BASE,adc_in_base
EUW1_7697796599,100,5,5.000866666666667,13488.0,1609.0,BOT_LANE_CORE,adc_dead_with_xy
EUW1_7697797217,200,5,5.00245,14088.0,11900.0,RED_BASE,adc_in_base
EUW1_7697797217,200,8,8.003016666666667,13332.0,2034.0,BOT_LANE_CORE,adc_dead_with_xy
EUW1_7697797294,200,9,9.0038,14091.0,13179.0,RED_BASE,adc_in_base
EUW1_7697797294,200,11,11.00465,10690.0,1238.0,BOT_LANE_CORE,adc_dead_with_xy
EUW1_7697797451,100,5,5.0026166666666665,2927.0,640.0,BLUE_BASE,adc_in_base
EUW1_7697797451,200,7,7.002933333333333,12508.0,3185.0,BOT_LANE_CORE,adc_dead_with_xy
EUW1_7697797451,200,9,9.00345,13575.0,4454.0,BOT_LANE_CORE,adc_dead_with_xy
EUW1_7697797552,100,10,10.003866666666667,10993.0,2283.0,BOT_SIDE_NEAR,adc_dead_with_xy
EUW1_7697797552,100,11,11.00415,2941.0,975.0,BLUE_BASE,adc_in_base
EUW1_7697798186,200,5,5.00415,14072.0,11659.0,RED_BASE,adc_in_base
EUW1_7697798733,200,11,11.004716666666667,14220.0,13664.0,RED_BASE,adc_in_base
EUW1_7697798990,100,10,10.00435,1892.0,653.0,BLUE_BASE,adc_in_base
EUW1_7697798990,200,7,7.00395,10897.0,1283.0,BOT_LANE_CORE,adc_dead_with_xy
EUW1_7697798990,200,8,8.004016666666667,14297.0,13987.0,RED_BASE,adc_in_base
EUW1_7697798990,200,11,11.0045,13732.0,13253.0,RED_BASE,adc_in_base
EUW1_7697800713,200,10,10.004916666666666,14253.0,14137.0,RED_BASE,adc_in_base
EUW1_7697800894,200,8,8.003033333333333,13987.0,12827.0,RED_BASE,adc_in_base
EUW1_7697801072,200,8,8.003883333333333,14048.0,4846.0,BOT_LANE_CORE,adc_dead_with_xy
EUW1_7697801820,200,8,8.003283333333334,13999.0,13286.0,RED_BASE,adc_in_base
EUW1_7697801820,200,11,11.004066666666667,13899.0,3461.0,BOT_LANE_CORE,adc_dead_with_xy
EUW1_7697804934,100,6,6.00135,1179.0,543.0,BLUE_BASE,adc_in_base
EUW1_7697804934,100,8,8.001766666666667,10685.0,874.0,BOT_LANE_CORE,adc_dead_with_xy
EUW1_7697804934,100,10,10.002,11521.0,1622.0,BOT_LANE_CORE,adc_dead_with_xy
EUW1_7697804934,200,11,11.004266666666666,14099.0,11541.0,RED_BASE,adc_in_base
EUW1_7697806861,100,9,9.004133333333334,9419.0,1434.0,BOT_LANE_CORE,adc_dead_with_xy
EUW1_7697806861,100,10,10.004616666666667,12437.0,1393.0,BOT_LANE_CORE,adc_dead_with_xy
EUW1_7697806861,200,9,9.004133333333334,11160.0,1827.0,BOT_LANE_CORE,adc_dead_with_xy
EUW1_7697807188,200,11,11.004783333333334,14338.0,13630.0,RED_BASE,adc_in_base
EUW1_7697807322,100,6,6.00285,10871.0,3304.0,BOT_SIDE_NEAR,adc_dead_with_xy
EUW1_7697807733,100,9,9.003916666666667,2744.0,700.0,BLUE_BASE,adc_in_base
EUW1_7697807733,200,11,11.004583333333333,10861.0,1781.0,BOT_LANE_CORE,adc_dead_with_xy
EUW1_7697808068,100,9,9.002066666666666,12572.0,3093.0,BOT_LANE_CORE,adc_dead_with_xy
EUW1_7697808068,100,11,11.0026,13700.0,3116.0,BOT_LANE_CORE,adc_dead_with_xy
EUW1_7697808453,200,7,7.0013,14249.0,13686.0,RED_BASE,adc_in_base
EUW1_7697808498,200,8,8.003316666666667,14109.0,4792.0,BOT_LANE_CORE,adc_dead_with_xy
EUW1_7697808899,200,6,6.001483333333334,14043.0,13204.0,RED_BASE,adc_in_base
EUW1_7697809389,100,6,6.00335,3292.0,1013.0,BLUE_BASE,adc_in_base
EUW1_7697809389,100,11,11.0047,394.0,461.0,BLUE_BASE,adc_in_base
EUW1_7697809522,100,8,8.003333333333334,605.0,486.0,BLUE_BASE,adc_in_base
EUW1_7697809522,200,7,7.00305,13973.0,11108.0,RED_BASE,adc_in_base
EUW1_7697809624,200,9,9.004116666666667,13288.0,3415.0,BOT_LANE_CORE,adc_dead_with_xy
EUW1_7697809661,200,7,7.003966666666667,10454.0,1692.0,BOT_LANE_CORE,adc_dead_with_xy
EUW1_7697810234,100,11,11.0037,11317.0,1674.0,BOT_LANE_CORE,adc_dead_with_xy
EUW1_7697811094,100,5,5.00315,471.0,478.0,BLUE_BASE,adc_in_base
EUW1_7697811315,100,7,7.00375,13791.0,4109.0,BOT_LANE_CORE,adc_dead_with_xy
EUW1_7697811338,100,11,11.004383333333333,2498.0,627.0,BLUE_BASE,adc_in_base
EUW1_7697811568,100,8,8.00155,705.0,532.0,BLUE_BASE,adc_in_base
EUW1_7697811568,200,9,9.003333333333334,14069.0,12501.0,RED_BASE,adc_in_base
EUW1_7697811635,100,6,6.002683333333334,1219.0,708.0,BLUE_BASE,adc_in_base
EUW1_7697811775,100,8,8.003583333333333,3466.0,807.0,BLUE_BASE,adc_in_base
EUW1_7697811775,100,10,10.004066666666667,9985.0,1194.0,BOT_LANE_CORE,adc_dead_with_xy
EUW1_7697811775,200,8,8.003583333333333,13947.0,10982.0,RED_BASE,adc_in_base
EUW1_7697811775,200,11,11.0046,11647.0,12898.0,RED_BASE,adc_in_base
EUW1_7697812036,100,6,6.00305,2803.0,694.0,BLUE_BASE,adc_in_base
EUW1_7697813250,100,8,8.003066666666667,1281.0,626.0,BLUE_BASE,adc_in_base
EUW1_7697813897,100,9,9.003666666666666,12325.0,1412.0,BOT_LANE_CORE,adc_dead_with_xy
EUW1_7697813897,200,8,8.003516666666666,14340.0,14391.0,RED_BASE,adc_in_base
EUW1_7697814070,200,10,10.005466666666667,14269.0,13990.0,RED_BASE,adc_in_base
EUW1_7697814704,100,6,6.003166666666667,13454.0,3281.0,BOT_LANE_CORE,adc_dead_with_xy
EUW1_7697814789,100,10,10.0044,13172.0,1958.0,BOT_LANE_CORE,adc_dead_with_xy
EUW1_7697815237,100,11,11.0051,10309.0,1161.0,BOT_LANE_CORE,adc_dead_with_xy
EUW1_7697815237,200,11,11.0051,11638.0,2209.0,BOT_SIDE_NEAR,adc_dead_with_xy
EUW1_7697817032,100,10,10.004783333333334,2752.0,776.0,BLUE_BASE,adc_in_base
EUW1_7697817032,100,11,11.005266666666667,2191.0,914.0,BLUE_BASE,adc_in_base
EUW1_7697817158,100,6,6.000883333333333,654.0,485.0,BLUE_BASE,adc_in_base
EUW1_7697817888,100,11,11.005633333333334,3134.0,691.0,BLUE_BASE,adc_in_base
EUW1_7697817958,100,10,10.0037,13113.0,1903.0,BOT_LANE_CORE,adc_dead_with_xy
EUW1_7697817958,200,8,8.00315,12797.0,1388.0,BOT_LANE_CORE,adc_dead_with_xy
EUW1_7697818927,200,8,8.004316666666666,11254.0,1748.0,BOT_LANE_CORE,adc_dead_with_xy
EUW1_7697819361,200,8,8.004166666666666,14304.0,14282.0,RED_BASE,adc_in_base
EUW1_7697819361,200,9,9.004516666666667,14111.0,12436.0,RED_BASE,adc_in_base
EUW1_7697819552,100,6,6.0009,394.0,461.0,BLUE_BASE,adc_in_base
EUW1_7697819745,100,10,10.004616666666667,394.0,461.0,BLUE_BASE,adc_in_base
EUW1_7697819844,100,10,10.004316666666666,3494.0,861.0,BLUE_BASE,adc_in_base
EUW1_7697819997,100,5,5.000883333333333,394.0,461.0,BLUE_BASE,adc_in_base
EUW1_7697821278,100,8,8.003416666666666,12850.0,1976.0,BOT_LANE_CORE,adc_dead_with_xy
EUW1_7697821928,100,5,5.001283333333333,3278.0,856.0,BLUE_BASE,adc_in_base
EUW1_7697822050,100,5,5.002566666666667,9916.0,1162.0,BOT_LANE_CORE,adc_dead_with_xy
EUW1_7697822050,200,11,11.003816666666667,14068.0,6786.0,BOT_LANE_CORE,adc_dead_with_xy
EUW1_7697822100,200,6,6.00125,14298.0,13945.0,RED_BASE,adc_in_base
EUW1_7697822318,100,11,11.004833333333334,376.0,452.0,BLUE_BASE,adc_in_base
EUW1_7697822318,200,11,11.004833333333334,14061.0,11210.0,RED_BASE,adc_in_base
EUW1_7697823332,100,5,5.003,1250.0,563.0,BLUE_BASE,adc_in_base
EUW1_7697823623,200,5,5.001433333333333,13970.0,4897.0,BOT_LANE_CORE,adc_dead_with_xy
EUW1_7697823623,200,7,7.002083333333333,14340.0,14391.0,RED_BASE,adc_in_base
EUW1_7697823623,200,10,10.0035,14118.0,4482.0,BOT_LANE_CORE,adc_dead_with_xy
EUW1_7697823878,200,8,8.004033333333334,9654.0,3192.0,BOT_SIDE_NEAR,adc_dead_with_xy
EUW1_7697823878,200,11,11.00455,12086.0,4372.0,BOT_SIDE_NEAR,adc_dead_with_xy
EUW1_7697824112,200,7,7.002466666666667,13870.0,3479.0,BOT_LANE_CORE,adc_dead_with_xy
EUW1_7697824570,100,8,8.0041,3342.0,706.0,BLUE_BASE,adc_in_base
EUW1_7697824983,100,6,6.004083333333333,1357.0,609.0,BLUE_BASE,adc_in_base
EUW1_7697824983,100,8,8.004416666666666,1367.0,738.0,BLUE_BASE,adc_in_base
EUW1_7697824983,100,9,9.004516666666667,12188.0,1657.0,BOT_LANE_CORE,adc_dead_with_xy
EUW1_7697825005,100,10,10.004633333333333,10963.0,987.0,BOT_LANE_CORE,adc_dead_with_xy
EUW1_7697825005,200,5,5.0031,14334.0,14244.0,RED_BASE,adc_in_base
EUW1_7697825133,100,8,8.003666666666666,3287.0,791.0,BLUE_BASE,adc_in_base
EUW1_7697825133,100,9,9.003933333333332,1783.0,603.0,BLUE_BASE,adc_in_base
EUW1_7697825351,200,5,5.001016666666667,14291.0,13617.0,RED_BASE,adc_in_base
EUW1_7697825395,200,9,9.004283333333333,14119.0,12150.0,RED_BASE,adc_in_base
EUW1_7697825395,200,11,11.004916666666666,13968.0,11579.0,RED_BASE,adc_in_base
EUW1_7697825462,200,6,6.0029,13968.0,11893.0,RED_BASE,adc_in_base
EUW1_7697825690,100,11,11.004266666666666,926.0,514.0,BLUE_BASE,adc_in_base
EUW1_7697825690,200,11,11.004266666666666,13939.0,11023.0,RED_BASE,adc_in_base
EUW1_7697825731,100,6,6.002633333333334,11340.0,3529.0,BOT_SIDE_NEAR,adc_dead_with_xy
EUW1_7697825731,200,7,7.003133333333333,14340.0,14391.0,RED_BASE,adc_in_base
EUW1_7697826663,200,10,10.004683333333332,14092.0,11979.0,RED_BASE,adc_in_base
EUW1_7697828443,200,8,8.00435,14140.0,11849.0,RED_BASE,adc_in_base
EUW1_7697828450,100,11,11.00395,13020.0,2638.0,BOT_LANE_CORE,adc_dead_with_xy
EUW1_7697828450,200,10,10.002266666666667,12047.0,1856.0,BOT_LANE_CORE,adc_dead_with_xy
EUW1_7697828932,100,10,10.004216666666666,12971.0,3024.0,BOT_LANE_CORE,adc_dead_with_xy
EUW1_7697828932,200,11,11.004566666666667,14125.0,11875.0,RED_BASE,adc_in_base
EUW1_7697829600,200,6,6.003616666666667,14055.0,11264.0,RED_BASE,adc_in_base
EUW1_7697830174,100,5,5.002833333333333,394.0,461.0,BLUE_BASE,adc_in_base
EUW1_7697830174,200,11,11.004,14296.0,13803.0,RED_BASE,adc_in_base
EUW1_7697831197,100,9,9.004383333333333,3373.0,724.0,BLUE_BASE,adc_in_base
EUW1_7697832470,100,6,6.003583333333333,10866.0,1210.0,BOT_LANE_CORE,adc_dead_with_xy
EUW1_7697832470,100,11,11.004833333333334,1332.0,604.0,BLUE_BASE,adc_in_base
EUW1_7697832670,200,11,11.0033,13987.0,11375.0,RED_BASE,adc_in_base
EUW1_7697832835,200,6,6.003433333333334,14005.0,11114.0,RED_BASE,adc_in_base
EUW1_7697832835,200,8,8.003933333333332,12036.0,3477.0,BOT_SIDE_NEAR,adc_dead_with_xy
EUW1_7697833834,100,9,9.003733333333333,13424.0,3056.0,BOT_LANE_CORE,adc_dead_with_xy
EUW1_7697833834,100,11,11.004316666666666,2845.0,806.0,BLUE_BASE,adc_in_base
EUW1_7697834076,200,10,10.003933333333332,14187.0,13714.0,RED_BASE,adc_in_base
EUW1_7697834241,100,7,7.003166666666667,3183.0,797.0,BLUE_BASE,adc_in_base
EUW1_7697834541,100,6,6.003166666666667,3207.0,729.0,BLUE_BASE,adc_in_base
EUW1_7697834541,100,9,9.004116666666667,1139.0,752.0,BLUE_BASE,adc_in_base
EUW1_7697834541,200,8,8.003883333333333,12129.0,4765.0,BOT_SIDE_NEAR,adc_dead_with_xy
EUW1_7697834929,200,5,5.001633333333333,10454.0,1164.0,BOT_LANE_CORE,adc_dead_with_xy
EUW1_7697834929,200,9,9.004366666666666,12048.0,2192.0,BOT_LANE_CORE,adc_dead_with_xy
EUW1_7697835894,200,9,9.003783333333333,14006.0,4996.0,BOT_LANE_CORE,adc_dead_with_xy
EUW1_7697836387,200,7,7.0029,13202.0,2774.0,BOT_LANE_CORE,adc_dead_with_xy
EUW1_7697836452,200,11,11.004216666666666,14100.0,13692.0,RED_BASE,adc_in_base
EUW1_7697836614,200,5,5.00315,14110.0,11711.0,RED_BASE,adc_in_base
EUW1_7697836614,200,8,8.0041,14340.0,14391.0,RED_BASE,adc_in_base
EUW1_7697836688,100,6,6.003283333333333,10854.0,1296.0,BOT_LANE_CORE,adc_dead_with_xy
EUW1_7697836688,200,8,8.003916666666667,14125.0,12111.0,RED_BASE,adc_in_base
EUW1_7697837558,200,6,6.0037666666666665,14171.0,12715.0,RED_BASE,adc_in_base
EUW1_7697838465,100,11,11.00595,3389.0,752.0,BLUE_BASE,adc_in_base
EUW1_7697838465,200,8,8.005166666666666,13944.0,11625.0,RED_BASE,adc_in_base
EUW1_7697838621,100,10,10.004083333333334,3676.0,846.0,BLUE_BASE,adc_in_base
EUW1_7697838621,100,11,11.004433333333333,2967.0,807.0,BLUE_BASE,adc_in_base
EUW1_7697840998,100,10,10.003933333333332,949.0,507.0,BLUE_BASE,adc_in_base
EUW1_7697840998,200,10,10.003933333333332,14041.0,11864.0,RED_BASE,adc_in_base
EUW1_7697841245,100,5,5.002716666666666,394.0,461.0,BLUE_BASE,adc_in_base
EUW1_7697841245,100,10,10.005233333333333,13173.0,3458.0,BOT_LANE_CORE,adc_dead_with_xy
EUW1_7697841245,200,5,5.002716666666666,14152.0,12681.0,RED_BASE,adc_in_base
EUW1_7697841245,200,10,10.005233333333333,14119.0,6702.0,BOT_LANE_CORE,adc_dead_with_xy
EUW1_7697841334,100,11,11.0047,12628.0,3078.0,BOT_LANE_CORE,adc_dead_with_xy
EUW1_7697841539,100,5,5.0026,1273.0,596.0,BLUE_BASE,adc_in_base
EUW1_7697842840,100,9,9.00445,12100.0,4514.0,BOT_SIDE_NEAR,adc_dead_with_xy
EUW1_7697843323,100,7,7.004333333333333,394.0,461.0,BLUE_BASE,adc_in_base
EUW1_7697843323,100,11,11.005183333333333,500.0,475.0,BLUE_BASE,adc_in_base
EUW1_7697843323,200,7,7.004333333333333,12864.0,2124.0,BOT_LANE_CORE,adc_dead_with_xy
EUW1_7697843323,200,11,11.005183333333333,11717.0,2299.0,BOT_SIDE_NEAR,adc_dead_with_xy
EUW1_7697843500,200,11,11.004283333333333,11823.0,2408.0,BOT_SIDE_NEAR,adc_dead_with_xy
EUW1_7697843529,100,6,6.003533333333333,974.0,510.0,BLUE_BASE,adc_in_base
EUW1_7697844723,100,8,8.004,601.0,487.0,BLUE_BASE,adc_in_base
EUW1_7697844723,100,10,10.004883333333334,12936.0,2468.0,BOT_LANE_CORE,adc_dead_with_xy
EUW1_7697844723,200,8,8.004,14045.0,13652.0,RED_BASE,adc_in_base
EUW1_7697845916,200,11,11.005166666666666,14123.0,13247.0,RED_BASE,adc_in_base
EUW1_7697847767,200,11,11.0041,13798.0,3631.0,BOT_LANE_CORE,adc_dead_with_xy
EUW1_7697847828,100,8,8.004116666666667,11137.0,1292.0,BOT_LANE_CORE,adc_dead_with_xy
EUW1_7697847828,200,11,11.00485,14197.0,14417.0,RED_BASE,adc_in_base
EUW1_7697847861,200,5,5.0007166666666665,13656.0,4683.0,BOT_LANE_CORE,adc_dead_with_xy
EUW1_7697847861,200,11,11.00425,12341.0,2235.0,BOT_LANE_CORE,adc_dead_with_xy
EUW1_7697848261,100,9,9.002083333333333,12118.0,2405.0,BOT_LANE_CORE,adc_dead_with_xy
EUW1_7697848670,100,5,5.0024,2321.0,621.0,BLUE_BASE,adc_in_base
EUW1_7697849435,100,5,5.0008,10394.0,1215.0,BOT_LANE_CORE,adc_dead_with_xy
EUW1_7697849435,100,7,7.001283333333333,447.0,469.0,BLUE_BASE,adc_in_base
EUW1_7697849435,200,10,10.0017,14217.0,13819.0,RED_BASE,adc_in_base
EUW1_7697849474,100,11,11.0041,9474.0,847.0,BOT_LANE_CORE,adc_dead_with_xy
EUW1_7697850542,100,8,8.00415,2776.0,978.0,BLUE_BASE,adc_in_base
EUW1_7697850542,200,11,11.005016666666666,14253.0,14054.0,RED_BASE,adc_in_base
EUW1_7697851220,100,10,10.00425,8631.0,2609.0,BLUE_BOT_JUNGLE,adc_dead_with_xy
EUW1_7697851266,100,7,7.001766666666667,3222.0,884.0,BLUE_BASE,adc_in_base
EUW1_7697851266,200,7,7.001766666666667,14340.0,14391.0,RED_BASE,adc_in_base
EUW1_7697851707,100,10,10.00445,2675.0,912.0,BLUE_BASE,adc_in_base
EUW1_7697851707,200,5,5.003433333333334,12409.0,1922.0,BOT_LANE_CORE,adc_dead_with_xy
EUW1_7697851752,100,5,5.002916666666667,11747.0,2799.0,BOT_SIDE_NEAR,adc_dead_with_xy
EUW1_7697851752,100,9,9.00385,394.0,461.0,BLUE_BASE,adc_in_base
EUW1_7697851752,200,9,9.00385,14231.0,13947.0,RED_BASE,adc_in_base
EUW1_7697851903,100,11,11.004766666666667,1945.0,713.0,BLUE_BASE,adc_in_base
EUW1_7697851903,200,7,7.001783333333333,14034.0,11447.0,RED_BASE,adc_in_base
EUW1_7697852333,200,7,7.0037,14125.0,12592.0,RED_BASE,adc_in_base
EUW1_7697852343,200,7,7.002933333333333,13755.0,5334.0,BOT_LANE_CORE,adc_dead_with_xy
EUW1_7697852371,100,9,9.003716666666667,3131.0,700.0,BLUE_BASE,adc_in_base
EUW1_7697852371,200,8,8.003266666666667,14055.0,11489.0,RED_BASE,adc_in_base
EUW1_7697852804,100,11,11.003833333333333,12532.0,1574.0,BOT_LANE_CORE,adc_dead_with_xy
EUW1_7697852804,200,9,9.00185,12121.0,3019.0,BOT_SIDE_NEAR,adc_dead_with_xy
EUW1_7697852804,200,10,10.002183333333333,11034.0,1960.0,BOT_LANE_CORE,adc_dead_with_xy
EUW1_7697853101,200,6,6.00145,13715.0,4775.0,BOT_LANE_CORE,adc_dead_with_xy
EUW1_7697853156,100,7,7.00135,10821.0,4572.0,BOT_SIDE_NEAR,adc_dead_with_xy
EUW1_7697853896,100,10,10.00465,2557.0,627.0,BLUE_BASE,adc_in_base
EUW1_7697854251,200,11,11.00365,13079.0,3481.0,BOT_LANE_CORE,adc_dead_with_xy
EUW1_7697854504,100,6,6.003683333333333,2714.0,786.0,BLUE_BASE,adc_in_base
EUW1_7697854504,200,10,10.004583333333333,14340.0,14391.0,RED_BASE,adc_in_base
EUW1_7697854600,100,11,11.004766666666667,9490.0,1542.0,BOT_LANE_CORE,adc_dead_with_xy
EUW1_7697854600,200,6,6.00315,14041.0,11916.0,RED_BASE,adc_in_base
EUW1_7697854673,100,9,9.004266666666666,13806.0,3185.0,BOT_LANE_CORE,adc_dead_with_xy
EUW1_7697856314,100,10,10.004516666666667,9866.0,2462.0,BOT_SIDE_NEAR,adc_dead_with_xy
EUW1_7697856384,200,10,10.004633333333333,14048.0,4868.0,BOT_LANE_CORE,adc_dead_with_xy
EUW1_7697856527,100,5,5.00305,394.0,461.0,BLUE_BASE,adc_in_base
EUW1_7697856527,200,6,6.003133333333333,13600.0,3140.0,BOT_LANE_CORE,adc_dead_with_xy
EUW1_7697857396,100,6,6.003833333333334,13152.0,2049.0,BOT_LANE_CORE,adc_dead_with_xy
EUW1_7697857396,100,8,8.0042,12829.0,2763.0,BOT_LANE_CORE,adc_dead_with_xy
EUW1_7697857396,100,9,9.004733333333334,10410.0,2717.0,BOT_SIDE_NEAR,adc_dead_with_xy
EUW1_7697858888,200,6,6.003733333333333,12777.0,3354.0,BOT_LANE_CORE,adc_dead_with_xy
EUW1_7697860388,200,6,6.003383333333334,6673.0,6917.0,MID_LANE,adc_dead_with_xy
EUW1_7697860388,200,11,11.004616666666667,14008.0,4826.0,BOT_LANE_CORE,adc_dead_with_xy
EUW1_7697860952,200,9,9.004183333333334,10182.0,4520.0,DRAGON_AREA,adc_dead_with_xy
EUW1_7697861204,100,11,11.0057,1621.0,635.0,BLUE_BASE,adc_in_base
EUW1_7697863007,200,10,10.004233333333334,14078.0,12232.0,RED_BASE,adc_in_base
EUW1_7697863265,100,9,9.004483333333333,2616.0,721.0,BLUE_BASE,adc_in_base
EUW1_7697863265,200,5,5.002583333333333,14224.0,13945.0,RED_BASE,adc_in_base
EUW1_7697863265,200,8,8.003933333333332,14115.0,4745.0,BOT_LANE_CORE,adc_dead_with_xy
EUW1_7697863265,200,11,11.005216666666668,14085.0,12374.0,RED_BASE,adc_in_base
EUW1_7697863571,100,9,9.003716666666667,10498.0,1465.0,BOT_LANE_CORE,adc_dead_with_xy
EUW1_7697863571,100,11,11.0044,11773.0,1766.0,BOT_LANE_CORE,adc_dead_with_xy
EUW1_7697863629,100,9,9.003233333333334,2425.0,669.0,BLUE_BASE,adc_in_base
EUW1_7697863714,100,11,11.004,13471.0,2719.0,BOT_LANE_CORE,adc_dead_with_xy
EUW1_7697863866,100,7,7.003933333333333,11242.0,1258.0,BOT_LANE_CORE,adc_dead_with_xy
EUW1_7697863866,200,5,5.003283333333333,14298.0,14198.0,RED_BASE,adc_in_base
EUW1_7697863866,200,10,10.004933333333334,13992.0,3844.0,BOT_LANE_CORE,adc_dead_with_xy
EUW1_7697865623,100,10,10.004083333333334,429.0,462.0,BLUE_BASE,adc_in_base
EUW1_7697866203,100,10,10.004966666666666,12937.0,4321.0,BOT_SIDE_NEAR,adc_dead_with_xy
EUW1_7697866511,200,11,11.005316666666667,14317.0,14197.0,RED_BASE,adc_in_base
EUW1_7697868978,100,9,9.003466666666666,10553.0,1180.0,BOT_LANE_CORE,adc_dead_with_xy
EUW1_7697868978,200,5,5.0027333333333335,14194.0,13384.0,RED_BASE,adc_in_base
EUW1_7697869148,100,7,7.003833333333334,394.0,461.0,BLUE_BASE,adc_in_base
EUW1_7697869148,100,8,8.003833333333333,11865.0,2647.0,BOT_SIDE_NEAR,adc_dead_with_xy
EUW1_7697869148,200,10,10.004016666666667,10887.0,1081.0,BOT_LANE_CORE,adc_dead_with_xy
EUW1_7697869274,200,7,7.003733333333333,14121.0,12984.0,RED_BASE,adc_in_base
EUW1_7697869634,100,10,10.00365,3627.0,888.0,BLUE_BASE,adc_in_base
EUW1_7697869794,200,9,9.0036,13971.0,11897.0,RED_BASE,adc_in_base
EUW1_7697870114,100,10,10.003916666666667,1306.0,577.0,BLUE_BASE,adc_in_base
EUW1_7697870922,100,8,8.00355,10980.0,1178.0,BOT_LANE_CORE,adc_dead_with_xy
EUW1_7697870922,200,6,6.0029,14340.0,14391.0,RED_BASE,adc_in_base
EUW1_7697870922,200,9,9.00365,14245.0,13485.0,RED_BASE,adc_in_base
EUW1_7697871228,200,11,11.0039,14304.0,14080.0,RED_BASE,adc_in_base
EUW1_7697873327,200,6,6.0021,14295.0,14010.0,RED_BASE,adc_in_base
EUW1_7697874269,200,8,8.003066666666667,14094.0,11892.0,RED_BASE,adc_in_base
EUW1_7697874570,100,9,9.001733333333334,879.0,552.0,BLUE_BASE,adc_in_base
EUW1_7697875342,100,8,8.004083333333334,1104.0,521.0,BLUE_BASE,adc_in_base
EUW1_7697875342,200,5,5.001216666666667,14308.0,13968.0,RED_BASE,adc_in_base
EUW1_7697876057,200,8,8.004583333333333,13974.0,11192.0,RED_BASE,adc_in_base
EUW1_7697876788,100,6,6.001416666666667,3595.0,811.0,BLUE_BASE,adc_in_base
EUW1_7697876788,200,10,10.0043,13934.0,12094.0,RED_BASE,adc_in_base
EUW1_7697876788,200,11,11.004516666666667,10549.0,3083.0,BOT_SIDE_NEAR,adc_dead_with_xy
EUW1_7697877417,200,6,6.003316666666667,10441.0,2909.0,BOT_SIDE_NEAR,adc_dead_with_xy
EUW1_7697877538,200,8,8.001883333333334,14106.0,4982.0,BOT_LANE_CORE,adc_dead_with_xy
EUW1_7697878044,100,10,10.004966666666666,2373.0,685.0,BLUE_BASE,adc_in_base
EUW1_7697878529,100,6,6.00265,13442.0,2027.0,BOT_LANE_CORE,adc_dead_with_xy
EUW1_7697878529,200,6,6.00265,14243.0,12449.0,RED_BASE,adc_in_base
EUW1_7697878648,100,9,9.004266666666666,1299.0,987.0,BLUE_BASE,adc_in_base
EUW1_7697878733,100,7,7.00375,394.0,461.0,BLUE_BASE,adc_in_base
EUW1_7697878733,200,10,10.004316666666666,14260.0,13898.0,RED_BASE,adc_in_base
EUW1_7697879359,100,10,10.004033333333334,1115.0,603.0,BLUE_BASE,adc_in_base
EUW1_7697879359,200,8,8.003433333333334,13896.0,11186.0,RED_BASE,adc_in_base
EUW1_7697879809,100,8,8.004433333333333,2052.0,650.0,BLUE_BASE,adc_in_base
EUW1_7697880471,100,9,9.003316666666667,3437.0,733.0,BLUE_BASE,adc_in_base
EUW1_7697880471,200,6,6.0027333333333335,10744.0,903.0,BOT_LANE_CORE,adc_dead_with_xy
EUW1_7697880471,200,10,10.003833333333333,11702.0,1330.0,BOT_LANE_CORE,adc_dead_with_xy
EUW1_7697881621,200,10,10.003483333333334,14204.0,13967.0,RED_BASE,adc_in_base
EUW1_7697881941,100,7,7.00315,460.0,463.0,BLUE_BASE,adc_in_base
EUW1_7697881941,100,11,11.004216666666666,1196.0,536.0,BLUE_BASE,adc_in_base
EUW1_7697882386,200,6,6.001166666666666,12721.0,2390.0,BOT_LANE_CORE,adc_dead_with_xy
EUW1_7697882386,200,11,11.004083333333334,13597.0,3987.0,BOT_LANE_CORE,adc_dead_with_xy
EUW1_7697883612,200,8,8.00365,13910.0,11077.0,RED_BASE,adc_in_base
EUW1_7697883612,200,11,11.004633333333333,13149.0,3011.0,BOT_LANE_CORE,adc_dead_with_xy
EUW1_7697883648,100,10,10.001666666666667,10662.0,910.0,BOT_LANE_CORE,adc_dead_with_xy
EUW1_7697883767,100,5,5.0033666666666665,394.0,461.0,BLUE_BASE,adc_in_base
EUW1_7697883767,200,10,10.00445,14328.0,14206.0,RED_BASE,adc_in_base
EUW1_7697884856,200,7,7.003516666666667,14260.0,14091.0,RED_BASE,adc_in_base
EUW1_7697885295,200,6,6.003416666666666,14286.0,13320.0,RED_BASE,adc_in_base
EUW1_7697885691,100,8,8.003533333333333,3536.0,814.0,BLUE_BASE,adc_in_base
EUW1_7697885691,100,10,10.004233333333334,10797.0,1455.0,BOT_LANE_CORE,adc_dead_with_xy
EUW1_7697886986,200,11,11.004116666666667,13379.0,3111.0,BOT_LANE_CORE,adc_dead_with_xy
EUW1_7697887826,100,7,7.003516666666667,3035.0,844.0,BLUE_BASE,adc_in_base
EUW1_7697888897,200,5,5.0029,14244.0,13492.0,RED_BASE,adc_in_base
EUW1_7697888897,200,6,6.002966666666667,11029.0,1889.0,BOT_LANE_CORE,adc_dead_with_xy
EUW1_7697888897,200,8,8.003883333333333,14217.0,13350.0,RED_BASE,adc_in_base
EUW1_7697888906,100,11,11.005166666666666,10360.0,891.0,BOT_LANE_CORE,adc_dead_with_xy
EUW1_7697889452,100,11,11.00445,13221.0,3153.0,BOT_LANE_CORE,adc_dead_with_xy
EUW1_7697889452,200,10,10.004083333333334,14199.0,12917.0,RED_BASE,adc_in_base
EUW1_7697889527,200,6,6.001333333333333,14302.0,13933.0,RED_BASE,adc_in_base
EUW1_7697889527,200,11,11.0045,14222.0,13269.0,RED_BASE,adc_in_base
EUW1_7697889533,200,9,9.00215,14045.0,12425.0,RED_BASE,adc_in_base
EUW1_7697889533,200,10,10.0025,11870.0,3257.0,BOT_SIDE_NEAR,adc_dead_with_xy
EUW1_7697889869,100,9,9.003766666666667,2978.0,735.0,BLUE_BASE,adc_in_base
EUW1_7697890929,100,9,9.00385,665.0,535.0,BLUE_BASE,adc_in_base
EUW1_7697891842,100,7,7.003983333333333,10548.0,5141.0,DRAGON_AREA,adc_dead_with_xy
EUW1_7697891842,100,9,9.004466666666668,1659.0,574.0,BLUE_BASE,adc_in_base
EUW1_7697892663,100,6,6.003116666666667,1774.0,594.0,BLUE_BASE,adc_in_base
EUW1_7697892663,100,10,10.004133333333334,9810.0,832.0,BOT_LANE_CORE,adc_dead_with_xy
EUW1_7697892663,200,10,10.004133333333334,11705.0,1612.0,BOT_LANE_CORE,adc_dead_with_xy
EUW1_7697892868,100,6,6.002966666666667,464.0,467.0,BLUE_BASE,adc_in_base
EUW1_7697892918,100,6,6.003933333333333,2424.0,628.0,BLUE_BASE,adc_in_base
EUW1_7697892918,200,11,11.005416666666667,14079.0,11350.0,RED_BASE,adc_in_base
EUW1_7697893657,100,8,8.003816666666667,1661.0,583.0,BLUE_BASE,adc_in_base
EUW1_7697893657,100,11,11.0043,10787.0,1243.0,BOT_LANE_CORE,adc_dead_with_xy
EUW1_7697893893,200,9,9.004266666666666,13795.0,3784.0,BOT_LANE_CORE,adc_dead_with_xy
EUW1_7697893916,100,6,6.003566666666667,12606.0,4232.0,BOT_SIDE_NEAR,adc_dead_with_xy
EUW1_7697893916,200,11,11.005383333333333,13634.0,4634.0,BOT_LANE_CORE,adc_dead_with_xy
EUW1_7697894906,100,9,9.003416666666666,844.0,441.0,BLUE_BASE,adc_in_base
EUW1_7697895287,200,6,6.0031,14058.0,4708.0,BOT_LANE_CORE,adc_dead_with_xy
EUW1_7697895941,100,11,11.003916666666667,701.0,822.0,BLUE_BASE,adc_in_base
EUW1_7697897232,100,10,10.004516666666667,3169.0,862.0,BLUE_BASE,adc_in_base
EUW1_7697898343,200,10,10.001733333333334,14150.0,12741.0,RED_BASE,adc_in_base
EUW1_7697898450,100,7,7.001283333333333,3330.0,929.0,BLUE_BASE,adc_in_base
EUW1_7697898450,100,9,9.001683333333334,8610.0,818.0,BOT_LANE_CORE,adc_dead_with_xy
EUW1_7697898880,100,7,7.002516666666667,10168.0,906.0,BOT_LANE_CORE,adc_dead_with_xy
EUW1_7697898880,100,11,11.003566666666666,1266.0,553.0,BLUE_BASE,adc_in_base
EUW1_7697898880,200,5,5.002233333333334,14219.0,11177.0,RED_BASE,adc_in_base
EUW1_7697899065,100,5,5.003183333333333,11054.0,914.0,BOT_LANE_CORE,adc_dead_with_xy
EUW1_7697899065,200,5,5.003183333333333,13977.0,12561.0,RED_BASE,adc_in_base
EUW1_7697899065,200,9,9.004566666666667,14155.0,13437.0,RED_BASE,adc_in_base
EUW1_7697899398,100,5,5.00295,2932.0,733.0,BLUE_BASE,adc_in_base
EUW1_7697899398,100,9,9.003983333333334,2996.0,789.0,BLUE_BASE,adc_in_base
EUW1_7697899398,200,11,11.00425,14191.0,12705.0,RED_BASE,adc_in_base
EUW1_7697899539,100,6,6.003066666666666,2663.0,797.0,BLUE_BASE,adc_in_base
EUW1_7697899539,100,7,7.003383333333334,990.0,479.0,BLUE_BASE,adc_in_base
EUW1_7697899539,100,8,8.003833333333333,858.0,440.0,BLUE_BASE,adc_in_base
EUW1_7697899539,200,11,11.004916666666666,13953.0,11074.0,RED_BASE,adc_in_base
EUW1_7697899633,100,5,5.0008,3464.0,835.0,BLUE_BASE,adc_in_base
EUW1_7697899633,100,6,6.0011833333333335,2003.0,634.0,BLUE_BASE,adc_in_base
EUW1_7697899633,200,5,5.0008,13917.0,11261.0,RED_BASE,adc_in_base
EUW1_7697899633,200,6,6.0011833333333335,14169.0,12428.0,RED_BASE,adc_in_base
EUW1_7697900043,200,9,9.005033333333333,13937.0,5177.0,BOT_LANE_CORE,adc_dead_with_xy
EUW1_7697900535,200,5,5.00315,14187.0,12908.0,RED_BASE,adc_in_base
EUW1_7697900609,200,10,10.004533333333333,14340.0,14391.0,RED_BASE,adc_in_base
EUW1_7697901056,100,9,9.003733333333333,921.0,574.0,BLUE_BASE,adc_in_base
EUW1_7697901056,200,6,6.00295,12909.0,3107.0,BOT_LANE_CORE,adc_dead_with_xy
EUW1_7697901205,200,6,6.0034,14340.0,14391.0,RED_BASE,adc_in_base
EUW1_7697901205,200,11,11.004816666666667,12791.0,1382.0,BOT_LANE_CORE,adc_dead_with_xy
EUW1_7697901304,200,7,7.002066666666667,14218.0,13961.0,RED_BASE,adc_in_base
EUW1_7697901304,200,8,8.002283333333333,13696.0,11080.0,RED_BASE,adc_in_base
EUW1_7697902919,100,7,7.003033333333334,2871.0,695.0,BLUE_BASE,adc_in_base
EUW1_7697903850,100,6,6.0033666666666665,980.0,259.0,BLUE_BASE,adc_in_base
EUW1_7697903850,100,9,9.004483333333333,9181.0,5812.0,RIVER_BOT,adc_dead_with_xy
EUW1_7697904003,200,8,8.003633333333333,13877.0,3847.0,BOT_LANE_CORE,adc_dead_with_xy
EUW1_7697904003,200,11,11.005116666666666,8724.0,7892.0,MID_LANE,adc_dead_with_xy
EUW1_7697904565,100,5,5.0029,2724.0,702.0,BLUE_BASE,adc_in_base
EUW1_7697904740,100,9,9.00365,1548.0,615.0,BLUE_BASE,adc_in_base
EUW1_7697904798,100,6,6.003383333333334,3008.0,785.0,BLUE_BASE,adc_in_base
EUW1_7697905554,200,6,6.00315,14178.0,12362.0,RED_BASE,adc_in_base
EUW1_7697905554,200,11,11.005116666666666,13657.0,4811.0,BOT_LANE_CORE,adc_dead_with_xy
EUW1_7697905556,200,5,5.002966666666667,11789.0,1375.0,BOT_LANE_CORE,adc_dead_with_xy
EUW1_7697905556,200,8,8.003533333333333,13873.0,5337.0,BOT_LANE_CORE,adc_dead_with_xy
EUW1_7697905710,100,8,8.004033333333334,2654.0,780.0,BLUE_BASE,adc_in_base
EUW1_7697905710,200,11,11.005,14018.0,12770.0,RED_BASE,adc_in_base
EUW1_7697906234,200,11,11.004316666666666,14078.0,12778.0,RED_BASE,adc_in_base
EUW1_7697906745,200,6,6.003333333333333,14214.0,13649.0,RED_BASE,adc_in_base
EUW1_7697906745,200,7,7.003583333333333,13576.0,11597.0,RED_BASE,adc_in_base
EUW1_7697907361,200,6,6.003216666666667,11943.0,2448.0,BOT_LANE_CORE,adc_dead_with_xy
EUW1_7697907361,200,9,9.004033333333334,14241.0,13174.0,RED_BASE,adc_in_base
EUW1_7697907886,200,11,11.003866666666667,13998.0,12064.0,RED_BASE,adc_in_base
EUW1_7697908781,100,6,6.003383333333334,2287.0,659.0,BLUE_BASE,adc_in_base
EUW1_7697908861,100,8,8.001333333333333,3415.0,861.0,BLUE_BASE,adc_in_base
EUW1_7697911187,100,8,8.004316666666666,2651.0,666.0,BLUE_BASE,adc_in_base
EUW1_7697911187,100,9,9.004866666666667,13750.0,3957.0,BOT_LANE_CORE,adc_dead_with_xy
EUW1_7697911187,200,9,9.004866666666667,12348.0,12401.0,RED_BASE,adc_in_base
EUW1_7697912837,100,10,10.005283333333333,394.0,461.0,BLUE_BASE,adc_in_base
EUW1_7697912974,200,5,5.0033666666666665,10625.0,1810.0,BOT_LANE_CORE,adc_dead_with_xy
EUW1_7697912974,200,7,7.004166666666666,7048.0,6546.0,MID_LANE,adc_dead_with_xy
EUW1_7697913259,100,9,9.004316666666666,11504.0,1244.0,BOT_LANE_CORE,adc_dead_with_xy
EUW1_7697913836,100,11,11.003933333333332,531.0,483.0,BLUE_BASE,adc_in_base
EUW1_7697914116,100,9,9.0048,1727.0,632.0,BLUE_BASE,adc_in_base
EUW1_7697914116,200,6,6.003866666666666,14080.0,12307.0,RED_BASE,adc_in_base
EUW1_7697914554,100,5,5.0032,1041.0,517.0,BLUE_BASE,adc_in_base
EUW1_7697914554,100,8,8.003666666666666,12189.0,3193.0,BOT_SIDE_NEAR,adc_dead_with_xy
EUW1_7697914554,100,9,9.003683333333333,12856.0,1925.0,BOT_LANE_CORE,adc_dead_with_xy
EUW1_7697914811,200,5,5.0034833333333335,14209.0,13254.0,RED_BASE,adc_in_base
EUW1_7697915293,100,9,9.004283333333333,10348.0,1588.0,BOT_LANE_CORE,adc_dead_with_xy
EUW1_7697916192,100,7,7.004066666666667,3701.0,761.0,BLUE_BASE,adc_in_base
EUW1_7697916192,100,9,9.004933333333334,12418.0,2446.0,BOT_LANE_CORE,adc_dead_with_xy
EUW1_7697916769,200,8,8.0046,14340.0,14391.0,RED_BASE,adc_in_base
EUW1_7697918750,100,11,11.00425,871.0,615.0,BLUE_BASE,adc_in_base
EUW1_7697918750,200,9,9.00375,14062.0,4228.0,BOT_LANE_CORE,adc_dead_with_xy
EUW1_7697919554,100,8,8.003566666666666,3143.0,774.0,BLUE_BASE,adc_in_base
EUW1_7697921162,200,10,10.0047,14284.0,14122.0,RED_BASE,adc_in_base
EUW1_7697921204,200,9,9.0045,14064.0,11181.0,RED_BASE,adc_in_base
EUW1_7697921466,100,8,8.00335,10235.0,1037.0,BOT_LANE_CORE,adc_dead_with_xy
EUW1_7697921601,200,9,9.0039,14208.0,13253.0,RED_BASE,adc_in_base
EUW1_7697921928,100,8,8.002283333333333,13008.0,2175.0,BOT_LANE_CORE,adc_dead_with_xy
EUW1_7697921928,200,8,8.002283333333333,13237.0,2279.0,BOT_LANE_CORE,adc_dead_with_xy
EUW1_7697922275,100,8,8.003866666666667,885.0,581.0,BLUE_BASE,adc_in_base
EUW1_7697922275,200,5,5.0027,14212.0,13173.0,RED_BASE,adc_in_base
EUW1_7697923797,100,11,11.004383333333333,12256.0,4519.0,BOT_SIDE_NEAR,adc_dead_with_xy
EUW1_7697924241,200,10,10.00325,14089.0,13404.0,RED_BASE,adc_in_base
EUW1_7697925343,100,9,9.0042,11571.0,3217.0,BOT_SIDE_NEAR,adc_dead_with_xy
EUW1_7697925343,100,10,10.004733333333334,13949.0,5341.0,BOT_LANE_CORE,adc_dead_with_xy
EUW1_7697926524,200,10,10.00365,14226.0,12677.0,RED_BASE,adc_in_base
EUW1_7697927582,100,10,10.004216666666666,3565.0,800.0,BLUE_BASE,adc_in_base
EUW1_7697927743,200,10,10.004583333333333,11191.0,1885.0,BOT_LANE_CORE,adc_dead_with_xy
EUW1_7697927793,100,7,7.003683333333333,578.0,520.0,BLUE_BASE,adc_in_base
EUW1_7697929009,100,11,11.004566666666667,10800.0,1228.0,BOT_LANE_CORE,adc_dead_with_xy
EUW1_7697929009,200,10,10.004066666666667,14016.0,12241.0,RED_BASE,adc_in_base
EUW1_7697929033,100,11,11.0034,974.0,358.0,BLUE_BASE,adc_in_base
EUW1_7697929033,200,11,11.0034,14320.0,14003.0,RED_BASE,adc_in_base
EUW1_7697929243,200,6,6.0034,14256.0,13475.0,RED_BASE,adc_in_base
EUW1_7697929740,100,11,11.00455,13501.0,2691.0,BOT_LANE_CORE,adc_dead_with_xy
EUW1_7697929740,200,6,6.003383333333334,14056.0,12460.0,RED_BASE,adc_in_base
EUW1_7697929740,200,9,9.00405,12096.0,2158.0,BOT_LANE_CORE,adc_dead_with_xy
EUW1_7697929740,200,11,11.00455,13301.0,3251.0,BOT_LANE_CORE,adc_dead_with_xy
EUW1_7697929921,100,9,9.0047,10611.0,895.0,BOT_LANE_CORE,adc_dead_with_xy
EUW1_7697930104,100,7,7.0033666666666665,1955.0,589.0,BLUE_BASE,adc_in_base
EUW1_7697930104,200,5,5.00305,14330.0,14290.0,RED_BASE,adc_in_base
EUW1_7697930651,200,8,8.0039,11835.0,6781.0,RED_BOT_JUNGLE,adc_dead_with_xy
EUW1_7697931180,200,8,8.003833333333333,13370.0,2839.0,BOT_LANE_CORE,adc_dead_with_xy
EUW1_7697931180,200,11,11.004433333333333,14205.0,13807.0,RED_BASE,adc_in_base
EUW1_7697934675,100,7,7.00385,10608.0,1523.0,BOT_LANE_CORE,adc_dead_with_xy
EUW1_7697935218,200,6,6.0034,11980.0,3943.0,BOT_SIDE_NEAR,adc_dead_with_xy
EUW1_7697935218,200,7,7.003516666666667,14040.0,10977.0,RED_BASE,adc_in_base
EUW1_7697935549,100,11,11.005033333333333,12166.0,3348.0,BOT_SIDE_NEAR,adc_dead_with_xy
EUW1_7697936197,200,5,5.003,12011.0,3827.0,BOT_SIDE_NEAR,adc_dead_with_xy
EUW1_7697936355,100,6,6.00385,574.0,509.0,BLUE_BASE,adc_in_base
EUW1_7697936478,100,9,9.004,6541.0,4842.0,BLUE_BOT_JUNGLE,adc_dead_with_xy
EUW1_7697936705,100,11,11.004183333333334,1579.0,539.0,BLUE_BASE,adc_in_base
EUW1_7697936705,200,7,7.003133333333333,14040.0,12171.0,RED_BASE,adc_in_base
EUW1_7697936705,200,10,10.00395,14060.0,5224.0,BOT_LANE_CORE,adc_dead_with_xy
EUW1_7697936796,200,7,7.000966666666667,12020.0,1359.0,BOT_LANE_CORE,adc_dead_with_xy
EUW1_7697936796,200,9,9.003816666666667,11713.0,2298.0,BOT_SIDE_NEAR,adc_dead_with_xy
EUW1_7697937067,100,6,6.0033,394.0,461.0,BLUE_BASE,adc_in_base
EUW1_7697937067,200,11,11.004216666666666,11750.0,5323.0,BOT_SIDE_NEAR,adc_dead_with_xy
EUW1_7697937495,100,6,6.0012,10538.0,4734.0,DRAGON_AREA,adc_dead_with_xy
EUW1_7697937726,200,10,10.004233333333334,12717.0,4314.0,BOT_SIDE_NEAR,adc_dead_with_xy
EUW1_7697939082,100,9,9.0034,1296.0,547.0,BLUE_BASE,adc_in_base
EUW1_7697939082,200,7,7.002866666666667,14004.0,11140.0,RED_BASE,adc_in_base
EUW1_7697939082,200,11,11.00375,13960.0,11224.0,RED_BASE,adc_in_base
EUW1_7697939441,200,9,9.0044,14249.0,12965.0,RED_BASE,adc_in_base
EUW1_7697939589,100,6,6.002933333333333,12063.0,3585.0,BOT_SIDE_NEAR,adc_dead_with_xy
EUW1_7697939589,100,11,11.004866666666667,1142.0,661.0,BLUE_BASE,adc_in_base
EUW1_7697939997,100,7,7.00295,11285.0,960.0,BOT_LANE_CORE,adc_dead_with_xy
EUW1_7697939997,200,11,11.003616666666666,14340.0,14391.0,RED_BASE,adc_in_base
EUW1_7697940223,100,10,10.0048,10907.0,1029.0,BOT_LANE_CORE,adc_dead_with_xy
EUW1_7697940223,200,9,9.004616666666667,14096.0,11943.0,RED_BASE,adc_in_base
EUW1_7697940479,100,10,10.003433333333334,9741.0,1051.0,BOT_LANE_CORE,adc_dead_with_xy
EUW1_7697941334,100,8,8.003233333333334,3372.0,676.0,BLUE_BASE,adc_in_base
EUW1_7697941902,100,7,7.001666666666667,3495.0,1497.0,BLUE_BASE,adc_in_base
EUW1_7697941902,200,11,11.00225,14187.0,11859.0,RED_BASE,adc_in_base
EUW1_7697942206,100,8,8.001416666666668,9947.0,837.0,BOT_LANE_CORE,adc_dead_with_xy
EUW1_7697942339,100,6,6.0026,3001.0,772.0,BLUE_BASE,adc_in_base
EUW1_7697942339,100,7,7.00305,9540.0,829.0,BOT_LANE_CORE,adc_dead_with_xy
EUW1_7697942901,100,11,11.005,2682.0,772.0,BLUE_BASE,adc_in_base
EUW1_7697943658,100,8,8.003483333333334,1192.0,560.0,BLUE_BASE,adc_in_base
EUW1_7697943914,200,5,5.0027333333333335,14151.0,11998.0,RED_BASE,adc_in_base
EUW1_7697943914,200,6,6.003233333333333,13999.0,11185.0,RED_BASE,adc_in_base
EUW1_7697943914,200,10,10.00425,14191.0,13796.0,RED_BASE,adc_in_base
EUW1_7697944283,200,8,8.00285,14340.0,14391.0,RED_BASE,adc_in_base
EUW1_7697944411,100,8,8.004233333333334,1670.0,599.0,BLUE_BASE,adc_in_base
EUW1_7697945533,100,7,7.00325,2251.0,596.0,BLUE_BASE,adc_in_base
EUW1_7697946007,100,6,6.002916666666667,829.0,664.0,BLUE_BASE,adc_in_base
EUW1_7697946007,200,10,10.003833333333333,14179.0,14100.0,RED_BASE,adc_in_base
EUW1_7697946216,100,11,11.004066666666667,8409.0,6450.0,RIVER_BOT,adc_dead_with_xy
EUW1_7697948685,100,7,7.001683333333333,12734.0,4154.0,BOT_SIDE_NEAR,adc_dead_with_xy
EUW1_7697948685,200,7,7.001683333333333,14205.0,13241.0,RED_BASE,adc_in_base
EUW1_7697948735,100,6,6.001116666666666,2397.0,694.0,BLUE_BASE,adc_in_base
EUW1_7697948787,100,9,9.004266666666666,12119.0,2247.0,BOT_LANE_CORE,adc_dead_with_xy
EUW1_7697948787,200,10,10.004666666666667,13982.0,4030.0,BOT_LANE_CORE,adc_dead_with_xy
EUW1_7697948787,200,11,11.004816666666667,12772.0,2515.0,BOT_LANE_CORE,adc_dead_with_xy
EUW1_7697949409,100,11,11.005216666666668,1932.0,667.0,BLUE_BASE,adc_in_base
EUW1_7697949425,200,8,8.0042,13054.0,2042.0,BOT_LANE_CORE,adc_dead_with_xy
EUW1_7697951461,200,6,6.001616666666667,14249.0,12128.0,RED_BASE,adc_in_base
EUW1_7697951619,100,8,8.003516666666666,910.0,531.0,BLUE_BASE,adc_in_base
EUW1_7697952889,100,11,11.004566666666667,3225.0,783.0,BLUE_BASE,adc_in_base
EUW1_7697953049,100,10,10.00445,3235.0,760.0,BLUE_BASE,adc_in_base
EUW1_7697953642,200,9,9.001533333333333,14124.0,12528.0,RED_BASE,adc_in_base
EUW1_7697953642,200,11,11.00195,14123.0,12737.0,RED_BASE,adc_in_base
EUW1_7697954487,100,11,11.005316666666667,2585.0,777.0,BLUE_BASE,adc_in_base
EUW1_7697954487,200,10,10.005183333333333,13991.0,4168.0,BOT_LANE_CORE,adc_dead_with_xy
EUW1_7697954753,200,9,9.004116666666667,14271.0,13866.0,RED_BASE,adc_in_base
EUW1_7697954804,100,6,6.003133333333333,11018.0,1670.0,BOT_LANE_CORE,adc_dead_with_xy
EUW1_7697955467,100,11,11.004183333333334,1312.0,547.0,BLUE_BASE,adc_in_base
EUW1_7697955467,200,7,7.003616666666667,13526.0,11919.0,RED_BASE,adc_in_base
EUW1_7697956224,100,7,7.0033,394.0,461.0,BLUE_BASE,adc_in_base
EUW1_7697956669,200,8,8.0041,10727.0,2238.0,BOT_SIDE_NEAR,adc_dead_with_xy
EUW1_7697956979,200,5,5.002816666666667,13669.0,4525.0,BOT_LANE_CORE,adc_dead_with_xy
EUW1_7697956979,200,7,7.0034,13184.0,3509.0,BOT_LANE_CORE,adc_dead_with_xy
EUW1_7697956979,200,11,11.004416666666666,13620.0,1438.0,BOT_LANE_CORE,adc_dead_with_xy
EUW1_7697958786,100,7,7.0033,940.0,558.0,BLUE_BASE,adc_in_base
EUW1_7697958786,200,5,5.003133333333333,14016.0,4475.0,BOT_LANE_CORE,adc_dead_with_xy
EUW1_7697959012,200,11,11.00495,12071.0,2338.0,BOT_LANE_CORE,adc_dead_with_xy
EUW1_7697959574,100,8,8.00435,411.0,466.0,BLUE_BASE,adc_in_base
EUW1_7697959574,100,11,11.0047,2217.0,666.0,BLUE_BASE,adc_in_base
EUW1_7697960807,100,5,5.0034,394.0,461.0,BLUE_BASE,adc_in_base
EUW1_7697960807,200,10,10.00475,13984.0,5158.0,BOT_LANE_CORE,adc_dead_with_xy
EUW1_7697960874,100,11,11.00545,2713.0,769.0,BLUE_BASE,adc_in_base
EUW1_7697960874,200,9,9.005066666666666,14157.0,12251.0,RED_BASE,adc_in_base
EUW1_7697961204,200,11,11.004666666666667,12980.0,2067.0,BOT_LANE_CORE,adc_dead_with_xy
EUW1_7697961500,100,7,7.002983333333333,1737.0,678.0,BLUE_BASE,adc_in_base
EUW1_7697961598,100,11,11.004483333333333,3166.0,718.0,BLUE_BASE,adc_in_base
EUW1_7697961636,100,10,10.003533333333333,1108.0,521.0,BLUE_BASE,adc_in_base
EUW1_7697962099,100,10,10.0033,699.0,512.0,BLUE_BASE,adc_in_base
EUW1_7697962155,100,5,5.003433333333334,2493.0,711.0,BLUE_BASE,adc_in_base
EUW1_7697962155,200,6,6.00395,14234.0,13440.0,RED_BASE,adc_in_base
EUW1_7697962358,100,5,5.0028,2385.0,769.0,BLUE_BASE,adc_in_base
EUW1_7697962358,100,10,10.004416666666666,11455.0,1212.0,BOT_LANE_CORE,adc_dead_with_xy
EUW1_7697962456,200,9,9.004383333333333,14074.0,11522.0,RED_BASE,adc_in_base
EUW1_7697962487,100,7,7.0029,2718.0,829.0,BLUE_BASE,adc_in_base
EUW1_7697962487,100,9,9.00365,11492.0,1710.0,BOT_LANE_CORE,adc_dead_with_xy
EUW1_7697962487,200,9,9.00365,13579.0,4895.0,BOT_LANE_CORE,adc_dead_with_xy
EUW1_7697962487,200,11,11.003966666666667,14061.0,11549.0,RED_BASE,adc_in_base
EUW1_7697962794,100,11,11.004266666666666,1912.0,1476.0,BLUE_BASE,adc_in_base
EUW1_7697962854,100,8,8.003316666666667,3015.0,745.0,BLUE_BASE,adc_in_base
EUW1_7697962854,100,11,11.00435,2709.0,716.0,BLUE_BASE,adc_in_base
EUW1_7697962854,200,6,6.0027,14122.0,12820.0,RED_BASE,adc_in_base
EUW1_7697963074,100,11,11.005283333333333,10653.0,2273.0,BOT_SIDE_NEAR,adc_dead_with_xy
EUW1_7697963493,100,10,10.004966666666666,10389.0,909.0,BOT_LANE_CORE,adc_dead_with_xy
EUW1_7697963493,200,6,6.003233333333333,13365.0,1475.0,BOT_LANE_CORE,adc_dead_with_xy
EUW1_7697963493,200,9,9.0044,14171.0,11789.0,RED_BASE,adc_in_base
EUW1_7697963493,200,11,11.0055,12071.0,1206.0,BOT_LANE_CORE,adc_dead_with_xy
EUW1_7697963524,200,6,6.003233333333333,13570.0,2848.0,BOT_LANE_CORE,adc_dead_with_xy
EUW1_7697963630,100,8,8.003466666666666,10395.0,824.0,BOT_LANE_CORE,adc_dead_with_xy
EUW1_7697964037,100,5,5.001116666666666,394.0,461.0,BLUE_BASE,adc_in_base
EUW1_7697964037,100,9,9.0024,2013.0,690.0,BLUE_BASE,adc_in_base
EUW1_7697964037,200,5,5.001116666666666,14340.0,14391.0,RED_BASE,adc_in_base
EUW1_7697964037,200,6,6.00145,12346.0,3041.0,BOT_SIDE_NEAR,adc_dead_with_xy
EUW1_7697964160,100,7,7.00325,2659.0,630.0,BLUE_BASE,adc_in_base
EUW1_7697964312,100,8,8.0032,587.0,518.0,BLUE_BASE,adc_in_base
EUW1_7697964717,200,6,6.001166666666666,14328.0,13798.0,RED_BASE,adc_in_base
EUW1_7697965334,100,10,10.004883333333334,1296.0,541.0,BLUE_BASE,adc_in_base
EUW1_7697965334,200,5,5.0033666666666665,14340.0,14391.0,RED_BASE,adc_in_base
EUW1_7697965334,200,7,7.003516666666667,14271.0,14478.0,RED_BASE,adc_in_base
EUW1_7697966255,200,10,10.003516666666666,13996.0,5022.0,BOT_LANE_CORE,adc_dead_with_xy
EUW1_7697967259,100,10,10.004916666666666,2170.0,627.0,BLUE_BASE,adc_in_base
EUW1_7697967909,100,6,6.002983333333333,11925.0,1772.0,BOT_LANE_CORE,adc_dead_with_xy
EUW1_7697967909,200,6,6.002983333333333,12492.0,1546.0,BOT_LANE_CORE,adc_dead_with_xy
EUW1_7697968291,200,10,10.004916666666666,14048.0,11499.0,RED_BASE,adc_in_base
EUW1_7697969305,100,8,8.0034,12447.0,1247.0,BOT_LANE_CORE,adc_dead_with_xy
EUW1_7697970997,100,6,6.00285,394.0,461.0,BLUE_BASE,adc_in_base
EUW1_7697970997,200,6,6.00285,14063.0,11483.0,RED_BASE,adc_in_base
EUW1_7697970997,200,10,10.004483333333333,10702.0,2505.0,BOT_SIDE_NEAR,adc_dead_with_xy
EUW1_7697971240,100,8,8.00385,1342.0,594.0,BLUE_BASE,adc_in_base
EUW1_7697971507,100,7,7.003233333333333,921.0,609.0,BLUE_BASE,adc_in_base
EUW1_7697971507,100,11,11.004733333333334,10187.0,1114.0,BOT_LANE_CORE,adc_dead_with_xy
EUW1_7697971507,200,7,7.003233333333333,14182.0,14098.0,RED_BASE,adc_in_base
EUW1_7697971921,100,10,10.004516666666667,635.0,472.0,BLUE_BASE,adc_in_base
EUW1_7697971921,200,7,7.003933333333333,13919.0,11526.0,RED_BASE,adc_in_base
EUW1_7697972908,200,5,5.00285,14041.0,11814.0,RED_BASE,adc_in_base
EUW1_7697974152,200,5,5.00315,14340.0,14391.0,RED_BASE,adc_in_base
EUW1_7697974493,100,9,9.003716666666667,3422.0,744.0,BLUE_BASE,adc_in_base
EUW1_7697975363,100,9,9.00405,13038.0,3528.0,BOT_LANE_CORE,adc_dead_with_xy
EUW1_7697975363,200,9,9.00405,14072.0,4500.0,BOT_LANE_CORE,adc_dead_with_xy
EUW1_7697975833,200,10,10.0048,14154.0,11879.0,RED_BASE,adc_in_base
EUW1_7697976755,100,7,7.003833333333334,750.0,513.0,BLUE_BASE,adc_in_base
EUW1_7697977270,200,8,8.003466666666666,13291.0,2802.0,BOT_LANE_CORE,adc_dead_with_xy
EUW1_7697977270,200,11,11.004316666666666,12015.0,4352.0,BOT_SIDE_NEAR,adc_dead_with_xy
EUW1_7697977380,100,9,9.003466666666666,2897.0,798.0,BLUE_BASE,adc_in_base
EUW1_7697977380,200,6,6.003233333333333,13943.0,10976.0,RED_BASE,adc_in_base
EUW1_7697978150,100,5,5.00255,13312.0,3583.0,BOT_LANE_CORE,adc_dead_with_xy
EUW1_7697978150,100,7,7.002816666666667,12537.0,1557.0,BOT_LANE_CORE,adc_dead_with_xy
EUW1_7697978150,200,11,11.00395,13644.0,4697.0,BOT_LANE_CORE,adc_dead_with_xy
EUW1_7697978193,100,8,8.004433333333333,10651.0,2619.0,BOT_SIDE_NEAR,adc_dead_with_xy
EUW1_7697978193,100,11,11.004966666666666,13071.0,3798.0,BOT_LANE_CORE,adc_dead_with_xy
EUW1_7697978193,200,11,11.004966666666666,13625.0,3689.0,BOT_LANE_CORE,adc_dead_with_xy
EUW1_7697978456,100,7,7.003916666666667,13194.0,3740.0,BOT_LANE_CORE,adc_dead_with_xy
EUW1_7697979407,200,6,6.002816666666667,13527.0,12964.0,RED_BASE,adc_in_base
EUW1_7697979407,200,11,11.003766666666667,13119.0,1153.0,BOT_LANE_CORE,adc_dead_with_xy
EUW1_7697979815,100,6,6.001283333333333,1376.0,593.0,BLUE_BASE,adc_in_base
EUW1_7697979815,200,8,8.001883333333334,14281.0,14197.0,RED_BASE,adc_in_base
EUW1_7697979815,200,11,11.004416666666666,14340.0,14391.0,RED_BASE,adc_in_base
EUW1_7697980268,200,6,6.0038833333333335,13179.0,3682.0,BOT_LANE_CORE,adc_dead_with_xy
EUW1_7697980268,200,11,11.005366666666667,14340.0,14391.0,RED_BASE,adc_in_base
EUW1_7697981266,200,5,5.003116666666667,14340.0,14391.0,RED_BASE,adc_in_base
EUW1_7697981842,200,6,6.0014666666666665,13650.0,2717.0,BOT_LANE_CORE,adc_dead_with_xy
EUW1_7697982914,200,5,5.001033333333333,13500.0,2294.0,BOT_LANE_CORE,adc_dead_with_xy
EUW1_7697982914,200,8,8.001566666666667,13137.0,3416.0,BOT_LANE_CORE,adc_dead_with_xy
EUW1_7697982914,200,9,9.003333333333334,10965.0,1233.0,BOT_LANE_CORE,adc_dead_with_xy
EUW1_7697983826,100,9,9.001783333333334,1693.0,578.0,BLUE_BASE,adc_in_base
EUW1_7697984872,100,6,6.003216666666667,13362.0,4885.0,BOT_LANE_CORE,adc_dead_with_xy
EUW1_7697984872,100,7,7.0036,13388.0,3661.0,BOT_LANE_CORE,adc_dead_with_xy
EUW1_7697986054,200,8,8.0041,14147.0,11783.0,RED_BASE,adc_in_base
EUW1_7697986180,100,8,8.0015,882.0,555.0,BLUE_BASE,adc_in_base
EUW1_7697986180,200,6,6.001166666666666,13990.0,11344.0,RED_BASE,adc_in_base
EUW1_7697986888,200,10,10.003733333333333,14248.0,13617.0,RED_BASE,adc_in_base
EUW1_7697987344,200,5,5.002716666666666,13432.0,1628.0,BOT_LANE_CORE,adc_dead_with_xy
EUW1_7697987344,200,8,8.003566666666666,14265.0,13091.0,RED_BASE,adc_in_base
EUW1_7697987358,200,9,9.003966666666667,14351.0,14141.0,RED_BASE,adc_in_base
EUW1_7697988800,200,5,5.0023333333333335,14086.0,11830.0,RED_BASE,adc_in_base
EUW1_7697989380,100,5,5.002883333333333,1965.0,616.0,BLUE_BASE,adc_in_base
EUW1_7697989380,200,7,7.0031,14124.0,12939.0,RED_BASE,adc_in_base
EUW1_7697989668,100,8,8.004733333333334,12736.0,1365.0,BOT_LANE_CORE,adc_dead_with_xy
EUW1_7697989668,100,11,11.0051,3527.0,792.0,BLUE_BASE,adc_in_base
EUW1_7697989668,200,7,7.004466666666667,14044.0,11835.0,RED_BASE,adc_in_base
EUW1_7697989818,100,8,8.003716666666667,817.0,555.0,BLUE_BASE,adc_in_base
EUW1_7697989818,200,9,9.0042,14080.0,13041.0,RED_BASE,adc_in_base
EUW1_7697990517,100,8,8.003683333333333,10250.0,849.0,BOT_LANE_CORE,adc_dead_with_xy
EUW1_7697990517,100,11,11.004333333333333,2936.0,656.0,BLUE_BASE,adc_in_base
EUW1_7697990517,200,10,10.0041,11792.0,2140.0,BOT_LANE_CORE,adc_dead_with_xy
EUW1_7697990714,100,10,10.003466666666666,994.0,507.0,BLUE_BASE,adc_in_base
EUW1_7697991153,100,10,10.0041,3096.0,859.0,BLUE_BASE,adc_in_base
EUW1_7697991372,100,9,9.004133333333334,10356.0,2937.0,BOT_SIDE_NEAR,adc_dead_with_xy
EUW1_7697993059,200,7,7.003533333333333,14251.0,13665.0,RED_BASE,adc_in_base
EUW1_7697993059,200,9,9.003966666666667,13388.0,4438.0,BOT_LANE_CORE,adc_dead_with_xy
EUW1_7697993353,100,9,9.004733333333334,12916.0,2431.0,BOT_LANE_CORE,adc_dead_with_xy
EUW1_7697993917,100,11,11.005866666666666,11438.0,1621.0,BOT_LANE_CORE,adc_dead_with_xy
EUW1_7697993917,200,6,6.0044,10463.0,1664.0,BOT_LANE_CORE,adc_dead_with_xy
EUW1_7697993917,200,11,11.005866666666666,12613.0,1319.0,BOT_LANE_CORE,adc_dead_with_xy
EUW1_7697994528,100,8,8.0042,1224.0,689.0,BLUE_BASE,adc_in_base
EUW1_7697994642,100,11,11.00345,13007.0,3000.0,BOT_LANE_CORE,adc_dead_with_xy
EUW1_7697995225,100,9,9.001966666666666,475.0,468.0,BLUE_BASE,adc_in_base
EUW1_7697995225,200,9,9.001966666666666,13878.0,11578.0,RED_BASE,adc_in_base
EUW1_7697995740,200,9,9.003366666666667,13998.0,4020.0,BOT_LANE_CORE,adc_dead_with_xy
EUW1_7697996750,200,6,6.001433333333333,12916.0,1975.0,BOT_LANE_CORE,adc_dead_with_xy
EUW1_7697996939,100,9,9.0039,394.0,461.0,BLUE_BASE,adc_in_base
EUW1_7697996939,200,6,6.003216666666667,14334.0,13706.0,RED_BASE,adc_in_base
EUW1_7697997262,200,8,8.003816666666667,14184.0,12559.0,RED_BASE,adc_in_base
EUW1_7697998049,100,11,11.005066666666666,2521.0,815.0,BLUE_BASE,adc_in_base
EUW1_7697998285,100,9,9.004566666666667,11095.0,3324.0,BOT_SIDE_NEAR,adc_dead_with_xy
EUW1_7697998285,100,11,11.005016666666666,1046.0,488.0,BLUE_BASE,adc_in_base
EUW1_7697998285,200,9,9.004566666666667,14340.0,14391.0,RED_BASE,adc_in_base
EUW1_7697998409,200,5,5.0007,13536.0,3974.0,BOT_LANE_CORE,adc_dead_with_xy
EUW1_7697998409,200,11,11.004533333333333,11921.0,1366.0,BOT_LANE_CORE,adc_dead_with_xy
EUW1_7697999628,200,7,7.0038,14245.0,13744.0,RED_BASE,adc_in_base
EUW1_7698000457,100,11,11.004183333333334,9993.0,816.0,BOT_LANE_CORE,adc_dead_with_xy
EUW1_7698000667,100,9,9.004516666666667,12500.0,1504.0,BOT_LANE_CORE,adc_dead_with_xy
EUW1_7698001409,200,5,5.0030166666666664,14183.0,12512.0,RED_BASE,adc_in_base
EUW1_7698001486,100,6,6.003033333333334,10663.0,3211.0,BOT_SIDE_NEAR,adc_dead_with_xy
EUW1_7698001486,200,6,6.003033333333334,14340.0,14391.0,RED_BASE,adc_in_base
EUW1_7698001588,100,6,6.001166666666666,12680.0,3048.0,BOT_LANE_CORE,adc_dead_with_xy
EUW1_7698001588,200,10,10.0018,14340.0,14391.0,RED_BASE,adc_in_base
EUW1_7698001588,200,11,11.001883333333334,14149.0,13274.0,RED_BASE,adc_in_base
EUW1_7698001707,100,6,6.003466666666666,10397.0,1600.0,BOT_LANE_CORE,adc_dead_with_xy
EUW1_7698001707,100,9,9.004416666666666,1128.0,620.0,BLUE_BASE,adc_in_base
EUW1_7698001707,200,9,9.004416666666666,14201.0,11409.0,RED_BASE,adc_in_base
EUW1_7698001707,200,11,11.004816666666667,13692.0,3575.0,BOT_LANE_CORE,adc_dead_with_xy
EUW1_7698001883,100,6,6.00325,1769.0,637.0,BLUE_BASE,adc_in_base
EUW1_7698001883,100,11,11.004916666666666,1373.0,582.0,BLUE_BASE,adc_in_base
EUW1_7698001883,200,6,6.00325,14444.0,14247.0,RED_BASE,adc_in_base
EUW1_7698002770,200,10,10.00465,13726.0,14004.0,RED_BASE,adc_in_base
EUW1_7698003110,200,8,8.0039,13856.0,4356.0,BOT_LANE_CORE,adc_dead_with_xy
EUW1_7698003110,200,10,10.004533333333333,13689.0,4491.0,BOT_LANE_CORE,adc_dead_with_xy
EUW1_7698003583,100,9,9.0038,1904.0,649.0,BLUE_BASE,adc_in_base
EUW1_7698003583,200,6,6.0030166666666664,14340.0,14391.0,RED_BASE,adc_in_base
EUW1_7698004817,200,11,11.00465,10625.0,878.0,BOT_LANE_CORE,adc_dead_with_xy
EUW1_7698005017,100,8,8.003833333333333,705.0,498.0,BLUE_BASE,adc_in_base
EUW1_7698005017,200,8,8.003833333333333,14262.0,13377.0,RED_BASE,adc_in_base
EUW1_7698005388,200,5,5.000916666666667,14233.0,13015.0,RED_BASE,adc_in_base
EUW1_7698005388,200,7,7.00115,12149.0,1394.0,BOT_LANE_CORE,adc_dead_with_xy
EUW1_7698006039,200,5,5.001033333333333,14160.0,13971.0,RED_BASE,adc_in_base
EUW1_7698006039,200,11,11.0021,14030.0,11742.0,RED_BASE,adc_in_base
EUW1_7698006183,100,8,8.004116666666667,1240.0,751.0,BLUE_BASE,adc_in_base
EUW1_7698006258,200,5,5.00115,14158.0,12885.0,RED_BASE,adc_in_base
EUW1_7698006258,200,8,8.003366666666667,14215.0,12578.0,RED_BASE,adc_in_base
EUW1_7698006361,100,5,5.003533333333333,789.0,561.0,BLUE_BASE,adc_in_base
EUW1_7698006361,100,8,8.004183333333334,475.0,472.0,BLUE_BASE,adc_in_base
EUW1_7698006640,100,11,11.0051,13480.0,4250.0,BOT_LANE_CORE,adc_dead_with_xy
EUW1_7698006735,100,11,11.005016666666666,802.0,578.0,BLUE_BASE,adc_in_base
EUW1_7698006878,100,7,7.003666666666667,3019.0,733.0,BLUE_BASE,adc_in_base
EUW1_7698006878,200,10,10.0045,14136.0,13898.0,RED_BASE,adc_in_base
EUW1_7698007093,200,11,11.004816666666667,14104.0,12262.0,RED_BASE,adc_in_base
EUW1_7698007778,100,10,10.004516666666667,11957.0,2466.0,BOT_LANE_CORE,adc_dead_with_xy
EUW1_7698008931,100,10,10.00455,2662.0,884.0,BLUE_BASE,adc_in_base
EUW1_7698009110,200,9,9.0036,14467.0,14310.0,RED_BASE,adc_in_base
EUW1_7698009587,100,6,6.003066666666666,1154.0,624.0,BLUE_BASE,adc_in_base
EUW1_7698009587,100,8,8.00345,2246.0,840.0,BLUE_BASE,adc_in_base
EUW1_7698009587,100,10,10.004183333333334,1739.0,757.0,BLUE_BASE,adc_in_base
EUW1_7698009587,200,6,6.003066666666666,14133.0,12405.0,RED_BASE,adc_in_base
EUW1_7698010688,100,6,6.003516666666667,394.0,461.0,BLUE_BASE,adc_in_base
EUW1_7698010688,200,7,7.003666666666667,12580.0,5309.0,BOT_SIDE_NEAR,adc_dead_with_xy
EUW1_7698012476,100,11,11.00465,394.0,461.0,BLUE_BASE,adc_in_base
EUW1_7698012476,200,10,10.00415,13553.0,3427.0,BOT_LANE_CORE,adc_dead_with_xy
EUW1_7698012939,100,7,7.001516666666666,10623.0,1369.0,BOT_LANE_CORE,adc_dead_with_xy
EUW1_7698013231,200,6,6.003433333333334,14118.0,11865.0,RED_BASE,adc_in_base
EUW1_7698013231,200,9,9.00425,13156.0,2800.0,BOT_LANE_CORE,adc_dead_with_xy
EUW1_7698013395,100,11,11.004933333333334,12900.0,4253.0,BOT_SIDE_NEAR,adc_dead_with_xy
EUW1_7698014933,100,7,7.001533333333334,2932.0,665.0,BLUE_BASE,adc_in_base
EUW1_7698014933,100,10,10.002383333333333,1151.0,522.0,BLUE_BASE,adc_in_base
EUW1_7698016313,100,5,5.003316666666667,1335.0,549.0,BLUE_BASE,adc_in_base
EUW1_7698016313,100,8,8.00435,1240.0,578.0,BLUE_BASE,adc_in_base
EUW1_7698017338,200,5,5.003466666666666,14175.0,12743.0,RED_BASE,adc_in_base
EUW1_7698017338,200,6,6.003683333333333,13536.0,2695.0,BOT_LANE_CORE,adc_dead_with_xy
EUW1_7698018715,100,5,5.003333333333333,3099.0,711.0,BLUE_BASE,adc_in_base
EUW1_7698018987,100,6,6.002766666666667,1750.0,799.0,BLUE_BASE,adc_in_base
EUW1_7698018987,100,7,7.0033,634.0,494.0,BLUE_BASE,adc_in_base
EUW1_7698021181,200,5,5.0009,14006.0,7643.0,BOT_LANE_CORE,adc_dead_with_xy
EUW1_7698021181,200,8,8.001883333333334,13831.0,3661.0,BOT_LANE_CORE,adc_dead_with_xy
EUW1_7698021181,200,9,9.0019,14277.0,13571.0,RED_BASE,adc_in_base
EUW1_7698022357,100,5,5.003266666666667,764.0,532.0,BLUE_BASE,adc_in_base
EUW1_7698022357,100,10,10.004683333333332,1646.0,1259.0,BLUE_BASE,adc_in_base
EUW1_7698022766,200,9,9.003933333333332,14289.0,13682.0,RED_BASE,adc_in_base
EUW1_7698022766,200,11,11.004783333333334,14032.0,4547.0,BOT_LANE_CORE,adc_dead_with_xy
EUW1_7698024176,200,5,5.00305,14368.0,14045.0,RED_BASE,adc_in_base
EUW1_7698026501,100,5,5.003033333333334,1212.0,558.0,BLUE_BASE,adc_in_base
EUW1_7698026622,100,8,8.003483333333334,3681.0,795.0,BLUE_BASE,adc_in_base
EUW1_7698026622,200,10,10.003983333333334,14054.0,11588.0,RED_BASE,adc_in_base
EUW1_7698027286,100,10,10.001933333333334,996.0,506.0,BLUE_BASE,adc_in_base
EUW1_7698027286,200,6,6.000933333333333,13942.0,12303.0,RED_BASE,adc_in_base
EUW1_7698028388,100,9,9.003916666666667,394.0,461.0,BLUE_BASE,adc_in_base
EUW1_7698028914,200,6,6.001516666666666,14340.0,14391.0,RED_BASE,adc_in_base
EUW1_7698029693,200,7,7.003433333333334,11934.0,2944.0,BOT_SIDE_NEAR,adc_dead_with_xy
EUW1_7698029698,200,11,11.0035,14340.0,14391.0,RED_BASE,adc_in_base
EUW1_7698029905,100,6,6.003933333333333,12846.0,1596.0,BOT_LANE_CORE,adc_dead_with_xy
EUW1_7698029958,100,7,7.0041166666666665,11090.0,1522.0,BOT_LANE_CORE,adc_dead_with_xy
EUW1_7698030321,100,10,10.001383333333333,821.0,528.0,BLUE_BASE,adc_in_base
EUW1_7698030426,100,7,7.003566666666667,1863.0,622.0,BLUE_BASE,adc_in_base
EUW1_7698030426,200,5,5.002783333333333,14340.0,14391.0,RED_BASE,adc_in_base
EUW1_7698030816,100,10,10.003583333333333,10491.0,853.0,BOT_LANE_CORE,adc_dead_with_xy
EUW1_7698032110,100,5,5.0029,3307.0,870.0,BLUE_BASE,adc_in_base
EUW1_7698032110,200,5,5.0029,13749.0,4338.0,BOT_LANE_CORE,adc_dead_with_xy
EUW1_7698032555,100,6,6.003583333333333,877.0,550.0,BLUE_BASE,adc_in_base
EUW1_7698032555,100,11,11.0051,1967.0,614.0,BLUE_BASE,adc_in_base
EUW1_7698032555,200,9,9.00455,13373.0,11420.0,RED_BASE,adc_in_base
EUW1_7698033882,100,9,9.00505,805.0,559.0,BLUE_BASE,adc_in_base
EUW1_7698034861,200,6,6.0037,14258.0,13596.0,RED_BASE,adc_in_base
EUW1_7698035213,100,8,8.0034,1830.0,670.0,BLUE_BASE,adc_in_base
EUW1_7698035213,100,11,11.0036,12622.0,5587.0,BOT_SIDE_NEAR,adc_dead_with_xy
EUW1_7698035217,100,8,8.003933333333332,3282.0,723.0,BLUE_BASE,adc_in_base
EUW1_7698035217,100,10,10.004383333333333,844.0,518.0,BLUE_BASE,adc_in_base
EUW1_7698035422,100,8,8.003766666666667,12538.0,5009.0,BOT_SIDE_NEAR,adc_dead_with_xy
EUW1_7698035422,200,11,11.004766666666667,14090.0,4435.0,BOT_LANE_CORE,adc_dead_with_xy
EUW1_7698035595,200,8,8.003316666666667,13856.0,12742.0,RED_BASE,adc_in_base
EUW1_7698035669,100,10,10.0049,13400.0,3320.0,BOT_LANE_CORE,adc_dead_with_xy
EUW1_7698035845,100,11,11.0052,9915.0,1321.0,BOT_LANE_CORE,adc_dead_with_xy
EUW1_7698035845,200,7,7.003466666666666,14037.0,11410.0,RED_BASE,adc_in_base
EUW1_7698035845,200,9,9.004183333333334,11790.0,2412.0,BOT_SIDE_NEAR,adc_dead_with_xy
EUW1_7698035893,100,5,5.0009,3684.0,671.0,BLUE_BASE,adc_in_base
EUW1_7698036239,200,6,6.0034,14340.0,14391.0,RED_BASE,adc_in_base
EUW1_7698037779,100,7,7.0031,877.0,503.0,BLUE_BASE,adc_in_base
EUW1_7698038217,100,6,6.003316666666667,3540.0,753.0,BLUE_BASE,adc_in_base
EUW1_7698038217,200,6,6.003316666666667,14118.0,12237.0,RED_BASE,adc_in_base
EUW1_7698038217,200,7,7.003333333333333,14101.0,12067.0,RED_BASE,adc_in_base
EUW1_7698038217,200,8,8.003833333333333,14037.0,4515.0,BOT_LANE_CORE,adc_dead_with_xy
EUW1_7698038439,100,9,9.00465,11919.0,1135.0,BOT_LANE_CORE,adc_dead_with_xy
EUW1_7698039022,100,5,5.003533333333333,3564.0,673.0,BLUE_BASE,adc_in_base
EUW1_7698039022,100,7,7.0041,12445.0,2942.0,BOT_LANE_CORE,adc_dead_with_xy
EUW1_7698039328,200,7,7.003633333333333,14127.0,12208.0,RED_BASE,adc_in_base
EUW1_7698039499,100,5,5.0022166666666665,13239.0,2534.0,BOT_LANE_CORE,adc_dead_with_xy
EUW1_7698039499,100,7,7.002583333333333,394.0,461.0,BLUE_BASE,adc_in_base
EUW1_7698039499,100,10,10.003333333333334,1653.0,620.0,BLUE_BASE,adc_in_base
EUW1_7698039499,200,5,5.0022166666666665,14245.0,13171.0,RED_BASE,adc_in_base
EUW1_7698039583,100,10,10.003716666666667,12116.0,5047.0,BOT_SIDE_NEAR,adc_dead_with_xy
EUW1_7698039583,200,9,9.003666666666666,14191.0,13609.0,RED_BASE,adc_in_base
EUW1_7698040229,200,5,5.0027333333333335,14092.0,12081.0,RED_BASE,adc_in_base
EUW1_7698040229,200,11,11.004016666666667,13822.0,5300.0,BOT_LANE_CORE,adc_dead_with_xy
EUW1_7698040693,200,8,8.001633333333332,14227.0,13373.0,RED_BASE,adc_in_base
EUW1_7698040725,200,9,9.004216666666666,14340.0,14391.0,RED_BASE,adc_in_base
EUW1_7698040925,100,8,8.003166666666667,11772.0,2523.0,BOT_SIDE_NEAR,adc_dead_with_xy
EUW1_7698040925,200,9,9.003683333333333,12903.0,4227.0,BOT_SIDE_NEAR,adc_dead_with_xy
EUW1_7698040925,200,10,10.004233333333334,14130.0,7044.0,BOT_LANE_CORE,adc_dead_with_xy
EUW1_7698040925,200,11,11.004683333333332,7560.0,8092.0,MID_LANE,adc_dead_with_xy
EUW1_7698041100,200,7,7.001016666666667,11364.0,1133.0,BOT_LANE_CORE,adc_dead_with_xy
EUW1_7698041100,200,11,11.001666666666667,13718.0,3450.0,BOT_LANE_CORE,adc_dead_with_xy
EUW1_7698041605,100,9,9.004266666666666,2139.0,686.0,BLUE_BASE,adc_in_base
EUW1_7698041605,200,6,6.003133333333333,13910.0,11351.0,RED_BASE,adc_in_base
EUW1_7698041605,200,11,11.004833333333334,13978.0,11415.0,RED_BASE,adc_in_base
EUW1_7698041732,200,6,6.003583333333333,14522.0,14056.0,RED_BASE,adc_in_base
EUW1_7698041732,200,9,9.004533333333333,14261.0,12471.0,RED_BASE,adc_in_base
EUW1_7698042096,100,5,5.002966666666667,963.0,508.0,BLUE_BASE,adc_in_base
EUW1_7698042096,200,9,9.0042,14089.0,4557.0,BOT_LANE_CORE,adc_dead_with_xy
EUW1_7698042599,100,5,5.002883333333333,3497.0,903.0,BLUE_BASE,adc_in_base
EUW1_7698042599,200,5,5.002883333333333,14022.0,11395.0,RED_BASE,adc_in_base
EUW1_7698042599,200,10,10.003883333333333,9677.0,858.0,BOT_LANE_CORE,adc_dead_with_xy
EUW1_7698043573,100,9,9.00415,10297.0,2710.0,BOT_SIDE_NEAR,adc_dead_with_xy
EUW1_7698043901,100,6,6.0027333333333335,1381.0,731.0,BLUE_BASE,adc_in_base
EUW1_7698043901,200,9,9.003466666666666,8256.0,2266.0,BLUE_BOT_JUNGLE,adc_dead_with_xy
EUW1_7698044755,100,8,8.003933333333332,9590.0,895.0,BOT_LANE_CORE,adc_dead_with_xy
EUW1_7698044755,100,10,10.00425,10470.0,834.0,BOT_LANE_CORE,adc_dead_with_xy
EUW1_7698044755,200,5,5.003333333333333,14013.0,11222.0,RED_BASE,adc_in_base
EUW1_7698045583,100,11,11.004083333333334,2911.0,745.0,BLUE_BASE,adc_in_base
EUW1_7698045583,200,9,9.00325,14286.0,13705.0,RED_BASE,adc_in_base
EUW1_7698046053,200,6,6.00285,14163.0,12280.0,RED_BASE,adc_in_base
EUW1_7698046254,200,7,7.003583333333333,14089.0,11124.0,RED_BASE,adc_in_base
EUW1_7698047926,200,6,6.003633333333333,14110.0,11077.0,RED_BASE,adc_in_base
EUW1_7698047926,200,8,8.004183333333334,14191.0,13750.0,RED_BASE,adc_in_base
EUW1_7698047926,200,11,11.005166666666666,14231.0,13564.0,RED_BASE,adc_in_base
EUW1_7698048021,100,8,8.00355,394.0,461.0,BLUE_BASE,adc_in_base
EUW1_7698048021,200,10,10.004216666666666,14266.0,12386.0,RED_BASE,adc_in_base
EUW1_7698050195,100,5,5.003066666666666,12579.0,4271.0,BOT_SIDE_NEAR,adc_dead_with_xy
EUW1_7698050195,100,9,9.004383333333333,2290.0,643.0,BLUE_BASE,adc_in_base
EUW1_7698050777,100,11,11.004316666666666,3261.0,936.0,BLUE_BASE,adc_in_base
EUW1_7698050777,200,7,7.002933333333333,13922.0,11157.0,RED_BASE,adc_in_base
EUW1_7698050811,100,9,9.00345,838.0,470.0,BLUE_BASE,adc_in_base
EUW1_7698050848,200,6,6.001166666666666,13902.0,11617.0,RED_BASE,adc_in_base
EUW1_7698050848,200,9,9.004,13633.0,6045.0,BOT_LANE_CORE,adc_dead_with_xy
EUW1_7698051834,100,5,5.002483333333333,740.0,535.0,BLUE_BASE,adc_in_base
EUW1_7698051834,200,8,8.003383333333334,14304.0,13734.0,RED_BASE,adc_in_base
EUW1_7698054843,200,6,6.001416666666667,14334.0,14131.0,RED_BASE,adc_in_base
EUW1_7698054843,200,10,10.004666666666667,14144.0,12005.0,RED_BASE,adc_in_base
EUW1_7698055136,100,9,9.0038,11942.0,3150.0,BOT_SIDE_NEAR,adc_dead_with_xy
EUW1_7698055136,200,7,7.003133333333333,13928.0,11906.0,RED_BASE,adc_in_base
EUW1_7698055318,100,6,6.003283333333333,2747.0,729.0,BLUE_BASE,adc_in_base
EUW1_7698055558,100,5,5.000983333333333,12497.0,2202.0,BOT_LANE_CORE,adc_dead_with_xy
EUW1_7698055558,200,9,9.004066666666667,14036.0,12593.0,RED_BASE,adc_in_base
EUW1_7698057267,100,6,6.003333333333333,2634.0,630.0,BLUE_BASE,adc_in_base
EUW1_7698057267,100,9,9.0045,2574.0,1968.0,BLUE_BASE,adc_in_base
EUW1_7698057267,200,9,9.0045,14290.0,13573.0,RED_BASE,adc_in_base
EUW1_7698058743,100,9,9.004283333333333,13831.0,3345.0,BOT_LANE_CORE,adc_dead_with_xy
EUW1_7698059491,200,11,11.003783333333333,14311.0,14073.0,RED_BASE,adc_in_base
EUW1_7698060155,200,11,11.004783333333334,8458.0,8316.0,MID_LANE,adc_dead_with_xy
EUW1_7698060165,100,8,8.003583333333333,11494.0,1782.0,BOT_LANE_CORE,adc_dead_with_xy
EUW1_7698060214,100,11,11.004983333333334,2255.0,905.0,BLUE_BASE,adc_in_base
EUW1_7698060214,200,8,8.003333333333334,9522.0,1068.0,BOT_LANE_CORE,adc_dead_with_xy
EUW1_7698060426,100,9,9.00345,1985.0,593.0,BLUE_BASE,adc_in_base
EUW1_7698060477,100,9,9.004983333333334,394.0,461.0,BLUE_BASE,adc_in_base
EUW1_7698060477,200,9,9.004983333333334,13775.0,4045.0,BOT_LANE_CORE,adc_dead_with_xy
EUW1_7698060734,100,6,6.003066666666666,3513.0,975.0,BLUE_BASE,adc_in_base
EUW1_7698061961,100,11,11.004166666666666,12096.0,2422.0,BOT_LANE_CORE,adc_dead_with_xy
EUW1_7698062239,100,8,8.00415,2457.0,898.0,BLUE_BASE,adc_in_base
EUW1_7698062239,200,7,7.003816666666666,14326.0,14273.0,RED_BASE,adc_in_base
EUW1_7698062239,200,11,11.005516666666667,14030.0,4561.0,BOT_LANE_CORE,adc_dead_with_xy
EUW1_7698062382,200,7,7.003916666666667,14260.0,12703.0,RED_BASE,adc_in_base
EUW1_7698063224,100,11,11.005233333333333,1057.0,524.0,BLUE_BASE,adc_in_base
EUW1_7698063224,200,5,5.003233333333333,14008.0,11996.0,RED_BASE,adc_in_base
EUW1_7698063386,200,6,6.00425,14340.0,14391.0,RED_BASE,adc_in_base
EUW1_7698063386,200,9,9.004533333333333,12081.0,2640.0,BOT_LANE_CORE,adc_dead_with_xy
EUW1_7698064046,200,9,9.003733333333333,14156.0,11760.0,RED_BASE,adc_in_base
EUW1_7698064087,100,6,6.0011833333333335,9787.0,4141.0,DRAGON_AREA,adc_dead_with_xy
EUW1_7698064087,100,9,9.00395,13196.0,3499.0,BOT_LANE_CORE,adc_dead_with_xy
EUW1_7698064087,200,9,9.00395,13812.0,4358.0,BOT_LANE_CORE,adc_dead_with_xy
EUW1_7698064516,100,11,11.003833333333333,13002.0,1150.0,BOT_LANE_CORE,adc_dead_with_xy
EUW1_7698064516,200,8,8.00345,13946.0,11851.0,RED_BASE,adc_in_base
EUW1_7698064746,200,10,10.004466666666668,11214.0,1638.0,BOT_LANE_CORE,adc_dead_with_xy
EUW1_7698066297,100,6,6.0038,13036.0,4180.0,BOT_LANE_CORE,adc_dead_with_xy
EUW1_7698066297,200,6,6.0038,14083.0,5063.0,BOT_LANE_CORE,adc_dead_with_xy
EUW1_7698066297,200,11,11.0057,14159.0,12875.0,RED_BASE,adc_in_base
EUW1_7698066338,200,6,6.002933333333333,13663.0,4913.0,BOT_LANE_CORE,adc_dead_with_xy
EUW1_7698066601,100,5,5.000983333333333,579.0,486.0,BLUE_BASE,adc_in_base
EUW1_7698066601,100,11,11.00455,11740.0,2912.0,BOT_SIDE_NEAR,adc_dead_with_xy
EUW1_7698067036,100,8,8.0043,1018.0,621.0,BLUE_BASE,adc_in_base
EUW1_7698067523,200,9,9.0037,13949.0,11421.0,RED_BASE,adc_in_base
EUW1_7698070899,100,5,5.00335,1184.0,624.0,BLUE_BASE,adc_in_base
EUW1_7698071205,100,11,11.004366666666666,394.0,461.0,BLUE_BASE,adc_in_base
EUW1_7698071822,100,9,9.004233333333334,10877.0,1202.0,BOT_LANE_CORE,adc_dead_with_xy
EUW1_7698072106,100,6,6.002883333333333,3634.0,782.0,BLUE_BASE,adc_in_base
EUW1_7698072106,100,11,11.0043,12139.0,2741.0,BOT_SIDE_NEAR,adc_dead_with_xy
EUW1_7698072144,200,9,9.002483333333334,11690.0,3896.0,BOT_SIDE_NEAR,adc_dead_with_xy
EUW1_7698072818,100,6,6.003666666666667,11654.0,1961.0,BOT_LANE_CORE,adc_dead_with_xy
EUW1_7698072818,100,8,8.00435,1078.0,550.0,BLUE_BASE,adc_in_base
EUW1_7698073212,200,5,5.002366666666667,14291.0,14030.0,RED_BASE,adc_in_base
EUW1_7698073333,100,9,9.0044,394.0,461.0,BLUE_BASE,adc_in_base
EUW1_7698073333,200,9,9.0044,14241.0,12997.0,RED_BASE,adc_in_base
EUW1_7698073834,100,7,7.0034833333333335,3696.0,847.0,BLUE_BASE,adc_in_base
EUW1_7698073834,100,10,10.004166666666666,394.0,461.0,BLUE_BASE,adc_in_base
EUW1_7698073834,100,11,11.004333333333333,11082.0,3394.0,BOT_SIDE_NEAR,adc_dead_with_xy
EUW1_7698074080,200,5,5.002916666666667,14042.0,13539.0,RED_BASE,adc_in_base
EUW1_7698074436,100,10,10.0046,3453.0,733.0,BLUE_BASE,adc_in_base
EUW1_7698074683,200,5,5.003,14091.0,11758.0,RED_BASE,adc_in_base
EUW1_7698074683,200,10,10.0043,14135.0,12650.0,RED_BASE,adc_in_base
EUW1_7698075195,100,10,10.0044,2645.0,652.0,BLUE_BASE,adc_in_base
EUW1_7698075592,100,6,6.00315,13121.0,2735.0,BOT_LANE_CORE,adc_dead_with_xy
EUW1_7698075592,200,11,11.004733333333334,14072.0,12083.0,RED_BASE,adc_in_base
EUW1_7698075918,200,8,8.001383333333333,13080.0,3382.0,BOT_LANE_CORE,adc_dead_with_xy
