match_id,team_id,side,patch,frame_idx,minute,support_champion_name,support_x,support_y,support_zone_v5_abs
EUN1_3915259648,100,blue,16.4,8,8.0032,Janna,1494.0,11901.0,TOP_LANE_CORE
EUN1_3915259648,100,blue,16.4,9,9.003516666666666,Janna,7476.0,6086.0,BLUE_BOT_JUNGLE
EUN1_3915259648,100,blue,16.4,11,11.004416666666666,Janna,4305.0,4113.0,BLUE_BOT_JUNGLE
EUN1_3915259648,200,red,16.4,11,11.004416666666666,Nami,9618.0,8962.0,MID_LANE
EUN1_3915264621,100,blue,16.4,6,6.002966666666667,Nami,6343.0,7525.0,MID_LANE
EUN1_3915264621,100,blue,16.4,11,11.003983333333334,Nami,6917.0,4713.0,BLUE_BOT_JUNGLE
EUN1_3915419047,100,blue,16.4,7,7.003566666666667,Lulu,6143.0,4277.0,BLUE_BOT_JUNGLE
EUN1_3915629163,200,red,16.4,6,6.0034,Alistar,8216.0,4865.0,BLUE_BOT_JUNGLE
EUN1_3915629163,200,red,16.4,8,8.00425,Alistar,11066.0,10594.0,RED_BOT_JUNGLE
EUN1_3915629163,200,red,16.4,9,9.004383333333333,Alistar,3344.0,11468.0,TOP_SIDE_NEAR
EUN1_3915629163,200,red,16.4,10,10.004533333333333,Alistar,7714.0,5554.0,BLUE_BOT_JUNGLE
EUN1_3915644549,100,blue,16.4,8,8.003083333333333,Bard,8681.0,5317.0,BLUE_BOT_JUNGLE
EUN1_3915644549,100,blue,16.4,11,11.003983333333334,Bard,4199.0,2767.0,BLUE_BOT_JUNGLE
EUN1_3915644549,200,red,16.4,5,5.002366666666667,Alistar,8333.0,5568.0,BLUE_BOT_JUNGLE
EUN1_3915644549,200,red,16.4,7,7.002983333333333,Alistar,6857.0,9012.0,RED_TOP_JUNGLE
EUN1_3915644549,200,red,16.4,9,9.003566666666666,Alistar,6874.0,5608.0,BLUE_BOT_JUNGLE
EUN1_3915644549,200,red,16.4,10,10.003883333333333,Alistar,8757.0,7865.0,MID_LANE
EUN1_3915659963,100,blue,16.4,10,10.004033333333334,Milio,3845.0,8594.0,TOP_SIDE_NEAR
EUN1_3915659963,200,red,16.4,10,10.004033333333334,Karma,2193.0,9886.0,TOP_SIDE_NEAR
EUN1_3915681718,100,blue,16.4,8,8.00455,Rakan,8664.0,5122.0,BLUE_BOT_JUNGLE
EUN1_3915681718,200,red,16.4,6,6.003716666666667,Sona,12749.0,7270.0,RED_BOT_JUNGLE
EUN1_3915690863,100,blue,16.4,10,10.004,Thresh,8368.0,2835.0,BLUE_BOT_JUNGLE
EUN1_3915690863,200,red,16.4,10,10.004,Nautilus,7984.0,3452.0,BLUE_BOT_JUNGLE
EUN1_3915759503,100,blue,16.4,9,9.00475,Braum,6035.0,8689.0,RIVER_TOP
EUN1_3915759503,200,red,16.4,8,8.004566666666667,Renata,8189.0,10321.0,RED_TOP_JUNGLE
EUN1_3915759503,200,red,16.4,9,9.00475,Renata,3798.0,11014.0,TOP_SIDE_NEAR
EUN1_3915770513,100,blue,16.4,6,6.003183333333333,Nautilus,6761.0,6555.0,MID_LANE
EUN1_3916156352,100,blue,16.4,11,11.00355,Bard,12449.0,6349.0,RED_BOT_JUNGLE
EUN1_3916172375,100,blue,16.4,7,7.00325,Milio,4435.0,4769.0,BLUE_TOP_JUNGLE
EUN1_3916172375,100,blue,16.4,11,11.004666666666667,Milio,5759.0,6129.0,MID_LANE
EUN1_3916172375,200,red,16.4,9,9.004216666666666,Neeko,9005.0,8041.0,MID_LANE
EUN1_3916172375,200,red,16.4,11,11.004666666666667,Neeko,8845.0,8629.0,MID_LANE
EUN1_3916205290,100,blue,16.4,6,6.0033666666666665,Blitzcrank,6829.0,5455.0,BLUE_BOT_JUNGLE
EUN1_3916205290,100,blue,16.4,9,9.0043,Blitzcrank,6097.0,8178.0,RIVER_TOP
EUN1_3916205290,200,red,16.4,6,6.0033666666666665,Karma,6891.0,6395.0,MID_LANE
EUN1_3916205290,200,red,16.4,9,9.0043,Karma,6307.0,9128.0,RIVER_TOP
EUN1_3916205290,200,red,16.4,10,10.004683333333332,Karma,2219.0,10015.0,TOP_SIDE_NEAR
EUN1_3916334055,100,blue,16.4,10,10.004266666666666,Bard,8662.0,4683.0,BLUE_BOT_JUNGLE
EUN1_3916334055,200,red,16.4,9,9.003783333333333,Nami,7722.0,7300.0,MID_LANE
EUN1_3916355244,100,blue,16.4,9,9.0037,Soraka,3187.0,10469.0,TOP_SIDE_NEAR
EUN1_3916375227,200,red,16.4,9,9.001983333333333,Lulu,10398.0,6244.0,RED_BOT_JUNGLE
EUN1_3916810409,200,red,16.4,10,10.002016666666666,Thresh,11451.0,10937.0,RED_BOT_JUNGLE
EUN1_3916846098,200,red,16.4,5,5.001266666666667,Pyke,6308.0,8863.0,RIVER_TOP
EUN1_3916846098,200,red,16.4,10,10.002533333333334,Pyke,4943.0,8855.0,RIVER_TOP
EUN1_3916872301,200,red,16.4,9,9.002933333333333,Alistar,12587.0,9479.0,RED_BOT_JUNGLE
EUN1_3916889472,100,blue,16.4,5,5.002766666666667,Janna,6160.0,11429.0,TOP_SIDE_NEAR
EUN1_3916889472,100,blue,16.4,10,10.0048,Janna,6756.0,7349.0,MID_LANE
EUN1_3916889472,200,red,16.4,9,9.004566666666667,Braum,7795.0,5970.0,BLUE_BOT_JUNGLE
EUN1_3916903826,100,blue,16.4,5,5.0031,Thresh,8000.0,7310.0,MID_LANE
EUN1_3916903826,100,blue,16.4,8,8.00365,Thresh,1989.0,9510.0,TOP_SIDE_NEAR
EUN1_3916903826,200,red,16.4,5,5.0031,Janna,8373.0,8033.0,MID_LANE
EUN1_3916903826,200,red,16.4,8,8.00365,Janna,2163.0,13350.0,TOP_LANE_CORE
EUN1_3917253151,100,blue,16.4,7,7.001733333333333,Alistar,6139.0,6869.0,MID_LANE
EUN1_3917253151,100,blue,16.4,11,11.0029,Alistar,5113.0,4638.0,BLUE_BOT_JUNGLE
EUN1_3917253151,200,red,16.4,9,9.002433333333334,Nami,8108.0,8171.0,MID_LANE
EUN1_3917253151,200,red,16.4,11,11.0029,Nami,8670.0,5393.0,BLUE_BOT_JUNGLE
EUN1_3917263655,100,blue,16.4,9,9.003566666666666,Soraka,6936.0,6618.0,MID_LANE
EUN1_3917263655,200,red,16.4,5,5.00305,Karma,7214.0,9141.0,RED_TOP_JUNGLE
EUN1_3917263655,200,red,16.4,9,9.003566666666666,Karma,4202.0,9738.0,TOP_SIDE_NEAR
EUN1_3917263655,200,red,16.4,10,10.00395,Karma,12121.0,11540.0,RED_BOT_JUNGLE
EUN1_3917292080,100,blue,16.4,9,9.003966666666667,Milio,3734.0,10980.0,TOP_SIDE_NEAR
EUN1_3917301593,100,blue,16.4,9,9.004316666666666,Nautilus,5108.0,10819.0,BARON_GRUBS_HERALD_AREA
EUN1_3917301593,200,red,16.4,9,9.004316666666666,Rell,6529.0,10024.0,RED_TOP_JUNGLE
EUN1_3917433554,100,blue,16.4,9,9.004266666666666,Soraka,4600.0,9222.0,TOP_SIDE_NEAR
EUN1_3917433554,200,red,16.4,11,11.005016666666666,Nami,9324.0,7742.0,RED_BOT_JUNGLE
EUN1_3917500310,100,blue,16.4,9,9.00445,Janna,2732.0,6413.0,BLUE_TOP_JUNGLE
EUN1_3917595161,200,red,16.4,9,9.004533333333333,Janna,8388.0,7777.0,MID_LANE
EUN1_3917628156,100,blue,16.4,9,9.0042,Sona,7830.0,5873.0,BLUE_BOT_JUNGLE
EUN1_3917628156,200,red,16.4,11,11.004683333333332,Nami,5984.0,8054.0,RIVER_TOP
EUW1_7696102906,100,blue,16.2,8,8.001516666666667,Leona,4659.0,5126.0,BLUE_TOP_JUNGLE
EUW1_7696102985,100,blue,16.2,9,9.003283333333334,Pantheon,4580.0,9099.0,TOP_SIDE_NEAR
EUW1_7696102985,200,red,16.2,9,9.003283333333334,Nami,5114.0,9612.0,TOP_SIDE_NEAR
EUW1_7696103145,100,blue,16.2,5,5.00295,Janna,5031.0,2565.0,BLUE_BOT_JUNGLE
EUW1_7696103145,100,blue,16.2,10,10.004966666666666,Janna,6724.0,7025.0,MID_LANE
EUW1_7696103145,200,red,16.2,10,10.004966666666666,Blitzcrank,8051.0,2325.0,BLUE_BOT_JUNGLE
EUW1_7696103995,100,blue,16.2,10,10.003916666666667,Senna,4859.0,4334.0,BLUE_BOT_JUNGLE
EUW1_7696104692,100,blue,16.2,9,9.003266666666667,Janna,6826.0,9709.0,RED_TOP_JUNGLE
EUW1_7696104878,100,blue,16.2,9,9.004,Brand,3950.0,9737.0,TOP_SIDE_NEAR
EUW1_7696104878,100,blue,16.2,10,10.0043,Brand,7920.0,8556.0,MID_LANE
EUW1_7696105120,200,red,16.2,7,7.002533333333333,Karma,10213.0,6469.0,RED_BOT_JUNGLE
EUW1_7696105120,200,red,16.2,9,9.002833333333333,Karma,6398.0,8249.0,RIVER_TOP
EUW1_7696106028,100,blue,16.2,7,7.003266666666667,Bard,2736.0,12729.0,TOP_LANE_CORE
EUW1_7696106028,200,red,16.2,7,7.003266666666667,Janna,10491.0,9973.0,RED_BOT_JUNGLE
EUW1_7696106028,200,red,16.2,10,10.004266666666666,Janna,10053.0,6692.0,RED_BOT_JUNGLE
EUW1_7696106028,200,red,16.2,11,11.0047,Janna,11852.0,7323.0,RED_BOT_JUNGLE
EUW1_7696106204,100,blue,16.2,9,9.00275,Leona,6370.0,4454.0,BLUE_BOT_JUNGLE
EUW1_7696106357,100,blue,16.2,7,7.001366666666667,Braum,6950.0,6207.0,MID_LANE
EUW1_7696106357,100,blue,16.2,11,11.004166666666666,Braum,7385.0,6335.0,MID_LANE
EUW1_7696106585,100,blue,16.2,7,7.003133333333333,Elise,6342.0,8276.0,RIVER_TOP
EUW1_7696106791,100,blue,16.2,9,9.002633333333334,Nami,5008.0,8678.0,RIVER_TOP
EUW1_7696106791,200,red,16.2,8,8.002616666666666,Pyke,4922.0,8771.0,RIVER_TOP
EUW1_7696107056,100,blue,16.2,8,8.001616666666667,Nami,2384.0,3694.0,BLUE_TOP_JUNGLE
EUW1_7696107116,100,blue,16.2,5,5.00245,Blitzcrank,4469.0,2920.0,BLUE_BOT_JUNGLE
EUW1_7696107529,100,blue,16.2,9,9.003533333333333,Thresh,4865.0,8750.0,RIVER_TOP
EUW1_7696107529,200,red,16.2,6,6.002483333333333,Nautilus,7941.0,5903.0,BLUE_BOT_JUNGLE
EUW1_7696107529,200,red,16.2,8,8.002716666666666,Nautilus,6411.0,7246.0,MID_LANE
EUW1_7696107529,200,red,16.2,9,9.003533333333333,Nautilus,11123.0,6512.0,RED_BOT_JUNGLE
EUW1_7696107529,200,red,16.2,10,10.004033333333334,Nautilus,7729.0,7444.0,MID_LANE
EUW1_7696107795,200,red,16.2,8,8.00275,Alistar,9023.0,9012.0,MID_LANE
EUW1_7696107795,200,red,16.2,11,11.003733333333333,Alistar,10512.0,9960.0,RED_BOT_JUNGLE
EUW1_7696108372,100,blue,16.2,8,8.0036,Milio,5639.0,8265.0,RIVER_TOP
EUW1_7696108372,100,blue,16.2,9,9.003766666666667,Milio,5674.0,8489.0,RIVER_TOP
EUW1_7696108934,200,red,16.2,8,8.001833333333334,Nautilus,6402.0,7611.0,MID_LANE
EUW1_7696109023,100,blue,16.2,9,9.001766666666667,Nami,5075.0,8946.0,RIVER_TOP
EUW1_7696109278,100,blue,16.2,7,7.001033333333333,Rakan,7971.0,7887.0,MID_LANE
EUW1_7696109278,100,blue,16.2,10,10.001266666666666,Rakan,7837.0,6552.0,MID_LANE
EUW1_7696109278,200,red,16.2,10,10.001266666666666,Braum,7332.0,8573.0,MID_LANE
EUW1_7696109312,100,blue,16.2,8,8.003016666666667,Pantheon,7996.0,5392.0,BLUE_BOT_JUNGLE
EUW1_7696109312,100,blue,16.2,11,11.0038,Pantheon,4911.0,2986.0,BLUE_BOT_JUNGLE
EUW1_7696109312,200,red,16.2,8,8.003016666666667,Leona,10037.0,6266.0,RED_BOT_JUNGLE
EUW1_7696109407,100,blue,16.2,9,9.00395,Velkoz,4258.0,11830.0,TOP_SIDE_NEAR
EUW1_7696109407,100,blue,16.2,11,11.00445,Velkoz,3805.0,11082.0,TOP_SIDE_NEAR
EUW1_7696109407,200,red,16.2,6,6.003233333333333,Bard,10535.0,6134.0,RED_BOT_JUNGLE
EUW1_7696109621,200,red,16.2,8,8.0016,Karma,10211.0,6103.0,RED_BOT_JUNGLE
EUW1_7696110071,100,blue,16.2,9,9.0034,Karma,6550.0,3065.0,BLUE_BOT_JUNGLE
EUW1_7696110174,100,blue,16.2,9,9.003566666666666,Nidalee,6413.0,4911.0,BLUE_BOT_JUNGLE
EUW1_7696110210,100,blue,16.2,9,9.003233333333334,Rell,7430.0,3556.0,BLUE_BOT_JUNGLE
EUW1_7696110210,100,blue,16.2,10,10.003583333333333,Rell,5511.0,7062.0,BLUE_TOP_JUNGLE
EUW1_7696110210,100,blue,16.2,11,11.003883333333333,Rell,4493.0,10106.0,BARON_GRUBS_HERALD_AREA
EUW1_7696110210,200,red,16.2,5,5.0022,Karma,7894.0,5009.0,BLUE_BOT_JUNGLE
EUW1_7696110210,200,red,16.2,9,9.003233333333334,Karma,8632.0,4778.0,BLUE_BOT_JUNGLE
EUW1_7696111125,200,red,16.2,6,6.00235,Blitzcrank,7635.0,5208.0,BLUE_BOT_JUNGLE
EUW1_7696111125,200,red,16.2,8,8.002716666666666,Blitzcrank,7537.0,7157.0,MID_LANE
EUW1_7696111316,100,blue,16.2,9,9.004416666666666,Poppy,6274.0,4308.0,BLUE_BOT_JUNGLE
EUW1_7696111316,200,red,16.2,7,7.0038,Jax,9205.0,8758.0,MID_LANE
EUW1_7696111316,200,red,16.2,9,9.004416666666666,Jax,9723.0,7706.0,RED_BOT_JUNGLE
EUW1_7696111316,200,red,16.2,10,10.004916666666666,Jax,10061.0,9402.0,RED_BOT_JUNGLE
EUW1_7696111316,200,red,16.2,11,11.005466666666667,Jax,7143.0,13432.0,TOP_LANE_CORE
EUW1_7696111588,100,blue,16.2,7,7.0011833333333335,Janna,7706.0,7918.0,MID_LANE
EUW1_7696111588,200,red,16.2,7,7.0011833333333335,Neeko,8608.0,7733.0,MID_LANE
EUW1_7696112699,200,red,16.2,6,6.0034833333333335,Elise,10031.0,9654.0,RED_BOT_JUNGLE
EUW1_7696112699,200,red,16.2,9,9.003683333333333,Elise,3415.0,13193.0,TOP_LANE_CORE
EUW1_7696113096,100,blue,16.2,8,8.003516666666666,Braum,4197.0,4814.0,BLUE_TOP_JUNGLE
EUW1_7696114018,100,blue,16.2,5,5.002666666666666,Thresh,7537.0,5134.0,BLUE_BOT_JUNGLE
EUW1_7696114018,100,blue,16.2,10,10.004233333333334,Thresh,9921.0,7384.0,RED_BOT_JUNGLE
EUW1_7696114018,100,blue,16.2,11,11.00425,Thresh,5554.0,3631.0,BLUE_BOT_JUNGLE
EUW1_7696114018,200,red,16.2,6,6.0030833333333335,Sona,12377.0,7430.0,RED_BOT_JUNGLE
EUW1_7696114018,200,red,16.2,7,7.003116666666667,Sona,8371.0,8248.0,MID_LANE
EUW1_7696114018,200,red,16.2,8,8.003383333333334,Sona,5421.0,11264.0,TOP_SIDE_NEAR
EUW1_7696114018,200,red,16.2,9,9.003916666666667,Sona,6305.0,8297.0,RIVER_TOP
EUW1_7696114018,200,red,16.2,10,10.004233333333334,Sona,11115.0,7640.0,RED_BOT_JUNGLE
EUW1_7696114018,200,red,16.2,11,11.00425,Sona,10273.0,13359.0,TOP_LANE_CORE
EUW1_7696114098,100,blue,16.2,5,5.002933333333333,Nami,4990.0,5723.0,BLUE_TOP_JUNGLE
EUW1_7696114098,100,blue,16.2,9,9.004033333333334,Nami,1642.0,4920.0,BLUE_TOP_JUNGLE
EUW1_7696114098,200,red,16.2,5,5.002933333333333,Bard,8722.0,10033.0,RED_TOP_JUNGLE
EUW1_7696114098,200,red,16.2,8,8.0036,Bard,8474.0,11725.0,RED_TOP_JUNGLE
EUW1_7696114098,200,red,16.2,9,9.004033333333334,Bard,2330.0,9795.0,TOP_SIDE_NEAR
EUW1_7696114098,200,red,16.2,10,10.004133333333334,Bard,9515.0,9279.0,RED_TOP_JUNGLE
EUW1_7696114098,200,red,16.2,11,11.004583333333333,Bard,2317.0,11943.0,TOP_LANE_CORE
EUW1_7696114178,100,blue,16.2,9,9.0037,Sona,2275.0,13381.0,TOP_LANE_CORE
EUW1_7696114332,100,blue,16.2,5,5.000966666666667,Pyke,2633.0,5079.0,BLUE_TOP_JUNGLE
EUW1_7696114332,100,blue,16.2,6,6.001133333333334,Pyke,1663.0,10072.0,TOP_LANE_CORE
EUW1_7696114332,100,blue,16.2,7,7.001383333333333,Pyke,3032.0,11276.0,TOP_SIDE_NEAR
EUW1_7696114332,100,blue,16.2,10,10.003683333333333,Pyke,1384.0,7704.0,TOP_LANE_CORE
EUW1_7696114808,100,blue,16.2,8,8.00415,Nautilus,7974.0,5423.0,BLUE_BOT_JUNGLE
EUW1_7696115118,100,blue,16.2,5,5.002766666666667,Sejuani,6545.0,8095.0,MID_LANE
EUW1_7696115118,100,blue,16.2,8,8.003466666666666,Sejuani,7003.0,8297.0,MID_LANE
EUW1_7696115118,200,red,16.2,10,10.003833333333333,Janna,10987.0,10501.0,RED_BOT_JUNGLE
EUW1_7696115271,100,blue,16.2,8,8.003566666666666,Lulu,2725.0,5425.0,BLUE_TOP_JUNGLE
EUW1_7696115271,100,blue,16.2,9,9.003716666666667,Lulu,3028.0,13329.0,TOP_LANE_CORE
EUW1_7696116882,100,blue,16.2,8,8.002933333333333,Thresh,12089.0,8126.0,RED_BOT_JUNGLE
EUW1_7696117140,100,blue,16.2,5,5.00255,Braum,5383.0,4917.0,BLUE_BOT_JUNGLE
EUW1_7696117140,100,blue,16.2,8,8.0037,Braum,6711.0,6897.0,MID_LANE
EUW1_7696117140,100,blue,16.2,9,9.003733333333333,Braum,4887.0,11831.0,TOP_SIDE_NEAR
EUW1_7696117140,100,blue,16.2,10,10.0039,Braum,6718.0,13676.0,TOP_LANE_CORE
EUW1_7696117140,200,red,16.2,8,8.0037,Thresh,7776.0,7180.0,MID_LANE
EUW1_7696117672,100,blue,16.2,7,7.0038,Alistar,6641.0,8598.0,RIVER_TOP
EUW1_7696117672,100,blue,16.2,11,11.0049,Alistar,5748.0,3787.0,BLUE_BOT_JUNGLE
EUW1_7696118010,100,blue,16.2,9,9.003483333333334,Renata,7295.0,6933.0,MID_LANE
EUW1_7696118010,100,blue,16.2,10,10.003716666666667,Renata,4274.0,2283.0,BLUE_BOT_JUNGLE
EUW1_7696118010,200,red,16.2,9,9.003483333333334,Leona,6755.0,8987.0,RED_TOP_JUNGLE
EUW1_7696118010,200,red,16.2,10,10.003716666666667,Leona,6356.0,9296.0,RED_TOP_JUNGLE
EUW1_7696118474,200,red,16.2,5,5.002483333333333,Milio,9968.0,9610.0,RED_BOT_JUNGLE
EUW1_7696118670,100,blue,16.2,9,9.003883333333333,Zilean,2994.0,10767.0,TOP_SIDE_NEAR
EUW1_7696118670,200,red,16.2,9,9.003883333333333,Nami,8637.0,8121.0,MID_LANE
EUW1_7696118812,100,blue,16.2,10,10.0043,Sona,2617.0,3299.0,BLUE_TOP_JUNGLE
EUW1_7696118812,100,blue,16.2,11,11.00475,Sona,8150.0,6947.0,MID_LANE
EUW1_7696118812,200,red,16.2,8,8.003633333333333,Zac,10353.0,10085.0,RED_BOT_JUNGLE
EUW1_7696118838,100,blue,16.2,8,8.003466666666666,Nami,5197.0,8144.0,BLUE_TOP_JUNGLE
EUW1_7696118838,200,red,16.2,7,7.003266666666667,Karma,1973.0,9726.0,TOP_SIDE_NEAR
EUW1_7696119155,100,blue,16.2,8,8.001216666666666,Braum,6174.0,4981.0,BLUE_BOT_JUNGLE
EUW1_7696119155,100,blue,16.2,9,9.001416666666668,Braum,5115.0,13018.0,TOP_SIDE_NEAR
EUW1_7696120968,200,red,16.2,11,11.005233333333333,Sona,9613.0,8890.0,MID_LANE
EUW1_7696121291,100,blue,16.2,8,8.003483333333334,Karma,3010.0,7447.0,BLUE_TOP_JUNGLE
EUW1_7696121479,200,red,16.2,9,9.00315,Elise,6870.0,7223.0,MID_LANE
EUW1_7696121479,200,red,16.2,10,10.003666666666666,Elise,9365.0,11344.0,RED_TOP_JUNGLE
EUW1_7696121479,200,red,16.2,11,11.004183333333334,Elise,2650.0,12229.0,TOP_LANE_CORE
EUW1_7696122187,100,blue,16.2,7,7.003,Rell,5591.0,5737.0,BLUE_BOT_JUNGLE
EUW1_7696122187,100,blue,16.2,8,8.003333333333334,Rell,7590.0,5999.0,BLUE_BOT_JUNGLE
EUW1_7696122187,200,red,16.2,7,7.003,Senna,10888.0,10378.0,RED_BOT_JUNGLE
EUW1_7696122187,200,red,16.2,11,11.004066666666667,Senna,8150.0,8768.0,MID_LANE
EUW1_7696122364,200,red,16.2,7,7.0033,Nautilus,6824.0,5608.0,BLUE_BOT_JUNGLE
EUW1_7696122364,200,red,16.2,9,9.00415,Nautilus,5665.0,8684.0,RIVER_TOP
EUW1_7696122889,100,blue,16.2,8,8.004133333333334,Leona,5407.0,7178.0,BLUE_TOP_JUNGLE
EUW1_7696122889,100,blue,16.2,9,9.00455,Leona,6743.0,3150.0,BLUE_BOT_JUNGLE
EUW1_7696122889,100,blue,16.2,10,10.0047,Leona,7318.0,2630.0,BLUE_BOT_JUNGLE
EUW1_7696122889,200,red,16.2,9,9.00455,Neeko,6002.0,8126.0,RIVER_TOP
EUW1_7696122889,200,red,16.2,10,10.0047,Neeko,8405.0,2717.0,BLUE_BOT_JUNGLE
EUW1_7696123163,100,blue,16.2,7,7.00355,Blitzcrank,7937.0,2355.0,BLUE_BOT_JUNGLE
EUW1_7696123181,100,blue,16.2,8,8.00395,Nautilus,6061.0,9327.0,RIVER_TOP
EUW1_7696123181,100,blue,16.2,11,11.004383333333333,Nautilus,4898.0,8511.0,RIVER_TOP
EUW1_7696123181,200,red,16.2,10,10.004033333333334,Leona,7277.0,6276.0,MID_LANE
EUW1_7696123181,200,red,16.2,11,11.004383333333333,Leona,8530.0,9083.0,MID_LANE
EUW1_7696124237,100,blue,16.2,9,9.0042,Lux,7732.0,5188.0,BLUE_BOT_JUNGLE
EUW1_7696124237,200,red,16.2,9,9.0042,Thresh,8147.0,7835.0,MID_LANE
EUW1_7696124237,200,red,16.2,11,11.004916666666666,Thresh,10198.0,6108.0,RED_BOT_JUNGLE
EUW1_7696124440,100,blue,16.2,5,5.003033333333334,Lulu,5689.0,5233.0,BLUE_BOT_JUNGLE
EUW1_7696124440,100,blue,16.2,8,8.00385,Lulu,11780.0,7006.0,RED_BOT_JUNGLE
EUW1_7696124440,100,blue,16.2,10,10.0046,Lulu,4834.0,9001.0,TOP_SIDE_NEAR
EUW1_7696124440,200,red,16.2,9,9.004233333333334,Thresh,6544.0,9462.0,RED_TOP_JUNGLE
EUW1_7696124440,200,red,16.2,10,10.0046,Thresh,3977.0,10294.0,TOP_SIDE_NEAR
EUW1_7696124655,200,red,16.2,5,5.001316666666667,Nautilus,11653.0,11220.0,RED_BOT_JUNGLE
EUW1_7696124655,200,red,16.2,9,9.003883333333333,Nautilus,10932.0,11438.0,RED_TOP_JUNGLE
EUW1_7696125560,100,blue,16.2,9,9.003183333333334,Nami,5423.0,8884.0,RIVER_TOP
EUW1_7696125560,200,red,16.2,9,9.003183333333334,Thresh,6558.0,9599.0,RED_TOP_JUNGLE
EUW1_7696125766,100,blue,16.2,6,6.0011,Blitzcrank,8144.0,5109.0,BLUE_BOT_JUNGLE
EUW1_7696125766,100,blue,16.2,10,10.002883333333333,Blitzcrank,7645.0,6924.0,MID_LANE
EUW1_7696125766,100,blue,16.2,11,11.0035,Blitzcrank,6882.0,6541.0,MID_LANE
EUW1_7696125766,200,red,16.2,9,9.00265,Thresh,4158.0,9491.0,TOP_SIDE_NEAR
EUW1_7696125766,200,red,16.2,11,11.0035,Thresh,8438.0,8294.0,MID_LANE
EUW1_7696126284,100,blue,16.2,9,9.004016666666667,Zoe,5976.0,5571.0,BLUE_BOT_JUNGLE
EUW1_7696127610,100,blue,16.2,8,8.002933333333333,Karma,3374.0,9128.0,TOP_SIDE_NEAR
EUW1_7696127610,100,blue,16.2,9,9.003233333333334,Karma,7303.0,5149.0,BLUE_BOT_JUNGLE
EUW1_7696127610,200,red,16.2,8,8.002933333333333,Thresh,9811.0,11783.0,RED_TOP_JUNGLE
EUW1_7696127610,200,red,16.2,9,9.003233333333334,Thresh,10645.0,7498.0,RED_BOT_JUNGLE
EUW1_7696129842,200,red,16.2,7,7.00295,Sona,9572.0,7456.0,RED_BOT_JUNGLE
EUW1_7696129842,200,red,16.2,9,9.003683333333333,Sona,8504.0,5269.0,BLUE_BOT_JUNGLE
EUW1_7696130447,100,blue,16.2,9,9.003833333333333,Nautilus,6082.0,10878.0,TOP_SIDE_NEAR
EUW1_7696130447,100,blue,16.2,10,10.004183333333334,Nautilus,8334.0,5433.0,BLUE_BOT_JUNGLE
EUW1_7696130447,200,red,16.2,9,9.003833333333333,FiddleSticks,6572.0,9952.0,RED_TOP_JUNGLE
EUW1_7696130447,200,red,16.2,11,11.004633333333333,FiddleSticks,10433.0,10011.0,RED_BOT_JUNGLE
EUW1_7696131053,100,blue,16.2,6,6.000783333333334,Braum,8554.0,4688.0,BLUE_BOT_JUNGLE
EUW1_7696131053,100,blue,16.2,8,8.001566666666667,Braum,8386.0,2387.0,BLUE_BOT_JUNGLE
EUW1_7696131053,200,red,16.2,6,6.000783333333334,Janna,8477.0,5388.0,BLUE_BOT_JUNGLE
EUW1_7696131437,200,red,16.2,7,7.00295,Janna,5129.0,11557.0,TOP_SIDE_NEAR
EUW1_7696131437,200,red,16.2,8,8.0034,Janna,7592.0,8032.0,MID_LANE
EUW1_7696131437,200,red,16.2,9,9.003583333333333,Janna,10061.0,7010.0,RED_BOT_JUNGLE
EUW1_7696131683,100,blue,16.2,5,5.001166666666666,Pyke,5749.0,5285.0,BLUE_BOT_JUNGLE
EUW1_7696131683,100,blue,16.2,9,9.003783333333333,Pyke,6496.0,8206.0,RIVER_TOP
EUW1_7696131683,100,blue,16.2,10,10.003883333333333,Pyke,3291.0,11385.0,TOP_SIDE_NEAR
EUW1_7696131683,200,red,16.2,5,5.001166666666666,Pantheon,12204.0,9853.0,RED_BOT_JUNGLE
EUW1_7696131683,200,red,16.2,9,9.003783333333333,Pantheon,6404.0,8377.0,RIVER_TOP
EUW1_7696132806,100,blue,16.2,8,8.00385,Karma,8602.0,4972.0,BLUE_BOT_JUNGLE
EUW1_7696132806,100,blue,16.2,9,9.004383333333333,Karma,7330.0,6052.0,BLUE_BOT_JUNGLE
EUW1_7696132806,200,red,16.2,8,8.00385,Rakan,11421.0,10886.0,RED_BOT_JUNGLE
EUW1_7696132950,100,blue,16.2,8,8.004116666666667,Thresh,5809.0,6645.0,MID_LANE
EUW1_7696132950,100,blue,16.2,11,11.005016666666666,Thresh,7404.0,5868.0,BLUE_BOT_JUNGLE
EUW1_7696132950,200,red,16.2,6,6.00295,Elise,4168.0,11733.0,TOP_SIDE_NEAR
EUW1_7696132950,200,red,16.2,8,8.004116666666667,Elise,5603.0,6506.0,MID_LANE
EUW1_7696132950,200,red,16.2,9,9.004283333333333,Elise,5803.0,8153.0,RIVER_TOP
EUW1_7696132950,200,red,16.2,11,11.005016666666666,Elise,8127.0,5686.0,BLUE_BOT_JUNGLE
EUW1_7696133382,100,blue,16.2,6,6.003266666666667,Pyke,5661.0,6164.0,MID_LANE
EUW1_7696133382,100,blue,16.2,8,8.0041,Pyke,7134.0,9108.0,RED_TOP_JUNGLE
EUW1_7696133382,200,red,16.2,6,6.003266666666667,Bard,7700.0,8012.0,MID_LANE
EUW1_7696133514,100,blue,16.2,8,8.0039,Thresh,7570.0,8701.0,MID_LANE
EUW1_7696133514,200,red,16.2,5,5.000916666666667,Bard,12175.0,8752.0,RED_BOT_JUNGLE
EUW1_7696133514,200,red,16.2,8,8.0039,Bard,8450.0,8920.0,MID_LANE
EUW1_7696133514,200,red,16.2,11,11.004483333333333,Bard,6423.0,9401.0,RED_TOP_JUNGLE
EUW1_7696133629,100,blue,16.2,8,8.0036,Leona,4796.0,6895.0,BLUE_TOP_JUNGLE
EUW1_7696133727,100,blue,16.2,6,6.001133333333334,Bard,8196.0,5277.0,BLUE_BOT_JUNGLE
EUW1_7696133727,200,red,16.2,6,6.001133333333334,Nami,7991.0,5703.0,BLUE_BOT_JUNGLE
EUW1_7696134342,100,blue,16.2,5,5.002583333333333,Bard,3434.0,4044.0,BLUE_TOP_JUNGLE
EUW1_7696134342,100,blue,16.2,8,8.003083333333333,Bard,9643.0,6574.0,RED_BOT_JUNGLE
EUW1_7696135489,200,red,16.2,9,9.004383333333333,Sona,7962.0,7935.0,MID_LANE
EUW1_7696135813,100,blue,16.2,7,7.00315,Braum,1701.0,12958.0,TOP_LANE_CORE
EUW1_7696135813,100,blue,16.2,9,9.004166666666666,Braum,2851.0,7053.0,BLUE_TOP_JUNGLE
EUW1_7696135813,100,blue,16.2,10,10.004666666666667,Braum,8272.0,2117.0,BLUE_BOT_JUNGLE
EUW1_7696135813,200,red,16.2,6,6.0030833333333335,Alistar,9119.0,9433.0,RED_TOP_JUNGLE
EUW1_7696135813,200,red,16.2,9,9.004166666666666,Alistar,6408.0,11175.0,TOP_SIDE_NEAR
EUW1_7696136082,100,blue,16.2,8,8.003416666666666,Nidalee,3510.0,8759.0,TOP_SIDE_NEAR
EUW1_7696136082,200,red,16.2,11,11.004266666666666,Pantheon,12091.0,8043.0,RED_BOT_JUNGLE
EUW1_7696136176,100,blue,16.2,9,9.0048,Nautilus,4313.0,4155.0,BLUE_BOT_JUNGLE
EUW1_7696136176,100,blue,16.2,11,11.005116666666666,Nautilus,6382.0,6011.0,MID_LANE
EUW1_7696136176,200,red,16.2,11,11.005116666666666,Lulu,8386.0,8199.0,MID_LANE
EUW1_7696136365,200,red,16.2,8,8.00365,Lulu,7606.0,6706.0,MID_LANE
EUW1_7696136365,200,red,16.2,9,9.003733333333333,Lulu,8441.0,8884.0,MID_LANE
EUW1_7696136560,100,blue,16.2,8,8.003066666666667,Bard,5296.0,7277.0,BLUE_TOP_JUNGLE
EUW1_7696136560,100,blue,16.2,9,9.003366666666667,Bard,2365.0,9081.0,TOP_SIDE_NEAR
EUW1_7696136608,100,blue,16.2,8,8.0038,Maokai,8175.0,6866.0,MID_LANE
EUW1_7696136608,100,blue,16.2,9,9.003966666666667,Maokai,3301.0,12316.0,TOP_SIDE_NEAR
EUW1_7696136608,100,blue,16.2,11,11.0045,Maokai,8638.0,4638.0,BLUE_BOT_JUNGLE
EUW1_7696136608,200,red,16.2,8,8.0038,Bard,10016.0,7662.0,RED_BOT_JUNGLE
EUW1_7696136608,200,red,16.2,9,9.003966666666667,Bard,3292.0,12855.0,TOP_LANE_CORE
EUW1_7696136608,200,red,16.2,10,10.0041,Bard,9532.0,8105.0,RED_BOT_JUNGLE
EUW1_7696137144,100,blue,16.2,6,6.002916666666667,Nautilus,8590.0,4686.0,BLUE_BOT_JUNGLE
EUW1_7696137550,100,blue,16.2,6,6.003383333333334,Bard,6088.0,2076.0,BLUE_BOT_JUNGLE
EUW1_7696137550,100,blue,16.2,10,10.00515,Bard,7279.0,4687.0,BLUE_BOT_JUNGLE
EUW1_7696137550,100,blue,16.2,11,11.005166666666666,Bard,5925.0,6808.0,MID_LANE
EUW1_7696137550,200,red,16.2,11,11.005166666666666,Karma,8996.0,8231.0,MID_LANE
EUW1_7696138217,100,blue,16.2,10,10.004033333333334,Velkoz,8182.0,7701.0,MID_LANE
EUW1_7696138217,100,blue,16.2,11,11.004483333333333,Velkoz,12538.0,6450.0,RED_BOT_JUNGLE
EUW1_7696138217,200,red,16.2,6,6.00285,Janna,9028.0,8000.0,MID_LANE
EUW1_7696138217,200,red,16.2,7,7.00295,Janna,4683.0,11595.0,TOP_SIDE_NEAR
EUW1_7696138217,200,red,16.2,8,8.003016666666667,Janna,11722.0,6541.0,RED_BOT_JUNGLE
EUW1_7696138217,200,red,16.2,10,10.004033333333334,Janna,9477.0,8319.0,MID_LANE
EUW1_7696138217,200,red,16.2,11,11.004483333333333,Janna,12481.0,9530.0,RED_BOT_JUNGLE
EUW1_7696139224,100,blue,16.2,11,11.005033333333333,Zoe,4799.0,4975.0,BLUE_BOT_JUNGLE
EUW1_7696141173,100,blue,16.2,6,6.00365,Alistar,6984.0,7369.0,MID_LANE
EUW1_7696141173,100,blue,16.2,7,7.00365,Alistar,5265.0,13449.0,TOP_LANE_CORE
EUW1_7696141173,100,blue,16.2,9,9.004633333333333,Alistar,7371.0,6981.0,MID_LANE
EUW1_7696141173,200,red,16.2,7,7.00365,Rell,6214.0,10281.0,TOP_SIDE_NEAR
EUW1_7696141173,200,red,16.2,8,8.004166666666666,Rell,10072.0,6515.0,RED_BOT_JUNGLE
EUW1_7696141173,200,red,16.2,10,10.004933333333334,Rell,10078.0,6785.0,RED_BOT_JUNGLE
EUW1_7696142883,100,blue,16.2,5,5.000966666666667,Elise,3929.0,8555.0,TOP_SIDE_NEAR
EUW1_7696142883,100,blue,16.2,7,7.00135,Elise,7468.0,4730.0,BLUE_BOT_JUNGLE
EUW1_7696142883,100,blue,16.2,8,8.001383333333333,Elise,1780.0,11515.0,TOP_LANE_CORE
EUW1_7696142883,200,red,16.2,5,5.000966666666667,Sona,7916.0,7023.0,MID_LANE
EUW1_7696142883,200,red,16.2,11,11.00375,Sona,8983.0,7995.0,MID_LANE
EUW1_7696144030,100,blue,16.2,10,10.003633333333333,Rakan,4804.0,4319.0,BLUE_BOT_JUNGLE
EUW1_7696144030,100,blue,16.2,11,11.00385,Rakan,5335.0,7233.0,BLUE_TOP_JUNGLE
EUW1_7696144030,200,red,16.2,11,11.00385,Trundle,5072.0,8005.0,BLUE_TOP_JUNGLE
EUW1_7696144161,100,blue,16.2,11,11.004,Janna,6281.0,10108.0,RED_TOP_JUNGLE
EUW1_7696144161,200,red,16.2,6,6.002266666666666,Nautilus,11141.0,10625.0,RED_BOT_JUNGLE
EUW1_7696144161,200,red,16.2,11,11.004,Nautilus,8645.0,10176.0,RED_TOP_JUNGLE
EUW1_7696144875,100,blue,16.2,8,8.001816666666667,Bard,8193.0,7401.0,MID_LANE
EUW1_7696144875,100,blue,16.2,9,9.0032,Bard,3608.0,8910.0,TOP_SIDE_NEAR
EUW1_7696144875,200,red,16.2,10,10.0035,Janna,7045.0,8990.0,RED_TOP_JUNGLE
EUW1_7696144875,200,red,16.2,11,11.003966666666667,Janna,1311.0,12499.0,TOP_LANE_CORE
EUW1_7696144949,100,blue,16.2,6,6.003466666666666,Pyke,7932.0,5240.0,BLUE_BOT_JUNGLE
EUW1_7696144949,100,blue,16.2,7,7.003583333333333,Pyke,7729.0,10986.0,RED_TOP_JUNGLE
EUW1_7696144949,100,blue,16.2,10,10.004866666666667,Pyke,6534.0,8034.0,MID_LANE
EUW1_7696144949,100,blue,16.2,11,11.005266666666667,Pyke,2673.0,4711.0,BLUE_TOP_JUNGLE
EUW1_7696144949,200,red,16.2,11,11.005266666666667,Leona,6928.0,7296.0,MID_LANE
EUW1_7696145063,100,blue,16.2,8,8.004083333333334,Thresh,3266.0,7271.0,BLUE_TOP_JUNGLE
EUW1_7696145063,100,blue,16.2,9,9.004483333333333,Thresh,7011.0,4784.0,BLUE_BOT_JUNGLE
EUW1_7696145063,200,red,16.2,11,11.00545,Velkoz,4081.0,11710.0,TOP_SIDE_NEAR
EUW1_7696145103,100,blue,16.2,8,8.004316666666666,Lulu,12070.0,6583.0,RED_BOT_JUNGLE
EUW1_7696145678,100,blue,16.2,5,5.00265,Bard,8301.0,7390.0,MID_LANE
EUW1_7696145678,100,blue,16.2,7,7.0033,Bard,8490.0,7587.0,MID_LANE
EUW1_7696145678,100,blue,16.2,8,8.003316666666667,Bard,5363.0,8390.0,RIVER_TOP
EUW1_7696145678,200,red,16.2,8,8.003316666666667,Thresh,6527.0,8498.0,RIVER_TOP
EUW1_7696146088,100,blue,16.2,11,11.003783333333333,Sona,6708.0,7290.0,MID_LANE
EUW1_7696146088,200,red,16.2,8,8.003,Taric,3492.0,9844.0,TOP_SIDE_NEAR
EUW1_7696146088,200,red,16.2,11,11.003783333333333,Taric,9581.0,9317.0,RED_TOP_JUNGLE
EUW1_7696146286,200,red,16.2,5,5.002633333333334,Pyke,8966.0,10956.0,RED_TOP_JUNGLE
EUW1_7696146286,200,red,16.2,6,6.0027333333333335,Pyke,6705.0,7316.0,MID_LANE
EUW1_7696149111,200,red,16.2,8,8.00365,Pantheon,7917.0,10175.0,RED_TOP_JUNGLE
EUW1_7696149111,200,red,16.2,10,10.004316666666666,Pantheon,11908.0,11366.0,RED_BOT_JUNGLE
EUW1_7696149940,100,blue,16.2,10,10.0043,Shen,2378.0,11518.0,TOP_SIDE_NEAR
EUW1_7696149940,200,red,16.2,11,11.00485,Zyra,9977.0,9147.0,RED_BOT_JUNGLE
EUW1_7696150499,100,blue,16.2,6,6.003333333333333,Elise,5377.0,3459.0,BLUE_BOT_JUNGLE
EUW1_7696150499,200,red,16.2,10,10.0046,Alistar,7783.0,5664.0,BLUE_BOT_JUNGLE
EUW1_7696150635,200,red,16.2,9,9.003983333333334,Thresh,7695.0,7733.0,MID_LANE
EUW1_7696150712,100,blue,16.2,10,10.002966666666667,Pyke,6947.0,6358.0,MID_LANE
EUW1_7696151218,100,blue,16.2,5,5.0031,Milio,8123.0,1986.0,BLUE_BOT_JUNGLE
EUW1_7696151218,200,red,16.2,5,5.0031,Elise,7726.0,8000.0,MID_LANE
EUW1_7696151218,200,red,16.2,9,9.004216666666666,Elise,6738.0,7077.0,MID_LANE
EUW1_7696151218,200,red,16.2,10,10.004416666666666,Elise,4870.0,10444.0,BARON_GRUBS_HERALD_AREA
EUW1_7696151315,100,blue,16.2,6,6.003,Thresh,7641.0,7008.0,MID_LANE
EUW1_7696151315,100,blue,16.2,7,7.0034,Thresh,5154.0,3199.0,BLUE_BOT_JUNGLE
EUW1_7696151315,100,blue,16.2,9,9.003866666666667,Thresh,6261.0,9216.0,RIVER_TOP
EUW1_7696151315,100,blue,16.2,10,10.00425,Thresh,7099.0,7256.0,MID_LANE
EUW1_7696151315,100,blue,16.2,11,11.004416666666666,Thresh,1571.0,9388.0,TOP_LANE_CORE
EUW1_7696152064,100,blue,16.2,8,8.003966666666667,Thresh,3098.0,3739.0,BLUE_TOP_JUNGLE
EUW1_7696152064,100,blue,16.2,9,9.004516666666667,Thresh,6941.0,6208.0,MID_LANE
EUW1_7696152064,200,red,16.2,9,9.004516666666667,Sona,7823.0,5957.0,BLUE_BOT_JUNGLE
EUW1_7696152161,100,blue,16.2,5,5.002566666666667,Janna,4501.0,3999.0,BLUE_BOT_JUNGLE
EUW1_7696152161,100,blue,16.2,9,9.00365,Janna,5965.0,6874.0,MID_LANE
EUW1_7696152161,200,red,16.2,6,6.0029,Bard,10237.0,6128.0,RED_BOT_JUNGLE
EUW1_7696152161,200,red,16.2,9,9.00365,Bard,6263.0,8798.0,RIVER_TOP
EUW1_7696152357,200,red,16.2,10,10.004583333333333,Sona,8670.0,7971.0,MID_LANE
EUW1_7696152725,100,blue,16.2,7,7.001116666666666,Karma,1119.0,12303.0,TOP_LANE_CORE
EUW1_7696152725,200,red,16.2,10,10.001733333333334,Nidalee,7602.0,6915.0,MID_LANE
EUW1_7696153179,100,blue,16.2,9,9.00405,Sylas,5752.0,5336.0,BLUE_BOT_JUNGLE
EUW1_7696153179,100,blue,16.2,10,10.004116666666667,Sylas,4292.0,11691.0,TOP_SIDE_NEAR
EUW1_7696153179,200,red,16.2,7,7.003166666666667,Pyke,11320.0,11965.0,RED_TOP_JUNGLE
EUW1_7696153179,200,red,16.2,11,11.0045,Pyke,4318.0,11850.0,TOP_SIDE_NEAR
EUW1_7696153441,100,blue,16.2,7,7.001433333333333,Rakan,2522.0,9700.0,TOP_SIDE_NEAR
EUW1_7696153441,100,blue,16.2,9,9.001716666666667,Rakan,6066.0,10267.0,TOP_SIDE_NEAR
EUW1_7696153441,100,blue,16.2,11,11.00215,Rakan,6340.0,9126.0,RIVER_TOP
EUW1_7696153441,200,red,16.2,8,8.00155,Soraka,12141.0,9996.0,RED_BOT_JUNGLE
EUW1_7696153495,100,blue,16.2,9,9.001616666666667,Bard,4818.0,6485.0,BLUE_TOP_JUNGLE
EUW1_7696153495,200,red,16.2,7,7.0011,Zilean,4537.0,13777.0,TOP_LANE_CORE
EUW1_7696153495,200,red,16.2,9,9.001616666666667,Zilean,6793.0,9069.0,RED_TOP_JUNGLE
EUW1_7696153949,100,blue,16.2,8,8.003833333333333,Sona,3535.0,4159.0,BLUE_TOP_JUNGLE
EUW1_7696153949,100,blue,16.2,9,9.004833333333334,Sona,1676.0,9127.0,TOP_LANE_CORE
EUW1_7696153949,200,red,16.2,8,8.003833333333333,Nami,6283.0,8280.0,RIVER_TOP
EUW1_7696153949,200,red,16.2,9,9.004833333333334,Nami,4208.0,9823.0,TOP_SIDE_NEAR
EUW1_7696154221,100,blue,16.2,9,9.003783333333333,Karma,7551.0,10082.0,RED_TOP_JUNGLE
EUW1_7696154221,100,blue,16.2,10,10.00405,Karma,8121.0,2315.0,BLUE_BOT_JUNGLE
EUW1_7696154221,200,red,16.2,8,8.003633333333333,Poppy,3928.0,9522.0,TOP_SIDE_NEAR
EUW1_7696154221,200,red,16.2,9,9.003783333333333,Poppy,11260.0,10771.0,RED_BOT_JUNGLE
EUW1_7696154221,200,red,16.2,10,10.00405,Poppy,6979.0,6666.0,MID_LANE
EUW1_7696154221,200,red,16.2,11,11.004216666666666,Poppy,8059.0,3501.0,BLUE_BOT_JUNGLE
EUW1_7696154433,100,blue,16.2,8,8.003633333333333,Rengar,7715.0,11781.0,RED_TOP_JUNGLE
EUW1_7696154433,100,blue,16.2,9,9.0038,Rengar,4853.0,5728.0,BLUE_TOP_JUNGLE
EUW1_7696154433,200,red,16.2,8,8.003633333333333,Karma,8508.0,11529.0,RED_TOP_JUNGLE
EUW1_7696154433,200,red,16.2,9,9.0038,Karma,3583.0,11622.0,TOP_SIDE_NEAR
EUW1_7696154433,200,red,16.2,10,10.004,Karma,8154.0,6883.0,MID_LANE
EUW1_7696154811,100,blue,16.2,9,9.003816666666667,Lulu,3294.0,11617.0,TOP_SIDE_NEAR
EUW1_7696154811,100,blue,16.2,11,11.004133333333334,Lulu,3813.0,10785.0,TOP_SIDE_NEAR
EUW1_7696157793,100,blue,16.2,5,5.002966666666667,Nami,5022.0,4531.0,BLUE_BOT_JUNGLE
EUW1_7696157793,100,blue,16.2,8,8.003783333333333,Nami,6466.0,6209.0,MID_LANE
EUW1_7696157793,200,red,16.2,8,8.003783333333333,Taric,8101.0,7090.0,MID_LANE
EUW1_7696158256,100,blue,16.2,5,5.0032,Bard,8528.0,2377.0,BLUE_BOT_JUNGLE
EUW1_7696158256,100,blue,16.2,11,11.0047,Bard,7430.0,6982.0,MID_LANE
EUW1_7696158256,200,red,16.2,11,11.0047,Nidalee,8776.0,8599.0,MID_LANE
EUW1_7696158448,100,blue,16.2,9,9.003533333333333,Pantheon,7551.0,6058.0,BLUE_BOT_JUNGLE
EUW1_7696158531,200,red,16.2,5,5.00285,Rakan,3376.0,11791.0,TOP_SIDE_NEAR
EUW1_7696158531,200,red,16.2,7,7.003633333333333,Rakan,11809.0,11498.0,RED_BOT_JUNGLE
EUW1_7696158695,100,blue,16.2,7,7.003216666666667,Bard,7433.0,7059.0,MID_LANE
EUW1_7696158695,100,blue,16.2,10,10.004233333333334,Bard,5656.0,6975.0,MID_LANE
EUW1_7696158695,200,red,16.2,7,7.003216666666667,Rakan,8166.0,7905.0,MID_LANE
EUW1_7696158695,200,red,16.2,10,10.004233333333334,Rakan,4660.0,9850.0,BARON_GRUBS_HERALD_AREA
EUW1_7696159265,100,blue,16.2,5,5.0031,Karma,8266.0,7378.0,MID_LANE
EUW1_7696159265,100,blue,16.2,8,8.00395,Karma,6227.0,6308.0,MID_LANE
EUW1_7696159987,200,red,16.2,8,8.003683333333333,Zilean,7046.0,7281.0,MID_LANE
EUW1_7696159987,200,red,16.2,9,9.003716666666667,Zilean,6362.0,9767.0,RED_TOP_JUNGLE
EUW1_7696160061,100,blue,16.2,10,10.004966666666666,Nautilus,10203.0,6146.0,RED_BOT_JUNGLE
EUW1_7696160685,100,blue,16.2,10,10.004083333333334,Nautilus,5488.0,8874.0,RIVER_TOP
EUW1_7696160685,200,red,16.2,11,11.0045,Thresh,12041.0,6532.0,RED_BOT_JUNGLE
EUW1_7696160982,100,blue,16.2,10,10.004133333333334,Blitzcrank,11461.0,7120.0,RED_BOT_JUNGLE
EUW1_7696160982,200,red,16.2,7,7.003933333333333,Milio,11709.0,12264.0,RED_TOP_JUNGLE
EUW1_7696160982,200,red,16.2,10,10.004133333333334,Milio,12040.0,6501.0,RED_BOT_JUNGLE
EUW1_7696161374,100,blue,16.2,5,5.002816666666667,Rell,7224.0,7607.0,MID_LANE
EUW1_7696161374,100,blue,16.2,8,8.003783333333333,Rell,7556.0,7414.0,MID_LANE
EUW1_7696161374,100,blue,16.2,10,10.004583333333333,Rell,8655.0,4890.0,BLUE_BOT_JUNGLE
EUW1_7696161832,100,blue,16.2,6,6.003933333333333,Elise,8694.0,8129.0,MID_LANE
EUW1_7696161832,100,blue,16.2,10,10.00555,Elise,4815.0,6604.0,BLUE_TOP_JUNGLE
EUW1_7696161832,100,blue,16.2,11,11.005666666666666,Elise,6093.0,6165.0,MID_LANE
EUW1_7696161903,100,blue,16.2,9,9.003266666666667,Pyke,5296.0,5545.0,BLUE_BOT_JUNGLE
EUW1_7696161903,100,blue,16.2,11,11.00375,Pyke,4790.0,4381.0,BLUE_BOT_JUNGLE
EUW1_7696161903,200,red,16.2,9,9.003266666666667,Leona,8358.0,3646.0,BLUE_BOT_JUNGLE
EUW1_7696162601,100,blue,16.2,10,10.004533333333333,Nami,4807.0,9436.0,TOP_SIDE_NEAR
EUW1_7696162601,200,red,16.2,5,5.0030166666666664,Poppy,10396.0,6148.0,RED_BOT_JUNGLE
EUW1_7696162601,200,red,16.2,10,10.004533333333333,Poppy,8970.0,9647.0,RED_TOP_JUNGLE
EUW1_7696163180,100,blue,16.2,11,11.004183333333334,Twitch,3882.0,2685.0,BLUE_BOT_JUNGLE
EUW1_7696163469,100,blue,16.2,8,8.003266666666667,Leona,3594.0,10613.0,TOP_SIDE_NEAR
EUW1_7696163469,200,red,16.2,5,5.002766666666667,Thresh,7872.0,6008.0,BLUE_BOT_JUNGLE
EUW1_7696163469,200,red,16.2,7,7.0032,Thresh,11354.0,6215.0,RED_BOT_JUNGLE
EUW1_7696163469,200,red,16.2,8,8.003266666666667,Thresh,4422.0,9652.0,TOP_SIDE_NEAR
EUW1_7696164032,100,blue,16.2,11,11.006166666666667,Karma,7028.0,7459.0,MID_LANE
EUW1_7696164032,200,red,16.2,8,8.0047,Renata,8107.0,8524.0,MID_LANE
EUW1_7696164032,200,red,16.2,11,11.006166666666667,Renata,8433.0,7924.0,MID_LANE
EUW1_7696164734,100,blue,16.2,5,5.002516666666667,Lulu,8022.0,7482.0,MID_LANE
EUW1_7696164734,100,blue,16.2,6,6.00295,Lulu,7049.0,6975.0,MID_LANE
EUW1_7696164734,100,blue,16.2,11,11.0044,Lulu,8685.0,7921.0,MID_LANE
EUW1_7696164734,200,red,16.2,11,11.0044,Leona,9076.0,9015.0,MID_LANE
EUW1_7696166341,200,red,16.2,6,6.002683333333334,Nautilus,11209.0,13013.0,RED_TOP_JUNGLE
EUW1_7696166341,200,red,16.2,8,8.003183333333334,Nautilus,7132.0,9724.0,RED_TOP_JUNGLE
EUW1_7696166341,200,red,16.2,10,10.003866666666667,Nautilus,12372.0,11775.0,RED_BOT_JUNGLE
EUW1_7696166812,200,red,16.2,6,6.003216666666667,Bard,11161.0,14193.0,TOP_LANE_CORE
EUW1_7696166812,200,red,16.2,8,8.004,Bard,11724.0,10005.0,RED_BOT_JUNGLE
EUW1_7696166988,100,blue,16.2,6,6.001366666666667,Nautilus,8637.0,5309.0,BLUE_BOT_JUNGLE
EUW1_7696166988,100,blue,16.2,7,7.00295,Nautilus,10618.0,6124.0,RED_BOT_JUNGLE
EUW1_7696166988,100,blue,16.2,10,10.004,Nautilus,5830.0,9131.0,RIVER_TOP
EUW1_7696166988,200,red,16.2,5,5.00105,Bard,8566.0,4832.0,BLUE_BOT_JUNGLE
EUW1_7696167182,100,blue,16.2,7,7.0029,Rell,2969.0,9112.0,TOP_SIDE_NEAR
EUW1_7696167182,100,blue,16.2,10,10.00405,Rell,7456.0,6800.0,MID_LANE
EUW1_7696167182,100,blue,16.2,11,11.004433333333333,Rell,11499.0,7089.0,RED_BOT_JUNGLE
EUW1_7696167559,100,blue,16.2,6,6.003783333333334,Nautilus,7837.0,7546.0,MID_LANE
EUW1_7696167606,100,blue,16.2,9,9.003833333333333,Neeko,5813.0,9472.0,RIVER_TOP
EUW1_7696167606,100,blue,16.2,11,11.003933333333332,Neeko,6306.0,6430.0,MID_LANE
EUW1_7696167606,200,red,16.2,6,6.00255,FiddleSticks,12096.0,8091.0,RED_BOT_JUNGLE
EUW1_7696167606,200,red,16.2,11,11.003933333333332,FiddleSticks,10211.0,9644.0,RED_BOT_JUNGLE
EUW1_7696168607,100,blue,16.2,8,8.002966666666667,Nautilus,4443.0,11669.0,TOP_SIDE_NEAR
EUW1_7696168607,100,blue,16.2,9,9.003516666666666,Nautilus,1571.0,6503.0,TOP_LANE_CORE
EUW1_7696168607,100,blue,16.2,11,11.0045,Nautilus,7207.0,4862.0,BLUE_BOT_JUNGLE
EUW1_7696168607,200,red,16.2,8,8.002966666666667,Bard,9997.0,8618.0,RED_BOT_JUNGLE
EUW1_7696168607,200,red,16.2,9,9.003516666666666,Bard,3213.0,8257.0,TOP_SIDE_NEAR
EUW1_7696168607,200,red,16.2,11,11.0045,Bard,7821.0,5173.0,BLUE_BOT_JUNGLE
EUW1_7696168758,200,red,16.2,10,10.004566666666667,Nautilus,7571.0,6163.0,BLUE_BOT_JUNGLE
EUW1_7696169146,100,blue,16.2,8,8.00405,Nautilus,5327.0,8274.0,RIVER_TOP
EUW1_7696169146,200,red,16.2,8,8.00405,Braum,11205.0,6499.0,RED_BOT_JUNGLE
EUW1_7696169146,200,red,16.2,11,11.005333333333333,Braum,9933.0,8885.0,MID_LANE
EUW1_7696169804,100,blue,16.2,6,6.0014,Bard,8070.0,1918.0,BLUE_BOT_JUNGLE
EUW1_7696169804,100,blue,16.2,10,10.004133333333334,Bard,5558.0,5323.0,BLUE_BOT_JUNGLE
EUW1_7696169804,200,red,16.2,9,9.0039,Poppy,2704.0,12754.0,TOP_LANE_CORE
EUW1_7696169869,200,red,16.2,9,9.004033333333334,Rakan,3194.0,11268.0,TOP_SIDE_NEAR
EUW1_7696170010,200,red,16.2,7,7.00275,Pantheon,8531.0,13227.0,TOP_LANE_CORE
EUW1_7696172329,100,blue,16.2,5,5.002966666666667,Alistar,11869.0,7356.0,RED_BOT_JUNGLE
EUW1_7696172329,100,blue,16.2,7,7.003733333333333,Alistar,7929.0,7489.0,MID_LANE
EUW1_7696172329,100,blue,16.2,8,8.0038,Alistar,2996.0,3336.0,BLUE_TOP_JUNGLE
EUW1_7696172482,100,blue,16.2,8,8.003766666666667,Pyke,8306.0,7444.0,MID_LANE
EUW1_7696172482,100,blue,16.2,9,9.004116666666667,Pyke,5742.0,8958.0,RIVER_TOP
EUW1_7696172482,200,red,16.2,8,8.003766666666667,Milio,7165.0,8643.0,RED_TOP_JUNGLE
EUW1_7696172609,100,blue,16.2,7,7.003466666666666,Thresh,6255.0,6260.0,MID_LANE
EUW1_7696172609,100,blue,16.2,10,10.004416666666666,Thresh,7529.0,2883.0,BLUE_BOT_JUNGLE
EUW1_7696172609,200,red,16.2,7,7.003466666666666,Milio,7061.0,6911.0,MID_LANE
EUW1_7696172609,200,red,16.2,11,11.00475,Milio,6951.0,6427.0,MID_LANE
EUW1_7696173245,100,blue,16.2,9,9.0044,Zilean,3679.0,4222.0,BLUE_TOP_JUNGLE
EUW1_7696173245,100,blue,16.2,10,10.004683333333332,Zilean,7586.0,5735.0,BLUE_BOT_JUNGLE
EUW1_7696173245,100,blue,16.2,11,11.004866666666667,Zilean,3305.0,7769.0,BLUE_TOP_JUNGLE
EUW1_7696173245,200,red,16.2,6,6.00315,Alistar,6017.0,8194.0,RIVER_TOP
EUW1_7696173245,200,red,16.2,9,9.0044,Alistar,6824.0,5605.0,BLUE_BOT_JUNGLE
EUW1_7696173854,200,red,16.2,8,8.004116666666667,Nautilus,5969.0,8033.0,RIVER_TOP
EUW1_7696174019,100,blue,16.2,9,9.003533333333333,Galio,4630.0,9933.0,BARON_GRUBS_HERALD_AREA
EUW1_7696174019,200,red,16.2,9,9.003533333333333,Nidalee,2651.0,12606.0,TOP_LANE_CORE
EUW1_7696174525,100,blue,16.2,5,5.002583333333333,Nautilus,3855.0,2219.0,BLUE_BOT_JUNGLE
EUW1_7696174525,200,red,16.2,5,5.002583333333333,Pyke,6618.0,9049.0,RED_TOP_JUNGLE
EUW1_7696174525,200,red,16.2,9,9.00395,Pyke,2766.0,9950.0,TOP_SIDE_NEAR
EUW1_7696174673,100,blue,16.2,10,10.002583333333334,Thresh,5658.0,8497.0,RIVER_TOP
EUW1_7696174673,200,red,16.2,9,9.0022,Lulu,4280.0,10081.0,BARON_GRUBS_HERALD_AREA
EUW1_7696174673,200,red,16.2,10,10.002583333333334,Lulu,9816.0,6578.0,RED_BOT_JUNGLE
EUW1_7696174886,100,blue,16.2,9,9.003866666666667,Nautilus,5968.0,5510.0,BLUE_BOT_JUNGLE
EUW1_7696174886,200,red,16.2,7,7.002,Thresh,9962.0,8656.0,MID_LANE
EUW1_7696175464,100,blue,16.2,11,11.005583333333334,Karma,5711.0,9061.0,RIVER_TOP
EUW1_7696175624,100,blue,16.2,10,10.0046,TahmKench,8239.0,7366.0,MID_LANE
EUW1_7696175624,200,red,16.2,8,8.004433333333333,Janna,11780.0,11206.0,RED_BOT_JUNGLE
EUW1_7696175624,200,red,16.2,10,10.0046,Janna,11552.0,7500.0,RED_BOT_JUNGLE
EUW1_7696175624,200,red,16.2,11,11.004866666666667,Janna,3331.0,11282.0,TOP_SIDE_NEAR
EUW1_7696175743,100,blue,16.2,8,8.003733333333333,Alistar,3915.0,2938.0,BLUE_BOT_JUNGLE
EUW1_7696175743,200,red,16.2,8,8.003733333333333,Zilean,7306.0,9799.0,RED_TOP_JUNGLE
EUW1_7696175827,100,blue,16.2,10,10.0052,Lulu,4863.0,8585.0,RIVER_TOP
EUW1_7696175827,100,blue,16.2,11,11.0056,Lulu,6327.0,8791.0,RIVER_TOP
EUW1_7696175827,200,red,16.2,7,7.004216666666666,Milio,12052.0,8363.0,RED_BOT_JUNGLE
EUW1_7696175827,200,red,16.2,10,10.0052,Milio,3536.0,9572.0,TOP_SIDE_NEAR
EUW1_7696175827,200,red,16.2,11,11.0056,Milio,6924.0,9810.0,RED_TOP_JUNGLE
EUW1_7696176414,100,blue,16.2,10,10.001683333333334,Trundle,5006.0,9255.0,TOP_SIDE_NEAR
EUW1_7696176414,200,red,16.2,9,9.00165,Sona,5875.0,9343.0,RIVER_TOP
EUW1_7696176885,100,blue,16.2,6,6.001016666666667,Alistar,8172.0,5454.0,BLUE_BOT_JUNGLE
EUW1_7696176885,100,blue,16.2,8,8.00315,Alistar,4701.0,10705.0,BARON_GRUBS_HERALD_AREA
EUW1_7696176885,100,blue,16.2,11,11.003583333333333,Alistar,8131.0,4934.0,BLUE_BOT_JUNGLE
EUW1_7696176885,200,red,16.2,7,7.0026166666666665,Poppy,9088.0,9297.0,MID_LANE
EUW1_7696177271,100,blue,16.2,9,9.004216666666666,Alistar,2419.0,12322.0,TOP_LANE_CORE
EUW1_7696177271,200,red,16.2,10,10.00425,Karma,3140.0,10922.0,TOP_SIDE_NEAR
EUW1_7696177384,200,red,16.2,5,5.003383333333334,Elise,9951.0,7860.0,RED_BOT_JUNGLE
EUW1_7696177384,200,red,16.2,10,10.00515,Elise,3030.0,8963.0,TOP_SIDE_NEAR
EUW1_7696177527,100,blue,16.2,5,5.003166666666667,Velkoz,3142.0,2509.0,BLUE_BOT_JUNGLE
EUW1_7696177527,100,blue,16.2,9,9.00515,Velkoz,6029.0,4913.0,BLUE_BOT_JUNGLE
EUW1_7696177527,200,red,16.2,5,5.003166666666667,Bard,6824.0,6608.0,MID_LANE
EUW1_7696177527,200,red,16.2,9,9.00515,Bard,9905.0,7802.0,RED_BOT_JUNGLE
EUW1_7696177578,100,blue,16.2,11,11.005616666666667,Nidalee,1882.0,9794.0,TOP_SIDE_NEAR
EUW1_7696177731,100,blue,16.2,11,11.004016666666667,Leona,6491.0,8519.0,RIVER_TOP
EUW1_7696177873,100,blue,16.2,11,11.004133333333334,Milio,2890.0,3689.0,BLUE_TOP_JUNGLE
EUW1_7696177873,200,red,16.2,9,9.0039,Karma,4825.0,9854.0,BARON_GRUBS_HERALD_AREA
EUW1_7696177958,100,blue,16.2,6,6.002866666666667,Pantheon,6054.0,4163.0,BLUE_BOT_JUNGLE
EUW1_7696177958,100,blue,16.2,10,10.004416666666666,Pantheon,3056.0,9481.0,TOP_SIDE_NEAR
EUW1_7696177958,100,blue,16.2,11,11.004516666666667,Pantheon,7471.0,3361.0,BLUE_BOT_JUNGLE
EUW1_7696177958,200,red,16.2,6,6.002866666666667,Elise,10638.0,12618.0,RED_TOP_JUNGLE
EUW1_7696177958,200,red,16.2,10,10.004416666666666,Elise,1752.0,9905.0,TOP_LANE_CORE
EUW1_7696178073,100,blue,16.2,9,9.005433333333333,Janna,6874.0,7167.0,MID_LANE
EUW1_7696178073,100,blue,16.2,10,10.005683333333334,Janna,5700.0,6320.0,MID_LANE
EUW1_7696178179,100,blue,16.2,8,8.004316666666666,Lulu,4763.0,8370.0,BLUE_TOP_JUNGLE
EUW1_7696178179,200,red,16.2,8,8.004316666666666,Alistar,6637.0,6731.0,MID_LANE
EUW1_7696178190,100,blue,16.2,7,7.0034,Lulu,4859.0,2822.0,BLUE_BOT_JUNGLE
EUW1_7696178190,100,blue,16.2,8,8.0035,Lulu,6647.0,9463.0,RED_TOP_JUNGLE
EUW1_7696178563,200,red,16.2,9,9.002533333333334,Sona,9390.0,11465.0,RED_TOP_JUNGLE
EUW1_7696179604,200,red,16.2,6,6.003266666666667,Zilean,9192.0,7900.0,MID_LANE
EUW1_7696179604,200,red,16.2,11,11.004116666666667,Zilean,11288.0,6692.0,RED_BOT_JUNGLE
EUW1_7696179666,100,blue,16.2,7,7.003416666666666,Pyke,8218.0,7081.0,MID_LANE
EUW1_7696179666,100,blue,16.2,8,8.0037,Pyke,10101.0,6211.0,RED_BOT_JUNGLE
EUW1_7696179666,100,blue,16.2,9,9.004233333333334,Pyke,5773.0,9375.0,RIVER_TOP
EUW1_7696179666,200,red,16.2,7,7.003416666666666,Karma,8655.0,9896.0,RED_TOP_JUNGLE
EUW1_7696179666,200,red,16.2,9,9.004233333333334,Karma,5540.0,9382.0,TOP_SIDE_NEAR
EUW1_7696179666,200,red,16.2,10,10.004716666666667,Karma,12161.0,6754.0,RED_BOT_JUNGLE
EUW1_7696179711,100,blue,16.2,9,9.003916666666667,Nami,5545.0,5523.0,BLUE_BOT_JUNGLE
EUW1_7696179919,100,blue,16.2,5,5.001333333333333,Nautilus,11309.0,7832.0,RED_BOT_JUNGLE
EUW1_7696179919,100,blue,16.2,8,8.001766666666667,Nautilus,6333.0,7474.0,MID_LANE
EUW1_7696179919,100,blue,16.2,9,9.005716666666666,Nautilus,8003.0,7570.0,MID_LANE
EUW1_7696179919,200,red,16.2,8,8.001766666666667,Neeko,6641.0,7041.0,MID_LANE
EUW1_7696180412,200,red,16.2,11,11.004683333333332,Alistar,9813.0,7239.0,RED_BOT_JUNGLE
EUW1_7696180455,200,red,16.2,9,9.00335,Ivern,12167.0,9162.0,RED_BOT_JUNGLE
EUW1_7696180938,100,blue,16.2,11,11.00555,Lux,5098.0,4611.0,BLUE_BOT_JUNGLE
EUW1_7696180938,200,red,16.2,11,11.00555,Nami,12070.0,7778.0,RED_BOT_JUNGLE
EUW1_7696181274,100,blue,16.2,11,11.00395,Bard,6142.0,10980.0,TOP_SIDE_NEAR
EUW1_7696181274,200,red,16.2,11,11.00395,Braum,9304.0,8031.0,MID_LANE
EUW1_7696181583,100,blue,16.2,8,8.00365,Karma,10089.0,7121.0,RED_BOT_JUNGLE
EUW1_7696181583,100,blue,16.2,9,9.003983333333334,Karma,4894.0,9285.0,TOP_SIDE_NEAR
EUW1_7696181583,200,red,16.2,9,9.003983333333334,Blitzcrank,6706.0,9678.0,RED_TOP_JUNGLE
EUW1_7696182512,200,red,16.2,5,5.0028,Sona,9896.0,6374.0,RED_BOT_JUNGLE
EUW1_7696182690,100,blue,16.2,11,11.004866666666667,Elise,4486.0,2544.0,BLUE_BOT_JUNGLE
EUW1_7696182690,200,red,16.2,9,9.00435,Janna,7630.0,8638.0,MID_LANE
EUW1_7696182877,100,blue,16.2,11,11.00495,Braum,6874.0,4780.0,BLUE_BOT_JUNGLE
EUW1_7696183095,100,blue,16.2,10,10.004816666666667,Janna,1922.0,7857.0,TOP_SIDE_NEAR
EUW1_7696183095,100,blue,16.2,11,11.005366666666667,Janna,4771.0,8166.0,BLUE_TOP_JUNGLE
EUW1_7696183095,200,red,16.2,10,10.004816666666667,Karma,3423.0,8047.0,BLUE_TOP_JUNGLE
EUW1_7696183095,200,red,16.2,11,11.005366666666667,Karma,10930.0,7576.0,RED_BOT_JUNGLE
EUW1_7696183311,100,blue,16.2,9,9.003516666666666,Leona,4079.0,11447.0,TOP_SIDE_NEAR
EUW1_7696183311,200,red,16.2,7,7.00145,Morgana,10327.0,6455.0,RED_BOT_JUNGLE
EUW1_7696183311,200,red,16.2,9,9.003516666666666,Morgana,6976.0,9168.0,RED_TOP_JUNGLE
EUW1_7696183760,100,blue,16.2,6,6.003133333333333,Elise,3117.0,9186.0,TOP_SIDE_NEAR
EUW1_7696183760,100,blue,16.2,8,8.00375,Elise,4829.0,5463.0,BLUE_TOP_JUNGLE
EUW1_7696183760,100,blue,16.2,11,11.004533333333333,Elise,4537.0,12210.0,TOP_SIDE_NEAR
EUW1_7696183760,200,red,16.2,5,5.002933333333333,Alistar,8630.0,8370.0,MID_LANE
EUW1_7696183760,200,red,16.2,8,8.00375,Alistar,8793.0,8577.0,MID_LANE
EUW1_7696183760,200,red,16.2,11,11.004533333333333,Alistar,6637.0,11368.0,TOP_SIDE_NEAR
EUW1_7696184088,100,blue,16.2,6,6.003983333333333,Lulu,6881.0,4240.0,BLUE_BOT_JUNGLE
EUW1_7696184088,100,blue,16.2,9,9.005033333333333,Lulu,7841.0,5963.0,BLUE_BOT_JUNGLE
EUW1_7696184088,100,blue,16.2,10,10.00535,Lulu,4260.0,4045.0,BLUE_BOT_JUNGLE
EUW1_7696184088,200,red,16.2,10,10.00535,Pyke,6356.0,13200.0,TOP_LANE_CORE
EUW1_7696184623,200,red,16.2,10,10.004116666666667,Nautilus,11976.0,10107.0,RED_BOT_JUNGLE
EUW1_7696184971,100,blue,16.2,5,5.0007166666666665,Zyra,7942.0,7594.0,MID_LANE
EUW1_7696185533,200,red,16.2,8,8.003583333333333,Neeko,7770.0,5854.0,BLUE_BOT_JUNGLE
EUW1_7696185837,100,blue,16.2,6,6.003166666666667,Nami,7684.0,7010.0,MID_LANE
EUW1_7696185837,100,blue,16.2,9,9.003733333333333,Nami,4455.0,9516.0,TOP_SIDE_NEAR
EUW1_7696185837,100,blue,16.2,10,10.004283333333333,Nami,6075.0,3993.0,BLUE_BOT_JUNGLE
EUW1_7696185837,100,blue,16.2,11,11.0047,Nami,5814.0,5749.0,MID_LANE
EUW1_7696185837,200,red,16.2,10,10.004283333333333,Taric,7137.0,7761.0,MID_LANE
EUW1_7696185837,200,red,16.2,11,11.0047,Taric,6983.0,6357.0,MID_LANE
EUW1_7696185939,100,blue,16.2,11,11.005066666666666,Thresh,8269.0,5527.0,BLUE_BOT_JUNGLE
EUW1_7696185939,200,red,16.2,8,8.003616666666666,Sona,3784.0,11776.0,TOP_SIDE_NEAR
EUW1_7696185939,200,red,16.2,10,10.004733333333334,Sona,6767.0,8285.0,MID_LANE
EUW1_7696186154,200,red,16.2,10,10.004133333333334,Sona,5285.0,8285.0,RIVER_TOP
EUW1_7696186913,100,blue,16.2,6,6.0033666666666665,Karma,8486.0,4835.0,BLUE_BOT_JUNGLE
EUW1_7696186913,100,blue,16.2,8,8.004416666666666,Karma,4601.0,9233.0,TOP_SIDE_NEAR
EUW1_7696186913,100,blue,16.2,9,9.0048,Karma,3143.0,12953.0,TOP_LANE_CORE
EUW1_7696187330,100,blue,16.2,5,5.0008,Nautilus,7877.0,7604.0,MID_LANE
EUW1_7696187330,100,blue,16.2,9,9.0014,Nautilus,4828.0,7120.0,BLUE_TOP_JUNGLE
EUW1_7696188285,100,blue,16.2,7,7.0037,Elise,8737.0,9958.0,RED_TOP_JUNGLE
EUW1_7696188285,100,blue,16.2,10,10.0041,Elise,8063.0,7109.0,MID_LANE
EUW1_7696188285,200,red,16.2,10,10.0041,Braum,6406.0,9956.0,RED_TOP_JUNGLE
EUW1_7696188957,200,red,16.2,8,8.003783333333333,Neeko,3588.0,10151.0,TOP_SIDE_NEAR
EUW1_7696189603,200,red,16.2,6,6.0030833333333335,Braum,12600.0,7216.0,RED_BOT_JUNGLE
EUW1_7696189603,200,red,16.2,10,10.004066666666667,Braum,6877.0,6854.0,MID_LANE
EUW1_7696189793,200,red,16.2,10,10.00415,Karma,11166.0,6122.0,RED_BOT_JUNGLE
EUW1_7696189854,100,blue,16.2,9,9.0039,Lulu,6568.0,6187.0,MID_LANE
EUW1_7696189854,200,red,16.2,11,11.004483333333333,Nautilus,9308.0,7765.0,RED_BOT_JUNGLE
EUW1_7696189898,200,red,16.2,11,11.00455,Blitzcrank,12241.0,10113.0,RED_BOT_JUNGLE
EUW1_7696190232,100,blue,16.2,8,8.00385,Lulu,8029.0,6767.0,MID_LANE
EUW1_7696190232,200,red,16.2,8,8.00385,Rell,7506.0,7640.0,MID_LANE
EUW1_7696190521,100,blue,16.2,7,7.003333333333333,Elise,4286.0,13605.0,TOP_LANE_CORE
EUW1_7696190521,100,blue,16.2,8,8.00345,Elise,4416.0,12109.0,TOP_SIDE_NEAR
EUW1_7696190521,200,red,16.2,7,7.003333333333333,Braum,8220.0,8292.0,MID_LANE
EUW1_7696190665,100,blue,16.2,9,9.003483333333334,Rell,4741.0,5599.0,BLUE_TOP_JUNGLE
EUW1_7696190665,100,blue,16.2,10,10.003983333333334,Rell,5246.0,7560.0,BLUE_TOP_JUNGLE
EUW1_7696190665,200,red,16.2,10,10.003983333333334,Taliyah,5241.0,8008.0,BLUE_TOP_JUNGLE
EUW1_7696191124,200,red,16.2,8,8.003533333333333,Poppy,7027.0,8783.0,RED_TOP_JUNGLE
EUW1_7696191124,200,red,16.2,9,9.00385,Poppy,7673.0,7855.0,MID_LANE
EUW1_7696191124,200,red,16.2,10,10.004083333333334,Poppy,2402.0,9738.0,TOP_SIDE_NEAR
EUW1_7696191124,200,red,16.2,11,11.00425,Poppy,7689.0,8037.0,MID_LANE
EUW1_7696192708,100,blue,16.2,11,11.00515,Lulu,8633.0,2183.0,BLUE_BOT_JUNGLE
EUW1_7696192708,200,red,16.2,8,8.004633333333333,Milio,9179.0,9002.0,MID_LANE
EUW1_7696192811,100,blue,16.2,5,5.002516666666667,Sona,3800.0,2446.0,BLUE_BOT_JUNGLE
EUW1_7696192811,100,blue,16.2,8,8.00355,Sona,8635.0,4642.0,BLUE_BOT_JUNGLE
EUW1_7696192811,100,blue,16.2,9,9.003933333333332,Sona,7039.0,4675.0,BLUE_BOT_JUNGLE
EUW1_7696192996,100,blue,16.2,8,8.003066666666667,Thresh,2937.0,10929.0,TOP_SIDE_NEAR
EUW1_7696192996,100,blue,16.2,9,9.003483333333334,Thresh,8028.0,3312.0,BLUE_BOT_JUNGLE
EUW1_7696192996,200,red,16.2,11,11.004383333333333,Lulu,6911.0,9422.0,RED_TOP_JUNGLE
EUW1_7696193390,100,blue,16.2,7,7.003616666666667,Nautilus,6732.0,6564.0,MID_LANE
EUW1_7696193390,100,blue,16.2,9,9.0042,Nautilus,8630.0,5212.0,BLUE_BOT_JUNGLE
EUW1_7696193390,100,blue,16.2,10,10.004533333333333,Nautilus,7776.0,7432.0,MID_LANE
EUW1_7696193390,100,blue,16.2,11,11.004883333333334,Nautilus,6591.0,7975.0,MID_LANE
EUW1_7696194049,100,blue,16.2,11,11.00415,Pantheon,8077.0,2271.0,BLUE_BOT_JUNGLE
EUW1_7696194049,200,red,16.2,11,11.00415,Alistar,11607.0,10016.0,RED_BOT_JUNGLE
EUW1_7696194460,100,blue,16.2,9,9.004833333333334,Lux,6695.0,8134.0,MID_LANE
EUW1_7696194460,100,blue,16.2,11,11.005216666666668,Lux,6236.0,5782.0,MID_LANE
EUW1_7696195211,200,red,16.2,8,8.00375,Maokai,8672.0,5175.0,BLUE_BOT_JUNGLE
EUW1_7696195554,100,blue,16.2,5,5.0027333333333335,Alistar,7104.0,5136.0,BLUE_BOT_JUNGLE
EUW1_7696195844,100,blue,16.2,11,11.005116666666666,Milio,8662.0,4519.0,BLUE_BOT_JUNGLE
EUW1_7696195844,200,red,16.2,7,7.0041,Blitzcrank,8167.0,3461.0,BLUE_BOT_JUNGLE
EUW1_7696195844,200,red,16.2,8,8.004283333333333,Blitzcrank,10390.0,9795.0,RED_BOT_JUNGLE
EUW1_7696195927,100,blue,16.2,8,8.003483333333334,Soraka,5079.0,5792.0,BLUE_TOP_JUNGLE
EUW1_7696195927,100,blue,16.2,9,9.003966666666667,Soraka,8465.0,2248.0,BLUE_BOT_JUNGLE
EUW1_7696195927,200,red,16.2,5,5.000916666666667,Karma,7204.0,7631.0,MID_LANE
EUW1_7696195927,200,red,16.2,8,8.003483333333334,Karma,7000.0,6878.0,MID_LANE
EUW1_7696195927,200,red,16.2,9,9.003966666666667,Karma,7491.0,11799.0,RED_TOP_JUNGLE
EUW1_7696195927,200,red,16.2,10,10.004466666666668,Karma,1364.0,8939.0,TOP_LANE_CORE
EUW1_7696195927,200,red,16.2,11,11.004533333333333,Karma,6516.0,8283.0,RIVER_TOP
EUW1_7696196557,100,blue,16.2,7,7.0037,Lulu,7655.0,2442.0,BLUE_BOT_JUNGLE
EUW1_7696196557,100,blue,16.2,10,10.005233333333333,Lulu,7041.0,6206.0,MID_LANE
EUW1_7696196557,200,red,16.2,10,10.005233333333333,Nami,7774.0,7126.0,MID_LANE
EUW1_7696196636,100,blue,16.2,9,9.003533333333333,Bard,5194.0,5856.0,BLUE_TOP_JUNGLE
EUW1_7696196636,200,red,16.2,9,9.003533333333333,Neeko,3432.0,8762.0,TOP_SIDE_NEAR
EUW1_7696197554,100,blue,16.2,10,10.0048,Rakan,12287.0,6390.0,RED_BOT_JUNGLE
EUW1_7696197554,200,red,16.2,8,8.004083333333334,Sona,12083.0,6630.0,RED_BOT_JUNGLE
EUW1_7696197554,200,red,16.2,10,10.0048,Sona,12310.0,8207.0,RED_BOT_JUNGLE
EUW1_7696197753,100,blue,16.2,11,11.0021,Karma,12682.0,6155.0,RED_BOT_JUNGLE
EUW1_7696198129,200,red,16.2,10,10.004166666666666,Bard,12277.0,11259.0,RED_BOT_JUNGLE
EUW1_7696198129,200,red,16.2,11,11.004716666666667,Bard,9753.0,8745.0,MID_LANE
EUW1_7696198323,100,blue,16.2,5,5.002766666666667,Leona,6262.0,4379.0,BLUE_BOT_JUNGLE
EUW1_7696198323,200,red,16.2,5,5.002766666666667,Sylas,11281.0,8368.0,RED_BOT_JUNGLE
EUW1_7696198323,200,red,16.2,8,8.003916666666667,Sylas,1294.0,12164.0,TOP_LANE_CORE
EUW1_7696198340,100,blue,16.2,7,7.00365,Neeko,3891.0,3616.0,BLUE_BOT_JUNGLE
EUW1_7696198340,200,red,16.2,7,7.00365,Karma,10031.0,8459.0,RED_BOT_JUNGLE
EUW1_7696198340,200,red,16.2,11,11.004766666666667,Karma,9926.0,8133.0,RED_BOT_JUNGLE
EUW1_7696198804,200,red,16.2,8,8.004,Nautilus,11858.0,6540.0,RED_BOT_JUNGLE
EUW1_7696198917,100,blue,16.2,8,8.0045,Senna,7519.0,7413.0,MID_LANE
EUW1_7696198917,200,red,16.2,8,8.0045,Bard,9812.0,7098.0,RED_BOT_JUNGLE
EUW1_7696198917,200,red,16.2,9,9.00465,Bard,7242.0,6890.0,MID_LANE
EUW1_7696198937,200,red,16.2,9,9.00375,Nautilus,10004.0,7724.0,RED_BOT_JUNGLE
EUW1_7696199009,100,blue,16.2,5,5.00305,Bard,4118.0,2250.0,BLUE_BOT_JUNGLE
EUW1_7696199009,100,blue,16.2,8,8.003783333333333,Bard,7256.0,6251.0,MID_LANE
EUW1_7696199009,200,red,16.2,8,8.003783333333333,Sylas,7629.0,6987.0,MID_LANE
EUW1_7696199009,200,red,16.2,10,10.0046,Sylas,8913.0,13695.0,TOP_LANE_CORE
EUW1_7696199051,100,blue,16.2,10,10.004466666666668,Nami,4254.0,4623.0,BLUE_TOP_JUNGLE
EUW1_7696199051,200,red,16.2,8,8.00375,Bard,2992.0,12779.0,TOP_LANE_CORE
EUW1_7696199051,200,red,16.2,9,9.0041,Bard,4182.0,8706.0,TOP_SIDE_NEAR
EUW1_7696199263,100,blue,16.2,9,9.003933333333332,Karma,4973.0,8638.0,RIVER_TOP
EUW1_7696199263,100,blue,16.2,10,10.004266666666666,Karma,6597.0,6858.0,MID_LANE
EUW1_7696199263,100,blue,16.2,11,11.004383333333333,Karma,8331.0,6949.0,MID_LANE
EUW1_7696199263,200,red,16.2,5,5.00295,Morgana,6677.0,6873.0,MID_LANE
EUW1_7696199263,200,red,16.2,7,7.00335,Morgana,8312.0,13325.0,TOP_LANE_CORE
EUW1_7696199263,200,red,16.2,9,9.003933333333332,Morgana,9849.0,11866.0,RED_TOP_JUNGLE
EUW1_7696199320,100,blue,16.2,5,5.003,Rakan,7257.0,7913.0,MID_LANE
EUW1_7696199320,100,blue,16.2,9,9.0044,Rakan,5501.0,6790.0,BLUE_TOP_JUNGLE
EUW1_7696199320,200,red,16.2,9,9.0044,Thresh,2196.0,9716.0,TOP_SIDE_NEAR
EUW1_7696199375,100,blue,16.2,8,8.003416666666666,Karma,3145.0,11567.0,TOP_SIDE_NEAR
EUW1_7696199375,100,blue,16.2,9,9.003833333333333,Karma,8007.0,5847.0,BLUE_BOT_JUNGLE
EUW1_7696199375,200,red,16.2,8,8.003416666666666,Thresh,10581.0,12497.0,RED_TOP_JUNGLE
EUW1_7696199375,200,red,16.2,9,9.003833333333333,Thresh,10307.0,7591.0,RED_BOT_JUNGLE
EUW1_7696199920,100,blue,16.2,7,7.001433333333333,Bard,1122.0,3883.0,TOP_LANE_CORE
EUW1_7696199920,100,blue,16.2,8,8.001533333333333,Bard,3887.0,7179.0,BLUE_TOP_JUNGLE
EUW1_7696199920,100,blue,16.2,10,10.00345,Bard,1731.0,10815.0,TOP_LANE_CORE
EUW1_7696199920,200,red,16.2,8,8.001533333333333,Pyke,4666.0,9165.0,TOP_SIDE_NEAR
EUW1_7696200135,100,blue,16.2,7,7.003216666666667,Karma,5097.0,4631.0,BLUE_BOT_JUNGLE
EUW1_7696200646,100,blue,16.2,9,9.004066666666667,Sona,6427.0,4488.0,BLUE_BOT_JUNGLE
EUW1_7696200646,200,red,16.2,5,5.0033,Nautilus,8013.0,5848.0,BLUE_BOT_JUNGLE
EUW1_7696200646,200,red,16.2,9,9.004066666666667,Nautilus,7234.0,4838.0,BLUE_BOT_JUNGLE
EUW1_7696200646,200,red,16.2,10,10.004233333333334,Nautilus,7063.0,6474.0,MID_LANE
EUW1_7696201138,100,blue,16.2,8,8.004483333333333,Thresh,10454.0,7544.0,RED_BOT_JUNGLE
EUW1_7696201138,100,blue,16.2,10,10.0052,Thresh,4855.0,5488.0,BLUE_TOP_JUNGLE
EUW1_7696201138,100,blue,16.2,11,11.0054,Thresh,8400.0,8388.0,MID_LANE
EUW1_7696201453,200,red,16.2,6,6.001716666666667,Rell,7139.0,6859.0,MID_LANE
EUW1_7696201453,200,red,16.2,11,11.004633333333333,Rell,7401.0,8832.0,RED_TOP_JUNGLE
EUW1_7696201478,100,blue,16.2,7,7.0037,Alistar,6288.0,4400.0,BLUE_BOT_JUNGLE
EUW1_7696201478,100,blue,16.2,10,10.004266666666666,Alistar,5451.0,13021.0,TOP_SIDE_NEAR
EUW1_7696201478,200,red,16.2,7,7.0037,Thresh,8611.0,4791.0,BLUE_BOT_JUNGLE
EUW1_7696201478,200,red,16.2,8,8.003933333333332,Thresh,6158.0,8858.0,RIVER_TOP
EUW1_7696201478,200,red,16.2,9,9.004033333333334,Thresh,4888.0,9773.0,BARON_GRUBS_HERALD_AREA
EUW1_7696201478,200,red,16.2,10,10.004266666666666,Thresh,5899.0,10660.0,TOP_SIDE_NEAR
EUW1_7696201478,200,red,16.2,11,11.004733333333334,Thresh,9668.0,6592.0,RED_BOT_JUNGLE
EUW1_7696202154,100,blue,16.2,9,9.0046,Thresh,3868.0,4488.0,BLUE_TOP_JUNGLE
EUW1_7696202365,100,blue,16.2,5,5.00375,Nautilus,6300.0,8937.0,RIVER_TOP
EUW1_7696202365,100,blue,16.2,8,8.004983333333334,Nautilus,5359.0,8432.0,RIVER_TOP
EUW1_7696202365,100,blue,16.2,9,9.005333333333333,Nautilus,5557.0,8677.0,RIVER_TOP
EUW1_7696202365,200,red,16.2,5,5.00375,Nami,12086.0,11448.0,RED_BOT_JUNGLE
EUW1_7696202365,200,red,16.2,8,8.004983333333334,Nami,9888.0,6785.0,RED_BOT_JUNGLE
EUW1_7696202365,200,red,16.2,9,9.005333333333333,Nami,7839.0,8735.0,MID_LANE
EUW1_7696202895,100,blue,16.2,5,5.0027333333333335,Bard,6571.0,6843.0,MID_LANE
EUW1_7696202895,100,blue,16.2,8,8.00365,Bard,4575.0,2427.0,BLUE_BOT_JUNGLE
EUW1_7696202895,200,red,16.2,9,9.003783333333333,Rakan,8613.0,4276.0,BLUE_BOT_JUNGLE
EUW1_7696202895,200,red,16.2,10,10.003933333333332,Rakan,10533.0,10273.0,RED_BOT_JUNGLE
EUW1_7696204095,200,red,16.2,8,8.003383333333334,Sona,9871.0,11901.0,RED_TOP_JUNGLE
EUW1_7696204095,200,red,16.2,10,10.0043,Sona,3798.0,13233.0,TOP_LANE_CORE
EUW1_7696204623,100,blue,16.2,9,9.003916666666667,Janna,5628.0,5715.0,BLUE_BOT_JUNGLE
EUW1_7696204623,200,red,16.2,7,7.003333333333333,Bard,8127.0,5557.0,BLUE_BOT_JUNGLE
EUW1_7696204623,200,red,16.2,11,11.004416666666666,Bard,4177.0,11769.0,TOP_SIDE_NEAR
EUW1_7696204904,100,blue,16.2,6,6.00265,Leona,10341.0,6574.0,RED_BOT_JUNGLE
EUW1_7696204904,200,red,16.2,6,6.00265,Bard,9654.0,6994.0,RED_BOT_JUNGLE
EUW1_7696204988,100,blue,16.2,6,6.003683333333333,Soraka,3737.0,8754.0,TOP_SIDE_NEAR
EUW1_7696204988,100,blue,16.2,7,7.0038833333333335,Soraka,8431.0,10420.0,RED_TOP_JUNGLE
EUW1_7696204988,100,blue,16.2,8,8.004366666666666,Soraka,3833.0,6194.0,BLUE_TOP_JUNGLE
EUW1_7696204988,100,blue,16.2,9,9.00485,Soraka,6315.0,9434.0,RED_TOP_JUNGLE
EUW1_7696204988,200,red,16.2,7,7.0038833333333335,Nautilus,9477.0,11138.0,RED_TOP_JUNGLE
EUW1_7696205770,100,blue,16.2,7,7.00345,Nidalee,10042.0,8156.0,RED_BOT_JUNGLE
EUW1_7696205770,100,blue,16.2,9,9.004233333333334,Nidalee,11358.0,6579.0,RED_BOT_JUNGLE
EUW1_7696205770,200,red,16.2,5,5.002933333333333,Lulu,9804.0,6774.0,RED_BOT_JUNGLE
EUW1_7696205770,200,red,16.2,6,6.003433333333334,Lulu,10565.0,10055.0,RED_BOT_JUNGLE
EUW1_7696205770,200,red,16.2,7,7.00345,Lulu,9795.0,10952.0,RED_TOP_JUNGLE
EUW1_7696205770,200,red,16.2,8,8.003783333333333,Lulu,5307.0,9146.0,TOP_SIDE_NEAR
EUW1_7696205770,200,red,16.2,10,10.00445,Lulu,11696.0,6604.0,RED_BOT_JUNGLE
EUW1_7696206917,200,red,16.2,6,6.0014666666666665,Braum,10008.0,10708.0,RED_TOP_JUNGLE
EUW1_7696206935,200,red,16.2,7,7.003516666666667,Alistar,6878.0,13259.0,TOP_LANE_CORE
EUW1_7696206936,100,blue,16.2,8,8.003733333333333,Alistar,8641.0,4035.0,BLUE_BOT_JUNGLE
EUW1_7696206936,100,blue,16.2,11,11.004716666666667,Alistar,8134.0,6882.0,MID_LANE
EUW1_7696206936,200,red,16.2,9,9.00415,Bard,12161.0,9258.0,RED_BOT_JUNGLE
EUW1_7696206936,200,red,16.2,10,10.00425,Bard,9302.0,7834.0,RED_BOT_JUNGLE
EUW1_7696206936,200,red,16.2,11,11.004716666666667,Bard,7340.0,9017.0,RED_TOP_JUNGLE
EUW1_7696207201,100,blue,16.2,5,5.002866666666667,Braum,3510.0,11482.0,TOP_SIDE_NEAR
EUW1_7696207201,100,blue,16.2,6,6.003116666666667,Braum,7177.0,7291.0,MID_LANE
EUW1_7696207201,100,blue,16.2,11,11.004466666666668,Braum,1832.0,9408.0,TOP_SIDE_NEAR
EUW1_7696207201,200,red,16.2,6,6.003116666666667,Nautilus,12354.0,6296.0,RED_BOT_JUNGLE
EUW1_7696207201,200,red,16.2,9,9.004116666666667,Nautilus,5930.0,8153.0,RIVER_TOP
EUW1_7696207201,200,red,16.2,11,11.004466666666668,Nautilus,3231.0,9406.0,TOP_SIDE_NEAR
EUW1_7696207393,100,blue,16.2,6,6.003216666666667,Poppy,5294.0,6829.0,BLUE_TOP_JUNGLE
EUW1_7696207393,100,blue,16.2,8,8.004216666666666,Poppy,6977.0,8176.0,MID_LANE
EUW1_7696207393,200,red,16.2,8,8.004216666666666,Nautilus,7270.0,8071.0,MID_LANE
EUW1_7696207688,100,blue,16.2,9,9.003483333333334,Rell,5466.0,3545.0,BLUE_BOT_JUNGLE
EUW1_7696208520,100,blue,16.2,5,5.00335,Bard,7153.0,6486.0,MID_LANE
EUW1_7696208520,100,blue,16.2,6,6.003383333333334,Bard,8485.0,7381.0,MID_LANE
EUW1_7696208520,100,blue,16.2,8,8.003666666666666,Bard,8234.0,5029.0,BLUE_BOT_JUNGLE
EUW1_7696208520,200,red,16.2,5,5.00335,Nami,8283.0,6910.0,MID_LANE
EUW1_7696208520,200,red,16.2,9,9.003733333333333,Nami,5336.0,10227.0,BARON_GRUBS_HERALD_AREA
EUW1_7696209305,200,red,16.2,7,7.001566666666666,Braum,8512.0,10518.0,RED_TOP_JUNGLE
EUW1_7696209305,200,red,16.2,10,10.003766666666667,Braum,12341.0,6210.0,RED_BOT_JUNGLE
EUW1_7696210104,100,blue,16.2,5,5.003233333333333,Elise,4352.0,11951.0,TOP_SIDE_NEAR
EUW1_7696210104,100,blue,16.2,9,9.004133333333334,Elise,4471.0,10010.0,BARON_GRUBS_HERALD_AREA
EUW1_7696210104,100,blue,16.2,10,10.004683333333332,Elise,3894.0,10581.0,TOP_SIDE_NEAR
EUW1_7696210104,200,red,16.2,6,6.003683333333333,Karma,10150.0,6411.0,RED_BOT_JUNGLE
EUW1_7696210104,200,red,16.2,11,11.0049,Karma,6204.0,8729.0,RIVER_TOP
EUW1_7696210230,100,blue,16.2,5,5.0027333333333335,Neeko,6308.0,6381.0,MID_LANE
EUW1_7696210230,100,blue,16.2,8,8.00315,Neeko,3047.0,2465.0,BLUE_BOT_JUNGLE
EUW1_7696210230,100,blue,16.2,9,9.0032,Neeko,1559.0,11777.0,TOP_LANE_CORE
EUW1_7696210230,100,blue,16.2,10,10.003733333333333,Neeko,2493.0,9172.0,TOP_SIDE_NEAR
EUW1_7696210690,100,blue,16.2,9,9.004066666666667,Rell,5638.0,5170.0,BLUE_BOT_JUNGLE
EUW1_7696210690,100,blue,16.2,10,10.004516666666667,Rell,5563.0,12995.0,TOP_SIDE_NEAR
EUW1_7696210690,200,red,16.2,11,11.004583333333333,Senna,6998.0,6939.0,MID_LANE
EUW1_7696210782,100,blue,16.2,9,9.00455,Taric,4769.0,7609.0,BLUE_TOP_JUNGLE
EUW1_7696210782,200,red,16.2,9,9.00455,Brand,5169.0,9377.0,TOP_SIDE_NEAR
EUW1_7696210884,100,blue,16.2,10,10.001983333333333,Neeko,8105.0,7476.0,MID_LANE
EUW1_7696210884,100,blue,16.2,11,11.002216666666667,Neeko,7908.0,7438.0,MID_LANE
EUW1_7696210884,200,red,16.2,10,10.001983333333333,Nautilus,8276.0,7972.0,MID_LANE
EUW1_7696211030,100,blue,16.2,10,10.004833333333334,Lulu,2090.0,11659.0,TOP_LANE_CORE
EUW1_7696211030,100,blue,16.2,11,11.0049,Lulu,1246.0,9856.0,TOP_LANE_CORE
EUW1_7696211030,200,red,16.2,11,11.0049,Nami,12221.0,11622.0,RED_BOT_JUNGLE
EUW1_7696211296,100,blue,16.2,7,7.003233333333333,Leona,6324.0,10178.0,RED_TOP_JUNGLE
EUW1_7696211296,100,blue,16.2,10,10.004533333333333,Leona,5187.0,8087.0,BLUE_TOP_JUNGLE
EUW1_7696211296,200,red,16.2,7,7.003233333333333,Taric,7657.0,9930.0,RED_TOP_JUNGLE
EUW1_7696211296,200,red,16.2,10,10.004533333333333,Taric,10442.0,10388.0,RED_TOP_JUNGLE
EUW1_7696211426,100,blue,16.2,9,9.002366666666667,Sona,4776.0,7808.0,BLUE_TOP_JUNGLE
EUW1_7696211426,200,red,16.2,6,6.001633333333333,Karma,6662.0,7253.0,MID_LANE
EUW1_7696211426,200,red,16.2,8,8.002216666666667,Karma,2974.0,9699.0,TOP_SIDE_NEAR
EUW1_7696211448,100,blue,16.2,5,5.000866666666667,Janna,6953.0,7368.0,MID_LANE
EUW1_7696211448,100,blue,16.2,6,6.000966666666667,Janna,6638.0,2680.0,BLUE_BOT_JUNGLE
EUW1_7696211448,100,blue,16.2,8,8.001116666666666,Janna,3201.0,12908.0,TOP_LANE_CORE
EUW1_7696211448,100,blue,16.2,10,10.001666666666667,Janna,8261.0,5176.0,BLUE_BOT_JUNGLE
EUW1_7696211448,100,blue,16.2,11,11.0034,Janna,3442.0,13238.0,TOP_LANE_CORE
EUW1_7696212110,100,blue,16.2,10,10.003533333333333,Sona,6862.0,7455.0,MID_LANE
EUW1_7696212110,200,red,16.2,5,5.002633333333334,Bard,12716.0,10775.0,RED_BOT_JUNGLE
EUW1_7696212124,100,blue,16.2,7,7.003466666666666,Morgana,6164.0,6256.0,MID_LANE
EUW1_7696212124,100,blue,16.2,8,8.003533333333333,Morgana,8407.0,4915.0,BLUE_BOT_JUNGLE
EUW1_7696212124,200,red,16.2,7,7.003466666666666,Thresh,6998.0,7448.0,MID_LANE
EUW1_7696212124,200,red,16.2,10,10.0041,Thresh,7386.0,6689.0,MID_LANE
EUW1_7696212147,100,blue,16.2,5,5.00305,Milio,1911.0,9591.0,TOP_SIDE_NEAR
EUW1_7696212147,100,blue,16.2,9,9.004616666666667,Milio,8565.0,4732.0,BLUE_BOT_JUNGLE
EUW1_7696212217,200,red,16.2,9,9.005266666666667,Karma,12085.0,7220.0,RED_BOT_JUNGLE
EUW1_7696212804,100,blue,16.2,9,9.00435,Nami,5151.0,3285.0,BLUE_BOT_JUNGLE
EUW1_7696212804,100,blue,16.2,11,11.005116666666666,Nami,10655.0,6174.0,RED_BOT_JUNGLE
EUW1_7696213253,100,blue,16.2,7,7.003433333333334,Nautilus,3654.0,3122.0,BLUE_BOT_JUNGLE
EUW1_7696213253,100,blue,16.2,8,8.003466666666666,Nautilus,2614.0,5814.0,BLUE_TOP_JUNGLE
EUW1_7696213253,100,blue,16.2,9,9.003633333333333,Nautilus,5829.0,8361.0,RIVER_TOP
EUW1_7696213379,100,blue,16.2,11,11.004533333333333,Nami,6403.0,6773.0,MID_LANE
EUW1_7696213379,200,red,16.2,11,11.004533333333333,Rakan,7087.0,7347.0,MID_LANE
EUW1_7696213501,100,blue,16.2,5,5.002416666666667,Bard,7683.0,7285.0,MID_LANE
EUW1_7696213501,100,blue,16.2,7,7.00335,Bard,7438.0,7141.0,MID_LANE
EUW1_7696213501,100,blue,16.2,10,10.00395,Bard,8248.0,5345.0,BLUE_BOT_JUNGLE
EUW1_7696213608,100,blue,16.2,8,8.003116666666667,Nami,6411.0,8640.0,RIVER_TOP
EUW1_7696213608,100,blue,16.2,9,9.003483333333334,Nami,5156.0,9412.0,TOP_SIDE_NEAR
EUW1_7696213608,200,red,16.2,8,8.003116666666667,Rakan,3774.0,10846.0,TOP_SIDE_NEAR
EUW1_7696213762,100,blue,16.2,11,11.004716666666667,Rakan,9650.0,6563.0,RED_BOT_JUNGLE
EUW1_7696214214,100,blue,16.2,5,5.001116666666666,Bard,8002.0,5610.0,BLUE_BOT_JUNGLE
EUW1_7696214214,100,blue,16.2,8,8.0015,Bard,5717.0,3804.0,BLUE_BOT_JUNGLE
EUW1_7696214214,100,blue,16.2,9,9.003466666666666,Bard,7793.0,7164.0,MID_LANE
EUW1_7696214214,100,blue,16.2,10,10.003783333333333,Bard,4976.0,9212.0,TOP_SIDE_NEAR
EUW1_7696214214,200,red,16.2,10,10.003783333333333,Rell,6586.0,9737.0,RED_TOP_JUNGLE
EUW1_7696215032,100,blue,16.2,6,6.0025,Rell,12600.0,6502.0,RED_BOT_JUNGLE
EUW1_7696215032,200,red,16.2,8,8.00355,Karma,11034.0,12388.0,RED_TOP_JUNGLE
EUW1_7696215386,100,blue,16.2,5,5.0008,Alistar,3391.0,2674.0,BLUE_BOT_JUNGLE
EUW1_7696215386,100,blue,16.2,6,6.00105,Alistar,4956.0,9490.0,TOP_SIDE_NEAR
EUW1_7696215386,100,blue,16.2,7,7.00275,Alistar,6702.0,9435.0,RED_TOP_JUNGLE
EUW1_7696215386,100,blue,16.2,11,11.004066666666667,Alistar,8298.0,5727.0,BLUE_BOT_JUNGLE
EUW1_7696215386,200,red,16.2,7,7.00275,Neeko,8969.0,8714.0,MID_LANE
EUW1_7696215386,200,red,16.2,8,8.003116666666667,Neeko,9931.0,9325.0,RED_BOT_JUNGLE
EUW1_7696215386,200,red,16.2,10,10.003616666666666,Neeko,11283.0,9973.0,RED_BOT_JUNGLE
EUW1_7696216026,100,blue,16.2,8,8.0043,Yuumi,3776.0,1898.0,BLUE_BOT_JUNGLE
EUW1_7696216026,200,red,16.2,9,9.0048,Sona,4783.0,9053.0,TOP_SIDE_NEAR
EUW1_7696216026,200,red,16.2,10,10.005316666666667,Sona,12509.0,6429.0,RED_BOT_JUNGLE
EUW1_7696216026,200,red,16.2,11,11.0058,Sona,12149.0,8488.0,RED_BOT_JUNGLE
EUW1_7696216535,100,blue,16.2,7,7.002533333333333,Bard,5288.0,6920.0,BLUE_TOP_JUNGLE
EUW1_7696216535,100,blue,16.2,11,11.0043,Bard,2125.0,3796.0,BLUE_TOP_JUNGLE
EUW1_7696216535,200,red,16.2,7,7.002533333333333,Pyke,7393.0,6761.0,MID_LANE
EUW1_7696216535,200,red,16.2,9,9.003266666666667,Pyke,7730.0,9973.0,RED_TOP_JUNGLE
EUW1_7696216535,200,red,16.2,11,11.0043,Pyke,7672.0,5608.0,BLUE_BOT_JUNGLE
EUW1_7696216748,200,red,16.2,9,9.004916666666666,Bard,11897.0,7126.0,RED_BOT_JUNGLE
EUW1_7696217183,100,blue,16.2,10,10.004316666666666,Karma,3674.0,10981.0,TOP_SIDE_NEAR
EUW1_7696217183,200,red,16.2,11,11.00435,Nami,7731.0,7340.0,MID_LANE
EUW1_7696217469,200,red,16.2,9,9.0038,Nami,10237.0,6128.0,RED_BOT_JUNGLE
EUW1_7696218059,100,blue,16.2,6,6.002,Pantheon,3843.0,3080.0,BLUE_BOT_JUNGLE
EUW1_7696218059,100,blue,16.2,8,8.002333333333333,Pantheon,7071.0,4835.0,BLUE_BOT_JUNGLE
EUW1_7696218059,100,blue,16.2,9,9.0038,Pantheon,7857.0,2282.0,BLUE_BOT_JUNGLE
EUW1_7696218059,100,blue,16.2,10,10.0043,Pantheon,4252.0,3756.0,BLUE_BOT_JUNGLE
EUW1_7696218291,100,blue,16.2,7,7.00375,Rakan,7031.0,9457.0,RED_TOP_JUNGLE
EUW1_7696218291,100,blue,16.2,10,10.004283333333333,Rakan,5352.0,4843.0,BLUE_BOT_JUNGLE
EUW1_7696218766,100,blue,16.2,5,5.001116666666666,Alistar,4908.0,3245.0,BLUE_BOT_JUNGLE
EUW1_7696218766,100,blue,16.2,7,7.003466666666666,Alistar,6322.0,6007.0,MID_LANE
EUW1_7696218766,100,blue,16.2,10,10.004216666666666,Alistar,8017.0,5118.0,BLUE_BOT_JUNGLE
EUW1_7696218766,100,blue,16.2,11,11.004366666666666,Alistar,8382.0,7881.0,MID_LANE
EUW1_7696218766,200,red,16.2,10,10.004216666666666,Nami,8650.0,5356.0,BLUE_BOT_JUNGLE
EUW1_7696218801,200,red,16.2,7,7.00395,Pyke,1982.0,12403.0,TOP_LANE_CORE
EUW1_7696218801,200,red,16.2,10,10.004633333333333,Pyke,6921.0,6881.0,MID_LANE
EUW1_7696218997,100,blue,16.2,9,9.004066666666667,Rell,5739.0,6080.0,MID_LANE
EUW1_7696218997,200,red,16.2,6,6.003066666666666,Karma,10952.0,6402.0,RED_BOT_JUNGLE
EUW1_7696218997,200,red,16.2,7,7.0036,Karma,12192.0,8913.0,RED_BOT_JUNGLE
EUW1_7696218997,200,red,16.2,8,8.004016666666667,Karma,12713.0,10422.0,RED_BOT_JUNGLE
EUW1_7696218997,200,red,16.2,10,10.0044,Karma,12315.0,7879.0,RED_BOT_JUNGLE
EUW1_7696219308,200,red,16.2,10,10.002,Nami,6221.0,8878.0,RIVER_TOP
EUW1_7696219694,200,red,16.2,7,7.00355,Pantheon,3387.0,7778.0,BLUE_TOP_JUNGLE
EUW1_7696219694,200,red,16.2,10,10.004383333333333,Pantheon,11995.0,7609.0,RED_BOT_JUNGLE
EUW1_7696220055,100,blue,16.2,6,6.003966666666667,Bard,8121.0,5421.0,BLUE_BOT_JUNGLE
EUW1_7696220055,200,red,16.2,11,11.00555,Pyke,2345.0,9835.0,TOP_SIDE_NEAR
EUW1_7696220323,100,blue,16.2,7,7.00425,Karma,2949.0,9364.0,TOP_SIDE_NEAR
EUW1_7696220323,200,red,16.2,7,7.00425,Rakan,4525.0,9983.0,BARON_GRUBS_HERALD_AREA
EUW1_7696220323,200,red,16.2,8,8.004266666666666,Rakan,9221.0,7874.0,MID_LANE
EUW1_7696220323,200,red,16.2,10,10.005266666666667,Rakan,8543.0,5538.0,BLUE_BOT_JUNGLE
EUW1_7696221689,200,red,16.2,7,7.002883333333333,Nami,11529.0,9773.0,RED_BOT_JUNGLE
EUW1_7696222049,200,red,16.2,11,11.004616666666667,Braum,7216.0,3829.0,BLUE_BOT_JUNGLE
EUW1_7696222145,100,blue,16.2,7,7.00345,Sona,6361.0,4759.0,BLUE_BOT_JUNGLE
EUW1_7696222154,100,blue,16.2,5,5.003033333333334,Alistar,8675.0,5223.0,BLUE_BOT_JUNGLE
EUW1_7696222154,100,blue,16.2,7,7.003516666666667,Alistar,7202.0,3687.0,BLUE_BOT_JUNGLE
EUW1_7696222154,100,blue,16.2,10,10.004016666666667,Alistar,5566.0,6513.0,MID_LANE
EUW1_7696222154,200,red,16.2,10,10.004016666666667,Rakan,7703.0,5586.0,BLUE_BOT_JUNGLE
EUW1_7696222169,100,blue,16.2,10,10.002366666666667,Thresh,4398.0,8162.0,BLUE_TOP_JUNGLE
EUW1_7696222169,100,blue,16.2,11,11.004283333333333,Thresh,7753.0,5951.0,BLUE_BOT_JUNGLE
EUW1_7696222169,200,red,16.2,7,7.001516666666666,Neeko,7272.0,7011.0,MID_LANE
EUW1_7696222169,200,red,16.2,11,11.004283333333333,Neeko,7358.0,7376.0,MID_LANE
EUW1_7696222297,100,blue,16.2,7,7.004683333333333,Leona,5257.0,2100.0,BLUE_BOT_JUNGLE
EUW1_7696222833,100,blue,16.2,6,6.0013,Alistar,5321.0,9099.0,RIVER_TOP
EUW1_7696222833,100,blue,16.2,9,9.003283333333334,Alistar,4598.0,9121.0,TOP_SIDE_NEAR
EUW1_7696222833,100,blue,16.2,11,11.004083333333334,Alistar,3551.0,10251.0,TOP_SIDE_NEAR
EUW1_7696222833,200,red,16.2,9,9.003283333333334,Poppy,3336.0,11333.0,TOP_SIDE_NEAR
EUW1_7696222833,200,red,16.2,10,10.003766666666667,Poppy,5201.0,13081.0,TOP_LANE_CORE
EUW1_7696222845,100,blue,16.2,9,9.0041,Rakan,4862.0,5791.0,BLUE_TOP_JUNGLE
EUW1_7696222845,100,blue,16.2,10,10.004116666666667,Rakan,3654.0,3069.0,BLUE_BOT_JUNGLE
EUW1_7696222845,100,blue,16.2,11,11.004416666666666,Rakan,5180.0,3266.0,BLUE_BOT_JUNGLE
EUW1_7696222845,200,red,16.2,6,6.00365,Lulu,8909.0,9234.0,MID_LANE
EUW1_7696222845,200,red,16.2,9,9.0041,Lulu,8500.0,10512.0,RED_TOP_JUNGLE
EUW1_7696223460,100,blue,16.2,8,8.00315,Neeko,3442.0,7154.0,BLUE_TOP_JUNGLE
EUW1_7696225963,100,blue,16.2,11,11.004516666666667,Pantheon,4565.0,4943.0,BLUE_TOP_JUNGLE
EUW1_7696225963,200,red,16.2,7,7.0035,Rakan,6079.0,8032.0,RIVER_TOP
EUW1_7696225963,200,red,16.2,10,10.0042,Rakan,3542.0,10314.0,TOP_SIDE_NEAR
EUW1_7696225963,200,red,16.2,11,11.004516666666667,Rakan,9072.0,9951.0,RED_TOP_JUNGLE
EUW1_7696226023,100,blue,16.2,10,10.004766666666667,Seraphine,4686.0,2893.0,BLUE_BOT_JUNGLE
EUW1_7696226023,200,red,16.2,10,10.004766666666667,Karma,8396.0,7681.0,MID_LANE
EUW1_7696226063,200,red,16.2,5,5.002816666666667,Janna,7312.0,6394.0,MID_LANE
EUW1_7696226097,100,blue,16.2,7,7.001933333333334,Rakan,8000.0,5272.0,BLUE_BOT_JUNGLE
EUW1_7696226097,200,red,16.2,7,7.001933333333334,Bard,7901.0,5292.0,BLUE_BOT_JUNGLE
EUW1_7696226097,200,red,16.2,10,10.00225,Bard,7791.0,3442.0,BLUE_BOT_JUNGLE
EUW1_7696226982,100,blue,16.2,9,9.003566666666666,Lulu,8148.0,2316.0,BLUE_BOT_JUNGLE
EUW1_7696227022,100,blue,16.2,8,8.003666666666666,Soraka,1350.0,6593.0,TOP_LANE_CORE
EUW1_7696227022,100,blue,16.2,9,9.0039,Soraka,7045.0,7248.0,MID_LANE
EUW1_7696227022,200,red,16.2,9,9.0039,Bard,8068.0,7558.0,MID_LANE
EUW1_7696227208,200,red,16.2,7,7.0035,Sona,12070.0,7115.0,RED_BOT_JUNGLE
EUW1_7696227208,200,red,16.2,10,10.004416666666666,Sona,7797.0,7744.0,MID_LANE
EUW1_7696227560,100,blue,16.2,5,5.0025,Soraka,7595.0,2785.0,BLUE_BOT_JUNGLE
EUW1_7696227670,100,blue,16.2,5,5.002466666666667,Elise,7949.0,3515.0,BLUE_BOT_JUNGLE
EUW1_7696227670,100,blue,16.2,8,8.003183333333334,Elise,4745.0,7106.0,BLUE_TOP_JUNGLE
EUW1_7696227670,200,red,16.2,8,8.003183333333334,Braum,10250.0,12047.0,RED_TOP_JUNGLE
EUW1_7696227670,200,red,16.2,9,9.003366666666667,Braum,6493.0,11374.0,TOP_SIDE_NEAR
EUW1_7696227890,100,blue,16.2,11,11.004416666666666,Soraka,4776.0,4308.0,BLUE_BOT_JUNGLE
EUW1_7696227890,200,red,16.2,7,7.00305,Bard,11269.0,6668.0,RED_BOT_JUNGLE
EUW1_7696227890,200,red,16.2,9,9.003683333333333,Bard,8694.0,8174.0,MID_LANE
EUW1_7696227890,200,red,16.2,11,11.004416666666666,Bard,12289.0,7281.0,RED_BOT_JUNGLE
EUW1_7696228184,200,red,16.2,5,5.002783333333333,Bard,7329.0,6678.0,MID_LANE
EUW1_7696228184,200,red,16.2,8,8.003766666666667,Bard,7672.0,7111.0,MID_LANE
EUW1_7696228184,200,red,16.2,9,9.003916666666667,Bard,3283.0,9791.0,TOP_SIDE_NEAR
EUW1_7696228184,200,red,16.2,11,11.004116666666667,Bard,8196.0,8089.0,MID_LANE
EUW1_7696229289,100,blue,16.2,7,7.00355,Pyke,1289.0,11463.0,TOP_LANE_CORE
EUW1_7696229526,100,blue,16.2,7,7.003616666666667,Nami,8690.0,5133.0,BLUE_BOT_JUNGLE
EUW1_7696229729,100,blue,16.2,6,6.003133333333333,Lulu,7383.0,6313.0,MID_LANE
EUW1_7696229729,100,blue,16.2,11,11.004266666666666,Lulu,3840.0,10688.0,TOP_SIDE_NEAR
EUW1_7696229729,200,red,16.2,6,6.003133333333333,Rakan,3768.0,9934.0,TOP_SIDE_NEAR
EUW1_7696229729,200,red,16.2,7,7.003166666666667,Rakan,6246.0,6014.0,MID_LANE
EUW1_7696229729,200,red,16.2,9,9.003766666666667,Rakan,7609.0,6133.0,BLUE_BOT_JUNGLE
EUW1_7696230417,100,blue,16.2,9,9.003916666666667,Bard,11153.0,6325.0,RED_BOT_JUNGLE
EUW1_7696230417,100,blue,16.2,11,11.0043,Bard,8576.0,4700.0,BLUE_BOT_JUNGLE
EUW1_7696230417,200,red,16.2,10,10.004016666666667,Elise,12197.0,12014.0,RED_BOT_JUNGLE
EUW1_7696230417,200,red,16.2,11,11.0043,Elise,7531.0,5750.0,BLUE_BOT_JUNGLE
EUW1_7696230590,100,blue,16.2,9,9.003916666666667,Thresh,3682.0,10628.0,TOP_SIDE_NEAR
EUW1_7696230590,100,blue,16.2,10,10.004183333333334,Thresh,8610.0,4225.0,BLUE_BOT_JUNGLE
EUW1_7696230590,100,blue,16.2,11,11.004483333333333,Thresh,3288.0,12776.0,TOP_SIDE_NEAR
EUW1_7696231109,100,blue,16.2,5,5.00275,Pantheon,3823.0,2356.0,BLUE_BOT_JUNGLE
EUW1_7696231337,100,blue,16.2,8,8.004433333333333,Rell,4807.0,6820.0,BLUE_TOP_JUNGLE
EUW1_7696231337,200,red,16.2,8,8.004433333333333,Velkoz,12043.0,8866.0,RED_BOT_JUNGLE
EUW1_7696231388,100,blue,16.2,9,9.004,Morgana,7593.0,2954.0,BLUE_BOT_JUNGLE
EUW1_7696231388,200,red,16.2,11,11.0046,Milio,7685.0,7134.0,MID_LANE
EUW1_7696231538,100,blue,16.2,9,9.00365,Blitzcrank,7664.0,7966.0,MID_LANE
EUW1_7696231538,200,red,16.2,9,9.00365,Neeko,7617.0,8285.0,MID_LANE
EUW1_7696231538,200,red,16.2,11,11.0042,Neeko,11583.0,6599.0,RED_BOT_JUNGLE
EUW1_7696231546,100,blue,16.2,6,6.002883333333333,Elise,7473.0,6800.0,MID_LANE
EUW1_7696231546,100,blue,16.2,11,11.004616666666667,Elise,3271.0,9440.0,TOP_SIDE_NEAR
EUW1_7696231546,200,red,16.2,8,8.003883333333333,Alistar,10179.0,6185.0,RED_BOT_JUNGLE
EUW1_7696231546,200,red,16.2,11,11.004616666666667,Alistar,8836.0,10839.0,RED_TOP_JUNGLE
EUW1_7696232521,100,blue,16.2,8,8.0041,Nami,5427.0,9056.0,RIVER_TOP
EUW1_7696232521,100,blue,16.2,9,9.004283333333333,Nami,3133.0,12460.0,TOP_SIDE_NEAR
EUW1_7696232521,100,blue,16.2,10,10.004833333333334,Nami,8248.0,4888.0,BLUE_BOT_JUNGLE
EUW1_7696232521,200,red,16.2,8,8.0041,Alistar,5438.0,11448.0,TOP_SIDE_NEAR
EUW1_7696233390,100,blue,16.2,6,6.0013,Bard,3449.0,11090.0,TOP_SIDE_NEAR
EUW1_7696233390,100,blue,16.2,9,9.003483333333334,Bard,3413.0,8313.0,TOP_SIDE_NEAR
EUW1_7696233390,200,red,16.2,9,9.003483333333334,Rell,4496.0,8448.0,BLUE_TOP_JUNGLE
EUW1_7696233390,200,red,16.2,10,10.003916666666667,Rell,3277.0,12600.0,TOP_SIDE_NEAR
EUW1_7696234502,100,blue,16.2,11,11.004616666666667,Rell,6841.0,4703.0,BLUE_BOT_JUNGLE
EUW1_7696234502,200,red,16.2,9,9.00405,Elise,11845.0,6950.0,RED_BOT_JUNGLE
EUW1_7696235380,100,blue,16.2,7,7.00345,Nautilus,2619.0,4062.0,BLUE_TOP_JUNGLE
EUW1_7696235380,100,blue,16.2,10,10.004333333333333,Nautilus,7994.0,1909.0,BLUE_BOT_JUNGLE
EUW1_7696235380,100,blue,16.2,11,11.004583333333333,Nautilus,8231.0,5781.0,BLUE_BOT_JUNGLE
EUW1_7696235380,200,red,16.2,8,8.0038,Janna,1887.0,12041.0,TOP_LANE_CORE
EUW1_7696235380,200,red,16.2,11,11.004583333333333,Janna,7692.0,7457.0,MID_LANE
EUW1_7696235421,200,red,16.2,7,7.003133333333333,Taric,12735.0,9572.0,RED_BOT_JUNGLE
EUW1_7696235512,200,red,16.2,7,7.003583333333333,Pyke,7603.0,8282.0,MID_LANE
EUW1_7696235621,100,blue,16.2,8,8.001716666666667,Karma,2363.0,7325.0,BLUE_TOP_JUNGLE
EUW1_7696235621,100,blue,16.2,9,9.001916666666666,Karma,8606.0,3406.0,BLUE_BOT_JUNGLE
EUW1_7696235621,100,blue,16.2,10,10.002066666666666,Karma,6928.0,9518.0,RED_TOP_JUNGLE
EUW1_7696235621,200,red,16.2,7,7.00145,Nautilus,9934.0,9291.0,RED_BOT_JUNGLE
EUW1_7696235621,200,red,16.2,8,8.001716666666667,Nautilus,3058.0,7360.0,BLUE_TOP_JUNGLE
EUW1_7696235621,200,red,16.2,10,10.002066666666666,Nautilus,4399.0,11638.0,TOP_SIDE_NEAR
EUW1_7696235705,100,blue,16.2,9,9.003883333333333,Nautilus,6138.0,5670.0,MID_LANE
EUW1_7696235705,100,blue,16.2,10,10.00395,Nautilus,7914.0,7008.0,MID_LANE
EUW1_7696235895,200,red,16.2,8,8.00335,Milio,9455.0,9194.0,RED_TOP_JUNGLE
EUW1_7696235895,200,red,16.2,9,9.0039,Milio,2318.0,13415.0,TOP_LANE_CORE
EUW1_7696235895,200,red,16.2,11,11.0042,Milio,11598.0,6950.0,RED_BOT_JUNGLE
EUW1_7696236703,100,blue,16.2,6,6.003233333333333,Lulu,4469.0,4002.0,BLUE_BOT_JUNGLE
EUW1_7696236703,100,blue,16.2,7,7.0037,Lulu,6487.0,4658.0,BLUE_BOT_JUNGLE
EUW1_7696236703,100,blue,16.2,9,9.00415,Lulu,7622.0,6158.0,BLUE_BOT_JUNGLE
EUW1_7696236703,200,red,16.2,9,9.00415,Karma,7375.0,7408.0,MID_LANE
EUW1_7696236982,100,blue,16.2,7,7.004066666666667,Blitzcrank,8137.0,1984.0,BLUE_BOT_JUNGLE
EUW1_7696236982,100,blue,16.2,10,10.005366666666667,Blitzcrank,6713.0,6367.0,MID_LANE
EUW1_7696236982,200,red,16.2,10,10.005366666666667,Rammus,6974.0,6760.0,MID_LANE
EUW1_7696237103,100,blue,16.2,10,10.004333333333333,Braum,4463.0,4999.0,BLUE_TOP_JUNGLE
EUW1_7696237103,200,red,16.2,10,10.004333333333333,Rell,10322.0,8006.0,RED_BOT_JUNGLE
EUW1_7696237184,100,blue,16.2,5,5.0028,Nami,7950.0,5454.0,BLUE_BOT_JUNGLE
EUW1_7696237184,100,blue,16.2,9,9.004066666666667,Nami,5174.0,7966.0,BLUE_TOP_JUNGLE
EUW1_7696237184,200,red,16.2,5,5.0028,Morgana,8390.0,7191.0,MID_LANE
EUW1_7696237184,200,red,16.2,9,9.004066666666667,Morgana,5574.0,8491.0,RIVER_TOP
EUW1_7696237184,200,red,16.2,10,10.004383333333333,Morgana,4711.0,9883.0,BARON_GRUBS_HERALD_AREA
EUW1_7696237267,100,blue,16.2,8,8.003133333333333,Janna,6524.0,7981.0,MID_LANE
EUW1_7696237267,100,blue,16.2,11,11.004166666666666,Janna,8341.0,7373.0,MID_LANE
EUW1_7696237267,200,red,16.2,5,5.00125,Nami,11233.0,7591.0,RED_BOT_JUNGLE
EUW1_7696237267,200,red,16.2,8,8.003133333333333,Nami,7539.0,8834.0,RED_TOP_JUNGLE
EUW1_7696237294,200,red,16.2,9,9.003766666666667,Braum,10175.0,10395.0,RED_TOP_JUNGLE
EUW1_7696237294,200,red,16.2,11,11.004283333333333,Braum,9984.0,13461.0,TOP_LANE_CORE
EUW1_7696237435,100,blue,16.2,8,8.0013,Pyke,8243.0,6925.0,MID_LANE
EUW1_7696237435,100,blue,16.2,9,9.001816666666667,Pyke,6539.0,4742.0,BLUE_BOT_JUNGLE
EUW1_7696237580,100,blue,16.2,9,9.003833333333333,Karma,5710.0,8460.0,RIVER_TOP
EUW1_7696237580,200,red,16.2,9,9.003833333333333,Nami,6463.0,8264.0,RIVER_TOP
EUW1_7696237895,200,red,16.2,9,9.00455,Alistar,9589.0,7450.0,RED_BOT_JUNGLE
EUW1_7696237895,200,red,16.2,11,11.0051,Alistar,8041.0,7947.0,MID_LANE
EUW1_7696238101,200,red,16.2,7,7.003033333333334,Rakan,9391.0,8546.0,MID_LANE
EUW1_7696238101,200,red,16.2,11,11.004633333333333,Rakan,11476.0,7507.0,RED_BOT_JUNGLE
EUW1_7696238262,200,red,16.2,5,5.003,Rell,1072.0,11793.0,TOP_LANE_CORE
EUW1_7696238262,200,red,16.2,9,9.0037,Rell,10613.0,10186.0,RED_BOT_JUNGLE
EUW1_7696238461,100,blue,16.2,8,8.003583333333333,Braum,6270.0,6275.0,MID_LANE
EUW1_7696238461,100,blue,16.2,11,11.004583333333333,Braum,6340.0,6873.0,MID_LANE
EUW1_7696238461,200,red,16.2,5,5.003116666666667,Pyke,9538.0,8886.0,MID_LANE
EUW1_7696238461,200,red,16.2,6,6.003133333333333,Pyke,12068.0,9062.0,RED_BOT_JUNGLE
EUW1_7696238461,200,red,16.2,8,8.003583333333333,Pyke,6217.0,13194.0,TOP_LANE_CORE
EUW1_7696238461,200,red,16.2,11,11.004583333333333,Pyke,7776.0,7555.0,MID_LANE
EUW1_7696239303,100,blue,16.2,6,6.0017,Alistar,1324.0,6830.0,TOP_LANE_CORE
EUW1_7696239303,100,blue,16.2,7,7.003566666666667,Alistar,10196.0,6131.0,RED_BOT_JUNGLE
EUW1_7696239303,100,blue,16.2,8,8.003866666666667,Alistar,11225.0,6114.0,RED_BOT_JUNGLE
EUW1_7696239303,100,blue,16.2,11,11.00475,Alistar,10381.0,6235.0,RED_BOT_JUNGLE
EUW1_7696239303,200,red,16.2,5,5.001166666666666,Nautilus,10057.0,6744.0,RED_BOT_JUNGLE
EUW1_7696239454,200,red,16.2,10,10.005133333333333,Nami,9636.0,7529.0,RED_BOT_JUNGLE
EUW1_7696239664,100,blue,16.2,9,9.00375,Janna,6219.0,6875.0,MID_LANE
EUW1_7696239664,100,blue,16.2,11,11.003833333333333,Janna,2954.0,9885.0,TOP_SIDE_NEAR
EUW1_7696239664,200,red,16.2,7,7.00295,Senna,12217.0,9612.0,RED_BOT_JUNGLE
EUW1_7696239664,200,red,16.2,9,9.00375,Senna,6786.0,9065.0,RED_TOP_JUNGLE
EUW1_7696240206,200,red,16.2,7,7.0008333333333335,Thresh,8351.0,5380.0,BLUE_BOT_JUNGLE
EUW1_7696240567,100,blue,16.2,8,8.004516666666667,Leona,8266.0,7505.0,MID_LANE
EUW1_7696240751,200,red,16.2,8,8.003433333333334,Leona,8795.0,9800.0,RED_TOP_JUNGLE
EUW1_7696240751,200,red,16.2,11,11.004583333333333,Leona,10285.0,6438.0,RED_BOT_JUNGLE
EUW1_7696243536,100,blue,16.2,8,8.004,Nami,2951.0,7671.0,BLUE_TOP_JUNGLE
EUW1_7696243536,200,red,16.2,8,8.004,Maokai,3381.0,10164.0,TOP_SIDE_NEAR
EUW1_7696243974,200,red,16.2,8,8.00425,Nami,4877.0,8908.0,TOP_SIDE_NEAR
EUW1_7696243976,100,blue,16.2,7,7.00135,Alistar,7796.0,3599.0,BLUE_BOT_JUNGLE
EUW1_7696246521,100,blue,16.2,9,9.004583333333333,Karma,5753.0,6036.0,MID_LANE
EUW1_7696246521,200,red,16.2,9,9.004583333333333,Zilean,7482.0,7077.0,MID_LANE
EUW1_7696246860,100,blue,16.2,10,10.005666666666666,Lulu,6261.0,5881.0,MID_LANE
EUW1_7696246860,200,red,16.2,10,10.005666666666666,Thresh,11216.0,10683.0,RED_BOT_JUNGLE
EUW1_7696247291,100,blue,16.2,7,7.003333333333333,Pyke,6494.0,6566.0,MID_LANE
EUW1_7696247291,100,blue,16.2,9,9.004333333333333,Pyke,8088.0,7349.0,MID_LANE
EUW1_7696247291,200,red,16.2,7,7.003333333333333,Neeko,9905.0,10014.0,RED_TOP_JUNGLE
EUW1_7696247291,200,red,16.2,9,9.004333333333333,Neeko,8242.0,8389.0,MID_LANE
EUW1_7696247410,100,blue,16.2,8,8.0036,Thresh,6448.0,8343.0,RIVER_TOP
EUW1_7696247410,100,blue,16.2,11,11.0045,Thresh,8484.0,5440.0,BLUE_BOT_JUNGLE
EUW1_7696247410,200,red,16.2,8,8.0036,Nautilus,7327.0,7985.0,MID_LANE
EUW1_7696249270,100,blue,16.2,10,10.004183333333334,Leona,6014.0,5916.0,MID_LANE
EUW1_7696249282,100,blue,16.2,7,7.003783333333334,Bard,8043.0,5591.0,BLUE_BOT_JUNGLE
EUW1_7696249282,100,blue,16.2,10,10.004933333333334,Bard,7721.0,8076.0,MID_LANE
EUW1_7696249411,200,red,16.2,10,10.0043,Sona,7702.0,7430.0,MID_LANE
EUW1_7696249473,100,blue,16.2,7,7.001266666666667,Nautilus,6887.0,8149.0,MID_LANE
EUW1_7696249473,100,blue,16.2,8,8.001616666666667,Nautilus,6161.0,5746.0,MID_LANE
EUW1_7696249473,200,red,16.2,11,11.0046,Nami,10085.0,8360.0,RED_BOT_JUNGLE
EUW1_7696250435,100,blue,16.2,8,8.003166666666667,Bard,4658.0,6505.0,BLUE_TOP_JUNGLE
EUW1_7696250435,200,red,16.2,7,7.002866666666667,Nautilus,8607.0,7994.0,MID_LANE
EUW1_7696250435,200,red,16.2,11,11.00405,Nautilus,7516.0,8933.0,RED_TOP_JUNGLE
EUW1_7696250483,200,red,16.2,8,8.004483333333333,Thresh,10268.0,7475.0,RED_BOT_JUNGLE
EUW1_7696250603,100,blue,16.2,5,5.001116666666666,Bard,8640.0,4885.0,BLUE_BOT_JUNGLE
EUW1_7696250603,200,red,16.2,9,9.00375,Karma,12086.0,8143.0,RED_BOT_JUNGLE
EUW1_7696250736,100,blue,16.2,5,5.00315,Thresh,8588.0,5150.0,BLUE_BOT_JUNGLE
EUW1_7696250736,100,blue,16.2,10,10.004016666666667,Thresh,7214.0,6855.0,MID_LANE
EUW1_7696251024,100,blue,16.2,11,11.004816666666667,Lulu,3422.0,9032.0,TOP_SIDE_NEAR
EUW1_7696251024,200,red,16.2,11,11.004816666666667,Shaco,2206.0,9668.0,TOP_SIDE_NEAR
EUW1_7696251206,100,blue,16.2,5,5.0033666666666665,Karma,6987.0,6633.0,MID_LANE
EUW1_7696251206,100,blue,16.2,10,10.0053,Karma,5893.0,5278.0,BLUE_BOT_JUNGLE
EUW1_7696251206,200,red,16.2,5,5.0033666666666665,Lulu,7827.0,7287.0,MID_LANE
EUW1_7696251206,200,red,16.2,10,10.0053,Lulu,10509.0,11601.0,RED_TOP_JUNGLE
EUW1_7696251469,100,blue,16.2,10,10.004016666666667,Rakan,7710.0,4429.0,BLUE_BOT_JUNGLE
EUW1_7696251469,200,red,16.2,10,10.004016666666667,Rell,8325.0,5028.0,BLUE_BOT_JUNGLE
EUW1_7696251665,100,blue,16.2,7,7.00365,Pyke,8010.0,7882.0,MID_LANE
EUW1_7696251665,100,blue,16.2,9,9.00385,Pyke,6987.0,4735.0,BLUE_BOT_JUNGLE
EUW1_7696251665,200,red,16.2,10,10.004383333333333,Maokai,7400.0,5152.0,BLUE_BOT_JUNGLE
EUW1_7696252110,200,red,16.2,5,5.0029,Alistar,7234.0,4626.0,BLUE_BOT_JUNGLE
EUW1_7696253262,100,blue,16.2,11,11.003916666666667,Nautilus,6600.0,4667.0,BLUE_BOT_JUNGLE
EUW1_7696253262,200,red,16.2,8,8.00285,Blitzcrank,9375.0,13044.0,RED_TOP_JUNGLE
EUW1_7696253262,200,red,16.2,9,9.003216666666667,Blitzcrank,9268.0,8848.0,MID_LANE
EUW1_7696253690,200,red,16.2,9,9.003316666666667,Alistar,7359.0,6321.0,MID_LANE
EUW1_7696253701,100,blue,16.2,11,11.004716666666667,Leblanc,10250.0,6830.0,RED_BOT_JUNGLE
EUW1_7696253701,200,red,16.2,7,7.00325,Sona,6704.0,9351.0,RED_TOP_JUNGLE
EUW1_7696253701,200,red,16.2,9,9.003966666666667,Sona,8592.0,5125.0,BLUE_BOT_JUNGLE
EUW1_7696253701,200,red,16.2,11,11.004716666666667,Sona,12338.0,7448.0,RED_BOT_JUNGLE
EUW1_7696254679,100,blue,16.2,5,5.001116666666666,Leona,7973.0,5369.0,BLUE_BOT_JUNGLE
EUW1_7696254679,200,red,16.2,7,7.001333333333333,Yuumi,12224.0,9763.0,RED_BOT_JUNGLE
EUW1_7696254679,200,red,16.2,11,11.004366666666666,Yuumi,9744.0,7637.0,RED_BOT_JUNGLE
EUW1_7696254963,200,red,16.2,5,5.000933333333333,Seraphine,8304.0,5554.0,BLUE_BOT_JUNGLE
EUW1_7696254966,100,blue,16.2,10,10.00495,Rell,4894.0,4381.0,BLUE_BOT_JUNGLE
EUW1_7696255561,100,blue,16.2,10,10.004516666666667,Nami,7611.0,3157.0,BLUE_BOT_JUNGLE
EUW1_7696255561,200,red,16.2,10,10.004516666666667,Karma,9643.0,8996.0,MID_LANE
EUW1_7696256148,200,red,16.2,7,7.00385,Nautilus,7370.0,7316.0,MID_LANE
EUW1_7696256148,200,red,16.2,10,10.004716666666667,Nautilus,9707.0,7165.0,RED_BOT_JUNGLE
EUW1_7696257574,100,blue,16.2,8,8.004416666666666,Janna,5267.0,7347.0,BLUE_TOP_JUNGLE
EUW1_7696257659,100,blue,16.2,7,7.003383333333334,Nami,4297.0,2714.0,BLUE_BOT_JUNGLE
EUW1_7696257659,200,red,16.2,8,8.003533333333333,Bard,7543.0,7959.0,MID_LANE
EUW1_7696257956,100,blue,16.2,5,5.001133333333334,Janna,7226.0,9665.0,RED_TOP_JUNGLE
EUW1_7696257956,100,blue,16.2,6,6.001266666666667,Janna,6258.0,5821.0,MID_LANE
EUW1_7696257956,200,red,16.2,5,5.001133333333334,Karma,8990.0,11158.0,RED_TOP_JUNGLE
EUW1_7696257956,200,red,16.2,6,6.001266666666667,Karma,7865.0,6801.0,MID_LANE
EUW1_7696257956,200,red,16.2,10,10.001833333333334,Karma,10553.0,6171.0,RED_BOT_JUNGLE
EUW1_7696258009,100,blue,16.2,7,7.003783333333334,Thresh,4847.0,5969.0,BLUE_TOP_JUNGLE
EUW1_7696258009,100,blue,16.2,8,8.0041,Thresh,7505.0,7046.0,MID_LANE
EUW1_7696258009,200,red,16.2,5,5.00275,Bard,10991.0,10484.0,RED_BOT_JUNGLE
EUW1_7696258009,200,red,16.2,7,7.003783333333334,Bard,8454.0,10481.0,RED_TOP_JUNGLE
EUW1_7696258025,100,blue,16.2,10,10.004433333333333,Nami,5564.0,5531.0,BLUE_BOT_JUNGLE
EUW1_7696258025,100,blue,16.2,11,11.004533333333333,Nami,5363.0,6723.0,BLUE_TOP_JUNGLE
EUW1_7696258025,200,red,16.2,10,10.004433333333333,Lulu,7084.0,7157.0,MID_LANE
EUW1_7696258313,100,blue,16.2,9,9.00435,Leona,7674.0,8464.0,MID_LANE
EUW1_7696258313,200,red,16.2,5,5.003216666666667,Pyke,9538.0,8063.0,RED_BOT_JUNGLE
EUW1_7696258313,200,red,16.2,9,9.00435,Pyke,7833.0,8266.0,MID_LANE
EUW1_7696258762,200,red,16.2,10,10.00515,Alistar,10552.0,9959.0,RED_BOT_JUNGLE
EUW1_7696259056,100,blue,16.2,6,6.003033333333334,Nautilus,6846.0,6923.0,MID_LANE
EUW1_7696259056,100,blue,16.2,9,9.003733333333333,Nautilus,5997.0,5092.0,BLUE_BOT_JUNGLE
EUW1_7696259056,200,red,16.2,9,9.003733333333333,Soraka,10373.0,6145.0,RED_BOT_JUNGLE
EUW1_7696259453,100,blue,16.2,7,7.003183333333333,Zilean,6662.0,6199.0,MID_LANE
EUW1_7696261992,100,blue,16.2,9,9.00445,Lulu,7838.0,3567.0,BLUE_BOT_JUNGLE
EUW1_7696261992,100,blue,16.2,10,10.004716666666667,Lulu,2915.0,10962.0,TOP_SIDE_NEAR
EUW1_7696261992,100,blue,16.2,11,11.004983333333334,Lulu,786.0,9600.0,TOP_LANE_CORE
EUW1_7696261992,200,red,16.2,9,9.00445,Thresh,12114.0,7249.0,RED_BOT_JUNGLE
EUW1_7696261992,200,red,16.2,10,10.004716666666667,Thresh,1938.0,11983.0,TOP_LANE_CORE
EUW1_7696261992,200,red,16.2,11,11.004983333333334,Thresh,1363.0,12201.0,TOP_LANE_CORE
EUW1_7696262077,100,blue,16.2,8,8.00345,Nami,5183.0,3746.0,BLUE_BOT_JUNGLE
EUW1_7696262077,100,blue,16.2,10,10.003916666666667,Nami,8129.0,2288.0,BLUE_BOT_JUNGLE
EUW1_7696262134,100,blue,16.2,6,6.0030833333333335,Pyke,5015.0,3052.0,BLUE_BOT_JUNGLE
EUW1_7696262134,100,blue,16.2,10,10.004533333333333,Pyke,4806.0,8122.0,BLUE_TOP_JUNGLE
EUW1_7696262134,100,blue,16.2,11,11.00465,Pyke,6103.0,6686.0,MID_LANE
EUW1_7696262134,200,red,16.2,6,6.0030833333333335,Janna,9305.0,8327.0,MID_LANE
EUW1_7696262134,200,red,16.2,7,7.003216666666667,Janna,7461.0,6697.0,MID_LANE
EUW1_7696262134,200,red,16.2,8,8.0037,Janna,11627.0,11104.0,RED_BOT_JUNGLE
EUW1_7696262134,200,red,16.2,10,10.004533333333333,Janna,1207.0,12177.0,TOP_LANE_CORE
EUW1_7696262885,200,red,16.2,10,10.00175,Alistar,8533.0,11510.0,RED_TOP_JUNGLE
EUW1_7696264181,100,blue,16.2,9,9.001933333333334,Bard,5648.0,7006.0,MID_LANE
EUW1_7696264181,200,red,16.2,9,9.001933333333334,Braum,9222.0,8899.0,MID_LANE
EUW1_7696264181,200,red,16.2,10,10.002116666666666,Braum,8871.0,8379.0,MID_LANE
EUW1_7696264644,100,blue,16.2,6,6.00345,Leona,8506.0,4769.0,BLUE_BOT_JUNGLE
EUW1_7696264644,100,blue,16.2,8,8.00405,Leona,5396.0,6966.0,BLUE_TOP_JUNGLE
EUW1_7696264644,100,blue,16.2,11,11.004483333333333,Leona,5116.0,4637.0,BLUE_BOT_JUNGLE
EUW1_7696264644,200,red,16.2,7,7.00375,Neeko,7652.0,5757.0,BLUE_BOT_JUNGLE
EUW1_7696265035,100,blue,16.2,6,6.001333333333333,Blitzcrank,3734.0,1874.0,BLUE_BOT_JUNGLE
EUW1_7696265035,100,blue,16.2,10,10.001966666666666,Blitzcrank,4134.0,4795.0,BLUE_TOP_JUNGLE
EUW1_7696265035,100,blue,16.2,11,11.002366666666667,Blitzcrank,8261.0,7797.0,MID_LANE
EUW1_7696265035,200,red,16.2,11,11.002366666666667,Nami,9541.0,7942.0,RED_BOT_JUNGLE
EUW1_7696266377,200,red,16.2,9,9.003683333333333,Nami,12487.0,6225.0,RED_BOT_JUNGLE
EUW1_7696266652,100,blue,16.2,8,8.003133333333333,Karma,5152.0,7891.0,BLUE_TOP_JUNGLE
EUW1_7696266652,100,blue,16.2,9,9.003566666666666,Karma,5713.0,6526.0,MID_LANE
EUW1_7696266652,200,red,16.2,8,8.003133333333333,Nidalee,7406.0,7053.0,MID_LANE
EUW1_7696266946,100,blue,16.2,5,5.002466666666667,Leona,5404.0,9526.0,TOP_SIDE_NEAR
EUW1_7696266946,100,blue,16.2,7,7.00325,Leona,6334.0,10069.0,RED_TOP_JUNGLE
EUW1_7696266946,100,blue,16.2,8,8.00335,Leona,5632.0,5936.0,MID_LANE
EUW1_7696266946,100,blue,16.2,10,10.003816666666667,Leona,6537.0,8471.0,RIVER_TOP
EUW1_7696266946,100,blue,16.2,11,11.003916666666667,Leona,1296.0,10120.0,TOP_LANE_CORE
EUW1_7696266946,200,red,16.2,10,10.003816666666667,Senna,9858.0,11867.0,RED_TOP_JUNGLE
EUW1_7696267177,100,blue,16.2,5,5.001033333333333,Karma,5958.0,6296.0,MID_LANE
EUW1_7696267177,100,blue,16.2,9,9.002,Karma,7586.0,2837.0,BLUE_BOT_JUNGLE
EUW1_7696267177,200,red,16.2,7,7.0015833333333335,Janna,3184.0,9681.0,TOP_SIDE_NEAR
EUW1_7696267617,100,blue,16.2,9,9.004983333333334,Nautilus,3803.0,11045.0,TOP_SIDE_NEAR
EUW1_7696267617,100,blue,16.2,10,10.005016666666666,Nautilus,3056.0,12183.0,TOP_SIDE_NEAR
EUW1_7696267617,100,blue,16.2,11,11.00535,Nautilus,6103.0,9439.0,RIVER_TOP
EUW1_7696268077,100,blue,16.2,6,6.003116666666667,Nami,6982.0,6842.0,MID_LANE
EUW1_7696268077,200,red,16.2,9,9.004166666666666,Nautilus,9129.0,8317.0,MID_LANE
EUW1_7696268077,200,red,16.2,11,11.004616666666667,Nautilus,7300.0,6155.0,MID_LANE
EUW1_7696268382,100,blue,16.2,11,11.00535,Lulu,4831.0,4809.0,BLUE_BOT_JUNGLE
EUW1_7696268382,200,red,16.2,11,11.00535,Maokai,9938.0,9110.0,RED_BOT_JUNGLE
EUW1_7696268474,200,red,16.2,9,9.004566666666667,Lulu,12389.0,6286.0,RED_BOT_JUNGLE
EUW1_7696268570,100,blue,16.2,8,8.003166666666667,Braum,6288.0,9051.0,RIVER_TOP
EUW1_7696268570,100,blue,16.2,9,9.004083333333334,Braum,5148.0,7547.0,BLUE_TOP_JUNGLE
EUW1_7696268570,200,red,16.2,5,5.002716666666666,Nidalee,11655.0,11123.0,RED_BOT_JUNGLE
EUW1_7696268570,200,red,16.2,9,9.004083333333334,Nidalee,5751.0,8954.0,RIVER_TOP
EUW1_7696269173,100,blue,16.2,9,9.00405,Bard,3290.0,12771.0,TOP_SIDE_NEAR
EUW1_7696269173,100,blue,16.2,11,11.0051,Bard,3099.0,12555.0,TOP_SIDE_NEAR
EUW1_7696269937,100,blue,16.2,5,5.0027,Morgana,6317.0,7516.0,MID_LANE
EUW1_7696269937,100,blue,16.2,8,8.003533333333333,Morgana,2134.0,9554.0,TOP_SIDE_NEAR
EUW1_7696269937,100,blue,16.2,9,9.003583333333333,Morgana,4800.0,8942.0,TOP_SIDE_NEAR
EUW1_7696269937,200,red,16.2,5,5.0027,Thresh,7172.0,7435.0,MID_LANE
EUW1_7696269937,200,red,16.2,8,8.003533333333333,Thresh,12499.0,11388.0,RED_BOT_JUNGLE
EUW1_7696270166,100,blue,16.2,8,8.00155,Velkoz,5664.0,9318.0,RIVER_TOP
EUW1_7696270166,200,red,16.2,8,8.00155,Karma,11948.0,11384.0,RED_BOT_JUNGLE
EUW1_7696270166,200,red,16.2,11,11.0018,Karma,8945.0,9078.0,MID_LANE
EUW1_7696270500,200,red,16.2,5,5.002483333333333,Taric,7586.0,7068.0,MID_LANE
EUW1_7696270500,200,red,16.2,8,8.002883333333333,Taric,12126.0,8621.0,RED_BOT_JUNGLE
EUW1_7696271228,100,blue,16.2,9,9.003233333333334,Milio,6708.0,6621.0,MID_LANE
EUW1_7696271228,100,blue,16.2,10,10.003766666666667,Milio,7086.0,3148.0,BLUE_BOT_JUNGLE
EUW1_7696271228,200,red,16.2,8,8.002716666666666,Sylas,7672.0,5608.0,BLUE_BOT_JUNGLE
EUW1_7696271228,200,red,16.2,9,9.003233333333334,Sylas,4690.0,10164.0,BARON_GRUBS_HERALD_AREA
EUW1_7696271228,200,red,16.2,10,10.003766666666667,Sylas,7084.0,4449.0,BLUE_BOT_JUNGLE
EUW1_7696271228,200,red,16.2,11,11.004233333333334,Sylas,2336.0,13417.0,TOP_LANE_CORE
EUW1_7696271243,200,red,16.2,10,10.005216666666668,Zilean,12275.0,9259.0,RED_BOT_JUNGLE
EUW1_7696271711,100,blue,16.2,8,8.00385,Karma,4789.0,7143.0,BLUE_TOP_JUNGLE
EUW1_7696271711,100,blue,16.2,11,11.004966666666666,Karma,5743.0,5444.0,BLUE_BOT_JUNGLE
EUW1_7696271711,200,red,16.2,8,8.00385,Janna,4182.0,9590.0,TOP_SIDE_NEAR
EUW1_7696271711,200,red,16.2,9,9.0041,Janna,10027.0,9417.0,RED_BOT_JUNGLE
EUW1_7696271711,200,red,16.2,11,11.004966666666666,Janna,6935.0,8844.0,RED_TOP_JUNGLE
EUW1_7696271850,200,red,16.2,7,7.0033666666666665,Malphite,4293.0,8498.0,BLUE_TOP_JUNGLE
EUW1_7696271850,200,red,16.2,10,10.00415,Malphite,8076.0,7253.0,MID_LANE
EUW1_7696271894,100,blue,16.2,5,5.00315,Bard,4038.0,11468.0,TOP_SIDE_NEAR
EUW1_7696271894,100,blue,16.2,9,9.004083333333334,Bard,7570.0,2455.0,BLUE_BOT_JUNGLE
EUW1_7696271894,200,red,16.2,7,7.003666666666667,Thresh,10582.0,6437.0,RED_BOT_JUNGLE
EUW1_7696271894,200,red,16.2,9,9.004083333333334,Thresh,4971.0,12740.0,TOP_SIDE_NEAR
EUW1_7696271894,200,red,16.2,11,11.005033333333333,Thresh,10118.0,10680.0,RED_TOP_JUNGLE
EUW1_7696272085,100,blue,16.2,8,8.004066666666667,Thresh,3467.0,3882.0,BLUE_TOP_JUNGLE
EUW1_7696272302,100,blue,16.2,9,9.0037,Senna,6858.0,2768.0,BLUE_BOT_JUNGLE
EUW1_7696272302,200,red,16.2,6,6.003116666666667,Karma,6985.0,7531.0,MID_LANE
EUW1_7696272302,200,red,16.2,7,7.003516666666667,Karma,9720.0,11299.0,RED_TOP_JUNGLE
EUW1_7696272302,200,red,16.2,9,9.0037,Karma,9957.0,8090.0,RED_BOT_JUNGLE
EUW1_7696273005,100,blue,16.2,7,7.00335,Karma,7293.0,6421.0,MID_LANE
EUW1_7696273005,200,red,16.2,5,5.001366666666667,Braum,9706.0,7281.0,RED_BOT_JUNGLE
EUW1_7696273043,100,blue,16.2,10,10.00345,Rakan,3616.0,10455.0,TOP_SIDE_NEAR
EUW1_7696273043,200,red,16.2,10,10.00345,Braum,7631.0,10093.0,RED_TOP_JUNGLE
EUW1_7696273104,100,blue,16.2,9,9.002483333333334,Karma,3387.0,10985.0,TOP_SIDE_NEAR
EUW1_7696273673,100,blue,16.2,9,9.004633333333333,Nami,6759.0,4841.0,BLUE_BOT_JUNGLE
EUW1_7696273673,100,blue,16.2,10,10.004783333333334,Nami,7951.0,2368.0,BLUE_BOT_JUNGLE
EUW1_7696273673,200,red,16.2,10,10.004783333333334,TahmKench,8281.0,3536.0,BLUE_BOT_JUNGLE
EUW1_7696273780,100,blue,16.2,9,9.003933333333332,Braum,5803.0,5050.0,BLUE_BOT_JUNGLE
EUW1_7696273780,100,blue,16.2,11,11.00425,Braum,7164.0,3410.0,BLUE_BOT_JUNGLE
EUW1_7696273780,200,red,16.2,8,8.0037,Nami,8557.0,10579.0,RED_TOP_JUNGLE
EUW1_7696274186,100,blue,16.2,10,10.005066666666666,Thresh,4155.0,1964.0,BLUE_BOT_JUNGLE
EUW1_7696274186,200,red,16.2,6,6.00405,Bard,10248.0,6248.0,RED_BOT_JUNGLE
EUW1_7696274186,200,red,16.2,10,10.005066666666666,Bard,6425.0,6222.0,MID_LANE
EUW1_7696274291,100,blue,16.2,7,7.003116666666667,Nami,7709.0,5259.0,BLUE_BOT_JUNGLE
EUW1_7696274291,200,red,16.2,7,7.003116666666667,Rakan,6941.0,7552.0,MID_LANE
EUW1_7696274291,200,red,16.2,8,8.003216666666667,Rakan,2744.0,11204.0,TOP_SIDE_NEAR
EUW1_7696274291,200,red,16.2,10,10.0037,Rakan,8704.0,7937.0,MID_LANE
EUW1_7696274345,100,blue,16.2,6,6.0009,Bard,7784.0,7039.0,MID_LANE
EUW1_7696274345,100,blue,16.2,9,9.002866666666666,Bard,8051.0,7496.0,MID_LANE
EUW1_7696274608,100,blue,16.2,5,5.003066666666666,Alistar,7430.0,8517.0,MID_LANE
EUW1_7696274608,100,blue,16.2,7,7.004,Alistar,7817.0,9457.0,RED_TOP_JUNGLE
EUW1_7696274608,200,red,16.2,5,5.003066666666666,Bard,8189.0,8173.0,MID_LANE
EUW1_7696274608,200,red,16.2,10,10.004883333333334,Bard,8412.0,5139.0,BLUE_BOT_JUNGLE
EUW1_7696275271,100,blue,16.2,6,6.001483333333334,Elise,7717.0,5550.0,BLUE_BOT_JUNGLE
EUW1_7696275271,200,red,16.2,5,5.00115,Swain,8164.0,7238.0,MID_LANE
EUW1_7696275271,200,red,16.2,9,9.004533333333333,Swain,4978.0,9743.0,BARON_GRUBS_HERALD_AREA
EUW1_7696275982,100,blue,16.2,9,9.002983333333333,Pantheon,5937.0,4018.0,BLUE_BOT_JUNGLE
EUW1_7696275982,100,blue,16.2,10,10.003483333333334,Pantheon,4817.0,9948.0,BARON_GRUBS_HERALD_AREA
EUW1_7696275984,200,red,16.2,8,8.001816666666667,Thresh,9274.0,8598.0,MID_LANE
EUW1_7696276059,100,blue,16.2,6,6.0037,Nami,11335.0,6650.0,RED_BOT_JUNGLE
EUW1_7696276059,200,red,16.2,5,5.003166666666667,Karma,1863.0,11384.0,TOP_LANE_CORE
EUW1_7696276068,100,blue,16.2,8,8.00185,Lux,2478.0,12775.0,TOP_LANE_CORE
EUW1_7696276068,200,red,16.2,8,8.00185,Leona,7686.0,7786.0,MID_LANE
EUW1_7696276355,100,blue,16.2,5,5.00105,Rakan,3301.0,2744.0,BLUE_BOT_JUNGLE
EUW1_7696276355,100,blue,16.2,7,7.001133333333334,Rakan,8598.0,4623.0,BLUE_BOT_JUNGLE
EUW1_7696276355,100,blue,16.2,8,8.00145,Rakan,4888.0,5622.0,BLUE_TOP_JUNGLE
EUW1_7696276355,100,blue,16.2,9,9.003433333333334,Rakan,3487.0,9050.0,TOP_SIDE_NEAR
EUW1_7696276355,200,red,16.2,5,5.00105,Alistar,6914.0,6704.0,MID_LANE
EUW1_7696276355,200,red,16.2,7,7.001133333333334,Alistar,6458.0,6436.0,MID_LANE
EUW1_7696276355,200,red,16.2,8,8.00145,Alistar,7316.0,9750.0,RED_TOP_JUNGLE
EUW1_7696276355,200,red,16.2,9,9.003433333333334,Alistar,2930.0,11060.0,TOP_SIDE_NEAR
EUW1_7696276355,200,red,16.2,10,10.003666666666666,Alistar,12240.0,11195.0,RED_BOT_JUNGLE
EUW1_7696276470,100,blue,16.2,6,6.001416666666667,Rakan,5734.0,8288.0,RIVER_TOP
EUW1_7696276470,100,blue,16.2,10,10.004116666666667,Rakan,6180.0,6522.0,MID_LANE
EUW1_7696276470,200,red,16.2,10,10.004116666666667,Nautilus,10251.0,9679.0,RED_BOT_JUNGLE
EUW1_7696277031,100,blue,16.2,6,6.002633333333334,Leona,5186.0,3281.0,BLUE_BOT_JUNGLE
EUW1_7696277031,100,blue,16.2,8,8.003183333333334,Leona,6549.0,9543.0,RED_TOP_JUNGLE
EUW1_7696277209,100,blue,16.2,6,6.003583333333333,Karma,7915.0,1920.0,BLUE_BOT_JUNGLE
EUW1_7696277209,100,blue,16.2,8,8.0038,Karma,3488.0,4115.0,BLUE_TOP_JUNGLE
EUW1_7696277209,200,red,16.2,5,5.0034,Pyke,12716.0,6112.0,RED_BOT_JUNGLE
EUW1_7696277209,200,red,16.2,6,6.003583333333333,Pyke,12145.0,8407.0,RED_BOT_JUNGLE
EUW1_7696277209,200,red,16.2,9,9.004316666666666,Pyke,10051.0,8576.0,RED_BOT_JUNGLE
EUW1_7696277228,100,blue,16.2,6,6.00255,Blitzcrank,1493.0,8305.0,TOP_LANE_CORE
EUW1_7696278010,100,blue,16.2,9,9.004033333333334,Nami,8665.0,4515.0,BLUE_BOT_JUNGLE
EUW1_7696278655,100,blue,16.2,8,8.00455,Yuumi,7718.0,4022.0,BLUE_BOT_JUNGLE
EUW1_7696278655,100,blue,16.2,9,9.005066666666666,Yuumi,4423.0,5081.0,BLUE_TOP_JUNGLE
EUW1_7696278655,100,blue,16.2,10,10.005366666666667,Yuumi,2280.0,9370.0,TOP_SIDE_NEAR
EUW1_7696278655,200,red,16.2,6,6.003866666666666,Rell,6808.0,7396.0,MID_LANE
EUW1_7696278655,200,red,16.2,11,11.005866666666666,Rell,12097.0,7471.0,RED_BOT_JUNGLE
EUW1_7696278746,200,red,16.2,5,5.00255,Leona,4750.0,8260.0,BLUE_TOP_JUNGLE
EUW1_7696278746,200,red,16.2,11,11.0043,Leona,12020.0,9230.0,RED_BOT_JUNGLE
EUW1_7696279154,100,blue,16.2,6,6.001766666666667,Nautilus,3767.0,2130.0,BLUE_BOT_JUNGLE
EUW1_7696279154,100,blue,16.2,8,8.0024,Nautilus,3643.0,10458.0,TOP_SIDE_NEAR
EUW1_7696279154,100,blue,16.2,10,10.005016666666666,Nautilus,2079.0,11822.0,TOP_LANE_CORE
EUW1_7696279154,100,blue,16.2,11,11.005133333333333,Nautilus,8119.0,5331.0,BLUE_BOT_JUNGLE
EUW1_7696279243,100,blue,16.2,7,7.003616666666667,Alistar,4842.0,8024.0,BLUE_TOP_JUNGLE
EUW1_7696279243,100,blue,16.2,11,11.004766666666667,Alistar,6162.0,10614.0,TOP_SIDE_NEAR
EUW1_7696279243,200,red,16.2,7,7.003616666666667,Nidalee,5774.0,8282.0,RIVER_TOP
EUW1_7696279243,200,red,16.2,8,8.003733333333333,Nidalee,2740.0,12276.0,TOP_LANE_CORE
EUW1_7696279243,200,red,16.2,9,9.003833333333333,Nidalee,4223.0,9480.0,TOP_SIDE_NEAR
EUW1_7696279352,200,red,16.2,8,8.003633333333333,Alistar,11551.0,7077.0,RED_BOT_JUNGLE
EUW1_7696279942,100,blue,16.2,9,9.004416666666666,Milio,2842.0,13168.0,TOP_LANE_CORE
EUW1_7696279942,200,red,16.2,6,6.002933333333333,Nidalee,7384.0,6316.0,MID_LANE
EUW1_7696279942,200,red,16.2,8,8.004333333333333,Nidalee,7328.0,6312.0,MID_LANE
EUW1_7696279942,200,red,16.2,9,9.004416666666666,Nidalee,3722.0,13222.0,TOP_LANE_CORE
EUW1_7696281685,100,blue,16.2,8,8.003516666666666,Renata,4778.0,9276.0,TOP_SIDE_NEAR
EUW1_7696281685,200,red,16.2,8,8.003516666666666,Karma,6602.0,9050.0,RED_TOP_JUNGLE
EUW1_7696281685,200,red,16.2,10,10.00445,Karma,7812.0,6325.0,BLUE_BOT_JUNGLE
EUW1_7696281695,100,blue,16.2,5,5.002566666666667,Braum,6994.0,6694.0,MID_LANE
EUW1_7696281695,100,blue,16.2,6,6.0031,Braum,1631.0,10071.0,TOP_LANE_CORE
EUW1_7696281695,100,blue,16.2,8,8.003883333333333,Braum,7531.0,6197.0,BLUE_BOT_JUNGLE
EUW1_7696281695,100,blue,16.2,9,9.00415,Braum,4494.0,10073.0,BARON_GRUBS_HERALD_AREA
EUW1_7696281695,200,red,16.2,7,7.003533333333333,Neeko,5940.0,9418.0,RIVER_TOP
EUW1_7696281940,200,red,16.2,7,7.003033333333334,Nautilus,7034.0,9025.0,RED_TOP_JUNGLE
EUW1_7696281940,200,red,16.2,11,11.004,Nautilus,12203.0,10016.0,RED_BOT_JUNGLE
EUW1_7696282638,100,blue,16.2,8,8.003966666666667,Braum,8638.0,2395.0,BLUE_BOT_JUNGLE
EUW1_7696282638,100,blue,16.2,10,10.004016666666667,Braum,6637.0,6283.0,MID_LANE
EUW1_7696282638,200,red,16.2,10,10.004016666666667,Nami,7491.0,7311.0,MID_LANE
EUW1_7696282693,100,blue,16.2,8,8.002883333333333,Bard,7672.0,6108.0,BLUE_BOT_JUNGLE
EUW1_7696282693,200,red,16.2,5,5.00085,Rakan,9587.0,7175.0,RED_BOT_JUNGLE
EUW1_7696283377,100,blue,16.2,8,8.004283333333333,Pyke,7367.0,7321.0,MID_LANE
EUW1_7696283377,100,blue,16.2,9,9.00435,Pyke,8190.0,3392.0,BLUE_BOT_JUNGLE
EUW1_7696283377,100,blue,16.2,11,11.005166666666666,Pyke,5094.0,12913.0,TOP_SIDE_NEAR
EUW1_7696283377,200,red,16.2,7,7.003966666666667,Bard,10546.0,6210.0,RED_BOT_JUNGLE
EUW1_7696284084,100,blue,16.2,9,9.0039,Swain,5355.0,3413.0,BLUE_BOT_JUNGLE
EUW1_7696284084,200,red,16.2,9,9.0039,Alistar,2306.0,13487.0,TOP_LANE_CORE
EUW1_7696284731,100,blue,16.2,7,7.001,Anivia,8117.0,3511.0,BLUE_BOT_JUNGLE
EUW1_7696284731,100,blue,16.2,9,9.003466666666666,Anivia,5338.0,8797.0,RIVER_TOP
EUW1_7696284731,200,red,16.2,9,9.003466666666666,Nidalee,5979.0,9194.0,RIVER_TOP
EUW1_7696284731,200,red,16.2,11,11.00435,Nidalee,8576.0,4708.0,BLUE_BOT_JUNGLE
EUW1_7696284865,100,blue,16.2,10,10.0021,Neeko,7903.0,7880.0,MID_LANE
EUW1_7696284970,100,blue,16.2,5,5.002716666666666,Janna,6323.0,4454.0,BLUE_BOT_JUNGLE
EUW1_7696284970,100,blue,16.2,7,7.0031,Janna,5157.0,4716.0,BLUE_BOT_JUNGLE
EUW1_7696285092,100,blue,16.2,8,8.003766666666667,Rell,7408.0,6952.0,MID_LANE
EUW1_7696285517,200,red,16.2,5,5.003133333333333,Nami,9375.0,7750.0,RED_BOT_JUNGLE
EUW1_7696285918,100,blue,16.2,11,11.004183333333334,Karma,10272.0,6176.0,RED_BOT_JUNGLE
EUW1_7696285918,200,red,16.2,7,7.002933333333333,Rakan,11431.0,6602.0,RED_BOT_JUNGLE
EUW1_7696285918,200,red,16.2,11,11.004183333333334,Rakan,11905.0,7531.0,RED_BOT_JUNGLE
EUW1_7696286568,100,blue,16.2,6,6.0013,Milio,7704.0,6067.0,BLUE_BOT_JUNGLE
EUW1_7696286568,100,blue,16.2,8,8.003383333333334,Milio,4696.0,9577.0,TOP_SIDE_NEAR
EUW1_7696286568,200,red,16.2,6,6.0013,Braum,3222.0,11821.0,TOP_SIDE_NEAR
EUW1_7696287086,100,blue,16.2,9,9.00425,Alistar,8456.0,7714.0,MID_LANE
EUW1_7696287086,200,red,16.2,7,7.0034,Janna,7804.0,8343.0,MID_LANE
EUW1_7696287086,200,red,16.2,11,11.004783333333334,Janna,9637.0,9718.0,RED_TOP_JUNGLE
EUW1_7696287221,100,blue,16.2,9,9.00355,Braum,5612.0,6982.0,BLUE_TOP_JUNGLE
EUW1_7696287221,100,blue,16.2,11,11.0037,Braum,4428.0,2327.0,BLUE_BOT_JUNGLE
EUW1_7696287221,200,red,16.2,9,9.00355,Thresh,7224.0,7485.0,MID_LANE
EUW1_7696287221,200,red,16.2,11,11.0037,Thresh,7200.0,3763.0,BLUE_BOT_JUNGLE
EUW1_7696287918,100,blue,16.2,9,9.003933333333332,Zyra,6013.0,5111.0,BLUE_BOT_JUNGLE
EUW1_7696287918,100,blue,16.2,10,10.004383333333333,Zyra,8503.0,5413.0,BLUE_BOT_JUNGLE
EUW1_7696287918,200,red,16.2,6,6.002783333333333,Braum,7944.0,7178.0,MID_LANE
EUW1_7696287918,200,red,16.2,10,10.004383333333333,Braum,10522.0,6176.0,RED_BOT_JUNGLE
EUW1_7696287918,200,red,16.2,11,11.00445,Braum,2365.0,11920.0,TOP_LANE_CORE
EUW1_7696288868,100,blue,16.2,9,9.004433333333333,Alistar,6553.0,9744.0,RED_TOP_JUNGLE
EUW1_7696289191,100,blue,16.2,8,8.00165,Blitzcrank,5858.0,6091.0,MID_LANE
EUW1_7696289191,100,blue,16.2,9,9.003416666666666,Blitzcrank,5464.0,8845.0,RIVER_TOP
EUW1_7696289191,200,red,16.2,9,9.003416666666666,Lulu,6096.0,8948.0,RIVER_TOP
EUW1_7696289341,200,red,16.2,8,8.004566666666667,Karma,11539.0,11267.0,RED_BOT_JUNGLE
EUW1_7696290653,100,blue,16.2,7,7.004,Seraphine,4821.0,6584.0,BLUE_TOP_JUNGLE
EUW1_7696290976,100,blue,16.2,9,9.0048,Leona,5882.0,5203.0,BLUE_BOT_JUNGLE
EUW1_7696290976,100,blue,16.2,11,11.0053,Leona,8513.0,7425.0,MID_LANE
EUW1_7696290977,100,blue,16.2,8,8.003683333333333,Neeko,6575.0,7420.0,MID_LANE
EUW1_7696290977,200,red,16.2,8,8.003683333333333,Karma,5148.0,8926.0,RIVER_TOP
EUW1_7696290977,200,red,16.2,11,11.00465,Karma,7091.0,6872.0,MID_LANE
EUW1_7696291016,100,blue,16.2,7,7.003216666666667,Janna,3771.0,11081.0,TOP_SIDE_NEAR
EUW1_7696291016,100,blue,16.2,11,11.00475,Janna,6559.0,9254.0,RED_TOP_JUNGLE
EUW1_7696291636,100,blue,16.2,8,8.004233333333334,Soraka,5783.0,8608.0,RIVER_TOP
EUW1_7696291636,200,red,16.2,8,8.004233333333334,Janna,3060.0,11988.0,TOP_SIDE_NEAR
EUW1_7696291853,100,blue,16.2,6,6.00285,Karma,9935.0,6649.0,RED_BOT_JUNGLE
EUW1_7696291853,100,blue,16.2,8,8.003266666666667,Karma,7992.0,5839.0,BLUE_BOT_JUNGLE
EUW1_7696293200,100,blue,16.2,7,7.001833333333333,Karma,5963.0,5570.0,BLUE_BOT_JUNGLE
EUW1_7696293200,100,blue,16.2,9,9.002166666666668,Karma,7405.0,9901.0,RED_TOP_JUNGLE
EUW1_7696293200,100,blue,16.2,11,11.002783333333333,Karma,2942.0,3475.0,BLUE_TOP_JUNGLE
EUW1_7696293200,200,red,16.2,9,9.002166666666668,Nautilus,9999.0,10036.0,RED_TOP_JUNGLE
EUW1_7696293293,100,blue,16.2,8,8.004066666666667,Rell,7441.0,7360.0,MID_LANE
EUW1_7696293293,100,blue,16.2,9,9.004566666666667,Rell,5767.0,4946.0,BLUE_BOT_JUNGLE
EUW1_7696293293,200,red,16.2,7,7.004016666666667,Lissandra,10200.0,7228.0,RED_BOT_JUNGLE
EUW1_7696293293,200,red,16.2,8,8.004066666666667,Lissandra,12183.0,11690.0,RED_BOT_JUNGLE
EUW1_7696293661,200,red,16.2,5,5.0027,Khazix,1477.0,11706.0,TOP_LANE_CORE
EUW1_7696294177,100,blue,16.2,9,9.003366666666667,Zilean,5380.0,7170.0,BLUE_TOP_JUNGLE
EUW1_7696294177,200,red,16.2,9,9.003366666666667,Alistar,3342.0,9126.0,TOP_SIDE_NEAR
EUW1_7696294414,100,blue,16.2,8,8.00405,Nami,7784.0,7126.0,MID_LANE
EUW1_7696294414,100,blue,16.2,9,9.004533333333333,Nami,12346.0,6221.0,RED_BOT_JUNGLE
EUW1_7696294414,200,red,16.2,9,9.004533333333333,Elise,11377.0,7107.0,RED_BOT_JUNGLE
EUW1_7696294434,100,blue,16.2,7,7.0016,Bard,7830.0,5042.0,BLUE_BOT_JUNGLE
EUW1_7696294434,100,blue,16.2,9,9.002016666666666,Bard,3273.0,11446.0,TOP_SIDE_NEAR
EUW1_7696294434,200,red,16.2,9,9.002016666666666,Karma,7767.0,10727.0,RED_TOP_JUNGLE
EUW1_7696294434,200,red,16.2,11,11.00385,Karma,10269.0,6155.0,RED_BOT_JUNGLE
EUW1_7696295014,100,blue,16.2,5,5.0033,Braum,6858.0,6317.0,MID_LANE
EUW1_7696295014,200,red,16.2,5,5.0033,Nautilus,7705.0,5551.0,BLUE_BOT_JUNGLE
EUW1_7696295014,200,red,16.2,7,7.00385,Nautilus,8202.0,7464.0,MID_LANE
EUW1_7696295021,100,blue,16.2,5,5.002483333333333,Thresh,8688.0,4617.0,BLUE_BOT_JUNGLE
EUW1_7696295021,100,blue,16.2,6,6.002566666666667,Thresh,4963.0,8718.0,RIVER_TOP
EUW1_7696295021,100,blue,16.2,9,9.003266666666667,Thresh,5687.0,6101.0,MID_LANE
EUW1_7696295021,200,red,16.2,7,7.00295,Nautilus,7587.0,11039.0,RED_TOP_JUNGLE
EUW1_7696295021,200,red,16.2,9,9.003266666666667,Nautilus,7712.0,7359.0,MID_LANE
EUW1_7696295124,100,blue,16.2,7,7.003066666666666,Thresh,7472.0,6258.0,MID_LANE
EUW1_7696295124,100,blue,16.2,8,8.00335,Thresh,9789.0,6538.0,RED_BOT_JUNGLE
EUW1_7696295124,100,blue,16.2,9,9.0036,Thresh,4976.0,9707.0,BARON_GRUBS_HERALD_AREA
EUW1_7696295124,200,red,16.2,7,7.003066666666666,Janna,9197.0,8744.0,MID_LANE
EUW1_7696295124,200,red,16.2,8,8.00335,Janna,8273.0,8137.0,MID_LANE
EUW1_7696295124,200,red,16.2,10,10.003733333333333,Janna,10598.0,10833.0,RED_TOP_JUNGLE
EUW1_7696295467,100,blue,16.2,11,11.005383333333333,Pantheon,849.0,10232.0,TOP_LANE_CORE
EUW1_7696295629,200,red,16.2,6,6.001083333333334,Nautilus,9602.0,8851.0,MID_LANE
EUW1_7696295629,200,red,16.2,7,7.00215,Nautilus,7380.0,5990.0,BLUE_BOT_JUNGLE
EUW1_7696296767,200,red,16.2,9,9.004366666666666,Karma,12198.0,11601.0,RED_BOT_JUNGLE
EUW1_7696296767,200,red,16.2,10,10.0044,Karma,10662.0,6447.0,RED_BOT_JUNGLE
EUW1_7696296940,100,blue,16.2,7,7.003683333333333,Elise,4956.0,3046.0,BLUE_BOT_JUNGLE
EUW1_7696296940,200,red,16.2,8,8.003833333333333,Pantheon,4623.0,9319.0,TOP_SIDE_NEAR
EUW1_7696297197,100,blue,16.2,7,7.0030833333333335,Nautilus,8245.0,5488.0,BLUE_BOT_JUNGLE
EUW1_7696297197,100,blue,16.2,9,9.003533333333333,Nautilus,6661.0,8709.0,RIVER_TOP
EUW1_7696297197,200,red,16.2,9,9.003533333333333,Rakan,8717.0,7799.0,MID_LANE
EUW1_7696297248,100,blue,16.2,10,10.004266666666666,Rell,6181.0,6105.0,MID_LANE
EUW1_7696297248,200,red,16.2,7,7.0032,Trundle,10162.0,9582.0,RED_BOT_JUNGLE
EUW1_7696297248,200,red,16.2,10,10.004266666666666,Trundle,4745.0,10414.0,BARON_GRUBS_HERALD_AREA
EUW1_7696297551,200,red,16.2,9,9.004183333333334,Braum,12108.0,7433.0,RED_BOT_JUNGLE
EUW1_7696299675,100,blue,16.2,5,5.003383333333334,Lulu,4216.0,3699.0,BLUE_BOT_JUNGLE
EUW1_7696299675,100,blue,16.2,9,9.004283333333333,Lulu,3389.0,11335.0,TOP_SIDE_NEAR
EUW1_7696299675,200,red,16.2,9,9.004283333333333,Ivern,11493.0,6414.0,RED_BOT_JUNGLE
EUW1_7696299675,200,red,16.2,11,11.005,Ivern,12844.0,10847.0,RED_BOT_JUNGLE
EUW1_7696299952,100,blue,16.2,9,9.00405,Senna,3316.0,2755.0,BLUE_BOT_JUNGLE
EUW1_7696300608,100,blue,16.2,8,8.004116666666667,Leona,4864.0,10397.0,BARON_GRUBS_HERALD_AREA
EUW1_7696300608,100,blue,16.2,11,11.0043,Leona,5974.0,12756.0,TOP_SIDE_NEAR
EUW1_7696300608,200,red,16.2,8,8.004116666666667,TahmKench,7877.0,7247.0,MID_LANE
EUW1_7696300608,200,red,16.2,11,11.0043,TahmKench,8864.0,9750.0,RED_TOP_JUNGLE
EUW1_7696300742,100,blue,16.2,7,7.004716666666667,Pyke,10268.0,6144.0,RED_BOT_JUNGLE
EUW1_7696300742,100,blue,16.2,10,10.006183333333333,Pyke,3323.0,12888.0,TOP_LANE_CORE
EUW1_7696300742,200,red,16.2,7,7.004716666666667,Zilean,8991.0,8046.0,MID_LANE
EUW1_7696301100,100,blue,16.2,5,5.002683333333334,Karma,11893.0,7722.0,RED_BOT_JUNGLE
EUW1_7696301100,100,blue,16.2,7,7.00365,Karma,10980.0,6403.0,RED_BOT_JUNGLE
EUW1_7696301100,100,blue,16.2,9,9.004316666666666,Karma,8637.0,2174.0,BLUE_BOT_JUNGLE
EUW1_7696301100,200,red,16.2,5,5.002683333333334,Braum,12008.0,7279.0,RED_BOT_JUNGLE
EUW1_7696301672,100,blue,16.2,8,8.004166666666666,Rell,7648.0,7234.0,MID_LANE
EUW1_7696301672,100,blue,16.2,10,10.004816666666667,Rell,2774.0,6200.0,BLUE_TOP_JUNGLE
EUW1_7696301893,200,red,16.2,8,8.003433333333334,Taric,7150.0,6671.0,MID_LANE
EUW1_7696302169,200,red,16.2,9,9.00435,Pyke,7674.0,5632.0,BLUE_BOT_JUNGLE
EUW1_7696302646,100,blue,16.2,9,9.0044,Seraphine,6521.0,6975.0,MID_LANE
EUW1_7696302646,200,red,16.2,6,6.003533333333333,Nami,9341.0,7743.0,RED_BOT_JUNGLE
EUW1_7696302646,200,red,16.2,11,11.0052,Nami,9784.0,9521.0,RED_TOP_JUNGLE
EUW1_7696303350,100,blue,16.2,9,9.00455,Nami,4882.0,3566.0,BLUE_BOT_JUNGLE
EUW1_7696303350,200,red,16.2,9,9.00455,Nautilus,7264.0,7216.0,MID_LANE
EUW1_7696303846,200,red,16.2,10,10.003716666666667,Nautilus,6603.0,7853.0,MID_LANE
EUW1_7696304079,100,blue,16.2,8,8.001766666666667,Blitzcrank,5143.0,12849.0,TOP_SIDE_NEAR
EUW1_7696304163,200,red,16.2,9,9.00385,Milio,12074.0,7400.0,RED_BOT_JUNGLE
EUW1_7696304438,100,blue,16.2,9,9.00475,Blitzcrank,7967.0,7631.0,MID_LANE
EUW1_7696304438,100,blue,16.2,10,10.0051,Blitzcrank,8498.0,7281.0,MID_LANE
EUW1_7696304438,100,blue,16.2,11,11.00535,Blitzcrank,8334.0,4892.0,BLUE_BOT_JUNGLE
EUW1_7696304438,200,red,16.2,9,9.00475,Thresh,8160.0,7832.0,MID_LANE
EUW1_7696304614,100,blue,16.2,7,7.0033,Blitzcrank,6291.0,10189.0,TOP_SIDE_NEAR
EUW1_7696304614,100,blue,16.2,11,11.004483333333333,Blitzcrank,4005.0,10333.0,TOP_SIDE_NEAR
EUW1_7696304614,200,red,16.2,7,7.0033,Nami,7077.0,12710.0,TOP_SIDE_NEAR
EUW1_7696304614,200,red,16.2,8,8.00345,Nami,7281.0,9609.0,RED_TOP_JUNGLE
EUW1_7696304614,200,red,16.2,11,11.004483333333333,Nami,5259.0,9416.0,TOP_SIDE_NEAR
EUW1_7696304661,200,red,16.2,8,8.005416666666667,Bard,9038.0,9098.0,MID_LANE
EUW1_7696305586,100,blue,16.2,9,9.004,Braum,6667.0,7086.0,MID_LANE
EUW1_7696305586,200,red,16.2,10,10.0044,Rakan,12072.0,8063.0,RED_BOT_JUNGLE
EUW1_7696305994,100,blue,16.2,8,8.003583333333333,Taric,8423.0,4801.0,BLUE_BOT_JUNGLE
EUW1_7696305994,100,blue,16.2,10,10.004133333333334,Taric,7181.0,5081.0,BLUE_BOT_JUNGLE
EUW1_7696305994,200,red,16.2,8,8.003583333333333,Bard,10854.0,6275.0,RED_BOT_JUNGLE
EUW1_7696305994,200,red,16.2,10,10.004133333333334,Bard,12281.0,8428.0,RED_BOT_JUNGLE
EUW1_7696306394,200,red,16.2,8,8.001616666666667,Leona,10017.0,8899.0,RED_BOT_JUNGLE
EUW1_7696306394,200,red,16.2,11,11.0046,Leona,10000.0,8376.0,RED_BOT_JUNGLE
EUW1_7696307795,100,blue,16.2,7,7.003683333333333,AurelionSol,8261.0,5232.0,BLUE_BOT_JUNGLE
EUW1_7696307795,100,blue,16.2,11,11.0051,AurelionSol,7704.0,6785.0,MID_LANE
EUW1_7696307850,200,red,16.2,7,7.002983333333333,Blitzcrank,7983.0,6640.0,MID_LANE
EUW1_7696307850,200,red,16.2,8,8.003266666666667,Blitzcrank,7303.0,6025.0,BLUE_BOT_JUNGLE
EUW1_7696307991,200,red,16.2,8,8.003783333333333,Rell,7557.0,7243.0,MID_LANE
EUW1_7696308161,200,red,16.2,8,8.001633333333332,Karma,11139.0,13391.0,RED_TOP_JUNGLE
EUW1_7696308161,200,red,16.2,9,9.002,Karma,6630.0,9646.0,RED_TOP_JUNGLE
EUW1_7696308212,100,blue,16.2,5,5.002916666666667,Blitzcrank,5352.0,8861.0,RIVER_TOP
EUW1_7696308212,100,blue,16.2,11,11.00405,Blitzcrank,6307.0,6288.0,MID_LANE
EUW1_7696308212,200,red,16.2,8,8.003416666666666,Braum,4680.0,7976.0,BLUE_TOP_JUNGLE
EUW1_7696309155,100,blue,16.2,7,7.0036,Janna,10912.0,6134.0,RED_BOT_JUNGLE
EUW1_7696309155,100,blue,16.2,8,8.004133333333334,Janna,4669.0,9444.0,TOP_SIDE_NEAR
EUW1_7696309541,100,blue,16.2,6,6.001616666666667,Bard,7747.0,7578.0,MID_LANE
EUW1_7696309541,100,blue,16.2,10,10.0023,Bard,7881.0,6834.0,MID_LANE
EUW1_7696309541,200,red,16.2,6,6.001616666666667,Janna,8811.0,8048.0,MID_LANE
EUW1_7696309541,200,red,16.2,9,9.002133333333333,Janna,6758.0,9288.0,RED_TOP_JUNGLE
EUW1_7696309585,100,blue,16.2,7,7.003433333333334,Elise,8178.0,2259.0,BLUE_BOT_JUNGLE
EUW1_7696309585,100,blue,16.2,8,8.003516666666666,Elise,4782.0,7223.0,BLUE_TOP_JUNGLE
EUW1_7696309585,100,blue,16.2,9,9.003583333333333,Elise,4216.0,9816.0,TOP_SIDE_NEAR
EUW1_7696309585,200,red,16.2,6,6.00125,Leona,11017.0,10545.0,RED_BOT_JUNGLE
EUW1_7696309585,200,red,16.2,8,8.003516666666666,Leona,6345.0,8570.0,RIVER_TOP
EUW1_7696309585,200,red,16.2,10,10.003916666666667,Leona,8277.0,5150.0,BLUE_BOT_JUNGLE
EUW1_7696309794,100,blue,16.2,11,11.004583333333333,Nautilus,10555.0,6299.0,RED_BOT_JUNGLE
EUW1_7696309794,200,red,16.2,9,9.004066666666667,Zilean,2046.0,9696.0,TOP_SIDE_NEAR
EUW1_7696310136,100,blue,16.2,8,8.003866666666667,Nautilus,4839.0,8901.0,TOP_SIDE_NEAR
EUW1_7696310136,100,blue,16.2,11,11.004666666666667,Nautilus,3281.0,11127.0,TOP_SIDE_NEAR
EUW1_7696310136,200,red,16.2,9,9.0041,Bard,7218.0,6500.0,MID_LANE
EUW1_7696310136,200,red,16.2,10,10.004266666666666,Bard,10481.0,9949.0,RED_BOT_JUNGLE
EUW1_7696310268,100,blue,16.2,9,9.005133333333333,Nami,8646.0,4799.0,BLUE_BOT_JUNGLE
EUW1_7696310268,200,red,16.2,9,9.005133333333333,Velkoz,9240.0,7853.0,RED_BOT_JUNGLE
EUW1_7696310326,100,blue,16.2,7,7.0037666666666665,Neeko,8111.0,1816.0,BLUE_BOT_JUNGLE
EUW1_7696310326,100,blue,16.2,11,11.005083333333333,Neeko,8580.0,5317.0,BLUE_BOT_JUNGLE
EUW1_7696310503,200,red,16.2,7,7.004416666666667,Nautilus,8021.0,7122.0,MID_LANE
EUW1_7696310503,200,red,16.2,11,11.005366666666667,Nautilus,7947.0,6608.0,MID_LANE
EUW1_7696311137,100,blue,16.2,5,5.003033333333334,Milio,6966.0,4402.0,BLUE_BOT_JUNGLE
EUW1_7696311364,200,red,16.2,5,5.0032,Bard,12186.0,8150.0,RED_BOT_JUNGLE
EUW1_7696311364,200,red,16.2,11,11.00445,Bard,12115.0,8680.0,RED_BOT_JUNGLE
EUW1_7696311466,100,blue,16.2,6,6.003216666666667,Karma,5301.0,3300.0,BLUE_BOT_JUNGLE
EUW1_7696311466,100,blue,16.2,8,8.00425,Karma,3101.0,4364.0,BLUE_TOP_JUNGLE
EUW1_7696311466,100,blue,16.2,9,9.0044,Karma,4436.0,5102.0,BLUE_TOP_JUNGLE
EUW1_7696311466,200,red,16.2,9,9.0044,Alistar,3434.0,11241.0,TOP_SIDE_NEAR
EUW1_7696311466,200,red,16.2,11,11.005066666666666,Alistar,8425.0,7762.0,MID_LANE
EUW1_7696311527,200,red,16.2,7,7.003133333333333,Velkoz,9488.0,9862.0,RED_TOP_JUNGLE
EUW1_7696311527,200,red,16.2,8,8.003616666666666,Velkoz,8657.0,4588.0,BLUE_BOT_JUNGLE
EUW1_7696311527,200,red,16.2,9,9.003866666666667,Velkoz,3310.0,11398.0,TOP_SIDE_NEAR
EUW1_7696312481,100,blue,16.2,11,11.00565,Karma,6759.0,8451.0,RIVER_TOP
EUW1_7696312832,100,blue,16.2,9,9.003516666666666,Janna,4826.0,8607.0,RIVER_TOP
EUW1_7696312832,100,blue,16.2,10,10.003683333333333,Janna,3881.0,9684.0,TOP_SIDE_NEAR
EUW1_7696312832,100,blue,16.2,11,11.0038,Janna,8618.0,4213.0,BLUE_BOT_JUNGLE
EUW1_7696313335,100,blue,16.2,10,10.001883333333334,FiddleSticks,3118.0,7585.0,BLUE_TOP_JUNGLE
EUW1_7696313335,200,red,16.2,10,10.001883333333334,Nami,3610.0,10832.0,TOP_SIDE_NEAR
EUW1_7696313926,200,red,16.2,7,7.003466666666666,Nami,8900.0,9088.0,MID_LANE
EUW1_7696313926,200,red,16.2,11,11.004683333333332,Nami,3310.0,9615.0,TOP_SIDE_NEAR
EUW1_7696313967,100,blue,16.2,9,9.0038,Pantheon,6175.0,4702.0,BLUE_BOT_JUNGLE
EUW1_7696313967,100,blue,16.2,10,10.00395,Pantheon,7876.0,7288.0,MID_LANE
EUW1_7696313967,200,red,16.2,8,8.001916666666666,Bard,8675.0,7930.0,MID_LANE
EUW1_7696313967,200,red,16.2,9,9.0038,Bard,7793.0,7619.0,MID_LANE
EUW1_7696314930,200,red,16.2,10,10.003866666666667,Janna,8214.0,5758.0,BLUE_BOT_JUNGLE
EUW1_7696314935,100,blue,16.2,5,5.002983333333333,Lulu,7672.0,6108.0,BLUE_BOT_JUNGLE
EUW1_7696315736,100,blue,16.2,7,7.003666666666667,Milio,7458.0,6044.0,BLUE_BOT_JUNGLE
EUW1_7696315736,100,blue,16.2,10,10.004433333333333,Milio,5949.0,6222.0,MID_LANE
EUW1_7696316328,100,blue,16.2,8,8.003666666666666,Pyke,5487.0,6742.0,BLUE_TOP_JUNGLE
EUW1_7696316328,100,blue,16.2,11,11.0042,Pyke,5158.0,5182.0,BLUE_BOT_JUNGLE
EUW1_7696316328,200,red,16.2,8,8.003666666666666,Nami,7500.0,7904.0,MID_LANE
EUW1_7696316886,100,blue,16.2,6,6.003216666666667,Rakan,6116.0,5649.0,MID_LANE
EUW1_7696316886,100,blue,16.2,11,11.004616666666667,Rakan,2795.0,5333.0,BLUE_TOP_JUNGLE
EUW1_7696316886,200,red,16.2,6,6.003216666666667,Lulu,8701.0,7854.0,MID_LANE
EUW1_7696317290,100,blue,16.2,11,11.004283333333333,Karma,4825.0,8810.0,TOP_SIDE_NEAR
EUW1_7696317290,200,red,16.2,11,11.004283333333333,Pantheon,8556.0,5532.0,BLUE_BOT_JUNGLE
EUW1_7696317673,100,blue,16.2,8,8.00355,Blitzcrank,2945.0,12905.0,TOP_LANE_CORE
EUW1_7696317878,100,blue,16.2,8,8.0052,Lulu,7961.0,10079.0,RED_TOP_JUNGLE
EUW1_7696318769,100,blue,16.2,7,7.003583333333333,Elise,4848.0,5847.0,BLUE_TOP_JUNGLE
EUW1_7696318769,100,blue,16.2,10,10.00465,Elise,2795.0,6570.0,BLUE_TOP_JUNGLE
EUW1_7696318769,100,blue,16.2,11,11.004983333333334,Elise,7264.0,7613.0,MID_LANE
EUW1_7696318769,200,red,16.2,9,9.004383333333333,Thresh,9756.0,6595.0,RED_BOT_JUNGLE
EUW1_7696318769,200,red,16.2,11,11.004983333333334,Thresh,10004.0,6251.0,RED_BOT_JUNGLE
EUW1_7696319446,100,blue,16.2,7,7.003416666666666,Nautilus,5507.0,5270.0,BLUE_BOT_JUNGLE
EUW1_7696319446,100,blue,16.2,8,8.003633333333333,Nautilus,3200.0,3525.0,BLUE_TOP_JUNGLE
EUW1_7696319446,200,red,16.2,10,10.004366666666666,Braum,12136.0,8530.0,RED_BOT_JUNGLE
EUW1_7696319633,100,blue,16.2,9,9.003866666666667,Rell,3281.0,7855.0,BLUE_TOP_JUNGLE
EUW1_7696319633,100,blue,16.2,10,10.00425,Rell,6348.0,9513.0,RED_TOP_JUNGLE
EUW1_7696319633,200,red,16.2,9,9.003866666666667,Karma,4314.0,10003.0,BARON_GRUBS_HERALD_AREA
EUW1_7696319633,200,red,16.2,10,10.00425,Karma,8613.0,10701.0,RED_TOP_JUNGLE
EUW1_7696319923,100,blue,16.2,9,9.004333333333333,Zilean,3454.0,13412.0,TOP_LANE_CORE
EUW1_7696319923,200,red,16.2,8,8.004016666666667,Braum,4222.0,10086.0,TOP_SIDE_NEAR
EUW1_7696320155,100,blue,16.2,7,7.003316666666667,Lulu,12313.0,6289.0,RED_BOT_JUNGLE
EUW1_7696320155,100,blue,16.2,9,9.003766666666667,Lulu,4712.0,4256.0,BLUE_BOT_JUNGLE
EUW1_7696320178,200,red,16.2,11,11.001916666666666,Nautilus,3305.0,11357.0,TOP_SIDE_NEAR
EUW1_7696320443,100,blue,16.2,5,5.001216666666667,Bard,3234.0,7422.0,BLUE_TOP_JUNGLE
EUW1_7696320443,100,blue,16.2,9,9.0041,Bard,5130.0,8547.0,RIVER_TOP
EUW1_7696320443,200,red,16.2,5,5.001216666666667,Elise,6338.0,9139.0,RIVER_TOP
EUW1_7696320443,200,red,16.2,7,7.00175,Elise,7150.0,11649.0,RED_TOP_JUNGLE
EUW1_7696320443,200,red,16.2,8,8.002083333333333,Elise,3326.0,7777.0,BLUE_TOP_JUNGLE
EUW1_7696320443,200,red,16.2,10,10.004566666666667,Elise,2918.0,9130.0,TOP_SIDE_NEAR
EUW1_7696320443,200,red,16.2,11,11.005066666666666,Elise,5849.0,10575.0,TOP_SIDE_NEAR
EUW1_7696320726,100,blue,16.2,8,8.004166666666666,Soraka,4331.0,4952.0,BLUE_TOP_JUNGLE
EUW1_7696320726,100,blue,16.2,9,9.004616666666667,Soraka,4180.0,2316.0,BLUE_BOT_JUNGLE
EUW1_7696320726,100,blue,16.2,10,10.00515,Soraka,8366.0,2556.0,BLUE_BOT_JUNGLE
EUW1_7696321381,200,red,16.2,8,8.00355,Braum,11387.0,11087.0,RED_BOT_JUNGLE
EUW1_7696321381,200,red,16.2,9,9.004016666666667,Braum,3280.0,9803.0,TOP_SIDE_NEAR
EUW1_7696321381,200,red,16.2,10,10.004483333333333,Braum,10912.0,6112.0,RED_BOT_JUNGLE
EUW1_7696322567,100,blue,16.2,9,9.003916666666667,Karma,8373.0,2719.0,BLUE_BOT_JUNGLE
EUW1_7696322567,100,blue,16.2,11,11.0042,Karma,2735.0,6309.0,BLUE_TOP_JUNGLE
EUW1_7696322567,200,red,16.2,5,5.000983333333333,Thresh,7535.0,6686.0,MID_LANE
EUW1_7696322567,200,red,16.2,9,9.003916666666667,Thresh,3691.0,10904.0,TOP_SIDE_NEAR
EUW1_7696322567,200,red,16.2,11,11.0042,Thresh,3350.0,8481.0,TOP_SIDE_NEAR
EUW1_7696322836,200,red,16.2,5,5.00285,Janna,8135.0,5798.0,BLUE_BOT_JUNGLE
EUW1_7696322836,200,red,16.2,7,7.003583333333333,Janna,8510.0,4770.0,BLUE_BOT_JUNGLE
EUW1_7696322836,200,red,16.2,9,9.003933333333332,Janna,4842.0,9550.0,TOP_SIDE_NEAR
EUW1_7696323414,100,blue,16.2,7,7.003783333333334,Thresh,6617.0,9063.0,RED_TOP_JUNGLE
EUW1_7696323414,200,red,16.2,7,7.003783333333334,Bard,7806.0,8737.0,MID_LANE
EUW1_7696323431,100,blue,16.2,11,11.006216666666667,Karma,8183.0,5149.0,BLUE_BOT_JUNGLE
EUW1_7696323431,200,red,16.2,9,9.005666666666666,Bard,7649.0,10089.0,RED_TOP_JUNGLE
EUW1_7696323431,200,red,16.2,10,10.0062,Bard,2219.0,9918.0,TOP_SIDE_NEAR
EUW1_7696324514,100,blue,16.2,9,9.003933333333332,Nami,4278.0,4111.0,BLUE_BOT_JUNGLE
EUW1_7696324514,200,red,16.2,11,11.0047,Alistar,11996.0,7457.0,RED_BOT_JUNGLE
EUW1_7696325236,100,blue,16.2,5,5.0030833333333335,Nautilus,5308.0,4810.0,BLUE_BOT_JUNGLE
EUW1_7696325236,100,blue,16.2,10,10.004516666666667,Nautilus,5811.0,8559.0,RIVER_TOP
EUW1_7696325236,200,red,16.2,10,10.004516666666667,Nami,7221.0,10846.0,RED_TOP_JUNGLE
EUW1_7696326089,100,blue,16.2,10,10.0045,Thresh,8569.0,5525.0,BLUE_BOT_JUNGLE
EUW1_7696326089,100,blue,16.2,11,11.0049,Thresh,6164.0,5782.0,MID_LANE
EUW1_7696326089,200,red,16.2,8,8.003533333333333,Blitzcrank,11703.0,6779.0,RED_BOT_JUNGLE
EUW1_7696326089,200,red,16.2,11,11.0049,Blitzcrank,7953.0,7913.0,MID_LANE
EUW1_7696326571,200,red,16.2,7,7.003666666666667,Lulu,6313.0,8226.0,RIVER_TOP
EUW1_7696326832,100,blue,16.2,5,5.0008333333333335,Braum,6165.0,3429.0,BLUE_BOT_JUNGLE
EUW1_7696326832,200,red,16.2,9,9.002933333333333,Janna,7879.0,7885.0,MID_LANE
EUW1_7696327681,100,blue,16.2,6,6.003283333333333,Pyke,6213.0,3362.0,BLUE_BOT_JUNGLE
EUW1_7696327681,100,blue,16.2,9,9.00405,Pyke,4889.0,9100.0,TOP_SIDE_NEAR
EUW1_7696327681,100,blue,16.2,11,11.004566666666667,Pyke,4126.0,3701.0,BLUE_BOT_JUNGLE
EUW1_7696327681,200,red,16.2,6,6.003283333333333,Rell,10160.0,6490.0,RED_BOT_JUNGLE
EUW1_7696327681,200,red,16.2,9,9.00405,Rell,5895.0,10602.0,TOP_SIDE_NEAR
EUW1_7696327845,100,blue,16.2,8,8.003783333333333,Seraphine,6434.0,6644.0,MID_LANE
EUW1_7696327845,200,red,16.2,7,7.0033,Karma,8709.0,8597.0,MID_LANE
EUW1_7696327845,200,red,16.2,10,10.004383333333333,Karma,8020.0,4782.0,BLUE_BOT_JUNGLE
EUW1_7696329387,100,blue,16.2,5,5.0025,Nautilus,2696.0,10387.0,TOP_SIDE_NEAR
EUW1_7696329387,100,blue,16.2,9,9.004166666666666,Nautilus,7888.0,5491.0,BLUE_BOT_JUNGLE
EUW1_7696329387,200,red,16.2,5,5.0025,Pyke,10438.0,6255.0,RED_BOT_JUNGLE
EUW1_7696329583,100,blue,16.2,9,9.004316666666666,Karma,3120.0,3493.0,BLUE_TOP_JUNGLE
EUW1_7696329583,200,red,16.2,5,5.0012,Nautilus,11547.0,11277.0,RED_BOT_JUNGLE
EUW1_7696329583,200,red,16.2,9,9.004316666666666,Nautilus,11660.0,11361.0,RED_BOT_JUNGLE
EUW1_7696331548,100,blue,16.2,7,7.00295,Thresh,6508.0,6042.0,MID_LANE
EUW1_7696331548,100,blue,16.2,8,8.003166666666667,Thresh,8358.0,5641.0,BLUE_BOT_JUNGLE
EUW1_7696331548,100,blue,16.2,9,9.003783333333333,Thresh,4456.0,9176.0,TOP_SIDE_NEAR
EUW1_7696331548,200,red,16.2,6,6.002883333333333,Bard,10489.0,6312.0,RED_BOT_JUNGLE
EUW1_7696331548,200,red,16.2,7,7.00295,Bard,1739.0,11089.0,TOP_LANE_CORE
EUW1_7696331548,200,red,16.2,9,9.003783333333333,Bard,4376.0,9164.0,TOP_SIDE_NEAR
EUW1_7696331548,200,red,16.2,11,11.004733333333334,Bard,8718.0,9925.0,RED_TOP_JUNGLE
EUW1_7696331572,100,blue,16.2,9,9.004583333333333,Lulu,3817.0,10697.0,TOP_SIDE_NEAR
EUW1_7696331650,100,blue,16.2,6,6.003566666666667,Bard,6364.0,8081.0,RIVER_TOP
EUW1_7696331650,100,blue,16.2,8,8.004166666666666,Bard,7142.0,6487.0,MID_LANE
EUW1_7696331650,100,blue,16.2,10,10.004883333333334,Bard,4822.0,8836.0,TOP_SIDE_NEAR
EUW1_7696331650,200,red,16.2,7,7.003633333333333,Karma,9451.0,9170.0,RED_BOT_JUNGLE
EUW1_7696331650,200,red,16.2,10,10.004883333333334,Karma,2158.0,11455.0,TOP_SIDE_NEAR
EUW1_7696331832,100,blue,16.2,10,10.0048,Lulu,4494.0,11595.0,TOP_SIDE_NEAR
EUW1_7696331832,200,red,16.2,7,7.00365,Leona,10419.0,12364.0,RED_TOP_JUNGLE
EUW1_7696331832,200,red,16.2,9,9.004483333333333,Leona,5577.0,12481.0,TOP_SIDE_NEAR
EUW1_7696331860,100,blue,16.2,7,7.0039,Pantheon,8460.0,7321.0,MID_LANE
EUW1_7696331860,100,blue,16.2,9,9.00445,Pantheon,5678.0,5815.0,BLUE_BOT_JUNGLE
EUW1_7696331860,100,blue,16.2,11,11.005516666666667,Pantheon,1445.0,10766.0,TOP_LANE_CORE
EUW1_7696331860,200,red,16.2,7,7.0039,Bard,12063.0,9933.0,RED_BOT_JUNGLE
EUW1_7696331860,200,red,16.2,9,9.00445,Bard,7122.0,6668.0,MID_LANE
EUW1_7696332186,200,red,16.2,7,7.00305,KSante,12083.0,11813.0,RED_BOT_JUNGLE
EUW1_7696332186,200,red,16.2,9,9.003783333333333,KSante,12630.0,7311.0,RED_BOT_JUNGLE
EUW1_7696332204,100,blue,16.2,8,8.003866666666667,Alistar,3624.0,11650.0,TOP_SIDE_NEAR
EUW1_7696332204,200,red,16.2,7,7.00355,Poppy,7400.0,5213.0,BLUE_BOT_JUNGLE
EUW1_7696332204,200,red,16.2,8,8.003866666666667,Poppy,7638.0,7814.0,MID_LANE
EUW1_7696332204,200,red,16.2,9,9.004166666666666,Poppy,7911.0,8401.0,MID_LANE
EUW1_7696332204,200,red,16.2,10,10.004633333333333,Poppy,7960.0,2007.0,BLUE_BOT_JUNGLE
EUW1_7696333620,100,blue,16.2,10,10.004583333333333,Rakan,6011.0,6469.0,MID_LANE
EUW1_7696333620,200,red,16.2,7,7.001516666666666,Neeko,6851.0,6880.0,MID_LANE
EUW1_7696333620,200,red,16.2,10,10.004583333333333,Neeko,6919.0,7819.0,MID_LANE
EUW1_7696333747,100,blue,16.2,7,7.00335,Nautilus,3446.0,11465.0,TOP_SIDE_NEAR
EUW1_7696333747,100,blue,16.2,10,10.00455,Nautilus,3922.0,11292.0,TOP_SIDE_NEAR
EUW1_7696333747,200,red,16.2,10,10.00455,Blitzcrank,6388.0,12621.0,TOP_SIDE_NEAR
EUW1_7696334921,100,blue,16.2,7,7.003,Bard,5956.0,5118.0,BLUE_BOT_JUNGLE
EUW1_7696334921,200,red,16.2,7,7.003,Braum,9259.0,9384.0,RED_TOP_JUNGLE
EUW1_7696334921,200,red,16.2,9,9.003933333333332,Braum,5442.0,8676.0,RIVER_TOP
EUW1_7696335654,200,red,16.2,9,9.0037,Senna,7880.0,5717.0,BLUE_BOT_JUNGLE
EUW1_7696335758,100,blue,16.2,6,6.00315,Mel,1700.0,6573.0,BLUE_TOP_JUNGLE
EUW1_7696335758,100,blue,16.2,9,9.003733333333333,Mel,1543.0,9230.0,TOP_LANE_CORE
EUW1_7696335758,100,blue,16.2,10,10.004066666666667,Mel,8553.0,4794.0,BLUE_BOT_JUNGLE
EUW1_7696335758,200,red,16.2,9,9.003733333333333,Karma,2828.0,9843.0,TOP_SIDE_NEAR
EUW1_7696335758,200,red,16.2,11,11.004316666666666,Karma,3917.0,10167.0,TOP_SIDE_NEAR
EUW1_7696335826,100,blue,16.2,5,5.003416666666666,Nautilus,3762.0,5035.0,BLUE_TOP_JUNGLE
EUW1_7696335826,100,blue,16.2,8,8.003983333333334,Nautilus,7716.0,7723.0,MID_LANE
EUW1_7696335826,100,blue,16.2,9,9.004483333333333,Nautilus,3638.0,7065.0,BLUE_TOP_JUNGLE
EUW1_7696336397,200,red,16.2,8,8.003666666666666,Neeko,7287.0,9902.0,RED_TOP_JUNGLE
EUW1_7696336479,200,red,16.2,6,6.003583333333333,Lux,11378.0,6611.0,RED_BOT_JUNGLE
EUW1_7696336735,100,blue,16.2,11,11.00515,Zilean,4339.0,2448.0,BLUE_BOT_JUNGLE
EUW1_7696336968,100,blue,16.2,8,8.004066666666667,Poppy,4898.0,6202.0,BLUE_TOP_JUNGLE
EUW1_7696336968,100,blue,16.2,11,11.005266666666667,Poppy,8257.0,4906.0,BLUE_BOT_JUNGLE
EUW1_7696336968,200,red,16.2,8,8.004066666666667,Bard,9108.0,9535.0,RED_TOP_JUNGLE
EUW1_7696336968,200,red,16.2,11,11.005266666666667,Bard,6205.0,8139.0,RIVER_TOP
EUW1_7696337066,100,blue,16.2,7,7.003233333333333,Karma,5230.0,7434.0,BLUE_TOP_JUNGLE
EUW1_7696337066,100,blue,16.2,8,8.003383333333334,Karma,7500.0,3756.0,BLUE_BOT_JUNGLE
EUW1_7696337072,100,blue,16.2,8,8.00435,Nami,7901.0,2076.0,BLUE_BOT_JUNGLE
EUW1_7696337072,200,red,16.2,8,8.00435,Janna,7020.0,6786.0,MID_LANE
EUW1_7696338392,100,blue,16.2,11,11.005516666666667,Rakan,5321.0,3378.0,BLUE_BOT_JUNGLE
EUW1_7696338619,200,red,16.2,9,9.004416666666666,Rell,8436.0,10070.0,RED_TOP_JUNGLE
EUW1_7696338999,100,blue,16.2,5,5.0029,Bard,7443.0,6287.0,MID_LANE
EUW1_7696338999,100,blue,16.2,8,8.003866666666667,Bard,8519.0,4768.0,BLUE_BOT_JUNGLE
EUW1_7696340654,100,blue,16.2,9,9.0043,Bard,7450.0,6810.0,MID_LANE
EUW1_7696340654,100,blue,16.2,10,10.0047,Bard,8331.0,7449.0,MID_LANE
EUW1_7696340743,100,blue,16.2,8,8.003616666666666,Leona,11201.0,6472.0,RED_BOT_JUNGLE
EUW1_7696340743,200,red,16.2,7,7.0033,Rakan,7688.0,5644.0,BLUE_BOT_JUNGLE
EUW1_7696340743,200,red,16.2,9,9.003666666666666,Rakan,3277.0,11342.0,TOP_SIDE_NEAR
EUW1_7696340743,200,red,16.2,10,10.003766666666667,Rakan,9297.0,7792.0,RED_BOT_JUNGLE
EUW1_7696340788,100,blue,16.2,6,6.002466666666667,Nautilus,8572.0,7305.0,MID_LANE
EUW1_7696340788,100,blue,16.2,8,8.002633333333334,Nautilus,4830.0,6195.0,BLUE_TOP_JUNGLE
EUW1_7696342144,100,blue,16.2,8,8.0019,Janna,7282.0,6599.0,MID_LANE
EUW1_7696342144,200,red,16.2,8,8.0019,Lux,12058.0,8190.0,RED_BOT_JUNGLE
EUW1_7696342144,200,red,16.2,10,10.00235,Lux,6378.0,7059.0,MID_LANE
EUW1_7696342421,100,blue,16.2,10,10.00445,Braum,7898.0,3562.0,BLUE_BOT_JUNGLE
EUW1_7696342609,100,blue,16.2,6,6.003166666666667,Camille,3741.0,4070.0,BLUE_TOP_JUNGLE
EUW1_7696342609,100,blue,16.2,8,8.004033333333334,Camille,11261.0,8379.0,RED_BOT_JUNGLE
EUW1_7696342609,100,blue,16.2,9,9.00445,Camille,10956.0,8632.0,RED_BOT_JUNGLE
EUW1_7696342609,100,blue,16.2,10,10.004783333333334,Camille,6827.0,7685.0,MID_LANE
EUW1_7696342609,100,blue,16.2,11,11.005133333333333,Camille,7235.0,6697.0,MID_LANE
EUW1_7696342609,200,red,16.2,8,8.004033333333334,Soraka,9573.0,9376.0,RED_TOP_JUNGLE
EUW1_7696342609,200,red,16.2,9,9.00445,Soraka,12466.0,7273.0,RED_BOT_JUNGLE
EUW1_7696343201,200,red,16.2,8,8.0036,Nami,10619.0,6121.0,RED_BOT_JUNGLE
EUW1_7696343201,200,red,16.2,10,10.0039,Nami,3320.0,11465.0,TOP_SIDE_NEAR
EUW1_7696344552,100,blue,16.2,9,9.004733333333334,TahmKench,2795.0,5919.0,BLUE_TOP_JUNGLE
EUW1_7696345152,100,blue,16.2,7,7.00325,Leona,8275.0,5541.0,BLUE_BOT_JUNGLE
EUW1_7696345152,200,red,16.2,7,7.00325,Karma,11348.0,10855.0,RED_BOT_JUNGLE
EUW1_7696345152,200,red,16.2,10,10.0046,Karma,12449.0,6233.0,RED_BOT_JUNGLE
EUW1_7696345665,100,blue,16.2,11,11.004233333333334,Nautilus,5764.0,5660.0,BLUE_BOT_JUNGLE
EUW1_7696345665,200,red,16.2,9,9.00355,Nidalee,6177.0,10362.0,TOP_SIDE_NEAR
EUW1_7696347026,100,blue,16.2,7,7.00335,Poppy,6231.0,10696.0,TOP_SIDE_NEAR
EUW1_7696347026,200,red,16.2,7,7.00335,Nautilus,6660.0,10059.0,RED_TOP_JUNGLE
EUW1_7696347026,200,red,16.2,11,11.004783333333334,Nautilus,10548.0,10042.0,RED_BOT_JUNGLE
EUW1_7696347327,200,red,16.2,9,9.0041,Braum,7481.0,5221.0,BLUE_BOT_JUNGLE
EUW1_7696347558,100,blue,16.2,6,6.003033333333334,Leona,4724.0,4247.0,BLUE_BOT_JUNGLE
EUW1_7696347887,100,blue,16.2,5,5.0027,Singed,7523.0,6685.0,MID_LANE
EUW1_7696347887,100,blue,16.2,7,7.0034,Singed,5214.0,6131.0,BLUE_TOP_JUNGLE
EUW1_7696347887,100,blue,16.2,9,9.003966666666667,Singed,2786.0,6652.0,BLUE_TOP_JUNGLE
EUW1_7696347887,100,blue,16.2,10,10.004416666666666,Singed,1450.0,11107.0,TOP_LANE_CORE
EUW1_7696347887,200,red,16.2,6,6.002783333333333,Janna,8441.0,7533.0,MID_LANE
EUW1_7696347887,200,red,16.2,9,9.003966666666667,Janna,6782.0,11412.0,TOP_SIDE_NEAR
EUW1_7696348093,100,blue,16.2,8,8.004216666666666,Sona,6552.0,6546.0,MID_LANE
EUW1_7696348093,100,blue,16.2,10,10.004733333333334,Sona,2903.0,10974.0,TOP_SIDE_NEAR
EUW1_7696348093,100,blue,16.2,11,11.00525,Sona,7323.0,7262.0,MID_LANE
EUW1_7696348093,200,red,16.2,10,10.004733333333334,Karma,4871.0,9302.0,TOP_SIDE_NEAR
EUW1_7696348093,200,red,16.2,11,11.00525,Karma,8611.0,7626.0,MID_LANE
EUW1_7696348218,200,red,16.2,8,8.001216666666666,Blitzcrank,8159.0,10105.0,RED_TOP_JUNGLE
EUW1_7696348218,200,red,16.2,9,9.001583333333333,Blitzcrank,12972.0,7045.0,RED_BOT_JUNGLE
EUW1_7696349587,200,red,16.2,8,8.0039,Alistar,9576.0,7565.0,RED_BOT_JUNGLE
EUW1_7696349587,200,red,16.2,11,11.004483333333333,Alistar,8348.0,7952.0,MID_LANE
EUW1_7696349669,100,blue,16.2,9,9.00385,Karma,4407.0,9404.0,TOP_SIDE_NEAR
EUW1_7696349669,100,blue,16.2,10,10.004366666666666,Karma,5804.0,6213.0,MID_LANE
EUW1_7696349669,200,red,16.2,9,9.00385,Nautilus,7565.0,8269.0,MID_LANE
EUW1_7696350098,200,red,16.2,7,7.003516666666667,Seraphine,7161.0,9228.0,RED_TOP_JUNGLE
EUW1_7696350098,200,red,16.2,10,10.0044,Seraphine,5063.0,9561.0,TOP_SIDE_NEAR
EUW1_7696351035,100,blue,16.2,7,7.00415,Sona,4920.0,4538.0,BLUE_BOT_JUNGLE
EUW1_7696351035,100,blue,16.2,8,8.004633333333333,Sona,5063.0,9034.0,TOP_SIDE_NEAR
EUW1_7696351035,100,blue,16.2,10,10.00505,Sona,8576.0,4663.0,BLUE_BOT_JUNGLE
EUW1_7696351035,200,red,16.2,8,8.004633333333333,Nautilus,8151.0,8342.0,MID_LANE
EUW1_7696351035,200,red,16.2,10,10.00505,Nautilus,12220.0,6565.0,RED_BOT_JUNGLE
EUW1_7696351098,100,blue,16.2,5,5.001266666666667,Neeko,5973.0,5510.0,BLUE_BOT_JUNGLE
EUW1_7696351098,100,blue,16.2,8,8.002083333333333,Neeko,1026.0,11961.0,TOP_LANE_CORE
EUW1_7696351098,100,blue,16.2,9,9.004133333333334,Neeko,7443.0,3426.0,BLUE_BOT_JUNGLE
EUW1_7696351121,100,blue,16.2,5,5.001283333333333,Pantheon,6021.0,6192.0,MID_LANE
EUW1_7696351121,100,blue,16.2,9,9.00485,Pantheon,6334.0,9121.0,RIVER_TOP
EUW1_7696351121,200,red,16.2,5,5.001283333333333,Bard,9843.0,7283.0,RED_BOT_JUNGLE
EUW1_7696351121,200,red,16.2,7,7.0039,Bard,10241.0,7023.0,RED_BOT_JUNGLE
EUW1_7696351121,200,red,16.2,8,8.00405,Bard,9441.0,11145.0,RED_TOP_JUNGLE
EUW1_7696351273,200,red,16.2,5,5.0015,Braum,9808.0,10979.0,RED_TOP_JUNGLE
EUW1_7696351273,200,red,16.2,9,9.00445,Braum,7629.0,8027.0,MID_LANE
EUW1_7696351273,200,red,16.2,10,10.004666666666667,Braum,8456.0,7286.0,MID_LANE
EUW1_7696351344,100,blue,16.2,8,8.003533333333333,Lulu,8540.0,7407.0,MID_LANE
EUW1_7696351344,100,blue,16.2,11,11.004866666666667,Lulu,4236.0,9586.0,TOP_SIDE_NEAR
EUW1_7696351344,200,red,16.2,8,8.003533333333333,Rakan,8725.0,10389.0,RED_TOP_JUNGLE
EUW1_7696351344,200,red,16.2,10,10.004583333333333,Rakan,9080.0,11064.0,RED_TOP_JUNGLE
EUW1_7696351694,100,blue,16.2,9,9.004216666666666,Rakan,5891.0,10499.0,TOP_SIDE_NEAR
EUW1_7696351694,100,blue,16.2,10,10.004683333333332,Rakan,1832.0,11357.0,TOP_LANE_CORE
EUW1_7696351694,200,red,16.2,9,9.004216666666666,Alistar,10158.0,12057.0,RED_TOP_JUNGLE
EUW1_7696351694,200,red,16.2,10,10.004683333333332,Alistar,1891.0,11368.0,TOP_LANE_CORE
EUW1_7696351704,100,blue,16.2,10,10.004616666666667,Alistar,7099.0,6193.0,MID_LANE
EUW1_7696351800,100,blue,16.2,5,5.0027333333333335,Nautilus,7127.0,4875.0,BLUE_BOT_JUNGLE
EUW1_7696352467,100,blue,16.2,11,11.004983333333334,Leona,6810.0,2833.0,BLUE_BOT_JUNGLE
EUW1_7696352467,200,red,16.2,6,6.003566666666667,Pantheon,7776.0,13566.0,TOP_LANE_CORE
EUW1_7696353174,100,blue,16.2,10,10.004666666666667,Taric,5769.0,3881.0,BLUE_BOT_JUNGLE
EUW1_7696353447,100,blue,16.2,5,5.003066666666666,Nami,3270.0,11934.0,TOP_SIDE_NEAR
EUW1_7696353447,100,blue,16.2,9,9.004116666666667,Nami,3974.0,9692.0,TOP_SIDE_NEAR
EUW1_7696353447,200,red,16.2,9,9.004116666666667,Sona,5328.0,8870.0,RIVER_TOP
EUW1_7696353597,100,blue,16.2,9,9.003616666666666,Braum,5975.0,8535.0,RIVER_TOP
EUW1_7696353597,200,red,16.2,5,5.002316666666666,Milio,9984.0,9271.0,RED_BOT_JUNGLE
EUW1_7696354219,100,blue,16.2,6,6.0035,Bard,4865.0,5774.0,BLUE_TOP_JUNGLE
EUW1_7696354219,100,blue,16.2,10,10.004866666666667,Bard,11592.0,6631.0,RED_BOT_JUNGLE
EUW1_7696354616,200,red,16.2,6,6.0033666666666665,Nautilus,5677.0,10968.0,TOP_SIDE_NEAR
EUW1_7696354616,200,red,16.2,8,8.00345,Nautilus,9587.0,6992.0,RED_BOT_JUNGLE
EUW1_7696354616,200,red,16.2,11,11.004133333333334,Nautilus,10401.0,9694.0,RED_BOT_JUNGLE
EUW1_7696355186,100,blue,16.2,5,5.00095,Poppy,7461.0,3064.0,BLUE_BOT_JUNGLE
EUW1_7696355186,100,blue,16.2,9,9.0034,Poppy,5048.0,3093.0,BLUE_BOT_JUNGLE
EUW1_7696355186,200,red,16.2,6,6.001433333333333,Rell,6459.0,8460.0,RIVER_TOP
EUW1_7696355186,200,red,16.2,7,7.00295,Rell,5134.0,6027.0,BLUE_TOP_JUNGLE
EUW1_7696355402,100,blue,16.2,8,8.003683333333333,Bard,6168.0,9731.0,RED_TOP_JUNGLE
EUW1_7696355402,100,blue,16.2,11,11.00495,Bard,2802.0,6753.0,BLUE_TOP_JUNGLE
EUW1_7696355404,100,blue,16.2,5,5.000866666666667,Alistar,8468.0,4928.0,BLUE_BOT_JUNGLE
EUW1_7696355404,100,blue,16.2,7,7.003133333333333,Alistar,2691.0,3353.0,BLUE_TOP_JUNGLE
EUW1_7696355404,100,blue,16.2,8,8.003416666666666,Alistar,2040.0,11498.0,TOP_LANE_CORE
EUW1_7696355404,100,blue,16.2,10,10.0039,Alistar,5012.0,12747.0,TOP_SIDE_NEAR
EUW1_7696355404,100,blue,16.2,11,11.003966666666667,Alistar,7625.0,5073.0,BLUE_BOT_JUNGLE
EUW1_7696355404,200,red,16.2,7,7.003133333333333,Rell,11187.0,10669.0,RED_BOT_JUNGLE
EUW1_7696355404,200,red,16.2,8,8.003416666666666,Rell,6012.0,9441.0,RIVER_TOP
EUW1_7696355404,200,red,16.2,9,9.003816666666667,Rell,6478.0,9943.0,RED_TOP_JUNGLE
EUW1_7696355404,200,red,16.2,10,10.0039,Rell,6864.0,12544.0,TOP_SIDE_NEAR
EUW1_7696355404,200,red,16.2,11,11.003966666666667,Rell,11889.0,6719.0,RED_BOT_JUNGLE
EUW1_7696355742,200,red,16.2,5,5.0026166666666665,Bard,11597.0,11094.0,RED_BOT_JUNGLE
EUW1_7696355742,200,red,16.2,8,8.00345,Bard,5533.0,11138.0,TOP_SIDE_NEAR
EUW1_7696355742,200,red,16.2,11,11.00445,Bard,10967.0,10452.0,RED_BOT_JUNGLE
EUW1_7696356196,100,blue,16.2,8,8.003733333333333,Milio,8490.0,4768.0,BLUE_BOT_JUNGLE
EUW1_7696356196,100,blue,16.2,9,9.00375,Milio,4564.0,9618.0,TOP_SIDE_NEAR
EUW1_7696356196,100,blue,16.2,11,11.00415,Milio,6222.0,2221.0,BLUE_BOT_JUNGLE
EUW1_7696356196,200,red,16.2,7,7.0033666666666665,Zilean,10130.0,6726.0,RED_BOT_JUNGLE
EUW1_7696356196,200,red,16.2,10,10.003933333333332,Zilean,1079.0,11075.0,TOP_LANE_CORE
EUW1_7696356196,200,red,16.2,11,11.00415,Zilean,2815.0,11693.0,TOP_SIDE_NEAR
EUW1_7696357684,100,blue,16.2,6,6.0015833333333335,Karma,8652.0,4826.0,BLUE_BOT_JUNGLE
EUW1_7696357684,100,blue,16.2,11,11.005133333333333,Karma,10379.0,6257.0,RED_BOT_JUNGLE
EUW1_7696357684,200,red,16.2,7,7.001916666666666,Bard,12433.0,7294.0,RED_BOT_JUNGLE
EUW1_7696357684,200,red,16.2,9,9.00465,Bard,9638.0,7284.0,RED_BOT_JUNGLE
EUW1_7696357684,200,red,16.2,10,10.004883333333334,Bard,4719.0,7802.0,BLUE_TOP_JUNGLE
EUW1_7696357684,200,red,16.2,11,11.005133333333333,Bard,11487.0,13019.0,RED_TOP_JUNGLE
EUW1_7696358057,100,blue,16.2,6,6.0035,Blitzcrank,5485.0,5008.0,BLUE_BOT_JUNGLE
EUW1_7696358057,100,blue,16.2,8,8.003866666666667,Blitzcrank,5204.0,4747.0,BLUE_BOT_JUNGLE
EUW1_7696358057,100,blue,16.2,10,10.004266666666666,Blitzcrank,4280.0,2689.0,BLUE_BOT_JUNGLE
EUW1_7696358144,100,blue,16.2,9,9.004166666666666,Lulu,4826.0,9496.0,TOP_SIDE_NEAR
EUW1_7696358144,200,red,16.2,7,7.003516666666667,Karma,7044.0,8830.0,RED_TOP_JUNGLE
EUW1_7696358144,200,red,16.2,9,9.004166666666666,Karma,6150.0,9939.0,TOP_SIDE_NEAR
EUW1_7696358144,200,red,16.2,10,10.004416666666666,Karma,12052.0,11167.0,RED_BOT_JUNGLE
EUW1_7696358992,100,blue,16.2,7,7.003033333333334,Rell,9997.0,7590.0,RED_BOT_JUNGLE
EUW1_7696358992,100,blue,16.2,9,9.003683333333333,Rell,7620.0,8001.0,MID_LANE
EUW1_7696358992,200,red,16.2,6,6.00275,Karma,3353.0,8950.0,TOP_SIDE_NEAR
EUW1_7696358992,200,red,16.2,7,7.003033333333334,Karma,10125.0,7840.0,RED_BOT_JUNGLE
EUW1_7696358992,200,red,16.2,8,8.003116666666667,Karma,2320.0,11727.0,TOP_SIDE_NEAR
EUW1_7696358992,200,red,16.2,9,9.003683333333333,Karma,8461.0,7932.0,MID_LANE
EUW1_7696358992,200,red,16.2,10,10.003933333333332,Karma,3843.0,10670.0,TOP_SIDE_NEAR
EUW1_7696359396,100,blue,16.2,7,7.004416666666667,Nautilus,5292.0,6802.0,BLUE_TOP_JUNGLE
EUW1_7696359396,100,blue,16.2,8,8.00495,Nautilus,4165.0,10317.0,TOP_SIDE_NEAR
EUW1_7696359396,100,blue,16.2,10,10.0055,Nautilus,5127.0,5821.0,BLUE_TOP_JUNGLE
EUW1_7696359396,100,blue,16.2,11,11.0059,Nautilus,6119.0,6468.0,MID_LANE
EUW1_7696359396,200,red,16.2,11,11.0059,Elise,7296.0,6073.0,BLUE_BOT_JUNGLE
EUW1_7696359427,100,blue,16.2,9,9.003683333333333,Thresh,3644.0,8531.0,TOP_SIDE_NEAR
EUW1_7696359427,200,red,16.2,9,9.003683333333333,Pyke,5045.0,8479.0,RIVER_TOP
EUW1_7696359427,200,red,16.2,10,10.004133333333334,Pyke,9988.0,8014.0,RED_BOT_JUNGLE
EUW1_7696359427,200,red,16.2,11,11.004266666666666,Pyke,12594.0,7158.0,RED_BOT_JUNGLE
EUW1_7696359736,200,red,16.2,8,8.004033333333334,Karma,10293.0,10468.0,RED_TOP_JUNGLE
EUW1_7696359736,200,red,16.2,11,11.004933333333334,Karma,7998.0,7143.0,MID_LANE
EUW1_7696359761,100,blue,16.2,9,9.004366666666666,Lux,7583.0,7094.0,MID_LANE
EUW1_7696359761,100,blue,16.2,10,10.004416666666666,Lux,4253.0,10192.0,BARON_GRUBS_HERALD_AREA
EUW1_7696359761,200,red,16.2,5,5.001116666666666,Alistar,9942.0,6571.0,RED_BOT_JUNGLE
EUW1_7696359761,200,red,16.2,6,6.001333333333333,Alistar,12147.0,12005.0,RED_BOT_JUNGLE
EUW1_7696359761,200,red,16.2,8,8.003933333333332,Alistar,10016.0,12014.0,RED_TOP_JUNGLE
EUW1_7696359761,200,red,16.2,10,10.004416666666666,Alistar,3176.0,11407.0,TOP_SIDE_NEAR
EUW1_7696359761,200,red,16.2,11,11.00445,Alistar,10119.0,7852.0,RED_BOT_JUNGLE
EUW1_7696360006,100,blue,16.2,9,9.003583333333333,Bard,8165.0,7837.0,MID_LANE
EUW1_7696360006,100,blue,16.2,11,11.003933333333332,Bard,9848.0,6378.0,RED_BOT_JUNGLE
EUW1_7696360097,100,blue,16.2,7,7.002716666666666,Zoe,8681.0,4613.0,BLUE_BOT_JUNGLE
EUW1_7696361310,100,blue,16.2,5,5.003,Nautilus,7604.0,6024.0,BLUE_BOT_JUNGLE
EUW1_7696361310,100,blue,16.2,10,10.00385,Nautilus,12338.0,6219.0,RED_BOT_JUNGLE
EUW1_7696361310,200,red,16.2,5,5.003,Rakan,5686.0,8430.0,RIVER_TOP
EUW1_7696361310,200,red,16.2,7,7.003216666666667,Rakan,9440.0,7711.0,RED_BOT_JUNGLE
EUW1_7696361310,200,red,16.2,9,9.003583333333333,Rakan,2424.0,8691.0,TOP_SIDE_NEAR
EUW1_7696362091,100,blue,16.2,8,8.003616666666666,Pyke,5505.0,8326.0,RIVER_TOP
EUW1_7696362091,200,red,16.2,10,10.004066666666667,Lulu,9458.0,8341.0,MID_LANE
EUW1_7696362287,100,blue,16.2,8,8.001716666666667,Karma,4794.0,7641.0,BLUE_TOP_JUNGLE
EUW1_7696362287,100,blue,16.2,10,10.0038,Karma,7472.0,6861.0,MID_LANE
EUW1_7696362287,200,red,16.2,5,5.0011,Thresh,10061.0,10188.0,RED_TOP_JUNGLE
EUW1_7696363012,100,blue,16.2,8,8.003883333333333,Lulu,5752.0,8962.0,RIVER_TOP
EUW1_7696363012,200,red,16.2,11,11.00435,Leona,8873.0,8657.0,MID_LANE
EUW1_7696363536,100,blue,16.2,8,8.003516666666666,Rell,4082.0,2017.0,BLUE_BOT_JUNGLE
EUW1_7696363536,100,blue,16.2,11,11.004783333333334,Rell,7558.0,5032.0,BLUE_BOT_JUNGLE
EUW1_7696363616,100,blue,16.2,8,8.004216666666666,Nami,7642.0,7692.0,MID_LANE
EUW1_7696363616,100,blue,16.2,9,9.00475,Nami,1539.0,11122.0,TOP_LANE_CORE
EUW1_7696363616,100,blue,16.2,11,11.005483333333334,Nami,3546.0,3012.0,BLUE_BOT_JUNGLE
EUW1_7696363616,200,red,16.2,10,10.0052,Bard,3737.0,8751.0,TOP_SIDE_NEAR
EUW1_7696364098,100,blue,16.2,5,5.002666666666666,Nami,3454.0,2651.0,BLUE_BOT_JUNGLE
EUW1_7696364098,100,blue,16.2,6,6.003166666666667,Nami,5600.0,6310.0,MID_LANE
EUW1_7696364098,100,blue,16.2,9,9.004316666666666,Nami,5871.0,5949.0,MID_LANE
EUW1_7696364098,100,blue,16.2,11,11.0051,Nami,6068.0,6347.0,MID_LANE
EUW1_7696364098,200,red,16.2,5,5.002666666666666,Bard,10348.0,6193.0,RED_BOT_JUNGLE
EUW1_7696364098,200,red,16.2,6,6.003166666666667,Bard,8190.0,8653.0,MID_LANE
EUW1_7696364098,200,red,16.2,11,11.0051,Bard,7876.0,8422.0,MID_LANE
EUW1_7696365783,100,blue,16.2,8,8.003933333333332,Poppy,4493.0,11827.0,TOP_SIDE_NEAR
EUW1_7696365846,100,blue,16.2,9,9.003566666666666,Braum,4359.0,9965.0,BARON_GRUBS_HERALD_AREA
EUW1_7696365846,200,red,16.2,9,9.003566666666666,Karma,8349.0,7524.0,MID_LANE
EUW1_7696366405,100,blue,16.2,6,6.00135,Nautilus,3764.0,3132.0,BLUE_BOT_JUNGLE
EUW1_7696366405,100,blue,16.2,10,10.002016666666666,Nautilus,4899.0,3372.0,BLUE_BOT_JUNGLE
EUW1_7696366405,200,red,16.2,11,11.0021,Pyke,10604.0,10180.0,RED_BOT_JUNGLE
EUW1_7696366443,100,blue,16.2,7,7.00355,Alistar,2938.0,11754.0,TOP_SIDE_NEAR
EUW1_7696366443,100,blue,16.2,9,9.00415,Alistar,11673.0,7463.0,RED_BOT_JUNGLE
EUW1_7696366443,200,red,16.2,7,7.00355,Pyke,7777.0,7074.0,MID_LANE
EUW1_7696368044,100,blue,16.2,9,9.0045,Nautilus,7947.0,6639.0,MID_LANE
EUW1_7696368044,200,red,16.2,9,9.0045,Rakan,12321.0,11431.0,RED_BOT_JUNGLE
EUW1_7696368673,100,blue,16.2,9,9.0034,Velkoz,3245.0,11498.0,TOP_SIDE_NEAR
EUW1_7696368673,200,red,16.2,8,8.00335,Nautilus,9046.0,9636.0,RED_TOP_JUNGLE
EUW1_7696368723,100,blue,16.2,10,10.002516666666667,Elise,1570.0,10710.0,TOP_LANE_CORE
EUW1_7696368723,100,blue,16.2,11,11.002716666666666,Elise,3371.0,9500.0,TOP_SIDE_NEAR
EUW1_7696368723,200,red,16.2,5,5.00115,Neeko,9438.0,13238.0,RED_TOP_JUNGLE
EUW1_7696368723,200,red,16.2,6,6.001616666666667,Neeko,12266.0,6523.0,RED_BOT_JUNGLE
EUW1_7696368723,200,red,16.2,8,8.001916666666666,Neeko,1468.0,12164.0,TOP_LANE_CORE
EUW1_7696368723,200,red,16.2,9,9.002133333333333,Neeko,6753.0,9128.0,RED_TOP_JUNGLE
EUW1_7696368723,200,red,16.2,10,10.002516666666667,Neeko,1167.0,12193.0,TOP_LANE_CORE
EUW1_7696368723,200,red,16.2,11,11.002716666666666,Neeko,8900.0,13314.0,TOP_LANE_CORE
EUW1_7696368840,100,blue,16.2,7,7.00315,Blitzcrank,3872.0,3358.0,BLUE_BOT_JUNGLE
EUW1_7696368840,100,blue,16.2,8,8.003583333333333,Blitzcrank,6686.0,9295.0,RED_TOP_JUNGLE
EUW1_7696368840,200,red,16.2,5,5.002633333333334,Bard,6219.0,11235.0,TOP_SIDE_NEAR
EUW1_7696368840,200,red,16.2,8,8.003583333333333,Bard,9271.0,8654.0,MID_LANE
EUW1_7696369042,100,blue,16.2,7,7.002883333333333,Pyke,3895.0,4219.0,BLUE_TOP_JUNGLE
EUW1_7696369042,100,blue,16.2,8,8.0029,Pyke,4810.0,6856.0,BLUE_TOP_JUNGLE
EUW1_7696369042,100,blue,16.2,10,10.0034,Pyke,7115.0,6258.0,MID_LANE
EUW1_7696369042,200,red,16.2,5,5.002516666666667,Nautilus,11094.0,10578.0,RED_BOT_JUNGLE
EUW1_7696369042,200,red,16.2,7,7.002883333333333,Nautilus,10124.0,7188.0,RED_BOT_JUNGLE
EUW1_7696369042,200,red,16.2,9,9.003033333333333,Nautilus,9034.0,8727.0,MID_LANE
EUW1_7696369042,200,red,16.2,10,10.0034,Nautilus,4589.0,7367.0,BLUE_TOP_JUNGLE
EUW1_7696369054,200,red,16.2,6,6.003033333333334,Nami,12163.0,9684.0,RED_BOT_JUNGLE
EUW1_7696369054,200,red,16.2,9,9.003966666666667,Nami,8417.0,5206.0,BLUE_BOT_JUNGLE
EUW1_7696369620,100,blue,16.2,9,9.004133333333334,Karma,7567.0,11668.0,RED_TOP_JUNGLE
EUW1_7696369840,100,blue,16.2,6,6.003283333333333,Maokai,5245.0,7423.0,BLUE_TOP_JUNGLE
EUW1_7696369840,200,red,16.2,8,8.003783333333333,Nautilus,9968.0,8699.0,MID_LANE
EUW1_7696370643,200,red,16.2,8,8.003883333333333,Zilean,11839.0,7177.0,RED_BOT_JUNGLE
EUW1_7696371570,100,blue,16.2,9,9.003416666666666,Karma,8408.0,7407.0,MID_LANE
EUW1_7696371570,200,red,16.2,7,7.00125,Elise,10131.0,10393.0,RED_TOP_JUNGLE
EUW1_7696371570,200,red,16.2,11,11.00385,Elise,9921.0,8765.0,MID_LANE
EUW1_7696372430,100,blue,16.2,10,10.00435,Neeko,6864.0,7229.0,MID_LANE
EUW1_7696372430,200,red,16.2,10,10.00435,Nami,8056.0,7780.0,MID_LANE
EUW1_7696372600,100,blue,16.2,11,11.004866666666667,Morgana,6011.0,9086.0,RIVER_TOP
EUW1_7696373000,200,red,16.2,7,7.003616666666667,Veigar,7146.0,9161.0,RED_TOP_JUNGLE
EUW1_7696373000,200,red,16.2,8,8.003666666666666,Veigar,9647.0,6747.0,RED_BOT_JUNGLE
EUW1_7696373193,100,blue,16.2,8,8.004483333333333,Pyke,6180.0,9617.0,RED_TOP_JUNGLE
EUW1_7696373193,100,blue,16.2,9,9.004966666666666,Pyke,4856.0,8807.0,RIVER_TOP
EUW1_7696373193,200,red,16.2,6,6.0038833333333335,Leona,11404.0,6328.0,RED_BOT_JUNGLE
EUW1_7696373193,200,red,16.2,8,8.004483333333333,Leona,7949.0,10603.0,RED_TOP_JUNGLE
EUW1_7696373193,200,red,16.2,9,9.004966666666666,Leona,4730.0,10192.0,BARON_GRUBS_HERALD_AREA
EUW1_7696373193,200,red,16.2,10,10.005133333333333,Leona,10597.0,7777.0,RED_BOT_JUNGLE
EUW1_7696375248,100,blue,16.2,11,11.005183333333333,Nautilus,5910.0,4017.0,BLUE_BOT_JUNGLE
EUW1_7696375248,200,red,16.2,8,8.003883333333333,Seraphine,11940.0,7005.0,RED_BOT_JUNGLE
EUW1_7696375248,200,red,16.2,11,11.005183333333333,Seraphine,11967.0,7177.0,RED_BOT_JUNGLE
EUW1_7696375755,200,red,16.2,8,8.004066666666667,Nami,11262.0,10769.0,RED_BOT_JUNGLE
EUW1_7696376316,100,blue,16.2,10,10.004516666666667,Lulu,1245.0,12510.0,TOP_LANE_CORE
EUW1_7696376316,200,red,16.2,11,11.004883333333334,Nautilus,10275.0,7479.0,RED_BOT_JUNGLE
EUW1_7696376389,200,red,16.2,5,5.0030833333333335,Nautilus,10121.0,6510.0,RED_BOT_JUNGLE
EUW1_7696376389,200,red,16.2,10,10.00455,Nautilus,12070.0,8340.0,RED_BOT_JUNGLE
EUW1_7696377121,200,red,16.2,7,7.0035,Rakan,12077.0,11793.0,RED_BOT_JUNGLE
EUW1_7696377121,200,red,16.2,8,8.003733333333333,Rakan,5494.0,8601.0,RIVER_TOP
EUW1_7696377121,200,red,16.2,11,11.004166666666666,Rakan,11696.0,12252.0,RED_TOP_JUNGLE
EUW1_7696377523,100,blue,16.2,8,8.0039,Blitzcrank,4516.0,4019.0,BLUE_BOT_JUNGLE
EUW1_7696377523,200,red,16.2,9,9.00445,Renata,10914.0,6165.0,RED_BOT_JUNGLE
EUW1_7696378808,200,red,16.2,6,6.00105,Zoe,7369.0,6355.0,MID_LANE
EUW1_7696378808,200,red,16.2,9,9.00145,Zoe,6223.0,7747.0,MID_LANE
EUW1_7696378808,200,red,16.2,10,10.001783333333334,Zoe,2394.0,11364.0,TOP_SIDE_NEAR
EUW1_7696378808,200,red,16.2,11,11.002266666666667,Zoe,6882.0,7935.0,MID_LANE
EUW1_7696379728,100,blue,16.2,8,8.003783333333333,Bard,8572.0,2922.0,BLUE_BOT_JUNGLE
EUW1_7696379728,100,blue,16.2,9,9.004233333333334,Bard,5852.0,6784.0,MID_LANE
EUW1_7696379728,200,red,16.2,9,9.004233333333334,Braum,4762.0,10202.0,BARON_GRUBS_HERALD_AREA
EUW1_7696379728,200,red,16.2,11,11.004283333333333,Braum,8540.0,8612.0,MID_LANE
EUW1_7696379731,100,blue,16.2,7,7.00415,Zilean,7618.0,7027.0,MID_LANE
EUW1_7696379731,100,blue,16.2,10,10.0048,Zilean,6586.0,6841.0,MID_LANE
EUW1_7696379731,200,red,16.2,10,10.0048,Bard,7552.0,6990.0,MID_LANE
EUW1_7696380885,100,blue,16.2,5,5.003583333333333,Brand,4699.0,4411.0,BLUE_BOT_JUNGLE
EUW1_7696380885,100,blue,16.2,6,6.00385,Brand,3289.0,12527.0,TOP_SIDE_NEAR
EUW1_7696380885,100,blue,16.2,7,7.004,Brand,7742.0,6776.0,MID_LANE
EUW1_7696380885,100,blue,16.2,9,9.004233333333334,Brand,6881.0,8918.0,RED_TOP_JUNGLE
EUW1_7696380885,100,blue,16.2,10,10.004783333333334,Brand,1409.0,11702.0,TOP_LANE_CORE
EUW1_7696380885,100,blue,16.2,11,11.0053,Brand,7753.0,5070.0,BLUE_BOT_JUNGLE
EUW1_7696380885,200,red,16.2,8,8.004033333333334,Bard,10893.0,10416.0,RED_BOT_JUNGLE
EUW1_7696380885,200,red,16.2,10,10.004783333333334,Bard,2021.0,12175.0,TOP_LANE_CORE
EUW1_7696381685,100,blue,16.2,9,9.004683333333332,Karma,8029.0,7257.0,MID_LANE
EUW1_7696381685,200,red,16.2,8,8.0044,Lulu,12452.0,6274.0,RED_BOT_JUNGLE
EUW1_7696381913,200,red,16.2,10,10.004883333333334,Nami,9605.0,10212.0,RED_TOP_JUNGLE
EUW1_7696382208,100,blue,16.2,7,7.003233333333333,Elise,4776.0,8557.0,RIVER_TOP
EUW1_7696382208,100,blue,16.2,8,8.003366666666667,Elise,1493.0,4215.0,TOP_LANE_CORE
EUW1_7696382208,100,blue,16.2,9,9.003883333333333,Elise,1330.0,13312.0,TOP_LANE_CORE
EUW1_7696382208,200,red,16.2,5,5.002533333333333,Nautilus,6237.0,8290.0,RIVER_TOP
EUW1_7696382208,200,red,16.2,7,7.003233333333333,Nautilus,4254.0,9882.0,TOP_SIDE_NEAR
EUW1_7696382208,200,red,16.2,8,8.003366666666667,Nautilus,7009.0,12722.0,TOP_SIDE_NEAR
EUW1_7696382208,200,red,16.2,10,10.004316666666666,Nautilus,6703.0,12827.0,TOP_SIDE_NEAR
EUW1_7696382208,200,red,16.2,11,11.004433333333333,Nautilus,11204.0,7599.0,RED_BOT_JUNGLE
EUW1_7696382461,200,red,16.2,6,6.0033666666666665,Elise,5975.0,8033.0,RIVER_TOP
EUW1_7696382461,200,red,16.2,7,7.003833333333334,Elise,8050.0,5144.0,BLUE_BOT_JUNGLE
EUW1_7696382461,200,red,16.2,8,8.00405,Elise,3169.0,7722.0,BLUE_TOP_JUNGLE
EUW1_7696382461,200,red,16.2,10,10.0046,Elise,5366.0,6602.0,BLUE_TOP_JUNGLE
EUW1_7696382461,200,red,16.2,11,11.004933333333334,Elise,6505.0,6205.0,MID_LANE
EUW1_7696383156,100,blue,16.2,7,7.000866666666667,Leblanc,7266.0,9711.0,RED_TOP_JUNGLE
EUW1_7696383156,100,blue,16.2,8,8.001333333333333,Leblanc,6734.0,4650.0,BLUE_BOT_JUNGLE
EUW1_7696383156,100,blue,16.2,9,9.002983333333333,Leblanc,5545.0,3619.0,BLUE_BOT_JUNGLE
EUW1_7696383156,100,blue,16.2,11,11.003683333333333,Leblanc,10740.0,6285.0,RED_BOT_JUNGLE
EUW1_7696383156,200,red,16.2,5,5.00065,Karma,10072.0,6186.0,RED_BOT_JUNGLE
EUW1_7696383156,200,red,16.2,7,7.000866666666667,Karma,8569.0,8950.0,MID_LANE
EUW1_7696383156,200,red,16.2,10,10.003533333333333,Karma,8376.0,8443.0,MID_LANE
EUW1_7696383295,100,blue,16.2,7,7.003583333333333,Zyra,7723.0,7077.0,MID_LANE
EUW1_7696383295,200,red,16.2,9,9.00455,Zoe,9886.0,7180.0,RED_BOT_JUNGLE
EUW1_7696383295,200,red,16.2,11,11.004766666666667,Zoe,8649.0,11386.0,RED_TOP_JUNGLE
EUW1_7696383298,100,blue,16.2,5,5.003383333333334,Leona,7313.0,5191.0,BLUE_BOT_JUNGLE
EUW1_7696383298,100,blue,16.2,9,9.004733333333334,Leona,5032.0,10777.0,BARON_GRUBS_HERALD_AREA
EUW1_7696383298,200,red,16.2,5,5.003383333333334,Bard,8472.0,4866.0,BLUE_BOT_JUNGLE
EUW1_7696383298,200,red,16.2,9,9.004733333333334,Bard,5780.0,11079.0,TOP_SIDE_NEAR
EUW1_7696384289,100,blue,16.2,5,5.003633333333333,Janna,4973.0,3062.0,BLUE_BOT_JUNGLE
EUW1_7696384289,200,red,16.2,8,8.00395,Nautilus,7522.0,6742.0,MID_LANE
EUW1_7696384773,100,blue,16.2,10,10.004616666666667,Lulu,6157.0,1795.0,BLUE_BOT_JUNGLE
EUW1_7696384773,200,red,16.2,10,10.004616666666667,Rakan,10418.0,13345.0,TOP_LANE_CORE
EUW1_7696384780,100,blue,16.2,6,6.0012,Janna,7632.0,6781.0,MID_LANE
EUW1_7696384780,100,blue,16.2,11,11.003616666666666,Janna,2582.0,8497.0,TOP_SIDE_NEAR
EUW1_7696384780,200,red,16.2,7,7.001283333333333,Nautilus,7517.0,6953.0,MID_LANE
EUW1_7696384780,200,red,16.2,11,11.003616666666666,Nautilus,3235.0,9828.0,TOP_SIDE_NEAR
EUW1_7696384820,100,blue,16.2,8,8.003133333333333,Bard,10741.0,9185.0,RED_BOT_JUNGLE
EUW1_7696384820,100,blue,16.2,9,9.0034,Bard,7116.0,9361.0,RED_TOP_JUNGLE
EUW1_7696384820,100,blue,16.2,11,11.0042,Bard,8415.0,5303.0,BLUE_BOT_JUNGLE
EUW1_7696384820,200,red,16.2,7,7.002816666666667,Pyke,1315.0,11757.0,TOP_LANE_CORE
EUW1_7696384820,200,red,16.2,8,8.003133333333333,Pyke,9486.0,8472.0,MID_LANE
EUW1_7696384820,200,red,16.2,11,11.0042,Pyke,8305.0,5379.0,BLUE_BOT_JUNGLE
EUW1_7696386088,100,blue,16.2,6,6.001233333333333,Nautilus,8661.0,4701.0,BLUE_BOT_JUNGLE
EUW1_7696386088,200,red,16.2,8,8.001716666666667,Lulu,7345.0,11671.0,RED_TOP_JUNGLE
EUW1_7696386088,200,red,16.2,9,9.001716666666667,Lulu,7215.0,12267.0,TOP_SIDE_NEAR
EUW1_7696386088,200,red,16.2,11,11.003833333333333,Lulu,7644.0,6756.0,MID_LANE
EUW1_7696386392,100,blue,16.2,9,9.004,Janna,8339.0,5717.0,BLUE_BOT_JUNGLE
EUW1_7696386392,100,blue,16.2,11,11.0044,Janna,6067.0,8311.0,RIVER_TOP
EUW1_7696386392,200,red,16.2,6,6.003033333333334,Nautilus,11471.0,10719.0,RED_BOT_JUNGLE
EUW1_7696386392,200,red,16.2,9,9.004,Nautilus,10024.0,7230.0,RED_BOT_JUNGLE
EUW1_7696386392,200,red,16.2,11,11.0044,Nautilus,7152.0,8842.0,RED_TOP_JUNGLE
EUW1_7696387964,100,blue,16.2,7,7.004283333333333,Taric,7949.0,7228.0,MID_LANE
EUW1_7696387964,100,blue,16.2,8,8.004816666666667,Taric,4047.0,2592.0,BLUE_BOT_JUNGLE
EUW1_7696388305,100,blue,16.2,7,7.003533333333333,Nami,6363.0,4485.0,BLUE_BOT_JUNGLE
EUW1_7696388305,100,blue,16.2,9,9.004166666666666,Nami,4654.0,9549.0,TOP_SIDE_NEAR
EUW1_7696388305,100,blue,16.2,11,11.0045,Nami,7186.0,7592.0,MID_LANE
EUW1_7696388305,200,red,16.2,5,5.0027,Bard,8676.0,5175.0,BLUE_BOT_JUNGLE
EUW1_7696388305,200,red,16.2,7,7.003533333333333,Bard,7340.0,5040.0,BLUE_BOT_JUNGLE
EUW1_7696388305,200,red,16.2,8,8.003683333333333,Bard,7297.0,6002.0,BLUE_BOT_JUNGLE
EUW1_7696388305,200,red,16.2,11,11.0045,Bard,9482.0,10066.0,RED_TOP_JUNGLE
EUW1_7696388362,100,blue,16.2,5,5.000683333333333,Leona,8377.0,7599.0,MID_LANE
EUW1_7696388362,100,blue,16.2,9,9.00295,Leona,1806.0,7552.0,TOP_SIDE_NEAR
EUW1_7696388362,200,red,16.2,9,9.00295,Ivern,1866.0,7705.0,TOP_SIDE_NEAR
EUW1_7696388896,100,blue,16.2,9,9.0039,Rakan,6341.0,9098.0,RIVER_TOP
EUW1_7696388896,100,blue,16.2,10,10.003966666666667,Rakan,7957.0,7063.0,MID_LANE
EUW1_7696388896,200,red,16.2,11,11.004516666666667,Sylas,11106.0,9912.0,RED_BOT_JUNGLE
EUW1_7696390277,100,blue,16.2,9,9.00385,Lulu,7630.0,2388.0,BLUE_BOT_JUNGLE
EUW1_7696390277,200,red,16.2,6,6.000966666666667,Pyke,12675.0,7422.0,RED_BOT_JUNGLE
EUW1_7696390277,200,red,16.2,9,9.00385,Pyke,4535.0,9759.0,TOP_SIDE_NEAR
EUW1_7696391056,100,blue,16.2,10,10.005,Bard,2713.0,11344.0,TOP_SIDE_NEAR
EUW1_7696391056,200,red,16.2,10,10.005,Milio,6965.0,8868.0,RED_TOP_JUNGLE
EUW1_7696391233,100,blue,16.2,6,6.002833333333333,Rakan,6513.0,4527.0,BLUE_BOT_JUNGLE
EUW1_7696391757,100,blue,16.2,11,11.003866666666667,Lulu,6054.0,5987.0,MID_LANE
EUW1_7696391757,200,red,16.2,9,9.003616666666666,Blitzcrank,6044.0,8537.0,RIVER_TOP
EUW1_7696391763,100,blue,16.2,10,10.003866666666667,Leona,3909.0,11239.0,TOP_SIDE_NEAR
EUW1_7696391763,100,blue,16.2,11,11.004266666666666,Leona,5264.0,12881.0,TOP_SIDE_NEAR
EUW1_7696392038,200,red,16.2,9,9.00395,Alistar,7670.0,5645.0,BLUE_BOT_JUNGLE
EUW1_7696392038,200,red,16.2,10,10.004383333333333,Alistar,7172.0,7739.0,MID_LANE
EUW1_7696392209,100,blue,16.2,7,7.003216666666667,Lulu,8376.0,5592.0,BLUE_BOT_JUNGLE
EUW1_7696392209,200,red,16.2,7,7.003216666666667,Rell,8551.0,8487.0,MID_LANE
EUW1_7696392663,100,blue,16.2,10,10.004266666666666,Renata,4839.0,8918.0,TOP_SIDE_NEAR
EUW1_7696392663,200,red,16.2,9,9.00415,Zilean,8445.0,7068.0,MID_LANE
EUW1_7696392663,200,red,16.2,10,10.004266666666666,Zilean,6284.0,9112.0,RIVER_TOP
EUW1_7696392898,100,blue,16.2,7,7.001966666666666,Soraka,7388.0,6910.0,MID_LANE
EUW1_7696394506,100,blue,16.2,6,6.0030166666666664,TahmKench,2587.0,13561.0,TOP_LANE_CORE
EUW1_7696394506,100,blue,16.2,9,9.0045,TahmKench,5821.0,6981.0,MID_LANE
EUW1_7696394506,100,blue,16.2,10,10.004716666666667,TahmKench,2614.0,4798.0,BLUE_TOP_JUNGLE
EUW1_7696394506,100,blue,16.2,11,11.005216666666668,TahmKench,1772.0,7993.0,BLUE_TOP_JUNGLE
EUW1_7696394506,200,red,16.2,9,9.0045,Seraphine,9959.0,9352.0,RED_BOT_JUNGLE
EUW1_7696394506,200,red,16.2,10,10.004716666666667,Seraphine,4448.0,10106.0,BARON_GRUBS_HERALD_AREA
EUW1_7696395216,200,red,16.2,5,5.0030166666666664,Pyke,8573.0,5094.0,BLUE_BOT_JUNGLE
EUW1_7696395216,200,red,16.2,8,8.003683333333333,Pyke,12218.0,11622.0,RED_BOT_JUNGLE
EUW1_7696395321,100,blue,16.2,8,8.004016666666667,Senna,8596.0,4981.0,BLUE_BOT_JUNGLE
EUW1_7696395321,100,blue,16.2,9,9.00435,Senna,4772.0,9799.0,BARON_GRUBS_HERALD_AREA
EUW1_7696395703,100,blue,16.2,5,5.00235,Neeko,4066.0,3847.0,BLUE_BOT_JUNGLE
EUW1_7696395703,100,blue,16.2,8,8.003283333333334,Neeko,6242.0,7910.0,BLUE_TOP_JUNGLE
EUW1_7696395703,100,blue,16.2,9,9.0038,Neeko,7800.0,3584.0,BLUE_BOT_JUNGLE
EUW1_7696395703,100,blue,16.2,10,10.0038,Neeko,3998.0,3512.0,BLUE_BOT_JUNGLE
EUW1_7696395703,100,blue,16.2,11,11.004183333333334,Neeko,8349.0,5430.0,BLUE_BOT_JUNGLE
EUW1_7696395703,200,red,16.2,8,8.003283333333334,Soraka,6614.0,9116.0,RED_TOP_JUNGLE
EUW1_7696395703,200,red,16.2,10,10.0038,Soraka,11579.0,11285.0,RED_BOT_JUNGLE
EUW1_7696395776,100,blue,16.2,11,11.004916666666666,Yuumi,5914.0,5631.0,MID_LANE
EUW1_7696396363,200,red,16.2,9,9.003366666666667,Nautilus,11763.0,7290.0,RED_BOT_JUNGLE
EUW1_7696396363,200,red,16.2,10,10.00385,Nautilus,5842.0,8612.0,RIVER_TOP
EUW1_7696397118,100,blue,16.2,9,9.004616666666667,Braum,4845.0,5725.0,BLUE_TOP_JUNGLE
EUW1_7696397118,200,red,16.2,9,9.004616666666667,Taliyah,5061.0,10481.0,BARON_GRUBS_HERALD_AREA
EUW1_7696397118,200,red,16.2,11,11.005366666666667,Taliyah,11370.0,10868.0,RED_BOT_JUNGLE
EUW1_7696397654,100,blue,16.2,9,9.004333333333333,Braum,6301.0,6746.0,MID_LANE
EUW1_7696397654,100,blue,16.2,10,10.004733333333334,Braum,6842.0,5593.0,BLUE_BOT_JUNGLE
EUW1_7696397654,200,red,16.2,7,7.003433333333334,Bard,8889.0,9722.0,RED_TOP_JUNGLE
EUW1_7696397654,200,red,16.2,8,8.003833333333333,Bard,6267.0,8317.0,RIVER_TOP
EUW1_7696397654,200,red,16.2,10,10.004733333333334,Bard,7621.0,5070.0,BLUE_BOT_JUNGLE
EUW1_7696398308,100,blue,16.2,8,8.0045,Sona,5299.0,5535.0,BLUE_BOT_JUNGLE
EUW1_7696398308,100,blue,16.2,9,9.004933333333334,Sona,6525.0,11395.0,TOP_SIDE_NEAR
EUW1_7696398308,200,red,16.2,7,7.004016666666667,Thresh,11889.0,7453.0,RED_BOT_JUNGLE
EUW1_7696398308,200,red,16.2,8,8.0045,Thresh,7207.0,7315.0,MID_LANE
EUW1_7696398308,200,red,16.2,10,10.004966666666666,Thresh,10562.0,11238.0,RED_TOP_JUNGLE
EUW1_7696398598,200,red,16.2,5,5.002516666666667,Neeko,7481.0,7978.0,MID_LANE
EUW1_7696398612,100,blue,16.2,7,7.00265,Bard,5410.0,8301.0,RIVER_TOP
EUW1_7696398612,100,blue,16.2,9,9.003733333333333,Bard,4689.0,7676.0,BLUE_TOP_JUNGLE
EUW1_7696398612,200,red,16.2,5,5.000566666666667,Rell,7087.0,7292.0,MID_LANE
EUW1_7696398612,200,red,16.2,7,7.00265,Rell,6954.0,6694.0,MID_LANE
EUW1_7696398612,200,red,16.2,8,8.0032,Rell,10773.0,12073.0,RED_TOP_JUNGLE
EUW1_7696398612,200,red,16.2,9,9.003733333333333,Rell,5088.0,8888.0,RIVER_TOP
EUW1_7696398612,200,red,16.2,10,10.0042,Rell,9972.0,6704.0,RED_BOT_JUNGLE
EUW1_7696399000,200,red,16.2,11,11.004516666666667,Nami,9987.0,6249.0,RED_BOT_JUNGLE
EUW1_7696399280,100,blue,16.2,9,9.0032,Sylas,4494.0,8382.0,BLUE_TOP_JUNGLE
EUW1_7696399280,100,blue,16.2,10,10.003433333333334,Sylas,7074.0,5608.0,BLUE_BOT_JUNGLE
EUW1_7696399280,200,red,16.2,9,9.0032,Bard,5178.0,9156.0,TOP_SIDE_NEAR
EUW1_7696399839,100,blue,16.2,11,11.004216666666666,Seraphine,11872.0,7107.0,RED_BOT_JUNGLE
EUW1_7696400325,100,blue,16.2,6,6.003466666666666,Karma,3321.0,2771.0,BLUE_BOT_JUNGLE
EUW1_7696400325,100,blue,16.2,8,8.00395,Karma,7321.0,7622.0,MID_LANE
EUW1_7696400325,100,blue,16.2,9,9.004083333333334,Karma,3422.0,13253.0,TOP_LANE_CORE
EUW1_7696400325,100,blue,16.2,10,10.004133333333334,Karma,3329.0,11417.0,TOP_SIDE_NEAR
EUW1_7696400325,200,red,16.2,9,9.004083333333334,Bard,10772.0,13878.0,TOP_LANE_CORE
EUW1_7696400325,200,red,16.2,10,10.004133333333334,Bard,4720.0,13449.0,TOP_LANE_CORE
EUW1_7696402525,100,blue,16.2,5,5.0012,Rakan,4927.0,8608.0,RIVER_TOP
EUW1_7696402525,100,blue,16.2,7,7.0034,Rakan,8676.0,5030.0,BLUE_BOT_JUNGLE
EUW1_7696402525,100,blue,16.2,8,8.003783333333333,Rakan,3225.0,12836.0,TOP_LANE_CORE
EUW1_7696402525,100,blue,16.2,10,10.004116666666667,Rakan,3557.0,7321.0,BLUE_TOP_JUNGLE
EUW1_7696402525,200,red,16.2,9,9.0039,Nautilus,4893.0,8792.0,RIVER_TOP
EUW1_7696402525,200,red,16.2,10,10.004116666666667,Nautilus,3811.0,11097.0,TOP_SIDE_NEAR
EUW1_7696402627,200,red,16.2,7,7.003233333333333,Poppy,12456.0,11610.0,RED_BOT_JUNGLE
EUW1_7696402627,200,red,16.2,8,8.003333333333334,Poppy,8152.0,6878.0,MID_LANE
EUW1_7696402627,200,red,16.2,9,9.0034,Poppy,1695.0,9115.0,TOP_LANE_CORE
EUW1_7696403447,100,blue,16.2,6,6.00335,Lulu,3155.0,3559.0,BLUE_TOP_JUNGLE
EUW1_7696403447,100,blue,16.2,7,7.003733333333333,Lulu,7078.0,6559.0,MID_LANE
EUW1_7696403447,100,blue,16.2,8,8.004216666666666,Lulu,4462.0,2791.0,BLUE_BOT_JUNGLE
EUW1_7696403507,100,blue,16.2,9,9.003866666666667,Nami,7204.0,6481.0,MID_LANE
EUW1_7696403507,200,red,16.2,9,9.003866666666667,Sona,11641.0,7490.0,RED_BOT_JUNGLE
EUW1_7696403659,100,blue,16.2,5,5.0010666666666665,Leona,9926.0,6845.0,RED_BOT_JUNGLE
EUW1_7696403659,100,blue,16.2,7,7.00135,Leona,7564.0,9649.0,RED_TOP_JUNGLE
EUW1_7696403659,100,blue,16.2,8,8.001683333333334,Leona,5460.0,4918.0,BLUE_BOT_JUNGLE
EUW1_7696403659,100,blue,16.2,9,9.003583333333333,Leona,5925.0,6666.0,MID_LANE
EUW1_7696403659,100,blue,16.2,10,10.003966666666667,Leona,5045.0,3108.0,BLUE_BOT_JUNGLE
EUW1_7696403659,200,red,16.2,7,7.00135,Senna,10777.0,10301.0,RED_BOT_JUNGLE
EUW1_7696403659,200,red,16.2,8,8.001683333333334,Senna,9000.0,8723.0,MID_LANE
EUW1_7696403856,100,blue,16.2,5,5.00315,Leona,6590.0,6348.0,MID_LANE
EUW1_7696403856,100,blue,16.2,8,8.003733333333333,Leona,2943.0,12588.0,TOP_LANE_CORE
EUW1_7696403856,100,blue,16.2,9,9.003833333333333,Leona,3033.0,7154.0,BLUE_TOP_JUNGLE
EUW1_7696403856,100,blue,16.2,10,10.00405,Leona,7503.0,6158.0,BLUE_BOT_JUNGLE
EUW1_7696403856,200,red,16.2,5,5.00315,Nami,7511.0,6818.0,MID_LANE
EUW1_7696403856,200,red,16.2,8,8.003733333333333,Nami,6502.0,7124.0,MID_LANE
EUW1_7696403856,200,red,16.2,9,9.003833333333333,Nami,4388.0,7385.0,BLUE_TOP_JUNGLE
EUW1_7696404030,200,red,16.2,8,8.004466666666668,Lulu,10956.0,6130.0,RED_BOT_JUNGLE
EUW1_7696405024,100,blue,16.2,9,9.004616666666667,Rell,3938.0,10232.0,TOP_SIDE_NEAR
EUW1_7696405024,200,red,16.2,10,10.005033333333333,Lux,12091.0,8304.0,RED_BOT_JUNGLE
EUW1_7696405497,100,blue,16.2,5,5.003033333333334,Elise,7841.0,7651.0,MID_LANE
EUW1_7696405497,100,blue,16.2,9,9.004433333333333,Elise,7796.0,10619.0,RED_TOP_JUNGLE
EUW1_7696405497,200,red,16.2,8,8.004033333333334,Sona,10102.0,9876.0,RED_TOP_JUNGLE
EUW1_7696405497,200,red,16.2,9,9.004433333333333,Sona,8899.0,8064.0,MID_LANE
EUW1_7696405676,100,blue,16.2,7,7.003566666666667,Neeko,8150.0,5814.0,BLUE_BOT_JUNGLE
EUW1_7696405676,100,blue,16.2,9,9.003683333333333,Neeko,3777.0,4185.0,BLUE_TOP_JUNGLE
EUW1_7696405676,100,blue,16.2,10,10.004233333333334,Neeko,7066.0,7003.0,MID_LANE
EUW1_7696405676,200,red,16.2,10,10.004233333333334,Alistar,7958.0,7681.0,MID_LANE
EUW1_7696405676,200,red,16.2,11,11.004483333333333,Alistar,4689.0,8953.0,TOP_SIDE_NEAR
EUW1_7696406637,100,blue,16.2,10,10.0051,Rakan,2575.0,13118.0,TOP_LANE_CORE
EUW1_7696407778,100,blue,16.2,5,5.002883333333333,Elise,8604.0,4313.0,BLUE_BOT_JUNGLE
EUW1_7696407778,100,blue,16.2,7,7.003333333333333,Elise,4851.0,7735.0,BLUE_TOP_JUNGLE
EUW1_7696407778,200,red,16.2,7,7.003333333333333,Bard,4850.0,9520.0,TOP_SIDE_NEAR
EUW1_7696407778,200,red,16.2,10,10.004133333333334,Bard,3271.0,12566.0,TOP_SIDE_NEAR
EUW1_7696408435,100,blue,16.2,5,5.002666666666666,Bard,7823.0,3297.0,BLUE_BOT_JUNGLE
EUW1_7696409072,100,blue,16.2,8,8.003266666666667,Rell,8060.0,5176.0,BLUE_BOT_JUNGLE
EUW1_7696409072,100,blue,16.2,9,9.00355,Rell,11568.0,6782.0,RED_BOT_JUNGLE
EUW1_7696409072,200,red,16.2,9,9.00355,Rakan,11976.0,7100.0,RED_BOT_JUNGLE
EUW1_7696409072,200,red,16.2,10,10.00375,Rakan,12084.0,6868.0,RED_BOT_JUNGLE
EUW1_7696409152,100,blue,16.2,11,11.003916666666667,Nautilus,6973.0,4699.0,BLUE_BOT_JUNGLE
EUW1_7696409152,200,red,16.2,7,7.003066666666666,Velkoz,8952.0,11215.0,RED_TOP_JUNGLE
EUW1_7696409956,100,blue,16.2,8,8.003216666666667,Soraka,4855.0,8531.0,RIVER_TOP
EUW1_7696409956,100,blue,16.2,9,9.00345,Soraka,4975.0,8384.0,BLUE_TOP_JUNGLE
EUW1_7696409956,200,red,16.2,5,5.00285,Elise,1649.0,12852.0,TOP_LANE_CORE
EUW1_7696409956,200,red,16.2,9,9.00345,Elise,7595.0,8755.0,MID_LANE
EUW1_7696410798,200,red,16.2,8,8.003466666666666,Lulu,7184.0,10031.0,RED_TOP_JUNGLE
EUW1_7696410798,200,red,16.2,11,11.004416666666666,Lulu,10288.0,9652.0,RED_BOT_JUNGLE
EUW1_7696411262,200,red,16.2,9,9.004616666666667,Zilean,10547.0,10114.0,RED_BOT_JUNGLE
EUW1_7696411262,200,red,16.2,11,11.005166666666666,Zilean,7856.0,7859.0,MID_LANE
EUW1_7696411638,200,red,16.2,6,6.001716666666667,Zilean,12151.0,9109.0,RED_BOT_JUNGLE
EUW1_7696411638,200,red,16.2,9,9.003933333333332,Zilean,10336.0,7360.0,RED_BOT_JUNGLE
EUW1_7696411938,100,blue,16.2,5,5.0010666666666665,Alistar,7295.0,7210.0,MID_LANE
EUW1_7696411938,100,blue,16.2,11,11.004666666666667,Alistar,5860.0,6229.0,MID_LANE
EUW1_7696412378,100,blue,16.2,9,9.003566666666666,Sona,6034.0,5228.0,BLUE_BOT_JUNGLE
EUW1_7696412378,200,red,16.2,5,5.002533333333333,Bard,11128.0,6640.0,RED_BOT_JUNGLE
EUW1_7696412378,200,red,16.2,7,7.002833333333333,Bard,6453.0,9920.0,RED_TOP_JUNGLE
EUW1_7696412378,200,red,16.2,8,8.003133333333333,Bard,6105.0,8214.0,RIVER_TOP
EUW1_7696412378,200,red,16.2,10,10.003916666666667,Bard,4183.0,11780.0,TOP_SIDE_NEAR
EUW1_7696412638,100,blue,16.2,7,7.0041,Neeko,5512.0,8553.0,RIVER_TOP
EUW1_7696412638,100,blue,16.2,8,8.0044,Neeko,8380.0,4774.0,BLUE_BOT_JUNGLE
EUW1_7696412638,100,blue,16.2,9,9.004783333333334,Neeko,5528.0,5056.0,BLUE_BOT_JUNGLE
EUW1_7696413192,100,blue,16.2,11,11.004616666666667,Braum,3560.0,6604.0,BLUE_TOP_JUNGLE
EUW1_7696413192,200,red,16.2,7,7.0036,Alistar,6824.0,5608.0,BLUE_BOT_JUNGLE
EUW1_7696413192,200,red,16.2,8,8.003933333333332,Alistar,8054.0,3519.0,BLUE_BOT_JUNGLE
EUW1_7696413192,200,red,16.2,9,9.00455,Alistar,9607.0,13302.0,TOP_LANE_CORE
EUW1_7696413404,100,blue,16.2,8,8.0037,Blitzcrank,1681.0,8417.0,TOP_LANE_CORE
EUW1_7696413404,100,blue,16.2,10,10.003983333333334,Blitzcrank,6997.0,2557.0,BLUE_BOT_JUNGLE
EUW1_7696413404,200,red,16.2,9,9.003716666666667,Nautilus,7214.0,6580.0,MID_LANE
EUW1_7696413404,200,red,16.2,10,10.003983333333334,Nautilus,10118.0,6419.0,RED_BOT_JUNGLE
EUW1_7696413432,100,blue,16.2,9,9.003783333333333,Nami,3176.0,12924.0,TOP_LANE_CORE
EUW1_7696413432,100,blue,16.2,10,10.004283333333333,Nami,2667.0,12258.0,TOP_LANE_CORE
EUW1_7696413626,100,blue,16.2,9,9.00325,Leona,5319.0,8767.0,RIVER_TOP
EUW1_7696413626,100,blue,16.2,10,10.003533333333333,Leona,2616.0,13546.0,TOP_LANE_CORE
EUW1_7696413875,100,blue,16.2,9,9.004,Alistar,3784.0,10923.0,TOP_SIDE_NEAR
EUW1_7696413875,200,red,16.2,9,9.004,Sona,7712.0,10002.0,RED_TOP_JUNGLE
EUW1_7696414350,200,red,16.2,7,7.003716666666667,Pyke,8616.0,4885.0,BLUE_BOT_JUNGLE
EUW1_7696414350,200,red,16.2,10,10.004516666666667,Pyke,7547.0,6181.0,BLUE_BOT_JUNGLE
EUW1_7696415596,100,blue,16.2,7,7.003066666666666,Zilean,6133.0,11266.0,TOP_SIDE_NEAR
EUW1_7696415596,100,blue,16.2,8,8.003116666666667,Zilean,1946.0,12519.0,TOP_LANE_CORE
EUW1_7696415596,100,blue,16.2,9,9.00365,Zilean,3531.0,11013.0,TOP_SIDE_NEAR
EUW1_7696415596,100,blue,16.2,10,10.003966666666667,Zilean,5535.0,8508.0,RIVER_TOP
EUW1_7696415596,100,blue,16.2,11,11.00415,Zilean,1462.0,10369.0,TOP_LANE_CORE
EUW1_7696415596,200,red,16.2,11,11.00415,Sylas,3257.0,11236.0,TOP_SIDE_NEAR
EUW1_7696416882,200,red,16.2,7,7.003233333333333,Blitzcrank,6589.0,6837.0,MID_LANE
EUW1_7696416882,200,red,16.2,10,10.00455,Blitzcrank,12835.0,10963.0,RED_BOT_JUNGLE
EUW1_7696417908,100,blue,16.2,9,9.004433333333333,JarvanIV,6293.0,8756.0,RIVER_TOP
EUW1_7696417908,100,blue,16.2,11,11.004916666666666,JarvanIV,4440.0,8468.0,BLUE_TOP_JUNGLE
EUW1_7696417908,200,red,16.2,8,8.004366666666666,Yuumi,7029.0,9070.0,RED_TOP_JUNGLE
EUW1_7696417908,200,red,16.2,11,11.004916666666666,Yuumi,9392.0,9359.0,RED_TOP_JUNGLE
EUW1_7696418485,100,blue,16.2,6,6.003283333333333,Bard,8535.0,7265.0,MID_LANE
EUW1_7696418485,100,blue,16.2,11,11.005016666666666,Bard,5467.0,3650.0,BLUE_BOT_JUNGLE
EUW1_7696419096,100,blue,16.2,10,10.003683333333333,Karma,4230.0,4568.0,BLUE_TOP_JUNGLE
EUW1_7696419096,100,blue,16.2,11,11.0037,Karma,8753.0,7887.0,MID_LANE
EUW1_7696419096,200,red,16.2,9,9.00335,Sona,7036.0,7718.0,MID_LANE
EUW1_7696419096,200,red,16.2,10,10.003683333333333,Sona,9718.0,9579.0,RED_TOP_JUNGLE
EUW1_7696419096,200,red,16.2,11,11.0037,Sona,9564.0,8946.0,MID_LANE
EUW1_7696419142,100,blue,16.2,6,6.0031,Janna,8618.0,4254.0,BLUE_BOT_JUNGLE
EUW1_7696419142,100,blue,16.2,7,7.003183333333333,Janna,6121.0,9017.0,RIVER_TOP
EUW1_7696419142,100,blue,16.2,8,8.003183333333334,Janna,4024.0,3324.0,BLUE_BOT_JUNGLE
EUW1_7696419142,100,blue,16.2,10,10.0036,Janna,7381.0,8618.0,MID_LANE
EUW1_7696419142,100,blue,16.2,11,11.003866666666667,Janna,6202.0,8215.0,RIVER_TOP
EUW1_7696419142,200,red,16.2,5,5.002816666666667,Rakan,12072.0,9843.0,RED_BOT_JUNGLE
EUW1_7696419142,200,red,16.2,6,6.0031,Rakan,8233.0,5065.0,BLUE_BOT_JUNGLE
EUW1_7696419142,200,red,16.2,7,7.003183333333333,Rakan,7306.0,8957.0,RED_TOP_JUNGLE
EUW1_7696419142,200,red,16.2,8,8.003183333333334,Rakan,9635.0,7443.0,RED_BOT_JUNGLE
EUW1_7696419482,200,red,16.2,11,11.005633333333334,Rakan,8626.0,4181.0,BLUE_BOT_JUNGLE
EUW1_7696419744,200,red,16.2,7,7.003233333333333,Blitzcrank,6694.0,7054.0,MID_LANE
EUW1_7696419744,200,red,16.2,9,9.003766666666667,Blitzcrank,8109.0,8023.0,MID_LANE
EUW1_7696419744,200,red,16.2,11,11.004016666666667,Blitzcrank,12059.0,7951.0,RED_BOT_JUNGLE
EUW1_7696420352,100,blue,16.2,10,10.003516666666666,Taliyah,8327.0,7409.0,MID_LANE
EUW1_7696420352,100,blue,16.2,11,11.004016666666667,Taliyah,8466.0,8694.0,MID_LANE
EUW1_7696420352,200,red,16.2,10,10.003516666666666,Rakan,11818.0,11269.0,RED_BOT_JUNGLE
EUW1_7696421092,200,red,16.2,8,8.003966666666667,Rell,8087.0,5124.0,BLUE_BOT_JUNGLE
EUW1_7696422039,200,red,16.2,9,9.001183333333334,Lulu,9540.0,9299.0,RED_TOP_JUNGLE
EUW1_7696422655,100,blue,16.2,6,6.0015,Karma,7604.0,2509.0,BLUE_BOT_JUNGLE
EUW1_7696422655,100,blue,16.2,7,7.0032,Karma,7302.0,9927.0,RED_TOP_JUNGLE
EUW1_7696422655,100,blue,16.2,11,11.004516666666667,Karma,8183.0,6799.0,MID_LANE
EUW1_7696422655,200,red,16.2,6,6.0015,Janna,5708.0,13206.0,TOP_LANE_CORE
EUW1_7696422655,200,red,16.2,11,11.004516666666667,Janna,8798.0,8523.0,MID_LANE
EUW1_7696422857,100,blue,16.2,10,10.004416666666666,Zyra,6638.0,6840.0,MID_LANE
EUW1_7696422857,100,blue,16.2,11,11.00495,Zyra,7795.0,8046.0,MID_LANE
EUW1_7696422857,200,red,16.2,10,10.004416666666666,Morgana,7612.0,7289.0,MID_LANE
EUW1_7696422857,200,red,16.2,11,11.00495,Morgana,9221.0,9072.0,MID_LANE
EUW1_7696423013,100,blue,16.2,9,9.00365,Rakan,4514.0,7228.0,BLUE_TOP_JUNGLE
EUW1_7696423013,100,blue,16.2,10,10.0042,Rakan,8763.0,8043.0,MID_LANE
EUW1_7696423013,100,blue,16.2,11,11.0042,Rakan,4014.0,3376.0,BLUE_BOT_JUNGLE
EUW1_7696423013,200,red,16.2,8,8.003383333333334,Lulu,9612.0,9522.0,RED_TOP_JUNGLE
EUW1_7696423840,100,blue,16.2,7,7.00365,Taric,7950.0,5678.0,BLUE_BOT_JUNGLE
EUW1_7696423840,200,red,16.2,5,5.002816666666667,Rell,5495.0,8422.0,RIVER_TOP
EUW1_7696423840,200,red,16.2,10,10.004483333333333,Rell,10619.0,6103.0,RED_BOT_JUNGLE
EUW1_7696424817,100,blue,16.2,11,11.005566666666667,Lulu,6075.0,5750.0,MID_LANE
EUW1_7696424817,200,red,16.2,9,9.004716666666667,Rakan,9958.0,8429.0,RED_BOT_JUNGLE
EUW1_7696424842,100,blue,16.2,9,9.004033333333334,Karma,6818.0,9456.0,RED_TOP_JUNGLE
EUW1_7696424842,200,red,16.2,8,8.003883333333333,Zilean,9423.0,9906.0,RED_TOP_JUNGLE
EUW1_7696425130,200,red,16.2,10,10.00265,Alistar,7488.0,7450.0,MID_LANE
EUW1_7696425531,100,blue,16.2,6,6.0027,Thresh,6112.0,8123.0,RIVER_TOP
EUW1_7696425531,100,blue,16.2,7,7.002883333333333,Thresh,8121.0,8012.0,MID_LANE
EUW1_7696425531,200,red,16.2,5,5.0026,Janna,1814.0,13241.0,TOP_LANE_CORE
EUW1_7696425531,200,red,16.2,8,8.0033,Janna,9039.0,11053.0,RED_TOP_JUNGLE
EUW1_7696426168,100,blue,16.2,5,5.0028,Nautilus,7277.0,6545.0,MID_LANE
EUW1_7696426168,100,blue,16.2,8,8.0036,Nautilus,5272.0,9127.0,TOP_SIDE_NEAR
EUW1_7696426168,100,blue,16.2,9,9.0041,Nautilus,4411.0,10129.0,BARON_GRUBS_HERALD_AREA
EUW1_7696426168,200,red,16.2,5,5.0028,Milio,7643.0,7298.0,MID_LANE
EUW1_7696426168,200,red,16.2,8,8.0036,Milio,10321.0,7802.0,RED_BOT_JUNGLE
EUW1_7696426517,100,blue,16.2,10,10.004883333333334,Karma,7652.0,3268.0,BLUE_BOT_JUNGLE
EUW1_7696426517,200,red,16.2,10,10.004883333333334,Milio,8589.0,4721.0,BLUE_BOT_JUNGLE
EUW1_7696426765,100,blue,16.2,6,6.001783333333333,Neeko,5278.0,7339.0,BLUE_TOP_JUNGLE
EUW1_7696426765,100,blue,16.2,9,9.004266666666666,Neeko,5214.0,4741.0,BLUE_BOT_JUNGLE
EUW1_7696426765,100,blue,16.2,11,11.00515,Neeko,4723.0,9210.0,TOP_SIDE_NEAR
EUW1_7696426765,200,red,16.2,9,9.004266666666666,Karma,5133.0,12880.0,TOP_SIDE_NEAR
EUW1_7696426765,200,red,16.2,10,10.004716666666667,Karma,3900.0,10290.0,TOP_SIDE_NEAR
EUW1_7696427432,100,blue,16.2,9,9.0044,Lulu,7184.0,9676.0,RED_TOP_JUNGLE
EUW1_7696427432,200,red,16.2,9,9.0044,Bard,7923.0,8673.0,MID_LANE
EUW1_7696428269,100,blue,16.2,8,8.00175,Xerath,8378.0,5072.0,BLUE_BOT_JUNGLE
EUW1_7696428269,200,red,16.2,7,7.001216666666667,Bard,12574.0,8532.0,RED_BOT_JUNGLE
EUW1_7696428269,200,red,16.2,9,9.002283333333333,Bard,5901.0,8928.0,RIVER_TOP
EUW1_7696428561,200,red,16.2,5,5.00355,Rell,10458.0,7589.0,RED_BOT_JUNGLE
EUW1_7696428690,100,blue,16.2,7,7.003933333333333,Nami,6232.0,10077.0,TOP_SIDE_NEAR
EUW1_7696428690,100,blue,16.2,9,9.004166666666666,Nami,2868.0,7758.0,BLUE_TOP_JUNGLE
EUW1_7696428690,100,blue,16.2,10,10.004566666666667,Nami,6964.0,4224.0,BLUE_BOT_JUNGLE
EUW1_7696429277,100,blue,16.2,5,5.002883333333333,Alistar,7068.0,6470.0,MID_LANE
EUW1_7696429277,100,blue,16.2,9,9.004016666666667,Alistar,5318.0,7108.0,BLUE_TOP_JUNGLE
EUW1_7696429277,100,blue,16.2,11,11.00475,Alistar,968.0,11874.0,TOP_LANE_CORE
EUW1_7696429277,200,red,16.2,9,9.004016666666667,Brand,7095.0,8938.0,RED_TOP_JUNGLE
EUW1_7696429370,100,blue,16.2,9,9.0021,Braum,4866.0,2965.0,BLUE_BOT_JUNGLE
EUW1_7696429577,100,blue,16.2,8,8.003933333333332,Blitzcrank,2731.0,6002.0,BLUE_TOP_JUNGLE
EUW1_7696429577,200,red,16.2,8,8.003933333333332,Seraphine,11044.0,6470.0,RED_BOT_JUNGLE
EUW1_7696429744,100,blue,16.2,5,5.001216666666667,Senna,3386.0,2737.0,BLUE_BOT_JUNGLE
EUW1_7696429744,100,blue,16.2,6,6.0013,Senna,5132.0,13016.0,TOP_SIDE_NEAR
EUW1_7696429744,200,red,16.2,8,8.001716666666667,Alistar,3382.0,10176.0,TOP_SIDE_NEAR
EUW1_7696429744,200,red,16.2,9,9.00365,Alistar,7284.0,7314.0,MID_LANE
EUW1_7696431736,100,blue,16.2,7,7.003616666666667,Sylas,5028.0,6044.0,BLUE_TOP_JUNGLE
EUW1_7696431736,100,blue,16.2,8,8.004033333333334,Sylas,6588.0,7008.0,MID_LANE
EUW1_7696431736,100,blue,16.2,9,9.004316666666666,Sylas,3478.0,2246.0,BLUE_BOT_JUNGLE
EUW1_7696431736,100,blue,16.2,11,11.005283333333333,Sylas,7189.0,2768.0,BLUE_BOT_JUNGLE
EUW1_7696431736,200,red,16.2,7,7.003616666666667,Velkoz,11833.0,7466.0,RED_BOT_JUNGLE
EUW1_7696431736,200,red,16.2,8,8.004033333333334,Velkoz,7304.0,7332.0,MID_LANE
EUW1_7696431736,200,red,16.2,11,11.005283333333333,Velkoz,8352.0,3629.0,BLUE_BOT_JUNGLE
EUW1_7696431871,100,blue,16.2,8,8.0041,Sona,6140.0,5019.0,BLUE_BOT_JUNGLE
EUW1_7696431871,200,red,16.2,7,7.003716666666667,Mel,7279.0,5969.0,BLUE_BOT_JUNGLE
EUW1_7696431871,200,red,16.2,8,8.0041,Mel,7657.0,4988.0,BLUE_BOT_JUNGLE
EUW1_7696432086,200,red,16.2,8,8.0027,Neeko,11551.0,10942.0,RED_BOT_JUNGLE
EUW1_7696432321,100,blue,16.2,5,5.000733333333334,Leona,7911.0,7749.0,MID_LANE
EUW1_7696432321,200,red,16.2,6,6.001266666666667,Nami,11734.0,11186.0,RED_BOT_JUNGLE
EUW1_7696432321,200,red,16.2,8,8.001883333333334,Nami,12159.0,6430.0,RED_BOT_JUNGLE
EUW1_7696432451,100,blue,16.2,7,7.0030166666666664,Nautilus,8535.0,4705.0,BLUE_BOT_JUNGLE
EUW1_7696432451,100,blue,16.2,8,8.00335,Nautilus,7279.0,4741.0,BLUE_BOT_JUNGLE
EUW1_7696432451,100,blue,16.2,9,9.003816666666667,Nautilus,3357.0,2795.0,BLUE_BOT_JUNGLE
EUW1_7696432451,200,red,16.2,7,7.0030166666666664,Pyke,4692.0,8340.0,BLUE_TOP_JUNGLE
EUW1_7696432451,200,red,16.2,8,8.00335,Pyke,8258.0,7642.0,MID_LANE
EUW1_7696432886,100,blue,16.2,7,7.002966666666667,Alistar,5063.0,1894.0,BLUE_BOT_JUNGLE
EUW1_7696432886,100,blue,16.2,11,11.0044,Alistar,1771.0,9459.0,BLUE_TOP_JUNGLE
EUW1_7696434115,100,blue,16.2,10,10.003516666666666,Braum,3985.0,3455.0,BLUE_BOT_JUNGLE
EUW1_7696434115,100,blue,16.2,11,11.003833333333333,Braum,10395.0,7787.0,RED_BOT_JUNGLE
EUW1_7696434115,200,red,16.2,8,8.002583333333334,Ivern,10742.0,6138.0,RED_BOT_JUNGLE
EUW1_7696434115,200,red,16.2,11,11.003833333333333,Ivern,4942.0,8829.0,RIVER_TOP
EUW1_7696434145,100,blue,16.2,6,6.003316666666667,Lulu,8585.0,4679.0,BLUE_BOT_JUNGLE
EUW1_7696434145,200,red,16.2,6,6.003316666666667,Sona,8062.0,5077.0,BLUE_BOT_JUNGLE
EUW1_7696434449,100,blue,16.2,11,11.004316666666666,Alistar,12289.0,7579.0,RED_BOT_JUNGLE
EUW1_7696434449,200,red,16.2,11,11.004316666666666,Yuumi,12517.0,7447.0,RED_BOT_JUNGLE
EUW1_7696434915,100,blue,16.2,7,7.003433333333334,Nami,7292.0,6383.0,MID_LANE
EUW1_7696434915,100,blue,16.2,9,9.003983333333334,Nami,6193.0,6192.0,MID_LANE
EUW1_7696435204,100,blue,16.2,8,8.0026,Nami,8650.0,5334.0,BLUE_BOT_JUNGLE
EUW1_7696435639,100,blue,16.2,11,11.00495,Morgana,8625.0,4523.0,BLUE_BOT_JUNGLE
EUW1_7696435824,100,blue,16.2,7,7.0031,Thresh,4266.0,3753.0,BLUE_BOT_JUNGLE
EUW1_7696435824,200,red,16.2,5,5.002366666666667,Blitzcrank,6270.0,8913.0,RIVER_TOP
EUW1_7696435824,200,red,16.2,7,7.0031,Blitzcrank,10088.0,7583.0,RED_BOT_JUNGLE
EUW1_7696436627,100,blue,16.2,7,7.003416666666666,Karma,7360.0,6189.0,MID_LANE
EUW1_7696436627,100,blue,16.2,8,8.00395,Karma,6612.0,4587.0,BLUE_BOT_JUNGLE
EUW1_7696437374,100,blue,16.2,8,8.0025,Nautilus,4775.0,4311.0,BLUE_BOT_JUNGLE
EUW1_7696437374,100,blue,16.2,10,10.002933333333333,Nautilus,7996.0,8145.0,MID_LANE
EUW1_7696437484,200,red,16.2,5,5.00285,Nami,12076.0,10478.0,RED_BOT_JUNGLE
EUW1_7696438099,100,blue,16.2,8,8.004066666666667,Alistar,4707.0,4397.0,BLUE_BOT_JUNGLE
EUW1_7696438099,200,red,16.2,8,8.004066666666667,Poppy,4665.0,8449.0,BLUE_TOP_JUNGLE
EUW1_7696438099,200,red,16.2,9,9.004566666666667,Poppy,8645.0,8376.0,MID_LANE
EUW1_7696438099,200,red,16.2,11,11.005166666666666,Poppy,1620.0,12812.0,TOP_LANE_CORE
EUW1_7696438169,100,blue,16.2,5,5.0010666666666665,Nautilus,11484.0,6359.0,RED_BOT_JUNGLE
EUW1_7696438169,100,blue,16.2,7,7.002783333333333,Nautilus,8192.0,7506.0,MID_LANE
EUW1_7696438169,100,blue,16.2,11,11.00445,Nautilus,2961.0,8325.0,TOP_SIDE_NEAR
EUW1_7696438169,200,red,16.2,9,9.0035,Thresh,9302.0,7795.0,RED_BOT_JUNGLE
EUW1_7696438169,200,red,16.2,11,11.00445,Thresh,9838.0,7478.0,RED_BOT_JUNGLE
EUW1_7696438547,200,red,16.2,11,11.004066666666667,Lulu,9914.0,9294.0,RED_BOT_JUNGLE
EUW1_7696438606,100,blue,16.2,5,5.0030833333333335,Janna,5785.0,4936.0,BLUE_BOT_JUNGLE
EUW1_7696438606,100,blue,16.2,8,8.00375,Janna,6074.0,5804.0,MID_LANE
EUW1_7696438606,100,blue,16.2,9,9.003766666666667,Janna,8645.0,4004.0,BLUE_BOT_JUNGLE
EUW1_7696438606,200,red,16.2,8,8.00375,Karma,10153.0,13654.0,TOP_LANE_CORE
EUW1_7696438606,200,red,16.2,9,9.003766666666667,Karma,7516.0,4760.0,BLUE_BOT_JUNGLE
EUW1_7696438652,200,red,16.2,5,5.0026,Bard,7466.0,6835.0,MID_LANE
EUW1_7696438652,200,red,16.2,8,8.003583333333333,Bard,9861.0,10436.0,RED_TOP_JUNGLE
EUW1_7696438652,200,red,16.2,9,9.00365,Bard,6741.0,7288.0,MID_LANE
EUW1_7696440801,100,blue,16.2,8,8.003616666666666,Taric,6520.0,8656.0,RIVER_TOP
EUW1_7696440801,200,red,16.2,11,11.0043,Neeko,11214.0,11591.0,RED_TOP_JUNGLE
EUW1_7696441174,200,red,16.2,10,10.002133333333333,Rell,4634.0,7504.0,BLUE_TOP_JUNGLE
EUW1_7696441459,100,blue,16.2,6,6.003666666666667,Alistar,6287.0,10083.0,RED_TOP_JUNGLE
EUW1_7696441459,100,blue,16.2,7,7.004183333333334,Alistar,6257.0,4390.0,BLUE_BOT_JUNGLE
EUW1_7696441459,100,blue,16.2,11,11.004883333333334,Alistar,3507.0,4127.0,BLUE_TOP_JUNGLE
EUW1_7696441459,200,red,16.2,8,8.004416666666666,Leona,3969.0,9424.0,TOP_SIDE_NEAR
EUW1_7696441459,200,red,16.2,9,9.004483333333333,Leona,12158.0,8998.0,RED_BOT_JUNGLE
EUW1_7696441459,200,red,16.2,11,11.004883333333334,Leona,6062.0,6947.0,MID_LANE
EUW1_7696441719,100,blue,16.2,5,5.0027,Nami,7752.0,2364.0,BLUE_BOT_JUNGLE
EUW1_7696441719,200,red,16.2,5,5.0027,Janna,6940.0,7363.0,MID_LANE
EUW1_7696441719,200,red,16.2,8,8.003166666666667,Janna,3242.0,10937.0,TOP_SIDE_NEAR
EUW1_7696441719,200,red,16.2,11,11.004016666666667,Janna,6337.0,6690.0,MID_LANE
EUW1_7696441983,100,blue,16.2,6,6.003983333333333,Alistar,3711.0,2499.0,BLUE_BOT_JUNGLE
EUW1_7696441983,100,blue,16.2,9,9.005316666666667,Alistar,5119.0,10652.0,BARON_GRUBS_HERALD_AREA
EUW1_7696441983,200,red,16.2,10,10.005533333333334,Sona,11478.0,6658.0,RED_BOT_JUNGLE
EUW1_7696442133,100,blue,16.2,9,9.00365,Rakan,4483.0,7785.0,BLUE_TOP_JUNGLE
EUW1_7696442133,200,red,16.2,11,11.003883333333333,Braum,2605.0,11896.0,TOP_SIDE_NEAR
EUW1_7696442165,100,blue,16.2,8,8.003533333333333,Alistar,5323.0,3383.0,BLUE_BOT_JUNGLE
EUW1_7696442165,100,blue,16.2,10,10.004266666666666,Alistar,12491.0,6295.0,RED_BOT_JUNGLE
EUW1_7696442365,100,blue,16.2,8,8.003516666666666,Lulu,4929.0,8795.0,RIVER_TOP
EUW1_7696442365,100,blue,16.2,11,11.004366666666666,Lulu,7256.0,6684.0,MID_LANE
EUW1_7696442365,200,red,16.2,9,9.0038,Nautilus,6006.0,11026.0,TOP_SIDE_NEAR
EUW1_7696442365,200,red,16.2,11,11.004366666666666,Nautilus,7553.0,8624.0,MID_LANE
EUW1_7696442399,100,blue,16.2,7,7.003033333333334,Senna,2812.0,8323.0,TOP_SIDE_NEAR
EUW1_7696442399,100,blue,16.2,10,10.004066666666667,Senna,8600.0,4610.0,BLUE_BOT_JUNGLE
EUW1_7696443653,200,red,16.2,8,8.004133333333334,Alistar,9973.0,8770.0,MID_LANE
EUW1_7696443653,200,red,16.2,10,10.004416666666666,Alistar,6358.0,9096.0,RIVER_TOP
EUW1_7696444704,100,blue,16.2,9,9.003433333333334,Karma,8174.0,7590.0,MID_LANE
EUW1_7696444704,100,blue,16.2,11,11.004066666666667,Karma,1348.0,7247.0,TOP_LANE_CORE
EUW1_7696445045,100,blue,16.2,6,6.0019,Janna,4914.0,8888.0,TOP_SIDE_NEAR
EUW1_7696445045,100,blue,16.2,9,9.005116666666666,Janna,11170.0,6297.0,RED_BOT_JUNGLE
EUW1_7696445045,100,blue,16.2,10,10.005533333333334,Janna,7135.0,6968.0,MID_LANE
EUW1_7696445045,200,red,16.2,6,6.0019,Neeko,10039.0,9427.0,RED_BOT_JUNGLE
EUW1_7696445045,200,red,16.2,8,8.004566666666667,Neeko,11461.0,9823.0,RED_BOT_JUNGLE
EUW1_7696445045,200,red,16.2,9,9.005116666666666,Neeko,11440.0,6931.0,RED_BOT_JUNGLE
EUW1_7696445045,200,red,16.2,10,10.005533333333334,Neeko,7622.0,8311.0,MID_LANE
EUW1_7696445259,100,blue,16.2,7,7.005133333333333,FiddleSticks,4769.0,2753.0,BLUE_BOT_JUNGLE
EUW1_7696445259,100,blue,16.2,10,10.00565,FiddleSticks,8626.0,4722.0,BLUE_BOT_JUNGLE
EUW1_7696445259,200,red,16.2,5,5.004566666666666,Soraka,9957.0,8632.0,RED_BOT_JUNGLE
EUW1_7696445259,200,red,16.2,10,10.00565,Soraka,10948.0,7487.0,RED_BOT_JUNGLE
EUW1_7696445327,100,blue,16.2,6,6.003733333333333,Zilean,5191.0,11508.0,TOP_SIDE_NEAR
EUW1_7696445327,100,blue,16.2,10,10.004533333333333,Zilean,5584.0,9438.0,TOP_SIDE_NEAR
EUW1_7696447795,200,red,16.2,7,7.001533333333334,Bard,12072.0,6960.0,RED_BOT_JUNGLE
EUW1_7696447795,200,red,16.2,11,11.002033333333333,Bard,9755.0,9172.0,RED_BOT_JUNGLE
EUW1_7696447934,200,red,16.2,6,6.002916666666667,Pyke,9940.0,7647.0,RED_BOT_JUNGLE
EUW1_7696447934,200,red,16.2,11,11.004716666666667,Pyke,4317.0,11651.0,TOP_SIDE_NEAR
EUW1_7696448262,100,blue,16.2,7,7.003833333333334,Bard,8152.0,2296.0,BLUE_BOT_JUNGLE
EUW1_7696448262,200,red,16.2,6,6.003316666666667,Nautilus,12025.0,7702.0,RED_BOT_JUNGLE
EUW1_7696449520,100,blue,16.2,5,5.0030166666666664,Swain,6888.0,6818.0,MID_LANE
EUW1_7696449520,200,red,16.2,8,8.003833333333333,Elise,9878.0,11908.0,RED_TOP_JUNGLE
EUW1_7696449520,200,red,16.2,9,9.004,Elise,11953.0,7640.0,RED_BOT_JUNGLE
EUW1_7696449520,200,red,16.2,11,11.004333333333333,Elise,7711.0,5930.0,BLUE_BOT_JUNGLE
EUW1_7696450204,100,blue,16.2,7,7.00305,Lulu,7128.0,6827.0,MID_LANE
EUW1_7696450204,100,blue,16.2,10,10.0039,Lulu,6091.0,4698.0,BLUE_BOT_JUNGLE
EUW1_7696450291,200,red,16.2,9,9.0039,Nami,8171.0,6713.0,RED_BOT_JUNGLE
EUW1_7696450867,100,blue,16.2,10,10.0049,Nautilus,6901.0,6589.0,MID_LANE
EUW1_7696450867,100,blue,16.2,11,11.005116666666666,Nautilus,5481.0,4956.0,BLUE_BOT_JUNGLE
EUW1_7696450867,200,red,16.2,9,9.004866666666667,Bard,11743.0,11434.0,RED_BOT_JUNGLE
EUW1_7696450867,200,red,16.2,10,10.0049,Bard,9539.0,8320.0,MID_LANE
EUW1_7696450879,100,blue,16.2,7,7.003066666666666,Sona,6318.0,8434.0,RIVER_TOP
EUW1_7696450879,100,blue,16.2,10,10.004116666666667,Sona,6350.0,6635.0,MID_LANE
EUW1_7696450879,100,blue,16.2,11,11.004616666666667,Sona,8843.0,7928.0,MID_LANE
EUW1_7696451256,100,blue,16.2,8,8.002283333333333,Nautilus,3085.0,3493.0,BLUE_TOP_JUNGLE
EUW1_7696451509,100,blue,16.2,7,7.003133333333333,Taric,7051.0,3134.0,BLUE_BOT_JUNGLE
EUW1_7696451509,100,blue,16.2,9,9.00335,Taric,5627.0,5133.0,BLUE_BOT_JUNGLE
EUW1_7696451509,200,red,16.2,7,7.003133333333333,Nautilus,6769.0,3918.0,BLUE_BOT_JUNGLE
EUW1_7696451509,200,red,16.2,11,11.004,Nautilus,11158.0,10893.0,RED_BOT_JUNGLE
EUW1_7696451864,100,blue,16.2,8,8.003633333333333,Leblanc,3243.0,11330.0,TOP_SIDE_NEAR
EUW1_7696451864,200,red,16.2,8,8.003633333333333,Senna,10812.0,10323.0,RED_BOT_JUNGLE
EUW1_7696452546,100,blue,16.2,9,9.002416666666667,Karma,7260.0,7006.0,MID_LANE
EUW1_7696452546,200,red,16.2,9,9.002416666666667,Alistar,3395.0,11338.0,TOP_SIDE_NEAR
EUW1_7696452546,200,red,16.2,10,10.00285,Alistar,11282.0,6223.0,RED_BOT_JUNGLE
EUW1_7696453524,100,blue,16.2,6,6.003933333333333,Nami,5424.0,5115.0,BLUE_BOT_JUNGLE
EUW1_7696453524,200,red,16.2,6,6.003933333333333,Bard,9542.0,7599.0,RED_BOT_JUNGLE
EUW1_7696453524,200,red,16.2,8,8.0041,Bard,10499.0,10248.0,RED_BOT_JUNGLE
EUW1_7696453524,200,red,16.2,10,10.004516666666667,Bard,6412.0,8450.0,RIVER_TOP
EUW1_7696453569,200,red,16.2,8,8.0043,Lulu,9413.0,8031.0,RED_BOT_JUNGLE
EUW1_7696453569,200,red,16.2,11,11.005066666666666,Lulu,7807.0,7656.0,MID_LANE
EUW1_7696453618,100,blue,16.2,5,5.003033333333334,Karma,8542.0,7140.0,MID_LANE
EUW1_7696453618,100,blue,16.2,11,11.004683333333332,Karma,4113.0,7410.0,BLUE_TOP_JUNGLE
EUW1_7696453618,200,red,16.2,7,7.003516666666667,Nautilus,4030.0,11543.0,TOP_SIDE_NEAR
EUW1_7696453618,200,red,16.2,8,8.003983333333334,Nautilus,8390.0,8016.0,MID_LANE
EUW1_7696453618,200,red,16.2,11,11.004683333333332,Nautilus,5974.0,11051.0,TOP_SIDE_NEAR
EUW1_7696454531,100,blue,16.2,8,8.003333333333334,Pyke,3369.0,9213.0,TOP_SIDE_NEAR
EUW1_7696454531,100,blue,16.2,9,9.003833333333333,Pyke,2856.0,9847.0,TOP_SIDE_NEAR
EUW1_7696454531,100,blue,16.2,10,10.00385,Pyke,5089.0,8965.0,RIVER_TOP
EUW1_7696454531,200,red,16.2,5,5.002683333333334,Bard,10976.0,11581.0,RED_TOP_JUNGLE
EUW1_7696454531,200,red,16.2,8,8.003333333333334,Bard,6628.0,9497.0,RED_TOP_JUNGLE
EUW1_7696454531,200,red,16.2,9,9.003833333333333,Bard,3213.0,10977.0,TOP_SIDE_NEAR
EUW1_7696454531,200,red,16.2,10,10.00385,Bard,5519.0,8601.0,RIVER_TOP
EUW1_7696454531,200,red,16.2,11,11.00415,Bard,7767.0,7674.0,MID_LANE
EUW1_7696455037,100,blue,16.2,8,8.00395,Senna,5646.0,8200.0,RIVER_TOP
EUW1_7696455037,100,blue,16.2,11,11.00495,Senna,6004.0,6402.0,MID_LANE
EUW1_7696455923,100,blue,16.2,11,11.002283333333333,Nautilus,3439.0,11056.0,TOP_SIDE_NEAR
EUW1_7696455923,200,red,16.2,11,11.002283333333333,Zilean,3526.0,11848.0,TOP_SIDE_NEAR
EUW1_7696456186,100,blue,16.2,10,10.004383333333333,Karma,8068.0,7083.0,MID_LANE
EUW1_7696456186,200,red,16.2,9,9.004266666666666,Soraka,8090.0,6905.0,MID_LANE
EUW1_7696456186,200,red,16.2,10,10.004383333333333,Soraka,4930.0,12252.0,TOP_SIDE_NEAR
EUW1_7696456538,200,red,16.2,10,10.004333333333333,Pyke,10813.0,6417.0,RED_BOT_JUNGLE
EUW1_7696457488,100,blue,16.2,8,8.003366666666667,Bard,6088.0,5019.0,BLUE_BOT_JUNGLE
EUW1_7696457488,100,blue,16.2,9,9.003683333333333,Bard,7506.0,6990.0,MID_LANE
EUW1_7696457488,100,blue,16.2,10,10.003833333333333,Bard,7951.0,5304.0,BLUE_BOT_JUNGLE
EUW1_7696457488,200,red,16.2,8,8.003366666666667,Rakan,4957.0,9105.0,TOP_SIDE_NEAR
EUW1_7696457598,200,red,16.2,11,11.0043,Veigar,5098.0,11432.0,TOP_SIDE_NEAR
EUW1_7696457759,100,blue,16.2,7,7.003666666666667,Pyke,6120.0,5801.0,MID_LANE
EUW1_7696457759,100,blue,16.2,11,11.004516666666667,Pyke,7167.0,8150.0,MID_LANE
EUW1_7696457759,200,red,16.2,5,5.002966666666667,Bard,7083.0,6394.0,MID_LANE
EUW1_7696457759,200,red,16.2,11,11.004516666666667,Bard,10342.0,9879.0,RED_BOT_JUNGLE
EUW1_7696457952,100,blue,16.2,9,9.004033333333334,Bard,4358.0,9367.0,TOP_SIDE_NEAR
EUW1_7696457952,100,blue,16.2,11,11.004866666666667,Bard,6691.0,4735.0,BLUE_BOT_JUNGLE
EUW1_7696457952,200,red,16.2,8,8.003533333333333,Sona,7358.0,5875.0,BLUE_BOT_JUNGLE
EUW1_7696457952,200,red,16.2,9,9.004033333333334,Sona,3750.0,10213.0,TOP_SIDE_NEAR
EUW1_7696457982,100,blue,16.2,8,8.0037,Sona,6479.0,6376.0,MID_LANE
EUW1_7696457982,100,blue,16.2,11,11.004666666666667,Sona,1785.0,9806.0,BLUE_TOP_JUNGLE
EUW1_7696457982,200,red,16.2,8,8.0037,Nautilus,12882.0,9390.0,RED_BOT_JUNGLE
EUW1_7696459562,200,red,16.2,8,8.0036,Nidalee,8198.0,5085.0,BLUE_BOT_JUNGLE
EUW1_7696459562,200,red,16.2,11,11.005016666666666,Nidalee,6390.0,8551.0,RIVER_TOP
EUW1_7696461119,100,blue,16.2,8,8.002816666666666,Neeko,4731.0,7394.0,BLUE_TOP_JUNGLE
EUW1_7696461119,100,blue,16.2,9,9.0034,Neeko,4733.0,7199.0,BLUE_TOP_JUNGLE
EUW1_7696461119,100,blue,16.2,11,11.004133333333334,Neeko,6464.0,6851.0,MID_LANE
EUW1_7696461119,200,red,16.2,7,7.0028,Alistar,8011.0,7745.0,MID_LANE
EUW1_7696461119,200,red,16.2,8,8.002816666666666,Alistar,7016.0,7033.0,MID_LANE
EUW1_7696461119,200,red,16.2,9,9.0034,Alistar,5095.0,9643.0,TOP_SIDE_NEAR
EUW1_7696461172,100,blue,16.2,8,8.004283333333333,Nautilus,7931.0,7974.0,MID_LANE
EUW1_7696461172,100,blue,16.2,9,9.004733333333334,Nautilus,5702.0,3768.0,BLUE_BOT_JUNGLE
EUW1_7696461172,200,red,16.2,7,7.00375,Pantheon,6267.0,8369.0,RIVER_TOP
EUW1_7696461172,200,red,16.2,9,9.004733333333334,Pantheon,6804.0,6628.0,MID_LANE
EUW1_7696461477,200,red,16.2,8,8.00325,Sona,3088.0,11137.0,TOP_SIDE_NEAR
EUW1_7696462270,200,red,16.2,9,9.003883333333333,Thresh,12764.0,6105.0,RED_BOT_JUNGLE
EUW1_7696462375,100,blue,16.2,10,10.001533333333333,Alistar,7051.0,7133.0,MID_LANE
EUW1_7696463452,100,blue,16.2,5,5.0011,Janna,4500.0,5246.0,BLUE_TOP_JUNGLE
EUW1_7696464299,100,blue,16.2,11,11.004666666666667,Leona,5062.0,4559.0,BLUE_BOT_JUNGLE
EUW1_7696464299,200,red,16.2,7,7.003266666666667,Rakan,4743.0,8256.0,BLUE_TOP_JUNGLE
EUW1_7696464598,100,blue,16.2,6,6.001483333333334,Sylas,13010.0,5809.0,RED_BOT_JUNGLE
EUW1_7696464598,100,blue,16.2,9,9.003883333333333,Sylas,5099.0,4650.0,BLUE_BOT_JUNGLE
EUW1_7696464598,100,blue,16.2,11,11.004533333333333,Sylas,12633.0,6602.0,RED_BOT_JUNGLE
EUW1_7696465449,100,blue,16.2,8,8.001633333333332,Lulu,8348.0,4952.0,BLUE_BOT_JUNGLE
EUW1_7696465449,200,red,16.2,7,7.001316666666667,Blitzcrank,8552.0,8091.0,MID_LANE
EUW1_7696465449,200,red,16.2,10,10.003466666666666,Blitzcrank,8670.0,10496.0,RED_TOP_JUNGLE
EUW1_7696465449,200,red,16.2,11,11.003666666666666,Blitzcrank,12030.0,6496.0,RED_BOT_JUNGLE
EUW1_7696465536,100,blue,16.2,6,6.0030166666666664,Bard,11383.0,6174.0,RED_BOT_JUNGLE
EUW1_7696465562,200,red,16.2,5,5.003216666666667,Ivern,8280.0,7630.0,MID_LANE
EUW1_7696465562,200,red,16.2,11,11.005566666666667,Ivern,7550.0,7097.0,MID_LANE
EUW1_7696465774,100,blue,16.2,9,9.00275,Senna,5827.0,6560.0,MID_LANE
EUW1_7696465774,200,red,16.2,8,8.002716666666666,Janna,10551.0,9992.0,RED_BOT_JUNGLE
EUW1_7696465797,100,blue,16.2,9,9.0042,Nami,3777.0,10566.0,TOP_SIDE_NEAR
EUW1_7696465797,200,red,16.2,7,7.003833333333334,Renata,6270.0,6942.0,MID_LANE
EUW1_7696465797,200,red,16.2,8,8.004,Renata,5017.0,7549.0,BLUE_TOP_JUNGLE
EUW1_7696465797,200,red,16.2,9,9.0042,Renata,3530.0,13783.0,TOP_LANE_CORE
EUW1_7696465797,200,red,16.2,10,10.00465,Renata,2061.0,12343.0,TOP_LANE_CORE
EUW1_7696465797,200,red,16.2,11,11.004933333333334,Renata,6751.0,6855.0,MID_LANE
EUW1_7696466474,100,blue,16.2,10,10.00455,Anivia,8292.0,5413.0,BLUE_BOT_JUNGLE
EUW1_7696466670,100,blue,16.2,8,8.0015,Karma,6565.0,8160.0,BLUE_TOP_JUNGLE
EUW1_7696466670,100,blue,16.2,11,11.0039,Karma,8656.0,5357.0,BLUE_BOT_JUNGLE
EUW1_7696466845,200,red,16.2,10,10.004833333333334,Karma,8419.0,8193.0,MID_LANE
EUW1_7696466845,200,red,16.2,11,11.005316666666667,Karma,7209.0,7042.0,MID_LANE
EUW1_7696467097,100,blue,16.2,8,8.0038,Rakan,6306.0,6059.0,MID_LANE
EUW1_7696467549,100,blue,16.2,5,5.0030833333333335,Sona,7348.0,6310.0,MID_LANE
EUW1_7696467549,100,blue,16.2,10,10.004833333333334,Sona,6337.0,8594.0,RIVER_TOP
EUW1_7696467549,100,blue,16.2,11,11.004833333333334,Sona,7449.0,4901.0,BLUE_BOT_JUNGLE
EUW1_7696467549,200,red,16.2,5,5.0030833333333335,Nami,10704.0,10159.0,RED_BOT_JUNGLE
EUW1_7696468849,100,blue,16.2,9,9.00435,Sylas,5361.0,5344.0,BLUE_BOT_JUNGLE
EUW1_7696468849,100,blue,16.2,10,10.00475,Sylas,4550.0,11877.0,TOP_SIDE_NEAR
EUW1_7696468849,200,red,16.2,9,9.00435,Senna,8030.0,8025.0,MID_LANE
EUW1_7696468849,200,red,16.2,10,10.00475,Senna,5209.0,12632.0,TOP_SIDE_NEAR
EUW1_7696468849,200,red,16.2,11,11.00495,Senna,6879.0,6505.0,MID_LANE
EUW1_7696468991,100,blue,16.2,9,9.004333333333333,Nautilus,7119.0,6575.0,MID_LANE
EUW1_7696469276,100,blue,16.2,11,11.0051,Yuumi,4693.0,5899.0,BLUE_TOP_JUNGLE
EUW1_7696469276,200,red,16.2,7,7.003433333333334,Soraka,3854.0,8583.0,TOP_SIDE_NEAR
EUW1_7696469276,200,red,16.2,8,8.003966666666667,Soraka,7970.0,7765.0,MID_LANE
EUW1_7696469327,100,blue,16.2,5,5.002833333333333,Pyke,8456.0,7675.0,MID_LANE
EUW1_7696469327,100,blue,16.2,9,9.004,Pyke,6360.0,7094.0,MID_LANE
EUW1_7696469327,200,red,16.2,5,5.002833333333333,Alistar,10103.0,10650.0,RED_TOP_JUNGLE
EUW1_7696469327,200,red,16.2,6,6.0029,Alistar,2210.0,9692.0,TOP_SIDE_NEAR
EUW1_7696469327,200,red,16.2,7,7.00325,Alistar,8882.0,7985.0,MID_LANE
EUW1_7696469327,200,red,16.2,8,8.00365,Alistar,3290.0,11391.0,TOP_SIDE_NEAR
EUW1_7696469327,200,red,16.2,9,9.004,Alistar,6318.0,8526.0,RIVER_TOP
EUW1_7696469327,200,red,16.2,10,10.004416666666666,Alistar,6398.0,8530.0,RIVER_TOP
EUW1_7696470654,100,blue,16.2,5,5.003216666666667,Alistar,7831.0,5229.0,BLUE_BOT_JUNGLE
EUW1_7696470654,200,red,16.2,5,5.003216666666667,FiddleSticks,12249.0,11420.0,RED_BOT_JUNGLE
EUW1_7696470654,200,red,16.2,8,8.004616666666667,FiddleSticks,12077.0,8680.0,RED_BOT_JUNGLE
EUW1_7696470863,100,blue,16.2,6,6.002916666666667,Galio,7430.0,5001.0,BLUE_BOT_JUNGLE
EUW1_7696470863,100,blue,16.2,8,8.0035,Galio,6591.0,8628.0,RIVER_TOP
EUW1_7696470863,200,red,16.2,8,8.0035,Bard,7251.0,7976.0,MID_LANE
EUW1_7696471331,200,red,16.2,11,11.004433333333333,Lulu,10322.0,6470.0,RED_BOT_JUNGLE
EUW1_7696471655,100,blue,16.2,8,8.003733333333333,Lulu,7448.0,5892.0,BLUE_BOT_JUNGLE
EUW1_7696471655,200,red,16.2,11,11.004133333333334,Karma,6345.0,9512.0,RED_TOP_JUNGLE
EUW1_7696472024,100,blue,16.2,10,10.004566666666667,Brand,2737.0,4976.0,BLUE_TOP_JUNGLE
EUW1_7696472024,100,blue,16.2,11,11.00465,Brand,4102.0,11635.0,TOP_SIDE_NEAR
EUW1_7696472024,200,red,16.2,10,10.004566666666667,Thresh,4259.0,9634.0,TOP_SIDE_NEAR
EUW1_7696472024,200,red,16.2,11,11.00465,Thresh,8078.0,8733.0,MID_LANE
EUW1_7696472230,100,blue,16.2,7,7.003666666666667,Nami,6235.0,3585.0,BLUE_BOT_JUNGLE
EUW1_7696472230,200,red,16.2,11,11.00475,Thresh,6585.0,4717.0,BLUE_BOT_JUNGLE
EUW1_7696473742,100,blue,16.2,8,8.003216666666667,Thresh,5064.0,7806.0,BLUE_TOP_JUNGLE
EUW1_7696473742,100,blue,16.2,9,9.003533333333333,Thresh,8138.0,2173.0,BLUE_BOT_JUNGLE
EUW1_7696473742,200,red,16.2,6,6.002966666666667,Braum,10969.0,10511.0,RED_BOT_JUNGLE
EUW1_7696473742,200,red,16.2,8,8.003216666666667,Braum,5052.0,8691.0,RIVER_TOP
EUW1_7696473742,200,red,16.2,11,11.004033333333334,Braum,11603.0,7167.0,RED_BOT_JUNGLE
EUW1_7696474367,100,blue,16.2,8,8.004533333333333,Yuumi,3839.0,4488.0,BLUE_TOP_JUNGLE
EUW1_7696474367,100,blue,16.2,9,9.004583333333333,Yuumi,4101.0,10064.0,TOP_SIDE_NEAR
EUW1_7696474367,200,red,16.2,8,8.004533333333333,Zilean,7878.0,7993.0,MID_LANE
EUW1_7696474367,200,red,16.2,9,9.004583333333333,Zilean,3241.0,11385.0,TOP_SIDE_NEAR
EUW1_7696474367,200,red,16.2,10,10.004883333333334,Zilean,8205.0,5354.0,BLUE_BOT_JUNGLE
EUW1_7696474599,200,red,16.2,11,11.004566666666667,Blitzcrank,5591.0,8240.0,RIVER_TOP
EUW1_7696475265,100,blue,16.2,9,9.003133333333333,Thresh,6439.0,6414.0,MID_LANE
EUW1_7696475305,100,blue,16.2,10,10.0044,Lulu,6018.0,9046.0,RIVER_TOP
EUW1_7696475305,200,red,16.2,10,10.0044,Nami,6544.0,8746.0,RIVER_TOP
EUW1_7696475305,200,red,16.2,11,11.00485,Nami,12382.0,11601.0,RED_BOT_JUNGLE
EUW1_7696475552,100,blue,16.2,10,10.003833333333333,Blitzcrank,5486.0,5036.0,BLUE_BOT_JUNGLE
EUW1_7696475552,200,red,16.2,8,8.00345,Alistar,7586.0,8017.0,MID_LANE
EUW1_7696475552,200,red,16.2,10,10.003833333333333,Alistar,8213.0,7549.0,MID_LANE
EUW1_7696475830,200,red,16.2,11,11.004516666666667,Braum,9965.0,7448.0,RED_BOT_JUNGLE
EUW1_7696477616,100,blue,16.2,5,5.0011833333333335,Alistar,4138.0,3962.0,BLUE_BOT_JUNGLE
EUW1_7696477955,100,blue,16.2,7,7.002933333333333,Karma,7935.0,5554.0,BLUE_BOT_JUNGLE
EUW1_7696477955,100,blue,16.2,10,10.00355,Karma,7734.0,6680.0,MID_LANE
EUW1_7696477955,200,red,16.2,10,10.00355,Zilean,7951.0,7514.0,MID_LANE
EUW1_7696479072,200,red,16.2,7,7.004,Rakan,8634.0,5162.0,BLUE_BOT_JUNGLE
EUW1_7696479072,200,red,16.2,9,9.004833333333334,Rakan,3866.0,11614.0,TOP_SIDE_NEAR
EUW1_7696479072,200,red,16.2,10,10.0052,Rakan,10460.0,6395.0,RED_BOT_JUNGLE
EUW1_7696480266,100,blue,16.2,8,8.003933333333332,Galio,6896.0,8986.0,RED_TOP_JUNGLE
EUW1_7696480266,100,blue,16.2,11,11.004666666666667,Galio,5977.0,4070.0,BLUE_BOT_JUNGLE
EUW1_7696480266,200,red,16.2,9,9.004116666666667,Rakan,3189.0,11006.0,TOP_SIDE_NEAR
EUW1_7696482797,100,blue,16.2,5,5.0030166666666664,Thresh,7472.0,6258.0,MID_LANE
EUW1_7696482797,100,blue,16.2,9,9.0044,Thresh,7386.0,7759.0,MID_LANE
EUW1_7696483941,200,red,16.2,10,10.004083333333334,Seraphine,9690.0,9630.0,RED_TOP_JUNGLE
EUW1_7696483973,100,blue,16.2,5,5.001083333333334,Sona,5896.0,3962.0,BLUE_BOT_JUNGLE
EUW1_7696483973,100,blue,16.2,6,6.001433333333333,Sona,8171.0,7643.0,MID_LANE
EUW1_7696483973,100,blue,16.2,7,7.00145,Sona,2610.0,3939.0,BLUE_TOP_JUNGLE
EUW1_7696483973,100,blue,16.2,10,10.0039,Sona,6650.0,7547.0,MID_LANE
EUW1_7696484521,200,red,16.2,7,7.0018,Sona,6595.0,9327.0,RED_TOP_JUNGLE
EUW1_7696484824,100,blue,16.2,6,6.00135,Nami,8426.0,4984.0,BLUE_BOT_JUNGLE
EUW1_7696484824,200,red,16.2,9,9.004366666666666,Milio,7890.0,5335.0,BLUE_BOT_JUNGLE
EUW1_7696485130,100,blue,16.2,10,10.003566666666666,Soraka,4111.0,9692.0,TOP_SIDE_NEAR
EUW1_7696485477,100,blue,16.2,7,7.003616666666667,Braum,7505.0,6171.0,BLUE_BOT_JUNGLE
EUW1_7696485495,100,blue,16.2,5,5.00295,Pyke,1314.0,10848.0,TOP_LANE_CORE
EUW1_7696485495,100,blue,16.2,9,9.004083333333334,Pyke,8552.0,7779.0,MID_LANE
EUW1_7696485932,100,blue,16.2,5,5.001033333333333,Leona,7415.0,6297.0,MID_LANE
EUW1_7696485932,100,blue,16.2,7,7.002866666666667,Leona,6855.0,7352.0,MID_LANE
EUW1_7696485932,200,red,16.2,5,5.001033333333333,Blitzcrank,12012.0,7176.0,RED_BOT_JUNGLE
EUW1_7696486553,200,red,16.2,5,5.002833333333333,Nautilus,11016.0,10572.0,RED_BOT_JUNGLE
EUW1_7696486553,200,red,16.2,8,8.003383333333334,Nautilus,1660.0,12468.0,TOP_LANE_CORE
EUW1_7696486836,100,blue,16.2,6,6.003133333333333,Rakan,6205.0,3483.0,BLUE_BOT_JUNGLE
EUW1_7696486836,100,blue,16.2,7,7.00335,Rakan,8664.0,5163.0,BLUE_BOT_JUNGLE
EUW1_7696487339,100,blue,16.2,10,10.004683333333332,Thresh,7536.0,7444.0,MID_LANE
EUW1_7696487339,200,red,16.2,11,11.004766666666667,Janna,12521.0,6219.0,RED_BOT_JUNGLE
EUW1_7696488049,200,red,16.2,9,9.004033333333334,Braum,7216.0,6327.0,MID_LANE
EUW1_7696488198,100,blue,16.2,6,6.003066666666666,Nami,3384.0,11804.0,TOP_SIDE_NEAR
EUW1_7696488198,100,blue,16.2,7,7.003433333333334,Nami,8128.0,2327.0,BLUE_BOT_JUNGLE
EUW1_7696488198,100,blue,16.2,8,8.003616666666666,Nami,4787.0,7335.0,BLUE_TOP_JUNGLE
EUW1_7696488198,100,blue,16.2,9,9.003633333333333,Nami,6208.0,8803.0,RIVER_TOP
EUW1_7696488198,200,red,16.2,5,5.002766666666667,Rakan,7444.0,4771.0,BLUE_BOT_JUNGLE
EUW1_7696488198,200,red,16.2,8,8.003616666666666,Rakan,4905.0,8501.0,RIVER_TOP
EUW1_7696488198,200,red,16.2,9,9.003633333333333,Rakan,7210.0,9977.0,RED_TOP_JUNGLE
EUW1_7696488448,100,blue,16.2,9,9.0033,Pyke,3722.0,10652.0,TOP_SIDE_NEAR
EUW1_7696488448,200,red,16.2,9,9.0033,Nautilus,3194.0,9271.0,TOP_SIDE_NEAR
EUW1_7696488608,100,blue,16.2,10,10.004816666666667,Braum,4853.0,5175.0,BLUE_BOT_JUNGLE
EUW1_7696488608,100,blue,16.2,11,11.004933333333334,Braum,3368.0,11313.0,TOP_SIDE_NEAR
EUW1_7696488608,200,red,16.2,10,10.004816666666667,Neeko,7720.0,7242.0,MID_LANE
EUW1_7696490070,100,blue,16.2,7,7.0026,Blitzcrank,3286.0,12742.0,TOP_SIDE_NEAR
EUW1_7696490070,100,blue,16.2,9,9.004016666666667,Blitzcrank,6690.0,8616.0,RIVER_TOP
EUW1_7696490070,200,red,16.2,6,6.000916666666667,Bard,10356.0,7374.0,RED_BOT_JUNGLE
EUW1_7696490083,200,red,16.2,8,8.004,Nami,5430.0,8504.0,RIVER_TOP
EUW1_7696490208,100,blue,16.2,5,5.001083333333334,Bard,5784.0,5608.0,BLUE_BOT_JUNGLE
EUW1_7696490208,100,blue,16.2,6,6.001333333333333,Bard,5023.0,12970.0,TOP_SIDE_NEAR
EUW1_7696490208,100,blue,16.2,11,11.004083333333334,Bard,1623.0,8925.0,TOP_LANE_CORE
EUW1_7696490208,200,red,16.2,6,6.001333333333333,Blitzcrank,7400.0,12453.0,TOP_SIDE_NEAR
EUW1_7696490208,200,red,16.2,10,10.003816666666667,Blitzcrank,11840.0,11290.0,RED_BOT_JUNGLE
EUW1_7696490208,200,red,16.2,11,11.004083333333334,Blitzcrank,3546.0,10910.0,TOP_SIDE_NEAR
EUW1_7696490767,100,blue,16.2,8,8.003383333333334,Sona,8118.0,7416.0,MID_LANE
EUW1_7696490767,100,blue,16.2,9,9.003833333333333,Sona,1097.0,9239.0,TOP_LANE_CORE
EUW1_7696490767,100,blue,16.2,10,10.00395,Sona,5266.0,7943.0,BLUE_TOP_JUNGLE
EUW1_7696490767,200,red,16.2,5,5.002783333333333,Blitzcrank,7423.0,7098.0,MID_LANE
EUW1_7696490767,200,red,16.2,9,9.003833333333333,Blitzcrank,3319.0,9755.0,TOP_SIDE_NEAR
EUW1_7696491208,100,blue,16.2,11,11.004783333333334,Braum,3869.0,4106.0,BLUE_TOP_JUNGLE
EUW1_7696491208,200,red,16.2,10,10.004566666666667,Sona,12176.0,6731.0,RED_BOT_JUNGLE
EUW1_7696491400,100,blue,16.2,8,8.003866666666667,Alistar,5496.0,5614.0,BLUE_BOT_JUNGLE
EUW1_7696491400,200,red,16.2,8,8.003866666666667,Rakan,9984.0,7025.0,RED_BOT_JUNGLE
EUW1_7696491400,200,red,16.2,9,9.004016666666667,Rakan,7582.0,2949.0,BLUE_BOT_JUNGLE
EUW1_7696491400,200,red,16.2,10,10.004033333333334,Rakan,8841.0,9962.0,RED_TOP_JUNGLE
EUW1_7696491400,200,red,16.2,11,11.00435,Rakan,6007.0,6280.0,MID_LANE
EUW1_7696491515,200,red,16.2,8,8.003833333333333,Janna,4853.0,8422.0,BLUE_TOP_JUNGLE
EUW1_7696491515,200,red,16.2,9,9.004083333333334,Janna,6679.0,11384.0,TOP_SIDE_NEAR
EUW1_7696491832,100,blue,16.2,5,5.002633333333334,Nami,6760.0,4850.0,BLUE_BOT_JUNGLE
EUW1_7696491832,100,blue,16.2,8,8.003333333333334,Nami,7207.0,6918.0,MID_LANE
EUW1_7696491832,100,blue,16.2,9,9.003583333333333,Nami,1847.0,13037.0,TOP_LANE_CORE
EUW1_7696491832,100,blue,16.2,11,11.004516666666667,Nami,4795.0,4301.0,BLUE_BOT_JUNGLE
EUW1_7696491832,200,red,16.2,8,8.003333333333334,Janna,9328.0,7782.0,RED_BOT_JUNGLE
EUW1_7696492022,100,blue,16.2,9,9.004666666666667,AurelionSol,6663.0,7137.0,MID_LANE
EUW1_7696492022,100,blue,16.2,10,10.0051,AurelionSol,7125.0,3983.0,BLUE_BOT_JUNGLE
EUW1_7696492653,100,blue,16.2,6,6.00375,Thresh,10316.0,6394.0,RED_BOT_JUNGLE
EUW1_7696492653,100,blue,16.2,8,8.004466666666668,Thresh,4435.0,11666.0,TOP_SIDE_NEAR
EUW1_7696492653,200,red,16.2,8,8.004466666666668,Neeko,7603.0,7122.0,MID_LANE
EUW1_7696492741,200,red,16.2,8,8.001483333333333,Poppy,5064.0,9447.0,TOP_SIDE_NEAR
EUW1_7696492742,100,blue,16.2,5,5.0027,Neeko,7224.0,11956.0,TOP_SIDE_NEAR
EUW1_7696492742,100,blue,16.2,8,8.003833333333333,Neeko,5247.0,7578.0,BLUE_TOP_JUNGLE
EUW1_7696492742,100,blue,16.2,10,10.0044,Neeko,8180.0,7841.0,MID_LANE
EUW1_7696492742,200,red,16.2,9,9.004266666666666,Sona,8953.0,9672.0,RED_TOP_JUNGLE
EUW1_7696493245,200,red,16.2,7,7.003316666666667,Blitzcrank,10010.0,11987.0,RED_TOP_JUNGLE
EUW1_7696493295,200,red,16.2,8,8.003266666666667,Pyke,10961.0,12344.0,RED_TOP_JUNGLE
EUW1_7696493295,200,red,16.2,9,9.0034,Pyke,2174.0,10016.0,TOP_SIDE_NEAR
EUW1_7696493525,200,red,16.2,7,7.00345,Bard,7772.0,7333.0,MID_LANE
EUW1_7696493525,200,red,16.2,10,10.00415,Bard,5371.0,8818.0,RIVER_TOP
EUW1_7696493525,200,red,16.2,11,11.004416666666666,Bard,11872.0,11316.0,RED_BOT_JUNGLE
EUW1_7696494121,100,blue,16.2,6,6.001366666666667,Bard,5149.0,8620.0,RIVER_TOP
EUW1_7696494121,100,blue,16.2,8,8.003966666666667,Bard,5373.0,7120.0,BLUE_TOP_JUNGLE
EUW1_7696494121,100,blue,16.2,9,9.00405,Bard,8668.0,5065.0,BLUE_BOT_JUNGLE
EUW1_7696494121,100,blue,16.2,10,10.0041,Bard,2608.0,5855.0,BLUE_TOP_JUNGLE
EUW1_7696494121,200,red,16.2,6,6.001366666666667,Blitzcrank,7784.0,7057.0,MID_LANE
EUW1_7696494121,200,red,16.2,8,8.003966666666667,Blitzcrank,6391.0,8396.0,RIVER_TOP
EUW1_7696494433,100,blue,16.2,8,8.00335,Alistar,6229.0,1792.0,BLUE_BOT_JUNGLE
EUW1_7696494433,200,red,16.2,6,6.002883333333333,Rakan,7632.0,7965.0,MID_LANE
EUW1_7696494433,200,red,16.2,10,10.003983333333334,Rakan,12072.0,8162.0,RED_BOT_JUNGLE
EUW1_7696494551,100,blue,16.2,8,8.003933333333332,Rakan,4330.0,11912.0,TOP_SIDE_NEAR
EUW1_7696494551,100,blue,16.2,9,9.004283333333333,Rakan,6783.0,6216.0,MID_LANE
EUW1_7696494551,200,red,16.2,8,8.003933333333332,Braum,8501.0,10095.0,RED_TOP_JUNGLE
EUW1_7696494551,200,red,16.2,9,9.004283333333333,Braum,7151.0,7602.0,MID_LANE
EUW1_7696494706,200,red,16.2,10,10.0018,Bard,4960.0,12656.0,TOP_SIDE_NEAR
EUW1_7696494721,100,blue,16.2,5,5.0033,Rakan,6463.0,7133.0,MID_LANE
EUW1_7696494721,100,blue,16.2,10,10.004533333333333,Rakan,8336.0,7497.0,MID_LANE
EUW1_7696495336,200,red,16.2,8,8.004183333333334,Nami,11376.0,6486.0,RED_BOT_JUNGLE
EUW1_7696495336,200,red,16.2,9,9.00455,Nami,3987.0,10452.0,TOP_SIDE_NEAR
EUW1_7696495336,200,red,16.2,10,10.004783333333334,Nami,12234.0,7251.0,RED_BOT_JUNGLE
EUW1_7696495336,200,red,16.2,11,11.0052,Nami,10467.0,6186.0,RED_BOT_JUNGLE
EUW1_7696495873,100,blue,16.2,6,6.003433333333334,Janna,5858.0,6838.0,MID_LANE
EUW1_7696495873,100,blue,16.2,9,9.003983333333334,Janna,4242.0,11459.0,TOP_SIDE_NEAR
EUW1_7696495873,100,blue,16.2,10,10.004083333333334,Janna,5248.0,8092.0,BLUE_TOP_JUNGLE
EUW1_7696495873,100,blue,16.2,11,11.004266666666666,Janna,8209.0,5113.0,BLUE_BOT_JUNGLE
EUW1_7696495873,200,red,16.2,9,9.003983333333334,Neeko,4238.0,11760.0,TOP_SIDE_NEAR
EUW1_7696496900,100,blue,16.2,9,9.001583333333333,Sona,9866.0,6780.0,RED_BOT_JUNGLE
EUW1_7696496900,200,red,16.2,5,5.000666666666667,Rakan,12194.0,6613.0,RED_BOT_JUNGLE
EUW1_7696496900,200,red,16.2,9,9.001583333333333,Rakan,10352.0,7415.0,RED_BOT_JUNGLE
EUW1_7696497153,200,red,16.2,8,8.004166666666666,Sona,10817.0,6411.0,RED_BOT_JUNGLE
EUW1_7696497153,200,red,16.2,9,9.004316666666666,Sona,7951.0,6617.0,MID_LANE
EUW1_7696497857,100,blue,16.2,9,9.002,Janna,3896.0,9825.0,TOP_SIDE_NEAR
EUW1_7696497857,200,red,16.2,7,7.001533333333334,Soraka,7537.0,6861.0,MID_LANE
EUW1_7696497857,200,red,16.2,9,9.002,Soraka,6202.0,9970.0,RED_TOP_JUNGLE
EUW1_7696497857,200,red,16.2,10,10.002483333333334,Soraka,8964.0,9478.0,RED_TOP_JUNGLE
EUW1_7696497970,200,red,16.2,10,10.00465,Nami,5626.0,8466.0,RIVER_TOP
EUW1_7696499170,200,red,16.2,7,7.0033666666666665,Leblanc,7305.0,4696.0,BLUE_BOT_JUNGLE
EUW1_7696499170,200,red,16.2,11,11.004483333333333,Leblanc,11305.0,8634.0,RED_BOT_JUNGLE
EUW1_7696499171,200,red,16.2,11,11.004183333333334,Qiyana,6399.0,8361.0,RIVER_TOP
EUW1_7696499728,100,blue,16.2,6,6.003133333333333,Pyke,6948.0,4715.0,BLUE_BOT_JUNGLE
EUW1_7696499728,100,blue,16.2,11,11.004616666666667,Pyke,4055.0,3833.0,BLUE_BOT_JUNGLE
EUW1_7696499947,100,blue,16.2,5,5.000766666666666,Alistar,4463.0,8292.0,BLUE_TOP_JUNGLE
EUW1_7696499947,100,blue,16.2,9,9.0034,Alistar,7284.0,4699.0,BLUE_BOT_JUNGLE
EUW1_7696499947,100,blue,16.2,11,11.004183333333334,Alistar,7722.0,5056.0,BLUE_BOT_JUNGLE
EUW1_7696499947,200,red,16.2,7,7.002816666666667,Braum,11664.0,11127.0,RED_BOT_JUNGLE
EUW1_7696500901,100,blue,16.2,8,8.001816666666667,Janna,2895.0,7488.0,BLUE_TOP_JUNGLE
EUW1_7696500901,200,red,16.2,8,8.001816666666667,Elise,6290.0,7861.0,MID_LANE
EUW1_7696501595,100,blue,16.2,7,7.003,Karma,3847.0,2622.0,BLUE_BOT_JUNGLE
EUW1_7696501595,200,red,16.2,7,7.003,Braum,9303.0,13712.0,TOP_LANE_CORE
EUW1_7696502179,200,red,16.2,10,10.0017,Nami,7113.0,8716.0,RED_TOP_JUNGLE
EUW1_7696503531,100,blue,16.2,10,10.004433333333333,Neeko,8560.0,5287.0,BLUE_BOT_JUNGLE
EUW1_7696503531,100,blue,16.2,11,11.00475,Neeko,8240.0,5528.0,BLUE_BOT_JUNGLE
EUW1_7696503531,200,red,16.2,8,8.00405,Alistar,11517.0,9938.0,RED_BOT_JUNGLE
EUW1_7696503531,200,red,16.2,11,11.00475,Alistar,8002.0,7527.0,MID_LANE
EUW1_7696504005,100,blue,16.2,8,8.0031,Sona,1550.0,10242.0,TOP_LANE_CORE
EUW1_7696504005,100,blue,16.2,9,9.003683333333333,Sona,5694.0,6657.0,MID_LANE
EUW1_7696504005,100,blue,16.2,11,11.00415,Sona,8045.0,5869.0,BLUE_BOT_JUNGLE
EUW1_7696504622,100,blue,16.2,8,8.00385,Lulu,3458.0,8036.0,BLUE_TOP_JUNGLE
EUW1_7696504622,100,blue,16.2,9,9.003983333333334,Lulu,4179.0,11832.0,TOP_SIDE_NEAR
EUW1_7696504827,100,blue,16.2,8,8.002016666666666,Lulu,7689.0,2538.0,BLUE_BOT_JUNGLE
EUW1_7696504827,100,blue,16.2,11,11.0044,Lulu,7544.0,7580.0,MID_LANE
EUW1_7696504827,200,red,16.2,5,5.00135,Leona,2495.0,9794.0,TOP_SIDE_NEAR
EUW1_7696504827,200,red,16.2,11,11.0044,Leona,8265.0,8195.0,MID_LANE
EUW1_7696505211,100,blue,16.2,7,7.00375,Soraka,1651.0,5338.0,BLUE_TOP_JUNGLE
EUW1_7696505211,100,blue,16.2,8,8.00425,Soraka,3746.0,2835.0,BLUE_BOT_JUNGLE
EUW1_7696505211,100,blue,16.2,11,11.004916666666666,Soraka,4860.0,5163.0,BLUE_BOT_JUNGLE
EUW1_7696505211,200,red,16.2,7,7.00375,Pyke,2382.0,9289.0,TOP_SIDE_NEAR
EUW1_7696505211,200,red,16.2,8,8.00425,Pyke,10585.0,11165.0,RED_TOP_JUNGLE
EUW1_7696505211,200,red,16.2,9,9.004433333333333,Pyke,8218.0,7062.0,MID_LANE
EUW1_7696505211,200,red,16.2,11,11.004916666666666,Pyke,6896.0,6823.0,MID_LANE
EUW1_7696505538,100,blue,16.2,8,8.004016666666667,Lulu,4738.0,2917.0,BLUE_BOT_JUNGLE
EUW1_7696505671,100,blue,16.2,10,10.00355,Karma,8000.0,7027.0,MID_LANE
EUW1_7696505671,200,red,16.2,5,5.00055,Anivia,12135.0,9129.0,RED_BOT_JUNGLE
EUW1_7696505671,200,red,16.2,8,8.001416666666668,Anivia,12219.0,10009.0,RED_BOT_JUNGLE
EUW1_7696505671,200,red,16.2,10,10.00355,Anivia,8418.0,7799.0,MID_LANE
EUW1_7696505780,100,blue,16.2,6,6.00375,Bard,7835.0,4922.0,BLUE_BOT_JUNGLE
EUW1_7696505780,100,blue,16.2,9,9.004216666666666,Bard,7616.0,4950.0,BLUE_BOT_JUNGLE
EUW1_7696505780,100,blue,16.2,10,10.004483333333333,Bard,5379.0,12975.0,TOP_SIDE_NEAR
EUW1_7696505780,100,blue,16.2,11,11.004883333333334,Bard,5367.0,3430.0,BLUE_BOT_JUNGLE
EUW1_7696506000,100,blue,16.2,7,7.004033333333333,Camille,5140.0,12940.0,TOP_SIDE_NEAR
EUW1_7696506000,200,red,16.2,7,7.004033333333333,Rakan,7325.0,6977.0,MID_LANE
EUW1_7696506000,200,red,16.2,9,9.004766666666667,Rakan,12367.0,10403.0,RED_BOT_JUNGLE
EUW1_7696506000,200,red,16.2,11,11.005133333333333,Rakan,8074.0,5253.0,BLUE_BOT_JUNGLE
EUW1_7696506089,100,blue,16.2,7,7.003216666666667,Camille,6269.0,8931.0,RIVER_TOP
EUW1_7696506089,100,blue,16.2,8,8.003333333333334,Camille,5253.0,7347.0,BLUE_TOP_JUNGLE
EUW1_7696506089,100,blue,16.2,10,10.00435,Camille,2789.0,6742.0,BLUE_TOP_JUNGLE
EUW1_7696506089,100,blue,16.2,11,11.004666666666667,Camille,7581.0,4864.0,BLUE_BOT_JUNGLE
EUW1_7696506089,200,red,16.2,7,7.003216666666667,Nautilus,6412.0,9138.0,RED_TOP_JUNGLE
EUW1_7696506089,200,red,16.2,8,8.003333333333334,Nautilus,6050.0,8678.0,RIVER_TOP
EUW1_7696506089,200,red,16.2,10,10.00435,Nautilus,4840.0,8719.0,RIVER_TOP
EUW1_7696506089,200,red,16.2,11,11.004666666666667,Nautilus,8512.0,4973.0,BLUE_BOT_JUNGLE
EUW1_7696506683,100,blue,16.2,8,8.003683333333333,Thresh,3146.0,7427.0,BLUE_TOP_JUNGLE
EUW1_7696506683,100,blue,16.2,11,11.004366666666666,Thresh,6469.0,9817.0,RED_TOP_JUNGLE
EUW1_7696506792,100,blue,16.2,10,10.004583333333333,Alistar,3227.0,9030.0,TOP_SIDE_NEAR
EUW1_7696506792,200,red,16.2,5,5.003666666666667,Elise,2481.0,8745.0,TOP_SIDE_NEAR
EUW1_7696506792,200,red,16.2,6,6.003866666666666,Elise,12105.0,8522.0,RED_BOT_JUNGLE
EUW1_7696506792,200,red,16.2,10,10.004583333333333,Elise,2722.0,9810.0,TOP_SIDE_NEAR
EUW1_7696506836,100,blue,16.2,9,9.004333333333333,Bard,6972.0,6715.0,MID_LANE
EUW1_7696507931,100,blue,16.2,9,9.003733333333333,Braum,5405.0,13253.0,TOP_LANE_CORE
EUW1_7696507931,200,red,16.2,9,9.003733333333333,Leona,9103.0,11342.0,RED_TOP_JUNGLE
EUW1_7696508668,200,red,16.2,7,7.003516666666667,Elise,2147.0,9882.0,TOP_SIDE_NEAR
EUW1_7696509132,100,blue,16.2,11,11.00495,Nautilus,4888.0,3465.0,BLUE_BOT_JUNGLE
EUW1_7696509205,100,blue,16.2,9,9.0019,Leona,3448.0,10275.0,TOP_SIDE_NEAR
EUW1_7696509205,200,red,16.2,9,9.0019,Elise,3224.0,11802.0,TOP_SIDE_NEAR
EUW1_7696509205,200,red,16.2,10,10.002233333333333,Elise,2437.0,12267.0,TOP_LANE_CORE
EUW1_7696509205,200,red,16.2,11,11.003933333333332,Elise,2166.0,12222.0,TOP_LANE_CORE
EUW1_7696509383,100,blue,16.2,8,8.002966666666667,Velkoz,5344.0,4971.0,BLUE_BOT_JUNGLE
EUW1_7696509383,100,blue,16.2,9,9.003116666666667,Velkoz,8244.0,5699.0,BLUE_BOT_JUNGLE
EUW1_7696509387,100,blue,16.2,8,8.00325,Rell,2124.0,3911.0,BLUE_TOP_JUNGLE
EUW1_7696509387,100,blue,16.2,9,9.003383333333334,Rell,2818.0,6980.0,BLUE_TOP_JUNGLE
EUW1_7696509387,100,blue,16.2,10,10.0034,Rell,7550.0,2836.0,BLUE_BOT_JUNGLE
EUW1_7696509387,100,blue,16.2,11,11.004133333333334,Rell,3079.0,13214.0,TOP_LANE_CORE
EUW1_7696509387,200,red,16.2,9,9.003383333333334,Senna,4572.0,9023.0,TOP_SIDE_NEAR
EUW1_7696510040,100,blue,16.2,8,8.004016666666667,Rakan,6455.0,4534.0,BLUE_BOT_JUNGLE
EUW1_7696510051,100,blue,16.2,7,7.00335,Thresh,3923.0,3415.0,BLUE_BOT_JUNGLE
EUW1_7696510051,100,blue,16.2,10,10.004033333333334,Thresh,7004.0,6655.0,MID_LANE
EUW1_7696510051,200,red,16.2,10,10.004033333333334,Nami,8428.0,8077.0,MID_LANE
EUW1_7696510051,200,red,16.2,11,11.004083333333334,Nami,7544.0,8315.0,MID_LANE
EUW1_7696510148,100,blue,16.2,8,8.004033333333334,Bard,3379.0,3829.0,BLUE_TOP_JUNGLE
EUW1_7696510148,100,blue,16.2,9,9.00425,Bard,3874.0,9754.0,TOP_SIDE_NEAR
EUW1_7696510148,200,red,16.2,8,8.004033333333334,Nautilus,8592.0,4766.0,BLUE_BOT_JUNGLE
EUW1_7696510148,200,red,16.2,9,9.00425,Nautilus,4496.0,9912.0,BARON_GRUBS_HERALD_AREA
EUW1_7696510561,100,blue,16.2,5,5.00295,Elise,7798.0,3238.0,BLUE_BOT_JUNGLE
EUW1_7696510561,100,blue,16.2,7,7.003983333333333,Elise,8502.0,4888.0,BLUE_BOT_JUNGLE
EUW1_7696510561,100,blue,16.2,9,9.004616666666667,Elise,2486.0,12603.0,TOP_LANE_CORE
EUW1_7696510561,200,red,16.2,7,7.003983333333333,Leblanc,8703.0,7761.0,MID_LANE
EUW1_7696510639,100,blue,16.2,9,9.003283333333334,Thresh,2886.0,7172.0,BLUE_TOP_JUNGLE
EUW1_7696510639,100,blue,16.2,11,11.0038,Thresh,6579.0,4575.0,BLUE_BOT_JUNGLE
EUW1_7696510639,200,red,16.2,7,7.00305,Alistar,10057.0,13979.0,TOP_LANE_CORE
EUW1_7696510639,200,red,16.2,8,8.0032,Alistar,10176.0,6636.0,RED_BOT_JUNGLE
EUW1_7696510639,200,red,16.2,10,10.003733333333333,Alistar,10638.0,6224.0,RED_BOT_JUNGLE
EUW1_7696510806,100,blue,16.2,9,9.004483333333333,Leona,4662.0,8123.0,BLUE_TOP_JUNGLE
EUW1_7696510806,100,blue,16.2,11,11.004716666666667,Leona,8351.0,4936.0,BLUE_BOT_JUNGLE
EUW1_7696510806,200,red,16.2,9,9.004483333333333,Nautilus,5841.0,8106.0,RIVER_TOP
EUW1_7696511782,100,blue,16.2,9,9.00315,Nami,6686.0,4832.0,BLUE_BOT_JUNGLE
EUW1_7696511782,200,red,16.2,9,9.00315,Lulu,9893.0,7415.0,RED_BOT_JUNGLE
EUW1_7696511943,100,blue,16.2,6,6.003516666666667,Mel,8147.0,5487.0,BLUE_BOT_JUNGLE
EUW1_7696511943,100,blue,16.2,9,9.004483333333333,Mel,6692.0,6853.0,MID_LANE
EUW1_7696511943,200,red,16.2,6,6.003516666666667,Bard,7574.0,5106.0,BLUE_BOT_JUNGLE
EUW1_7696511943,200,red,16.2,9,9.004483333333333,Bard,8647.0,5278.0,BLUE_BOT_JUNGLE
EUW1_7696511943,200,red,16.2,11,11.005166666666666,Bard,10834.0,6453.0,RED_BOT_JUNGLE
EUW1_7696512031,100,blue,16.2,7,7.002933333333333,Braum,4559.0,12230.0,TOP_SIDE_NEAR
EUW1_7696512031,200,red,16.2,8,8.003233333333334,Milio,12438.0,7233.0,RED_BOT_JUNGLE
EUW1_7696512702,100,blue,16.2,9,9.004866666666667,Thresh,7359.0,4832.0,BLUE_BOT_JUNGLE
EUW1_7696512702,200,red,16.2,9,9.004866666666667,Alistar,9702.0,6774.0,RED_BOT_JUNGLE
EUW1_7696512851,100,blue,16.2,11,11.004066666666667,Lulu,8178.0,7926.0,MID_LANE
EUW1_7696512851,200,red,16.2,10,10.0037,Soraka,4563.0,9658.0,TOP_SIDE_NEAR
EUW1_7696512851,200,red,16.2,11,11.004066666666667,Soraka,12001.0,11235.0,RED_BOT_JUNGLE
EUW1_7696513349,200,red,16.2,10,10.0044,Sona,7796.0,6852.0,MID_LANE
EUW1_7696513557,100,blue,16.2,11,11.00425,Alistar,9762.0,6579.0,RED_BOT_JUNGLE
EUW1_7696513557,200,red,16.2,5,5.002983333333333,Rell,8256.0,5777.0,BLUE_BOT_JUNGLE
EUW1_7696513557,200,red,16.2,8,8.003566666666666,Rell,8695.0,7887.0,MID_LANE
EUW1_7696513557,200,red,16.2,10,10.003816666666667,Rell,9954.0,8020.0,RED_BOT_JUNGLE
EUW1_7696513557,200,red,16.2,11,11.00425,Rell,6458.0,7357.0,MID_LANE
EUW1_7696513622,100,blue,16.2,6,6.003166666666667,Taric,6409.0,4469.0,BLUE_BOT_JUNGLE
EUW1_7696513622,200,red,16.2,9,9.003866666666667,Rakan,9978.0,7310.0,RED_BOT_JUNGLE
EUW1_7696515168,100,blue,16.2,8,8.003433333333334,Amumu,7912.0,7363.0,MID_LANE
EUW1_7696515168,100,blue,16.2,9,9.00375,Amumu,3523.0,9013.0,TOP_SIDE_NEAR
EUW1_7696515168,200,red,16.2,8,8.003433333333334,Lux,8802.0,9281.0,MID_LANE
EUW1_7696515168,200,red,16.2,9,9.00375,Lux,8443.0,10446.0,RED_TOP_JUNGLE
EUW1_7696515336,100,blue,16.2,7,7.003866666666666,Lux,3510.0,2962.0,BLUE_BOT_JUNGLE
EUW1_7696515336,100,blue,16.2,11,11.005783333333333,Lux,6554.0,10060.0,RED_TOP_JUNGLE
EUW1_7696516889,100,blue,16.2,8,8.004266666666666,Braum,10256.0,6224.0,RED_BOT_JUNGLE
EUW1_7696516889,200,red,16.2,5,5.003,Pyke,6297.0,8254.0,RIVER_TOP
EUW1_7696516889,200,red,16.2,8,8.004266666666666,Pyke,9308.0,7831.0,RED_BOT_JUNGLE
EUW1_7696516889,200,red,16.2,10,10.004766666666667,Pyke,8735.0,8075.0,MID_LANE
EUW1_7696517241,200,red,16.2,6,6.001783333333333,Brand,7931.0,5902.0,BLUE_BOT_JUNGLE
EUW1_7696517241,200,red,16.2,8,8.004083333333334,Brand,8561.0,10303.0,RED_TOP_JUNGLE
EUW1_7696517241,200,red,16.2,9,9.0046,Brand,7216.0,8730.0,RED_TOP_JUNGLE
EUW1_7696518070,100,blue,16.2,9,9.0041,Nautilus,4204.0,1925.0,BLUE_BOT_JUNGLE
EUW1_7696518070,200,red,16.2,9,9.0041,Karma,9970.0,8406.0,RED_BOT_JUNGLE
EUW1_7696518070,200,red,16.2,10,10.0041,Karma,12622.0,7108.0,RED_BOT_JUNGLE
EUW1_7696518070,200,red,16.2,11,11.004283333333333,Karma,11956.0,9262.0,RED_BOT_JUNGLE
EUW1_7696518327,100,blue,16.2,8,8.0044,Lulu,10098.0,6329.0,RED_BOT_JUNGLE
EUW1_7696518327,200,red,16.2,8,8.0044,Braum,10537.0,6157.0,RED_BOT_JUNGLE
EUW1_7696519622,200,red,16.2,5,5.000883333333333,FiddleSticks,6901.0,5580.0,BLUE_BOT_JUNGLE
EUW1_7696520681,100,blue,16.2,7,7.004616666666666,Pyke,6699.0,7054.0,MID_LANE
EUW1_7696520681,100,blue,16.2,8,8.005066666666666,Pyke,5746.0,5280.0,BLUE_BOT_JUNGLE
EUW1_7696520681,200,red,16.2,8,8.005066666666666,Rell,8823.0,8618.0,MID_LANE
EUW1_7696521446,200,red,16.2,5,5.002683333333334,Rell,9668.0,8790.0,MID_LANE
EUW1_7696521446,200,red,16.2,10,10.003933333333332,Rell,8838.0,7963.0,MID_LANE
EUW1_7696522376,100,blue,16.2,8,8.002283333333333,Velkoz,5797.0,3504.0,BLUE_BOT_JUNGLE
EUW1_7696522376,200,red,16.2,5,5.00065,Lulu,9981.0,9109.0,RED_BOT_JUNGLE
EUW1_7696522376,200,red,16.2,8,8.002283333333333,Lulu,11428.0,6967.0,RED_BOT_JUNGLE
EUW1_7696522376,200,red,16.2,9,9.003116666666667,Lulu,7859.0,8130.0,MID_LANE
EUW1_7696522399,200,red,16.2,7,7.0036,Zilean,6992.0,6817.0,MID_LANE
EUW1_7696523740,200,red,16.2,10,10.004816666666667,Nami,8107.0,7753.0,MID_LANE
EUW1_7696525125,100,blue,16.2,7,7.00335,Renata,7653.0,2583.0,BLUE_BOT_JUNGLE
EUW1_7696525125,100,blue,16.2,10,10.004483333333333,Renata,4170.0,4803.0,BLUE_TOP_JUNGLE
EUW1_7696525125,200,red,16.2,9,9.00395,Karma,6728.0,8316.0,RED_TOP_JUNGLE
EUW1_7696525433,100,blue,16.2,11,11.0042,Velkoz,6433.0,6593.0,MID_LANE
EUW1_7696525433,200,red,16.2,8,8.00325,Lulu,8151.0,8002.0,MID_LANE
EUW1_7696525433,200,red,16.2,10,10.003966666666667,Lulu,9580.0,7419.0,RED_BOT_JUNGLE
EUW1_7696525433,200,red,16.2,11,11.0042,Lulu,7871.0,7781.0,MID_LANE
EUW1_7696525513,100,blue,16.2,6,6.002966666666667,Pantheon,6911.0,7397.0,MID_LANE
EUW1_7696525720,100,blue,16.2,10,10.00455,Nami,4124.0,4811.0,BLUE_TOP_JUNGLE
EUW1_7696525720,100,blue,16.2,11,11.004766666666667,Nami,7870.0,6702.0,MID_LANE
EUW1_7696525720,200,red,16.2,10,10.00455,Nautilus,9974.0,8768.0,MID_LANE
EUW1_7696527082,100,blue,16.2,7,7.0026,Bard,6756.0,7979.0,MID_LANE
EUW1_7696527082,100,blue,16.2,8,8.0029,Bard,1320.0,12396.0,TOP_LANE_CORE
EUW1_7696527082,100,blue,16.2,9,9.003416666666666,Bard,8099.0,6640.0,BLUE_BOT_JUNGLE
EUW1_7696527082,100,blue,16.2,11,11.004216666666666,Bard,3112.0,11287.0,TOP_SIDE_NEAR
EUW1_7696527082,200,red,16.2,7,7.0026,Zilean,7472.0,7562.0,MID_LANE
EUW1_7696527082,200,red,16.2,8,8.0029,Zilean,4544.0,13604.0,TOP_LANE_CORE
EUW1_7696527082,200,red,16.2,10,10.003883333333333,Zilean,7614.0,7526.0,MID_LANE
EUW1_7696527082,200,red,16.2,11,11.004216666666666,Zilean,10706.0,12187.0,RED_TOP_JUNGLE
EUW1_7696528974,100,blue,16.2,9,9.00355,Poppy,6941.0,11480.0,TOP_SIDE_NEAR
EUW1_7696529272,100,blue,16.2,11,11.004566666666667,Leona,8165.0,7079.0,MID_LANE
EUW1_7696529272,200,red,16.2,10,10.004016666666667,Karma,7201.0,8668.0,RED_TOP_JUNGLE
EUW1_7696529347,100,blue,16.2,8,8.002866666666666,Janna,5393.0,8308.0,RIVER_TOP
EUW1_7696529347,100,blue,16.2,11,11.004033333333334,Janna,6987.0,4125.0,BLUE_BOT_JUNGLE
EUW1_7696529555,100,blue,16.2,10,10.00465,Morgana,3477.0,9996.0,TOP_SIDE_NEAR
EUW1_7696529898,100,blue,16.2,11,11.0047,Nautilus,3102.0,7571.0,BLUE_TOP_JUNGLE
EUW1_7696530499,100,blue,16.2,6,6.002816666666667,Poppy,4199.0,2942.0,BLUE_BOT_JUNGLE
EUW1_7696530499,100,blue,16.2,8,8.003483333333334,Poppy,2767.0,6247.0,BLUE_TOP_JUNGLE
EUW1_7696531326,100,blue,16.2,6,6.003733333333333,Zilean,8552.0,4940.0,BLUE_BOT_JUNGLE
EUW1_7696531326,100,blue,16.2,10,10.004683333333332,Zilean,4322.0,11978.0,TOP_SIDE_NEAR
EUW1_7696531326,200,red,16.2,10,10.004683333333332,Braum,9989.0,13248.0,RED_TOP_JUNGLE
EUW1_7696532381,100,blue,16.2,5,5.00285,Neeko,3423.0,6826.0,BLUE_TOP_JUNGLE
EUW1_7696532381,100,blue,16.2,6,6.00335,Neeko,1725.0,11655.0,TOP_LANE_CORE
EUW1_7696532381,100,blue,16.2,11,11.005166666666666,Neeko,7642.0,7136.0,MID_LANE
EUW1_7696532381,200,red,16.2,11,11.005166666666666,Braum,10685.0,7475.0,RED_BOT_JUNGLE
EUW1_7696532433,200,red,16.2,8,8.003916666666667,Karma,10443.0,6152.0,RED_BOT_JUNGLE
EUW1_7696532708,100,blue,16.2,8,8.003683333333333,Braum,5036.0,9710.0,BARON_GRUBS_HERALD_AREA
EUW1_7696532708,200,red,16.2,5,5.0030833333333335,Soraka,12531.0,10303.0,RED_BOT_JUNGLE
EUW1_7696533302,100,blue,16.2,8,8.003616666666666,Thresh,6456.0,3155.0,BLUE_BOT_JUNGLE
EUW1_7696533302,100,blue,16.2,9,9.0038,Thresh,7383.0,2966.0,BLUE_BOT_JUNGLE
EUW1_7696533302,200,red,16.2,5,5.001216666666667,Pyke,6896.0,6816.0,MID_LANE
EUW1_7696533302,200,red,16.2,8,8.003616666666666,Pyke,6453.0,7825.0,MID_LANE
EUW1_7696533302,200,red,16.2,9,9.0038,Pyke,7647.0,5681.0,BLUE_BOT_JUNGLE
EUW1_7696533302,200,red,16.2,10,10.004033333333334,Pyke,6850.0,6529.0,MID_LANE
EUW1_7696533898,100,blue,16.2,11,11.005233333333333,Nami,6793.0,6192.0,MID_LANE
EUW1_7696533898,200,red,16.2,8,8.004466666666668,Neeko,7965.0,7325.0,MID_LANE
EUW1_7696533898,200,red,16.2,11,11.005233333333333,Neeko,8638.0,13728.0,TOP_LANE_CORE
EUW1_7696534579,100,blue,16.2,6,6.0008333333333335,Soraka,8247.0,5781.0,BLUE_BOT_JUNGLE
EUW1_7696534579,100,blue,16.2,9,9.003116666666667,Soraka,7327.0,6672.0,MID_LANE
EUW1_7696534579,200,red,16.2,9,9.003116666666667,Rakan,7845.0,7328.0,MID_LANE
EUW1_7696534641,200,red,16.2,6,6.0036,Bard,8675.0,5223.0,BLUE_BOT_JUNGLE
EUW1_7696534641,200,red,16.2,10,10.005016666666666,Bard,10040.0,7918.0,RED_BOT_JUNGLE
EUW1_7696534795,100,blue,16.2,8,8.003666666666666,Leona,7509.0,7889.0,MID_LANE
EUW1_7696534795,100,blue,16.2,9,9.0039,Leona,3189.0,7866.0,BLUE_TOP_JUNGLE
EUW1_7696534795,200,red,16.2,8,8.003666666666666,Karma,6854.0,8575.0,RED_TOP_JUNGLE
EUW1_7696534863,200,red,16.2,11,11.0039,Thresh,12070.0,7092.0,RED_BOT_JUNGLE
EUW1_7696534973,200,red,16.2,10,10.004966666666666,Lulu,7990.0,7230.0,MID_LANE
EUW1_7696534973,200,red,16.2,11,11.00535,Lulu,7370.0,8800.0,RED_TOP_JUNGLE
EUW1_7696535332,100,blue,16.2,5,5.00115,Rakan,4269.0,4580.0,BLUE_TOP_JUNGLE
EUW1_7696535332,100,blue,16.2,9,9.004083333333334,Rakan,7299.0,3628.0,BLUE_BOT_JUNGLE
EUW1_7696535332,100,blue,16.2,11,11.00465,Rakan,8040.0,8235.0,MID_LANE
EUW1_7696535332,200,red,16.2,8,8.00385,Lulu,9734.0,9502.0,RED_TOP_JUNGLE
EUW1_7696535332,200,red,16.2,10,10.004166666666666,Lulu,6461.0,9206.0,RED_TOP_JUNGLE
EUW1_7696535332,200,red,16.2,11,11.00465,Lulu,11987.0,11706.0,RED_BOT_JUNGLE
EUW1_7696535350,100,blue,16.2,7,7.00465,Bard,6842.0,4406.0,BLUE_BOT_JUNGLE
EUW1_7696535350,200,red,16.2,9,9.00535,Nami,12661.0,7426.0,RED_BOT_JUNGLE
EUW1_7696535562,100,blue,16.2,5,5.001,Lulu,6996.0,4131.0,BLUE_BOT_JUNGLE
EUW1_7696535562,100,blue,16.2,6,6.001416666666667,Lulu,7817.0,5006.0,BLUE_BOT_JUNGLE
EUW1_7696535562,200,red,16.2,9,9.003983333333334,JarvanIV,10010.0,6272.0,RED_BOT_JUNGLE
EUW1_7696535562,200,red,16.2,10,10.004216666666666,JarvanIV,10259.0,9746.0,RED_BOT_JUNGLE
EUW1_7696536181,100,blue,16.2,11,11.004033333333334,Bard,10330.0,6405.0,RED_BOT_JUNGLE
EUW1_7696536181,200,red,16.2,11,11.004033333333334,Lulu,12816.0,9400.0,RED_BOT_JUNGLE
EUW1_7696536266,100,blue,16.2,7,7.003566666666667,Karma,6319.0,4403.0,BLUE_BOT_JUNGLE
EUW1_7696536266,100,blue,16.2,10,10.005016666666666,Karma,6569.0,9630.0,RED_TOP_JUNGLE
EUW1_7696536266,200,red,16.2,8,8.004,Pyke,8601.0,3920.0,BLUE_BOT_JUNGLE
EUW1_7696536266,200,red,16.2,9,9.00455,Pyke,7469.0,8404.0,MID_LANE
EUW1_7696536266,200,red,16.2,11,11.005416666666667,Pyke,10967.0,11573.0,RED_TOP_JUNGLE
EUW1_7696536500,100,blue,16.2,8,8.003533333333333,Nidalee,4430.0,5125.0,BLUE_TOP_JUNGLE
EUW1_7696536500,200,red,16.2,9,9.004033333333334,Karma,9902.0,7784.0,RED_BOT_JUNGLE
EUW1_7696537144,100,blue,16.2,11,11.004083333333334,Nami,3849.0,11445.0,TOP_SIDE_NEAR
EUW1_7696537144,200,red,16.2,8,8.00195,Neeko,10330.0,6199.0,RED_BOT_JUNGLE
EUW1_7696537144,200,red,16.2,10,10.0037,Neeko,5574.0,9269.0,RIVER_TOP
EUW1_7696537466,100,blue,16.2,6,6.003383333333334,Anivia,8119.0,5046.0,BLUE_BOT_JUNGLE
EUW1_7696537466,100,blue,16.2,11,11.004166666666666,Anivia,6997.0,4797.0,BLUE_BOT_JUNGLE
EUW1_7696537466,200,red,16.2,8,8.003733333333333,Rell,10566.0,11212.0,RED_TOP_JUNGLE
EUW1_7696538446,100,blue,16.2,10,10.0042,Renata,8253.0,7248.0,MID_LANE
EUW1_7696538481,100,blue,16.2,8,8.003783333333333,Taric,6122.0,6166.0,MID_LANE
EUW1_7696538481,200,red,16.2,6,6.003133333333333,Pyke,6178.0,8269.0,RIVER_TOP
EUW1_7696539168,200,red,16.2,9,9.003966666666667,Renata,12081.0,6482.0,RED_BOT_JUNGLE
EUW1_7696539292,100,blue,16.2,9,9.003866666666667,Milio,7183.0,3943.0,BLUE_BOT_JUNGLE
EUW1_7696539292,200,red,16.2,8,8.003333333333334,Thresh,11117.0,11357.0,RED_TOP_JUNGLE
EUW1_7696539764,100,blue,16.2,8,8.003816666666667,Nami,6175.0,6656.0,MID_LANE
EUW1_7696539764,100,blue,16.2,11,11.004533333333333,Nami,4824.0,10064.0,BARON_GRUBS_HERALD_AREA
EUW1_7696539776,100,blue,16.2,6,6.0032,Nautilus,4829.0,6474.0,BLUE_TOP_JUNGLE
EUW1_7696539776,100,blue,16.2,11,11.004333333333333,Nautilus,8616.0,4137.0,BLUE_BOT_JUNGLE
EUW1_7696539776,200,red,16.2,6,6.0032,Rakan,6528.0,7755.0,MID_LANE
EUW1_7696540144,100,blue,16.2,9,9.003883333333333,Sona,6627.0,6973.0,MID_LANE
EUW1_7696540144,100,blue,16.2,11,11.004333333333333,Sona,2597.0,5951.0,BLUE_TOP_JUNGLE
EUW1_7696540144,200,red,16.2,9,9.003883333333333,Rakan,9428.0,9058.0,MID_LANE
EUW1_7696541188,100,blue,16.2,5,5.002666666666666,Bard,8646.0,4591.0,BLUE_BOT_JUNGLE
EUW1_7696541188,100,blue,16.2,11,11.004883333333334,Bard,6388.0,6107.0,MID_LANE
EUW1_7696541398,200,red,16.2,7,7.003183333333333,Rakan,3236.0,13422.0,TOP_LANE_CORE
EUW1_7696541398,200,red,16.2,11,11.003683333333333,Rakan,10054.0,6482.0,RED_BOT_JUNGLE
EUW1_7696541998,200,red,16.2,6,6.003583333333333,AurelionSol,9531.0,7609.0,RED_BOT_JUNGLE
EUW1_7696542245,100,blue,16.2,8,8.00345,Brand,8253.0,8015.0,MID_LANE
EUW1_7696542245,100,blue,16.2,9,9.003833333333333,Brand,5372.0,8305.0,RIVER_TOP
EUW1_7696542245,200,red,16.2,5,5.002766666666667,Nami,11737.0,7188.0,RED_BOT_JUNGLE
EUW1_7696542245,200,red,16.2,6,6.0029,Nami,8694.0,5340.0,BLUE_BOT_JUNGLE
EUW1_7696542245,200,red,16.2,8,8.00345,Nami,10918.0,10683.0,RED_BOT_JUNGLE
EUW1_7696542245,200,red,16.2,9,9.003833333333333,Nami,8124.0,7686.0,MID_LANE
EUW1_7696542649,100,blue,16.2,8,8.004183333333334,Leona,5294.0,6866.0,BLUE_TOP_JUNGLE
EUW1_7696542649,100,blue,16.2,9,9.004366666666666,Leona,7119.0,8090.0,MID_LANE
EUW1_7696542649,200,red,16.2,8,8.004183333333334,Senna,9046.0,10963.0,RED_TOP_JUNGLE
EUW1_7696542649,200,red,16.2,11,11.004833333333334,Senna,7758.0,8145.0,MID_LANE
EUW1_7696543069,100,blue,16.2,11,11.0047,Nami,7369.0,6766.0,MID_LANE
EUW1_7696543274,100,blue,16.2,5,5.00105,Rakan,8361.0,5542.0,BLUE_BOT_JUNGLE
EUW1_7696543274,100,blue,16.2,9,9.003583333333333,Rakan,10777.0,7476.0,RED_BOT_JUNGLE
EUW1_7696543274,100,blue,16.2,11,11.004516666666667,Rakan,6389.0,6348.0,MID_LANE
EUW1_7696543274,200,red,16.2,9,9.003583333333333,Thresh,11033.0,6761.0,RED_BOT_JUNGLE
EUW1_7696543274,200,red,16.2,11,11.004516666666667,Thresh,7653.0,7136.0,MID_LANE
EUW1_7696543420,100,blue,16.2,10,10.0033,Milio,4800.0,8580.0,RIVER_TOP
EUW1_7696543420,200,red,16.2,6,6.0006,Soraka,8428.0,7086.0,MID_LANE
EUW1_7696545520,100,blue,16.2,10,10.0043,Lulu,7221.0,6263.0,MID_LANE
EUW1_7696545520,200,red,16.2,6,6.002866666666667,Brand,12348.0,7284.0,RED_BOT_JUNGLE
EUW1_7696545520,200,red,16.2,10,10.0043,Brand,7388.0,6768.0,MID_LANE
EUW1_7696546072,200,red,16.2,11,11.0044,Alistar,7130.0,2662.0,BLUE_BOT_JUNGLE
EUW1_7696546254,100,blue,16.2,5,5.002833333333333,Sona,7461.0,6268.0,MID_LANE
EUW1_7696546254,100,blue,16.2,6,6.002883333333333,Sona,7953.0,3390.0,BLUE_BOT_JUNGLE
EUW1_7696546254,100,blue,16.2,8,8.003766666666667,Sona,3042.0,9688.0,TOP_SIDE_NEAR
EUW1_7696546254,200,red,16.2,6,6.002883333333333,Janna,5626.0,3563.0,BLUE_BOT_JUNGLE
EUW1_7696546254,200,red,16.2,8,8.003766666666667,Janna,3750.0,10762.0,TOP_SIDE_NEAR
EUW1_7696546254,200,red,16.2,9,9.004183333333334,Janna,6300.0,8949.0,RIVER_TOP
EUW1_7696546254,200,red,16.2,10,10.00435,Janna,2389.0,9711.0,TOP_SIDE_NEAR
EUW1_7696546254,200,red,16.2,11,11.004583333333333,Janna,6613.0,12544.0,TOP_SIDE_NEAR
EUW1_7696547374,100,blue,16.2,11,11.003916666666667,Karma,4675.0,5028.0,BLUE_TOP_JUNGLE
EUW1_7696547374,200,red,16.2,9,9.001683333333334,Thresh,6110.0,8307.0,RIVER_TOP
EUW1_7696547714,100,blue,16.2,11,11.005116666666666,Thresh,8005.0,5849.0,BLUE_BOT_JUNGLE
EUW1_7696547714,200,red,16.2,11,11.005116666666666,Bard,8359.0,5690.0,BLUE_BOT_JUNGLE
EUW1_7696548102,100,blue,16.2,6,6.0027,Zoe,1618.0,11632.0,TOP_LANE_CORE
EUW1_7696548102,100,blue,16.2,10,10.00365,Zoe,5646.0,8233.0,RIVER_TOP
EUW1_7696548102,200,red,16.2,10,10.00365,Karma,3164.0,9819.0,TOP_SIDE_NEAR
EUW1_7696548243,100,blue,16.2,5,5.002933333333333,Karma,7198.0,6745.0,MID_LANE
EUW1_7696548243,100,blue,16.2,7,7.003466666666666,Karma,7159.0,7271.0,MID_LANE
EUW1_7696548626,100,blue,16.2,10,10.004516666666667,Bard,5697.0,9021.0,RIVER_TOP
EUW1_7696548626,100,blue,16.2,11,11.004733333333334,Bard,7745.0,3300.0,BLUE_BOT_JUNGLE
EUW1_7696548626,200,red,16.2,8,8.0039,Nautilus,10634.0,11870.0,RED_TOP_JUNGLE
EUW1_7696548626,200,red,16.2,10,10.004516666666667,Nautilus,7264.0,7102.0,MID_LANE
EUW1_7696548626,200,red,16.2,11,11.004733333333334,Nautilus,12186.0,7258.0,RED_BOT_JUNGLE
EUW1_7696549380,200,red,16.2,9,9.003966666666667,Soraka,10277.0,7314.0,RED_BOT_JUNGLE
EUW1_7696549484,200,red,16.2,10,10.0055,Nautilus,8598.0,3920.0,BLUE_BOT_JUNGLE
EUW1_7696549509,100,blue,16.2,8,8.003883333333333,Rakan,8076.0,7819.0,MID_LANE
EUW1_7696549509,100,blue,16.2,9,9.003966666666667,Rakan,3900.0,11343.0,TOP_SIDE_NEAR
EUW1_7696549509,100,blue,16.2,10,10.004333333333333,Rakan,7275.0,6879.0,MID_LANE
EUW1_7696549509,200,red,16.2,5,5.0029,Bard,7744.0,5670.0,BLUE_BOT_JUNGLE
EUW1_7696549509,200,red,16.2,9,9.003966666666667,Bard,4146.0,13385.0,TOP_LANE_CORE
EUW1_7696549509,200,red,16.2,10,10.004333333333333,Bard,10378.0,7697.0,RED_BOT_JUNGLE
EUW1_7696549509,200,red,16.2,11,11.004666666666667,Bard,7476.0,6701.0,MID_LANE
EUW1_7696550412,100,blue,16.2,8,8.001616666666667,Ivern,3341.0,8687.0,TOP_SIDE_NEAR
EUW1_7696550412,100,blue,16.2,9,9.001666666666667,Ivern,3266.0,12160.0,TOP_SIDE_NEAR
EUW1_7696550412,200,red,16.2,5,5.001083333333334,Nautilus,7322.0,6851.0,MID_LANE
EUW1_7696550412,200,red,16.2,8,8.001616666666667,Nautilus,4716.0,9316.0,TOP_SIDE_NEAR
EUW1_7696550456,100,blue,16.2,8,8.003016666666667,Braum,6550.0,6548.0,MID_LANE
EUW1_7696550456,100,blue,16.2,10,10.004216666666666,Braum,7382.0,6933.0,MID_LANE
EUW1_7696550456,100,blue,16.2,11,11.00465,Braum,6500.0,6677.0,MID_LANE
EUW1_7696550456,200,red,16.2,8,8.003016666666667,Nami,9048.0,8363.0,MID_LANE
EUW1_7696551179,200,red,16.2,8,8.004466666666668,Rakan,9367.0,8979.0,MID_LANE
EUW1_7696551179,200,red,16.2,9,9.00475,Rakan,3626.0,8239.0,BLUE_TOP_JUNGLE
EUW1_7696551751,100,blue,16.2,5,5.002916666666667,Bard,8447.0,5619.0,BLUE_BOT_JUNGLE
EUW1_7696551751,100,blue,16.2,6,6.00345,Bard,5099.0,3164.0,BLUE_BOT_JUNGLE
EUW1_7696551751,100,blue,16.2,9,9.0038,Bard,4865.0,8769.0,RIVER_TOP
EUW1_7696551751,100,blue,16.2,11,11.003933333333332,Bard,7267.0,7707.0,MID_LANE
EUW1_7696551751,200,red,16.2,9,9.0038,Thresh,6076.0,9042.0,RIVER_TOP
EUW1_7696551994,100,blue,16.2,6,6.003166666666667,Leona,6587.0,4654.0,BLUE_BOT_JUNGLE
EUW1_7696551994,200,red,16.2,8,8.00395,Alistar,7356.0,6684.0,MID_LANE
EUW1_7696551994,200,red,16.2,9,9.004233333333334,Alistar,10770.0,6290.0,RED_BOT_JUNGLE
EUW1_7696551994,200,red,16.2,10,10.004233333333334,Alistar,7808.0,7018.0,MID_LANE
EUW1_7696552174,200,red,16.2,8,8.003516666666666,Nami,8904.0,10887.0,RED_TOP_JUNGLE
EUW1_7696552174,200,red,16.2,11,11.0042,Nami,9994.0,9041.0,RED_BOT_JUNGLE
EUW1_7696552494,100,blue,16.2,11,11.00435,Elise,2746.0,12751.0,TOP_LANE_CORE
EUW1_7696552494,200,red,16.2,8,8.00385,Karma,5130.0,12789.0,TOP_SIDE_NEAR
EUW1_7696552494,200,red,16.2,9,9.0039,Karma,11939.0,7287.0,RED_BOT_JUNGLE
EUW1_7696552494,200,red,16.2,10,10.00405,Karma,3090.0,9050.0,TOP_SIDE_NEAR
EUW1_7696552494,200,red,16.2,11,11.00435,Karma,8595.0,4547.0,BLUE_BOT_JUNGLE
EUW1_7696553641,100,blue,16.2,7,7.003416666666666,Bard,5870.0,6773.0,MID_LANE
EUW1_7696553641,100,blue,16.2,9,9.00405,Bard,6472.0,2519.0,BLUE_BOT_JUNGLE
EUW1_7696553641,200,red,16.2,7,7.003416666666666,Janna,8115.0,5620.0,BLUE_BOT_JUNGLE
EUW1_7696553641,200,red,16.2,9,9.00405,Janna,7040.0,6707.0,MID_LANE
EUW1_7696553763,100,blue,16.2,8,8.003566666666666,Janna,6445.0,6873.0,MID_LANE
EUW1_7696553763,100,blue,16.2,10,10.004033333333334,Janna,7654.0,7660.0,MID_LANE
EUW1_7696553763,200,red,16.2,9,9.003733333333333,Renata,8183.0,3239.0,BLUE_BOT_JUNGLE
EUW1_7696553850,100,blue,16.2,9,9.004266666666666,Rakan,7567.0,5095.0,BLUE_BOT_JUNGLE
EUW1_7696553850,200,red,16.2,11,11.004816666666667,Galio,12073.0,7897.0,RED_BOT_JUNGLE
EUW1_7696554381,100,blue,16.2,9,9.003333333333334,Nami,8508.0,5334.0,BLUE_BOT_JUNGLE
EUW1_7696554381,200,red,16.2,9,9.003333333333334,Nautilus,9839.0,7546.0,RED_BOT_JUNGLE
EUW1_7696554381,200,red,16.2,11,11.004466666666668,Nautilus,11127.0,10158.0,RED_BOT_JUNGLE
EUW1_7696554579,100,blue,16.2,8,8.0037,Karma,4584.0,4507.0,BLUE_BOT_JUNGLE
EUW1_7696555277,100,blue,16.2,9,9.0037,Blitzcrank,4685.0,9948.0,BARON_GRUBS_HERALD_AREA
EUW1_7696555277,100,blue,16.2,11,11.004433333333333,Blitzcrank,7198.0,3880.0,BLUE_BOT_JUNGLE
EUW1_7696555277,200,red,16.2,6,6.003,Soraka,10339.0,6432.0,RED_BOT_JUNGLE
EUW1_7696555277,200,red,16.2,9,9.0037,Soraka,5580.0,9519.0,TOP_SIDE_NEAR
EUW1_7696555315,100,blue,16.2,8,8.003233333333334,Blitzcrank,2450.0,13354.0,TOP_LANE_CORE
EUW1_7696555315,100,blue,16.2,9,9.003366666666667,Blitzcrank,5321.0,8271.0,RIVER_TOP
EUW1_7696555963,200,red,16.2,8,8.003733333333333,Blitzcrank,10607.0,6272.0,RED_BOT_JUNGLE
EUW1_7696556402,100,blue,16.2,10,10.004366666666666,Rakan,8032.0,3527.0,BLUE_BOT_JUNGLE
EUW1_7696556402,100,blue,16.2,11,11.004766666666667,Rakan,4126.0,4562.0,BLUE_TOP_JUNGLE
EUW1_7696556402,200,red,16.2,5,5.002566666666667,Nautilus,9248.0,9064.0,MID_LANE
EUW1_7696556402,200,red,16.2,8,8.00365,Nautilus,5738.0,8849.0,RIVER_TOP
EUW1_7696557465,100,blue,16.2,5,5.003383333333334,Galio,6352.0,4436.0,BLUE_BOT_JUNGLE
EUW1_7696557465,100,blue,16.2,9,9.005233333333333,Galio,6363.0,8838.0,RIVER_TOP
EUW1_7696557465,100,blue,16.2,11,11.0062,Galio,3304.0,9591.0,TOP_SIDE_NEAR
EUW1_7696557465,200,red,16.2,7,7.00425,Elise,6175.0,10006.0,TOP_SIDE_NEAR
EUW1_7696557465,200,red,16.2,9,9.005233333333333,Elise,8455.0,13627.0,TOP_LANE_CORE
EUW1_7696557465,200,red,16.2,11,11.0062,Elise,4257.0,11742.0,TOP_SIDE_NEAR
EUW1_7696559012,100,blue,16.2,8,8.005533333333334,Rakan,6634.0,4596.0,BLUE_BOT_JUNGLE
EUW1_7696559012,200,red,16.2,9,9.005933333333333,Bard,7906.0,13265.0,TOP_LANE_CORE
EUW1_7696559358,200,red,16.2,9,9.005316666666667,Zyra,10975.0,6480.0,RED_BOT_JUNGLE
EUW1_7696559385,100,blue,16.2,10,10.0053,Nautilus,8176.0,5611.0,BLUE_BOT_JUNGLE
EUW1_7696559468,100,blue,16.2,10,10.0043,Rell,1651.0,6606.0,BLUE_TOP_JUNGLE
EUW1_7696559468,200,red,16.2,6,6.0034,Braum,11003.0,10486.0,RED_BOT_JUNGLE
EUW1_7696559908,100,blue,16.2,8,8.001283333333333,Janna,4662.0,8155.0,BLUE_TOP_JUNGLE
EUW1_7696559908,100,blue,16.2,9,9.00175,Janna,4283.0,5129.0,BLUE_TOP_JUNGLE
EUW1_7696559908,200,red,16.2,8,8.001283333333333,Bard,6326.0,8056.0,RIVER_TOP
EUW1_7696559908,200,red,16.2,9,9.00175,Bard,3518.0,10191.0,TOP_SIDE_NEAR
EUW1_7696559908,200,red,16.2,11,11.004083333333334,Bard,11669.0,7677.0,RED_BOT_JUNGLE
EUW1_7696560339,100,blue,16.2,10,10.004883333333334,Nami,7896.0,7604.0,MID_LANE
EUW1_7696560490,100,blue,16.2,8,8.00395,Zyra,7677.0,7288.0,MID_LANE
EUW1_7696560490,100,blue,16.2,10,10.004566666666667,Zyra,4450.0,3948.0,BLUE_BOT_JUNGLE
EUW1_7696560490,100,blue,16.2,11,11.005016666666666,Zyra,8699.0,7882.0,MID_LANE
EUW1_7696560490,200,red,16.2,7,7.003633333333333,Bard,12389.0,10317.0,RED_BOT_JUNGLE
EUW1_7696560490,200,red,16.2,8,8.00395,Bard,6899.0,8995.0,RED_TOP_JUNGLE
EUW1_7696560490,200,red,16.2,11,11.005016666666666,Bard,9475.0,8135.0,MID_LANE
EUW1_7696560554,100,blue,16.2,9,9.0034,Sona,7305.0,6878.0,MID_LANE
EUW1_7696561481,100,blue,16.2,5,5.003133333333333,Rakan,4125.0,10198.0,TOP_SIDE_NEAR
EUW1_7696561481,100,blue,16.2,10,10.004383333333333,Rakan,7712.0,5037.0,BLUE_BOT_JUNGLE
EUW1_7696562111,100,blue,16.2,8,8.004066666666667,Nautilus,6802.0,6882.0,MID_LANE
EUW1_7696562111,100,blue,16.2,9,9.004416666666666,Nautilus,4827.0,9788.0,BARON_GRUBS_HERALD_AREA
EUW1_7696562111,200,red,16.2,5,5.0030833333333335,Thresh,9843.0,9603.0,RED_TOP_JUNGLE
EUW1_7696562111,200,red,16.2,9,9.004416666666666,Thresh,4650.0,11937.0,TOP_SIDE_NEAR
EUW1_7696562111,200,red,16.2,10,10.004733333333334,Thresh,7844.0,7634.0,MID_LANE
EUW1_7696562683,100,blue,16.2,8,8.004166666666666,Seraphine,3570.0,4201.0,BLUE_TOP_JUNGLE
EUW1_7696562683,100,blue,16.2,10,10.0046,Seraphine,7227.0,3641.0,BLUE_BOT_JUNGLE
EUW1_7696562683,200,red,16.2,9,9.0044,Rell,6471.0,4503.0,BLUE_BOT_JUNGLE
EUW1_7696562914,100,blue,16.2,11,11.004416666666666,Renata,8443.0,7398.0,MID_LANE
EUW1_7696562914,200,red,16.2,6,6.0032,Karma,7340.0,9719.0,RED_TOP_JUNGLE
EUW1_7696562914,200,red,16.2,7,7.00355,Karma,11490.0,6508.0,RED_BOT_JUNGLE
EUW1_7696562914,200,red,16.2,11,11.004416666666666,Karma,9171.0,8028.0,MID_LANE
EUW1_7696563130,100,blue,16.2,5,5.003133333333333,Bard,3754.0,10696.0,TOP_SIDE_NEAR
EUW1_7696563130,100,blue,16.2,6,6.003433333333334,Bard,4722.0,4968.0,BLUE_BOT_JUNGLE
EUW1_7696563130,100,blue,16.2,8,8.0042,Bard,5725.0,6512.0,MID_LANE
EUW1_7696563130,100,blue,16.2,10,10.0048,Bard,12100.0,6467.0,RED_BOT_JUNGLE
EUW1_7696563130,200,red,16.2,8,8.0042,Pantheon,6447.0,7115.0,MID_LANE
EUW1_7696563130,200,red,16.2,11,11.005166666666666,Pantheon,2249.0,9767.0,TOP_SIDE_NEAR
EUW1_7696563536,100,blue,16.2,5,5.0031,Thresh,8620.0,4352.0,BLUE_BOT_JUNGLE
EUW1_7696563536,100,blue,16.2,11,11.004666666666667,Thresh,7854.0,7130.0,MID_LANE
EUW1_7696563536,200,red,16.2,5,5.0031,Neeko,8358.0,4893.0,BLUE_BOT_JUNGLE
EUW1_7696563536,200,red,16.2,9,9.0042,Neeko,10314.0,9802.0,RED_BOT_JUNGLE
EUW1_7696563746,100,blue,16.2,6,6.003716666666667,Karma,6729.0,11389.0,TOP_SIDE_NEAR
EUW1_7696563746,100,blue,16.2,8,8.004566666666667,Karma,7041.0,4899.0,BLUE_BOT_JUNGLE
EUW1_7696563746,100,blue,16.2,11,11.0056,Karma,6174.0,5731.0,MID_LANE
EUW1_7696563746,200,red,16.2,6,6.003716666666667,Nami,8407.0,11661.0,RED_TOP_JUNGLE
EUW1_7696563746,200,red,16.2,8,8.004566666666667,Nami,8664.0,5223.0,BLUE_BOT_JUNGLE
EUW1_7696563956,200,red,16.2,11,11.00465,Nautilus,8380.0,5175.0,BLUE_BOT_JUNGLE
EUW1_7696564979,100,blue,16.2,7,7.0036,Morgana,8491.0,3773.0,BLUE_BOT_JUNGLE
EUW1_7696564979,100,blue,16.2,8,8.00415,Morgana,7780.0,5644.0,BLUE_BOT_JUNGLE
EUW1_7696564979,100,blue,16.2,9,9.004216666666666,Morgana,4655.0,9546.0,TOP_SIDE_NEAR
EUW1_7696564979,200,red,16.2,9,9.004216666666666,Blitzcrank,7972.0,9306.0,RED_TOP_JUNGLE
EUW1_7696565007,100,blue,16.2,7,7.00335,Bard,6745.0,8985.0,RED_TOP_JUNGLE
EUW1_7696565007,100,blue,16.2,9,9.003666666666666,Bard,4750.0,8891.0,TOP_SIDE_NEAR
EUW1_7696565007,100,blue,16.2,10,10.00395,Bard,9880.0,7838.0,RED_BOT_JUNGLE
EUW1_7696565007,200,red,16.2,9,9.003666666666666,Alistar,8076.0,7189.0,MID_LANE
EUW1_7696565590,200,red,16.2,10,10.004583333333333,Ashe,6506.0,12806.0,TOP_SIDE_NEAR
EUW1_7696565590,200,red,16.2,11,11.004966666666666,Ashe,11351.0,7531.0,RED_BOT_JUNGLE
EUW1_7696566090,200,red,16.2,8,8.003633333333333,Milio,6896.0,8047.0,MID_LANE
EUW1_7696566260,100,blue,16.2,9,9.003616666666666,Alistar,7766.0,6957.0,MID_LANE
EUW1_7696566260,200,red,16.2,11,11.004083333333334,Brand,9240.0,9183.0,MID_LANE
EUW1_7696566666,200,red,16.2,10,10.003833333333333,Bard,10609.0,12528.0,RED_TOP_JUNGLE
EUW1_7696566666,200,red,16.2,11,11.00425,Bard,12388.0,10372.0,RED_BOT_JUNGLE
EUW1_7696567073,100,blue,16.2,10,10.002383333333333,Elise,6340.0,2410.0,BLUE_BOT_JUNGLE
EUW1_7696567323,100,blue,16.2,6,6.003516666666667,Rell,6687.0,6353.0,MID_LANE
EUW1_7696567323,100,blue,16.2,9,9.0044,Rell,2222.0,9564.0,TOP_SIDE_NEAR
EUW1_7696567874,100,blue,16.2,5,5.002833333333333,Rell,3568.0,10658.0,TOP_SIDE_NEAR
EUW1_7696567874,100,blue,16.2,9,9.00375,Rell,5910.0,11414.0,TOP_SIDE_NEAR
EUW1_7696567874,100,blue,16.2,10,10.004083333333334,Rell,7741.0,8384.0,MID_LANE
EUW1_7696567874,200,red,16.2,5,5.002833333333333,Bard,2763.0,12165.0,TOP_SIDE_NEAR
EUW1_7696567874,200,red,16.2,7,7.003466666666666,Bard,6611.0,6955.0,MID_LANE
EUW1_7696567874,200,red,16.2,10,10.004083333333334,Bard,8577.0,9361.0,RED_TOP_JUNGLE
EUW1_7696568146,100,blue,16.2,11,11.004433333333333,Taric,5145.0,3124.0,BLUE_BOT_JUNGLE
EUW1_7696568146,200,red,16.2,6,6.00145,Nautilus,7256.0,4818.0,BLUE_BOT_JUNGLE
EUW1_7696568146,200,red,16.2,9,9.003733333333333,Nautilus,7295.0,6818.0,MID_LANE
EUW1_7696568146,200,red,16.2,11,11.004433333333333,Nautilus,10248.0,12098.0,RED_TOP_JUNGLE
EUW1_7696568346,100,blue,16.2,8,8.003766666666667,Yuumi,7905.0,7459.0,MID_LANE
EUW1_7696568346,200,red,16.2,9,9.003966666666667,Thresh,10790.0,9870.0,RED_BOT_JUNGLE
EUW1_7696569918,100,blue,16.2,8,8.003666666666666,Nidalee,4393.0,10070.0,BARON_GRUBS_HERALD_AREA
EUW1_7696569918,100,blue,16.2,11,11.00465,Nidalee,8408.0,7279.0,MID_LANE
EUW1_7696569977,100,blue,16.2,7,7.003716666666667,Janna,6099.0,8135.0,RIVER_TOP
EUW1_7696569977,100,blue,16.2,8,8.0042,Janna,6845.0,6815.0,MID_LANE
EUW1_7696569977,100,blue,16.2,9,9.004733333333334,Janna,6055.0,8500.0,RIVER_TOP
EUW1_7696569977,200,red,16.2,8,8.0042,Seraphine,7074.0,7769.0,MID_LANE
EUW1_7696570896,100,blue,16.2,6,6.002633333333334,Nautilus,7014.0,4811.0,BLUE_BOT_JUNGLE
EUW1_7696570896,200,red,16.2,9,9.00325,Bard,10981.0,12380.0,RED_TOP_JUNGLE
EUW1_7696571193,100,blue,16.2,11,11.0047,Braum,6235.0,4315.0,BLUE_BOT_JUNGLE
EUW1_7696571193,200,red,16.2,9,9.004483333333333,Bard,7921.0,6753.0,MID_LANE
EUW1_7696571193,200,red,16.2,11,11.0047,Bard,7352.0,4953.0,BLUE_BOT_JUNGLE
EUW1_7696573256,200,red,16.2,8,8.004033333333334,Morgana,8108.0,5825.0,BLUE_BOT_JUNGLE
EUW1_7696573428,100,blue,16.2,9,9.0037,Nautilus,6160.0,4250.0,BLUE_BOT_JUNGLE
EUW1_7696574334,200,red,16.2,11,11.003683333333333,Rell,8510.0,5101.0,BLUE_BOT_JUNGLE
EUW1_7696574623,100,blue,16.2,11,11.00535,Morgana,7966.0,7645.0,MID_LANE
EUW1_7696574623,200,red,16.2,8,8.004666666666667,Braum,6791.0,6329.0,MID_LANE
EUW1_7696574623,200,red,16.2,9,9.0047,Braum,3555.0,10043.0,TOP_SIDE_NEAR
EUW1_7696574623,200,red,16.2,10,10.005166666666666,Braum,10143.0,6528.0,RED_BOT_JUNGLE
EUW1_7696574627,100,blue,16.2,5,5.0029,Rakan,6738.0,4708.0,BLUE_BOT_JUNGLE
EUW1_7696575700,100,blue,16.2,7,7.001733333333333,Nautilus,6503.0,7228.0,MID_LANE
EUW1_7696575700,100,blue,16.2,11,11.003983333333334,Nautilus,7276.0,6587.0,MID_LANE
EUW1_7696575700,200,red,16.2,6,6.001333333333333,Sona,12087.0,7975.0,RED_BOT_JUNGLE
EUW1_7696575700,200,red,16.2,11,11.003983333333334,Sona,8103.0,7532.0,MID_LANE
EUW1_7696576417,100,blue,16.2,8,8.002116666666666,Braum,5308.0,6293.0,MID_LANE
EUW1_7696576417,100,blue,16.2,9,9.00245,Braum,5335.0,9362.0,TOP_SIDE_NEAR
EUW1_7696576417,200,red,16.2,10,10.002516666666667,Milio,7169.0,6754.0,MID_LANE
EUW1_7696577982,100,blue,16.2,9,9.003516666666666,Bard,7294.0,7002.0,MID_LANE
EUW1_7696577982,200,red,16.2,5,5.003266666666667,Karma,12058.0,8295.0,RED_BOT_JUNGLE
EUW1_7696577982,200,red,16.2,8,8.003383333333334,Karma,8445.0,8895.0,MID_LANE
EUW1_7696577982,200,red,16.2,9,9.003516666666666,Karma,6687.0,9039.0,RED_TOP_JUNGLE
EUW1_7696578068,100,blue,16.2,5,5.00065,Senna,4634.0,4150.0,BLUE_BOT_JUNGLE
EUW1_7696578068,100,blue,16.2,6,6.0007166666666665,Senna,4114.0,10352.0,TOP_SIDE_NEAR
EUW1_7696578068,100,blue,16.2,7,7.002516666666667,Senna,8169.0,5088.0,BLUE_BOT_JUNGLE
EUW1_7696578068,100,blue,16.2,10,10.00305,Senna,2771.0,6109.0,BLUE_TOP_JUNGLE
EUW1_7696578068,200,red,16.2,10,10.00305,Braum,6840.0,8313.0,MID_LANE
EUW1_7696578185,100,blue,16.2,8,8.004083333333334,Rakan,7805.0,5013.0,BLUE_BOT_JUNGLE
EUW1_7696578185,100,blue,16.2,9,9.00425,Rakan,2299.0,9484.0,TOP_SIDE_NEAR
EUW1_7696578185,200,red,16.2,9,9.00425,Nami,4458.0,9299.0,TOP_SIDE_NEAR
EUW1_7696578185,200,red,16.2,10,10.004466666666668,Nami,7622.0,6630.0,MID_LANE
EUW1_7696579161,100,blue,16.2,6,6.003116666666667,Leona,2089.0,3634.0,BLUE_TOP_JUNGLE
EUW1_7696579161,100,blue,16.2,7,7.003283333333333,Leona,3097.0,12474.0,TOP_SIDE_NEAR
EUW1_7696579161,100,blue,16.2,8,8.0037,Leona,2556.0,4804.0,BLUE_TOP_JUNGLE
EUW1_7696579161,100,blue,16.2,9,9.00395,Leona,6128.0,8227.0,RIVER_TOP
EUW1_7696579161,100,blue,16.2,10,10.00445,Leona,4788.0,9671.0,TOP_SIDE_NEAR
EUW1_7696579161,200,red,16.2,7,7.003283333333333,Morgana,7315.0,8975.0,RED_TOP_JUNGLE
EUW1_7696579161,200,red,16.2,8,8.0037,Morgana,6038.0,8147.0,RIVER_TOP
EUW1_7696579161,200,red,16.2,10,10.00445,Morgana,5518.0,9296.0,TOP_SIDE_NEAR
EUW1_7696579373,100,blue,16.2,8,8.001383333333333,Braum,5540.0,5213.0,BLUE_BOT_JUNGLE
EUW1_7696579373,100,blue,16.2,9,9.0015,Braum,6493.0,11453.0,TOP_SIDE_NEAR
EUW1_7696579373,200,red,16.2,6,6.0010666666666665,Bard,11234.0,6384.0,RED_BOT_JUNGLE
EUW1_7696579373,200,red,16.2,8,8.001383333333333,Bard,6377.0,5251.0,BLUE_BOT_JUNGLE
EUW1_7696579373,200,red,16.2,11,11.003883333333333,Bard,7253.0,6677.0,MID_LANE
EUW1_7696579484,100,blue,16.2,9,9.00405,Pyke,7738.0,5554.0,BLUE_BOT_JUNGLE
EUW1_7696579484,200,red,16.2,7,7.0039,Nautilus,12537.0,6185.0,RED_BOT_JUNGLE
EUW1_7696579484,200,red,16.2,10,10.004216666666666,Nautilus,5426.0,11255.0,TOP_SIDE_NEAR
EUW1_7696579582,100,blue,16.2,8,8.003883333333333,Alistar,4801.0,6816.0,BLUE_TOP_JUNGLE
EUW1_7696579582,100,blue,16.2,9,9.004233333333334,Alistar,7013.0,8112.0,MID_LANE
EUW1_7696579649,100,blue,16.2,7,7.00345,Pyke,7000.0,8287.0,MID_LANE
EUW1_7696579649,100,blue,16.2,8,8.0035,Pyke,1707.0,9220.0,TOP_LANE_CORE
EUW1_7696579649,100,blue,16.2,9,9.003633333333333,Pyke,6808.0,7296.0,MID_LANE
EUW1_7696579649,100,blue,16.2,10,10.003883333333333,Pyke,1259.0,9391.0,TOP_LANE_CORE
EUW1_7696579649,200,red,16.2,9,9.003633333333333,Sona,8112.0,7558.0,MID_LANE
EUW1_7696581917,100,blue,16.2,10,10.003716666666667,Nautilus,6632.0,9682.0,RED_TOP_JUNGLE
EUW1_7696581917,200,red,16.2,10,10.003716666666667,Nami,7220.0,9949.0,RED_TOP_JUNGLE
EUW1_7696581963,100,blue,16.2,8,8.0036,Alistar,5236.0,9154.0,TOP_SIDE_NEAR
EUW1_7696581963,100,blue,16.2,11,11.004716666666667,Alistar,7672.0,3360.0,BLUE_BOT_JUNGLE
EUW1_7696581963,200,red,16.2,11,11.004716666666667,Lulu,9631.0,8754.0,MID_LANE
EUW1_7696582106,100,blue,16.2,9,9.003633333333333,Nautilus,5413.0,5841.0,BLUE_TOP_JUNGLE
EUW1_7696582106,200,red,16.2,9,9.003633333333333,Leona,4271.0,9540.0,TOP_SIDE_NEAR
EUW1_7696582379,100,blue,16.2,11,11.003416666666666,Sona,3547.0,3012.0,BLUE_BOT_JUNGLE
EUW1_7696582508,100,blue,16.2,9,9.00415,Lux,6895.0,2901.0,BLUE_BOT_JUNGLE
EUW1_7696582508,100,blue,16.2,11,11.00505,Lux,4540.0,8438.0,BLUE_TOP_JUNGLE
EUW1_7696582508,200,red,16.2,5,5.0025,Bard,12807.0,9375.0,RED_BOT_JUNGLE
EUW1_7696582508,200,red,16.2,8,8.0036,Bard,3381.0,9660.0,TOP_SIDE_NEAR
EUW1_7696582508,200,red,16.2,10,10.004566666666667,Bard,4935.0,12391.0,TOP_SIDE_NEAR
EUW1_7696583559,100,blue,16.2,6,6.002983333333333,Pyke,5953.0,5483.0,BLUE_BOT_JUNGLE
EUW1_7696583559,200,red,16.2,8,8.003816666666667,Nami,11714.0,12042.0,RED_TOP_JUNGLE
EUW1_7696583781,200,red,16.2,5,5.0016,Rakan,3366.0,11381.0,TOP_SIDE_NEAR
EUW1_7696583781,200,red,16.2,8,8.002483333333334,Rakan,4887.0,8955.0,TOP_SIDE_NEAR
EUW1_7696583781,200,red,16.2,9,9.002683333333334,Rakan,4145.0,10290.0,TOP_SIDE_NEAR
EUW1_7696584014,200,red,16.2,8,8.0012,Braum,6735.0,9398.0,RED_TOP_JUNGLE
EUW1_7696584014,200,red,16.2,9,9.001283333333333,Braum,3537.0,7377.0,BLUE_TOP_JUNGLE
EUW1_7696584759,100,blue,16.2,6,6.0036,Elise,6107.0,5028.0,BLUE_BOT_JUNGLE
EUW1_7696584759,100,blue,16.2,7,7.003733333333333,Elise,6084.0,4203.0,BLUE_BOT_JUNGLE
EUW1_7696584759,100,blue,16.2,8,8.00375,Elise,1962.0,13215.0,TOP_LANE_CORE
EUW1_7696584759,100,blue,16.2,10,10.004433333333333,Elise,8011.0,7282.0,MID_LANE
EUW1_7696584759,200,red,16.2,7,7.003733333333333,TahmKench,10601.0,6439.0,RED_BOT_JUNGLE
EUW1_7696584759,200,red,16.2,10,10.004433333333333,TahmKench,8384.0,8279.0,MID_LANE
EUW1_7696585064,100,blue,16.2,8,8.0037,Blitzcrank,8010.0,6786.0,MID_LANE
EUW1_7696585064,100,blue,16.2,9,9.0039,Blitzcrank,5971.0,9445.0,RIVER_TOP
EUW1_7696585064,200,red,16.2,8,8.0037,Karma,7974.0,8008.0,MID_LANE
EUW1_7696585064,200,red,16.2,9,9.0039,Karma,6197.0,10136.0,TOP_SIDE_NEAR
EUW1_7696586280,100,blue,16.2,9,9.0036,Karma,7723.0,7110.0,MID_LANE
EUW1_7696586280,100,blue,16.2,10,10.0039,Karma,7754.0,6894.0,MID_LANE
EUW1_7696586280,200,red,16.2,9,9.0036,Nami,9117.0,8365.0,MID_LANE
EUW1_7696586280,200,red,16.2,10,10.0039,Nami,8630.0,8611.0,MID_LANE
EUW1_7696586393,100,blue,16.2,8,8.002933333333333,Nautilus,7484.0,5899.0,BLUE_BOT_JUNGLE
EUW1_7696586393,200,red,16.2,8,8.002933333333333,Rell,8490.0,4879.0,BLUE_BOT_JUNGLE
EUW1_7696586393,200,red,16.2,10,10.003983333333334,Rell,6838.0,8926.0,RED_TOP_JUNGLE
EUW1_7696587393,100,blue,16.2,10,10.00505,Soraka,3813.0,2485.0,BLUE_BOT_JUNGLE
EUW1_7696587393,100,blue,16.2,11,11.005266666666667,Soraka,6693.0,6607.0,MID_LANE
EUW1_7696587393,200,red,16.2,7,7.004216666666666,Zilean,5784.0,10853.0,TOP_SIDE_NEAR
EUW1_7696587393,200,red,16.2,11,11.005266666666667,Zilean,10899.0,6169.0,RED_BOT_JUNGLE
EUW1_7696587847,100,blue,16.2,9,9.004716666666667,Rakan,5820.0,5443.0,BLUE_BOT_JUNGLE
EUW1_7696588335,100,blue,16.2,6,6.001333333333333,Anivia,7160.0,3964.0,BLUE_BOT_JUNGLE
EUW1_7696588335,100,blue,16.2,8,8.00295,Anivia,11469.0,8317.0,RED_BOT_JUNGLE
EUW1_7696588335,200,red,16.2,8,8.00295,Nami,11710.0,9527.0,RED_BOT_JUNGLE
EUW1_7696588335,200,red,16.2,11,11.0045,Nami,9857.0,7300.0,RED_BOT_JUNGLE
EUW1_7696588340,100,blue,16.2,11,11.002616666666666,Leona,6741.0,7066.0,MID_LANE
EUW1_7696588340,200,red,16.2,9,9.002266666666667,Blitzcrank,10153.0,8789.0,RED_BOT_JUNGLE
EUW1_7696588340,200,red,16.2,11,11.002616666666666,Blitzcrank,7266.0,7209.0,MID_LANE
EUW1_7696590034,100,blue,16.2,11,11.005616666666667,Thresh,3238.0,11872.0,TOP_SIDE_NEAR
EUW1_7696590034,200,red,16.2,11,11.005616666666667,Nami,7887.0,7901.0,MID_LANE
EUW1_7696590221,100,blue,16.2,9,9.003916666666667,Senna,4175.0,3713.0,BLUE_BOT_JUNGLE
EUW1_7696590221,100,blue,16.2,10,10.004216666666666,Senna,8185.0,5748.0,BLUE_BOT_JUNGLE
EUW1_7696590221,100,blue,16.2,11,11.004733333333334,Senna,2570.0,13536.0,TOP_LANE_CORE
EUW1_7696590221,200,red,16.2,6,6.0030833333333335,Lux,12459.0,11385.0,RED_BOT_JUNGLE
EUW1_7696590221,200,red,16.2,9,9.003916666666667,Lux,11325.0,10835.0,RED_BOT_JUNGLE
EUW1_7696590221,200,red,16.2,10,10.004216666666666,Lux,8549.0,4822.0,BLUE_BOT_JUNGLE
EUW1_7696590422,100,blue,16.2,8,8.0038,Braum,3802.0,11656.0,TOP_SIDE_NEAR
EUW1_7696590643,100,blue,16.2,11,11.0049,Nami,6840.0,4807.0,BLUE_BOT_JUNGLE
EUW1_7696590720,100,blue,16.2,9,9.0033,Bard,6408.0,7764.0,MID_LANE
EUW1_7696590720,100,blue,16.2,10,10.003366666666667,Bard,4957.0,10050.0,BARON_GRUBS_HERALD_AREA
EUW1_7696590720,200,red,16.2,9,9.0033,Senna,6188.0,8812.0,RIVER_TOP
EUW1_7696591458,100,blue,16.2,9,9.003916666666667,Rakan,5834.0,5998.0,MID_LANE
EUW1_7696591458,100,blue,16.2,10,10.004316666666666,Rakan,6071.0,6761.0,MID_LANE
EUW1_7696591458,200,red,16.2,7,7.003166666666667,Bard,6849.0,5458.0,BLUE_BOT_JUNGLE
EUW1_7696591458,200,red,16.2,9,9.003916666666667,Bard,7260.0,7729.0,MID_LANE
EUW1_7696591458,200,red,16.2,10,10.004316666666666,Bard,6188.0,7798.0,MID_LANE
EUW1_7696591931,100,blue,16.2,11,11.003516666666666,Nami,6191.0,6707.0,MID_LANE
EUW1_7696591931,200,red,16.2,11,11.003516666666666,Karma,10454.0,11051.0,RED_TOP_JUNGLE
EUW1_7696592154,200,red,16.2,6,6.0027333333333335,Rakan,11648.0,11184.0,RED_BOT_JUNGLE
EUW1_7696592154,200,red,16.2,7,7.00315,Rakan,9512.0,9113.0,MID_LANE
EUW1_7696592908,100,blue,16.2,8,8.0039,Neeko,6871.0,7763.0,MID_LANE
EUW1_7696592908,100,blue,16.2,11,11.004616666666667,Neeko,7437.0,2662.0,BLUE_BOT_JUNGLE
EUW1_7696592908,200,red,16.2,8,8.0039,Nautilus,7461.0,7729.0,MID_LANE
EUW1_7696592908,200,red,16.2,11,11.004616666666667,Nautilus,7292.0,2822.0,BLUE_BOT_JUNGLE
EUW1_7696593836,200,red,16.2,7,7.003033333333334,Nami,12713.0,10922.0,RED_BOT_JUNGLE
EUW1_7696594896,100,blue,16.2,5,5.000933333333333,Rakan,3469.0,2848.0,BLUE_BOT_JUNGLE
EUW1_7696594896,100,blue,16.2,7,7.001216666666667,Rakan,6361.0,2395.0,BLUE_BOT_JUNGLE
EUW1_7696594896,100,blue,16.2,9,9.001983333333333,Rakan,7670.0,7470.0,MID_LANE
EUW1_7696594896,200,red,16.2,8,8.001666666666667,Poppy,9513.0,10128.0,RED_TOP_JUNGLE
EUW1_7696594896,200,red,16.2,9,9.001983333333333,Poppy,9755.0,7355.0,RED_BOT_JUNGLE
EUW1_7696595239,100,blue,16.2,7,7.003533333333333,Nautilus,5894.0,5448.0,BLUE_BOT_JUNGLE
EUW1_7696595331,100,blue,16.2,6,6.001283333333333,Bard,6340.0,6599.0,MID_LANE
EUW1_7696595331,200,red,16.2,7,7.00135,Rakan,10752.0,10414.0,RED_BOT_JUNGLE
EUW1_7696595331,200,red,16.2,8,8.00145,Rakan,3585.0,10077.0,TOP_SIDE_NEAR
EUW1_7696595358,100,blue,16.2,6,6.001033333333333,Soraka,8369.0,7309.0,MID_LANE
EUW1_7696595358,100,blue,16.2,11,11.004033333333334,Soraka,3599.0,3049.0,BLUE_BOT_JUNGLE
EUW1_7696595358,200,red,16.2,5,5.000633333333333,Thresh,3192.0,11178.0,TOP_SIDE_NEAR
EUW1_7696595358,200,red,16.2,9,9.00345,Thresh,6959.0,7120.0,MID_LANE
EUW1_7696595358,200,red,16.2,11,11.004033333333334,Thresh,8161.0,6985.0,MID_LANE
EUW1_7696595455,100,blue,16.2,8,8.00415,Karma,4850.0,2983.0,BLUE_BOT_JUNGLE
EUW1_7696595455,200,red,16.2,11,11.004983333333334,Bard,7128.0,6998.0,MID_LANE
EUW1_7696595465,100,blue,16.2,5,5.0023333333333335,Skarner,3833.0,11843.0,TOP_SIDE_NEAR
EUW1_7696595465,100,blue,16.2,10,10.003383333333334,Skarner,5098.0,12868.0,TOP_SIDE_NEAR
EUW1_7696595465,100,blue,16.2,11,11.0039,Skarner,8149.0,7700.0,MID_LANE
EUW1_7696595465,200,red,16.2,8,8.002816666666666,Elise,7753.0,6555.0,MID_LANE
EUW1_7696595465,200,red,16.2,11,11.0039,Elise,8292.0,7702.0,MID_LANE
EUW1_7696597742,200,red,16.2,7,7.003966666666667,Janna,7834.0,2327.0,BLUE_BOT_JUNGLE
EUW1_7696597742,200,red,16.2,8,8.004216666666666,Janna,9320.0,9930.0,RED_TOP_JUNGLE
EUW1_7696598580,100,blue,16.2,10,10.003883333333333,Lulu,7451.0,7684.0,MID_LANE
EUW1_7696598580,200,red,16.2,5,5.002966666666667,Pyke,8242.0,5570.0,BLUE_BOT_JUNGLE
EUW1_7696598580,200,red,16.2,8,8.003216666666667,Pyke,7483.0,6225.0,MID_LANE
EUW1_7696598580,200,red,16.2,9,9.0035,Pyke,2178.0,9593.0,TOP_SIDE_NEAR
EUW1_7696598973,100,blue,16.2,6,6.00305,Nami,6705.0,7205.0,MID_LANE
EUW1_7696598973,200,red,16.2,6,6.00305,Lulu,7895.0,8003.0,MID_LANE
EUW1_7696599016,100,blue,16.2,8,8.004433333333333,Bard,5480.0,6977.0,BLUE_TOP_JUNGLE
EUW1_7696599016,200,red,16.2,8,8.004433333333333,Lulu,6402.0,7858.0,MID_LANE
EUW1_7696599145,100,blue,16.2,9,9.004283333333333,Lulu,4368.0,7157.0,BLUE_TOP_JUNGLE
EUW1_7696599145,200,red,16.2,9,9.004283333333333,Leona,3321.0,7398.0,BLUE_TOP_JUNGLE
EUW1_7696599907,100,blue,16.2,10,10.0044,Thresh,8294.0,4971.0,BLUE_BOT_JUNGLE
EUW1_7696599907,200,red,16.2,9,9.004316666666666,Nami,7325.0,8468.0,MID_LANE
EUW1_7696600055,100,blue,16.2,8,8.0027,Elise,8135.0,7030.0,MID_LANE
EUW1_7696600055,100,blue,16.2,10,10.0035,Elise,4624.0,9700.0,TOP_SIDE_NEAR
EUW1_7696600055,100,blue,16.2,11,11.003883333333333,Elise,7492.0,4702.0,BLUE_BOT_JUNGLE
EUW1_7696600055,200,red,16.2,10,10.0035,Bard,4911.0,9724.0,BARON_GRUBS_HERALD_AREA
EUW1_7696600118,200,red,16.2,7,7.0038833333333335,Braum,11965.0,11233.0,RED_BOT_JUNGLE
EUW1_7696600118,200,red,16.2,8,8.00425,Braum,8361.0,7687.0,MID_LANE
EUW1_7696600540,100,blue,16.2,8,8.004533333333333,Nami,7268.0,2687.0,BLUE_BOT_JUNGLE
EUW1_7696600540,200,red,16.2,8,8.004533333333333,Thresh,7654.0,3642.0,BLUE_BOT_JUNGLE
EUW1_7696600893,100,blue,16.2,7,7.003816666666666,Senna,7643.0,7372.0,MID_LANE
EUW1_7696600893,100,blue,16.2,11,11.004933333333334,Senna,7395.0,6309.0,MID_LANE
EUW1_7696600893,200,red,16.2,7,7.003816666666666,Ashe,10310.0,6164.0,RED_BOT_JUNGLE
EUW1_7696601329,200,red,16.2,9,9.00445,Senna,12021.0,11743.0,RED_BOT_JUNGLE
EUW1_7696601329,200,red,16.2,10,10.0045,Senna,11916.0,6627.0,RED_BOT_JUNGLE
EUW1_7696601329,200,red,16.2,11,11.004616666666667,Senna,7873.0,7709.0,MID_LANE
EUW1_7696601499,200,red,16.2,9,9.004633333333333,Senna,4921.0,9715.0,BARON_GRUBS_HERALD_AREA
EUW1_7696601737,100,blue,16.2,7,7.004166666666666,Nami,4883.0,5055.0,BLUE_BOT_JUNGLE
EUW1_7696601737,100,blue,16.2,8,8.00435,Nami,7500.0,7995.0,MID_LANE
EUW1_7696601737,200,red,16.2,8,8.00435,Bard,7049.0,9567.0,RED_TOP_JUNGLE
EUW1_7696601737,200,red,16.2,9,9.004416666666666,Bard,7483.0,6930.0,MID_LANE
EUW1_7696602097,100,blue,16.2,9,9.003316666666667,Rakan,7400.0,3936.0,BLUE_BOT_JUNGLE
EUW1_7696602464,100,blue,16.2,6,6.001716666666667,Pyke,4808.0,8514.0,BLUE_TOP_JUNGLE
EUW1_7696602464,100,blue,16.2,11,11.004466666666668,Pyke,7636.0,7104.0,MID_LANE
EUW1_7696602464,200,red,16.2,6,6.001716666666667,Janna,6753.0,8351.0,RED_TOP_JUNGLE
EUW1_7696602464,200,red,16.2,9,9.0039,Janna,9898.0,8052.0,RED_BOT_JUNGLE
EUW1_7696602668,100,blue,16.2,11,11.004066666666667,Senna,1383.0,8362.0,TOP_LANE_CORE
EUW1_7696602697,100,blue,16.2,8,8.0035,Rakan,6112.0,4998.0,BLUE_BOT_JUNGLE
EUW1_7696602697,100,blue,16.2,9,9.004016666666667,Rakan,4901.0,12661.0,TOP_SIDE_NEAR
EUW1_7696602697,200,red,16.2,6,6.002933333333333,Pyke,9603.0,7424.0,RED_BOT_JUNGLE
EUW1_7696602697,200,red,16.2,10,10.004066666666667,Pyke,8520.0,7486.0,MID_LANE
EUW1_7696602730,100,blue,16.2,6,6.003183333333333,Thresh,7014.0,4192.0,BLUE_BOT_JUNGLE
EUW1_7696602730,100,blue,16.2,8,8.00395,Thresh,7538.0,7858.0,MID_LANE
EUW1_7696602730,100,blue,16.2,9,9.004483333333333,Thresh,4194.0,11361.0,TOP_SIDE_NEAR
EUW1_7696602730,200,red,16.2,6,6.003183333333333,Velkoz,7204.0,4898.0,BLUE_BOT_JUNGLE
EUW1_7696602730,200,red,16.2,8,8.00395,Velkoz,8188.0,7446.0,MID_LANE
EUW1_7696603392,100,blue,16.2,9,9.003883333333333,Rakan,6374.0,5858.0,MID_LANE
EUW1_7696605064,100,blue,16.2,8,8.003433333333334,Thresh,6862.0,9497.0,RED_TOP_JUNGLE
EUW1_7696605064,100,blue,16.2,10,10.00425,Thresh,8323.0,5078.0,BLUE_BOT_JUNGLE
EUW1_7696606042,100,blue,16.2,11,11.00305,Nautilus,6878.0,4730.0,BLUE_BOT_JUNGLE
EUW1_7696606042,200,red,16.2,6,6.00115,Leona,11995.0,11235.0,RED_BOT_JUNGLE
EUW1_7696606042,200,red,16.2,11,11.00305,Leona,8611.0,4368.0,BLUE_BOT_JUNGLE
EUW1_7696606328,100,blue,16.2,11,11.003883333333333,Sylas,8371.0,4911.0,BLUE_BOT_JUNGLE
EUW1_7696606328,200,red,16.2,11,11.003883333333333,Thresh,8264.0,6963.0,MID_LANE
EUW1_7696607528,100,blue,16.2,9,9.0037,Nautilus,8581.0,4676.0,BLUE_BOT_JUNGLE
EUW1_7696607528,200,red,16.2,11,11.004183333333334,Pyke,3881.0,11743.0,TOP_SIDE_NEAR
EUW1_7696607865,100,blue,16.2,7,7.00185,Neeko,7221.0,6787.0,MID_LANE
EUW1_7696607865,100,blue,16.2,11,11.0045,Neeko,7314.0,7049.0,MID_LANE
EUW1_7696607865,200,red,16.2,11,11.0045,TwistedFate,6589.0,8690.0,RIVER_TOP
EUW1_7696607887,100,blue,16.2,9,9.003766666666667,Taric,8035.0,7724.0,MID_LANE
EUW1_7696607887,200,red,16.2,9,9.003766666666667,Sona,8348.0,7834.0,MID_LANE
EUW1_7696608086,100,blue,16.2,7,7.002833333333333,Braum,5324.0,7258.0,BLUE_TOP_JUNGLE
EUW1_7696608086,100,blue,16.2,10,10.003816666666667,Braum,5911.0,6963.0,MID_LANE
EUW1_7696608086,100,blue,16.2,11,11.0041,Braum,6529.0,4507.0,BLUE_BOT_JUNGLE
EUW1_7696608086,200,red,16.2,7,7.002833333333333,Alistar,6303.0,8309.0,RIVER_TOP
EUW1_7696608086,200,red,16.2,10,10.003816666666667,Alistar,8089.0,6756.0,MID_LANE
EUW1_7696608542,100,blue,16.2,9,9.004466666666668,Nautilus,12175.0,6683.0,RED_BOT_JUNGLE
EUW1_7696608912,200,red,16.2,9,9.002633333333334,Pyke,7175.0,6489.0,MID_LANE
EUW1_7696608912,200,red,16.2,10,10.00285,Pyke,12123.0,8319.0,RED_BOT_JUNGLE
EUW1_7696609145,100,blue,16.2,11,11.004283333333333,Rakan,7478.0,4800.0,BLUE_BOT_JUNGLE
EUW1_7696609145,200,red,16.2,5,5.0028,Lulu,8051.0,5225.0,BLUE_BOT_JUNGLE
EUW1_7696609302,100,blue,16.2,5,5.002883333333333,Nami,3387.0,9599.0,TOP_SIDE_NEAR
EUW1_7696609302,100,blue,16.2,6,6.002916666666667,Nami,3576.0,11290.0,TOP_SIDE_NEAR
EUW1_7696609302,100,blue,16.2,8,8.003533333333333,Nami,3607.0,3984.0,BLUE_TOP_JUNGLE
EUW1_7696609302,100,blue,16.2,9,9.00405,Nami,4170.0,10268.0,TOP_SIDE_NEAR
EUW1_7696609302,100,blue,16.2,11,11.004533333333333,Nami,7828.0,7039.0,MID_LANE
EUW1_7696609302,200,red,16.2,10,10.004516666666667,Zac,7110.0,7550.0,MID_LANE
EUW1_7696609302,200,red,16.2,11,11.004533333333333,Zac,10919.0,7612.0,RED_BOT_JUNGLE
EUW1_7696609500,200,red,16.2,9,9.004066666666667,Thresh,6766.0,7225.0,MID_LANE
EUW1_7696609500,200,red,16.2,10,10.004466666666668,Thresh,5460.0,8430.0,RIVER_TOP
EUW1_7696610498,200,red,16.2,7,7.00375,Pyke,10435.0,6239.0,RED_BOT_JUNGLE
EUW1_7696610604,100,blue,16.2,6,6.001016666666667,Rakan,7142.0,6155.0,MID_LANE
EUW1_7696610604,100,blue,16.2,9,9.001916666666666,Rakan,6521.0,8481.0,RIVER_TOP
EUW1_7696610604,200,red,16.2,8,8.001716666666667,Elise,11441.0,12972.0,RED_TOP_JUNGLE
EUW1_7696610604,200,red,16.2,9,9.001916666666666,Elise,7208.0,6466.0,MID_LANE
EUW1_7696612189,100,blue,16.2,7,7.0033,Janna,6595.0,6474.0,MID_LANE
EUW1_7696612913,200,red,16.2,8,8.003983333333334,Karma,9304.0,9794.0,RED_TOP_JUNGLE
EUW1_7696612913,200,red,16.2,11,11.004683333333332,Karma,7490.0,6847.0,MID_LANE
EUW1_7696613064,100,blue,16.2,7,7.0030833333333335,Nami,3857.0,3139.0,BLUE_BOT_JUNGLE
EUW1_7696613064,100,blue,16.2,9,9.003566666666666,Nami,10537.0,6253.0,RED_BOT_JUNGLE
EUW1_7696613064,200,red,16.2,5,5.002433333333333,AurelionSol,10612.0,10059.0,RED_BOT_JUNGLE
EUW1_7696613064,200,red,16.2,7,7.0030833333333335,AurelionSol,7267.0,8853.0,RED_TOP_JUNGLE
EUW1_7696613064,200,red,16.2,8,8.003216666666667,AurelionSol,3318.0,9634.0,TOP_SIDE_NEAR
EUW1_7696613064,200,red,16.2,9,9.003566666666666,AurelionSol,6355.0,7503.0,MID_LANE
EUW1_7696613484,200,red,16.2,7,7.001933333333334,Ivern,2363.0,11382.0,TOP_SIDE_NEAR
EUW1_7696613484,200,red,16.2,10,10.002666666666666,Ivern,5605.0,8478.0,RIVER_TOP
EUW1_7696613484,200,red,16.2,11,11.002966666666667,Ivern,6948.0,7645.0,MID_LANE
EUW1_7696614649,100,blue,16.2,9,9.004333333333333,Alistar,6761.0,6908.0,MID_LANE
EUW1_7696614649,200,red,16.2,7,7.003933333333333,Bard,6593.0,6189.0,MID_LANE
EUW1_7696614649,200,red,16.2,9,9.004333333333333,Bard,5417.0,9555.0,TOP_SIDE_NEAR
EUW1_7696615660,100,blue,16.2,8,8.003666666666666,Bard,3358.0,8486.0,TOP_SIDE_NEAR
EUW1_7696615660,100,blue,16.2,9,9.003683333333333,Bard,5743.0,5725.0,BLUE_BOT_JUNGLE
EUW1_7696615660,100,blue,16.2,10,10.0038,Bard,3396.0,11031.0,TOP_SIDE_NEAR
EUW1_7696615660,200,red,16.2,7,7.00345,Alistar,11017.0,7664.0,RED_BOT_JUNGLE
EUW1_7696615660,200,red,16.2,8,8.003666666666666,Alistar,3016.0,9583.0,TOP_SIDE_NEAR
EUW1_7696615660,200,red,16.2,9,9.003683333333333,Alistar,6244.0,9056.0,RIVER_TOP
EUW1_7696615660,200,red,16.2,10,10.0038,Alistar,10033.0,12014.0,RED_TOP_JUNGLE
EUW1_7696616531,100,blue,16.2,9,9.004416666666666,Nami,5269.0,7147.0,BLUE_TOP_JUNGLE
EUW1_7696616531,100,blue,16.2,11,11.0051,Nami,7468.0,5067.0,BLUE_BOT_JUNGLE
EUW1_7696617262,100,blue,16.2,11,11.0047,Milio,8546.0,4708.0,BLUE_BOT_JUNGLE
EUW1_7696617262,200,red,16.2,11,11.0047,Bard,8158.0,5733.0,BLUE_BOT_JUNGLE
EUW1_7696617302,100,blue,16.2,5,5.00355,Zilean,8055.0,2342.0,BLUE_BOT_JUNGLE
EUW1_7696617302,100,blue,16.2,7,7.004133333333334,Zilean,2911.0,11030.0,TOP_SIDE_NEAR
EUW1_7696617302,100,blue,16.2,8,8.004316666666666,Zilean,2611.0,13579.0,TOP_LANE_CORE
EUW1_7696617302,100,blue,16.2,9,9.004466666666668,Zilean,6170.0,5988.0,MID_LANE
EUW1_7696617302,100,blue,16.2,10,10.005016666666666,Zilean,6386.0,6915.0,MID_LANE
EUW1_7696617302,200,red,16.2,9,9.004466666666668,Velkoz,6065.0,8546.0,RIVER_TOP
EUW1_7696618016,100,blue,16.2,10,10.004766666666667,Janna,5471.0,5611.0,BLUE_BOT_JUNGLE
EUW1_7696618016,100,blue,16.2,11,11.0053,Janna,4874.0,3000.0,BLUE_BOT_JUNGLE
EUW1_7696618016,200,red,16.2,11,11.0053,Milio,7138.0,7022.0,MID_LANE
EUW1_7696618035,200,red,16.2,8,8.004066666666667,Braum,6381.0,7453.0,MID_LANE
EUW1_7696618365,100,blue,16.2,5,5.002916666666667,Elise,7607.0,3206.0,BLUE_BOT_JUNGLE
EUW1_7696618365,100,blue,16.2,6,6.00305,Elise,5564.0,11537.0,TOP_SIDE_NEAR
EUW1_7696618365,200,red,16.2,7,7.003183333333333,Nautilus,7719.0,5467.0,BLUE_BOT_JUNGLE
EUW1_7696618365,200,red,16.2,9,9.00335,Nautilus,12136.0,8630.0,RED_BOT_JUNGLE
EUW1_7696618390,100,blue,16.2,8,8.00375,Nautilus,2832.0,13169.0,TOP_LANE_CORE
EUW1_7696618390,100,blue,16.2,9,9.0042,Nautilus,2580.0,13506.0,TOP_LANE_CORE
EUW1_7696618390,200,red,16.2,8,8.00375,Nami,5868.0,12728.0,TOP_SIDE_NEAR
EUW1_7696618390,200,red,16.2,9,9.0042,Nami,8499.0,12261.0,RED_TOP_JUNGLE
EUW1_7696618390,200,red,16.2,11,11.004616666666667,Nami,10975.0,10467.0,RED_BOT_JUNGLE
EUW1_7696618762,100,blue,16.2,8,8.003883333333333,Pyke,7257.0,3346.0,BLUE_BOT_JUNGLE
EUW1_7696618762,100,blue,16.2,9,9.004283333333333,Pyke,6685.0,4383.0,BLUE_BOT_JUNGLE
EUW1_7696618762,200,red,16.2,9,9.004283333333333,Lulu,8597.0,3897.0,BLUE_BOT_JUNGLE
EUW1_7696618862,100,blue,16.2,9,9.0034,Bard,8633.0,3492.0,BLUE_BOT_JUNGLE
EUW1_7696618862,100,blue,16.2,10,10.003566666666666,Bard,8607.0,4933.0,BLUE_BOT_JUNGLE
EUW1_7696618946,100,blue,16.2,8,8.00335,Bard,8508.0,5532.0,BLUE_BOT_JUNGLE
EUW1_7696618946,200,red,16.2,8,8.00335,Maokai,7622.0,6843.0,MID_LANE
EUW1_7696618946,200,red,16.2,11,11.00435,Maokai,8085.0,7499.0,MID_LANE
EUW1_7696619984,100,blue,16.2,8,8.00345,Alistar,1344.0,6659.0,TOP_LANE_CORE
EUW1_7696619984,100,blue,16.2,9,9.004016666666667,Alistar,1445.0,8435.0,TOP_LANE_CORE
EUW1_7696619984,100,blue,16.2,10,10.004216666666666,Alistar,7480.0,5017.0,BLUE_BOT_JUNGLE
EUW1_7696619984,100,blue,16.2,11,11.0047,Alistar,8568.0,9016.0,MID_LANE
EUW1_7696619984,200,red,16.2,9,9.004016666666667,Rakan,8947.0,8777.0,MID_LANE
EUW1_7696619984,200,red,16.2,10,10.004216666666666,Rakan,9944.0,9595.0,RED_BOT_JUNGLE
EUW1_7696620256,100,blue,16.2,6,6.00285,Rell,7901.0,8296.0,MID_LANE
EUW1_7696620256,100,blue,16.2,9,9.003966666666667,Rell,5873.0,10628.0,TOP_SIDE_NEAR
EUW1_7696620256,100,blue,16.2,10,10.004183333333334,Rell,8123.0,1911.0,BLUE_BOT_JUNGLE
EUW1_7696620256,200,red,16.2,9,9.003966666666667,Nami,6825.0,9948.0,RED_TOP_JUNGLE
EUW1_7696620766,100,blue,16.2,6,6.002583333333333,Rakan,7843.0,5751.0,BLUE_BOT_JUNGLE
EUW1_7696620766,100,blue,16.2,8,8.0033,Rakan,4448.0,9849.0,TOP_SIDE_NEAR
EUW1_7696620766,100,blue,16.2,9,9.0034,Rakan,7164.0,3487.0,BLUE_BOT_JUNGLE
EUW1_7696622324,100,blue,16.2,9,9.003533333333333,Rell,11066.0,7058.0,RED_BOT_JUNGLE
EUW1_7696622324,100,blue,16.2,11,11.003933333333332,Rell,4619.0,12015.0,TOP_SIDE_NEAR
EUW1_7696622324,200,red,16.2,7,7.0030833333333335,Sona,3544.0,10998.0,TOP_SIDE_NEAR
EUW1_7696622324,200,red,16.2,8,8.003333333333334,Sona,12002.0,7018.0,RED_BOT_JUNGLE
EUW1_7696622324,200,red,16.2,9,9.003533333333333,Sona,9526.0,9351.0,RED_TOP_JUNGLE
EUW1_7696622324,200,red,16.2,10,10.0037,Sona,8928.0,8868.0,MID_LANE
EUW1_7696622362,200,red,16.2,10,10.004666666666667,Karma,10169.0,6162.0,RED_BOT_JUNGLE
EUW1_7696623908,100,blue,16.2,5,5.00225,TwistedFate,7897.0,8320.0,MID_LANE
EUW1_7696623908,100,blue,16.2,11,11.004116666666667,TwistedFate,4958.0,10083.0,BARON_GRUBS_HERALD_AREA
EUW1_7696623908,200,red,16.2,5,5.00225,Leblanc,3162.0,10940.0,TOP_SIDE_NEAR
EUW1_7696623908,200,red,16.2,8,8.0032,Leblanc,3699.0,9826.0,TOP_SIDE_NEAR
EUW1_7696623908,200,red,16.2,10,10.003633333333333,Leblanc,6676.0,12927.0,TOP_SIDE_NEAR
EUW1_7696623908,200,red,16.2,11,11.004116666666667,Leblanc,10800.0,10996.0,RED_TOP_JUNGLE
EUW1_7696624896,100,blue,16.2,5,5.00295,Pyke,6766.0,7741.0,MID_LANE
EUW1_7696624896,100,blue,16.2,7,7.003733333333333,Pyke,4211.0,11738.0,TOP_SIDE_NEAR
EUW1_7696624896,100,blue,16.2,8,8.004233333333334,Pyke,6328.0,5892.0,MID_LANE
EUW1_7696624896,200,red,16.2,5,5.00295,Bard,7215.0,7401.0,MID_LANE
EUW1_7696624896,200,red,16.2,7,7.003733333333333,Bard,3464.0,11651.0,TOP_SIDE_NEAR
EUW1_7696624896,200,red,16.2,10,10.0046,Bard,5291.0,8762.0,RIVER_TOP
EUW1_7696624896,200,red,16.2,11,11.004833333333334,Bard,6872.0,7888.0,MID_LANE
EUW1_7696625540,100,blue,16.2,8,8.00325,Seraphine,6151.0,8269.0,RIVER_TOP
EUW1_7696625540,100,blue,16.2,11,11.004216666666666,Seraphine,8615.0,2198.0,BLUE_BOT_JUNGLE
EUW1_7696625953,100,blue,16.2,9,9.003966666666667,Bard,3613.0,13127.0,TOP_LANE_CORE
EUW1_7696625953,100,blue,16.2,11,11.004566666666667,Bard,2420.0,12386.0,TOP_LANE_CORE
EUW1_7696625953,200,red,16.2,9,9.003966666666667,Thresh,5058.0,8645.0,RIVER_TOP
EUW1_7696626243,100,blue,16.2,5,5.002966666666667,Poppy,8293.0,3457.0,BLUE_BOT_JUNGLE
EUW1_7696626243,100,blue,16.2,10,10.00445,Poppy,5865.0,3964.0,BLUE_BOT_JUNGLE
EUW1_7696626243,200,red,16.2,5,5.002966666666667,Leona,8301.0,3513.0,BLUE_BOT_JUNGLE
EUW1_7696626463,200,red,16.2,6,6.003033333333334,Pyke,9910.0,8028.0,RED_BOT_JUNGLE
EUW1_7696626463,200,red,16.2,9,9.003433333333334,Pyke,7890.0,7058.0,MID_LANE
EUW1_7696626887,100,blue,16.2,5,5.000666666666667,Milio,4588.0,4086.0,BLUE_BOT_JUNGLE
EUW1_7696626887,200,red,16.2,5,5.000666666666667,Soraka,7729.0,7762.0,MID_LANE
EUW1_7696626887,200,red,16.2,6,6.000983333333333,Soraka,12903.0,7335.0,RED_BOT_JUNGLE
EUW1_7696626887,200,red,16.2,8,8.003033333333333,Soraka,8253.0,8328.0,MID_LANE
EUW1_7696627962,200,red,16.2,11,11.003883333333333,Senna,3608.0,10727.0,TOP_SIDE_NEAR
EUW1_7696628100,100,blue,16.2,9,9.00425,Rakan,5236.0,10295.0,BARON_GRUBS_HERALD_AREA
EUW1_7696628100,200,red,16.2,8,8.00375,Alistar,8287.0,10102.0,RED_TOP_JUNGLE
EUW1_7696629626,100,blue,16.2,8,8.0015,Lulu,3422.0,8919.0,TOP_SIDE_NEAR
EUW1_7696629626,100,blue,16.2,9,9.003366666666667,Lulu,766.0,9583.0,TOP_LANE_CORE
EUW1_7696629626,200,red,16.2,8,8.0015,Janna,9952.0,11967.0,RED_TOP_JUNGLE
EUW1_7696629626,200,red,16.2,9,9.003366666666667,Janna,2054.0,11496.0,TOP_SIDE_NEAR
EUW1_7696631304,200,red,16.2,8,8.003833333333333,Karma,8003.0,7515.0,MID_LANE
EUW1_7696631304,200,red,16.2,9,9.00395,Karma,8351.0,7579.0,MID_LANE
EUW1_7696633642,100,blue,16.2,8,8.0043,Alistar,7762.0,10638.0,RED_TOP_JUNGLE
EUW1_7696633642,200,red,16.2,7,7.003783333333334,Senna,8555.0,10045.0,RED_TOP_JUNGLE
EUW1_7696633661,200,red,16.2,11,11.002633333333334,Renata,9495.0,8625.0,MID_LANE
EUW1_7696633889,100,blue,16.2,5,5.002766666666667,Brand,6520.0,6895.0,MID_LANE
EUW1_7696633889,100,blue,16.2,6,6.003316666666667,Brand,3533.0,3897.0,BLUE_TOP_JUNGLE
EUW1_7696633889,100,blue,16.2,7,7.003866666666666,Brand,7677.0,8402.0,MID_LANE
EUW1_7696633889,100,blue,16.2,8,8.004316666666666,Brand,8016.0,7538.0,MID_LANE
EUW1_7696633889,100,blue,16.2,9,9.004483333333333,Brand,6192.0,8804.0,RIVER_TOP
EUW1_7696633889,100,blue,16.2,10,10.004616666666667,Brand,3375.0,11424.0,TOP_SIDE_NEAR
EUW1_7696633889,100,blue,16.2,11,11.004816666666667,Brand,7480.0,7315.0,MID_LANE
EUW1_7696634061,100,blue,16.2,9,9.003883333333333,Bard,8233.0,7731.0,MID_LANE
EUW1_7696634061,200,red,16.2,5,5.00265,Sona,10330.0,10078.0,RED_BOT_JUNGLE
EUW1_7696634061,200,red,16.2,7,7.0033666666666665,Sona,11949.0,11376.0,RED_BOT_JUNGLE
EUW1_7696634061,200,red,16.2,9,9.003883333333333,Sona,8709.0,8543.0,MID_LANE
EUW1_7696634188,100,blue,16.2,6,6.00285,Elise,6642.0,8472.0,RIVER_TOP
EUW1_7696634188,100,blue,16.2,8,8.003316666666667,Elise,3362.0,8322.0,TOP_SIDE_NEAR
EUW1_7696634188,100,blue,16.2,9,9.00385,Elise,1405.0,3980.0,TOP_LANE_CORE
EUW1_7696634188,100,blue,16.2,10,10.003966666666667,Elise,6563.0,6100.0,MID_LANE
EUW1_7696634188,200,red,16.2,6,6.00285,Nautilus,6448.0,8236.0,RIVER_TOP
EUW1_7696634188,200,red,16.2,8,8.003316666666667,Nautilus,10058.0,10382.0,RED_TOP_JUNGLE
EUW1_7696634188,200,red,16.2,9,9.00385,Nautilus,1457.0,11770.0,TOP_LANE_CORE
EUW1_7696634188,200,red,16.2,10,10.003966666666667,Nautilus,10265.0,7578.0,RED_BOT_JUNGLE
EUW1_7696634721,100,blue,16.2,6,6.003416666666666,Bard,8257.0,3461.0,BLUE_BOT_JUNGLE
EUW1_7696634721,100,blue,16.2,10,10.004783333333334,Bard,6987.0,6763.0,MID_LANE
EUW1_7696634721,100,blue,16.2,11,11.0053,Bard,12433.0,7289.0,RED_BOT_JUNGLE
EUW1_7696634721,200,red,16.2,9,9.004416666666666,Lulu,9093.0,8054.0,MID_LANE
EUW1_7696634721,200,red,16.2,10,10.004783333333334,Lulu,10046.0,6489.0,RED_BOT_JUNGLE
EUW1_7696635423,100,blue,16.2,5,5.002316666666666,Bard,9672.0,6709.0,RED_BOT_JUNGLE
EUW1_7696635423,100,blue,16.2,7,7.002933333333333,Bard,7168.0,7101.0,MID_LANE
EUW1_7696635423,100,blue,16.2,8,8.003416666666666,Bard,3121.0,12537.0,TOP_SIDE_NEAR
EUW1_7696635423,100,blue,16.2,9,9.003933333333332,Bard,8062.0,7267.0,MID_LANE
EUW1_7696635423,100,blue,16.2,11,11.0048,Bard,10973.0,6506.0,RED_BOT_JUNGLE
EUW1_7696635423,200,red,16.2,6,6.002816666666667,Sona,11204.0,6735.0,RED_BOT_JUNGLE
EUW1_7696635423,200,red,16.2,7,7.002933333333333,Sona,7613.0,10206.0,RED_TOP_JUNGLE
EUW1_7696635423,200,red,16.2,9,9.003933333333332,Sona,8528.0,7811.0,MID_LANE
EUW1_7696635423,200,red,16.2,10,10.00435,Sona,10174.0,6880.0,RED_BOT_JUNGLE
EUW1_7696635458,100,blue,16.2,9,9.003433333333334,Janna,4679.0,9007.0,TOP_SIDE_NEAR
EUW1_7696636772,100,blue,16.2,7,7.003866666666666,Janna,5558.0,6925.0,BLUE_TOP_JUNGLE
EUW1_7696636772,200,red,16.2,11,11.005333333333333,Nami,9975.0,6448.0,RED_BOT_JUNGLE
EUW1_7696636888,100,blue,16.2,9,9.00495,Sona,3361.0,9958.0,TOP_SIDE_NEAR
EUW1_7696636888,100,blue,16.2,11,11.00535,Sona,1113.0,5884.0,TOP_LANE_CORE
EUW1_7696636888,200,red,16.2,9,9.00495,Nami,8642.0,8554.0,MID_LANE
EUW1_7696637166,100,blue,16.2,9,9.003666666666666,Lulu,6335.0,5891.0,MID_LANE
EUW1_7696637166,200,red,16.2,10,10.003783333333333,Soraka,10814.0,10547.0,RED_BOT_JUNGLE
EUW1_7696637462,100,blue,16.2,5,5.001116666666666,Pyke,7317.0,8032.0,MID_LANE
EUW1_7696637462,100,blue,16.2,10,10.0018,Pyke,5675.0,6868.0,MID_LANE
EUW1_7696637462,200,red,16.2,5,5.001116666666666,Pantheon,8314.0,7855.0,MID_LANE
EUW1_7696637462,200,red,16.2,6,6.001333333333333,Pantheon,12118.0,9094.0,RED_BOT_JUNGLE
EUW1_7696637462,200,red,16.2,8,8.001666666666667,Pantheon,6792.0,8117.0,MID_LANE
EUW1_7696637462,200,red,16.2,10,10.0018,Pantheon,6304.0,9084.0,RIVER_TOP
EUW1_7696637462,200,red,16.2,11,11.003766666666667,Pantheon,10053.0,12062.0,RED_TOP_JUNGLE
EUW1_7696638350,100,blue,16.2,8,8.00425,FiddleSticks,4802.0,8032.0,BLUE_TOP_JUNGLE
EUW1_7696638350,200,red,16.2,9,9.004283333333333,Bard,6669.0,6720.0,MID_LANE
EUW1_7696638711,100,blue,16.2,11,11.0047,Rell,6979.0,6475.0,MID_LANE
EUW1_7696638711,200,red,16.2,5,5.000783333333334,Pyke,10843.0,11191.0,RED_TOP_JUNGLE
EUW1_7696638711,200,red,16.2,8,8.001333333333333,Pyke,7418.0,8757.0,RED_TOP_JUNGLE
EUW1_7696639119,200,red,16.2,9,9.00375,Thresh,6738.0,13044.0,TOP_SIDE_NEAR
EUW1_7696639597,100,blue,16.2,5,5.002466666666667,Neeko,7363.0,6712.0,MID_LANE
EUW1_7696639597,200,red,16.2,5,5.002466666666667,Bard,7637.0,7768.0,MID_LANE
EUW1_7696639597,200,red,16.2,6,6.00295,Bard,3827.0,13616.0,TOP_LANE_CORE
EUW1_7696639597,200,red,16.2,10,10.00395,Bard,5260.0,9191.0,TOP_SIDE_NEAR
EUW1_7696640329,200,red,16.2,8,8.00405,Rell,5276.0,9310.0,TOP_SIDE_NEAR
EUW1_7696641147,100,blue,16.2,11,11.004066666666667,Nautilus,5753.0,6603.0,MID_LANE
EUW1_7696641147,200,red,16.2,7,7.003416666666666,Braum,8786.0,8107.0,MID_LANE
EUW1_7696641147,200,red,16.2,11,11.004066666666667,Braum,3058.0,9097.0,TOP_SIDE_NEAR
EUW1_7696641181,100,blue,16.2,6,6.0027333333333335,Leona,8629.0,4735.0,BLUE_BOT_JUNGLE
EUW1_7696641181,100,blue,16.2,10,10.003683333333333,Leona,5375.0,6044.0,BLUE_TOP_JUNGLE
EUW1_7696641181,200,red,16.2,10,10.003683333333333,Rell,7978.0,7837.0,MID_LANE
EUW1_7696641433,100,blue,16.2,8,8.003516666666666,Nautilus,4709.0,8469.0,BLUE_TOP_JUNGLE
EUW1_7696641433,200,red,16.2,7,7.00345,Elise,12077.0,7130.0,RED_BOT_JUNGLE
EUW1_7696641433,200,red,16.2,8,8.003516666666666,Elise,5933.0,8501.0,RIVER_TOP
EUW1_7696641700,100,blue,16.2,10,10.00365,Poppy,4686.0,5129.0,BLUE_TOP_JUNGLE
EUW1_7696641700,100,blue,16.2,11,11.003833333333333,Poppy,6542.0,9694.0,RED_TOP_JUNGLE
EUW1_7696641843,100,blue,16.2,8,8.003683333333333,Senna,4620.0,3883.0,BLUE_BOT_JUNGLE
EUW1_7696642532,100,blue,16.2,10,10.003683333333333,Nami,3520.0,2987.0,BLUE_BOT_JUNGLE
EUW1_7696642532,200,red,16.2,10,10.003683333333333,Karma,8703.0,8009.0,MID_LANE
EUW1_7696642810,100,blue,16.2,6,6.003183333333333,Karma,8696.0,5180.0,BLUE_BOT_JUNGLE
EUW1_7696642810,200,red,16.2,7,7.003333333333333,Alistar,9960.0,8662.0,MID_LANE
EUW1_7696642810,200,red,16.2,10,10.004216666666666,Alistar,9869.0,9236.0,RED_BOT_JUNGLE
EUW1_7696644494,100,blue,16.2,7,7.0015833333333335,Bard,2899.0,12427.0,TOP_LANE_CORE
EUW1_7696644494,100,blue,16.2,8,8.002066666666666,Bard,8616.0,4557.0,BLUE_BOT_JUNGLE
EUW1_7696644494,100,blue,16.2,9,9.0022,Bard,3836.0,2100.0,BLUE_BOT_JUNGLE
EUW1_7696644494,200,red,16.2,5,5.001216666666667,Zaahen,2606.0,11302.0,TOP_SIDE_NEAR
EUW1_7696644507,200,red,16.2,9,9.004066666666667,TahmKench,5811.0,8673.0,RIVER_TOP
EUW1_7696644507,200,red,16.2,10,10.0043,TahmKench,6770.0,6721.0,MID_LANE
EUW1_7696645702,100,blue,16.2,7,7.00275,Senna,7126.0,7231.0,MID_LANE
EUW1_7696645702,200,red,16.2,9,9.003166666666667,Alistar,12197.0,6641.0,RED_BOT_JUNGLE
EUW1_7696645702,200,red,16.2,10,10.003616666666666,Alistar,7722.0,3574.0,BLUE_BOT_JUNGLE
EUW1_7696645969,100,blue,16.2,7,7.000516666666667,Bard,3486.0,10112.0,TOP_SIDE_NEAR
EUW1_7696645969,200,red,16.2,8,8.000933333333334,Alistar,9110.0,8501.0,MID_LANE
EUW1_7696646585,100,blue,16.2,8,8.003883333333333,Bard,4821.0,6617.0,BLUE_TOP_JUNGLE
EUW1_7696646585,200,red,16.2,9,9.0043,Lulu,12075.0,8520.0,RED_BOT_JUNGLE
EUW1_7696648721,200,red,16.2,10,10.004083333333334,Neeko,7815.0,7816.0,MID_LANE
EUW1_7696648992,100,blue,16.2,9,9.003516666666666,Braum,4533.0,10112.0,BARON_GRUBS_HERALD_AREA
EUW1_7696649141,100,blue,16.2,8,8.003883333333333,Pyke,5223.0,3759.0,BLUE_BOT_JUNGLE
EUW1_7696649141,100,blue,16.2,11,11.0048,Pyke,6473.0,4645.0,BLUE_BOT_JUNGLE
EUW1_7696650124,100,blue,16.2,9,9.003983333333334,Pyke,10135.0,6299.0,RED_BOT_JUNGLE
EUW1_7696650124,100,blue,16.2,10,10.004533333333333,Pyke,4939.0,3000.0,BLUE_BOT_JUNGLE
EUW1_7696650124,200,red,16.2,8,8.003833333333333,Elise,1659.0,10079.0,TOP_LANE_CORE
EUW1_7696650124,200,red,16.2,9,9.003983333333334,Elise,10152.0,6422.0,RED_BOT_JUNGLE
EUW1_7696650124,200,red,16.2,10,10.004533333333333,Elise,3322.0,9597.0,TOP_SIDE_NEAR
EUW1_7696650229,100,blue,16.2,9,9.003366666666667,Nami,4675.0,9270.0,TOP_SIDE_NEAR
EUW1_7696650229,100,blue,16.2,10,10.003483333333334,Nami,4540.0,12003.0,TOP_SIDE_NEAR
EUW1_7696650229,100,blue,16.2,11,11.0037,Nami,8554.0,2142.0,BLUE_BOT_JUNGLE
EUW1_7696650310,100,blue,16.2,9,9.00465,Brand,6912.0,7001.0,MID_LANE
EUW1_7696650310,200,red,16.2,9,9.00465,Janna,9834.0,7277.0,RED_BOT_JUNGLE
EUW1_7696650310,200,red,16.2,11,11.00515,Janna,11424.0,11959.0,RED_TOP_JUNGLE
EUW1_7696650680,100,blue,16.2,5,5.003816666666666,Nami,1874.0,9806.0,TOP_SIDE_NEAR
EUW1_7696650680,100,blue,16.2,6,6.004066666666667,Nami,6442.0,7183.0,MID_LANE
EUW1_7696650680,100,blue,16.2,9,9.004783333333334,Nami,3385.0,10842.0,TOP_SIDE_NEAR
EUW1_7696650680,100,blue,16.2,11,11.005316666666667,Nami,4601.0,7742.0,BLUE_TOP_JUNGLE
EUW1_7696650680,200,red,16.2,5,5.003816666666666,Nautilus,10433.0,10313.0,RED_TOP_JUNGLE
EUW1_7696650680,200,red,16.2,6,6.004066666666667,Nautilus,7879.0,6015.0,BLUE_BOT_JUNGLE
EUW1_7696650680,200,red,16.2,8,8.004583333333333,Nautilus,6506.0,7173.0,MID_LANE
EUW1_7696650680,200,red,16.2,11,11.005316666666667,Nautilus,6735.0,7358.0,MID_LANE
EUW1_7696651265,100,blue,16.2,7,7.001566666666666,Pyke,12822.0,6958.0,RED_BOT_JUNGLE
EUW1_7696651265,100,blue,16.2,11,11.004683333333332,Pyke,4350.0,2822.0,BLUE_BOT_JUNGLE
EUW1_7696651265,200,red,16.2,10,10.002483333333334,Ivern,8600.0,13256.0,TOP_LANE_CORE
EUW1_7696651265,200,red,16.2,11,11.004683333333332,Ivern,7387.0,8458.0,MID_LANE
EUW1_7696651522,100,blue,16.2,5,5.003516666666667,Sylas,5260.0,3319.0,BLUE_BOT_JUNGLE
EUW1_7696651522,100,blue,16.2,6,6.00355,Sylas,9938.0,7858.0,RED_BOT_JUNGLE
EUW1_7696651522,100,blue,16.2,8,8.004066666666667,Sylas,7882.0,7136.0,MID_LANE
EUW1_7696651522,100,blue,16.2,10,10.0048,Sylas,8065.0,7651.0,MID_LANE
EUW1_7696651522,200,red,16.2,6,6.00355,Karma,9272.0,8834.0,MID_LANE
EUW1_7696651522,200,red,16.2,8,8.004066666666667,Karma,8726.0,8420.0,MID_LANE
EUW1_7696651522,200,red,16.2,10,10.0048,Karma,8606.0,7886.0,MID_LANE
EUW1_7696651522,200,red,16.2,11,11.005066666666666,Karma,12217.0,10376.0,RED_BOT_JUNGLE
EUW1_7696654421,100,blue,16.2,10,10.00455,Neeko,4815.0,8799.0,TOP_SIDE_NEAR
EUW1_7696654421,200,red,16.2,6,6.003066666666666,Bard,11138.0,14112.0,TOP_LANE_CORE
EUW1_7696654421,200,red,16.2,11,11.004816666666667,Bard,5957.0,10502.0,TOP_SIDE_NEAR
EUW1_7696655036,100,blue,16.2,8,8.0014,Velkoz,8619.0,5371.0,BLUE_BOT_JUNGLE
EUW1_7696655036,200,red,16.2,10,10.001983333333333,Janna,9077.0,7968.0,MID_LANE
EUW1_7696655679,100,blue,16.2,9,9.003966666666667,Alistar,1728.0,9976.0,TOP_LANE_CORE
EUW1_7696655679,200,red,16.2,9,9.003966666666667,Rell,7160.0,9739.0,RED_TOP_JUNGLE
EUW1_7696655786,100,blue,16.2,7,7.001216666666667,Nautilus,6741.0,7863.0,MID_LANE
EUW1_7696655786,200,red,16.2,9,9.00345,Nami,12265.0,11658.0,RED_BOT_JUNGLE
EUW1_7696655867,100,blue,16.2,9,9.00345,Pyke,6850.0,7523.0,MID_LANE
EUW1_7696655867,200,red,16.2,11,11.004433333333333,Bard,12073.0,8445.0,RED_BOT_JUNGLE
EUW1_7696656096,100,blue,16.2,6,6.0034,Rakan,8404.0,4924.0,BLUE_BOT_JUNGLE
EUW1_7696656096,200,red,16.2,6,6.0034,Velkoz,8409.0,4845.0,BLUE_BOT_JUNGLE
EUW1_7696656346,100,blue,16.2,7,7.0038833333333335,Bard,10551.0,6143.0,RED_BOT_JUNGLE
EUW1_7696656346,100,blue,16.2,9,9.00475,Bard,5522.0,11206.0,TOP_SIDE_NEAR
EUW1_7696656346,100,blue,16.2,10,10.00515,Bard,5975.0,6733.0,MID_LANE
EUW1_7696656346,200,red,16.2,7,7.0038833333333335,Janna,8571.0,8632.0,MID_LANE
EUW1_7696656346,200,red,16.2,8,8.0043,Janna,9908.0,6444.0,RED_BOT_JUNGLE
EUW1_7696656346,200,red,16.2,9,9.00475,Janna,5893.0,10699.0,TOP_SIDE_NEAR
EUW1_7696656346,200,red,16.2,10,10.00515,Janna,8140.0,6895.0,MID_LANE
EUW1_7696656979,200,red,16.2,7,7.00405,Leona,7403.0,6291.0,MID_LANE
EUW1_7696656979,200,red,16.2,10,10.0046,Leona,11659.0,11132.0,RED_BOT_JUNGLE
EUW1_7696656985,100,blue,16.2,11,11.005066666666666,Nautilus,7728.0,7659.0,MID_LANE
EUW1_7696656985,200,red,16.2,11,11.005066666666666,Thresh,10134.0,9548.0,RED_BOT_JUNGLE
EUW1_7696657623,200,red,16.2,7,7.0027333333333335,Nami,12262.0,11681.0,RED_BOT_JUNGLE
EUW1_7696657623,200,red,16.2,10,10.003766666666667,Nami,11007.0,10531.0,RED_BOT_JUNGLE
EUW1_7696658504,100,blue,16.2,8,8.0036,Thresh,6296.0,6528.0,MID_LANE
EUW1_7696658746,100,blue,16.2,9,9.003633333333333,Nami,7412.0,5084.0,BLUE_BOT_JUNGLE
EUW1_7696658746,200,red,16.2,7,7.00325,Sona,6577.0,7080.0,MID_LANE
EUW1_7696659083,200,red,16.2,8,8.001816666666667,Pyke,3450.0,11292.0,TOP_SIDE_NEAR
EUW1_7696659083,200,red,16.2,9,9.0036,Pyke,3090.0,9429.0,TOP_SIDE_NEAR
EUW1_7696660226,100,blue,16.2,6,6.003333333333333,Karma,7838.0,7019.0,MID_LANE
EUW1_7696660226,100,blue,16.2,9,9.004066666666667,Karma,7735.0,7355.0,MID_LANE
EUW1_7696660226,200,red,16.2,9,9.004066666666667,Sona,7752.0,10781.0,RED_TOP_JUNGLE
EUW1_7696661556,100,blue,16.2,8,8.004533333333333,Ivern,3240.0,11713.0,TOP_SIDE_NEAR
EUW1_7696661556,200,red,16.2,6,6.003466666666666,Braum,10213.0,6604.0,RED_BOT_JUNGLE
EUW1_7696661556,200,red,16.2,8,8.004533333333333,Braum,8865.0,11456.0,RED_TOP_JUNGLE
EUW1_7696661722,100,blue,16.2,8,8.002583333333334,Poppy,6397.0,10105.0,RED_TOP_JUNGLE
EUW1_7696661722,100,blue,16.2,10,10.003533333333333,Poppy,10236.0,6279.0,RED_BOT_JUNGLE
EUW1_7696661882,100,blue,16.2,7,7.0031,Leona,8182.0,5241.0,BLUE_BOT_JUNGLE
EUW1_7696661882,100,blue,16.2,8,8.003416666666666,Leona,4953.0,6094.0,BLUE_TOP_JUNGLE
EUW1_7696661882,100,blue,16.2,10,10.004216666666666,Leona,11464.0,6617.0,RED_BOT_JUNGLE
EUW1_7696661882,100,blue,16.2,11,11.004483333333333,Leona,5318.0,6951.0,BLUE_TOP_JUNGLE
EUW1_7696661882,200,red,16.2,8,8.003416666666666,Zilean,5478.0,8948.0,RIVER_TOP
EUW1_7696661882,200,red,16.2,10,10.004216666666666,Zilean,11751.0,7151.0,RED_BOT_JUNGLE
EUW1_7696662119,100,blue,16.2,7,7.00155,Thresh,6144.0,5814.0,MID_LANE
EUW1_7696662119,100,blue,16.2,11,11.004316666666666,Thresh,11157.0,6867.0,RED_BOT_JUNGLE
EUW1_7696662119,200,red,16.2,7,7.00155,Sylas,6866.0,6861.0,MID_LANE
EUW1_7696662119,200,red,16.2,10,10.003983333333334,Sylas,8489.0,8440.0,MID_LANE
EUW1_7696664093,100,blue,16.2,8,8.003966666666667,Rakan,6176.0,5831.0,MID_LANE
EUW1_7696664093,200,red,16.2,8,8.003966666666667,Nautilus,7229.0,6809.0,MID_LANE
EUW1_7696664093,200,red,16.2,9,9.004283333333333,Nautilus,6633.0,9035.0,RED_TOP_JUNGLE
EUW1_7696664093,200,red,16.2,11,11.004983333333334,Nautilus,8157.0,7666.0,MID_LANE
EUW1_7696664319,100,blue,16.2,9,9.00405,Nami,4890.0,9652.0,TOP_SIDE_NEAR
EUW1_7696664319,200,red,16.2,6,6.003,Nautilus,9626.0,7147.0,RED_BOT_JUNGLE
EUW1_7696664319,200,red,16.2,9,9.00405,Nautilus,9080.0,8391.0,MID_LANE
EUW1_7696664470,100,blue,16.2,9,9.003583333333333,Nautilus,8335.0,7568.0,MID_LANE
EUW1_7696664470,200,red,16.2,11,11.0043,Alistar,12072.0,7972.0,RED_BOT_JUNGLE
EUW1_7696665489,200,red,16.2,8,8.003833333333333,Nautilus,6197.0,8239.0,RIVER_TOP
EUW1_7696665489,200,red,16.2,11,11.004383333333333,Nautilus,11392.0,11822.0,RED_TOP_JUNGLE
EUW1_7696665670,100,blue,16.2,8,8.003833333333333,Nami,8600.0,4522.0,BLUE_BOT_JUNGLE
EUW1_7696665670,200,red,16.2,7,7.003816666666666,Bard,12485.0,7304.0,RED_BOT_JUNGLE
EUW1_7696665670,200,red,16.2,8,8.003833333333333,Bard,8181.0,7298.0,MID_LANE
EUW1_7696666129,200,red,16.2,5,5.00265,Alistar,7528.0,7112.0,MID_LANE
EUW1_7696666129,200,red,16.2,7,7.0031,Alistar,8438.0,3713.0,BLUE_BOT_JUNGLE
EUW1_7696666129,200,red,16.2,9,9.00365,Alistar,4905.0,8374.0,BLUE_TOP_JUNGLE
EUW1_7696666264,100,blue,16.2,8,8.003516666666666,Janna,4000.0,10479.0,TOP_SIDE_NEAR
EUW1_7696666264,100,blue,16.2,10,10.003833333333333,Janna,7867.0,7308.0,MID_LANE
EUW1_7696666264,200,red,16.2,8,8.003516666666666,Thresh,7696.0,11296.0,RED_TOP_JUNGLE
EUW1_7696667454,100,blue,16.2,6,6.0027333333333335,Bard,6641.0,6545.0,MID_LANE
EUW1_7696667454,100,blue,16.2,10,10.003633333333333,Bard,6934.0,7969.0,MID_LANE
EUW1_7696667454,100,blue,16.2,11,11.0038,Bard,7291.0,3320.0,BLUE_BOT_JUNGLE
EUW1_7696667454,200,red,16.2,6,6.0027333333333335,Rakan,8056.0,6695.0,MID_LANE
EUW1_7696667454,200,red,16.2,8,8.003166666666667,Rakan,12357.0,6177.0,RED_BOT_JUNGLE
EUW1_7696667454,200,red,16.2,10,10.003633333333333,Rakan,7730.0,8351.0,MID_LANE
EUW1_7696667707,100,blue,16.2,8,8.0018,Nami,6835.0,6471.0,MID_LANE
EUW1_7696667707,100,blue,16.2,9,9.003766666666667,Nami,4746.0,7237.0,BLUE_TOP_JUNGLE
EUW1_7696667707,200,red,16.2,9,9.003766666666667,Milio,8574.0,3474.0,BLUE_BOT_JUNGLE
EUW1_7696668735,100,blue,16.2,7,7.003633333333333,Thresh,3717.0,3108.0,BLUE_BOT_JUNGLE
EUW1_7696669606,100,blue,16.2,5,5.0034833333333335,Bard,8449.0,7298.0,MID_LANE
EUW1_7696669606,100,blue,16.2,8,8.004233333333334,Bard,8210.0,3532.0,BLUE_BOT_JUNGLE
EUW1_7696669606,100,blue,16.2,10,10.0048,Bard,8033.0,7453.0,MID_LANE
EUW1_7696669606,200,red,16.2,11,11.005016666666666,Leblanc,6531.0,6421.0,MID_LANE
EUW1_7696669660,100,blue,16.2,8,8.0041,Zilean,5590.0,6991.0,BLUE_TOP_JUNGLE
EUW1_7696669660,100,blue,16.2,10,10.004816666666667,Zilean,6040.0,6012.0,MID_LANE
EUW1_7696669660,200,red,16.2,11,11.005283333333333,Blitzcrank,1744.0,11504.0,TOP_LANE_CORE
EUW1_7696670593,100,blue,16.2,8,8.003283333333334,Galio,3345.0,11405.0,TOP_SIDE_NEAR
EUW1_7696670593,100,blue,16.2,9,9.003333333333334,Galio,6068.0,6128.0,MID_LANE
EUW1_7696670593,100,blue,16.2,10,10.003516666666666,Galio,4750.0,11606.0,TOP_SIDE_NEAR
EUW1_7696670593,100,blue,16.2,11,11.003983333333334,Galio,6740.0,7041.0,MID_LANE
EUW1_7696670593,200,red,16.2,8,8.003283333333334,Nami,6094.0,8270.0,RIVER_TOP
EUW1_7696670593,200,red,16.2,9,9.003333333333334,Nami,1121.0,11996.0,TOP_LANE_CORE
EUW1_7696670593,200,red,16.2,11,11.003983333333334,Nami,12385.0,11677.0,RED_BOT_JUNGLE
EUW1_7696671815,100,blue,16.2,7,7.003516666666667,Zyra,6749.0,2836.0,BLUE_BOT_JUNGLE
EUW1_7696671815,200,red,16.2,7,7.003516666666667,Karma,7701.0,3254.0,BLUE_BOT_JUNGLE
EUW1_7696671815,200,red,16.2,11,11.004583333333333,Karma,9977.0,8811.0,MID_LANE
EUW1_7696672752,100,blue,16.2,7,7.0036,Zilean,4008.0,4584.0,BLUE_TOP_JUNGLE
EUW1_7696672752,100,blue,16.2,8,8.003716666666667,Zilean,3426.0,13139.0,TOP_LANE_CORE
EUW1_7696672752,100,blue,16.2,10,10.004283333333333,Zilean,3331.0,12372.0,TOP_SIDE_NEAR
EUW1_7696672752,100,blue,16.2,11,11.004616666666667,Zilean,7672.0,7689.0,MID_LANE
EUW1_7696674421,100,blue,16.2,11,11.00225,Milio,8650.0,5042.0,BLUE_BOT_JUNGLE
EUW1_7696674421,200,red,16.2,11,11.00225,Alistar,12668.0,6265.0,RED_BOT_JUNGLE
EUW1_7696675600,100,blue,16.2,8,8.00355,Bard,5687.0,9048.0,RIVER_TOP
EUW1_7696675600,100,blue,16.2,9,9.003966666666667,Bard,7128.0,7265.0,MID_LANE
EUW1_7696675600,200,red,16.2,7,7.00325,Elise,10982.0,10495.0,RED_BOT_JUNGLE
EUW1_7696675600,200,red,16.2,9,9.003966666666667,Elise,4393.0,10050.0,BARON_GRUBS_HERALD_AREA
EUW1_7696675685,200,red,16.2,7,7.0036,Bard,11063.0,6787.0,RED_BOT_JUNGLE
EUW1_7696675685,200,red,16.2,8,8.0039,Bard,10783.0,11475.0,RED_TOP_JUNGLE
EUW1_7696675685,200,red,16.2,9,9.004066666666667,Bard,2181.0,9970.0,TOP_SIDE_NEAR
EUW1_7696675948,100,blue,16.2,5,5.00285,Zilean,5858.0,5779.0,MID_LANE
EUW1_7696675948,100,blue,16.2,6,6.003316666666667,Zilean,10646.0,6401.0,RED_BOT_JUNGLE
EUW1_7696675948,100,blue,16.2,8,8.004033333333334,Zilean,6679.0,6237.0,MID_LANE
EUW1_7696675948,100,blue,16.2,9,9.004466666666668,Zilean,7944.0,5896.0,BLUE_BOT_JUNGLE
EUW1_7696675948,200,red,16.2,8,8.004033333333334,Yuumi,7071.0,6526.0,MID_LANE
EUW1_7696675948,200,red,16.2,9,9.004466666666668,Yuumi,11468.0,8108.0,RED_BOT_JUNGLE
EUW1_7696676349,100,blue,16.2,8,8.003633333333333,Nautilus,6720.0,4610.0,BLUE_BOT_JUNGLE
EUW1_7696676798,200,red,16.2,6,6.0032,Lulu,10541.0,10122.0,RED_BOT_JUNGLE
EUW1_7696676798,200,red,16.2,11,11.0043,Lulu,10992.0,7608.0,RED_BOT_JUNGLE
EUW1_7696677050,100,blue,16.2,8,8.003716666666667,Nautilus,4980.0,7638.0,BLUE_TOP_JUNGLE
EUW1_7696677050,200,red,16.2,8,8.003716666666667,Lulu,7983.0,7494.0,MID_LANE
EUW1_7696677050,200,red,16.2,11,11.004783333333334,Lulu,5105.0,9295.0,TOP_SIDE_NEAR
EUW1_7696677160,100,blue,16.2,9,9.003866666666667,Blitzcrank,5330.0,9363.0,TOP_SIDE_NEAR
EUW1_7696677160,200,red,16.2,10,10.004166666666666,Seraphine,8007.0,7610.0,MID_LANE
EUW1_7696677380,200,red,16.2,9,9.003816666666667,Lulu,11504.0,6239.0,RED_BOT_JUNGLE
EUW1_7696677649,100,blue,16.2,7,7.0015,Soraka,5135.0,4658.0,BLUE_BOT_JUNGLE
EUW1_7696677649,100,blue,16.2,9,9.003533333333333,Soraka,6659.0,4772.0,BLUE_BOT_JUNGLE
EUW1_7696677649,200,red,16.2,10,10.0037,Nami,9777.0,9711.0,RED_TOP_JUNGLE
EUW1_7696678479,100,blue,16.2,9,9.004,Soraka,6290.0,9534.0,RED_TOP_JUNGLE
EUW1_7696679184,100,blue,16.2,10,10.0041,Nami,4477.0,4365.0,BLUE_BOT_JUNGLE
EUW1_7696679184,100,blue,16.2,11,11.004466666666668,Nami,5430.0,9543.0,TOP_SIDE_NEAR
EUW1_7696679184,200,red,16.2,8,8.00345,Sona,7811.0,10046.0,RED_TOP_JUNGLE
EUW1_7696679637,200,red,16.2,9,9.003683333333333,Nami,10399.0,9829.0,RED_BOT_JUNGLE
EUW1_7696679646,100,blue,16.2,8,8.003916666666667,Karma,5578.0,6574.0,MID_LANE
EUW1_7696679646,100,blue,16.2,9,9.00395,Karma,7315.0,6360.0,MID_LANE
EUW1_7696679646,100,blue,16.2,10,10.004166666666666,Karma,7588.0,5861.0,BLUE_BOT_JUNGLE
EUW1_7696679646,100,blue,16.2,11,11.004183333333334,Karma,4542.0,11594.0,TOP_SIDE_NEAR
EUW1_7696679646,200,red,16.2,8,8.003916666666667,Elise,5537.0,8344.0,RIVER_TOP
EUW1_7696679677,100,blue,16.2,8,8.001916666666666,Alistar,5514.0,6309.0,MID_LANE
EUW1_7696679677,100,blue,16.2,9,9.002116666666666,Alistar,7900.0,7315.0,MID_LANE
EUW1_7696679677,100,blue,16.2,11,11.0042,Alistar,7486.0,7494.0,MID_LANE
EUW1_7696679677,200,red,16.2,5,5.0008333333333335,Rell,7469.0,7431.0,MID_LANE
EUW1_7696679677,200,red,16.2,8,8.001916666666666,Rell,11116.0,11467.0,RED_TOP_JUNGLE
EUW1_7696679677,200,red,16.2,11,11.0042,Rell,9951.0,6547.0,RED_BOT_JUNGLE
EUW1_7696679732,100,blue,16.2,5,5.0032,Leona,8601.0,5308.0,BLUE_BOT_JUNGLE
EUW1_7696679732,100,blue,16.2,8,8.003566666666666,Leona,3480.0,3140.0,BLUE_BOT_JUNGLE
EUW1_7696679732,100,blue,16.2,9,9.004116666666667,Leona,8342.0,3625.0,BLUE_BOT_JUNGLE
EUW1_7696679732,200,red,16.2,5,5.0032,Bard,7101.0,6569.0,MID_LANE
EUW1_7696679732,200,red,16.2,6,6.0033,Bard,3197.0,9817.0,TOP_SIDE_NEAR
EUW1_7696679732,200,red,16.2,7,7.003533333333333,Bard,4334.0,14036.0,TOP_LANE_CORE
EUW1_7696679732,200,red,16.2,8,8.003566666666666,Bard,9571.0,7695.0,RED_BOT_JUNGLE
EUW1_7696680131,100,blue,16.2,9,9.004416666666666,Milio,7854.0,7402.0,MID_LANE
EUW1_7696680131,200,red,16.2,9,9.004416666666666,Sona,6224.0,10543.0,TOP_SIDE_NEAR
EUW1_7696680558,200,red,16.2,7,7.0013,Alistar,10105.0,6364.0,RED_BOT_JUNGLE
EUW1_7696680558,200,red,16.2,8,8.00185,Alistar,11905.0,7084.0,RED_BOT_JUNGLE
EUW1_7696680692,100,blue,16.2,9,9.003383333333334,Morgana,9933.0,7214.0,RED_BOT_JUNGLE
EUW1_7696680692,100,blue,16.2,10,10.00355,Morgana,3155.0,2556.0,BLUE_BOT_JUNGLE
EUW1_7696680692,200,red,16.2,5,5.001133333333334,Ashe,3395.0,13036.0,TOP_LANE_CORE
EUW1_7696680692,200,red,16.2,6,6.0012,Ashe,4349.0,10130.0,BARON_GRUBS_HERALD_AREA
EUW1_7696680692,200,red,16.2,7,7.001283333333333,Ashe,2397.0,11739.0,TOP_SIDE_NEAR
EUW1_7696680692,200,red,16.2,10,10.00355,Ashe,4351.0,13687.0,TOP_LANE_CORE
EUW1_7696680898,100,blue,16.2,6,6.001633333333333,Bard,8575.0,3396.0,BLUE_BOT_JUNGLE
EUW1_7696680898,200,red,16.2,7,7.0035,Yuumi,9862.0,12225.0,RED_TOP_JUNGLE
EUW1_7696680898,200,red,16.2,10,10.00425,Yuumi,5108.0,13749.0,TOP_LANE_CORE
EUW1_7696680898,200,red,16.2,11,11.0045,Yuumi,10947.0,10487.0,RED_BOT_JUNGLE
EUW1_7696681013,100,blue,16.2,7,7.001383333333333,Lulu,2028.0,12963.0,TOP_LANE_CORE
EUW1_7696681013,100,blue,16.2,8,8.001783333333334,Lulu,4464.0,8084.0,BLUE_TOP_JUNGLE
EUW1_7696681013,200,red,16.2,8,8.001783333333334,Nautilus,7463.0,5213.0,BLUE_BOT_JUNGLE
EUW1_7696681013,200,red,16.2,9,9.003916666666667,Nautilus,11351.0,11950.0,RED_TOP_JUNGLE
EUW1_7696681013,200,red,16.2,10,10.00415,Nautilus,5922.0,8075.0,RIVER_TOP
EUW1_7696681013,200,red,16.2,11,11.0042,Nautilus,8018.0,10015.0,RED_TOP_JUNGLE
EUW1_7696681856,100,blue,16.2,8,8.004533333333333,Nautilus,7516.0,8048.0,MID_LANE
EUW1_7696681856,100,blue,16.2,9,9.004816666666667,Nautilus,4794.0,7622.0,BLUE_TOP_JUNGLE
EUW1_7696681856,200,red,16.2,8,8.004533333333333,Alistar,7372.0,8456.0,MID_LANE
EUW1_7696682112,200,red,16.2,9,9.004016666666667,JarvanIV,3395.0,10172.0,TOP_SIDE_NEAR
EUW1_7696682112,200,red,16.2,11,11.004366666666666,JarvanIV,8667.0,4533.0,BLUE_BOT_JUNGLE
EUW1_7696682597,200,red,16.2,9,9.0051,Braum,12116.0,8535.0,RED_BOT_JUNGLE
EUW1_7696682857,100,blue,16.2,7,7.002916666666667,Sona,5235.0,7736.0,BLUE_TOP_JUNGLE
EUW1_7696682857,100,blue,16.2,10,10.004116666666667,Sona,6074.0,5579.0,BLUE_BOT_JUNGLE
EUW1_7696682857,200,red,16.2,8,8.0034,Braum,7082.0,4223.0,BLUE_BOT_JUNGLE
EUW1_7696682857,200,red,16.2,10,10.004116666666667,Braum,11203.0,6731.0,RED_BOT_JUNGLE
EUW1_7696683073,100,blue,16.2,11,11.004683333333332,Nami,7278.0,6457.0,MID_LANE
EUW1_7696683073,200,red,16.2,11,11.004683333333332,Nautilus,6305.0,8411.0,RIVER_TOP
EUW1_7696684092,200,red,16.2,9,9.005133333333333,Bard,12258.0,7266.0,RED_BOT_JUNGLE
EUW1_7696684092,200,red,16.2,11,11.006033333333333,Bard,8083.0,6008.0,BLUE_BOT_JUNGLE
EUW1_7696684941,100,blue,16.2,9,9.001883333333334,Lulu,5323.0,6935.0,BLUE_TOP_JUNGLE
EUW1_7696684941,200,red,16.2,6,6.00105,Nautilus,9785.0,11832.0,RED_TOP_JUNGLE
EUW1_7696684941,200,red,16.2,9,9.001883333333334,Nautilus,2994.0,8944.0,TOP_SIDE_NEAR
EUW1_7696685187,100,blue,16.2,6,6.0014666666666665,Lux,7344.0,2463.0,BLUE_BOT_JUNGLE
EUW1_7696685187,100,blue,16.2,9,9.003833333333333,Lux,3733.0,8368.0,TOP_SIDE_NEAR
EUW1_7696685187,100,blue,16.2,10,10.004366666666666,Lux,8206.0,5129.0,BLUE_BOT_JUNGLE
EUW1_7696685187,200,red,16.2,9,9.003833333333333,Velkoz,6037.0,9100.0,RIVER_TOP
EUW1_7696685500,100,blue,16.2,8,8.004366666666666,Nami,7783.0,6769.0,MID_LANE
EUW1_7696685500,100,blue,16.2,10,10.005116666666666,Nami,8096.0,6711.0,MID_LANE
EUW1_7696685500,100,blue,16.2,11,11.005283333333333,Nami,6703.0,6434.0,MID_LANE
EUW1_7696685500,200,red,16.2,5,5.0036,Karma,8368.0,8213.0,MID_LANE
EUW1_7696685500,200,red,16.2,11,11.005283333333333,Karma,7753.0,7712.0,MID_LANE
EUW1_7696686354,100,blue,16.2,9,9.00185,Nami,7717.0,5895.0,BLUE_BOT_JUNGLE
EUW1_7696686354,200,red,16.2,7,7.001483333333334,Karma,7140.0,7336.0,MID_LANE
EUW1_7696687824,200,red,16.2,11,11.0042,Nami,7882.0,7028.0,MID_LANE
EUW1_7696688029,100,blue,16.2,7,7.003466666666666,TahmKench,9933.0,7006.0,RED_BOT_JUNGLE
EUW1_7696688029,100,blue,16.2,8,8.0038,TahmKench,5408.0,5910.0,BLUE_TOP_JUNGLE
EUW1_7696688029,200,red,16.2,8,8.0038,Nautilus,6283.0,6788.0,MID_LANE
EUW1_7696688029,200,red,16.2,9,9.004233333333334,Nautilus,4577.0,9969.0,BARON_GRUBS_HERALD_AREA
EUW1_7696688029,200,red,16.2,11,11.005316666666667,Nautilus,7233.0,6513.0,MID_LANE
EUW1_7696688762,200,red,16.2,10,10.003683333333333,Thresh,9522.0,8349.0,MID_LANE
EUW1_7696690707,100,blue,16.2,7,7.003516666666667,Blitzcrank,5903.0,6965.0,MID_LANE
EUW1_7696690707,200,red,16.2,11,11.00455,Nami,10097.0,6149.0,RED_BOT_JUNGLE
EUW1_7696691896,200,red,16.2,9,9.00365,Blitzcrank,5845.0,8159.0,RIVER_TOP
EUW1_7696692004,100,blue,16.2,8,8.004433333333333,Bard,7592.0,2881.0,BLUE_BOT_JUNGLE
EUW1_7696692004,100,blue,16.2,11,11.005033333333333,Bard,4524.0,12060.0,TOP_SIDE_NEAR
EUW1_7696692286,200,red,16.2,10,10.00485,Rell,6063.0,9041.0,RIVER_TOP
EUW1_7696693053,100,blue,16.2,9,9.004133333333334,Velkoz,7874.0,7877.0,MID_LANE
EUW1_7696693053,200,red,16.2,9,9.004133333333334,Rell,8088.0,7900.0,MID_LANE
EUW1_7696693187,100,blue,16.2,8,8.00205,Janna,2860.0,7074.0,BLUE_TOP_JUNGLE
EUW1_7696693187,100,blue,16.2,9,9.004,Janna,4793.0,8994.0,TOP_SIDE_NEAR
EUW1_7696693187,200,red,16.2,6,6.001216666666667,Karma,9178.0,8056.0,MID_LANE
EUW1_7696694735,100,blue,16.2,6,6.00275,Lulu,7404.0,3458.0,BLUE_BOT_JUNGLE
EUW1_7696694735,100,blue,16.2,9,9.003383333333334,Lulu,4912.0,12524.0,TOP_SIDE_NEAR
EUW1_7696694735,200,red,16.2,6,6.00275,Blitzcrank,4978.0,8411.0,RIVER_TOP
EUW1_7696694735,200,red,16.2,8,8.002883333333333,Blitzcrank,6055.0,8145.0,RIVER_TOP
EUW1_7696694735,200,red,16.2,9,9.003383333333334,Blitzcrank,10024.0,11111.0,RED_TOP_JUNGLE
EUW1_7696694735,200,red,16.2,10,10.003416666666666,Blitzcrank,9962.0,7328.0,RED_BOT_JUNGLE
EUW1_7696694735,200,red,16.2,11,11.00385,Blitzcrank,8719.0,8225.0,MID_LANE
EUW1_7696694882,100,blue,16.2,8,8.003766666666667,Leona,6432.0,2494.0,BLUE_BOT_JUNGLE
EUW1_7696694882,100,blue,16.2,10,10.004516666666667,Leona,2631.0,3800.0,BLUE_TOP_JUNGLE
EUW1_7696694882,200,red,16.2,6,6.003283333333333,Bard,10585.0,7461.0,RED_BOT_JUNGLE
EUW1_7696695027,200,red,16.2,8,8.0039,Braum,11427.0,10976.0,RED_BOT_JUNGLE
EUW1_7696695498,100,blue,16.2,8,8.0032,Neeko,7810.0,5670.0,BLUE_BOT_JUNGLE
EUW1_7696695498,200,red,16.2,6,6.0027333333333335,Rakan,6872.0,6894.0,MID_LANE
EUW1_7696695498,200,red,16.2,11,11.00425,Rakan,8492.0,7315.0,MID_LANE
EUW1_7696695602,200,red,16.2,5,5.0028,Nautilus,11401.0,10907.0,RED_BOT_JUNGLE
EUW1_7696695602,200,red,16.2,6,6.00285,Nautilus,8498.0,5424.0,BLUE_BOT_JUNGLE
EUW1_7696697039,200,red,16.2,9,9.003366666666667,Rell,7095.0,4827.0,BLUE_BOT_JUNGLE
EUW1_7696697198,200,red,16.2,6,6.00335,Nami,10753.0,6278.0,RED_BOT_JUNGLE
EUW1_7696697632,100,blue,16.2,5,5.001166666666666,Nautilus,6271.0,8333.0,RIVER_TOP
EUW1_7696697632,100,blue,16.2,9,9.00405,Nautilus,6426.0,9166.0,RED_TOP_JUNGLE
EUW1_7696697632,100,blue,16.2,10,10.004466666666668,Nautilus,6674.0,6208.0,MID_LANE
EUW1_7696697632,100,blue,16.2,11,11.004983333333334,Nautilus,10479.0,6609.0,RED_BOT_JUNGLE
EUW1_7696697632,200,red,16.2,11,11.004983333333334,Leona,9778.0,8887.0,MID_LANE
EUW1_7696699191,100,blue,16.2,5,5.002683333333334,Nami,8522.0,7286.0,MID_LANE
EUW1_7696699191,100,blue,16.2,8,8.003383333333334,Nami,5621.0,6709.0,MID_LANE
EUW1_7696699191,100,blue,16.2,9,9.003583333333333,Nami,6568.0,7396.0,MID_LANE
EUW1_7696700347,100,blue,16.2,9,9.004,Rell,5952.0,10738.0,TOP_SIDE_NEAR
EUW1_7696700347,200,red,16.2,8,8.003766666666667,Milio,7200.0,7293.0,MID_LANE
EUW1_7696700347,200,red,16.2,9,9.004,Milio,6598.0,11374.0,TOP_SIDE_NEAR
EUW1_7696700908,100,blue,16.2,9,9.003816666666667,Nami,5794.0,9017.0,RIVER_TOP
EUW1_7696700908,200,red,16.2,10,10.003933333333332,Leona,8566.0,4710.0,BLUE_BOT_JUNGLE
EUW1_7696700908,200,red,16.2,11,11.003966666666667,Leona,10407.0,6768.0,RED_BOT_JUNGLE
EUW1_7696701285,100,blue,16.2,5,5.003616666666667,Pantheon,3365.0,10289.0,TOP_SIDE_NEAR
EUW1_7696701285,100,blue,16.2,6,6.003666666666667,Pantheon,6826.0,8988.0,RED_TOP_JUNGLE
EUW1_7696701285,100,blue,16.2,9,9.004066666666667,Pantheon,5014.0,4544.0,BLUE_BOT_JUNGLE
EUW1_7696701285,100,blue,16.2,11,11.004283333333333,Pantheon,7282.0,7797.0,MID_LANE
EUW1_7696701285,200,red,16.2,8,8.003833333333333,Neeko,12010.0,10071.0,RED_BOT_JUNGLE
EUW1_7696702045,100,blue,16.2,8,8.003883333333333,Bard,4557.0,7876.0,BLUE_TOP_JUNGLE
EUW1_7696702045,100,blue,16.2,10,10.0048,Bard,3713.0,2421.0,BLUE_BOT_JUNGLE
EUW1_7696702290,100,blue,16.2,8,8.001783333333334,Poppy,4560.0,5192.0,BLUE_TOP_JUNGLE
EUW1_7696702290,100,blue,16.2,9,9.002133333333333,Poppy,5892.0,4006.0,BLUE_BOT_JUNGLE
EUW1_7696702290,200,red,16.2,8,8.001783333333334,Rell,8893.0,10877.0,RED_TOP_JUNGLE
EUW1_7696702290,200,red,16.2,10,10.002266666666667,Rell,7392.0,6083.0,BLUE_BOT_JUNGLE
EUW1_7696702566,200,red,16.2,6,6.0017,Nami,8473.0,7347.0,MID_LANE
EUW1_7696703142,100,blue,16.2,8,8.003683333333333,Alistar,6812.0,8964.0,RED_TOP_JUNGLE
EUW1_7696703142,100,blue,16.2,11,11.005066666666666,Alistar,8008.0,5288.0,BLUE_BOT_JUNGLE
EUW1_7696703142,200,red,16.2,7,7.0034,Kayle,3280.0,7769.0,BLUE_TOP_JUNGLE
EUW1_7696703280,100,blue,16.2,5,5.00125,Nami,7817.0,7325.0,MID_LANE
EUW1_7696703280,100,blue,16.2,8,8.001766666666667,Nami,8439.0,4782.0,BLUE_BOT_JUNGLE
EUW1_7696703280,200,red,16.2,5,5.00125,Neeko,9206.0,7868.0,MID_LANE
EUW1_7696703280,200,red,16.2,9,9.003583333333333,Neeko,5356.0,10478.0,BARON_GRUBS_HERALD_AREA
EUW1_7696703867,200,red,16.2,11,11.004066666666667,Nautilus,9335.0,8878.0,MID_LANE
EUW1_7696703970,100,blue,16.2,7,7.0034833333333335,Lulu,7419.0,7794.0,MID_LANE
EUW1_7696703970,200,red,16.2,7,7.0034833333333335,Leona,11533.0,11930.0,RED_TOP_JUNGLE
EUW1_7696705016,200,red,16.2,9,9.003433333333334,Bard,6451.0,6252.0,MID_LANE
EUW1_7696705631,100,blue,16.2,5,5.00085,Alistar,2937.0,2758.0,BLUE_BOT_JUNGLE
EUW1_7696705631,100,blue,16.2,10,10.003516666666666,Alistar,5200.0,5677.0,BLUE_TOP_JUNGLE
EUW1_7696705631,200,red,16.2,5,5.00085,Bard,10300.0,10276.0,RED_TOP_JUNGLE
EUW1_7696705631,200,red,16.2,7,7.002933333333333,Bard,5091.0,9504.0,TOP_SIDE_NEAR
EUW1_7696705631,200,red,16.2,8,8.002933333333333,Bard,2283.0,9598.0,TOP_SIDE_NEAR
EUW1_7696705631,200,red,16.2,9,9.0031,Bard,2620.0,12413.0,TOP_LANE_CORE
EUW1_7696705631,200,red,16.2,11,11.0037,Bard,3281.0,11009.0,TOP_SIDE_NEAR
EUW1_7696705636,100,blue,16.2,5,5.003183333333333,Karma,6492.0,4543.0,BLUE_BOT_JUNGLE
EUW1_7696705636,100,blue,16.2,6,6.003266666666667,Karma,7595.0,7549.0,MID_LANE
EUW1_7696705636,100,blue,16.2,9,9.004166666666666,Karma,7003.0,2893.0,BLUE_BOT_JUNGLE
EUW1_7696705636,100,blue,16.2,11,11.004566666666667,Karma,5353.0,9573.0,TOP_SIDE_NEAR
EUW1_7696705636,200,red,16.2,5,5.003183333333333,Bard,11710.0,7169.0,RED_BOT_JUNGLE
EUW1_7696705636,200,red,16.2,6,6.003266666666667,Bard,10980.0,6116.0,RED_BOT_JUNGLE
EUW1_7696705636,200,red,16.2,7,7.003316666666667,Bard,7356.0,6299.0,MID_LANE
EUW1_7696705636,200,red,16.2,10,10.004433333333333,Bard,3834.0,10699.0,TOP_SIDE_NEAR
EUW1_7696705802,200,red,16.2,7,7.003816666666666,Rell,8276.0,10376.0,RED_TOP_JUNGLE
EUW1_7696706295,100,blue,16.2,6,6.00305,Alistar,7228.0,6559.0,MID_LANE
EUW1_7696706295,100,blue,16.2,7,7.003516666666667,Alistar,10433.0,6164.0,RED_BOT_JUNGLE
EUW1_7696706295,200,red,16.2,6,6.00305,Blitzcrank,11514.0,7661.0,RED_BOT_JUNGLE
EUW1_7696706579,100,blue,16.2,5,5.00285,Bard,6870.0,7466.0,MID_LANE
EUW1_7696706579,100,blue,16.2,8,8.0037,Bard,8235.0,3526.0,BLUE_BOT_JUNGLE
EUW1_7696706579,100,blue,16.2,9,9.004083333333334,Bard,11350.0,6866.0,RED_BOT_JUNGLE
EUW1_7696706579,100,blue,16.2,11,11.004266666666666,Bard,3401.0,5710.0,BLUE_TOP_JUNGLE
EUW1_7696706579,200,red,16.2,9,9.004083333333334,Thresh,10973.0,6491.0,RED_BOT_JUNGLE
EUW1_7696706579,200,red,16.2,10,10.00415,Thresh,8407.0,5371.0,BLUE_BOT_JUNGLE
EUW1_7696706745,100,blue,16.2,6,6.003266666666667,Nami,5657.0,3741.0,BLUE_BOT_JUNGLE
EUW1_7696706953,100,blue,16.2,7,7.003683333333333,Janna,7114.0,7619.0,MID_LANE
EUW1_7696706953,100,blue,16.2,8,8.004,Janna,7737.0,5748.0,BLUE_BOT_JUNGLE
EUW1_7696706953,100,blue,16.2,11,11.004633333333333,Janna,8286.0,7015.0,MID_LANE
EUW1_7696706953,200,red,16.2,7,7.003683333333333,Rakan,8139.0,7205.0,MID_LANE
EUW1_7696706953,200,red,16.2,8,8.004,Rakan,6251.0,11258.0,TOP_SIDE_NEAR
EUW1_7696706953,200,red,16.2,9,9.004533333333333,Rakan,6661.0,12749.0,TOP_SIDE_NEAR
EUW1_7696707811,100,blue,16.2,9,9.003916666666667,Bard,9987.0,8522.0,RED_BOT_JUNGLE
EUW1_7696709255,100,blue,16.2,9,9.003283333333334,Milio,5442.0,8333.0,RIVER_TOP
EUW1_7696709255,200,red,16.2,9,9.003283333333334,Rakan,6305.0,7856.0,MID_LANE
EUW1_7696709548,100,blue,16.2,6,6.00345,Sona,8549.0,4782.0,BLUE_BOT_JUNGLE
EUW1_7696709548,100,blue,16.2,9,9.00405,Sona,7418.0,7019.0,MID_LANE
EUW1_7696709548,200,red,16.2,8,8.003766666666667,Lulu,8274.0,7248.0,MID_LANE
EUW1_7696709548,200,red,16.2,9,9.00405,Lulu,8310.0,7944.0,MID_LANE
EUW1_7696709724,100,blue,16.2,8,8.003366666666667,Nami,7220.0,6021.0,BLUE_BOT_JUNGLE
EUW1_7696709724,100,blue,16.2,9,9.003866666666667,Nami,6826.0,4306.0,BLUE_BOT_JUNGLE
EUW1_7696709724,200,red,16.2,7,7.00315,Senna,10237.0,9997.0,RED_BOT_JUNGLE
EUW1_7696712443,100,blue,16.2,8,8.003716666666667,Lulu,4544.0,8474.0,BLUE_TOP_JUNGLE
EUW1_7696712443,200,red,16.2,6,6.003133333333333,Nautilus,9955.0,8172.0,RED_BOT_JUNGLE
EUW1_7696712443,200,red,16.2,7,7.003333333333333,Nautilus,10052.0,11086.0,RED_TOP_JUNGLE
EUW1_7696712443,200,red,16.2,8,8.003716666666667,Nautilus,3075.0,9047.0,TOP_SIDE_NEAR
EUW1_7696712443,200,red,16.2,9,9.0042,Nautilus,7386.0,6950.0,MID_LANE
EUW1_7696713161,100,blue,16.2,9,9.004266666666666,Velkoz,869.0,9958.0,TOP_LANE_CORE
EUW1_7696713161,100,blue,16.2,10,10.0046,Velkoz,5757.0,6086.0,MID_LANE
EUW1_7696713161,200,red,16.2,8,8.004116666666667,Nautilus,11920.0,11502.0,RED_BOT_JUNGLE
EUW1_7696713161,200,red,16.2,10,10.0046,Nautilus,7581.0,4788.0,BLUE_BOT_JUNGLE
EUW1_7696713161,200,red,16.2,11,11.004683333333332,Nautilus,4837.0,9761.0,BARON_GRUBS_HERALD_AREA
EUW1_7696715477,100,blue,16.2,9,9.003783333333333,Nami,5810.0,5478.0,BLUE_BOT_JUNGLE
EUW1_7696715747,200,red,16.2,11,11.00465,Nautilus,7808.0,2114.0,BLUE_BOT_JUNGLE
EUW1_7696716111,100,blue,16.2,11,11.00215,Alistar,7231.0,3007.0,BLUE_BOT_JUNGLE
EUW1_7696716111,200,red,16.2,9,9.00165,Leona,8966.0,9975.0,RED_TOP_JUNGLE
EUW1_7696716319,200,red,16.2,10,10.0036,Sona,7988.0,7865.0,MID_LANE
EUW1_7696718263,200,red,16.2,9,9.003633333333333,Bard,4623.0,9821.0,BARON_GRUBS_HERALD_AREA
EUW1_7696718263,200,red,16.2,11,11.004216666666666,Bard,7618.0,7216.0,MID_LANE
EUW1_7696718782,100,blue,16.2,5,5.003283333333333,Bard,6881.0,4363.0,BLUE_BOT_JUNGLE
EUW1_7696718782,100,blue,16.2,8,8.003616666666666,Bard,7859.0,2377.0,BLUE_BOT_JUNGLE
EUW1_7696718782,100,blue,16.2,9,9.004083333333334,Bard,4457.0,9846.0,BARON_GRUBS_HERALD_AREA
EUW1_7696721128,100,blue,16.2,9,9.003116666666667,Nami,4198.0,7396.0,BLUE_TOP_JUNGLE
EUW1_7696721128,100,blue,16.2,10,10.003233333333334,Nami,6803.0,6582.0,MID_LANE
EUW1_7696721128,200,red,16.2,9,9.003116666666667,Lulu,3802.0,9903.0,TOP_SIDE_NEAR
EUW1_7696721128,200,red,16.2,10,10.003233333333334,Lulu,7669.0,7476.0,MID_LANE
EUW1_7696721128,200,red,16.2,11,11.003366666666667,Lulu,7659.0,6829.0,MID_LANE
EUW1_7696722473,200,red,16.2,5,5.0031,Lulu,7915.0,5911.0,BLUE_BOT_JUNGLE
EUW1_7696722570,100,blue,16.2,10,10.003883333333333,Bard,8503.0,7712.0,MID_LANE
EUW1_7696722570,100,blue,16.2,11,11.004416666666666,Bard,4374.0,12321.0,TOP_SIDE_NEAR
EUW1_7696722821,100,blue,16.2,7,7.00345,Zilean,7959.0,4773.0,BLUE_BOT_JUNGLE
EUW1_7696722821,100,blue,16.2,10,10.004616666666667,Zilean,6197.0,2218.0,BLUE_BOT_JUNGLE
EUW1_7696722821,200,red,16.2,10,10.004616666666667,Bard,8208.0,5491.0,BLUE_BOT_JUNGLE
EUW1_7696723351,100,blue,16.2,10,10.00485,Bard,2339.0,4478.0,BLUE_TOP_JUNGLE
EUW1_7696723351,100,blue,16.2,11,11.005133333333333,Bard,4992.0,11524.0,TOP_SIDE_NEAR
EUW1_7696723538,200,red,16.2,6,6.002983333333333,Neeko,9650.0,6826.0,RED_BOT_JUNGLE
EUW1_7696723538,200,red,16.2,11,11.004616666666667,Neeko,2558.0,13452.0,TOP_LANE_CORE
EUW1_7696723770,200,red,16.2,8,8.003166666666667,Taric,5833.0,8682.0,RIVER_TOP
EUW1_7696723879,100,blue,16.2,7,7.003333333333333,Rakan,5957.0,1790.0,BLUE_BOT_JUNGLE
EUW1_7696723879,100,blue,16.2,9,9.0037,Rakan,9624.0,6854.0,RED_BOT_JUNGLE
EUW1_7696723879,100,blue,16.2,11,11.004383333333333,Rakan,6435.0,9256.0,RED_TOP_JUNGLE
EUW1_7696723879,200,red,16.2,6,6.00295,Senna,7660.0,7210.0,MID_LANE
EUW1_7696723879,200,red,16.2,8,8.003616666666666,Senna,7520.0,5152.0,BLUE_BOT_JUNGLE
EUW1_7696723879,200,red,16.2,9,9.0037,Senna,7793.0,10839.0,RED_TOP_JUNGLE
EUW1_7696724301,100,blue,16.2,7,7.00305,Lulu,8430.0,7421.0,MID_LANE
EUW1_7696724301,100,blue,16.2,8,8.0035,Lulu,5033.0,9650.0,TOP_SIDE_NEAR
EUW1_7696724301,100,blue,16.2,9,9.003866666666667,Lulu,7735.0,4830.0,BLUE_BOT_JUNGLE
EUW1_7696724301,200,red,16.2,8,8.0035,Rakan,12057.0,8709.0,RED_BOT_JUNGLE
EUW1_7696724301,200,red,16.2,9,9.003866666666667,Rakan,8687.0,5217.0,BLUE_BOT_JUNGLE
EUW1_7696724301,200,red,16.2,10,10.004,Rakan,8508.0,4813.0,BLUE_BOT_JUNGLE
EUW1_7696724370,100,blue,16.2,7,7.003033333333334,Elise,4735.0,7454.0,BLUE_TOP_JUNGLE
EUW1_7696724370,100,blue,16.2,8,8.003416666666666,Elise,7310.0,6094.0,BLUE_BOT_JUNGLE
EUW1_7696724370,100,blue,16.2,9,9.003466666666666,Elise,5944.0,6539.0,MID_LANE
EUW1_7696724370,200,red,16.2,7,7.003033333333334,Rell,10770.0,6390.0,RED_BOT_JUNGLE
EUW1_7696724435,200,red,16.2,7,7.002766666666667,Nautilus,10018.0,7744.0,RED_BOT_JUNGLE
EUW1_7696724744,100,blue,16.2,6,6.001366666666667,Bard,6712.0,6316.0,MID_LANE
EUW1_7696724744,100,blue,16.2,10,10.004016666666667,Bard,5353.0,5801.0,BLUE_TOP_JUNGLE
EUW1_7696724744,200,red,16.2,6,6.001366666666667,Neeko,7152.0,7074.0,MID_LANE
EUW1_7696724744,200,red,16.2,8,8.003616666666666,Neeko,8510.0,3656.0,BLUE_BOT_JUNGLE
EUW1_7696725251,100,blue,16.2,8,8.00375,Neeko,5196.0,7642.0,BLUE_TOP_JUNGLE
EUW1_7696725251,200,red,16.2,7,7.003266666666667,Nami,10748.0,6241.0,RED_BOT_JUNGLE
EUW1_7696726618,200,red,16.2,5,5.00285,Thresh,7353.0,7479.0,MID_LANE
EUW1_7696728762,200,red,16.2,10,10.0039,Karma,10529.0,6394.0,RED_BOT_JUNGLE
EUW1_7696728769,100,blue,16.2,9,9.004633333333333,Nami,4354.0,8234.0,BLUE_TOP_JUNGLE
EUW1_7696728769,200,red,16.2,9,9.004633333333333,Braum,5338.0,8478.0,RIVER_TOP
EUW1_7696729410,100,blue,16.2,9,9.002,Lux,5820.0,5343.0,BLUE_BOT_JUNGLE
EUW1_7696730848,100,blue,16.2,8,8.002683333333334,Leona,6179.0,6312.0,MID_LANE
EUW1_7696730848,100,blue,16.2,9,9.002883333333333,Leona,5034.0,8531.0,RIVER_TOP
EUW1_7696730848,100,blue,16.2,10,10.00325,Leona,7964.0,5325.0,BLUE_BOT_JUNGLE
EUW1_7696731431,100,blue,16.2,5,5.001116666666666,Bard,8691.0,5103.0,BLUE_BOT_JUNGLE
EUW1_7696731431,200,red,16.2,11,11.004266666666666,Sona,10386.0,6148.0,RED_BOT_JUNGLE
EUW1_7696732783,200,red,16.2,10,10.004,Taric,8211.0,10095.0,RED_TOP_JUNGLE
EUW1_7696732955,100,blue,16.2,8,8.00425,Braum,3295.0,2373.0,BLUE_BOT_JUNGLE
EUW1_7696733022,100,blue,16.2,6,6.003133333333333,Thresh,7127.0,9394.0,RED_TOP_JUNGLE
EUW1_7696733022,100,blue,16.2,7,7.003433333333334,Thresh,10948.0,6312.0,RED_BOT_JUNGLE
EUW1_7696733022,200,red,16.2,6,6.003133333333333,Janna,8781.0,8466.0,MID_LANE
EUW1_7696733217,100,blue,16.2,11,11.004566666666667,Sona,8097.0,4874.0,BLUE_BOT_JUNGLE
EUW1_7696733949,200,red,16.2,6,6.003333333333333,Blitzcrank,10172.0,6811.0,RED_BOT_JUNGLE
EUW1_7696733949,200,red,16.2,9,9.004533333333333,Blitzcrank,7498.0,6167.0,BLUE_BOT_JUNGLE
EUW1_7696734907,100,blue,16.2,7,7.0030833333333335,Karma,7053.0,6788.0,MID_LANE
EUW1_7696734907,200,red,16.2,7,7.0030833333333335,Nautilus,6768.0,7640.0,MID_LANE
EUW1_7696734961,100,blue,16.2,10,10.003733333333333,Nami,6559.0,8554.0,RIVER_TOP
EUW1_7696734961,100,blue,16.2,11,11.003833333333333,Nami,4728.0,9384.0,TOP_SIDE_NEAR
EUW1_7696734961,200,red,16.2,8,8.003066666666667,Lulu,6890.0,7331.0,MID_LANE
EUW1_7696736956,100,blue,16.2,9,9.0041,Nami,1014.0,4976.0,TOP_LANE_CORE
EUW1_7696737113,100,blue,16.2,10,10.004133333333334,Lulu,3658.0,8196.0,BLUE_TOP_JUNGLE
EUW1_7696737113,200,red,16.2,8,8.003516666666666,Braum,12000.0,11388.0,RED_BOT_JUNGLE
EUW1_7696737113,200,red,16.2,10,10.004133333333334,Braum,3485.0,8014.0,BLUE_TOP_JUNGLE
EUW1_7696737180,100,blue,16.2,8,8.004083333333334,Zilean,8090.0,6952.0,MID_LANE
EUW1_7696737180,200,red,16.2,8,8.004083333333334,Thresh,8465.0,8163.0,MID_LANE
EUW1_7696737180,200,red,16.2,10,10.004666666666667,Thresh,9884.0,7173.0,RED_BOT_JUNGLE
EUW1_7696737238,100,blue,16.2,7,7.003933333333333,Rell,8203.0,4919.0,BLUE_BOT_JUNGLE
EUW1_7696737238,100,blue,16.2,9,9.004666666666667,Rell,6002.0,6654.0,MID_LANE
EUW1_7696737238,100,blue,16.2,11,11.0052,Rell,8355.0,7208.0,MID_LANE
EUW1_7696737238,200,red,16.2,7,7.003933333333333,Neeko,7994.0,5455.0,BLUE_BOT_JUNGLE
EUW1_7696737238,200,red,16.2,9,9.004666666666667,Neeko,6788.0,6783.0,MID_LANE
EUW1_7696738835,100,blue,16.2,8,8.001516666666667,Karma,2843.0,8366.0,TOP_SIDE_NEAR
EUW1_7696738835,100,blue,16.2,9,9.003483333333334,Karma,3384.0,13095.0,TOP_LANE_CORE
EUW1_7696738835,200,red,16.2,5,5.000966666666667,Nidalee,12740.0,11265.0,RED_BOT_JUNGLE
EUW1_7696738835,200,red,16.2,9,9.003483333333334,Nidalee,8421.0,7859.0,MID_LANE
EUW1_7696738835,200,red,16.2,11,11.003816666666667,Nidalee,11523.0,6975.0,RED_BOT_JUNGLE
EUW1_7696738991,100,blue,16.2,9,9.00395,Senna,8157.0,7623.0,MID_LANE
EUW1_7696738991,200,red,16.2,10,10.004483333333333,Nautilus,5157.0,12765.0,TOP_SIDE_NEAR
EUW1_7696738991,200,red,16.2,11,11.004783333333334,Nautilus,12124.0,9055.0,RED_BOT_JUNGLE
EUW1_7696739176,200,red,16.2,6,6.00375,Braum,11842.0,9994.0,RED_BOT_JUNGLE
EUW1_7696740344,100,blue,16.2,6,6.0034,Poppy,2210.0,5411.0,BLUE_TOP_JUNGLE
EUW1_7696740344,100,blue,16.2,7,7.003833333333334,Poppy,3593.0,10764.0,TOP_SIDE_NEAR
EUW1_7696740344,100,blue,16.2,9,9.004383333333333,Poppy,7344.0,7208.0,MID_LANE
EUW1_7696740344,200,red,16.2,5,5.003283333333333,Rakan,7526.0,5964.0,BLUE_BOT_JUNGLE
EUW1_7696740344,200,red,16.2,8,8.00395,Rakan,7732.0,7137.0,MID_LANE
EUW1_7696740344,200,red,16.2,9,9.004383333333333,Rakan,8706.0,7965.0,MID_LANE
EUW1_7696740344,200,red,16.2,10,10.004633333333333,Rakan,9889.0,6427.0,RED_BOT_JUNGLE
EUW1_7696741193,100,blue,16.2,7,7.001716666666667,Aatrox,6673.0,2874.0,BLUE_BOT_JUNGLE
EUW1_7696741193,100,blue,16.2,8,8.001833333333334,Aatrox,5014.0,3373.0,BLUE_BOT_JUNGLE
EUW1_7696741193,200,red,16.2,5,5.00125,Pantheon,8360.0,7263.0,MID_LANE
EUW1_7696741193,200,red,16.2,7,7.001716666666667,Pantheon,5308.0,8731.0,RIVER_TOP
EUW1_7696741193,200,red,16.2,11,11.004283333333333,Pantheon,4030.0,9779.0,TOP_SIDE_NEAR
EUW1_7696741242,100,blue,16.2,5,5.0028,Zoe,2930.0,9695.0,TOP_SIDE_NEAR
EUW1_7696741242,100,blue,16.2,7,7.0032,Zoe,4657.0,2756.0,BLUE_BOT_JUNGLE
EUW1_7696741242,100,blue,16.2,8,8.003366666666667,Zoe,3441.0,10547.0,TOP_SIDE_NEAR
EUW1_7696741242,100,blue,16.2,9,9.003633333333333,Zoe,4032.0,10193.0,TOP_SIDE_NEAR
EUW1_7696741242,100,blue,16.2,11,11.004216666666666,Zoe,3818.0,11330.0,TOP_SIDE_NEAR
EUW1_7696741567,100,blue,16.2,7,7.0034833333333335,Nami,8451.0,3721.0,BLUE_BOT_JUNGLE
EUW1_7696741567,200,red,16.2,10,10.00445,Braum,7849.0,13215.0,TOP_LANE_CORE
EUW1_7696742230,100,blue,16.2,9,9.004,Rell,7968.0,5575.0,BLUE_BOT_JUNGLE
EUW1_7696742485,100,blue,16.2,5,5.0007,Senna,7238.0,3397.0,BLUE_BOT_JUNGLE
EUW1_7696742485,100,blue,16.2,10,10.0036,Senna,4667.0,9837.0,BARON_GRUBS_HERALD_AREA
EUW1_7696742485,200,red,16.2,5,5.0007,Rakan,11428.0,10921.0,RED_BOT_JUNGLE
EUW1_7696742485,200,red,16.2,9,9.003116666666667,Rakan,10128.0,9553.0,RED_BOT_JUNGLE
EUW1_7696742485,200,red,16.2,11,11.004,Rakan,8680.0,4508.0,BLUE_BOT_JUNGLE
EUW1_7696742574,100,blue,16.2,5,5.002666666666666,Braum,4801.0,2692.0,BLUE_BOT_JUNGLE
EUW1_7696742574,200,red,16.2,6,6.002783333333333,Nautilus,10743.0,7516.0,RED_BOT_JUNGLE
EUW1_7696746405,200,red,16.2,6,6.001666666666667,Nautilus,8124.0,7838.0,MID_LANE
EUW1_7696746545,200,red,16.2,11,11.004066666666667,Leona,2537.0,13637.0,TOP_LANE_CORE
EUW1_7696747256,100,blue,16.2,9,9.003916666666667,Thresh,10889.0,6384.0,RED_BOT_JUNGLE
EUW1_7696748758,100,blue,16.2,5,5.002366666666667,Alistar,10615.0,6124.0,RED_BOT_JUNGLE
EUW1_7696748758,100,blue,16.2,6,6.002883333333333,Alistar,7629.0,3226.0,BLUE_BOT_JUNGLE
EUW1_7696748758,100,blue,16.2,9,9.00415,Alistar,2795.0,4892.0,BLUE_TOP_JUNGLE
EUW1_7696748758,200,red,16.2,5,5.002366666666667,Poppy,12090.0,9934.0,RED_BOT_JUNGLE
EUW1_7696748758,200,red,16.2,9,9.00415,Poppy,7809.0,6486.0,MID_LANE
EUW1_7696749249,200,red,16.2,5,5.00325,Karma,9418.0,7721.0,RED_BOT_JUNGLE
EUW1_7696749406,100,blue,16.2,9,9.005166666666666,Braum,5795.0,3551.0,BLUE_BOT_JUNGLE
EUW1_7696749406,100,blue,16.2,11,11.00525,Braum,8167.0,7014.0,MID_LANE
EUW1_7696749541,200,red,16.2,9,9.003883333333333,Velkoz,4695.0,7692.0,BLUE_TOP_JUNGLE
EUW1_7696749885,100,blue,16.2,7,7.0038833333333335,Veigar,7590.0,7772.0,MID_LANE
EUW1_7696749885,200,red,16.2,9,9.004533333333333,Zilean,10037.0,7523.0,RED_BOT_JUNGLE
EUW1_7696750243,100,blue,16.2,8,8.00385,Thresh,4728.0,2845.0,BLUE_BOT_JUNGLE
EUW1_7696750243,100,blue,16.2,9,9.004383333333333,Thresh,8374.0,5199.0,BLUE_BOT_JUNGLE
EUW1_7696750243,100,blue,16.2,10,10.004633333333333,Thresh,4965.0,3050.0,BLUE_BOT_JUNGLE
EUW1_7696751313,200,red,16.2,10,10.005233333333333,Lulu,4757.0,11743.0,TOP_SIDE_NEAR
EUW1_7696751500,100,blue,16.2,5,5.002783333333333,Brand,5587.0,3596.0,BLUE_BOT_JUNGLE
EUW1_7696751500,100,blue,16.2,8,8.003783333333333,Brand,7065.0,7794.0,MID_LANE
EUW1_7696751500,100,blue,16.2,9,9.004233333333334,Brand,2533.0,13622.0,TOP_LANE_CORE
EUW1_7696751500,100,blue,16.2,11,11.00455,Brand,4341.0,2717.0,BLUE_BOT_JUNGLE
EUW1_7696751500,200,red,16.2,5,5.002783333333333,Blitzcrank,4166.0,11551.0,TOP_SIDE_NEAR
EUW1_7696751500,200,red,16.2,6,6.0030166666666664,Blitzcrank,10001.0,8699.0,MID_LANE
EUW1_7696751500,200,red,16.2,7,7.003316666666667,Blitzcrank,9079.0,11098.0,RED_TOP_JUNGLE
EUW1_7696751500,200,red,16.2,8,8.003783333333333,Blitzcrank,7862.0,7859.0,MID_LANE
EUW1_7696751500,200,red,16.2,9,9.004233333333334,Blitzcrank,6622.0,4708.0,BLUE_BOT_JUNGLE
EUW1_7696751658,100,blue,16.2,7,7.004033333333333,Braum,8622.0,5286.0,BLUE_BOT_JUNGLE
EUW1_7696751891,100,blue,16.2,8,8.003516666666666,Nami,8026.0,5813.0,BLUE_BOT_JUNGLE
EUW1_7696751891,100,blue,16.2,9,9.003966666666667,Nami,5721.0,11214.0,TOP_SIDE_NEAR
EUW1_7696751891,200,red,16.2,9,9.003966666666667,Seraphine,9252.0,8718.0,MID_LANE
EUW1_7696752364,100,blue,16.2,7,7.0033,Karma,8548.0,4860.0,BLUE_BOT_JUNGLE
EUW1_7696752684,100,blue,16.2,10,10.004233333333334,Leona,6036.0,4141.0,BLUE_BOT_JUNGLE
EUW1_7696753316,100,blue,16.2,7,7.0030833333333335,Morgana,5431.0,7125.0,BLUE_TOP_JUNGLE
EUW1_7696753316,100,blue,16.2,10,10.003433333333334,Morgana,10587.0,6461.0,RED_BOT_JUNGLE
EUW1_7696753316,200,red,16.2,7,7.0030833333333335,Blitzcrank,9204.0,7825.0,RED_BOT_JUNGLE
EUW1_7696753316,200,red,16.2,9,9.0033,Blitzcrank,7381.0,9690.0,RED_TOP_JUNGLE
EUW1_7696753316,200,red,16.2,10,10.003433333333334,Blitzcrank,11301.0,6823.0,RED_BOT_JUNGLE
EUW1_7696753661,100,blue,16.2,7,7.003716666666667,Thresh,5941.0,5556.0,BLUE_BOT_JUNGLE
EUW1_7696753661,100,blue,16.2,8,8.003766666666667,Thresh,7289.0,8900.0,RED_TOP_JUNGLE
EUW1_7696753661,100,blue,16.2,9,9.004133333333334,Thresh,1618.0,10338.0,TOP_LANE_CORE
EUW1_7696753661,200,red,16.2,8,8.003766666666667,Sona,8045.0,10105.0,RED_TOP_JUNGLE
EUW1_7696753661,200,red,16.2,9,9.004133333333334,Sona,2088.0,12741.0,TOP_LANE_CORE
EUW1_7696754145,200,red,16.2,6,6.0013,Lulu,10143.0,6777.0,RED_BOT_JUNGLE
EUW1_7696755366,100,blue,16.2,8,8.003916666666667,Bard,5236.0,7604.0,BLUE_TOP_JUNGLE
EUW1_7696755415,100,blue,16.2,10,10.004233333333334,Pantheon,7890.0,7940.0,MID_LANE
EUW1_7696755415,100,blue,16.2,11,11.004566666666667,Pantheon,8380.0,5532.0,BLUE_BOT_JUNGLE
EUW1_7696755415,200,red,16.2,11,11.004566666666667,Nami,7257.0,6826.0,MID_LANE
EUW1_7696758839,100,blue,16.2,7,7.003716666666667,Rell,2895.0,5813.0,BLUE_TOP_JUNGLE
EUW1_7696758839,100,blue,16.2,11,11.004783333333334,Rell,4942.0,9325.0,TOP_SIDE_NEAR
EUW1_7696758839,200,red,16.2,7,7.003716666666667,Lulu,4284.0,9218.0,TOP_SIDE_NEAR
EUW1_7696758839,200,red,16.2,9,9.0043,Lulu,12281.0,10750.0,RED_BOT_JUNGLE
EUW1_7696758839,200,red,16.2,11,11.004783333333334,Lulu,8067.0,7654.0,MID_LANE
EUW1_7696759615,100,blue,16.2,5,5.00055,Thresh,6115.0,3528.0,BLUE_BOT_JUNGLE
EUW1_7696759615,200,red,16.2,8,8.00135,Bard,12212.0,6411.0,RED_BOT_JUNGLE
EUW1_7696759724,100,blue,16.2,8,8.004016666666667,Nami,7279.0,7759.0,MID_LANE
EUW1_7696759724,200,red,16.2,6,6.0034833333333335,Thresh,10147.0,6197.0,RED_BOT_JUNGLE
EUW1_7696759724,200,red,16.2,11,11.00485,Thresh,4432.0,7211.0,BLUE_TOP_JUNGLE
EUW1_7696760366,100,blue,16.2,7,7.0032,Blitzcrank,10323.0,6392.0,RED_BOT_JUNGLE
EUW1_7696760713,100,blue,16.2,9,9.002966666666667,Nami,5484.0,5900.0,BLUE_TOP_JUNGLE
EUW1_7696760713,200,red,16.2,6,6.002783333333333,Pyke,11344.0,11905.0,RED_TOP_JUNGLE
EUW1_7696760713,200,red,16.2,9,9.002966666666667,Pyke,3333.0,8801.0,TOP_SIDE_NEAR
EUW1_7696761426,100,blue,16.2,11,11.003883333333333,Leona,10268.0,6184.0,RED_BOT_JUNGLE
EUW1_7696761426,200,red,16.2,10,10.003633333333333,Thresh,4283.0,8392.0,BLUE_TOP_JUNGLE
EUW1_7696761426,200,red,16.2,11,11.003883333333333,Thresh,7594.0,7365.0,MID_LANE
EUW1_7696761678,100,blue,16.2,9,9.004016666666667,Zilean,4585.0,7783.0,BLUE_TOP_JUNGLE
EUW1_7696761678,100,blue,16.2,10,10.004383333333333,Zilean,3869.0,10358.0,TOP_SIDE_NEAR
EUW1_7696761678,100,blue,16.2,11,11.0044,Zilean,3552.0,4068.0,BLUE_TOP_JUNGLE
EUW1_7696761790,200,red,16.2,10,10.0045,Milio,7051.0,6498.0,MID_LANE
EUW1_7696761790,200,red,16.2,11,11.004966666666666,Milio,7075.0,7573.0,MID_LANE
EUW1_7696761853,100,blue,16.2,6,6.002416666666667,Sona,7284.0,6739.0,MID_LANE
EUW1_7696761853,100,blue,16.2,8,8.002916666666666,Sona,4890.0,4921.0,BLUE_BOT_JUNGLE
EUW1_7696761853,100,blue,16.2,10,10.0039,Sona,7798.0,3597.0,BLUE_BOT_JUNGLE
EUW1_7696761853,100,blue,16.2,11,11.003966666666667,Sona,5834.0,5976.0,MID_LANE
EUW1_7696761853,200,red,16.2,11,11.003966666666667,Lulu,10189.0,7608.0,RED_BOT_JUNGLE
EUW1_7696762542,100,blue,16.2,7,7.002783333333333,Elise,7562.0,7019.0,MID_LANE
EUW1_7696762542,100,blue,16.2,11,11.003883333333333,Elise,7111.0,6868.0,MID_LANE
EUW1_7696762542,200,red,16.2,11,11.003883333333333,Sona,7590.0,8047.0,MID_LANE
EUW1_7696762973,100,blue,16.2,9,9.003833333333333,Nautilus,6108.0,4187.0,BLUE_BOT_JUNGLE
EUW1_7696762973,200,red,16.2,8,8.003316666666667,Nami,6676.0,9250.0,RED_TOP_JUNGLE
EUW1_7696762973,200,red,16.2,9,9.003833333333333,Nami,4851.0,7126.0,BLUE_TOP_JUNGLE
EUW1_7696762973,200,red,16.2,10,10.00435,Nami,12664.0,6148.0,RED_BOT_JUNGLE
EUW1_7696762973,200,red,16.2,11,11.00475,Nami,12139.0,9990.0,RED_BOT_JUNGLE
EUW1_7696763944,100,blue,16.2,11,11.004633333333333,Neeko,8294.0,2099.0,BLUE_BOT_JUNGLE
EUW1_7696763944,200,red,16.2,11,11.004633333333333,Renata,10961.0,6465.0,RED_BOT_JUNGLE
EUW1_7696764544,100,blue,16.2,9,9.001516666666667,Nami,6001.0,8060.0,RIVER_TOP
EUW1_7696764544,100,blue,16.2,10,10.001666666666667,Nami,3274.0,2925.0,BLUE_BOT_JUNGLE
EUW1_7696766329,100,blue,16.2,8,8.00345,Blitzcrank,4443.0,4327.0,BLUE_BOT_JUNGLE
EUW1_7696766329,200,red,16.2,8,8.00345,Rakan,2838.0,9757.0,TOP_SIDE_NEAR
EUW1_7696766945,200,red,16.2,9,9.003416666666666,Zilean,8154.0,5787.0,BLUE_BOT_JUNGLE
EUW1_7696767003,100,blue,16.2,6,6.0037,Alistar,8223.0,7702.0,MID_LANE
EUW1_7696767003,200,red,16.2,6,6.0037,Rakan,8584.0,7832.0,MID_LANE
EUW1_7696767003,200,red,16.2,8,8.0043,Rakan,7873.0,5623.0,BLUE_BOT_JUNGLE
EUW1_7696769596,100,blue,16.2,8,8.003866666666667,Rell,11186.0,6399.0,RED_BOT_JUNGLE
EUW1_7696769596,100,blue,16.2,11,11.004433333333333,Rell,4343.0,3835.0,BLUE_BOT_JUNGLE
EUW1_7696770347,100,blue,16.2,7,7.002816666666667,Ashe,7895.0,7797.0,MID_LANE
EUW1_7696770347,100,blue,16.2,8,8.0031,Ashe,3596.0,3039.0,BLUE_BOT_JUNGLE
EUW1_7696770347,100,blue,16.2,11,11.004166666666666,Ashe,6545.0,8124.0,MID_LANE
EUW1_7696770347,200,red,16.2,7,7.002816666666667,Nautilus,9125.0,8551.0,MID_LANE
EUW1_7696770347,200,red,16.2,11,11.004166666666666,Nautilus,5735.0,9357.0,RIVER_TOP
EUW1_7696771426,100,blue,16.2,8,8.0036,Braum,5246.0,4783.0,BLUE_BOT_JUNGLE
EUW1_7696771426,100,blue,16.2,10,10.003666666666666,Braum,4695.0,5418.0,BLUE_TOP_JUNGLE
EUW1_7696771426,200,red,16.2,8,8.0036,Nami,8052.0,7620.0,MID_LANE
EUW1_7696771426,200,red,16.2,9,9.003633333333333,Nami,7851.0,7854.0,MID_LANE
EUW1_7696771593,100,blue,16.2,8,8.00345,Karma,9651.0,11214.0,RED_TOP_JUNGLE
EUW1_7696771593,200,red,16.2,9,9.003516666666666,Pyke,6620.0,7878.0,MID_LANE
EUW1_7696771596,100,blue,16.2,6,6.002816666666667,Bard,7352.0,6231.0,MID_LANE
EUW1_7696771596,100,blue,16.2,9,9.003816666666667,Bard,2779.0,5655.0,BLUE_TOP_JUNGLE
EUW1_7696771596,100,blue,16.2,11,11.0043,Bard,1693.0,10651.0,TOP_LANE_CORE
EUW1_7696771596,200,red,16.2,5,5.002566666666667,Neeko,9972.0,9438.0,RED_BOT_JUNGLE
EUW1_7696771596,200,red,16.2,10,10.004016666666667,Neeko,8882.0,8115.0,MID_LANE
EUW1_7696771596,200,red,16.2,11,11.0043,Neeko,3347.0,11282.0,TOP_SIDE_NEAR
EUW1_7696773147,100,blue,16.2,6,6.000866666666667,Pyke,7758.0,7137.0,MID_LANE
EUW1_7696773147,100,blue,16.2,8,8.001433333333333,Pyke,8557.0,5397.0,BLUE_BOT_JUNGLE
EUW1_7696773147,100,blue,16.2,11,11.002683333333334,Pyke,8094.0,7497.0,MID_LANE
EUW1_7696773184,100,blue,16.2,9,9.004883333333334,Rakan,4624.0,9461.0,TOP_SIDE_NEAR
EUW1_7696773184,200,red,16.2,8,8.00455,Pyke,11893.0,11625.0,RED_BOT_JUNGLE
EUW1_7696773184,200,red,16.2,9,9.004883333333334,Pyke,5577.0,9044.0,RIVER_TOP
EUW1_7696774209,100,blue,16.2,7,7.0033,Braum,6789.0,6512.0,MID_LANE
EUW1_7696774209,100,blue,16.2,9,9.003616666666666,Braum,4317.0,3845.0,BLUE_BOT_JUNGLE
EUW1_7696774992,100,blue,16.2,8,8.003366666666667,Rell,6381.0,8441.0,RIVER_TOP
EUW1_7696774992,100,blue,16.2,11,11.00455,Rell,8121.0,7894.0,MID_LANE
EUW1_7696774992,200,red,16.2,5,5.002833333333333,Neeko,8831.0,7930.0,MID_LANE
EUW1_7696774992,200,red,16.2,9,9.003816666666667,Neeko,12730.0,7093.0,RED_BOT_JUNGLE
EUW1_7696774992,200,red,16.2,11,11.00455,Neeko,8668.0,8093.0,MID_LANE
EUW1_7696775673,100,blue,16.2,11,11.00575,Braum,12680.0,9546.0,RED_BOT_JUNGLE
EUW1_7696775673,200,red,16.2,11,11.00575,Janna,12580.0,7287.0,RED_BOT_JUNGLE
EUW1_7696776698,100,blue,16.2,9,9.004233333333334,Taric,4058.0,10130.0,TOP_SIDE_NEAR
EUW1_7696776698,200,red,16.2,6,6.003283333333333,Rakan,11252.0,6703.0,RED_BOT_JUNGLE
EUW1_7696776698,200,red,16.2,9,9.004233333333334,Rakan,6736.0,6660.0,MID_LANE
EUW1_7696777075,100,blue,16.2,6,6.003216666666667,Karma,4687.0,7894.0,BLUE_TOP_JUNGLE
EUW1_7696777751,100,blue,16.2,8,8.00405,Nami,7586.0,5943.0,BLUE_BOT_JUNGLE
EUW1_7696777848,100,blue,16.2,5,5.000966666666667,Yuumi,2335.0,8939.0,TOP_SIDE_NEAR
EUW1_7696777848,100,blue,16.2,6,6.001383333333333,Yuumi,8066.0,2393.0,BLUE_BOT_JUNGLE
EUW1_7696777848,100,blue,16.2,7,7.003233333333333,Yuumi,1238.0,11572.0,TOP_LANE_CORE
EUW1_7696777848,100,blue,16.2,8,8.003616666666666,Yuumi,3104.0,12897.0,TOP_LANE_CORE
EUW1_7696777848,100,blue,16.2,9,9.00375,Yuumi,3237.0,8146.0,TOP_SIDE_NEAR
EUW1_7696777848,100,blue,16.2,10,10.00375,Yuumi,7590.0,2752.0,BLUE_BOT_JUNGLE
EUW1_7696777848,100,blue,16.2,11,11.003983333333334,Yuumi,8507.0,7739.0,MID_LANE
EUW1_7696777848,200,red,16.2,6,6.001383333333333,Nautilus,9774.0,9146.0,RED_BOT_JUNGLE
EUW1_7696777848,200,red,16.2,7,7.003233333333333,Nautilus,9759.0,6969.0,RED_BOT_JUNGLE
EUW1_7696777848,200,red,16.2,8,8.003616666666666,Nautilus,4189.0,11809.0,TOP_SIDE_NEAR
EUW1_7696778125,100,blue,16.2,8,8.002933333333333,Bard,3438.0,9189.0,TOP_SIDE_NEAR
EUW1_7696778125,200,red,16.2,9,9.003866666666667,Braum,7176.0,7028.0,MID_LANE
EUW1_7696778125,200,red,16.2,11,11.00465,Braum,12616.0,10385.0,RED_BOT_JUNGLE
EUW1_7696778185,100,blue,16.2,9,9.004483333333333,Seraphine,3684.0,10343.0,TOP_SIDE_NEAR
EUW1_7696778734,100,blue,16.2,9,9.004316666666666,Morgana,8299.0,5759.0,BLUE_BOT_JUNGLE
EUW1_7696778734,200,red,16.2,9,9.004316666666666,Karma,9269.0,9363.0,RED_TOP_JUNGLE
EUW1_7696778734,200,red,16.2,10,10.004333333333333,Karma,8481.0,8233.0,MID_LANE
EUW1_7696781323,100,blue,16.2,8,8.003866666666667,Nami,6354.0,9178.0,RED_TOP_JUNGLE
EUW1_7696781323,100,blue,16.2,11,11.0047,Nami,6612.0,6711.0,MID_LANE
EUW1_7696781323,200,red,16.2,8,8.003866666666667,Senna,8210.0,7981.0,MID_LANE
EUW1_7696781323,200,red,16.2,11,11.0047,Senna,6889.0,7708.0,MID_LANE
EUW1_7696782705,100,blue,16.2,10,10.004016666666667,Brand,5738.0,5976.0,MID_LANE
EUW1_7696782705,200,red,16.2,6,6.002933333333333,Karma,7875.0,7813.0,MID_LANE
EUW1_7696782705,200,red,16.2,9,9.003916666666667,Karma,6421.0,9207.0,RED_TOP_JUNGLE
EUW1_7696782705,200,red,16.2,10,10.004016666666667,Karma,7057.0,6342.0,MID_LANE
EUW1_7696783112,100,blue,16.2,5,5.00275,Janna,6656.0,4633.0,BLUE_BOT_JUNGLE
EUW1_7696783112,100,blue,16.2,11,11.004016666666667,Janna,8072.0,6803.0,MID_LANE
EUW1_7696783112,200,red,16.2,5,5.00275,Leona,10823.0,11423.0,RED_TOP_JUNGLE
EUW1_7696783112,200,red,16.2,8,8.003233333333334,Leona,1472.0,11276.0,TOP_LANE_CORE
EUW1_7696783112,200,red,16.2,9,9.00365,Leona,10565.0,6479.0,RED_BOT_JUNGLE
EUW1_7696783112,200,red,16.2,10,10.00385,Leona,3895.0,11552.0,TOP_SIDE_NEAR
EUW1_7696783112,200,red,16.2,11,11.004016666666667,Leona,8516.0,8029.0,MID_LANE
EUW1_7696783444,200,red,16.2,8,8.001933333333334,Nautilus,12105.0,7626.0,RED_BOT_JUNGLE
EUW1_7696783668,100,blue,16.2,8,8.003783333333333,Milio,7386.0,2579.0,BLUE_BOT_JUNGLE
EUW1_7696783668,200,red,16.2,10,10.00405,Leona,11983.0,11752.0,RED_BOT_JUNGLE
EUW1_7696783889,100,blue,16.2,6,6.001383333333333,Pyke,6955.0,6500.0,MID_LANE
EUW1_7696783889,100,blue,16.2,10,10.0024,Pyke,7836.0,5670.0,BLUE_BOT_JUNGLE
EUW1_7696783889,200,red,16.2,6,6.001383333333333,Neeko,7674.0,6619.0,MID_LANE
EUW1_7696784556,100,blue,16.2,9,9.0051,Sona,5395.0,3465.0,BLUE_BOT_JUNGLE
EUW1_7696785098,100,blue,16.2,10,10.004233333333334,Lulu,6225.0,5750.0,MID_LANE
EUW1_7696786064,200,red,16.2,9,9.003333333333334,Bard,10584.0,6143.0,RED_BOT_JUNGLE
EUW1_7696786332,100,blue,16.2,8,8.003933333333332,Senna,6213.0,2233.0,BLUE_BOT_JUNGLE
EUW1_7696786332,100,blue,16.2,11,11.0044,Senna,7201.0,3499.0,BLUE_BOT_JUNGLE
EUW1_7696786332,200,red,16.2,8,8.003933333333332,Rakan,8736.0,8290.0,MID_LANE
EUW1_7696786602,200,red,16.2,11,11.005066666666666,Bard,12431.0,9404.0,RED_BOT_JUNGLE
EUW1_7696787207,200,red,16.2,5,5.001033333333333,Pyke,12632.0,11186.0,RED_BOT_JUNGLE
EUW1_7696788275,100,blue,16.2,6,6.00135,Senna,11887.0,6821.0,RED_BOT_JUNGLE
EUW1_7696788275,100,blue,16.2,10,10.004066666666667,Senna,2122.0,3737.0,BLUE_TOP_JUNGLE
EUW1_7696788275,200,red,16.2,6,6.00135,Yuumi,11696.0,6581.0,RED_BOT_JUNGLE
EUW1_7696788518,100,blue,16.2,5,5.0031,Nami,6189.0,3381.0,BLUE_BOT_JUNGLE
EUW1_7696788518,100,blue,16.2,8,8.004133333333334,Nami,6710.0,4435.0,BLUE_BOT_JUNGLE
EUW1_7696788518,100,blue,16.2,9,9.004166666666666,Nami,6320.0,2359.0,BLUE_BOT_JUNGLE
EUW1_7696788518,100,blue,16.2,11,11.00425,Nami,6633.0,4736.0,BLUE_BOT_JUNGLE
EUW1_7696788518,200,red,16.2,8,8.004133333333334,Nautilus,7696.0,8213.0,MID_LANE
EUW1_7696788518,200,red,16.2,11,11.00425,Nautilus,10526.0,6459.0,RED_BOT_JUNGLE
EUW1_7696788595,100,blue,16.2,5,5.00345,Thresh,4412.0,7263.0,BLUE_TOP_JUNGLE
EUW1_7696788595,100,blue,16.2,7,7.004316666666667,Thresh,2785.0,5840.0,BLUE_TOP_JUNGLE
EUW1_7696788595,100,blue,16.2,8,8.00475,Thresh,3781.0,11855.0,TOP_SIDE_NEAR
EUW1_7696788595,100,blue,16.2,11,11.005583333333334,Thresh,7611.0,7272.0,MID_LANE
EUW1_7696788595,200,red,16.2,8,8.00475,Janna,5728.0,10905.0,TOP_SIDE_NEAR
EUW1_7696788976,100,blue,16.2,9,9.003766666666667,Thresh,7834.0,5698.0,BLUE_BOT_JUNGLE
EUW1_7696788976,200,red,16.2,6,6.003183333333333,Braum,11601.0,7522.0,RED_BOT_JUNGLE
EUW1_7696788976,200,red,16.2,10,10.00395,Braum,8481.0,7373.0,MID_LANE
EUW1_7696789036,100,blue,16.2,8,8.004083333333334,Nautilus,6342.0,9098.0,RIVER_TOP
EUW1_7696789036,200,red,16.2,5,5.002816666666667,Alistar,11112.0,10606.0,RED_BOT_JUNGLE
EUW1_7696789036,200,red,16.2,8,8.004083333333334,Alistar,10195.0,10340.0,RED_TOP_JUNGLE
EUW1_7696789260,100,blue,16.2,7,7.001166666666666,Morgana,3248.0,11098.0,TOP_SIDE_NEAR
EUW1_7696789260,100,blue,16.2,8,8.0016,Morgana,9791.0,7033.0,RED_BOT_JUNGLE
EUW1_7696789260,200,red,16.2,5,5.000783333333334,Leona,7495.0,6832.0,MID_LANE
EUW1_7696790424,100,blue,16.2,10,10.004333333333333,FiddleSticks,5899.0,8405.0,RIVER_TOP
EUW1_7696790424,200,red,16.2,6,6.003433333333334,Bard,8574.0,10600.0,RED_TOP_JUNGLE
EUW1_7696790424,200,red,16.2,10,10.004333333333333,Bard,7789.0,8389.0,MID_LANE
EUW1_7696790567,100,blue,16.2,6,6.003216666666667,Rakan,7976.0,5414.0,BLUE_BOT_JUNGLE
EUW1_7696790567,100,blue,16.2,9,9.00445,Rakan,4732.0,9180.0,TOP_SIDE_NEAR
EUW1_7696790567,200,red,16.2,6,6.003216666666667,Soraka,7780.0,8413.0,MID_LANE
EUW1_7696790567,200,red,16.2,10,10.004816666666667,Soraka,10383.0,10177.0,RED_BOT_JUNGLE
EUW1_7696791423,100,blue,16.2,9,9.003383333333334,Senna,5136.0,3183.0,BLUE_BOT_JUNGLE
EUW1_7696791423,200,red,16.2,9,9.003383333333334,Velkoz,10538.0,10000.0,RED_BOT_JUNGLE
EUW1_7696792501,100,blue,16.2,6,6.00395,Rakan,7315.0,7281.0,MID_LANE
EUW1_7696792501,100,blue,16.2,7,7.004266666666667,Rakan,5977.0,8244.0,RIVER_TOP
EUW1_7696792501,200,red,16.2,7,7.004266666666667,Janna,7314.0,8871.0,RED_TOP_JUNGLE
EUW1_7696793137,200,red,16.2,11,11.003633333333333,Mel,8297.0,7666.0,MID_LANE
EUW1_7696793463,100,blue,16.2,10,10.004416666666666,Leona,8336.0,4917.0,BLUE_BOT_JUNGLE
EUW1_7696793463,200,red,16.2,9,9.004133333333334,Rell,6072.0,6303.0,MID_LANE
EUW1_7696793644,200,red,16.2,10,10.004466666666668,Taric,6991.0,4903.0,BLUE_BOT_JUNGLE
EUW1_7696793840,100,blue,16.2,9,9.0039,Karma,6138.0,9454.0,RED_TOP_JUNGLE
EUW1_7696793840,200,red,16.2,10,10.003966666666667,Leblanc,8250.0,10190.0,RED_TOP_JUNGLE
EUW1_7696793999,100,blue,16.2,9,9.004133333333334,Janna,3328.0,11317.0,TOP_SIDE_NEAR
EUW1_7696794016,100,blue,16.2,8,8.0037,Neeko,6811.0,4857.0,BLUE_BOT_JUNGLE
EUW1_7696794016,100,blue,16.2,9,9.0037,Neeko,3818.0,2828.0,BLUE_BOT_JUNGLE
EUW1_7696794016,200,red,16.2,9,9.0037,Nami,10452.0,6248.0,RED_BOT_JUNGLE
EUW1_7696794839,100,blue,16.2,7,7.003666666666667,Sona,8637.0,5036.0,BLUE_BOT_JUNGLE
EUW1_7696794839,200,red,16.2,8,8.004066666666667,Milio,6150.0,10711.0,TOP_SIDE_NEAR
EUW1_7696797479,100,blue,16.2,5,5.0027333333333335,Thresh,7841.0,3646.0,BLUE_BOT_JUNGLE
EUW1_7696797479,100,blue,16.2,10,10.003866666666667,Thresh,7487.0,7018.0,MID_LANE
EUW1_7696797479,200,red,16.2,9,9.003366666666667,Rakan,10444.0,11014.0,RED_TOP_JUNGLE
EUW1_7696797479,200,red,16.2,10,10.003866666666667,Rakan,8205.0,7214.0,MID_LANE
EUW1_7696797479,200,red,16.2,11,11.003916666666667,Rakan,6226.0,9473.0,RED_TOP_JUNGLE
EUW1_7696797870,100,blue,16.2,6,6.003266666666667,Lulu,6261.0,4999.0,BLUE_BOT_JUNGLE
EUW1_7696797870,100,blue,16.2,9,9.003816666666667,Lulu,3456.0,8778.0,TOP_SIDE_NEAR
EUW1_7696797870,100,blue,16.2,11,11.004833333333334,Lulu,8384.0,5603.0,BLUE_BOT_JUNGLE
EUW1_7696797876,100,blue,16.2,8,8.00395,Bard,4820.0,6603.0,BLUE_TOP_JUNGLE
EUW1_7696797876,100,blue,16.2,9,9.00445,Bard,2478.0,7613.0,BLUE_TOP_JUNGLE
EUW1_7696797876,100,blue,16.2,10,10.004666666666667,Bard,7753.0,3250.0,BLUE_BOT_JUNGLE
EUW1_7696797876,200,red,16.2,9,9.00445,Thresh,2303.0,9114.0,TOP_SIDE_NEAR
EUW1_7696797876,200,red,16.2,10,10.004666666666667,Thresh,10276.0,9764.0,RED_BOT_JUNGLE
EUW1_7696798072,200,red,16.2,7,7.0034833333333335,Lulu,10092.0,8702.0,RED_BOT_JUNGLE
EUW1_7696798269,100,blue,16.2,5,5.002766666666667,Nautilus,7555.0,5073.0,BLUE_BOT_JUNGLE
EUW1_7696798269,100,blue,16.2,7,7.003633333333333,Nautilus,6990.0,9407.0,RED_TOP_JUNGLE
EUW1_7696798269,200,red,16.2,5,5.002766666666667,Bard,8540.0,7505.0,MID_LANE
EUW1_7696798269,200,red,16.2,10,10.004416666666666,Bard,3184.0,11356.0,TOP_SIDE_NEAR
EUW1_7696798269,200,red,16.2,11,11.004633333333333,Bard,9360.0,7790.0,RED_BOT_JUNGLE
EUW1_7696800369,100,blue,16.2,7,7.00365,Yuumi,6534.0,7438.0,MID_LANE
EUW1_7696800369,200,red,16.2,7,7.00365,Elise,6898.0,6466.0,MID_LANE
EUW1_7696800369,200,red,16.2,10,10.004316666666666,Elise,8769.0,10598.0,RED_TOP_JUNGLE
EUW1_7696800429,200,red,16.2,7,7.003633333333333,Nidalee,10659.0,6122.0,RED_BOT_JUNGLE
EUW1_7696800757,100,blue,16.2,7,7.003116666666667,Bard,1067.0,10144.0,TOP_LANE_CORE
EUW1_7696800757,100,blue,16.2,8,8.003333333333334,Bard,10851.0,6424.0,RED_BOT_JUNGLE
EUW1_7696800757,100,blue,16.2,11,11.004216666666666,Bard,5588.0,6961.0,BLUE_TOP_JUNGLE
EUW1_7696800757,200,red,16.2,7,7.003116666666667,Leona,2988.0,11671.0,TOP_SIDE_NEAR
EUW1_7696800757,200,red,16.2,9,9.003333333333334,Leona,2620.0,11344.0,TOP_SIDE_NEAR
EUW1_7696800807,100,blue,16.2,8,8.002033333333333,Nautilus,6838.0,6959.0,MID_LANE
EUW1_7696800807,200,red,16.2,7,7.001716666666667,Braum,10767.0,10514.0,RED_BOT_JUNGLE
EUW1_7696800807,200,red,16.2,8,8.002033333333333,Braum,7741.0,6697.0,MID_LANE
EUW1_7696800807,200,red,16.2,10,10.003933333333332,Braum,10616.0,10098.0,RED_BOT_JUNGLE
EUW1_7696800890,100,blue,16.2,9,9.005,Rakan,8379.0,7278.0,MID_LANE
EUW1_7696800890,200,red,16.2,9,9.005,Nami,10955.0,6158.0,RED_BOT_JUNGLE
EUW1_7696800903,200,red,16.2,10,10.004483333333333,Neeko,11830.0,7716.0,RED_BOT_JUNGLE
EUW1_7696801464,100,blue,16.2,8,8.004083333333334,Rakan,6629.0,7601.0,MID_LANE
EUW1_7696801464,100,blue,16.2,9,9.004433333333333,Rakan,7454.0,7140.0,MID_LANE
EUW1_7696801464,100,blue,16.2,11,11.0053,Rakan,6069.0,9975.0,TOP_SIDE_NEAR
EUW1_7696801464,200,red,16.2,7,7.003716666666667,Nautilus,8303.0,8495.0,MID_LANE
EUW1_7696803798,100,blue,16.2,8,8.003533333333333,Braum,6318.0,10049.0,RED_TOP_JUNGLE
EUW1_7696804347,100,blue,16.2,8,8.0017,Leona,3310.0,7864.0,BLUE_TOP_JUNGLE
EUW1_7696804347,100,blue,16.2,9,9.003533333333333,Leona,7682.0,3297.0,BLUE_BOT_JUNGLE
EUW1_7696805064,100,blue,16.2,8,8.001983333333333,Bard,5892.0,6180.0,MID_LANE
EUW1_7696805064,200,red,16.2,8,8.001983333333333,Rell,11100.0,6626.0,RED_BOT_JUNGLE
EUW1_7696805580,200,red,16.2,11,11.005316666666667,Rakan,9224.0,8897.0,MID_LANE
EUW1_7696806093,200,red,16.2,9,9.001533333333333,Janna,5951.0,6881.0,MID_LANE
EUW1_7696806142,100,blue,16.2,10,10.004616666666667,Nautilus,6633.0,9294.0,RED_TOP_JUNGLE
EUW1_7696806142,100,blue,16.2,11,11.004616666666667,Nautilus,7007.0,4888.0,BLUE_BOT_JUNGLE
EUW1_7696806142,200,red,16.2,9,9.004533333333333,Sona,10894.0,10406.0,RED_BOT_JUNGLE
EUW1_7696806142,200,red,16.2,11,11.004616666666667,Sona,3660.0,9810.0,TOP_SIDE_NEAR
EUW1_7696806655,100,blue,16.2,8,8.00375,Bard,5660.0,6931.0,MID_LANE
EUW1_7696806655,100,blue,16.2,9,9.003883333333333,Bard,8149.0,7487.0,MID_LANE
EUW1_7696806655,100,blue,16.2,10,10.004116666666667,Bard,8329.0,5312.0,BLUE_BOT_JUNGLE
EUW1_7696806655,100,blue,16.2,11,11.004566666666667,Bard,8067.0,7147.0,MID_LANE
EUW1_7696806655,200,red,16.2,8,8.00375,Karma,6405.0,8066.0,BLUE_TOP_JUNGLE
EUW1_7696806655,200,red,16.2,11,11.004566666666667,Karma,8286.0,8076.0,MID_LANE
EUW1_7696809170,200,red,16.2,9,9.0043,Senna,9516.0,11137.0,RED_TOP_JUNGLE
EUW1_7696810213,100,blue,16.2,11,11.0021,Thresh,1690.0,8584.0,TOP_LANE_CORE
EUW1_7696810213,200,red,16.2,9,9.001666666666667,Nami,8204.0,5728.0,BLUE_BOT_JUNGLE
EUW1_7696810213,200,red,16.2,10,10.001966666666666,Nami,7034.0,7461.0,MID_LANE
EUW1_7696810213,200,red,16.2,11,11.0021,Nami,7357.0,7562.0,MID_LANE
EUW1_7696810454,100,blue,16.2,8,8.004183333333334,Nautilus,3241.0,9693.0,TOP_SIDE_NEAR
EUW1_7696810454,200,red,16.2,8,8.004183333333334,Bard,2959.0,9585.0,TOP_SIDE_NEAR
EUW1_7696810454,200,red,16.2,9,9.004483333333333,Bard,10282.0,9644.0,RED_BOT_JUNGLE
EUW1_7696811540,200,red,16.2,11,11.004,Leona,7025.0,6152.0,MID_LANE
EUW1_7696812212,100,blue,16.2,8,8.003983333333334,Lulu,11646.0,6853.0,RED_BOT_JUNGLE
EUW1_7696812212,200,red,16.2,8,8.003983333333334,Milio,11912.0,7548.0,RED_BOT_JUNGLE
EUW1_7696812220,100,blue,16.2,10,10.004033333333334,Rell,7718.0,5036.0,BLUE_BOT_JUNGLE
EUW1_7696812220,200,red,16.2,10,10.004033333333334,Alistar,7659.0,6761.0,MID_LANE
EUW1_7696813287,200,red,16.2,6,6.0033666666666665,Elise,3060.0,10840.0,TOP_SIDE_NEAR
EUW1_7696813287,200,red,16.2,10,10.00415,Elise,12087.0,6660.0,RED_BOT_JUNGLE
EUW1_7696814428,100,blue,16.2,5,5.001483333333334,Pyke,6449.0,4495.0,BLUE_BOT_JUNGLE
EUW1_7696814428,100,blue,16.2,7,7.003333333333333,Pyke,4488.0,9911.0,BARON_GRUBS_HERALD_AREA
EUW1_7696814428,100,blue,16.2,9,9.004216666666666,Pyke,4888.0,8879.0,TOP_SIDE_NEAR
EUW1_7696814428,100,blue,16.2,10,10.004566666666667,Pyke,2712.0,7016.0,BLUE_TOP_JUNGLE
EUW1_7696814428,200,red,16.2,10,10.004566666666667,Neeko,3056.0,7606.0,BLUE_TOP_JUNGLE
EUW1_7696815446,100,blue,16.2,10,10.00455,Rakan,2598.0,8404.0,TOP_SIDE_NEAR
EUW1_7696815446,200,red,16.2,10,10.00455,Taric,10703.0,11445.0,RED_TOP_JUNGLE
EUW1_7696815446,200,red,16.2,11,11.005016666666666,Taric,6859.0,7351.0,MID_LANE
EUW1_7696816437,200,red,16.2,6,6.003816666666666,Nautilus,10096.0,7477.0,RED_BOT_JUNGLE
EUW1_7696816437,200,red,16.2,7,7.004133333333334,Nautilus,7829.0,5705.0,BLUE_BOT_JUNGLE
EUW1_7696816437,200,red,16.2,11,11.0054,Nautilus,9970.0,6705.0,RED_BOT_JUNGLE
EUW1_7696816493,100,blue,16.2,9,9.00455,Nami,3821.0,2122.0,BLUE_BOT_JUNGLE
EUW1_7696816493,100,blue,16.2,10,10.004683333333332,Nami,2366.0,3844.0,BLUE_TOP_JUNGLE
EUW1_7696816493,200,red,16.2,11,11.004883333333334,Bard,6480.0,11221.0,TOP_SIDE_NEAR
EUW1_7696816800,200,red,16.2,10,10.004616666666667,Bard,8127.0,5394.0,BLUE_BOT_JUNGLE
EUW1_7696816800,200,red,16.2,11,11.00485,Bard,7834.0,5595.0,BLUE_BOT_JUNGLE
EUW1_7696817101,100,blue,16.2,6,6.0033,Thresh,10842.0,6308.0,RED_BOT_JUNGLE
EUW1_7696817101,200,red,16.2,6,6.0033,Zilean,11089.0,6626.0,RED_BOT_JUNGLE
EUW1_7696817101,200,red,16.2,11,11.0043,Zilean,9309.0,7883.0,RED_BOT_JUNGLE
EUW1_7696817331,100,blue,16.2,8,8.004183333333334,Nautilus,7208.0,4935.0,BLUE_BOT_JUNGLE
EUW1_7696817331,100,blue,16.2,9,9.004333333333333,Nautilus,6335.0,8531.0,RIVER_TOP
EUW1_7696817331,100,blue,16.2,11,11.004866666666667,Nautilus,4526.0,4907.0,BLUE_TOP_JUNGLE
EUW1_7696817331,200,red,16.2,9,9.004333333333333,Milio,7981.0,7282.0,MID_LANE
EUW1_7696817331,200,red,16.2,11,11.004866666666667,Milio,7619.0,5212.0,BLUE_BOT_JUNGLE
EUW1_7696817882,100,blue,16.2,9,9.0047,Nautilus,6145.0,4989.0,BLUE_BOT_JUNGLE
EUW1_7696817882,200,red,16.2,8,8.004616666666667,Rakan,11466.0,12693.0,RED_TOP_JUNGLE
EUW1_7696817882,200,red,16.2,10,10.00505,Rakan,7472.0,8356.0,MID_LANE
EUW1_7696817939,200,red,16.2,9,9.0038,Leona,11164.0,6660.0,RED_BOT_JUNGLE
EUW1_7696818906,100,blue,16.2,6,6.003416666666666,Bard,8571.0,4728.0,BLUE_BOT_JUNGLE
EUW1_7696818906,100,blue,16.2,8,8.0044,Bard,6364.0,7097.0,MID_LANE
EUW1_7696818906,200,red,16.2,8,8.0044,Nautilus,8763.0,8121.0,MID_LANE
EUW1_7696820592,200,red,16.2,9,9.0041,Nautilus,3269.0,13563.0,TOP_LANE_CORE
EUW1_7696821681,100,blue,16.2,6,6.003316666666667,Rakan,7366.0,6792.0,MID_LANE
EUW1_7696821681,100,blue,16.2,11,11.004966666666666,Rakan,7681.0,2461.0,BLUE_BOT_JUNGLE
EUW1_7696821681,200,red,16.2,8,8.004016666666667,Braum,6123.0,8147.0,RIVER_TOP
EUW1_7696823188,100,blue,16.2,10,10.004083333333334,Nami,8300.0,7200.0,MID_LANE
EUW1_7696823188,100,blue,16.2,11,11.0043,Nami,7553.0,3204.0,BLUE_BOT_JUNGLE
EUW1_7696823828,100,blue,16.2,9,9.00405,Thresh,8470.0,5135.0,BLUE_BOT_JUNGLE
EUW1_7696823828,100,blue,16.2,11,11.004566666666667,Thresh,6064.0,4185.0,BLUE_BOT_JUNGLE
EUW1_7696824729,100,blue,16.2,7,7.003216666666667,Thresh,6627.0,6602.0,MID_LANE
EUW1_7696824729,100,blue,16.2,10,10.0045,Thresh,6297.0,6893.0,MID_LANE
EUW1_7696824729,100,blue,16.2,11,11.004583333333333,Thresh,10442.0,6186.0,RED_BOT_JUNGLE
EUW1_7696824729,200,red,16.2,6,6.003,Braum,5065.0,8605.0,RIVER_TOP
EUW1_7696824729,200,red,16.2,7,7.003216666666667,Braum,8351.0,7174.0,MID_LANE
EUW1_7696824729,200,red,16.2,10,10.0045,Braum,7335.0,7840.0,MID_LANE
EUW1_7696824729,200,red,16.2,11,11.004583333333333,Braum,11071.0,7504.0,RED_BOT_JUNGLE
EUW1_7696825400,100,blue,16.2,8,8.00165,Janna,6856.0,6881.0,MID_LANE
EUW1_7696825400,100,blue,16.2,11,11.003683333333333,Janna,4743.0,8132.0,BLUE_TOP_JUNGLE
EUW1_7696825400,200,red,16.2,8,8.00165,Seraphine,6522.0,7652.0,MID_LANE
EUW1_7696825692,100,blue,16.2,7,7.0034,Nami,3709.0,2130.0,BLUE_BOT_JUNGLE
EUW1_7696825692,100,blue,16.2,8,8.003666666666666,Nami,7469.0,5796.0,BLUE_BOT_JUNGLE
EUW1_7696825692,100,blue,16.2,9,9.003966666666667,Nami,4911.0,9341.0,TOP_SIDE_NEAR
EUW1_7696825692,100,blue,16.2,10,10.004066666666667,Nami,7046.0,7355.0,MID_LANE
EUW1_7696825692,200,red,16.2,8,8.003666666666666,Rell,6948.0,4824.0,BLUE_BOT_JUNGLE
EUW1_7696825692,200,red,16.2,10,10.004066666666667,Rell,6039.0,9170.0,RIVER_TOP
EUW1_7696826898,100,blue,16.2,8,8.0038,Nautilus,8367.0,7302.0,MID_LANE
EUW1_7696826898,200,red,16.2,8,8.0038,Nami,3961.0,11494.0,TOP_SIDE_NEAR
EUW1_7696827785,100,blue,16.2,9,9.004266666666666,Rakan,2703.0,7629.0,BLUE_TOP_JUNGLE
EUW1_7696827785,200,red,16.2,5,5.002983333333333,Lulu,9391.0,8414.0,MID_LANE
EUW1_7696827785,200,red,16.2,8,8.003966666666667,Lulu,7778.0,7952.0,MID_LANE
EUW1_7696827785,200,red,16.2,9,9.004266666666666,Lulu,3826.0,9553.0,TOP_SIDE_NEAR
EUW1_7696827785,200,red,16.2,10,10.0046,Lulu,8290.0,5205.0,BLUE_BOT_JUNGLE
EUW1_7696828153,200,red,16.2,6,6.0030833333333335,Rakan,11532.0,10999.0,RED_BOT_JUNGLE
EUW1_7696828153,200,red,16.2,7,7.003616666666667,Rakan,3268.0,9598.0,TOP_SIDE_NEAR
EUW1_7696828830,200,red,16.2,6,6.002683333333334,Milio,7762.0,5818.0,BLUE_BOT_JUNGLE
EUW1_7696828830,200,red,16.2,11,11.004166666666666,Milio,10194.0,6179.0,RED_BOT_JUNGLE
EUW1_7696828930,100,blue,16.2,6,6.0037666666666665,Leona,6808.0,4713.0,BLUE_BOT_JUNGLE
EUW1_7696828930,100,blue,16.2,9,9.00415,Leona,8369.0,7483.0,MID_LANE
EUW1_7696829357,100,blue,16.2,10,10.003383333333334,Rakan,3792.0,8661.0,TOP_SIDE_NEAR
EUW1_7696832690,100,blue,16.2,5,5.003133333333333,Nautilus,8599.0,4644.0,BLUE_BOT_JUNGLE
EUW1_7696832690,200,red,16.2,5,5.003133333333333,Alistar,7025.0,5283.0,BLUE_BOT_JUNGLE
EUW1_7696832768,200,red,16.2,6,6.0034,Nami,7028.0,7180.0,MID_LANE
EUW1_7696833092,100,blue,16.2,11,11.005533333333334,Lulu,4168.0,9873.0,TOP_SIDE_NEAR
EUW1_7696833092,200,red,16.2,11,11.005533333333334,Neeko,8137.0,8146.0,MID_LANE
EUW1_7696833181,100,blue,16.2,9,9.004183333333334,Alistar,4668.0,9381.0,TOP_SIDE_NEAR
EUW1_7696833181,100,blue,16.2,11,11.004566666666667,Alistar,6487.0,6272.0,MID_LANE
EUW1_7696833181,200,red,16.2,9,9.004183333333334,Zilean,6452.0,7895.0,MID_LANE
EUW1_7696833181,200,red,16.2,11,11.004566666666667,Zilean,5706.0,8180.0,RIVER_TOP
EUW1_7696833293,100,blue,16.2,9,9.00405,Braum,4379.0,2749.0,BLUE_BOT_JUNGLE
EUW1_7696833293,200,red,16.2,9,9.00405,Rakan,6720.0,6974.0,MID_LANE
EUW1_7696834402,200,red,16.2,9,9.004033333333334,Karma,7195.0,2558.0,BLUE_BOT_JUNGLE
EUW1_7696834600,100,blue,16.2,9,9.00445,Braum,4125.0,10169.0,TOP_SIDE_NEAR
EUW1_7696834600,200,red,16.2,9,9.00445,Janna,10545.0,13251.0,RED_TOP_JUNGLE
EUW1_7696834753,100,blue,16.2,11,11.0051,Sona,4186.0,2869.0,BLUE_BOT_JUNGLE
EUW1_7696834774,200,red,16.2,8,8.003466666666666,Lulu,8233.0,6900.0,MID_LANE
EUW1_7696834774,200,red,16.2,9,9.003666666666666,Lulu,2540.0,9744.0,TOP_SIDE_NEAR
EUW1_7696834886,200,red,16.2,5,5.002933333333333,Bard,12321.0,11341.0,RED_BOT_JUNGLE
EUW1_7696834895,100,blue,16.2,7,7.002983333333333,Zilean,5143.0,5917.0,BLUE_TOP_JUNGLE
EUW1_7696834895,100,blue,16.2,9,9.003166666666667,Zilean,3827.0,4182.0,BLUE_TOP_JUNGLE
EUW1_7696834895,200,red,16.2,9,9.003166666666667,Swain,10101.0,12109.0,RED_TOP_JUNGLE
EUW1_7696835142,200,red,16.2,10,10.00405,Milio,10476.0,6263.0,RED_BOT_JUNGLE
EUW1_7696836382,100,blue,16.2,7,7.0030166666666664,Nautilus,7489.0,6674.0,MID_LANE
EUW1_7696836382,100,blue,16.2,9,9.003366666666667,Nautilus,4138.0,3621.0,BLUE_BOT_JUNGLE
EUW1_7696836382,100,blue,16.2,10,10.003483333333334,Nautilus,6138.0,8306.0,RIVER_TOP
EUW1_7696836382,200,red,16.2,10,10.003483333333334,Braum,6637.0,9074.0,RED_TOP_JUNGLE
EUW1_7696836414,100,blue,16.2,8,8.003483333333334,Alistar,9531.0,11156.0,RED_TOP_JUNGLE
EUW1_7696836414,100,blue,16.2,10,10.004233333333334,Alistar,7965.0,5522.0,BLUE_BOT_JUNGLE
EUW1_7696836414,200,red,16.2,8,8.003483333333334,Braum,9646.0,11193.0,RED_TOP_JUNGLE
EUW1_7696837470,100,blue,16.2,8,8.003266666666667,Pyke,10867.0,6253.0,RED_BOT_JUNGLE
EUW1_7696837470,100,blue,16.2,9,9.003383333333334,Pyke,3215.0,9476.0,TOP_SIDE_NEAR
EUW1_7696837470,100,blue,16.2,10,10.00345,Pyke,7256.0,8618.0,MID_LANE
EUW1_7696837470,200,red,16.2,9,9.003383333333334,Elise,11109.0,12456.0,RED_TOP_JUNGLE
EUW1_7696837470,200,red,16.2,10,10.00345,Elise,9813.0,9375.0,RED_BOT_JUNGLE
EUW1_7696837470,200,red,16.2,11,11.00375,Elise,7200.0,3874.0,BLUE_BOT_JUNGLE
EUW1_7696837977,100,blue,16.2,8,8.005,Janna,3882.0,8754.0,TOP_SIDE_NEAR
EUW1_7696837977,100,blue,16.2,10,10.005316666666667,Janna,3834.0,2474.0,BLUE_BOT_JUNGLE
EUW1_7696838982,100,blue,16.2,11,11.0044,Braum,7487.0,5036.0,BLUE_BOT_JUNGLE
EUW1_7696838982,200,red,16.2,8,8.003283333333334,Janna,4868.0,9500.0,TOP_SIDE_NEAR
EUW1_7696839388,100,blue,16.2,5,5.002566666666667,Karma,4682.0,2761.0,BLUE_BOT_JUNGLE
EUW1_7696839388,100,blue,16.2,9,9.0037,Karma,4840.0,6069.0,BLUE_TOP_JUNGLE
EUW1_7696839583,100,blue,16.2,5,5.003583333333333,Rakan,5411.0,8313.0,RIVER_TOP
EUW1_7696839583,100,blue,16.2,7,7.004,Rakan,4079.0,3285.0,BLUE_BOT_JUNGLE
EUW1_7696839583,100,blue,16.2,8,8.00445,Rakan,7390.0,5064.0,BLUE_BOT_JUNGLE
EUW1_7696839583,100,blue,16.2,9,9.0048,Rakan,7497.0,7203.0,MID_LANE
EUW1_7696839583,100,blue,16.2,10,10.005316666666667,Rakan,8489.0,5196.0,BLUE_BOT_JUNGLE
EUW1_7696839583,200,red,16.2,5,5.003583333333333,Alistar,3611.0,10074.0,TOP_SIDE_NEAR
EUW1_7696839583,200,red,16.2,7,7.004,Alistar,8054.0,7247.0,MID_LANE
EUW1_7696839583,200,red,16.2,8,8.00445,Alistar,7719.0,5469.0,BLUE_BOT_JUNGLE
EUW1_7696839583,200,red,16.2,9,9.0048,Alistar,8635.0,8993.0,MID_LANE
EUW1_7696840268,100,blue,16.2,8,8.00205,Leona,6758.0,8190.0,MID_LANE
EUW1_7696840268,200,red,16.2,8,8.00205,Thresh,8787.0,9340.0,MID_LANE
EUW1_7696841259,100,blue,16.2,5,5.003266666666667,Lulu,6181.0,4301.0,BLUE_BOT_JUNGLE
EUW1_7696841259,200,red,16.2,7,7.003583333333333,Elise,12276.0,11385.0,RED_BOT_JUNGLE
EUW1_7696842009,100,blue,16.2,6,6.003616666666667,Alistar,3295.0,11361.0,TOP_SIDE_NEAR
EUW1_7696842009,100,blue,16.2,11,11.005033333333333,Alistar,1849.0,11294.0,TOP_SIDE_NEAR
EUW1_7696842009,200,red,16.2,11,11.005033333333333,Rakan,9907.0,7756.0,RED_BOT_JUNGLE
EUW1_7696842725,100,blue,16.2,8,8.003533333333333,Soraka,6986.0,6765.0,MID_LANE
EUW1_7696842725,200,red,16.2,8,8.003533333333333,Nidalee,7617.0,6871.0,MID_LANE
EUW1_7696843420,200,red,16.2,10,10.004633333333333,Lulu,6252.0,11409.0,TOP_SIDE_NEAR
EUW1_7696843420,200,red,16.2,11,11.005083333333333,Lulu,10068.0,6178.0,RED_BOT_JUNGLE
EUW1_7696844039,100,blue,16.2,9,9.003766666666667,Neeko,4587.0,12042.0,TOP_SIDE_NEAR
EUW1_7696844039,100,blue,16.2,11,11.004583333333333,Neeko,7147.0,6599.0,MID_LANE
EUW1_7696844039,200,red,16.2,5,5.003116666666667,Poppy,8141.0,8099.0,MID_LANE
EUW1_7696844039,200,red,16.2,8,8.0037,Poppy,9940.0,10521.0,RED_TOP_JUNGLE
EUW1_7696844239,100,blue,16.2,10,10.00445,Karma,7478.0,4954.0,BLUE_BOT_JUNGLE
EUW1_7696844239,100,blue,16.2,11,11.004483333333333,Karma,8634.0,4430.0,BLUE_BOT_JUNGLE
EUW1_7696844491,200,red,16.2,9,9.004166666666666,Pantheon,8682.0,4479.0,BLUE_BOT_JUNGLE
EUW1_7696844807,100,blue,16.2,8,8.00415,Karma,7489.0,7979.0,MID_LANE
EUW1_7696844807,100,blue,16.2,9,9.004483333333333,Karma,882.0,10599.0,TOP_LANE_CORE
EUW1_7696844807,200,red,16.2,9,9.004483333333333,Thresh,7623.0,6926.0,MID_LANE
EUW1_7696844893,100,blue,16.2,11,11.00445,Braum,10142.0,6159.0,RED_BOT_JUNGLE
EUW1_7696844893,200,red,16.2,11,11.00445,Renata,7937.0,7466.0,MID_LANE
EUW1_7696845160,100,blue,16.2,10,10.005883333333333,Pantheon,3711.0,11434.0,TOP_SIDE_NEAR
EUW1_7696845160,200,red,16.2,8,8.005016666666666,Rakan,4895.0,9451.0,TOP_SIDE_NEAR
EUW1_7696845160,200,red,16.2,9,9.005533333333334,Rakan,4256.0,9455.0,TOP_SIDE_NEAR
EUW1_7696845160,200,red,16.2,10,10.005883333333333,Rakan,4722.0,12318.0,TOP_SIDE_NEAR
EUW1_7696845730,200,red,16.2,11,11.0056,Sona,10181.0,6341.0,RED_BOT_JUNGLE
EUW1_7696846036,100,blue,16.2,8,8.003483333333334,Elise,8088.0,7274.0,MID_LANE
EUW1_7696846036,100,blue,16.2,9,9.003616666666666,Elise,5947.0,8898.0,RIVER_TOP
EUW1_7696846811,100,blue,16.2,8,8.00325,Janna,6060.0,7883.0,RIVER_TOP
EUW1_7696846811,100,blue,16.2,9,9.003383333333334,Janna,6145.0,8829.0,RIVER_TOP
EUW1_7696846811,200,red,16.2,8,8.00325,Neeko,8526.0,10528.0,RED_TOP_JUNGLE
EUW1_7696846811,200,red,16.2,9,9.003383333333334,Neeko,7724.0,8030.0,MID_LANE
EUW1_7696846811,200,red,16.2,11,11.00415,Neeko,8208.0,8813.0,MID_LANE
EUW1_7696847785,100,blue,16.2,6,6.0036,Senna,6959.0,7727.0,MID_LANE
EUW1_7696847785,100,blue,16.2,9,9.004366666666666,Senna,4996.0,10101.0,BARON_GRUBS_HERALD_AREA
EUW1_7696847785,200,red,16.2,8,8.00405,Karma,12083.0,8129.0,RED_BOT_JUNGLE
EUW1_7696848367,100,blue,16.2,9,9.0039,Janna,7140.0,6731.0,MID_LANE
EUW1_7696848383,100,blue,16.2,9,9.004016666666667,Lulu,8377.0,4854.0,BLUE_BOT_JUNGLE
EUW1_7696849405,100,blue,16.2,8,8.00335,Karma,6279.0,6861.0,MID_LANE
EUW1_7696849930,200,red,16.2,8,8.003766666666667,Thresh,8290.0,7406.0,MID_LANE
EUW1_7696851087,100,blue,16.2,8,8.003783333333333,Bard,8041.0,7817.0,MID_LANE
EUW1_7696851087,100,blue,16.2,9,9.004183333333334,Bard,5235.0,9123.0,TOP_SIDE_NEAR
EUW1_7696851087,200,red,16.2,9,9.004183333333334,Janna,6307.0,9302.0,RED_TOP_JUNGLE
EUW1_7696851087,200,red,16.2,10,10.004416666666666,Janna,12249.0,10302.0,RED_BOT_JUNGLE
EUW1_7696851201,200,red,16.2,7,7.003783333333334,Bard,7702.0,5721.0,BLUE_BOT_JUNGLE
EUW1_7696851201,200,red,16.2,9,9.004566666666667,Bard,4339.0,7156.0,BLUE_TOP_JUNGLE
EUW1_7696852729,100,blue,16.2,9,9.004916666666666,Nami,6874.0,6504.0,MID_LANE
EUW1_7696852729,200,red,16.2,6,6.003933333333333,Thresh,12081.0,8576.0,RED_BOT_JUNGLE
EUW1_7696852729,200,red,16.2,9,9.004916666666666,Thresh,7668.0,7053.0,MID_LANE
EUW1_7696852857,100,blue,16.2,10,10.0044,Nami,5110.0,7910.0,BLUE_TOP_JUNGLE
EUW1_7696853185,100,blue,16.2,8,8.00395,Nami,6939.0,6431.0,MID_LANE
EUW1_7696853438,100,blue,16.2,11,11.004866666666667,Yuumi,8078.0,8113.0,MID_LANE
EUW1_7696853438,200,red,16.2,10,10.0044,Nami,10591.0,13358.0,TOP_LANE_CORE
EUW1_7696853438,200,red,16.2,11,11.004866666666667,Nami,2913.0,11337.0,TOP_SIDE_NEAR
EUW1_7696855433,200,red,16.2,10,10.004033333333334,Lulu,3623.0,9842.0,TOP_SIDE_NEAR
EUW1_7696855576,100,blue,16.2,8,8.00375,Leona,8506.0,5050.0,BLUE_BOT_JUNGLE
EUW1_7696855576,200,red,16.2,7,7.003566666666667,Poppy,7097.0,7161.0,MID_LANE
EUW1_7696855892,100,blue,16.2,8,8.003183333333334,Gragas,3075.0,7636.0,BLUE_TOP_JUNGLE
EUW1_7696855892,100,blue,16.2,9,9.003683333333333,Gragas,4826.0,2917.0,BLUE_BOT_JUNGLE
EUW1_7696855892,200,red,16.2,9,9.003683333333333,Anivia,7948.0,5934.0,BLUE_BOT_JUNGLE
EUW1_7696855892,200,red,16.2,10,10.003883333333333,Anivia,7560.0,7608.0,MID_LANE
EUW1_7696856465,200,red,16.2,5,5.003383333333334,Karma,8473.0,4777.0,BLUE_BOT_JUNGLE
EUW1_7696856465,200,red,16.2,10,10.004716666666667,Karma,8007.0,11021.0,RED_TOP_JUNGLE
EUW1_7696857905,100,blue,16.2,8,8.004133333333334,Rakan,3784.0,8520.0,TOP_SIDE_NEAR
EUW1_7696857905,100,blue,16.2,11,11.0047,Rakan,6178.0,9889.0,RED_TOP_JUNGLE
EUW1_7696857905,200,red,16.2,8,8.004133333333334,Nami,7316.0,7845.0,MID_LANE
EUW1_7696858118,200,red,16.2,9,9.003866666666667,Senna,6978.0,8914.0,RED_TOP_JUNGLE
EUW1_7696858118,200,red,16.2,11,11.004416666666666,Senna,12056.0,7962.0,RED_BOT_JUNGLE
EUW1_7696858147,100,blue,16.2,8,8.00395,Milio,6038.0,7024.0,MID_LANE
EUW1_7696858147,100,blue,16.2,11,11.004633333333333,Milio,5931.0,6842.0,MID_LANE
EUW1_7696858147,200,red,16.2,11,11.004633333333333,Nautilus,11850.0,11584.0,RED_BOT_JUNGLE
EUW1_7696858262,200,red,16.2,6,6.002816666666667,Nautilus,12219.0,9847.0,RED_BOT_JUNGLE
EUW1_7696858262,200,red,16.2,10,10.0036,Nautilus,10477.0,6471.0,RED_BOT_JUNGLE
EUW1_7696860798,100,blue,16.2,6,6.0038,Nautilus,7643.0,7007.0,MID_LANE
EUW1_7696860798,100,blue,16.2,8,8.004033333333334,Nautilus,8198.0,7024.0,MID_LANE
EUW1_7696860798,100,blue,16.2,10,10.004783333333334,Nautilus,6468.0,6044.0,MID_LANE
EUW1_7696861944,100,blue,16.2,10,10.004466666666668,Bard,4785.0,8541.0,RIVER_TOP
EUW1_7696861944,100,blue,16.2,11,11.004483333333333,Bard,6024.0,5664.0,MID_LANE
EUW1_7696861944,200,red,16.2,8,8.004233333333334,Nami,4751.0,9463.0,TOP_SIDE_NEAR
EUW1_7696861944,200,red,16.2,9,9.00445,Nami,7780.0,6751.0,MID_LANE
EUW1_7696861944,200,red,16.2,11,11.004483333333333,Nami,7231.0,6505.0,MID_LANE
EUW1_7696863368,100,blue,16.2,7,7.003516666666667,Rakan,8211.0,8077.0,MID_LANE
EUW1_7696864159,100,blue,16.2,8,8.002666666666666,Pyke,7472.0,6205.0,MID_LANE
EUW1_7696864159,100,blue,16.2,11,11.00345,Pyke,7655.0,8019.0,MID_LANE
EUW1_7696864714,100,blue,16.2,8,8.004183333333334,Bard,7510.0,7271.0,MID_LANE
EUW1_7696864714,100,blue,16.2,9,9.004516666666667,Bard,8040.0,4821.0,BLUE_BOT_JUNGLE
EUW1_7696864714,200,red,16.2,8,8.004183333333334,Nami,9549.0,11575.0,RED_TOP_JUNGLE
EUW1_7696864714,200,red,16.2,9,9.004516666666667,Nami,8445.0,5148.0,BLUE_BOT_JUNGLE
EUW1_7696864714,200,red,16.2,11,11.005066666666666,Nami,9586.0,9009.0,MID_LANE
EUW1_7696864863,100,blue,16.2,6,6.0029,Thresh,8666.0,5330.0,BLUE_BOT_JUNGLE
EUW1_7696864863,100,blue,16.2,9,9.0038,Thresh,7868.0,9780.0,RED_TOP_JUNGLE
EUW1_7696864863,200,red,16.2,5,5.0026166666666665,Nautilus,7999.0,6775.0,MID_LANE
EUW1_7696865767,100,blue,16.2,9,9.0039,Blitzcrank,6472.0,11359.0,TOP_SIDE_NEAR
EUW1_7696865767,100,blue,16.2,10,10.00405,Blitzcrank,3454.0,13250.0,TOP_LANE_CORE
EUW1_7696865767,200,red,16.2,6,6.0029,Leona,7047.0,10088.0,RED_TOP_JUNGLE
EUW1_7696865767,200,red,16.2,9,9.0039,Leona,7582.0,11194.0,RED_TOP_JUNGLE
EUW1_7696866206,100,blue,16.2,9,9.00365,Bard,5427.0,9465.0,TOP_SIDE_NEAR
EUW1_7696866206,100,blue,16.2,10,10.00395,Bard,6013.0,4145.0,BLUE_BOT_JUNGLE
EUW1_7696866206,200,red,16.2,9,9.00365,Rakan,9369.0,11380.0,RED_TOP_JUNGLE
EUW1_7696866519,100,blue,16.2,8,8.00255,Pyke,1592.0,4980.0,BLUE_TOP_JUNGLE
EUW1_7696866519,100,blue,16.2,10,10.0046,Pyke,12528.0,6108.0,RED_BOT_JUNGLE
EUW1_7696866813,100,blue,16.2,7,7.0034,Nami,3858.0,4185.0,BLUE_TOP_JUNGLE
EUW1_7696866813,100,blue,16.2,8,8.003766666666667,Nami,9616.0,6566.0,RED_BOT_JUNGLE
EUW1_7696866813,200,red,16.2,5,5.001166666666666,Alistar,8369.0,5236.0,BLUE_BOT_JUNGLE
EUW1_7696866813,200,red,16.2,7,7.0034,Alistar,8176.0,10413.0,RED_TOP_JUNGLE
EUW1_7696868305,100,blue,16.2,9,9.0043,Janna,6476.0,6568.0,MID_LANE
EUW1_7696868305,200,red,16.2,10,10.00435,Rakan,6658.0,6230.0,MID_LANE
EUW1_7696870067,200,red,16.2,8,8.00295,Nami,5006.0,9251.0,TOP_SIDE_NEAR
EUW1_7696870067,200,red,16.2,9,9.003133333333333,Nami,12421.0,11301.0,RED_BOT_JUNGLE
EUW1_7696870678,100,blue,16.2,5,5.00275,Thresh,8333.0,3589.0,BLUE_BOT_JUNGLE
EUW1_7696870678,100,blue,16.2,9,9.004466666666668,Thresh,5000.0,9546.0,TOP_SIDE_NEAR
EUW1_7696870678,200,red,16.2,5,5.00275,Rakan,7221.0,12120.0,TOP_SIDE_NEAR
EUW1_7696870678,200,red,16.2,8,8.0042,Rakan,10124.0,9865.0,RED_BOT_JUNGLE
EUW1_7696870678,200,red,16.2,11,11.00495,Rakan,4134.0,9580.0,TOP_SIDE_NEAR
EUW1_7696870688,100,blue,16.2,10,10.004866666666667,Alistar,2298.0,9586.0,TOP_SIDE_NEAR
EUW1_7696870688,200,red,16.2,9,9.004783333333334,Sona,6291.0,9082.0,RIVER_TOP
EUW1_7696872993,100,blue,16.2,8,8.0045,Lulu,6373.0,4470.0,BLUE_BOT_JUNGLE
EUW1_7696872993,200,red,16.2,5,5.0034,Nautilus,11065.0,6537.0,RED_BOT_JUNGLE
EUW1_7696872993,200,red,16.2,8,8.0045,Nautilus,7933.0,7555.0,MID_LANE
EUW1_7696873665,100,blue,16.2,6,6.003333333333333,Lulu,7942.0,5742.0,BLUE_BOT_JUNGLE
EUW1_7696873665,200,red,16.2,6,6.003333333333333,Janna,12108.0,8745.0,RED_BOT_JUNGLE
EUW1_7696874762,100,blue,16.2,9,9.0035,Janna,4897.0,9353.0,TOP_SIDE_NEAR
EUW1_7696874762,200,red,16.2,8,8.003366666666667,Senna,8426.0,8551.0,MID_LANE
EUW1_7696874762,200,red,16.2,9,9.0035,Senna,6116.0,9726.0,RED_TOP_JUNGLE
EUW1_7696874762,200,red,16.2,10,10.00375,Senna,7616.0,7058.0,MID_LANE
EUW1_7696874840,100,blue,16.2,11,11.0041,Sona,5998.0,10526.0,TOP_SIDE_NEAR
EUW1_7696874840,200,red,16.2,8,8.003133333333333,Bard,3772.0,8005.0,BLUE_TOP_JUNGLE
EUW1_7696875368,100,blue,16.2,9,9.004616666666667,Karma,6117.0,9429.0,RIVER_TOP
EUW1_7696876301,200,red,16.2,8,8.004216666666666,Karma,10210.0,6676.0,RED_BOT_JUNGLE
EUW1_7696876301,200,red,16.2,9,9.004633333333333,Karma,3175.0,10698.0,TOP_SIDE_NEAR
EUW1_7696877646,100,blue,16.2,9,9.0038,Blitzcrank,7513.0,7058.0,MID_LANE
EUW1_7696877646,200,red,16.2,8,8.003366666666667,Alistar,10690.0,12228.0,RED_TOP_JUNGLE
EUW1_7696877646,200,red,16.2,9,9.0038,Alistar,12006.0,11737.0,RED_BOT_JUNGLE
EUW1_7696877871,100,blue,16.2,7,7.0038,Alistar,2793.0,6255.0,BLUE_TOP_JUNGLE
EUW1_7696877871,200,red,16.2,11,11.004483333333333,Neeko,8772.0,7866.0,MID_LANE
EUW1_7696878537,100,blue,16.2,8,8.004366666666666,Zoe,6186.0,5720.0,MID_LANE
EUW1_7696878537,100,blue,16.2,9,9.00485,Zoe,6244.0,10623.0,TOP_SIDE_NEAR
EUW1_7696878537,200,red,16.2,8,8.004366666666666,Karma,11296.0,10759.0,RED_BOT_JUNGLE
EUW1_7696878599,100,blue,16.2,9,9.003683333333333,Pantheon,7284.0,6583.0,MID_LANE
EUW1_7696878599,200,red,16.2,5,5.0026,Rell,12138.0,9179.0,RED_BOT_JUNGLE
EUW1_7696878754,100,blue,16.2,9,9.0038,Soraka,6347.0,6721.0,MID_LANE
EUW1_7696879277,200,red,16.2,9,9.004616666666667,Bard,12280.0,6423.0,RED_BOT_JUNGLE
EUW1_7696880531,100,blue,16.2,6,6.001216666666667,Rakan,8109.0,8572.0,MID_LANE
EUW1_7696880531,100,blue,16.2,9,9.004033333333334,Rakan,8447.0,8058.0,MID_LANE
EUW1_7696880845,100,blue,16.2,10,10.005166666666666,Sona,3316.0,13036.0,TOP_LANE_CORE
EUW1_7696880845,100,blue,16.2,11,11.005283333333333,Sona,1620.0,9086.0,TOP_LANE_CORE
EUW1_7696880845,200,red,16.2,5,5.003616666666667,Nautilus,6954.0,6451.0,MID_LANE
EUW1_7696880845,200,red,16.2,7,7.0044,Nautilus,7013.0,9418.0,RED_TOP_JUNGLE
EUW1_7696880845,200,red,16.2,11,11.005283333333333,Nautilus,9118.0,8860.0,MID_LANE
EUW1_7696880937,100,blue,16.2,8,8.00385,Nautilus,4705.0,5533.0,BLUE_TOP_JUNGLE
EUW1_7696880937,100,blue,16.2,9,9.00435,Nautilus,5684.0,6473.0,MID_LANE
EUW1_7696880937,100,blue,16.2,10,10.0047,Nautilus,4762.0,9768.0,BARON_GRUBS_HERALD_AREA
EUW1_7696880937,200,red,16.2,9,9.00435,Rell,6265.0,8054.0,RIVER_TOP
EUW1_7696882119,200,red,16.2,10,10.004416666666666,Sona,6099.0,13380.0,TOP_LANE_CORE
EUW1_7696882119,200,red,16.2,11,11.004716666666667,Sona,8051.0,7360.0,MID_LANE
EUW1_7696882888,200,red,16.2,9,9.004233333333334,Milio,12524.0,10761.0,RED_BOT_JUNGLE
EUW1_7696883584,200,red,16.2,8,8.0037,Lulu,8891.0,9399.0,MID_LANE
EUW1_7696884535,100,blue,16.2,7,7.003516666666667,Leona,8695.0,5189.0,BLUE_BOT_JUNGLE
EUW1_7696884535,100,blue,16.2,9,9.004133333333334,Leona,7788.0,7562.0,MID_LANE
EUW1_7696884535,200,red,16.2,9,9.004133333333334,Braum,2835.0,8158.0,TOP_SIDE_NEAR
EUW1_7696884813,100,blue,16.2,8,8.0043,Nami,8109.0,3478.0,BLUE_BOT_JUNGLE
EUW1_7696884813,200,red,16.2,7,7.0039,Sona,10622.0,10050.0,RED_BOT_JUNGLE
EUW1_7696885031,100,blue,16.2,5,5.003533333333333,Janna,7762.0,6702.0,MID_LANE
EUW1_7696885031,100,blue,16.2,8,8.00435,Janna,5285.0,7308.0,BLUE_TOP_JUNGLE
EUW1_7696885031,100,blue,16.2,10,10.0049,Janna,5690.0,5239.0,BLUE_BOT_JUNGLE
EUW1_7696885031,200,red,16.2,7,7.00425,Thresh,4955.0,12632.0,TOP_SIDE_NEAR
EUW1_7696885893,100,blue,16.2,8,8.004616666666667,Elise,7232.0,3834.0,BLUE_BOT_JUNGLE
EUW1_7696885893,100,blue,16.2,11,11.005716666666666,Elise,10229.0,7151.0,RED_BOT_JUNGLE
EUW1_7696885893,200,red,16.2,9,9.005116666666666,Pantheon,10381.0,9658.0,RED_BOT_JUNGLE
EUW1_7696887173,100,blue,16.2,11,11.0045,Shen,5439.0,7046.0,BLUE_TOP_JUNGLE
EUW1_7696887173,200,red,16.2,7,7.003183333333333,Janna,7968.0,6683.0,MID_LANE
EUW1_7696887173,200,red,16.2,10,10.004233333333334,Janna,7879.0,10034.0,RED_TOP_JUNGLE
EUW1_7696887186,100,blue,16.2,11,11.00455,Rakan,8464.0,7590.0,MID_LANE
EUW1_7696887186,200,red,16.2,5,5.0029,Karma,9669.0,7397.0,RED_BOT_JUNGLE
EUW1_7696887186,200,red,16.2,11,11.00455,Karma,8211.0,8051.0,MID_LANE
EUW1_7696889284,100,blue,16.2,6,6.003566666666667,Pyke,4799.0,4301.0,BLUE_BOT_JUNGLE
EUW1_7696889284,200,red,16.2,8,8.004533333333333,Elise,11601.0,6711.0,RED_BOT_JUNGLE
EUW1_7696889618,100,blue,16.2,6,6.003283333333333,Janna,7559.0,2520.0,BLUE_BOT_JUNGLE
EUW1_7696889618,100,blue,16.2,7,7.0037666666666665,Janna,7844.0,5647.0,BLUE_BOT_JUNGLE
EUW1_7696889618,200,red,16.2,6,6.003283333333333,Nami,9059.0,7972.0,MID_LANE
EUW1_7696889618,200,red,16.2,7,7.0037666666666665,Nami,8614.0,8477.0,MID_LANE
EUW1_7696889618,200,red,16.2,8,8.003966666666667,Nami,8817.0,8137.0,MID_LANE
EUW1_7696890398,100,blue,16.2,8,8.003766666666667,Swain,10525.0,6411.0,RED_BOT_JUNGLE
EUW1_7696890398,200,red,16.2,8,8.003766666666667,Milio,10879.0,11894.0,RED_TOP_JUNGLE
EUW1_7696890422,200,red,16.2,9,9.002233333333333,Lulu,8146.0,5277.0,BLUE_BOT_JUNGLE
EUW1_7696890939,100,blue,16.2,9,9.004766666666667,Lulu,4668.0,9905.0,BARON_GRUBS_HERALD_AREA
EUW1_7696891177,100,blue,16.2,7,7.003633333333333,Karma,7025.0,4088.0,BLUE_BOT_JUNGLE
EUW1_7696891177,200,red,16.2,8,8.003716666666667,JarvanIV,9498.0,11541.0,RED_TOP_JUNGLE
EUW1_7696891177,200,red,16.2,10,10.0041,JarvanIV,11012.0,6156.0,RED_BOT_JUNGLE
EUW1_7696892126,100,blue,16.2,7,7.003416666666666,Karma,10448.0,6213.0,RED_BOT_JUNGLE
EUW1_7696892126,200,red,16.2,7,7.003416666666666,Blitzcrank,11776.0,6545.0,RED_BOT_JUNGLE
EUW1_7696892126,200,red,16.2,9,9.00405,Blitzcrank,9191.0,8191.0,MID_LANE
EUW1_7696892756,100,blue,16.2,8,8.004083333333334,Karma,4941.0,3618.0,BLUE_BOT_JUNGLE
EUW1_7696892756,100,blue,16.2,10,10.004666666666667,Karma,4191.0,3675.0,BLUE_BOT_JUNGLE
EUW1_7696892756,100,blue,16.2,11,11.004766666666667,Karma,5303.0,8316.0,RIVER_TOP
EUW1_7696892756,200,red,16.2,5,5.003183333333333,Bard,11985.0,7391.0,RED_BOT_JUNGLE
EUW1_7696892756,200,red,16.2,8,8.004083333333334,Bard,11755.0,7385.0,RED_BOT_JUNGLE
EUW1_7696892756,200,red,16.2,9,9.004166666666666,Bard,11100.0,12478.0,RED_TOP_JUNGLE
EUW1_7696892756,200,red,16.2,10,10.004666666666667,Bard,11497.0,6498.0,RED_BOT_JUNGLE
EUW1_7696892756,200,red,16.2,11,11.004766666666667,Bard,6283.0,8443.0,RIVER_TOP
EUW1_7696893536,100,blue,16.2,7,7.0032,Bard,8193.0,8165.0,MID_LANE
EUW1_7696893536,100,blue,16.2,9,9.003883333333333,Bard,3445.0,10626.0,TOP_SIDE_NEAR
EUW1_7696893536,100,blue,16.2,11,11.004666666666667,Bard,6245.0,8419.0,RIVER_TOP
EUW1_7696893536,200,red,16.2,9,9.003883333333333,Neeko,3106.0,12773.0,TOP_LANE_CORE
EUW1_7696893780,200,red,16.2,11,11.004466666666668,Karma,11995.0,11901.0,RED_BOT_JUNGLE
EUW1_7696893961,100,blue,16.2,8,8.003583333333333,Karma,4269.0,4937.0,BLUE_TOP_JUNGLE
EUW1_7696893961,100,blue,16.2,11,11.0045,Karma,4824.0,3728.0,BLUE_BOT_JUNGLE
EUW1_7696894734,200,red,16.2,11,11.00455,Leblanc,10523.0,9989.0,RED_BOT_JUNGLE
EUW1_7696896842,100,blue,16.2,5,5.002816666666667,Morgana,8300.0,5660.0,BLUE_BOT_JUNGLE
EUW1_7696896842,100,blue,16.2,7,7.00345,Morgana,7992.0,6675.0,MID_LANE
EUW1_7696896842,100,blue,16.2,8,8.003666666666666,Morgana,3703.0,9994.0,TOP_SIDE_NEAR
EUW1_7696898303,100,blue,16.2,11,11.004883333333334,Zyra,7211.0,6685.0,MID_LANE
EUW1_7696898303,200,red,16.2,10,10.004683333333332,Janna,9720.0,11126.0,RED_TOP_JUNGLE
EUW1_7696898505,200,red,16.2,8,8.003733333333333,Blitzcrank,4860.0,11529.0,TOP_SIDE_NEAR
EUW1_7696898659,100,blue,16.2,10,10.0057,Lulu,5811.0,10255.0,TOP_SIDE_NEAR
EUW1_7696898659,200,red,16.2,7,7.004466666666667,Pyke,11344.0,10960.0,RED_BOT_JUNGLE
EUW1_7696898659,200,red,16.2,10,10.0057,Pyke,7159.0,7750.0,MID_LANE
EUW1_7696899007,100,blue,16.2,6,6.0033,Rell,6116.0,5665.0,MID_LANE
EUW1_7696899007,100,blue,16.2,9,9.003966666666667,Rell,4266.0,10155.0,BARON_GRUBS_HERALD_AREA
EUW1_7696899007,200,red,16.2,6,6.0033,Karma,7067.0,6983.0,MID_LANE
EUW1_7696899007,200,red,16.2,9,9.003966666666667,Karma,6852.0,9458.0,RED_TOP_JUNGLE
EUW1_7696900095,100,blue,16.2,7,7.003583333333333,Leona,6630.0,11439.0,TOP_SIDE_NEAR
EUW1_7696900131,100,blue,16.2,10,10.004416666666666,Lulu,6286.0,6575.0,MID_LANE
EUW1_7696900131,200,red,16.2,7,7.003716666666667,Janna,5134.0,7944.0,BLUE_TOP_JUNGLE
EUW1_7696900131,200,red,16.2,9,9.004266666666666,Janna,9067.0,8663.0,MID_LANE
EUW1_7696900131,200,red,16.2,10,10.004416666666666,Janna,1550.0,11157.0,TOP_LANE_CORE
EUW1_7696900389,100,blue,16.2,10,10.003616666666666,Rakan,4158.0,3626.0,BLUE_BOT_JUNGLE
EUW1_7696900581,200,red,16.2,10,10.004983333333334,Alistar,12144.0,8428.0,RED_BOT_JUNGLE
EUW1_7696901415,200,red,16.2,5,5.001133333333334,Nami,8878.0,7974.0,MID_LANE
EUW1_7696901415,200,red,16.2,8,8.00215,Nami,6055.0,8422.0,RIVER_TOP
EUW1_7696901415,200,red,16.2,10,10.00445,Nami,9224.0,11151.0,RED_TOP_JUNGLE
EUW1_7696901658,100,blue,16.2,11,11.003816666666667,Braum,4355.0,11295.0,TOP_SIDE_NEAR
EUW1_7696902428,100,blue,16.2,7,7.003216666666667,Pantheon,6172.0,6179.0,MID_LANE
EUW1_7696902428,100,blue,16.2,8,8.003366666666667,Pantheon,7773.0,8113.0,MID_LANE
EUW1_7696902428,200,red,16.2,8,8.003366666666667,Poppy,8700.0,8826.0,MID_LANE
EUW1_7696902752,200,red,16.2,6,6.003583333333333,Elise,6224.0,7665.0,MID_LANE
EUW1_7696902752,200,red,16.2,7,7.003933333333333,Elise,3816.0,11555.0,TOP_SIDE_NEAR
EUW1_7696902752,200,red,16.2,8,8.004283333333333,Elise,2790.0,11368.0,TOP_SIDE_NEAR
EUW1_7696902752,200,red,16.2,9,9.004583333333333,Elise,1307.0,10110.0,TOP_LANE_CORE
EUW1_7696902752,200,red,16.2,11,11.005166666666666,Elise,8521.0,5357.0,BLUE_BOT_JUNGLE
EUW1_7696902865,100,blue,16.2,8,8.003866666666667,Nautilus,3419.0,11062.0,TOP_SIDE_NEAR
EUW1_7696902865,100,blue,16.2,9,9.004216666666666,Nautilus,6800.0,6364.0,MID_LANE
EUW1_7696902865,100,blue,16.2,10,10.004733333333334,Nautilus,3382.0,11337.0,TOP_SIDE_NEAR
EUW1_7696902865,100,blue,16.2,11,11.00485,Nautilus,2684.0,12551.0,TOP_LANE_CORE
EUW1_7696902865,200,red,16.2,7,7.00345,Blitzcrank,3433.0,7813.0,BLUE_TOP_JUNGLE
EUW1_7696902865,200,red,16.2,8,8.003866666666667,Blitzcrank,5858.0,9284.0,RIVER_TOP
EUW1_7696902865,200,red,16.2,9,9.004216666666666,Blitzcrank,8106.0,7805.0,MID_LANE
EUW1_7696903174,100,blue,16.2,7,7.003116666666667,Karma,7922.0,7693.0,MID_LANE
EUW1_7696903174,200,red,16.2,8,8.0034,Pyke,8566.0,7298.0,MID_LANE
EUW1_7696903174,200,red,16.2,10,10.003933333333332,Pyke,2174.0,8256.0,TOP_SIDE_NEAR
EUW1_7696903638,100,blue,16.2,9,9.004316666666666,Zilean,8589.0,4838.0,BLUE_BOT_JUNGLE
EUW1_7696906044,200,red,16.2,8,8.001533333333333,Nautilus,6071.0,8288.0,RIVER_TOP
EUW1_7696906136,200,red,16.2,8,8.003933333333332,Nautilus,12006.0,7459.0,RED_BOT_JUNGLE
EUW1_7696906136,200,red,16.2,11,11.004766666666667,Nautilus,10271.0,6151.0,RED_BOT_JUNGLE
EUW1_7696906315,100,blue,16.2,6,6.0026166666666665,Trundle,6336.0,6417.0,MID_LANE
EUW1_7696906315,200,red,16.2,6,6.0026166666666665,Rell,7355.0,6274.0,MID_LANE
EUW1_7696906315,200,red,16.2,9,9.0034,Rell,4812.0,8962.0,TOP_SIDE_NEAR
EUW1_7696907203,100,blue,16.2,9,9.003783333333333,Lulu,10193.0,6252.0,RED_BOT_JUNGLE
EUW1_7696907203,200,red,16.2,6,6.001783333333333,Bard,12352.0,10546.0,RED_BOT_JUNGLE
EUW1_7696907203,200,red,16.2,9,9.003783333333333,Bard,4076.0,9485.0,TOP_SIDE_NEAR
EUW1_7696908079,100,blue,16.2,8,8.002116666666666,Braum,4821.0,8563.0,RIVER_TOP
EUW1_7696908079,200,red,16.2,11,11.00505,Rakan,7868.0,5642.0,BLUE_BOT_JUNGLE
EUW1_7696908287,100,blue,16.2,5,5.001266666666667,Lulu,7286.0,6659.0,MID_LANE
EUW1_7696908287,100,blue,16.2,9,9.002016666666666,Lulu,6139.0,2026.0,BLUE_BOT_JUNGLE
EUW1_7696908375,100,blue,16.2,9,9.003883333333333,Renata,4667.0,6784.0,BLUE_TOP_JUNGLE
EUW1_7696908375,200,red,16.2,9,9.003883333333333,Brand,3560.0,8791.0,TOP_SIDE_NEAR
EUW1_7696909732,100,blue,16.2,6,6.0014,Karma,6566.0,2731.0,BLUE_BOT_JUNGLE
EUW1_7696909732,200,red,16.2,6,6.0014,Pyke,6823.0,2907.0,BLUE_BOT_JUNGLE
EUW1_7696909732,200,red,16.2,10,10.00375,Pyke,8610.0,4495.0,BLUE_BOT_JUNGLE
EUW1_7696909732,200,red,16.2,11,11.003783333333333,Pyke,3161.0,7772.0,BLUE_TOP_JUNGLE
EUW1_7696909945,200,red,16.2,5,5.003266666666667,Janna,3323.0,11378.0,TOP_SIDE_NEAR
EUW1_7696909945,200,red,16.2,7,7.00405,Janna,6460.0,10062.0,RED_TOP_JUNGLE
EUW1_7696909945,200,red,16.2,8,8.004516666666667,Janna,9329.0,8462.0,MID_LANE
EUW1_7696910108,100,blue,16.2,10,10.004783333333334,Karma,3222.0,10625.0,TOP_SIDE_NEAR
EUW1_7696910108,100,blue,16.2,11,11.00515,Karma,3752.0,10314.0,TOP_SIDE_NEAR
EUW1_7696910108,200,red,16.2,11,11.00515,Blitzcrank,3345.0,11350.0,TOP_SIDE_NEAR
EUW1_7696911586,100,blue,16.2,8,8.004683333333332,Leona,3111.0,12720.0,TOP_LANE_CORE
EUW1_7696911586,200,red,16.2,7,7.004316666666667,Thresh,8521.0,12548.0,RED_TOP_JUNGLE
EUW1_7696911586,200,red,16.2,9,9.004916666666666,Thresh,6719.0,6383.0,MID_LANE
EUW1_7696912147,100,blue,16.2,6,6.00115,Janna,2699.0,2937.0,BLUE_TOP_JUNGLE
EUW1_7696912147,100,blue,16.2,7,7.001633333333333,Janna,8523.0,4940.0,BLUE_BOT_JUNGLE
EUW1_7696913484,100,blue,16.2,7,7.003466666666666,Rell,3906.0,2495.0,BLUE_BOT_JUNGLE
EUW1_7696913484,100,blue,16.2,9,9.003916666666667,Rell,8651.0,4609.0,BLUE_BOT_JUNGLE
EUW1_7696913484,200,red,16.2,7,7.003466666666666,Bard,12046.0,8655.0,RED_BOT_JUNGLE
EUW1_7696913484,200,red,16.2,9,9.003916666666667,Bard,9642.0,6530.0,RED_BOT_JUNGLE
EUW1_7696914521,100,blue,16.2,7,7.00395,Karma,1782.0,9996.0,BLUE_TOP_JUNGLE
EUW1_7696914521,100,blue,16.2,8,8.003966666666667,Karma,1785.0,12983.0,TOP_LANE_CORE
EUW1_7696914521,200,red,16.2,7,7.00395,Janna,2165.0,13574.0,TOP_LANE_CORE
EUW1_7696914521,200,red,16.2,8,8.003966666666667,Janna,5469.0,12950.0,TOP_SIDE_NEAR
EUW1_7696914521,200,red,16.2,9,9.0045,Janna,5326.0,9588.0,TOP_SIDE_NEAR
EUW1_7696914869,200,red,16.2,10,10.003666666666666,Sona,7491.0,5131.0,BLUE_BOT_JUNGLE
EUW1_7696914869,200,red,16.2,11,11.003683333333333,Sona,10123.0,6426.0,RED_BOT_JUNGLE
EUW1_7696915658,100,blue,16.2,9,9.0034,Leona,9850.0,6681.0,RED_BOT_JUNGLE
EUW1_7696915658,100,blue,16.2,10,10.003583333333333,Leona,6859.0,6682.0,MID_LANE
EUW1_7696915658,200,red,16.2,9,9.0034,Sylas,10034.0,7191.0,RED_BOT_JUNGLE
EUW1_7696915658,200,red,16.2,10,10.003583333333333,Sylas,4879.0,9280.0,TOP_SIDE_NEAR
EUW1_7696915658,200,red,16.2,11,11.0036,Sylas,3834.0,13532.0,TOP_LANE_CORE
EUW1_7696915733,100,blue,16.2,11,11.005133333333333,Leona,5970.0,1799.0,BLUE_BOT_JUNGLE
EUW1_7696915733,200,red,16.2,11,11.005133333333333,Alistar,12520.0,11504.0,RED_BOT_JUNGLE
EUW1_7696916323,100,blue,16.2,8,8.004383333333333,Thresh,6011.0,8826.0,RIVER_TOP
EUW1_7696916323,100,blue,16.2,11,11.005316666666667,Thresh,6599.0,8566.0,RIVER_TOP
EUW1_7696916323,200,red,16.2,8,8.004383333333333,Bard,7195.0,8639.0,RED_TOP_JUNGLE
EUW1_7696916323,200,red,16.2,11,11.005316666666667,Bard,6542.0,9622.0,RED_TOP_JUNGLE
EUW1_7696918025,200,red,16.2,11,11.004166666666666,Pyke,12016.0,12239.0,RED_TOP_JUNGLE
EUW1_7696918117,100,blue,16.2,8,8.004433333333333,Alistar,4843.0,8797.0,RIVER_TOP
EUW1_7696920342,100,blue,16.2,7,7.003983333333333,Lulu,5301.0,4820.0,BLUE_BOT_JUNGLE
EUW1_7696920342,200,red,16.2,9,9.0043,Braum,4729.0,8507.0,BLUE_TOP_JUNGLE
EUW1_7696920419,100,blue,16.2,11,11.004283333333333,Thresh,3254.0,2951.0,BLUE_BOT_JUNGLE
EUW1_7696920525,100,blue,16.2,9,9.00375,Bard,7065.0,7604.0,MID_LANE
EUW1_7696920525,100,blue,16.2,10,10.003866666666667,Bard,7692.0,3266.0,BLUE_BOT_JUNGLE
EUW1_7696920525,200,red,16.2,9,9.00375,Thresh,7634.0,8054.0,MID_LANE
EUW1_7696920525,200,red,16.2,11,11.004333333333333,Thresh,10734.0,10470.0,RED_BOT_JUNGLE
EUW1_7696920859,100,blue,16.2,8,8.0038,Rakan,3068.0,3581.0,BLUE_TOP_JUNGLE
EUW1_7696920859,200,red,16.2,10,10.00435,Blitzcrank,7681.0,6903.0,MID_LANE
EUW1_7696921483,100,blue,16.2,8,8.004183333333334,Leona,7991.0,3509.0,BLUE_BOT_JUNGLE
EUW1_7696921483,100,blue,16.2,10,10.004783333333334,Leona,5122.0,4637.0,BLUE_BOT_JUNGLE
EUW1_7696921694,100,blue,16.2,9,9.00435,Nautilus,7230.0,6058.0,BLUE_BOT_JUNGLE
EUW1_7696921694,200,red,16.2,6,6.003,Nami,10944.0,6306.0,RED_BOT_JUNGLE
EUW1_7696921694,200,red,16.2,11,11.00505,Nami,7645.0,6944.0,MID_LANE
EUW1_7696921738,100,blue,16.2,5,5.002233333333334,Thresh,7704.0,3586.0,BLUE_BOT_JUNGLE
EUW1_7696922029,100,blue,16.2,6,6.0025,Bard,9738.0,7645.0,RED_BOT_JUNGLE
EUW1_7696922029,200,red,16.2,6,6.0025,Janna,10261.0,6178.0,RED_BOT_JUNGLE
EUW1_7696922632,100,blue,16.2,9,9.003633333333333,Pantheon,3437.0,9367.0,TOP_SIDE_NEAR
EUW1_7696922632,100,blue,16.2,10,10.004066666666667,Pantheon,6308.0,8910.0,RIVER_TOP
EUW1_7696922632,200,red,16.2,10,10.004066666666667,Lulu,8788.0,9863.0,RED_TOP_JUNGLE
EUW1_7696923744,100,blue,16.2,10,10.0025,Anivia,6905.0,8105.0,MID_LANE
EUW1_7696923973,100,blue,16.2,5,5.0028,Elise,11567.0,7044.0,RED_BOT_JUNGLE
EUW1_7696923973,100,blue,16.2,10,10.004333333333333,Elise,5580.0,11100.0,TOP_SIDE_NEAR
EUW1_7696925918,100,blue,16.2,11,11.0054,Leona,2372.0,12139.0,TOP_LANE_CORE
EUW1_7696925918,200,red,16.2,5,5.003166666666667,Poppy,7410.0,5209.0,BLUE_BOT_JUNGLE
EUW1_7696925918,200,red,16.2,9,9.004483333333333,Poppy,7215.0,9214.0,RED_TOP_JUNGLE
EUW1_7696926247,200,red,16.2,5,5.0037666666666665,Braum,12138.0,7344.0,RED_BOT_JUNGLE
EUW1_7696926733,200,red,16.2,11,11.004366666666666,Nami,11824.0,9418.0,RED_BOT_JUNGLE
EUW1_7696928015,100,blue,16.2,8,8.002816666666666,Rakan,4816.0,6637.0,BLUE_TOP_JUNGLE
EUW1_7696928015,100,blue,16.2,9,9.003083333333333,Rakan,5326.0,8254.0,RIVER_TOP
EUW1_7696928015,100,blue,16.2,11,11.003783333333333,Rakan,8130.0,5806.0,BLUE_BOT_JUNGLE
EUW1_7696928015,200,red,16.2,8,8.002816666666666,Galio,11594.0,6855.0,RED_BOT_JUNGLE
EUW1_7696929020,100,blue,16.2,8,8.004116666666667,Leona,7729.0,5059.0,BLUE_BOT_JUNGLE
EUW1_7696929020,200,red,16.2,6,6.003516666666667,Elise,8115.0,6918.0,MID_LANE
EUW1_7696929020,200,red,16.2,8,8.004116666666667,Elise,6622.0,9539.0,RED_TOP_JUNGLE
EUW1_7696929774,100,blue,16.2,9,9.005316666666667,Janna,7085.0,6895.0,MID_LANE
EUW1_7696929774,100,blue,16.2,11,11.005633333333334,Janna,5277.0,5746.0,BLUE_TOP_JUNGLE
EUW1_7696929774,200,red,16.2,10,10.00545,Yuumi,12241.0,10180.0,RED_BOT_JUNGLE
EUW1_7696929774,200,red,16.2,11,11.005633333333334,Yuumi,7038.0,7172.0,MID_LANE
EUW1_7696929813,100,blue,16.2,6,6.00365,Nami,8043.0,5755.0,BLUE_BOT_JUNGLE
EUW1_7696929813,100,blue,16.2,9,9.004816666666667,Nami,2602.0,3202.0,BLUE_TOP_JUNGLE
EUW1_7696929813,200,red,16.2,9,9.004816666666667,Alistar,4759.0,7444.0,BLUE_TOP_JUNGLE
EUW1_7696930533,200,red,16.2,9,9.004516666666667,Nami,5502.0,9186.0,RIVER_TOP
EUW1_7696931378,100,blue,16.2,9,9.0031,Renata,5514.0,5664.0,BLUE_BOT_JUNGLE
EUW1_7696931378,200,red,16.2,5,5.00245,Blitzcrank,8995.0,9231.0,MID_LANE
EUW1_7696931378,200,red,16.2,7,7.002983333333333,Blitzcrank,7025.0,3109.0,BLUE_BOT_JUNGLE
EUW1_7696931378,200,red,16.2,8,8.0031,Blitzcrank,7477.0,9772.0,RED_TOP_JUNGLE
EUW1_7696931378,200,red,16.2,9,9.0031,Blitzcrank,3279.0,9504.0,TOP_SIDE_NEAR
EUW1_7696931378,200,red,16.2,10,10.003516666666666,Blitzcrank,7016.0,7690.0,MID_LANE
EUW1_7696931732,100,blue,16.2,9,9.004416666666666,Bard,7791.0,2390.0,BLUE_BOT_JUNGLE
EUW1_7696931732,100,blue,16.2,10,10.004683333333332,Bard,5493.0,6189.0,MID_LANE
EUW1_7696931732,100,blue,16.2,11,11.005033333333333,Bard,7480.0,3144.0,BLUE_BOT_JUNGLE
EUW1_7696931732,200,red,16.2,6,6.003666666666667,Janna,10569.0,6199.0,RED_BOT_JUNGLE
EUW1_7696931732,200,red,16.2,10,10.004683333333332,Janna,7715.0,5493.0,BLUE_BOT_JUNGLE
EUW1_7696932301,100,blue,16.2,7,7.00275,Janna,3862.0,3320.0,BLUE_BOT_JUNGLE
EUW1_7696932486,100,blue,16.2,10,10.005233333333333,Janna,3766.0,10780.0,TOP_SIDE_NEAR
EUW1_7696933586,100,blue,16.2,9,9.003416666666666,Milio,6346.0,7118.0,MID_LANE
EUW1_7696933586,200,red,16.2,8,8.0029,Ornn,8792.0,10799.0,RED_TOP_JUNGLE
EUW1_7696933586,200,red,16.2,9,9.003416666666666,Ornn,6405.0,8662.0,RIVER_TOP
EUW1_7696933586,200,red,16.2,10,10.00355,Ornn,6002.0,9305.0,RIVER_TOP
EUW1_7696933897,100,blue,16.2,6,6.001333333333333,Nami,970.0,3893.0,TOP_LANE_CORE
EUW1_7696934243,100,blue,16.2,8,8.003666666666666,Karma,3965.0,3124.0,BLUE_BOT_JUNGLE
EUW1_7696934243,200,red,16.2,8,8.003666666666666,Sona,12040.0,6505.0,RED_BOT_JUNGLE
EUW1_7696934624,200,red,16.2,7,7.003816666666666,Thresh,2241.0,12357.0,TOP_LANE_CORE
EUW1_7696934624,200,red,16.2,9,9.004683333333332,Thresh,4906.0,10497.0,BARON_GRUBS_HERALD_AREA
EUW1_7696934887,100,blue,16.2,8,8.0039,Nami,7813.0,5906.0,BLUE_BOT_JUNGLE
EUW1_7696934887,100,blue,16.2,9,9.004,Nami,8645.0,4990.0,BLUE_BOT_JUNGLE
EUW1_7696934887,200,red,16.2,9,9.004,Nautilus,12037.0,7330.0,RED_BOT_JUNGLE
EUW1_7696934965,100,blue,16.2,5,5.00295,Elise,8315.0,8312.0,MID_LANE
EUW1_7696934965,100,blue,16.2,7,7.003416666666666,Elise,6338.0,4430.0,BLUE_BOT_JUNGLE
EUW1_7696934965,200,red,16.2,5,5.00295,Leona,8368.0,8458.0,MID_LANE
EUW1_7696936866,100,blue,16.2,8,8.00385,Rakan,7600.0,12131.0,RED_TOP_JUNGLE
EUW1_7696936866,100,blue,16.2,11,11.0045,Rakan,7882.0,8441.0,MID_LANE
EUW1_7696937061,100,blue,16.2,10,10.0048,Leona,3510.0,9019.0,TOP_SIDE_NEAR
EUW1_7696937061,200,red,16.2,8,8.00435,Lulu,10836.0,7558.0,RED_BOT_JUNGLE
EUW1_7696937396,100,blue,16.2,10,10.004383333333333,Braum,2605.0,5120.0,BLUE_TOP_JUNGLE
EUW1_7696937396,200,red,16.2,6,6.002983333333333,Nautilus,12397.0,10301.0,RED_BOT_JUNGLE
EUW1_7696937453,200,red,16.2,10,10.0044,Bard,10511.0,6246.0,RED_BOT_JUNGLE
EUW1_7696938043,200,red,16.2,10,10.00475,Braum,5991.0,8182.0,RIVER_TOP
EUW1_7696938043,200,red,16.2,11,11.004866666666667,Braum,10118.0,9406.0,RED_BOT_JUNGLE
EUW1_7696938067,200,red,16.2,8,8.003583333333333,Pyke,7134.0,6593.0,MID_LANE
EUW1_7696938121,100,blue,16.2,7,7.003333333333333,Lulu,7811.0,3599.0,BLUE_BOT_JUNGLE
EUW1_7696938121,100,blue,16.2,8,8.0034,Lulu,7165.0,6986.0,MID_LANE
EUW1_7696938121,100,blue,16.2,9,9.003466666666666,Lulu,1698.0,7438.0,BLUE_TOP_JUNGLE
EUW1_7696938121,100,blue,16.2,10,10.003566666666666,Lulu,7728.0,9556.0,RED_TOP_JUNGLE
EUW1_7696938121,100,blue,16.2,11,11.003716666666667,Lulu,8659.0,4847.0,BLUE_BOT_JUNGLE
EUW1_7696938121,200,red,16.2,6,6.002916666666667,Pyke,10186.0,9920.0,RED_BOT_JUNGLE
EUW1_7696938121,200,red,16.2,8,8.0034,Pyke,8320.0,7612.0,MID_LANE
EUW1_7696938121,200,red,16.2,9,9.003466666666666,Pyke,5464.0,8289.0,RIVER_TOP
EUW1_7696938121,200,red,16.2,10,10.003566666666666,Pyke,7676.0,8411.0,MID_LANE
EUW1_7696938121,200,red,16.2,11,11.003716666666667,Pyke,4537.0,14055.0,TOP_LANE_CORE
EUW1_7696939473,100,blue,16.2,8,8.004766666666667,Thresh,3754.0,9854.0,TOP_SIDE_NEAR
EUW1_7696939473,200,red,16.2,8,8.004766666666667,Braum,8564.0,10569.0,RED_TOP_JUNGLE
EUW1_7696940736,100,blue,16.2,9,9.00425,Braum,4796.0,6883.0,BLUE_TOP_JUNGLE
EUW1_7696941174,200,red,16.2,7,7.003783333333334,Braum,7650.0,12276.0,RED_TOP_JUNGLE
EUW1_7696941572,100,blue,16.2,11,11.005233333333333,Braum,6924.0,6270.0,MID_LANE
EUW1_7696941572,200,red,16.2,8,8.003883333333333,Senna,12146.0,9512.0,RED_BOT_JUNGLE
EUW1_7696941572,200,red,16.2,11,11.005233333333333,Senna,7292.0,7030.0,MID_LANE
EUW1_7696941641,100,blue,16.2,7,7.003416666666666,Thresh,6050.0,8917.0,RIVER_TOP
EUW1_7696941674,100,blue,16.2,7,7.003683333333333,Senna,8254.0,5484.0,BLUE_BOT_JUNGLE
EUW1_7696941674,100,blue,16.2,9,9.00435,Senna,7307.0,7844.0,MID_LANE
EUW1_7696941674,100,blue,16.2,11,11.00515,Senna,1868.0,3644.0,BLUE_TOP_JUNGLE
EUW1_7696941674,200,red,16.2,9,9.00435,Karma,9968.0,8747.0,MID_LANE
EUW1_7696943640,200,red,16.2,7,7.00275,Leona,7524.0,7024.0,MID_LANE
EUW1_7696943640,200,red,16.2,9,9.003683333333333,Leona,6728.0,8995.0,RED_TOP_JUNGLE
EUW1_7696945150,100,blue,16.2,11,11.004383333333333,Elise,1300.0,12474.0,TOP_LANE_CORE
EUW1_7696945150,200,red,16.2,11,11.004383333333333,Nami,7797.0,6885.0,MID_LANE
EUW1_7696945801,100,blue,16.2,5,5.003283333333333,Leblanc,7202.0,4962.0,BLUE_BOT_JUNGLE
EUW1_7696945801,100,blue,16.2,8,8.003983333333334,Leblanc,2950.0,7304.0,BLUE_TOP_JUNGLE
EUW1_7696946973,100,blue,16.2,5,5.003516666666667,Pyke,6062.0,4620.0,BLUE_BOT_JUNGLE
EUW1_7696946973,100,blue,16.2,9,9.004083333333334,Pyke,6749.0,8034.0,MID_LANE
EUW1_7696946973,100,blue,16.2,10,10.00435,Pyke,7772.0,6730.0,MID_LANE
EUW1_7696946973,200,red,16.2,9,9.004083333333334,Braum,6800.0,7857.0,MID_LANE
EUW1_7696947593,100,blue,16.2,5,5.003716666666667,Janna,4831.0,8826.0,TOP_SIDE_NEAR
EUW1_7696948418,100,blue,16.2,6,6.002816666666667,Thresh,6635.0,8049.0,MID_LANE
EUW1_7696948418,200,red,16.2,6,6.002816666666667,Neeko,7584.0,7150.0,MID_LANE
EUW1_7696948418,200,red,16.2,8,8.00345,Neeko,11450.0,11186.0,RED_BOT_JUNGLE
EUW1_7696948418,200,red,16.2,9,9.003733333333333,Neeko,10972.0,6454.0,RED_BOT_JUNGLE
EUW1_7696949929,100,blue,16.2,9,9.004716666666667,Blitzcrank,4431.0,8468.0,BLUE_TOP_JUNGLE
EUW1_7696949929,100,blue,16.2,11,11.005483333333334,Blitzcrank,8088.0,6849.0,MID_LANE
EUW1_7696951596,100,blue,16.2,9,9.004216666666666,Nautilus,8474.0,7154.0,MID_LANE
EUW1_7696951596,200,red,16.2,8,8.003916666666667,Braum,2213.0,9564.0,TOP_SIDE_NEAR
EUW1_7696951946,100,blue,16.2,7,7.001716666666667,Bard,4164.0,2702.0,BLUE_BOT_JUNGLE
EUW1_7696954033,100,blue,16.2,9,9.004116666666667,Karma,4622.0,9603.0,TOP_SIDE_NEAR
EUW1_7696954033,100,blue,16.2,10,10.004633333333333,Karma,5880.0,5352.0,BLUE_BOT_JUNGLE
EUW1_7696954033,200,red,16.2,5,5.0027,Lux,12179.0,9271.0,RED_BOT_JUNGLE
EUW1_7696954033,200,red,16.2,9,9.004116666666667,Lux,9592.0,11615.0,RED_TOP_JUNGLE
EUW1_7696955232,100,blue,16.2,8,8.00195,Velkoz,5024.0,5359.0,BLUE_BOT_JUNGLE
EUW1_7696955232,200,red,16.2,8,8.00195,Lulu,12138.0,9115.0,RED_BOT_JUNGLE
EUW1_7696955274,100,blue,16.2,9,9.004533333333333,Poppy,3144.0,11900.0,TOP_SIDE_NEAR
EUW1_7696955274,100,blue,16.2,10,10.004666666666667,Poppy,6118.0,4205.0,BLUE_BOT_JUNGLE
EUW1_7696955274,200,red,16.2,9,9.004533333333333,Alistar,12072.0,7322.0,RED_BOT_JUNGLE
EUW1_7696956079,100,blue,16.2,9,9.004383333333333,Nami,7197.0,7395.0,MID_LANE
EUW1_7696956079,100,blue,16.2,10,10.004483333333333,Nami,6049.0,6994.0,MID_LANE
EUW1_7696956079,100,blue,16.2,11,11.004916666666666,Nami,5068.0,4570.0,BLUE_BOT_JUNGLE
EUW1_7696956079,200,red,16.2,9,9.004383333333333,Elise,4324.0,9598.0,TOP_SIDE_NEAR
EUW1_7696956079,200,red,16.2,10,10.004483333333333,Elise,3166.0,11317.0,TOP_SIDE_NEAR
EUW1_7696957741,100,blue,16.2,6,6.0032,Neeko,3096.0,2906.0,BLUE_BOT_JUNGLE
EUW1_7696957741,100,blue,16.2,8,8.00365,Neeko,7800.0,5783.0,BLUE_BOT_JUNGLE
EUW1_7696957741,100,blue,16.2,9,9.003833333333333,Neeko,6157.0,6295.0,MID_LANE
EUW1_7696957741,100,blue,16.2,10,10.003983333333334,Neeko,3801.0,10807.0,TOP_SIDE_NEAR
EUW1_7696957741,100,blue,16.2,11,11.004,Neeko,5490.0,3524.0,BLUE_BOT_JUNGLE
EUW1_7696957741,200,red,16.2,9,9.003833333333333,Bard,8183.0,4850.0,BLUE_BOT_JUNGLE
EUW1_7696957741,200,red,16.2,10,10.003983333333334,Bard,6260.0,11485.0,TOP_SIDE_NEAR
EUW1_7696958445,100,blue,16.2,8,8.003283333333334,Blitzcrank,7053.0,5214.0,BLUE_BOT_JUNGLE
EUW1_7696958445,200,red,16.2,9,9.003783333333333,Milio,3315.0,11418.0,TOP_SIDE_NEAR
EUW1_7696958800,100,blue,16.2,8,8.004033333333334,Thresh,4036.0,3516.0,BLUE_BOT_JUNGLE
EUW1_7696958800,200,red,16.2,6,6.003383333333334,Nautilus,8481.0,4935.0,BLUE_BOT_JUNGLE
EUW1_7696958800,200,red,16.2,8,8.004033333333334,Nautilus,6753.0,7537.0,MID_LANE
EUW1_7696958800,200,red,16.2,9,9.004566666666667,Nautilus,8589.0,10566.0,RED_TOP_JUNGLE
EUW1_7696960365,100,blue,16.2,9,9.004083333333334,Blitzcrank,6515.0,4836.0,BLUE_BOT_JUNGLE
EUW1_7696960365,200,red,16.2,8,8.003716666666667,FiddleSticks,7774.0,7783.0,MID_LANE
EUW1_7696960365,200,red,16.2,9,9.004083333333334,FiddleSticks,3443.0,8414.0,TOP_SIDE_NEAR
EUW1_7696960365,200,red,16.2,11,11.0048,FiddleSticks,7145.0,7354.0,MID_LANE
EUW1_7696960372,100,blue,16.2,10,10.004633333333333,Elise,9592.0,7377.0,RED_BOT_JUNGLE
EUW1_7696960372,200,red,16.2,7,7.003983333333333,Janna,11822.0,6550.0,RED_BOT_JUNGLE
EUW1_7696960372,200,red,16.2,10,10.004633333333333,Janna,12077.0,8313.0,RED_BOT_JUNGLE
EUW1_7696960625,200,red,16.2,7,7.003683333333333,Nami,6234.0,8740.0,RIVER_TOP
EUW1_7696961206,200,red,16.2,10,10.004283333333333,Bard,3983.0,10198.0,TOP_SIDE_NEAR
EUW1_7696962193,100,blue,16.2,9,9.0043,Rell,2783.0,3481.0,BLUE_TOP_JUNGLE
EUW1_7696963440,100,blue,16.2,8,8.003716666666667,Janna,7666.0,7282.0,MID_LANE
EUW1_7696963440,100,blue,16.2,10,10.004216666666666,Janna,6279.0,10221.0,TOP_SIDE_NEAR
EUW1_7696963440,200,red,16.2,7,7.003433333333334,Bard,6428.0,9819.0,RED_TOP_JUNGLE
EUW1_7696963440,200,red,16.2,8,8.003716666666667,Bard,10609.0,12593.0,RED_TOP_JUNGLE
EUW1_7696963440,200,red,16.2,9,9.004016666666667,Bard,7324.0,8456.0,MID_LANE
EUW1_7696963440,200,red,16.2,10,10.004216666666666,Bard,10366.0,13381.0,TOP_LANE_CORE
EUW1_7696964170,100,blue,16.2,8,8.003566666666666,Taric,8490.0,7295.0,MID_LANE
EUW1_7696964290,100,blue,16.2,5,5.001383333333333,Galio,6378.0,4454.0,BLUE_BOT_JUNGLE
EUW1_7696964290,100,blue,16.2,8,8.002233333333333,Galio,7353.0,7169.0,MID_LANE
EUW1_7696964290,100,blue,16.2,10,10.00285,Galio,6599.0,4774.0,BLUE_BOT_JUNGLE
EUW1_7696964290,200,red,16.2,8,8.002233333333333,Lulu,8191.0,7050.0,MID_LANE
EUW1_7696964290,200,red,16.2,10,10.00285,Lulu,7910.0,4945.0,BLUE_BOT_JUNGLE
EUW1_7696964739,200,red,16.2,6,6.002883333333333,Rakan,11563.0,11289.0,RED_BOT_JUNGLE
EUW1_7696965110,100,blue,16.2,7,7.0027333333333335,Poppy,4314.0,4125.0,BLUE_BOT_JUNGLE
EUW1_7696965110,200,red,16.2,7,7.0027333333333335,Rell,7279.0,11670.0,RED_TOP_JUNGLE
EUW1_7696965730,100,blue,16.2,5,5.003233333333333,Rakan,7281.0,6719.0,MID_LANE
EUW1_7696965730,200,red,16.2,8,8.0042,Nami,11895.0,9801.0,RED_BOT_JUNGLE
EUW1_7696966632,100,blue,16.2,5,5.00265,Braum,5552.0,8259.0,RIVER_TOP
EUW1_7696966632,100,blue,16.2,10,10.003783333333333,Braum,6254.0,9208.0,RIVER_TOP
EUW1_7696967494,100,blue,16.2,8,8.001516666666667,Lulu,4483.0,9631.0,TOP_SIDE_NEAR
EUW1_7696967494,100,blue,16.2,9,9.003483333333334,Lulu,6161.0,10521.0,TOP_SIDE_NEAR
EUW1_7696967494,200,red,16.2,8,8.001516666666667,Thresh,7051.0,9705.0,RED_TOP_JUNGLE
EUW1_7696968316,100,blue,16.2,8,8.003583333333333,Zoe,6366.0,4865.0,BLUE_BOT_JUNGLE
EUW1_7696968316,100,blue,16.2,9,9.003683333333333,Zoe,6270.0,6261.0,MID_LANE
EUW1_7696968316,100,blue,16.2,10,10.004116666666667,Zoe,9901.0,7125.0,RED_BOT_JUNGLE
EUW1_7696968316,200,red,16.2,8,8.003583333333333,Bard,7077.0,7828.0,MID_LANE
EUW1_7696968316,200,red,16.2,9,9.003683333333333,Bard,7888.0,7939.0,MID_LANE
EUW1_7696969794,200,red,16.2,10,10.004133333333334,Bard,7780.0,10867.0,RED_TOP_JUNGLE
EUW1_7696970160,100,blue,16.2,7,7.0026166666666665,Nautilus,12124.0,6628.0,RED_BOT_JUNGLE
EUW1_7696970160,100,blue,16.2,8,8.002683333333334,Nautilus,2628.0,7180.0,BLUE_TOP_JUNGLE
EUW1_7696970160,200,red,16.2,8,8.002683333333334,Leona,5898.0,7938.0,RIVER_TOP
EUW1_7696970887,100,blue,16.2,6,6.0035,Nautilus,6053.0,4118.0,BLUE_BOT_JUNGLE
EUW1_7696970887,100,blue,16.2,9,9.004583333333333,Nautilus,4956.0,9397.0,TOP_SIDE_NEAR
EUW1_7696970887,200,red,16.2,9,9.004583333333333,Braum,8935.0,8826.0,MID_LANE
EUW1_7696971760,100,blue,16.2,7,7.004183333333334,Rakan,7813.0,3339.0,BLUE_BOT_JUNGLE
EUW1_7696971760,200,red,16.2,6,6.003666666666667,Taric,12325.0,9309.0,RED_BOT_JUNGLE
EUW1_7696972830,200,red,16.2,9,9.003783333333333,Thresh,9243.0,7921.0,MID_LANE
EUW1_7696973095,100,blue,16.2,6,6.0037666666666665,Rell,5948.0,5481.0,BLUE_BOT_JUNGLE
EUW1_7696974273,200,red,16.2,8,8.004066666666667,Seraphine,11184.0,12464.0,RED_TOP_JUNGLE
EUW1_7696974910,200,red,16.2,7,7.0033,Pyke,6909.0,6637.0,MID_LANE
EUW1_7696974910,200,red,16.2,11,11.0043,Pyke,10068.0,6243.0,RED_BOT_JUNGLE
EUW1_7696974957,100,blue,16.2,7,7.0033666666666665,Karma,6627.0,7227.0,MID_LANE
EUW1_7696974957,100,blue,16.2,10,10.004116666666667,Karma,4325.0,9656.0,TOP_SIDE_NEAR
EUW1_7696974957,100,blue,16.2,11,11.004383333333333,Karma,8643.0,3454.0,BLUE_BOT_JUNGLE
EUW1_7696975024,100,blue,16.2,9,9.00445,Lulu,4666.0,7691.0,BLUE_TOP_JUNGLE
EUW1_7696975024,200,red,16.2,8,8.004266666666666,Nautilus,6297.0,7682.0,MID_LANE
EUW1_7696975024,200,red,16.2,9,9.00445,Nautilus,4696.0,9424.0,TOP_SIDE_NEAR
EUW1_7696977702,100,blue,16.2,8,8.00385,Sona,5710.0,6577.0,MID_LANE
EUW1_7696977702,200,red,16.2,9,9.004266666666666,Braum,8236.0,2049.0,BLUE_BOT_JUNGLE
EUW1_7696978133,100,blue,16.2,9,9.003933333333332,Nami,4976.0,8941.0,TOP_SIDE_NEAR
EUW1_7696978133,100,blue,16.2,10,10.004483333333333,Nami,6568.0,8761.0,RIVER_TOP
EUW1_7696978133,200,red,16.2,7,7.003233333333333,Nidalee,8625.0,7802.0,MID_LANE
EUW1_7696978133,200,red,16.2,8,8.0037,Nidalee,9108.0,7961.0,MID_LANE
EUW1_7696978133,200,red,16.2,9,9.003933333333332,Nidalee,6947.0,6791.0,MID_LANE
EUW1_7696978133,200,red,16.2,10,10.004483333333333,Nidalee,6918.0,9378.0,RED_TOP_JUNGLE
EUW1_7696978133,200,red,16.2,11,11.004616666666667,Nidalee,6721.0,6371.0,MID_LANE
EUW1_7696979403,200,red,16.2,8,8.003633333333333,Rakan,9992.0,9532.0,RED_BOT_JUNGLE
EUW1_7696979609,200,red,16.2,9,9.004116666666667,Neeko,8507.0,8568.0,MID_LANE
EUW1_7696979609,200,red,16.2,10,10.00465,Neeko,12249.0,6416.0,RED_BOT_JUNGLE
EUW1_7696980046,200,red,16.2,11,11.004566666666667,Rell,11303.0,10784.0,RED_BOT_JUNGLE
EUW1_7696980584,100,blue,16.2,8,8.004533333333333,Thresh,7152.0,6597.0,MID_LANE
EUW1_7696980584,200,red,16.2,10,10.004866666666667,Morgana,6397.0,7493.0,MID_LANE
EUW1_7696981136,100,blue,16.2,7,7.003166666666667,Nami,7296.0,6436.0,MID_LANE
EUW1_7696981136,100,blue,16.2,9,9.004216666666666,Nami,4495.0,4720.0,BLUE_BOT_JUNGLE
EUW1_7696981136,200,red,16.2,7,7.003166666666667,Bard,7274.0,6986.0,MID_LANE
EUW1_7696981136,200,red,16.2,9,9.004216666666666,Bard,8567.0,4669.0,BLUE_BOT_JUNGLE
EUW1_7696981204,100,blue,16.2,5,5.0031,Nautilus,4486.0,2568.0,BLUE_BOT_JUNGLE
EUW1_7696981204,100,blue,16.2,9,9.0047,Nautilus,7739.0,5649.0,BLUE_BOT_JUNGLE
EUW1_7696981204,200,red,16.2,5,5.0031,Bard,12072.0,9005.0,RED_BOT_JUNGLE
EUW1_7696981301,100,blue,16.2,9,9.004166666666666,Karma,4978.0,7839.0,BLUE_TOP_JUNGLE
EUW1_7696981301,200,red,16.2,10,10.00425,Ashe,9722.0,6642.0,RED_BOT_JUNGLE
EUW1_7696983108,100,blue,16.2,10,10.0044,Zoe,7043.0,7694.0,MID_LANE
EUW1_7696983108,100,blue,16.2,11,11.004933333333334,Zoe,7033.0,6795.0,MID_LANE
EUW1_7696983108,200,red,16.2,10,10.0044,Rakan,8460.0,7596.0,MID_LANE
EUW1_7696983108,200,red,16.2,11,11.004933333333334,Rakan,12160.0,9993.0,RED_BOT_JUNGLE
EUW1_7696983495,200,red,16.2,6,6.003066666666666,Bard,4398.0,11553.0,TOP_SIDE_NEAR
EUW1_7696983495,200,red,16.2,9,9.003866666666667,Bard,4434.0,13156.0,TOP_LANE_CORE
EUW1_7696983495,200,red,16.2,10,10.004033333333334,Bard,8646.0,5389.0,BLUE_BOT_JUNGLE
EUW1_7696983516,100,blue,16.2,6,6.003683333333333,Janna,1519.0,10822.0,TOP_LANE_CORE
EUW1_7696983516,100,blue,16.2,7,7.003916666666667,Janna,8273.0,3574.0,BLUE_BOT_JUNGLE
EUW1_7696983516,100,blue,16.2,11,11.004966666666666,Janna,3270.0,8344.0,TOP_SIDE_NEAR
EUW1_7696983516,200,red,16.2,11,11.004966666666666,Lulu,3788.0,8384.0,TOP_SIDE_NEAR
EUW1_7696984752,100,blue,16.2,10,10.004866666666667,Senna,8258.0,7664.0,MID_LANE
EUW1_7696985419,100,blue,16.2,7,7.001133333333334,Neeko,5126.0,4656.0,BLUE_BOT_JUNGLE
EUW1_7696985419,200,red,16.2,11,11.003533333333333,Braum,7101.0,6946.0,MID_LANE
EUW1_7696985454,200,red,16.2,11,11.004166666666666,Sona,11436.0,6217.0,RED_BOT_JUNGLE
EUW1_7696985820,100,blue,16.2,8,8.004366666666666,Alistar,7919.0,3525.0,BLUE_BOT_JUNGLE
EUW1_7696986044,100,blue,16.2,10,10.003966666666667,Bard,7732.0,8430.0,MID_LANE
EUW1_7696986044,100,blue,16.2,11,11.004266666666666,Bard,8019.0,2077.0,BLUE_BOT_JUNGLE
EUW1_7696986044,200,red,16.2,8,8.003666666666666,Lulu,8844.0,8198.0,MID_LANE
EUW1_7696986389,100,blue,16.2,11,11.004,Rakan,8574.0,4635.0,BLUE_BOT_JUNGLE
EUW1_7696986567,100,blue,16.2,8,8.0033,Thresh,8093.0,7162.0,MID_LANE
EUW1_7696986567,200,red,16.2,8,8.0033,Braum,7971.0,7352.0,MID_LANE
EUW1_7696986966,100,blue,16.2,8,8.0042,JarvanIV,4075.0,3271.0,BLUE_BOT_JUNGLE
EUW1_7696986966,200,red,16.2,8,8.0042,Nidalee,2764.0,12146.0,TOP_SIDE_NEAR
EUW1_7696986966,200,red,16.2,9,9.004616666666667,Nidalee,2291.0,11416.0,TOP_SIDE_NEAR
EUW1_7696987451,100,blue,16.2,7,7.003433333333334,Neeko,8170.0,7121.0,MID_LANE
EUW1_7696987451,200,red,16.2,6,6.00305,Janna,1955.0,11353.0,TOP_SIDE_NEAR
EUW1_7696987451,200,red,16.2,7,7.003433333333334,Janna,7341.0,12354.0,TOP_SIDE_NEAR
EUW1_7696987451,200,red,16.2,8,8.0038,Janna,6376.0,9350.0,RED_TOP_JUNGLE
EUW1_7696987451,200,red,16.2,9,9.004133333333334,Janna,1590.0,9489.0,TOP_LANE_CORE
EUW1_7696987451,200,red,16.2,10,10.004533333333333,Janna,4435.0,11906.0,TOP_SIDE_NEAR
EUW1_7696987504,100,blue,16.2,9,9.002966666666667,Maokai,6621.0,9384.0,RED_TOP_JUNGLE
EUW1_7696987504,200,red,16.2,8,8.0013,Alistar,8742.0,10201.0,RED_TOP_JUNGLE
EUW1_7696987504,200,red,16.2,9,9.002966666666667,Alistar,7590.0,10299.0,RED_TOP_JUNGLE
EUW1_7696987505,100,blue,16.2,8,8.004516666666667,Pyke,6880.0,3090.0,BLUE_BOT_JUNGLE
EUW1_7696987505,200,red,16.2,6,6.003916666666667,Lulu,10544.0,6231.0,RED_BOT_JUNGLE
EUW1_7696987505,200,red,16.2,11,11.005466666666667,Lulu,8033.0,7470.0,MID_LANE
EUW1_7696989877,200,red,16.2,9,9.00445,Bard,9512.0,7740.0,RED_BOT_JUNGLE
EUW1_7696989877,200,red,16.2,10,10.004566666666667,Bard,11336.0,10822.0,RED_BOT_JUNGLE
EUW1_7696990697,100,blue,16.2,8,8.003616666666666,Bard,4011.0,11989.0,TOP_SIDE_NEAR
EUW1_7696990697,100,blue,16.2,11,11.00495,Bard,11527.0,7943.0,RED_BOT_JUNGLE
EUW1_7696990697,200,red,16.2,11,11.00495,Lulu,9968.0,8701.0,MID_LANE
EUW1_7696991582,200,red,16.2,9,9.004466666666668,Alistar,10292.0,10482.0,RED_TOP_JUNGLE
EUW1_7696994046,200,red,16.2,11,11.00505,Yuumi,7796.0,7540.0,MID_LANE
EUW1_7696994520,100,blue,16.2,10,10.00475,Nami,3676.0,1975.0,BLUE_BOT_JUNGLE
EUW1_7696994520,200,red,16.2,10,10.00475,Lulu,6963.0,7232.0,MID_LANE
EUW1_7696994623,200,red,16.2,7,7.00375,Sona,11680.0,7486.0,RED_BOT_JUNGLE
EUW1_7696994755,100,blue,16.2,8,8.004283333333333,Janna,5576.0,9519.0,TOP_SIDE_NEAR
EUW1_7696994755,100,blue,16.2,10,10.005033333333333,Janna,5807.0,3923.0,BLUE_BOT_JUNGLE
EUW1_7696994755,200,red,16.2,8,8.004283333333333,Bard,8331.0,8927.0,MID_LANE
EUW1_7696994755,200,red,16.2,10,10.005033333333333,Bard,9960.0,8521.0,RED_BOT_JUNGLE
EUW1_7696994755,200,red,16.2,11,11.005283333333333,Bard,10245.0,9892.0,RED_BOT_JUNGLE
EUW1_7696994760,100,blue,16.2,7,7.003716666666667,Nami,8259.0,3507.0,BLUE_BOT_JUNGLE
EUW1_7696996253,100,blue,16.2,9,9.00385,Leona,3689.0,4321.0,BLUE_TOP_JUNGLE
EUW1_7696996253,100,blue,16.2,10,10.004266666666666,Leona,3145.0,9315.0,TOP_SIDE_NEAR
EUW1_7696996253,200,red,16.2,10,10.004266666666666,Neeko,7536.0,8715.0,MID_LANE
EUW1_7696996524,100,blue,16.2,5,5.00085,Rakan,7386.0,6942.0,MID_LANE
EUW1_7696996524,100,blue,16.2,9,9.003883333333333,Rakan,4335.0,4673.0,BLUE_TOP_JUNGLE
EUW1_7696996524,100,blue,16.2,10,10.004283333333333,Rakan,5937.0,5583.0,BLUE_BOT_JUNGLE
