match_id,team_id,frame_idx,minute,support_x,support_y,support_zone_v5_abs,support_exclusion_reason
EUN1_3915264621,100,8,8.003583333333333,10337.0,843.0,BOT_LANE_CORE,support_dead_with_xy
EUN1_3915264621,200,11,11.003983333333334,14340.0,14391.0,RED_BASE,support_in_base
EUN1_3915272334,100,6,6.0031,12378.0,1289.0,BOT_LANE_CORE,support_dead_with_xy
EUN1_3915419047,100,11,11.004616666666667,11381.0,948.0,BOT_LANE_CORE,support_dead_with_xy
EUN1_3915629163,100,8,8.00425,394.0,461.0,BLUE_BASE,support_in_base
EUN1_3915629163,200,5,5.002883333333333,14340.0,14391.0,RED_BASE,support_in_base
EUN1_3915644549,100,9,9.003566666666666,8600.0,4789.0,BLUE_BOT_JUNGLE,support_dead_with_xy
EUN1_3915659963,100,6,6.00275,11489.0,958.0,BOT_LANE_CORE,support_dead_with_xy
EUN1_3915659963,100,9,9.003616666666666,10818.0,941.0,BOT_LANE_CORE,support_dead_with_xy
EUN1_3915659963,200,5,5.002483333333333,14037.0,11635.0,RED_BASE,support_in_base
EUN1_3915681718,100,7,7.00425,1769.0,674.0,BLUE_BASE,support_in_base
EUN1_3915690863,200,8,8.0034,14338.0,14204.0,RED_BASE,support_in_base
EUN1_3915690863,200,9,9.0035,13243.0,3585.0,BOT_LANE_CORE,support_dead_with_xy
EUN1_3915770513,100,7,7.003316666666667,1766.0,567.0,BLUE_BASE,support_in_base
EUN1_3915770513,100,9,9.003783333333333,13770.0,3044.0,BOT_LANE_CORE,support_dead_with_xy
EUN1_3915770513,100,11,11.004216666666666,2328.0,693.0,BLUE_BASE,support_in_base
EUN1_3915770513,200,9,9.003783333333333,13467.0,3979.0,BOT_LANE_CORE,support_dead_with_xy
EUN1_3916156352,200,5,5.00285,14340.0,14391.0,RED_BASE,support_in_base
EUN1_3916172375,200,7,7.00325,14004.0,13265.0,RED_BASE,support_in_base
EUN1_3916334055,100,8,8.00335,11752.0,5118.0,BOT_SIDE_NEAR,support_dead_with_xy
EUN1_3916334055,200,6,6.0027,13853.0,3971.0,BOT_LANE_CORE,support_dead_with_xy
EUN1_3916375227,200,5,5.001133333333334,11950.0,1164.0,BOT_LANE_CORE,support_dead_with_xy
EUN1_3916407607,100,9,9.001966666666666,10844.0,1121.0,BOT_LANE_CORE,support_dead_with_xy
EUN1_3916407607,200,6,6.001,11852.0,3428.0,BOT_SIDE_NEAR,support_dead_with_xy
EUN1_3916407607,200,7,7.001016666666667,14340.0,14391.0,RED_BASE,support_in_base
EUN1_3916810409,100,10,10.002016666666666,1358.0,546.0,BLUE_BASE,support_in_base
EUN1_3916810409,100,11,11.00205,898.0,503.0,BLUE_BASE,support_in_base
EUN1_3916810409,200,6,6.001016666666667,12997.0,1297.0,BOT_LANE_CORE,support_dead_with_xy
EUN1_3916810409,200,8,8.0014,14240.0,14342.0,RED_BASE,support_in_base
EUN1_3916810409,200,11,11.00205,14340.0,14391.0,RED_BASE,support_in_base
EUN1_3916872301,100,9,9.002933333333333,12480.0,4407.0,BOT_SIDE_NEAR,support_dead_with_xy
EUN1_3916872301,100,10,10.003166666666667,9382.0,4624.0,DRAGON_AREA,support_dead_with_xy
EUN1_3916944809,200,9,9.0043,13802.0,13009.0,RED_BASE,support_in_base
EUN1_3917253151,200,8,8.001983333333333,13607.0,3532.0,BOT_LANE_CORE,support_dead_with_xy
EUN1_3917292080,200,8,8.003516666666666,14092.0,4516.0,BOT_LANE_CORE,support_dead_with_xy
EUN1_3917292080,200,10,10.004166666666666,14340.0,14391.0,RED_BASE,support_in_base
EUN1_3917370796,200,7,7.003166666666667,14277.0,12799.0,RED_BASE,support_in_base
EUN1_3917370796,200,10,10.004166666666666,14046.0,4570.0,BOT_LANE_CORE,support_dead_with_xy
EUN1_3917391836,100,10,10.002416666666667,1190.0,637.0,BLUE_BASE,support_in_base
EUN1_3917433554,200,8,8.003733333333333,11904.0,3776.0,BOT_SIDE_NEAR,support_dead_with_xy
EUN1_3917433554,200,10,10.0047,14276.0,13359.0,RED_BASE,support_in_base
EUN1_3917441955,100,5,5.002666666666666,1550.0,663.0,BLUE_BASE,support_in_base
EUN1_3917457920,100,8,8.003,3129.0,808.0,BLUE_BASE,support_in_base
EUN1_3917457920,100,10,10.003533333333333,3082.0,700.0,BLUE_BASE,support_in_base
EUN1_3917500310,100,6,6.003583333333333,1119.0,551.0,BLUE_BASE,support_in_base
EUN1_3917500310,100,11,11.0055,469.0,563.0,BLUE_BASE,support_in_base
EUN1_3917500310,200,5,5.003116666666667,14327.0,13093.0,RED_BASE,support_in_base
EUN1_3917595161,200,6,6.003683333333333,14245.0,12784.0,RED_BASE,support_in_base
EUW1_7696102906,100,10,10.002083333333333,3643.0,676.0,BLUE_BASE,support_in_base
EUW1_7696102906,200,5,5.00075,11564.0,1278.0,BOT_LANE_CORE,support_dead_with_xy
EUW1_7696102985,100,5,5.001116666666666,13577.0,2421.0,BOT_LANE_CORE,support_dead_with_xy
EUW1_7696102985,200,7,7.001666666666667,14136.0,14023.0,RED_BASE,support_in_base
EUW1_7696102985,200,8,8.001933333333334,13208.0,3582.0,BOT_LANE_CORE,support_dead_with_xy
EUW1_7696103145,200,8,8.00405,14340.0,14391.0,RED_BASE,support_in_base
EUW1_7696103145,200,11,11.005516666666667,13142.0,13776.0,RED_BASE,support_in_base
EUW1_7696103995,100,5,5.001266666666667,434.0,464.0,BLUE_BASE,support_in_base
EUW1_7696103995,200,8,8.003316666666667,14208.0,14189.0,RED_BASE,support_in_base
EUW1_7696103995,200,9,9.003566666666666,14253.0,14042.0,RED_BASE,support_in_base
EUW1_7696104692,100,5,5.002516666666667,394.0,461.0,BLUE_BASE,support_in_base
EUW1_7696104878,200,9,9.004,14260.0,13903.0,RED_BASE,support_in_base
EUW1_7696105120,100,8,8.002683333333334,494.0,488.0,BLUE_BASE,support_in_base
EUW1_7696105120,100,10,10.00295,394.0,461.0,BLUE_BASE,support_in_base
EUW1_7696106028,100,6,6.002766666666667,10166.0,3065.0,BOT_SIDE_NEAR,support_dead_with_xy
EUW1_7696106028,100,11,11.0047,821.0,378.0,BLUE_BASE,support_in_base
EUW1_7696106204,100,7,7.00225,11320.0,1666.0,BOT_LANE_CORE,support_dead_with_xy
EUW1_7696106357,100,9,9.003333333333334,2330.0,1715.0,BLUE_BASE,support_in_base
EUW1_7696106357,200,10,10.0037,11922.0,3860.0,BOT_SIDE_NEAR,support_dead_with_xy
EUW1_7696106585,100,5,5.0027333333333335,394.0,461.0,BLUE_BASE,support_in_base
EUW1_7696106585,200,9,9.003516666666666,13671.0,5014.0,BOT_LANE_CORE,support_dead_with_xy
EUW1_7696106791,200,5,5.000566666666667,13682.0,12514.0,RED_BASE,support_in_base
EUW1_7696107529,100,8,8.002716666666666,443.0,547.0,BLUE_BASE,support_in_base
EUW1_7696107529,200,7,7.002483333333333,12482.0,11858.0,RED_BASE,support_in_base
EUW1_7696107529,200,11,11.00425,12816.0,12182.0,RED_BASE,support_in_base
EUW1_7696107795,100,5,5.0022,10824.0,1328.0,BOT_LANE_CORE,support_dead_with_xy
EUW1_7696107795,100,8,8.00275,3231.0,687.0,BLUE_BASE,support_in_base
EUW1_7696108372,200,7,7.003433333333334,13051.0,3878.0,BOT_LANE_CORE,support_dead_with_xy
EUW1_7696108372,200,8,8.0036,14100.0,12230.0,RED_BASE,support_in_base
EUW1_7696108934,100,10,10.002366666666667,394.0,461.0,BLUE_BASE,support_in_base
EUW1_7696108934,100,11,11.003416666666666,11576.0,1374.0,BOT_LANE_CORE,support_dead_with_xy
EUW1_7696108934,200,5,5.00095,14133.0,13857.0,RED_BASE,support_in_base
EUW1_7696109278,100,5,5.00075,14103.0,6245.0,BOT_LANE_CORE,support_dead_with_xy
EUW1_7696109278,100,11,11.001766666666667,878.0,515.0,BLUE_BASE,support_in_base
EUW1_7696109312,100,10,10.003416666666666,1013.0,577.0,BLUE_BASE,support_in_base
EUW1_7696109312,200,10,10.003416666666666,13130.0,2811.0,BOT_LANE_CORE,support_dead_with_xy
EUW1_7696109407,100,7,7.00355,9980.0,5845.0,BOT_SIDE_NEAR,support_dead_with_xy
EUW1_7696109407,100,10,10.004,698.0,486.0,BLUE_BASE,support_in_base
EUW1_7696109407,200,7,7.00355,14340.0,14391.0,RED_BASE,support_in_base
EUW1_7696109407,200,11,11.00445,14221.0,11397.0,RED_BASE,support_in_base
EUW1_7696109621,200,7,7.001133333333334,12995.0,7338.0,RED_BOT_JUNGLE,support_dead_with_xy
EUW1_7696109804,100,9,9.0041,13213.0,1129.0,BOT_LANE_CORE,support_dead_with_xy
EUW1_7696109804,100,11,11.005066666666666,13462.0,4855.0,BOT_LANE_CORE,support_dead_with_xy
EUW1_7696110071,100,5,5.0026,1926.0,688.0,BLUE_BASE,support_in_base
EUW1_7696110071,200,5,5.0026,13542.0,13016.0,RED_BASE,support_in_base
EUW1_7696110071,200,7,7.0029,13697.0,4873.0,BOT_LANE_CORE,support_dead_with_xy
EUW1_7696110071,200,9,9.0034,14112.0,11112.0,RED_BASE,support_in_base
EUW1_7696110174,200,8,8.003116666666667,13392.0,11659.0,RED_BASE,support_in_base
EUW1_7696110210,100,5,5.0022,6378.0,4668.0,BLUE_BOT_JUNGLE,support_dead_with_xy
EUW1_7696110990,100,10,10.003366666666667,1118.0,704.0,BLUE_BASE,support_in_base
EUW1_7696110990,100,11,11.003716666666667,876.0,626.0,BLUE_BASE,support_in_base
EUW1_7696110990,200,10,10.003366666666667,13472.0,14067.0,RED_BASE,support_in_base
EUW1_7696110990,200,11,11.003716666666667,14131.0,13791.0,RED_BASE,support_in_base
EUW1_7696111125,100,10,10.0032,394.0,461.0,BLUE_BASE,support_in_base
EUW1_7696111125,200,10,10.0032,12173.0,12840.0,RED_BASE,support_in_base
EUW1_7696111316,200,5,5.002916666666667,14274.0,13691.0,RED_BASE,support_in_base
EUW1_7696112699,100,6,6.0034833333333335,3295.0,803.0,BLUE_BASE,support_in_base
EUW1_7696112699,200,11,11.004566666666667,13703.0,4163.0,BOT_LANE_CORE,support_dead_with_xy
EUW1_7696113096,200,10,10.004333333333333,11293.0,3664.0,BOT_SIDE_NEAR,support_dead_with_xy
EUW1_7696114098,100,8,8.0036,2004.0,1272.0,BLUE_BASE,support_in_base
EUW1_7696114178,100,8,8.0034,1804.0,3111.0,BLUE_BASE,support_in_base
EUW1_7696114178,100,11,11.0043,10792.0,2053.0,BOT_SIDE_NEAR,support_dead_with_xy
EUW1_7696114178,200,9,9.0037,8323.0,6745.0,RIVER_BOT,support_dead_with_xy
EUW1_7696114332,100,11,11.00395,2671.0,2045.0,BLUE_BASE,support_in_base
EUW1_7696114332,200,8,8.001633333333332,11958.0,1250.0,BOT_LANE_CORE,support_dead_with_xy
EUW1_7696114332,200,9,9.003566666666666,13135.0,3496.0,BOT_LANE_CORE,support_dead_with_xy
EUW1_7696114332,200,11,11.00395,11281.0,1847.0,BOT_LANE_CORE,support_dead_with_xy
EUW1_7696114808,100,10,10.004983333333334,10948.0,3300.0,BOT_SIDE_NEAR,support_dead_with_xy
EUW1_7696114808,200,8,8.00415,14189.0,12662.0,RED_BASE,support_in_base
EUW1_7696115118,100,9,9.003483333333334,2367.0,797.0,BLUE_BASE,support_in_base
EUW1_7696115271,100,5,5.002716666666666,394.0,461.0,BLUE_BASE,support_in_base
EUW1_7696115271,200,8,8.003566666666666,14297.0,13722.0,RED_BASE,support_in_base
EUW1_7696115271,200,10,10.00375,14263.0,12634.0,RED_BASE,support_in_base
EUW1_7696116882,200,8,8.002933333333333,13082.0,7280.0,BOT_LANE_CORE,support_dead_with_xy
EUW1_7696117672,100,5,5.003233333333333,414.0,462.0,BLUE_BASE,support_in_base
EUW1_7696117672,200,7,7.0038,13976.0,13769.0,RED_BASE,support_in_base
EUW1_7696118010,100,8,8.0034,1550.0,598.0,BLUE_BASE,support_in_base
EUW1_7696118010,200,5,5.002566666666667,13693.0,3771.0,BOT_LANE_CORE,support_dead_with_xy
EUW1_7696118670,100,7,7.003516666666667,2678.0,1611.0,BLUE_BASE,support_in_base
EUW1_7696118812,200,11,11.00475,12772.0,12998.0,RED_BASE,support_in_base
EUW1_7696118838,100,6,6.002866666666667,394.0,461.0,BLUE_BASE,support_in_base
EUW1_7696118838,100,10,10.003633333333333,10157.0,817.0,BOT_LANE_CORE,support_dead_with_xy
EUW1_7696118838,200,6,6.002866666666667,13894.0,13844.0,RED_BASE,support_in_base
EUW1_7696120185,200,11,11.004166666666666,14279.0,14224.0,RED_BASE,support_in_base
EUW1_7696120746,100,8,8.003783333333333,1166.0,678.0,BLUE_BASE,support_in_base
EUW1_7696120968,100,9,9.004216666666666,4294.0,8383.0,BLUE_TOP_JUNGLE,support_dead_with_xy
EUW1_7696120968,100,10,10.004716666666667,394.0,461.0,BLUE_BASE,support_in_base
EUW1_7696120968,200,7,7.0038,13386.0,12760.0,RED_BASE,support_in_base
EUW1_7696121291,100,10,10.00415,2648.0,841.0,BLUE_BASE,support_in_base
EUW1_7696121291,200,10,10.00415,11416.0,13406.0,RED_BASE,support_in_base
EUW1_7696121479,100,5,5.0024,394.0,461.0,BLUE_BASE,support_in_base
EUW1_7696121479,100,10,10.003666666666666,3575.0,983.0,BLUE_BASE,support_in_base
EUW1_7696121479,200,5,5.0024,13041.0,14238.0,RED_BASE,support_in_base
EUW1_7696121479,200,6,6.002433333333333,13269.0,11278.0,RED_BASE,support_in_base
EUW1_7696121479,200,8,8.00265,11999.0,2479.0,BOT_LANE_CORE,support_dead_with_xy
EUW1_7696122187,200,10,10.0035,10742.0,2202.0,BOT_SIDE_NEAR,support_dead_with_xy
EUW1_7696122889,200,11,11.0052,8367.0,10110.0,RED_TOP_JUNGLE,support_dead_with_xy
EUW1_7696123163,100,9,9.004416666666666,606.0,480.0,BLUE_BASE,support_in_base
EUW1_7696124237,100,8,8.003866666666667,12493.0,1366.0,BOT_LANE_CORE,support_dead_with_xy
EUW1_7696124237,100,11,11.004916666666666,2006.0,708.0,BLUE_BASE,support_in_base
EUW1_7696124237,200,6,6.00345,14230.0,12897.0,RED_BASE,support_in_base
EUW1_7696124440,200,5,5.003033333333334,14161.0,12815.0,RED_BASE,support_in_base
EUW1_7696124493,200,6,6.0031,8966.0,2219.0,BOT_SIDE_NEAR,support_dead_with_xy
EUW1_7696124655,100,11,11.004583333333333,398.0,488.0,BLUE_BASE,support_in_base
EUW1_7696124655,200,11,11.004583333333333,14340.0,14391.0,RED_BASE,support_in_base
EUW1_7696125560,100,11,11.004133333333334,3704.0,821.0,BLUE_BASE,support_in_base
EUW1_7696125766,100,9,9.00265,4916.0,9346.0,TOP_SIDE_NEAR,support_dead_with_xy
EUW1_7696125766,200,8,8.0024,14225.0,14032.0,RED_BASE,support_in_base
EUW1_7696126284,100,11,11.004566666666667,12926.0,4259.0,BOT_SIDE_NEAR,support_dead_with_xy
EUW1_7696126284,200,8,8.003766666666667,13598.0,3071.0,BOT_LANE_CORE,support_dead_with_xy
EUW1_7696126284,200,11,11.004566666666667,13092.0,4836.0,BOT_LANE_CORE,support_dead_with_xy
EUW1_7696127610,200,11,11.003533333333333,12504.0,1448.0,BOT_LANE_CORE,support_dead_with_xy
EUW1_7696128159,100,6,6.0013,1781.0,707.0,BLUE_BASE,support_in_base
EUW1_7696128159,200,10,10.004066666666667,13063.0,4306.0,BOT_LANE_CORE,support_dead_with_xy
EUW1_7696129842,100,9,9.003683333333333,2377.0,1120.0,BLUE_BASE,support_in_base
EUW1_7696130447,100,11,11.004633333333333,2224.0,1596.0,BLUE_BASE,support_in_base
EUW1_7696131053,200,7,7.0012,14081.0,4436.0,BOT_LANE_CORE,support_dead_with_xy
EUW1_7696131683,200,6,6.00145,9889.0,961.0,BOT_LANE_CORE,support_dead_with_xy
EUW1_7696131683,200,8,8.00345,7962.0,6922.0,MID_LANE,support_dead_with_xy
EUW1_7696132424,100,8,8.00365,1833.0,600.0,BLUE_BASE,support_in_base
EUW1_7696132424,100,11,11.00435,11454.0,1641.0,BOT_LANE_CORE,support_dead_with_xy
EUW1_7696132424,200,10,10.0042,14259.0,13463.0,RED_BASE,support_in_base
EUW1_7696132806,200,10,10.004816666666667,14340.0,14391.0,RED_BASE,support_in_base
EUW1_7696132950,100,6,6.00295,1412.0,854.0,BLUE_BASE,support_in_base
EUW1_7696132950,100,7,7.003566666666667,889.0,615.0,BLUE_BASE,support_in_base
EUW1_7696132950,100,9,9.004283333333333,1170.0,601.0,BLUE_BASE,support_in_base
EUW1_7696133382,200,5,5.002883333333333,13333.0,11052.0,RED_BASE,support_in_base
EUW1_7696133382,200,7,7.003716666666667,14340.0,14391.0,RED_BASE,support_in_base
EUW1_7696133629,100,9,9.00365,3455.0,826.0,BLUE_BASE,support_in_base
EUW1_7696133629,200,7,7.0032,13350.0,10904.0,RED_BASE,support_in_base
EUW1_7696133629,200,9,9.00365,14340.0,14391.0,RED_BASE,support_in_base
EUW1_7696133727,100,8,8.001866666666666,690.0,1090.0,BLUE_BASE,support_in_base
EUW1_7696133727,100,10,10.002583333333334,12398.0,1963.0,BOT_LANE_CORE,support_dead_with_xy
EUW1_7696133727,200,5,5.001033333333333,14071.0,4568.0,BOT_LANE_CORE,support_dead_with_xy
EUW1_7696134342,200,6,6.002583333333333,11631.0,3194.0,BOT_SIDE_NEAR,support_dead_with_xy
EUW1_7696134342,200,8,8.003083333333333,14159.0,11631.0,RED_BASE,support_in_base
EUW1_7696134342,200,10,10.003633333333333,12480.0,3132.0,BOT_LANE_CORE,support_dead_with_xy
EUW1_7696134342,200,11,11.004083333333334,14340.0,14391.0,RED_BASE,support_in_base
EUW1_7696135489,100,5,5.002766666666667,12135.0,1684.0,BOT_LANE_CORE,support_dead_with_xy
EUW1_7696135489,200,11,11.005183333333333,14050.0,4909.0,BOT_LANE_CORE,support_dead_with_xy
EUW1_7696135610,100,5,5.002233333333334,513.0,477.0,BLUE_BASE,support_in_base
EUW1_7696135610,200,5,5.002233333333334,14342.0,14292.0,RED_BASE,support_in_base
EUW1_7696135610,200,9,9.003316666666667,13209.0,1238.0,BOT_LANE_CORE,support_dead_with_xy
EUW1_7696135610,200,11,11.004,12465.0,1250.0,BOT_LANE_CORE,support_dead_with_xy
EUW1_7696135813,100,6,6.0030833333333335,2548.0,2872.0,BLUE_BASE,support_in_base
EUW1_7696135813,100,11,11.004666666666667,12093.0,2267.0,BOT_LANE_CORE,support_dead_with_xy
EUW1_7696136176,200,5,5.00345,13832.0,12171.0,RED_BASE,support_in_base
EUW1_7696136176,200,7,7.004083333333333,13171.0,5206.0,BOT_LANE_CORE,support_dead_with_xy
EUW1_7696136365,100,6,6.00295,394.0,461.0,BLUE_BASE,support_in_base
EUW1_7696136365,200,7,7.003633333333333,14179.0,13491.0,RED_BASE,support_in_base
EUW1_7696136560,100,11,11.003583333333333,10785.0,955.0,BOT_LANE_CORE,support_dead_with_xy
EUW1_7696136560,200,7,7.002583333333333,13966.0,4261.0,BOT_LANE_CORE,support_dead_with_xy
EUW1_7696136608,200,7,7.00355,13373.0,12428.0,RED_BASE,support_in_base
EUW1_7696137144,100,9,9.004183333333334,12818.0,3937.0,BOT_SIDE_NEAR,support_dead_with_xy
EUW1_7696137550,100,9,9.004633333333333,394.0,461.0,BLUE_BASE,support_in_base
EUW1_7696137767,100,11,11.004733333333334,1539.0,1163.0,BLUE_BASE,support_in_base
EUW1_7696137767,200,5,5.0030166666666664,14306.0,13980.0,RED_BASE,support_in_base
EUW1_7696137767,200,11,11.004733333333334,14113.0,12208.0,RED_BASE,support_in_base
EUW1_7696138217,100,7,7.00295,3082.0,835.0,BLUE_BASE,support_in_base
EUW1_7696138217,200,5,5.0023333333333335,13217.0,12819.0,RED_BASE,support_in_base
EUW1_7696138217,200,9,9.003533333333333,13742.0,13932.0,RED_BASE,support_in_base
EUW1_7696138617,100,6,6.0032,394.0,461.0,BLUE_BASE,support_in_base
EUW1_7696138617,200,8,8.003866666666667,13231.0,3904.0,BOT_LANE_CORE,support_dead_with_xy
EUW1_7696138617,200,10,10.0046,14340.0,14391.0,RED_BASE,support_in_base
EUW1_7696141173,100,5,5.003116666666667,1706.0,10623.0,TOP_LANE_CORE,support_dead_with_xy
EUW1_7696142389,200,7,7.00385,14106.0,12058.0,RED_BASE,support_in_base
EUW1_7696142389,200,9,9.004316666666666,10985.0,1941.0,BOT_LANE_CORE,support_dead_with_xy
EUW1_7696142881,200,6,6.00305,14167.0,13574.0,RED_BASE,support_in_base
EUW1_7696142883,100,9,9.001633333333332,893.0,716.0,BLUE_BASE,support_in_base
EUW1_7696142883,200,8,8.001383333333333,10299.0,6642.0,RED_BOT_JUNGLE,support_dead_with_xy
EUW1_7696143651,100,6,6.003033333333334,3444.0,831.0,BLUE_BASE,support_in_base
EUW1_7696143651,100,9,9.003683333333333,12075.0,1713.0,BOT_LANE_CORE,support_dead_with_xy
EUW1_7696143651,200,8,8.003583333333333,11796.0,12689.0,RED_BASE,support_in_base
EUW1_7696144030,200,8,8.003633333333333,13864.0,11255.0,RED_BASE,support_in_base
EUW1_7696144161,100,6,6.002266666666666,394.0,461.0,BLUE_BASE,support_in_base
EUW1_7696144875,200,9,9.0032,9877.0,2469.0,BOT_SIDE_NEAR,support_dead_with_xy
EUW1_7696144949,100,9,9.004616666666667,1537.0,1783.0,BLUE_BASE,support_in_base
EUW1_7696144949,200,5,5.003066666666666,14109.0,13854.0,RED_BASE,support_in_base
EUW1_7696145103,100,5,5.0033666666666665,1601.0,643.0,BLUE_BASE,support_in_base
EUW1_7696145103,100,9,9.004616666666667,2542.0,786.0,BLUE_BASE,support_in_base
EUW1_7696145103,100,10,10.004883333333334,744.0,499.0,BLUE_BASE,support_in_base
EUW1_7696145103,200,5,5.0033666666666665,14334.0,14362.0,RED_BASE,support_in_base
EUW1_7696145678,100,9,9.00355,835.0,268.0,BLUE_BASE,support_in_base
EUW1_7696146088,100,7,7.002966666666667,3161.0,814.0,BLUE_BASE,support_in_base
EUW1_7696147392,100,5,5.001116666666666,1865.0,582.0,BLUE_BASE,support_in_base
EUW1_7696147392,200,11,11.004116666666667,10540.0,3050.0,BOT_SIDE_NEAR,support_dead_with_xy
EUW1_7696148122,100,10,10.003633333333333,3330.0,846.0,BLUE_BASE,support_in_base
EUW1_7696149111,200,9,9.004133333333334,14084.0,11921.0,RED_BASE,support_in_base
EUW1_7696149111,200,11,11.004633333333333,11920.0,1244.0,BOT_LANE_CORE,support_dead_with_xy
EUW1_7696149543,100,6,6.00335,10528.0,1240.0,BOT_LANE_CORE,support_dead_with_xy
EUW1_7696149543,200,9,9.0042,14340.0,14391.0,RED_BASE,support_in_base
EUW1_7696149940,200,9,9.004016666666667,14284.0,13743.0,RED_BASE,support_in_base
EUW1_7696150499,200,7,7.0036,13822.0,12839.0,RED_BASE,support_in_base
EUW1_7696150499,200,9,9.004216666666666,13397.0,6970.0,BOT_LANE_CORE,support_dead_with_xy
EUW1_7696150712,200,9,9.002833333333333,13433.0,2512.0,BOT_LANE_CORE,support_dead_with_xy
EUW1_7696150890,100,6,6.001083333333334,12317.0,1660.0,BOT_LANE_CORE,support_dead_with_xy
EUW1_7696150890,100,9,9.003583333333333,1096.0,625.0,BLUE_BASE,support_in_base
EUW1_7696151218,200,8,8.003766666666667,13954.0,11817.0,RED_BASE,support_in_base
EUW1_7696152161,100,8,8.0032,868.0,540.0,BLUE_BASE,support_in_base
EUW1_7696152161,100,11,11.004366666666666,394.0,461.0,BLUE_BASE,support_in_base
EUW1_7696152161,200,5,5.002566666666667,13826.0,13969.0,RED_BASE,support_in_base
EUW1_7696152161,200,11,11.004366666666666,14045.0,14127.0,RED_BASE,support_in_base
EUW1_7696152725,100,11,11.002116666666666,9867.0,5282.0,DRAGON_AREA,support_dead_with_xy
EUW1_7696153179,100,5,5.0029,1386.0,546.0,BLUE_BASE,support_in_base
EUW1_7696153179,100,11,11.0045,588.0,551.0,BLUE_BASE,support_in_base
EUW1_7696153441,100,10,10.001916666666666,1146.0,1512.0,BLUE_BASE,support_in_base
EUW1_7696153495,100,5,5.000816666666666,3595.0,1000.0,BLUE_BASE,support_in_base
EUW1_7696153495,200,11,11.003766666666667,14222.0,14221.0,RED_BASE,support_in_base
EUW1_7696153949,100,6,6.00345,2050.0,601.0,BLUE_BASE,support_in_base
EUW1_7696154221,100,11,11.004216666666666,8188.0,5732.0,BLUE_BOT_JUNGLE,support_dead_with_xy
EUW1_7696154221,200,7,7.0031,14340.0,14391.0,RED_BASE,support_in_base
EUW1_7696154433,100,11,11.004166666666666,1485.0,611.0,BLUE_BASE,support_in_base
EUW1_7696154811,100,5,5.002633333333334,11508.0,1650.0,BOT_LANE_CORE,support_dead_with_xy
EUW1_7696154811,200,8,8.003416666666666,14035.0,11695.0,RED_BASE,support_in_base
EUW1_7696154811,200,9,9.003816666666667,9836.0,1159.0,BOT_LANE_CORE,support_dead_with_xy
EUW1_7696154811,200,11,11.004133333333334,8055.0,867.0,BOT_LANE_CORE,support_dead_with_xy
EUW1_7696157793,200,10,10.004233333333334,9475.0,890.0,BOT_LANE_CORE,support_dead_with_xy
EUW1_7696158256,100,8,8.003816666666667,694.0,629.0,BLUE_BASE,support_in_base
EUW1_7696158256,200,8,8.003816666666667,14228.0,13697.0,RED_BASE,support_in_base
EUW1_7696158448,100,6,6.002683333333334,14048.0,7871.0,BOT_LANE_CORE,support_dead_with_xy
EUW1_7696158448,100,10,10.004016666666667,7999.0,5312.0,BLUE_BOT_JUNGLE,support_dead_with_xy
EUW1_7696158531,100,8,8.003916666666667,566.0,501.0,BLUE_BASE,support_in_base
EUW1_7696158531,100,9,9.004133333333334,11487.0,1257.0,BOT_LANE_CORE,support_dead_with_xy
EUW1_7696158531,100,11,11.0048,3674.0,679.0,BLUE_BASE,support_in_base
EUW1_7696158695,200,8,8.003283333333334,14150.0,13774.0,RED_BASE,support_in_base
EUW1_7696159265,100,6,6.003616666666667,2632.0,641.0,BLUE_BASE,support_in_base
EUW1_7696159265,100,11,11.0046,9156.0,1752.0,BOT_LANE_CORE,support_dead_with_xy
EUW1_7696159265,200,10,10.004383333333333,11636.0,2162.0,BOT_SIDE_NEAR,support_dead_with_xy
EUW1_7696159987,100,8,8.003683333333333,3279.0,975.0,BLUE_BASE,support_in_base
EUW1_7696159987,200,7,7.003633333333333,13544.0,4007.0,BOT_LANE_CORE,support_dead_with_xy
EUW1_7696160061,200,5,5.003,13566.0,2268.0,BOT_LANE_CORE,support_dead_with_xy
EUW1_7696160489,100,7,7.003133333333333,9970.0,3154.0,BOT_SIDE_NEAR,support_dead_with_xy
EUW1_7696160489,100,9,9.003383333333334,394.0,461.0,BLUE_BASE,support_in_base
EUW1_7696160489,100,11,11.003966666666667,10639.0,873.0,BOT_LANE_CORE,support_dead_with_xy
EUW1_7696160489,200,5,5.0027333333333335,14340.0,14391.0,RED_BASE,support_in_base
EUW1_7696160685,200,7,7.003116666666667,14273.0,13916.0,RED_BASE,support_in_base
EUW1_7696160685,200,9,9.003666666666666,13130.0,4086.0,BOT_LANE_CORE,support_dead_with_xy
EUW1_7696160982,100,8,8.003983333333334,9485.0,6026.0,RIVER_BOT,support_dead_with_xy
EUW1_7696160982,100,11,11.004616666666667,5478.0,8350.0,RIVER_TOP,support_dead_with_xy
EUW1_7696161832,100,8,8.004766666666667,1986.0,784.0,BLUE_BASE,support_in_base
EUW1_7696161832,200,5,5.003783333333334,9814.0,2655.0,BOT_SIDE_NEAR,support_dead_with_xy
EUW1_7696161903,100,8,8.002516666666667,13280.0,3854.0,BOT_LANE_CORE,support_dead_with_xy
EUW1_7696161996,100,6,6.003666666666667,2434.0,702.0,BLUE_BASE,support_in_base
EUW1_7696161996,100,9,9.004583333333333,11806.0,2542.0,BOT_SIDE_NEAR,support_dead_with_xy
EUW1_7696162601,100,5,5.0030166666666664,1491.0,752.0,BLUE_BASE,support_in_base
EUW1_7696162601,200,6,6.003316666666667,13829.0,14098.0,RED_BASE,support_in_base
EUW1_7696163469,100,6,6.003166666666667,11685.0,1889.0,BOT_LANE_CORE,support_dead_with_xy
EUW1_7696163469,200,9,9.003616666666666,14318.0,13454.0,RED_BASE,support_in_base
EUW1_7696164032,200,7,7.00425,14118.0,13509.0,RED_BASE,support_in_base
EUW1_7696164032,200,9,9.00525,13648.0,13905.0,RED_BASE,support_in_base
EUW1_7696164734,100,7,7.00345,2088.0,896.0,BLUE_BASE,support_in_base
EUW1_7696164734,100,10,10.00425,394.0,461.0,BLUE_BASE,support_in_base
EUW1_7696164734,200,10,10.00425,14340.0,14391.0,RED_BASE,support_in_base
EUW1_7696166988,200,7,7.00295,13211.0,12401.0,RED_BASE,support_in_base
EUW1_7696166988,200,8,8.003083333333333,9780.0,6677.0,RED_BOT_JUNGLE,support_dead_with_xy
EUW1_7696167182,200,10,10.00405,13701.0,11975.0,RED_BASE,support_in_base
EUW1_7696167182,200,11,11.004433333333333,14308.0,14124.0,RED_BASE,support_in_base
EUW1_7696167559,200,8,8.0045,14180.0,13756.0,RED_BASE,support_in_base
EUW1_7696167559,200,10,10.004666666666667,13776.0,3323.0,BOT_LANE_CORE,support_dead_with_xy
EUW1_7696167606,100,6,6.00255,11064.0,4528.0,BOT_SIDE_NEAR,support_dead_with_xy
EUW1_7696167606,100,8,8.003366666666667,8996.0,1565.0,BOT_LANE_CORE,support_dead_with_xy
EUW1_7696167606,200,7,7.002883333333333,10767.0,1870.0,BOT_LANE_CORE,support_dead_with_xy
EUW1_7696168607,100,5,5.00075,1548.0,1054.0,BLUE_BASE,support_in_base
EUW1_7696168607,200,5,5.00075,14340.0,14391.0,RED_BASE,support_in_base
EUW1_7696168758,100,7,7.00355,12964.0,3350.0,BOT_LANE_CORE,support_dead_with_xy
EUW1_7696168758,100,9,9.00455,12781.0,2394.0,BOT_LANE_CORE,support_dead_with_xy
EUW1_7696168758,100,10,10.004566666666667,13696.0,3194.0,BOT_LANE_CORE,support_dead_with_xy
EUW1_7696168758,200,5,5.003116666666667,11108.0,4736.0,BOT_SIDE_NEAR,support_dead_with_xy
EUW1_7696169146,100,5,5.002966666666667,2223.0,805.0,BLUE_BASE,support_in_base
EUW1_7696169460,100,10,10.004316666666666,10923.0,4728.0,BOT_SIDE_NEAR,support_dead_with_xy
EUW1_7696169460,200,7,7.003783333333334,13903.0,13269.0,RED_BASE,support_in_base
EUW1_7696169869,100,8,8.0037,13076.0,3684.0,BOT_LANE_CORE,support_dead_with_xy
EUW1_7696169869,100,9,9.004033333333334,1188.0,1814.0,BLUE_BASE,support_in_base
EUW1_7696169869,200,11,11.0049,13179.0,4681.0,BOT_LANE_CORE,support_dead_with_xy
EUW1_7696170010,100,7,7.00275,1657.0,588.0,BLUE_BASE,support_in_base
EUW1_7696170010,100,9,9.003166666666667,12934.0,2654.0,BOT_LANE_CORE,support_dead_with_xy
EUW1_7696171987,100,6,6.0033,1600.0,672.0,BLUE_BASE,support_in_base
EUW1_7696171987,200,6,6.0033,14002.0,13510.0,RED_BASE,support_in_base
EUW1_7696172329,100,9,9.004333333333333,3866.0,10354.0,TOP_SIDE_NEAR,support_dead_with_xy
EUW1_7696172329,200,5,5.002966666666667,14340.0,14391.0,RED_BASE,support_in_base
EUW1_7696172329,200,8,8.0038,13172.0,13782.0,RED_BASE,support_in_base
EUW1_7696172329,200,9,9.004333333333333,2272.0,9634.0,TOP_SIDE_NEAR,support_dead_with_xy
EUW1_7696172482,100,11,11.0044,10331.0,5583.0,BOT_SIDE_NEAR,support_dead_with_xy
EUW1_7696172482,200,9,9.004116666666667,4602.0,10420.0,BARON_GRUBS_HERALD_AREA,support_dead_with_xy
EUW1_7696172482,200,10,10.004266666666666,13215.0,3637.0,BOT_LANE_CORE,support_dead_with_xy
EUW1_7696172609,100,9,9.004233333333334,394.0,461.0,BLUE_BASE,support_in_base
EUW1_7696172609,200,6,6.0032,14003.0,12205.0,RED_BASE,support_in_base
EUW1_7696172609,200,9,9.004233333333334,13766.0,13382.0,RED_BASE,support_in_base
EUW1_7696173245,200,10,10.004683333333332,8447.0,5678.0,RIVER_BOT,support_dead_with_xy
EUW1_7696173245,200,11,11.004866666666667,2757.0,7380.0,BLUE_TOP_JUNGLE,support_dead_with_xy
EUW1_7696173442,100,10,10.003933333333332,8030.0,3378.0,BLUE_BOT_JUNGLE,support_dead_with_xy
EUW1_7696173442,200,6,6.0028,14079.0,12638.0,RED_BASE,support_in_base
EUW1_7696173442,200,8,8.00325,12191.0,1268.0,BOT_LANE_CORE,support_dead_with_xy
EUW1_7696174019,100,8,8.003416666666666,11869.0,3711.0,BOT_SIDE_NEAR,support_dead_with_xy
EUW1_7696174019,200,8,8.003416666666666,14340.0,14391.0,RED_BASE,support_in_base
EUW1_7696174019,200,11,11.00445,14132.0,14276.0,RED_BASE,support_in_base
EUW1_7696174525,100,8,8.003733333333333,3453.0,779.0,BLUE_BASE,support_in_base
EUW1_7696174525,200,10,10.004433333333333,12210.0,4470.0,BOT_SIDE_NEAR,support_dead_with_xy
EUW1_7696174673,100,8,8.002183333333333,987.0,971.0,BLUE_BASE,support_in_base
EUW1_7696174673,100,9,9.0022,394.0,461.0,BLUE_BASE,support_in_base
EUW1_7696174886,100,7,7.002,2437.0,1786.0,BLUE_BASE,support_in_base
EUW1_7696174886,100,10,10.0041,11633.0,1491.0,BOT_LANE_CORE,support_dead_with_xy
EUW1_7696174886,200,10,10.0041,12008.0,1585.0,BOT_LANE_CORE,support_dead_with_xy
EUW1_7696175464,100,5,5.003516666666667,13231.0,2212.0,BOT_LANE_CORE,support_dead_with_xy
EUW1_7696175743,100,6,6.003433333333334,2561.0,1960.0,BLUE_BASE,support_in_base
EUW1_7696175827,100,6,6.003783333333334,1573.0,1007.0,BLUE_BASE,support_in_base
EUW1_7696176414,200,7,7.0014,13677.0,12229.0,RED_BASE,support_in_base
EUW1_7696176414,200,11,11.0018,14124.0,14059.0,RED_BASE,support_in_base
EUW1_7696176885,200,10,10.003333333333334,14221.0,14175.0,RED_BASE,support_in_base
EUW1_7696177271,100,5,5.0027333333333335,891.0,593.0,BLUE_BASE,support_in_base
EUW1_7696177271,200,5,5.0027333333333335,14327.0,14335.0,RED_BASE,support_in_base
EUW1_7696177271,200,8,8.00375,13796.0,14025.0,RED_BASE,support_in_base
EUW1_7696177271,200,9,9.004216666666666,3311.0,13879.0,TOP_LANE_CORE,support_dead_with_xy
EUW1_7696177384,100,5,5.003383333333334,2568.0,2729.0,BLUE_BASE,support_in_base
EUW1_7696177384,100,11,11.005216666666668,418.0,472.0,BLUE_BASE,support_in_base
EUW1_7696177384,200,9,9.004716666666667,11431.0,3100.0,BOT_SIDE_NEAR,support_dead_with_xy
EUW1_7696177527,200,10,10.005183333333333,11603.0,3456.0,BOT_SIDE_NEAR,support_dead_with_xy
EUW1_7696177731,100,10,10.0037,394.0,461.0,BLUE_BASE,support_in_base
EUW1_7696177873,100,7,7.0034833333333335,2839.0,810.0,BLUE_BASE,support_in_base
EUW1_7696177958,100,7,7.003466666666666,791.0,645.0,BLUE_BASE,support_in_base
EUW1_7696177958,200,7,7.003466666666666,13185.0,11623.0,RED_BASE,support_in_base
EUW1_7696177958,200,11,11.004516666666667,13360.0,13796.0,RED_BASE,support_in_base
EUW1_7696178073,200,8,8.0049,14023.0,4090.0,BOT_LANE_CORE,support_dead_with_xy
EUW1_7696178073,200,10,10.005683333333334,13035.0,11219.0,RED_BASE,support_in_base
EUW1_7696178179,100,11,11.006,1249.0,617.0,BLUE_BASE,support_in_base
EUW1_7696178179,200,5,5.001366666666667,14086.0,12242.0,RED_BASE,support_in_base
EUW1_7696178190,200,8,8.0035,12538.0,13323.0,RED_BASE,support_in_base
EUW1_7696178563,100,6,6.00195,3549.0,811.0,BLUE_BASE,support_in_base
EUW1_7696179711,200,6,6.002716666666666,12240.0,2432.0,BOT_LANE_CORE,support_dead_with_xy
EUW1_7696180412,200,7,7.00155,14558.0,14316.0,RED_BASE,support_in_base
EUW1_7696180455,100,5,5.002766666666667,1895.0,1266.0,BLUE_BASE,support_in_base
EUW1_7696180455,100,6,6.003,12781.0,1311.0,BOT_LANE_CORE,support_dead_with_xy
EUW1_7696180455,100,10,10.003866666666667,10353.0,1504.0,BOT_LANE_CORE,support_dead_with_xy
EUW1_7696180938,200,5,5.003266666666667,13493.0,12067.0,RED_BASE,support_in_base
EUW1_7696180938,200,8,8.00445,13396.0,11445.0,RED_BASE,support_in_base
EUW1_7696181274,100,5,5.002433333333333,394.0,461.0,BLUE_BASE,support_in_base
EUW1_7696181274,100,8,8.0032,9990.0,1596.0,BOT_LANE_CORE,support_dead_with_xy
EUW1_7696181583,200,7,7.003166666666667,14112.0,14212.0,RED_BASE,support_in_base
EUW1_7696181583,200,8,8.00365,14340.0,14391.0,RED_BASE,support_in_base
EUW1_7696182512,100,6,6.0032,9321.0,3520.0,BOT_SIDE_NEAR,support_dead_with_xy
EUW1_7696182512,100,10,10.003983333333334,11166.0,1340.0,BOT_LANE_CORE,support_dead_with_xy
EUW1_7696182512,200,8,8.003266666666667,13915.0,3623.0,BOT_LANE_CORE,support_dead_with_xy
EUW1_7696182877,100,7,7.00365,13183.0,3404.0,BOT_LANE_CORE,support_dead_with_xy
EUW1_7696182877,200,7,7.00365,13273.0,3717.0,BOT_LANE_CORE,support_dead_with_xy
EUW1_7696183095,200,9,9.004483333333333,13397.0,11513.0,RED_BASE,support_in_base
EUW1_7696183311,100,6,6.00115,1849.0,1161.0,BLUE_BASE,support_in_base
EUW1_7696184088,100,8,8.004733333333334,2192.0,1535.0,BLUE_BASE,support_in_base
EUW1_7696184971,100,7,7.0011833333333335,2081.0,679.0,BLUE_BASE,support_in_base
EUW1_7696184971,200,9,9.00385,13046.0,1915.0,BOT_LANE_CORE,support_dead_with_xy
EUW1_7696185533,200,7,7.003433333333334,14046.0,4845.0,BOT_LANE_CORE,support_dead_with_xy
EUW1_7696185533,200,11,11.004483333333333,12856.0,6080.0,BOT_SIDE_NEAR,support_dead_with_xy
EUW1_7696185783,200,10,10.00445,10770.0,1984.0,BOT_SIDE_NEAR,support_dead_with_xy
EUW1_7696185939,100,8,8.003616666666666,425.0,522.0,BLUE_BASE,support_in_base
EUW1_7696185939,200,9,9.004233333333334,13181.0,13602.0,RED_BASE,support_in_base
EUW1_7696185939,200,11,11.005066666666666,14149.0,14057.0,RED_BASE,support_in_base
EUW1_7696186154,100,9,9.003766666666667,2258.0,706.0,BLUE_BASE,support_in_base
EUW1_7696186154,100,10,10.004133333333334,13850.0,3412.0,BOT_LANE_CORE,support_dead_with_xy
EUW1_7696186913,100,5,5.00315,13219.0,2743.0,BOT_LANE_CORE,support_dead_with_xy
EUW1_7696186913,100,10,10.005283333333333,3707.0,804.0,BLUE_BASE,support_in_base
EUW1_7696186913,200,7,7.0039,13143.0,2029.0,BOT_LANE_CORE,support_dead_with_xy
EUW1_7696186939,100,5,5.0036,1047.0,525.0,BLUE_BASE,support_in_base
EUW1_7696186939,100,10,10.00465,2792.0,1898.0,BLUE_BASE,support_in_base
EUW1_7696186939,200,6,6.003783333333334,11420.0,4702.0,BOT_SIDE_NEAR,support_dead_with_xy
EUW1_7696186939,200,10,10.00465,14056.0,13538.0,RED_BASE,support_in_base
EUW1_7696187330,200,6,6.0008,13648.0,3520.0,BOT_LANE_CORE,support_dead_with_xy
EUW1_7696187330,200,9,9.0014,13682.0,14048.0,RED_BASE,support_in_base
EUW1_7696188285,100,5,5.0030833333333335,814.0,705.0,BLUE_BASE,support_in_base
EUW1_7696188285,100,6,6.00355,2195.0,1583.0,BLUE_BASE,support_in_base
EUW1_7696188957,100,7,7.0034833333333335,10559.0,1298.0,BOT_LANE_CORE,support_dead_with_xy
EUW1_7696188957,200,10,10.004433333333333,13999.0,11405.0,RED_BASE,support_in_base
EUW1_7696189072,100,9,9.002983333333333,13138.0,2441.0,BOT_LANE_CORE,support_dead_with_xy
EUW1_7696189072,200,9,9.002983333333333,13139.0,3270.0,BOT_LANE_CORE,support_dead_with_xy
EUW1_7696189603,200,9,9.003983333333334,11412.0,946.0,BOT_LANE_CORE,support_dead_with_xy
EUW1_7696189793,100,5,5.00275,13625.0,3091.0,BOT_LANE_CORE,support_dead_with_xy
EUW1_7696189793,200,6,6.002816666666667,8677.0,6325.0,RIVER_BOT,support_dead_with_xy
EUW1_7696189854,100,7,7.003233333333333,804.0,669.0,BLUE_BASE,support_in_base
EUW1_7696190232,200,5,5.003,13903.0,11232.0,RED_BASE,support_in_base
EUW1_7696190521,100,6,6.003166666666667,8410.0,5719.0,RIVER_BOT,support_dead_with_xy
EUW1_7696190521,100,10,10.004066666666667,8904.0,5437.0,BOT_SIDE_NEAR,support_dead_with_xy
EUW1_7696190665,100,11,11.004533333333333,8332.0,1699.0,BOT_LANE_CORE,support_dead_with_xy
EUW1_7696191124,200,6,6.002483333333333,10106.0,5827.0,BOT_SIDE_NEAR,support_dead_with_xy
EUW1_7696191124,200,7,7.002983333333333,10910.0,1982.0,BOT_SIDE_NEAR,support_dead_with_xy
EUW1_7696192708,100,6,6.003666666666667,10136.0,1226.0,BOT_LANE_CORE,support_dead_with_xy
EUW1_7696192811,100,11,11.0041,11962.0,2145.0,BOT_LANE_CORE,support_dead_with_xy
EUW1_7696192996,100,6,6.002866666666667,753.0,643.0,BLUE_BASE,support_in_base
EUW1_7696192996,200,8,8.003066666666667,13015.0,11785.0,RED_BASE,support_in_base
EUW1_7696193299,100,5,5.002783333333333,3596.0,794.0,BLUE_BASE,support_in_base
EUW1_7696193299,200,5,5.002783333333333,14007.0,11590.0,RED_BASE,support_in_base
EUW1_7696193299,200,9,9.004066666666667,13861.0,11858.0,RED_BASE,support_in_base
EUW1_7696193390,200,10,10.004533333333333,14167.0,12624.0,RED_BASE,support_in_base
EUW1_7696194460,100,6,6.0037666666666665,394.0,461.0,BLUE_BASE,support_in_base
EUW1_7696194460,200,9,9.004833333333334,7891.0,9991.0,RED_TOP_JUNGLE,support_dead_with_xy
EUW1_7696195554,100,9,9.004216666666666,879.0,1387.0,BLUE_BASE,support_in_base
EUW1_7696195554,100,10,10.0045,1567.0,937.0,BLUE_BASE,support_in_base
EUW1_7696195554,200,10,10.0045,14178.0,12809.0,RED_BASE,support_in_base
EUW1_7696195958,200,6,6.002916666666667,14337.0,14295.0,RED_BASE,support_in_base
EUW1_7696195958,200,9,9.003183333333334,13983.0,12605.0,RED_BASE,support_in_base
EUW1_7696196457,100,6,6.00265,10030.0,1170.0,BOT_LANE_CORE,support_dead_with_xy
EUW1_7696196457,100,10,10.003983333333334,11227.0,1035.0,BOT_LANE_CORE,support_dead_with_xy
EUW1_7696196457,200,6,6.00265,13460.0,12775.0,RED_BASE,support_in_base
EUW1_7696196457,200,10,10.003983333333334,13291.0,3517.0,BOT_LANE_CORE,support_dead_with_xy
EUW1_7696196537,100,8,8.00405,2845.0,740.0,BLUE_BASE,support_in_base
EUW1_7696196537,200,6,6.003416666666666,12067.0,4371.0,BOT_SIDE_NEAR,support_dead_with_xy
EUW1_7696196557,100,5,5.002983333333333,809.0,601.0,BLUE_BASE,support_in_base
EUW1_7696196557,100,9,9.004783333333334,10712.0,3211.0,BOT_SIDE_NEAR,support_dead_with_xy
EUW1_7696196557,200,9,9.004783333333334,12662.0,1528.0,BOT_LANE_CORE,support_dead_with_xy
EUW1_7696196636,100,5,5.002833333333333,2674.0,2049.0,BLUE_BASE,support_in_base
EUW1_7696196636,100,7,7.0033666666666665,1518.0,1155.0,BLUE_BASE,support_in_base
EUW1_7696196636,100,8,8.003533333333333,1198.0,529.0,BLUE_BASE,support_in_base
EUW1_7696196636,100,11,11.0037,9897.0,3029.0,BOT_SIDE_NEAR,support_dead_with_xy
EUW1_7696197554,100,5,5.003433333333334,2073.0,712.0,BLUE_BASE,support_in_base
EUW1_7696198129,200,8,8.003483333333334,14431.0,14366.0,RED_BASE,support_in_base
EUW1_7696198129,200,9,9.0039,13563.0,13013.0,RED_BASE,support_in_base
EUW1_7696198323,100,7,7.00355,11772.0,1718.0,BOT_LANE_CORE,support_dead_with_xy
EUW1_7696198323,200,6,6.003116666666667,14011.0,5217.0,BOT_LANE_CORE,support_dead_with_xy
EUW1_7696198323,200,7,7.00355,11839.0,1934.0,BOT_LANE_CORE,support_dead_with_xy
EUW1_7696198804,200,11,11.00465,12003.0,12598.0,RED_BASE,support_in_base
EUW1_7696198917,100,9,9.00465,3488.0,10208.0,TOP_SIDE_NEAR,support_dead_with_xy
EUW1_7696198917,200,6,6.004133333333334,14340.0,14391.0,RED_BASE,support_in_base
EUW1_7696198937,200,8,8.003383333333334,14340.0,14391.0,RED_BASE,support_in_base
EUW1_7696198937,200,11,11.004466666666668,11824.0,13892.0,RED_BASE,support_in_base
EUW1_7696199009,100,9,9.00405,1497.0,307.0,BLUE_BASE,support_in_base
EUW1_7696199009,200,9,9.00405,13924.0,13293.0,RED_BASE,support_in_base
EUW1_7696199051,100,6,6.0027,9971.0,926.0,BOT_LANE_CORE,support_dead_with_xy
EUW1_7696199051,200,10,10.004466666666668,5057.0,6078.0,BLUE_TOP_JUNGLE,support_dead_with_xy
EUW1_7696199051,200,11,11.004633333333333,8470.0,9050.0,MID_LANE,support_dead_with_xy
EUW1_7696199263,200,6,6.003216666666667,13063.0,11365.0,RED_BASE,support_in_base
EUW1_7696199320,100,8,8.003933333333332,10498.0,1198.0,BOT_LANE_CORE,support_dead_with_xy
EUW1_7696199320,200,5,5.003,13297.0,12183.0,RED_BASE,support_in_base
EUW1_7696199375,200,11,11.0042,14054.0,12768.0,RED_BASE,support_in_base
EUW1_7696199880,200,8,8.0014,14113.0,12288.0,RED_BASE,support_in_base
EUW1_7696199880,200,11,11.004083333333334,12719.0,1404.0,BOT_LANE_CORE,support_dead_with_xy
EUW1_7696199940,100,9,9.00345,394.0,461.0,BLUE_BASE,support_in_base
EUW1_7696199940,100,11,11.004316666666666,10866.0,3290.0,BOT_SIDE_NEAR,support_dead_with_xy
EUW1_7696199940,200,9,9.00345,12994.0,3174.0,BOT_LANE_CORE,support_dead_with_xy
EUW1_7696200135,200,9,9.003533333333333,13648.0,3188.0,BOT_LANE_CORE,support_dead_with_xy
EUW1_7696200646,100,8,8.003883333333333,1519.0,557.0,BLUE_BASE,support_in_base
EUW1_7696200646,200,8,8.003883333333333,13616.0,14186.0,RED_BASE,support_in_base
EUW1_7696201138,200,6,6.00405,13955.0,4355.0,BOT_LANE_CORE,support_dead_with_xy
EUW1_7696201453,100,10,10.00435,13200.0,3815.0,BOT_LANE_CORE,support_dead_with_xy
EUW1_7696201453,200,5,5.0011833333333335,14340.0,14391.0,RED_BASE,support_in_base
EUW1_7696201478,100,8,8.003933333333332,14088.0,6415.0,BOT_LANE_CORE,support_dead_with_xy
EUW1_7696201478,100,9,9.004033333333334,5484.0,7067.0,BLUE_TOP_JUNGLE,support_dead_with_xy
EUW1_7696201478,200,6,6.003383333333334,13316.0,11160.0,RED_BASE,support_in_base
EUW1_7696202365,100,10,10.005733333333334,12310.0,2908.0,BOT_LANE_CORE,support_dead_with_xy
EUW1_7696204095,100,7,7.002933333333333,2715.0,736.0,BLUE_BASE,support_in_base
EUW1_7696204623,100,6,6.0028,1308.0,805.0,BLUE_BASE,support_in_base
EUW1_7696204623,200,6,6.0028,14345.0,14116.0,RED_BASE,support_in_base
EUW1_7696204904,100,5,5.002483333333333,12465.0,1249.0,BOT_LANE_CORE,support_dead_with_xy
EUW1_7696204904,100,7,7.003033333333334,2824.0,1129.0,BLUE_BASE,support_in_base
EUW1_7696204904,100,11,11.003833333333333,11417.0,4210.0,BOT_SIDE_NEAR,support_dead_with_xy
EUW1_7696204904,200,7,7.003033333333334,14299.0,11634.0,RED_BASE,support_in_base
EUW1_7696204988,100,10,10.00515,1553.0,731.0,BLUE_BASE,support_in_base
EUW1_7696204988,200,9,9.00485,14040.0,13880.0,RED_BASE,support_in_base
EUW1_7696205819,100,9,9.003316666666667,11670.0,4309.0,BOT_SIDE_NEAR,support_dead_with_xy
EUW1_7696205819,100,10,10.003816666666667,13760.0,4789.0,BOT_LANE_CORE,support_dead_with_xy
EUW1_7696205819,200,6,6.00255,13218.0,2712.0,BOT_LANE_CORE,support_dead_with_xy
EUW1_7696205819,200,9,9.003316666666667,12520.0,5141.0,BOT_SIDE_NEAR,support_dead_with_xy
EUW1_7696206345,200,6,6.0013,14340.0,14391.0,RED_BASE,support_in_base
EUW1_7696206345,200,7,7.003216666666667,11832.0,4197.0,BOT_SIDE_NEAR,support_dead_with_xy
EUW1_7696206935,100,9,9.003783333333333,3479.0,961.0,BLUE_BASE,support_in_base
EUW1_7696206936,100,10,10.00425,1169.0,748.0,BLUE_BASE,support_in_base
EUW1_7696207060,200,11,11.004216666666666,14183.0,13074.0,RED_BASE,support_in_base
EUW1_7696207201,100,9,9.004116666666667,897.0,832.0,BLUE_BASE,support_in_base
EUW1_7696207201,200,8,8.003833333333333,13006.0,13753.0,RED_BASE,support_in_base
EUW1_7696207393,100,9,9.004416666666666,10790.0,935.0,BOT_LANE_CORE,support_dead_with_xy
EUW1_7696207688,100,6,6.0026166666666665,12455.0,1444.0,BOT_LANE_CORE,support_dead_with_xy
EUW1_7696208520,100,9,9.003733333333333,3196.0,1170.0,BLUE_BASE,support_in_base
EUW1_7696208520,200,11,11.004333333333333,12407.0,3068.0,BOT_SIDE_NEAR,support_dead_with_xy
EUW1_7696210104,100,11,11.0049,1185.0,943.0,BLUE_BASE,support_in_base
EUW1_7696210230,200,8,8.00315,14278.0,13426.0,RED_BASE,support_in_base
EUW1_7696210690,100,5,5.002766666666667,1984.0,1014.0,BLUE_BASE,support_in_base
EUW1_7696210690,200,5,5.002766666666667,14294.0,13932.0,RED_BASE,support_in_base
EUW1_7696210782,200,7,7.00385,13921.0,12801.0,RED_BASE,support_in_base
EUW1_7696210782,200,11,11.0051,14061.0,12447.0,RED_BASE,support_in_base
EUW1_7696210884,100,5,5.0011,2442.0,1054.0,BLUE_BASE,support_in_base
EUW1_7696211030,100,8,8.004183333333334,11896.0,4500.0,BOT_SIDE_NEAR,support_dead_with_xy
EUW1_7696211030,200,7,7.003783333333334,13902.0,13586.0,RED_BASE,support_in_base
EUW1_7696211296,100,11,11.005016666666666,10151.0,848.0,BOT_LANE_CORE,support_dead_with_xy
EUW1_7696211448,200,7,7.001,12912.0,2036.0,BOT_LANE_CORE,support_dead_with_xy
EUW1_7696211448,200,8,8.001116666666666,2198.0,13496.0,TOP_LANE_CORE,support_dead_with_xy
EUW1_7696211448,200,10,10.001666666666667,7555.0,5106.0,BLUE_BOT_JUNGLE,support_dead_with_xy
EUW1_7696212110,100,7,7.00285,12919.0,4366.0,BOT_SIDE_NEAR,support_dead_with_xy
EUW1_7696212110,200,7,7.00285,13419.0,4620.0,BOT_LANE_CORE,support_dead_with_xy
EUW1_7696212124,100,9,9.003566666666666,11248.0,4121.0,BOT_SIDE_NEAR,support_dead_with_xy
EUW1_7696212124,100,10,10.0041,6066.0,6250.0,MID_LANE,support_dead_with_xy
EUW1_7696212124,100,11,11.004483333333333,13484.0,2430.0,BOT_LANE_CORE,support_dead_with_xy
EUW1_7696212124,200,9,9.003566666666666,14162.0,12963.0,RED_BASE,support_in_base
EUW1_7696212147,100,8,8.00415,10862.0,1670.0,BOT_LANE_CORE,support_dead_with_xy
EUW1_7696212147,200,10,10.004683333333332,13982.0,12051.0,RED_BASE,support_in_base
EUW1_7696212217,200,10,10.005766666666666,14040.0,11993.0,RED_BASE,support_in_base
EUW1_7696212804,200,6,6.003066666666666,12656.0,12026.0,RED_BASE,support_in_base
EUW1_7696213253,100,10,10.00405,9152.0,3342.0,BOT_SIDE_NEAR,support_dead_with_xy
EUW1_7696213253,100,11,11.00455,10541.0,3138.0,BOT_SIDE_NEAR,support_dead_with_xy
EUW1_7696213253,200,6,6.0033666666666665,10851.0,4686.0,BOT_SIDE_NEAR,support_dead_with_xy
EUW1_7696213253,200,8,8.003466666666666,13970.0,13015.0,RED_BASE,support_in_base
EUW1_7696213379,100,6,6.003316666666667,394.0,461.0,BLUE_BASE,support_in_base
EUW1_7696213379,200,10,10.004383333333333,12725.0,12103.0,RED_BASE,support_in_base
EUW1_7696213501,100,8,8.003566666666666,11985.0,5502.0,BOT_SIDE_NEAR,support_dead_with_xy
EUW1_7696213501,100,9,9.0036,11118.0,3969.0,BOT_SIDE_NEAR,support_dead_with_xy
EUW1_7696213762,100,10,10.004266666666666,9542.0,5371.0,BOT_SIDE_NEAR,support_dead_with_xy
EUW1_7696214214,200,8,8.0015,8604.0,5050.0,BLUE_BOT_JUNGLE,support_dead_with_xy
EUW1_7696214214,200,11,11.0039,12534.0,2368.0,BOT_LANE_CORE,support_dead_with_xy
EUW1_7696215032,100,10,10.004283333333333,10207.0,1047.0,BOT_LANE_CORE,support_dead_with_xy
EUW1_7696215343,100,7,7.00305,394.0,461.0,BLUE_BASE,support_in_base
EUW1_7696215343,200,6,6.0027333333333335,14206.0,14289.0,RED_BASE,support_in_base
EUW1_7696215343,200,11,11.003966666666667,12094.0,2279.0,BOT_LANE_CORE,support_dead_with_xy
EUW1_7696215808,100,9,9.0036,1209.0,866.0,BLUE_BASE,support_in_base
EUW1_7696215808,200,9,9.0036,14278.0,13721.0,RED_BASE,support_in_base
EUW1_7696216026,200,5,5.0033666666666665,13549.0,1272.0,BOT_LANE_CORE,support_dead_with_xy
EUW1_7696216026,200,8,8.0043,13839.0,3722.0,BOT_LANE_CORE,support_dead_with_xy
EUW1_7696216535,100,6,6.0023333333333335,1144.0,802.0,BLUE_BASE,support_in_base
EUW1_7696216748,100,7,7.0038833333333335,1205.0,559.0,BLUE_BASE,support_in_base
EUW1_7696216748,100,8,8.004366666666666,1686.0,1190.0,BLUE_BASE,support_in_base
EUW1_7696216748,200,5,5.003466666666666,14163.0,14044.0,RED_BASE,support_in_base
EUW1_7696216748,200,7,7.0038833333333335,14199.0,14283.0,RED_BASE,support_in_base
EUW1_7696216748,200,8,8.004366666666666,8795.0,6793.0,RIVER_BOT,support_dead_with_xy
EUW1_7696217160,100,9,9.003816666666667,394.0,461.0,BLUE_BASE,support_in_base
EUW1_7696217183,100,11,11.00435,1734.0,1314.0,BLUE_BASE,support_in_base
EUW1_7696217183,200,9,9.003933333333332,13667.0,13050.0,RED_BASE,support_in_base
EUW1_7696218291,200,6,6.003566666666667,14331.0,14208.0,RED_BASE,support_in_base
EUW1_7696218766,200,7,7.003466666666666,14033.0,13469.0,RED_BASE,support_in_base
EUW1_7696219308,100,5,5.000816666666666,1105.0,840.0,BLUE_BASE,support_in_base
EUW1_7696219694,100,5,5.00345,13015.0,3532.0,BOT_LANE_CORE,support_dead_with_xy
EUW1_7696219694,100,10,10.004383333333333,10878.0,5263.0,BOT_SIDE_NEAR,support_dead_with_xy
EUW1_7696219694,200,6,6.0034833333333335,14142.0,12999.0,RED_BASE,support_in_base
EUW1_7696219694,200,9,9.00415,13285.0,13830.0,RED_BASE,support_in_base
EUW1_7696220055,200,10,10.005333333333333,14340.0,14391.0,RED_BASE,support_in_base
EUW1_7696221689,100,6,6.00235,10544.0,851.0,BOT_LANE_CORE,support_dead_with_xy
EUW1_7696221689,200,5,5.002316666666666,13126.0,11232.0,RED_BASE,support_in_base
EUW1_7696221689,200,11,11.003566666666666,12536.0,1423.0,BOT_LANE_CORE,support_dead_with_xy
EUW1_7696222049,100,8,8.003616666666666,394.0,461.0,BLUE_BASE,support_in_base
EUW1_7696222145,100,11,11.005166666666666,8183.0,5141.0,BLUE_BOT_JUNGLE,support_dead_with_xy
EUW1_7696222145,200,6,6.00295,14340.0,14391.0,RED_BASE,support_in_base
EUW1_7696222154,200,5,5.003033333333334,9478.0,5854.0,BOT_SIDE_NEAR,support_dead_with_xy
EUW1_7696222154,200,8,8.0039,12341.0,13119.0,RED_BASE,support_in_base
EUW1_7696222154,200,11,11.00425,14061.0,14322.0,RED_BASE,support_in_base
EUW1_7696222169,100,8,8.0018,945.0,555.0,BLUE_BASE,support_in_base
EUW1_7696222297,200,10,10.005616666666667,13908.0,11028.0,RED_BASE,support_in_base
EUW1_7696222297,200,11,11.005883333333333,11441.0,1869.0,BOT_LANE_CORE,support_dead_with_xy
EUW1_7696222833,200,8,8.003233333333334,11986.0,4842.0,BOT_SIDE_NEAR,support_dead_with_xy
EUW1_7696222845,200,10,10.004116666666667,13127.0,11480.0,RED_BASE,support_in_base
EUW1_7696223460,100,11,11.004133333333334,2258.0,755.0,BLUE_BASE,support_in_base
EUW1_7696223460,200,11,11.004133333333334,14322.0,14154.0,RED_BASE,support_in_base
EUW1_7696224000,100,8,8.003833333333333,680.0,560.0,BLUE_BASE,support_in_base
EUW1_7696225963,100,6,6.002966666666667,11828.0,1981.0,BOT_LANE_CORE,support_dead_with_xy
EUW1_7696225963,200,6,6.002966666666667,13474.0,14098.0,RED_BASE,support_in_base
EUW1_7696226063,100,5,5.002816666666667,2574.0,632.0,BLUE_BASE,support_in_base
EUW1_7696226063,100,11,11.004366666666666,978.0,686.0,BLUE_BASE,support_in_base
EUW1_7696226097,100,5,5.0014,1690.0,828.0,BLUE_BASE,support_in_base
EUW1_7696227208,100,10,10.004416666666666,3039.0,1307.0,BLUE_BASE,support_in_base
EUW1_7696227560,200,6,6.002916666666667,10542.0,1434.0,BOT_LANE_CORE,support_dead_with_xy
EUW1_7696227670,100,10,10.003533333333333,13998.0,5156.0,BOT_LANE_CORE,support_dead_with_xy
EUW1_7696227670,200,5,5.002466666666667,13673.0,13226.0,RED_BASE,support_in_base
EUW1_7696227670,200,11,11.003616666666666,14080.0,11988.0,RED_BASE,support_in_base
EUW1_7696228184,100,7,7.003716666666667,12927.0,1244.0,BOT_LANE_CORE,support_dead_with_xy
EUW1_7696229289,100,10,10.004033333333334,10373.0,5149.0,DRAGON_AREA,support_dead_with_xy
EUW1_7696229289,100,11,11.004533333333333,2446.0,1679.0,BLUE_BASE,support_in_base
EUW1_7696229289,200,7,7.00355,14295.0,14260.0,RED_BASE,support_in_base
EUW1_7696229729,100,7,7.003166666666667,2197.0,1236.0,BLUE_BASE,support_in_base
EUW1_7696230417,100,8,8.003616666666666,1298.0,763.0,BLUE_BASE,support_in_base
EUW1_7696230417,200,8,8.003616666666666,12393.0,3035.0,BOT_LANE_CORE,support_dead_with_xy
EUW1_7696230590,100,8,8.003733333333333,12270.0,1704.0,BOT_LANE_CORE,support_dead_with_xy
EUW1_7696231109,100,6,6.003066666666666,10819.0,919.0,BOT_LANE_CORE,support_dead_with_xy
EUW1_7696231109,100,8,8.003583333333333,1992.0,1191.0,BLUE_BASE,support_in_base
EUW1_7696231109,100,10,10.004266666666666,12860.0,1670.0,BOT_LANE_CORE,support_dead_with_xy
EUW1_7696231109,200,8,8.003583333333333,14176.0,12924.0,RED_BASE,support_in_base
EUW1_7696231388,100,10,10.004333333333333,12912.0,2516.0,BOT_LANE_CORE,support_dead_with_xy
EUW1_7696231388,100,11,11.0046,10436.0,1718.0,BOT_LANE_CORE,support_dead_with_xy
EUW1_7696231388,200,6,6.002866666666667,14340.0,14391.0,RED_BASE,support_in_base
EUW1_7696231388,200,9,9.004,14114.0,4724.0,BOT_LANE_CORE,support_dead_with_xy
EUW1_7696231388,200,10,10.004333333333333,11869.0,2649.0,BOT_SIDE_NEAR,support_dead_with_xy
EUW1_7696231538,100,5,5.0023,1250.0,597.0,BLUE_BASE,support_in_base
EUW1_7696231538,100,11,11.0042,754.0,559.0,BLUE_BASE,support_in_base
EUW1_7696231546,100,7,7.00345,13966.0,4824.0,BOT_LANE_CORE,support_dead_with_xy
EUW1_7696231546,200,5,5.0028,13547.0,4029.0,BOT_LANE_CORE,support_dead_with_xy
EUW1_7696231546,200,7,7.00345,14304.0,14317.0,RED_BASE,support_in_base
EUW1_7696232521,100,6,6.00345,394.0,461.0,BLUE_BASE,support_in_base
EUW1_7696233390,200,5,5.001133333333334,13139.0,11042.0,RED_BASE,support_in_base
EUW1_7696234502,100,8,8.003683333333333,2148.0,626.0,BLUE_BASE,support_in_base
EUW1_7696234502,200,6,6.003383333333334,13530.0,13003.0,RED_BASE,support_in_base
EUW1_7696234675,100,10,10.005033333333333,10625.0,1580.0,BOT_LANE_CORE,support_dead_with_xy
EUW1_7696234675,100,11,11.005466666666667,12026.0,2277.0,BOT_LANE_CORE,support_dead_with_xy
EUW1_7696234675,200,5,5.0030833333333335,13738.0,3424.0,BOT_LANE_CORE,support_dead_with_xy
EUW1_7696234675,200,7,7.0041,13906.0,11613.0,RED_BASE,support_in_base
EUW1_7696235340,100,10,10.004,13977.0,4395.0,BOT_LANE_CORE,support_dead_with_xy
EUW1_7696235340,200,10,10.004,13846.0,4336.0,BOT_LANE_CORE,support_dead_with_xy
EUW1_7696235380,100,8,8.0038,1645.0,12095.0,TOP_LANE_CORE,support_dead_with_xy
EUW1_7696235421,100,11,11.004566666666667,2833.0,1743.0,BLUE_BASE,support_in_base
EUW1_7696235512,100,5,5.002716666666666,12481.0,4670.0,BOT_SIDE_NEAR,support_dead_with_xy
EUW1_7696235512,100,9,9.004216666666666,3033.0,537.0,BLUE_BASE,support_in_base
EUW1_7696235512,200,10,10.004266666666666,13444.0,4705.0,BOT_LANE_CORE,support_dead_with_xy
EUW1_7696235621,100,7,7.00145,595.0,530.0,BLUE_BASE,support_in_base
EUW1_7696235705,200,10,10.00395,10488.0,1640.0,BOT_LANE_CORE,support_dead_with_xy
EUW1_7696235895,100,11,11.0042,13611.0,4910.0,BOT_LANE_CORE,support_dead_with_xy
EUW1_7696235895,200,5,5.002666666666666,11854.0,1436.0,BOT_LANE_CORE,support_dead_with_xy
EUW1_7696236703,100,8,8.003733333333333,795.0,1208.0,BLUE_BASE,support_in_base
EUW1_7696236703,200,6,6.003233333333333,14340.0,14391.0,RED_BASE,support_in_base
EUW1_7696236703,200,8,8.003733333333333,13558.0,13775.0,RED_BASE,support_in_base
EUW1_7696236982,100,5,5.001283333333333,5009.0,12494.0,TOP_SIDE_NEAR,support_dead_with_xy
EUW1_7696236982,100,11,11.005633333333334,11395.0,1789.0,BOT_LANE_CORE,support_dead_with_xy
EUW1_7696236982,200,5,5.001283333333333,14340.0,14391.0,RED_BASE,support_in_base
EUW1_7696237103,100,11,11.0044,12864.0,2911.0,BOT_LANE_CORE,support_dead_with_xy
EUW1_7696237103,200,11,11.0044,12094.0,2309.0,BOT_LANE_CORE,support_dead_with_xy
EUW1_7696237184,100,10,10.004383333333333,3791.0,9582.0,TOP_SIDE_NEAR,support_dead_with_xy
EUW1_7696237267,100,5,5.00125,940.0,625.0,BLUE_BASE,support_in_base
EUW1_7696237267,100,9,9.003483333333334,394.0,461.0,BLUE_BASE,support_in_base
EUW1_7696237267,200,9,9.003483333333334,14046.0,13828.0,RED_BASE,support_in_base
EUW1_7696237267,200,10,10.00385,13724.0,4648.0,BOT_LANE_CORE,support_dead_with_xy
EUW1_7696237435,100,10,10.002,2727.0,1333.0,BLUE_BASE,support_in_base
EUW1_7696237435,200,6,6.001266666666667,13359.0,14035.0,RED_BASE,support_in_base
EUW1_7696237580,200,5,5.003066666666666,14340.0,14391.0,RED_BASE,support_in_base
EUW1_7696237580,200,6,6.003066666666666,14340.0,14391.0,RED_BASE,support_in_base
EUW1_7696237580,200,10,10.003983333333334,14015.0,11218.0,RED_BASE,support_in_base
EUW1_7696237895,100,7,7.003966666666667,1406.0,614.0,BLUE_BASE,support_in_base
EUW1_7696237895,200,7,7.003966666666667,13397.0,12705.0,RED_BASE,support_in_base
EUW1_7696237895,200,8,8.004216666666666,14340.0,14391.0,RED_BASE,support_in_base
EUW1_7696238101,100,6,6.001516666666666,394.0,461.0,BLUE_BASE,support_in_base
EUW1_7696238101,100,8,8.00355,8364.0,5605.0,BLUE_BOT_JUNGLE,support_dead_with_xy
EUW1_7696238101,100,10,10.00415,906.0,605.0,BLUE_BASE,support_in_base
EUW1_7696238101,200,8,8.00355,12499.0,12272.0,RED_BASE,support_in_base
EUW1_7696238262,100,6,6.00305,394.0,461.0,BLUE_BASE,support_in_base
EUW1_7696238262,100,9,9.0037,2309.0,2603.0,BLUE_BASE,support_in_base
EUW1_7696238461,100,9,9.003966666666667,1863.0,601.0,BLUE_BASE,support_in_base
EUW1_7696238461,200,10,10.004266666666666,12006.0,4393.0,BOT_SIDE_NEAR,support_dead_with_xy
EUW1_7696239303,200,6,6.0017,14064.0,14051.0,RED_BASE,support_in_base
EUW1_7696239303,200,7,7.003566666666667,14281.0,13834.0,RED_BASE,support_in_base
EUW1_7696239303,200,8,8.003866666666667,9926.0,5794.0,BOT_SIDE_NEAR,support_dead_with_xy
EUW1_7696239454,100,9,9.004733333333334,394.0,461.0,BLUE_BASE,support_in_base
EUW1_7696239454,200,5,5.0031,12956.0,13540.0,RED_BASE,support_in_base
EUW1_7696239664,200,8,8.003266666666667,12705.0,13920.0,RED_BASE,support_in_base
EUW1_7696239664,200,10,10.003833333333333,13930.0,4071.0,BOT_LANE_CORE,support_dead_with_xy
EUW1_7696240206,100,9,9.00295,443.0,468.0,BLUE_BASE,support_in_base
EUW1_7696240206,200,6,6.000683333333333,13317.0,2738.0,BOT_LANE_CORE,support_dead_with_xy
EUW1_7696240567,100,7,7.0041,12623.0,2169.0,BOT_LANE_CORE,support_dead_with_xy
EUW1_7696240567,100,10,10.005266666666667,394.0,461.0,BLUE_BASE,support_in_base
EUW1_7696240567,200,7,7.0041,13910.0,13134.0,RED_BASE,support_in_base
EUW1_7696240836,100,7,7.0036,2339.0,682.0,BLUE_BASE,support_in_base
EUW1_7696240836,100,9,9.004283333333333,682.0,514.0,BLUE_BASE,support_in_base
EUW1_7696240836,200,10,10.004433333333333,14041.0,13344.0,RED_BASE,support_in_base
EUW1_7696241170,200,10,10.004433333333333,14114.0,13601.0,RED_BASE,support_in_base
EUW1_7696241815,100,6,6.000933333333333,10268.0,1060.0,BOT_LANE_CORE,support_dead_with_xy
EUW1_7696241815,100,9,9.0032,10264.0,971.0,BOT_LANE_CORE,support_dead_with_xy
EUW1_7696241815,200,6,6.000933333333333,12828.0,1366.0,BOT_LANE_CORE,support_dead_with_xy
EUW1_7696241815,200,7,7.00245,13865.0,4021.0,BOT_LANE_CORE,support_dead_with_xy
EUW1_7696241815,200,8,8.002933333333333,12215.0,3437.0,BOT_SIDE_NEAR,support_dead_with_xy
EUW1_7696242889,100,9,9.001966666666666,10010.0,808.0,BOT_LANE_CORE,support_dead_with_xy
EUW1_7696243191,100,7,7.00145,8736.0,5772.0,RIVER_BOT,support_dead_with_xy
EUW1_7696243191,100,11,11.0042,10490.0,1594.0,BOT_LANE_CORE,support_dead_with_xy
EUW1_7696243191,200,10,10.004083333333334,14340.0,14391.0,RED_BASE,support_in_base
EUW1_7696243204,100,6,6.003633333333333,1629.0,670.0,BLUE_BASE,support_in_base
EUW1_7696243536,100,9,9.004233333333334,1929.0,663.0,BLUE_BASE,support_in_base
EUW1_7696243536,200,9,9.004233333333334,14275.0,14211.0,RED_BASE,support_in_base
EUW1_7696243974,100,7,7.003866666666666,11656.0,3722.0,BOT_SIDE_NEAR,support_dead_with_xy
EUW1_7696243974,200,5,5.0030833333333335,14330.0,14303.0,RED_BASE,support_in_base
EUW1_7696243976,100,8,8.00175,394.0,461.0,BLUE_BASE,support_in_base
EUW1_7696243976,200,6,6.001133333333334,14203.0,13799.0,RED_BASE,support_in_base
EUW1_7696243976,200,10,10.002266666666667,13961.0,5203.0,BOT_LANE_CORE,support_dead_with_xy
EUW1_7696244327,200,6,6.003166666666667,14536.0,14410.0,RED_BASE,support_in_base
EUW1_7696246521,100,6,6.0021,2907.0,721.0,BLUE_BASE,support_in_base
EUW1_7696246521,100,8,8.004283333333333,1041.0,1916.0,BLUE_BASE,support_in_base
EUW1_7696246521,200,8,8.004283333333333,13905.0,11798.0,RED_BASE,support_in_base
EUW1_7696246521,200,11,11.005266666666667,13439.0,4691.0,BOT_LANE_CORE,support_dead_with_xy
EUW1_7696246860,100,7,7.0049,3312.0,776.0,BLUE_BASE,support_in_base
EUW1_7696246860,200,6,6.004416666666667,13463.0,12395.0,RED_BASE,support_in_base
EUW1_7696247291,100,8,8.003816666666667,2028.0,589.0,BLUE_BASE,support_in_base
EUW1_7696247410,100,6,6.0033,10609.0,1687.0,BOT_LANE_CORE,support_dead_with_xy
EUW1_7696247410,200,11,11.0045,14121.0,12459.0,RED_BASE,support_in_base
EUW1_7696248076,100,9,9.00385,12281.0,2649.0,BOT_LANE_CORE,support_dead_with_xy
EUW1_7696248076,100,11,11.004333333333333,1478.0,616.0,BLUE_BASE,support_in_base
EUW1_7696249270,100,9,9.00385,2678.0,754.0,BLUE_BASE,support_in_base
EUW1_7696249282,100,9,9.00455,3575.0,888.0,BLUE_BASE,support_in_base
EUW1_7696249282,200,8,8.004016666666667,12502.0,5063.0,BOT_SIDE_NEAR,support_dead_with_xy
EUW1_7696250435,200,8,8.003166666666667,14340.0,14391.0,RED_BASE,support_in_base
EUW1_7696250483,200,5,5.003066666666666,14308.0,14089.0,RED_BASE,support_in_base
EUW1_7696250483,200,10,10.005433333333333,14340.0,14391.0,RED_BASE,support_in_base
EUW1_7696250603,100,10,10.004,11585.0,6216.0,RED_BOT_JUNGLE,support_dead_with_xy
EUW1_7696250736,200,8,8.003716666666667,9828.0,3220.0,BOT_SIDE_NEAR,support_dead_with_xy
EUW1_7696251024,100,7,7.0034833333333335,2765.0,671.0,BLUE_BASE,support_in_base
EUW1_7696251024,100,10,10.0046,394.0,461.0,BLUE_BASE,support_in_base
EUW1_7696251469,200,6,6.002716666666666,10899.0,5408.0,BOT_SIDE_NEAR,support_dead_with_xy
EUW1_7696251665,200,11,11.004516666666667,8372.0,3637.0,BLUE_BOT_JUNGLE,support_dead_with_xy
EUW1_7696252110,100,5,5.0029,6576.0,4747.0,BLUE_BOT_JUNGLE,support_dead_with_xy
EUW1_7696252110,200,9,9.00395,14197.0,13119.0,RED_BASE,support_in_base
EUW1_7696252515,200,5,5.002716666666666,14087.0,13070.0,RED_BASE,support_in_base
EUW1_7696252515,200,9,9.004033333333334,13777.0,12790.0,RED_BASE,support_in_base
EUW1_7696253262,100,9,9.003216666666667,394.0,461.0,BLUE_BASE,support_in_base
EUW1_7696253262,200,6,6.002683333333334,11556.0,13442.0,RED_BASE,support_in_base
EUW1_7696253262,200,11,11.003916666666667,12390.0,11819.0,RED_BASE,support_in_base
EUW1_7696253690,100,6,6.00275,986.0,482.0,BLUE_BASE,support_in_base
EUW1_7696253690,100,11,11.003933333333332,394.0,461.0,BLUE_BASE,support_in_base
EUW1_7696253690,200,6,6.00275,13633.0,2120.0,BOT_LANE_CORE,support_dead_with_xy
EUW1_7696253690,200,10,10.003716666666667,12959.0,12137.0,RED_BASE,support_in_base
EUW1_7696253701,100,10,10.0045,2176.0,738.0,BLUE_BASE,support_in_base
EUW1_7696253701,200,5,5.002716666666666,14006.0,12275.0,RED_BASE,support_in_base
EUW1_7696253701,200,8,8.003666666666666,14321.0,14305.0,RED_BASE,support_in_base
EUW1_7696254679,200,8,8.00175,13944.0,12833.0,RED_BASE,support_in_base
EUW1_7696254963,100,6,6.0010666666666665,10787.0,3401.0,BOT_SIDE_NEAR,support_dead_with_xy
EUW1_7696254963,100,8,8.001816666666667,12295.0,1924.0,BOT_LANE_CORE,support_dead_with_xy
EUW1_7696254966,100,6,6.00405,2112.0,1507.0,BLUE_BASE,support_in_base
EUW1_7696255910,100,8,8.003516666666666,2300.0,2981.0,BLUE_BASE,support_in_base
EUW1_7696255910,200,5,5.0026,10280.0,877.0,BOT_LANE_CORE,support_dead_with_xy
EUW1_7696255910,200,8,8.003516666666666,12640.0,11848.0,RED_BASE,support_in_base
EUW1_7696255910,200,10,10.00405,11960.0,4406.0,BOT_SIDE_NEAR,support_dead_with_xy
EUW1_7696257659,200,5,5.0028,14340.0,14391.0,RED_BASE,support_in_base
EUW1_7696257659,200,11,11.004516666666667,10972.0,2007.0,BOT_SIDE_NEAR,support_dead_with_xy
EUW1_7696258009,100,9,9.0044,6256.0,7406.0,MID_LANE,support_dead_with_xy
EUW1_7696258009,200,9,9.0044,12850.0,12211.0,RED_BASE,support_in_base
EUW1_7696258025,200,6,6.003033333333334,14065.0,13366.0,RED_BASE,support_in_base
EUW1_7696258025,200,9,9.0044,13946.0,11745.0,RED_BASE,support_in_base
EUW1_7696258313,100,8,8.004,2638.0,720.0,BLUE_BASE,support_in_base
EUW1_7696258313,100,10,10.0047,3386.0,9814.0,TOP_SIDE_NEAR,support_dead_with_xy
EUW1_7696258313,200,10,10.0047,3329.0,9668.0,TOP_SIDE_NEAR,support_dead_with_xy
EUW1_7696258569,100,6,6.00315,1393.0,714.0,BLUE_BASE,support_in_base
EUW1_7696258569,100,8,8.0038,907.0,1136.0,BLUE_BASE,support_in_base
EUW1_7696258569,200,7,7.003266666666667,13658.0,2768.0,BOT_LANE_CORE,support_dead_with_xy
EUW1_7696259056,100,10,10.0041,4063.0,8711.0,TOP_SIDE_NEAR,support_dead_with_xy
EUW1_7696259056,200,7,7.0033666666666665,13296.0,4219.0,BOT_LANE_CORE,support_dead_with_xy
EUW1_7696259056,200,10,10.0041,5127.0,8689.0,RIVER_TOP,support_dead_with_xy
EUW1_7696259453,100,6,6.002833333333333,10984.0,1314.0,BOT_LANE_CORE,support_dead_with_xy
EUW1_7696259453,100,8,8.003583333333333,2639.0,811.0,BLUE_BASE,support_in_base
EUW1_7696259453,200,7,7.003183333333333,8132.0,6760.0,MID_LANE,support_dead_with_xy
EUW1_7696262077,100,7,7.003166666666667,2166.0,645.0,BLUE_BASE,support_in_base
EUW1_7696262090,100,5,5.002966666666667,1899.0,697.0,BLUE_BASE,support_in_base
EUW1_7696262090,100,9,9.004033333333334,1145.0,596.0,BLUE_BASE,support_in_base
EUW1_7696262090,200,6,6.00305,13862.0,11017.0,RED_BASE,support_in_base
EUW1_7696262885,100,5,5.000566666666667,394.0,461.0,BLUE_BASE,support_in_base
EUW1_7696262885,200,6,6.000816666666666,13271.0,3630.0,BOT_LANE_CORE,support_dead_with_xy
EUW1_7696264181,100,8,8.001533333333333,10821.0,1089.0,BOT_LANE_CORE,support_dead_with_xy
EUW1_7696265035,200,10,10.001966666666666,13351.0,12376.0,RED_BASE,support_in_base
EUW1_7696265807,200,11,11.00405,13562.0,2386.0,BOT_LANE_CORE,support_dead_with_xy
EUW1_7696266377,100,9,9.003683333333333,1580.0,720.0,BLUE_BASE,support_in_base
EUW1_7696266652,200,9,9.003566666666666,13343.0,11097.0,RED_BASE,support_in_base
EUW1_7696266946,100,6,6.00295,490.0,393.0,BLUE_BASE,support_in_base
EUW1_7696266946,200,6,6.00295,14058.0,12035.0,RED_BASE,support_in_base
EUW1_7696267177,100,10,10.002016666666666,1648.0,696.0,BLUE_BASE,support_in_base
EUW1_7696267177,200,9,9.002,13362.0,12729.0,RED_BASE,support_in_base
EUW1_7696267617,100,8,8.004533333333333,9206.0,1461.0,BOT_LANE_CORE,support_dead_with_xy
EUW1_7696267617,200,6,6.0031,13943.0,11643.0,RED_BASE,support_in_base
EUW1_7696268077,100,8,8.003966666666667,11470.0,1959.0,BOT_LANE_CORE,support_dead_with_xy
EUW1_7696268077,200,10,10.004383333333333,14015.0,11577.0,RED_BASE,support_in_base
EUW1_7696268382,200,8,8.004166666666666,9794.0,6937.0,RED_BOT_JUNGLE,support_dead_with_xy
EUW1_7696268570,100,10,10.00425,11372.0,1663.0,BOT_LANE_CORE,support_dead_with_xy
EUW1_7696269173,200,10,10.0046,9708.0,1752.0,BOT_LANE_CORE,support_dead_with_xy
EUW1_7696269835,100,9,9.004066666666667,2749.0,2133.0,BLUE_BASE,support_in_base
EUW1_7696269937,100,7,7.0032,11178.0,1250.0,BOT_LANE_CORE,support_dead_with_xy
EUW1_7696270166,100,6,6.001083333333334,1139.0,589.0,BLUE_BASE,support_in_base
EUW1_7696270166,200,6,6.001083333333334,10214.0,5754.0,BOT_SIDE_NEAR,support_dead_with_xy
EUW1_7696270500,200,9,9.003283333333334,14017.0,11668.0,RED_BASE,support_in_base
EUW1_7696270500,200,10,10.003416666666666,13803.0,12153.0,RED_BASE,support_in_base
EUW1_7696270500,200,11,11.0041,11840.0,5017.0,BOT_SIDE_NEAR,support_dead_with_xy
EUW1_7696271228,100,11,11.004233333333334,763.0,687.0,BLUE_BASE,support_in_base
EUW1_7696271243,200,5,5.003283333333333,14038.0,11392.0,RED_BASE,support_in_base
EUW1_7696271711,100,5,5.003033333333334,394.0,461.0,BLUE_BASE,support_in_base
EUW1_7696271711,100,9,9.0041,3301.0,697.0,BLUE_BASE,support_in_base
EUW1_7696271711,200,5,5.003033333333334,14290.0,14266.0,RED_BASE,support_in_base
EUW1_7696271802,100,7,7.003733333333333,982.0,515.0,BLUE_BASE,support_in_base
EUW1_7696271850,100,6,6.003,12957.0,3345.0,BOT_LANE_CORE,support_dead_with_xy
EUW1_7696271850,200,9,9.00405,14340.0,14391.0,RED_BASE,support_in_base
EUW1_7696271894,100,7,7.003666666666667,7487.0,7785.0,MID_LANE,support_dead_with_xy
EUW1_7696271894,100,10,10.004616666666667,615.0,480.0,BLUE_BASE,support_in_base
EUW1_7696272085,100,7,7.003616666666667,3463.0,1924.0,BLUE_BASE,support_in_base
EUW1_7696272085,200,6,6.003133333333333,14014.0,11671.0,RED_BASE,support_in_base
EUW1_7696272302,100,5,5.00275,454.0,359.0,BLUE_BASE,support_in_base
EUW1_7696272302,100,7,7.003516666666667,3510.0,792.0,BLUE_BASE,support_in_base
EUW1_7696272302,200,5,5.00275,12874.0,13471.0,RED_BASE,support_in_base
EUW1_7696273005,100,5,5.001366666666667,692.0,461.0,BLUE_BASE,support_in_base
EUW1_7696273043,100,6,6.003116666666667,3206.0,717.0,BLUE_BASE,support_in_base
EUW1_7696273673,200,9,9.004633333333333,14288.0,14240.0,RED_BASE,support_in_base
EUW1_7696273780,200,9,9.003933333333332,14340.0,14391.0,RED_BASE,support_in_base
EUW1_7696274291,100,6,6.002183333333333,10755.0,901.0,BOT_LANE_CORE,support_dead_with_xy
EUW1_7696274291,100,11,11.004133333333334,394.0,461.0,BLUE_BASE,support_in_base
EUW1_7696274345,200,5,5.000816666666666,14153.0,13789.0,RED_BASE,support_in_base
EUW1_7696274608,100,11,11.004933333333334,9892.0,918.0,BOT_LANE_CORE,support_dead_with_xy
EUW1_7696274608,200,7,7.004,14227.0,14082.0,RED_BASE,support_in_base
EUW1_7696275271,100,7,7.001516666666666,13106.0,2926.0,BOT_LANE_CORE,support_dead_with_xy
EUW1_7696275271,100,8,8.001983333333333,5804.0,5636.0,BLUE_BOT_JUNGLE,support_dead_with_xy
EUW1_7696275271,200,7,7.001516666666666,14160.0,12875.0,RED_BASE,support_in_base
EUW1_7696275271,200,8,8.001983333333333,6900.0,6416.0,MID_LANE,support_dead_with_xy
EUW1_7696275321,100,8,8.003183333333334,889.0,588.0,BLUE_BASE,support_in_base
EUW1_7696275321,100,9,9.0034,13159.0,3266.0,BOT_LANE_CORE,support_dead_with_xy
EUW1_7696275321,200,11,11.003533333333333,14340.0,14391.0,RED_BASE,support_in_base
EUW1_7696275982,100,5,5.000583333333333,2288.0,792.0,BLUE_BASE,support_in_base
EUW1_7696275982,100,7,7.0007166666666665,682.0,530.0,BLUE_BASE,support_in_base
EUW1_7696275982,200,8,8.001016666666667,13398.0,4742.0,BOT_LANE_CORE,support_dead_with_xy
EUW1_7696275984,100,5,5.00095,2049.0,724.0,BLUE_BASE,support_in_base
EUW1_7696275984,100,7,7.0013,3558.0,817.0,BLUE_BASE,support_in_base
EUW1_7696275984,200,11,11.004283333333333,13864.0,13512.0,RED_BASE,support_in_base
EUW1_7696276059,100,5,5.003166666666667,549.0,778.0,BLUE_BASE,support_in_base
EUW1_7696276059,200,6,6.0037,12508.0,6093.0,BOT_SIDE_NEAR,support_dead_with_xy
EUW1_7696276059,200,9,9.004433333333333,14122.0,4883.0,BOT_LANE_CORE,support_dead_with_xy
EUW1_7696276068,100,7,7.001383333333333,10568.0,854.0,BOT_LANE_CORE,support_dead_with_xy
EUW1_7696276068,100,9,9.003833333333333,515.0,478.0,BLUE_BASE,support_in_base
EUW1_7696276068,200,7,7.001383333333333,10908.0,1739.0,BOT_LANE_CORE,support_dead_with_xy
EUW1_7696276068,200,9,9.003833333333333,3272.0,12782.0,TOP_LANE_CORE,support_dead_with_xy
EUW1_7696276421,100,8,8.00415,394.0,461.0,BLUE_BASE,support_in_base
EUW1_7696276421,200,7,7.0038,14340.0,14391.0,RED_BASE,support_in_base
EUW1_7696276467,100,9,9.004183333333334,13201.0,2247.0,BOT_LANE_CORE,support_dead_with_xy
EUW1_7696276467,200,7,7.003533333333333,13262.0,3238.0,BOT_LANE_CORE,support_dead_with_xy
EUW1_7696276470,100,5,5.001033333333333,394.0,461.0,BLUE_BASE,support_in_base
EUW1_7696277209,100,9,9.004316666666666,1778.0,563.0,BLUE_BASE,support_in_base
EUW1_7696277228,200,9,9.003033333333333,14174.0,13265.0,RED_BASE,support_in_base
EUW1_7696277780,100,5,5.003216666666667,11990.0,2166.0,BOT_LANE_CORE,support_dead_with_xy
EUW1_7696277780,100,8,8.004083333333334,10963.0,1744.0,BOT_LANE_CORE,support_dead_with_xy
EUW1_7696278746,100,8,8.00345,1265.0,648.0,BLUE_BASE,support_in_base
EUW1_7696279163,100,5,5.00265,1595.0,675.0,BLUE_BASE,support_in_base
EUW1_7696279163,100,11,11.004183333333334,394.0,461.0,BLUE_BASE,support_in_base
EUW1_7696279163,200,11,11.004183333333334,14220.0,12714.0,RED_BASE,support_in_base
EUW1_7696279243,100,8,8.003733333333333,780.0,10252.0,TOP_LANE_CORE,support_dead_with_xy
EUW1_7696279352,100,8,8.003633333333333,1979.0,845.0,BLUE_BASE,support_in_base
EUW1_7696279352,200,9,9.003733333333333,12186.0,3122.0,BOT_SIDE_NEAR,support_dead_with_xy
EUW1_7696279992,100,11,11.00505,11231.0,3224.0,BOT_SIDE_NEAR,support_dead_with_xy
EUW1_7696279992,200,7,7.003433333333334,12159.0,1376.0,BOT_LANE_CORE,support_dead_with_xy
EUW1_7696280865,100,7,7.003783333333334,6329.0,9254.0,RED_TOP_JUNGLE,support_dead_with_xy
EUW1_7696280865,100,8,8.004316666666666,1499.0,649.0,BLUE_BASE,support_in_base
EUW1_7696280865,100,9,9.00445,878.0,1222.0,BLUE_BASE,support_in_base
EUW1_7696280865,200,9,9.00445,13485.0,12918.0,RED_BASE,support_in_base
EUW1_7696281695,200,5,5.002566666666667,7954.0,7175.0,MID_LANE,support_dead_with_xy
EUW1_7696281940,100,5,5.0026166666666665,714.0,496.0,BLUE_BASE,support_in_base
EUW1_7696281940,200,6,6.00295,13983.0,11776.0,RED_BASE,support_in_base
EUW1_7696281940,200,10,10.003933333333332,13039.0,3536.0,BOT_LANE_CORE,support_dead_with_xy
EUW1_7696282638,100,6,6.001733333333333,2648.0,665.0,BLUE_BASE,support_in_base
EUW1_7696282638,100,9,9.003983333333334,1037.0,775.0,BLUE_BASE,support_in_base
EUW1_7696282638,100,11,11.004116666666667,5183.0,8879.0,RIVER_TOP,support_dead_with_xy
EUW1_7696282638,200,7,7.003533333333333,14038.0,12018.0,RED_BASE,support_in_base
EUW1_7696282693,200,10,10.003966666666667,12326.0,1899.0,BOT_LANE_CORE,support_dead_with_xy
EUW1_7696284084,100,6,6.003183333333333,11920.0,1910.0,BOT_LANE_CORE,support_dead_with_xy
EUW1_7696284084,100,10,10.004216666666666,10327.0,967.0,BOT_LANE_CORE,support_dead_with_xy
EUW1_7696284731,100,6,6.000916666666667,2294.0,687.0,BLUE_BASE,support_in_base
EUW1_7696284731,100,11,11.00435,1146.0,1141.0,BLUE_BASE,support_in_base
EUW1_7696284731,200,6,6.000916666666667,14104.0,13703.0,RED_BASE,support_in_base
EUW1_7696284865,200,8,8.001483333333333,13895.0,12378.0,RED_BASE,support_in_base
EUW1_7696284970,200,5,5.002716666666666,14072.0,12195.0,RED_BASE,support_in_base
EUW1_7696285092,100,7,7.00355,959.0,646.0,BLUE_BASE,support_in_base
EUW1_7696285092,200,7,7.00355,13940.0,4280.0,BOT_LANE_CORE,support_dead_with_xy
EUW1_7696285517,100,5,5.003133333333333,9924.0,8743.0,MID_LANE,support_dead_with_xy
EUW1_7696285517,100,7,7.0033666666666665,394.0,461.0,BLUE_BASE,support_in_base
EUW1_7696285517,200,10,10.004416666666666,12131.0,2063.0,BOT_LANE_CORE,support_dead_with_xy
EUW1_7696285517,200,11,11.004733333333334,13094.0,4467.0,BOT_LANE_CORE,support_dead_with_xy
EUW1_7696285918,200,5,5.00275,14340.0,14391.0,RED_BASE,support_in_base
EUW1_7696286079,100,8,8.0021,394.0,461.0,BLUE_BASE,support_in_base
EUW1_7696286568,200,8,8.003383333333334,9597.0,952.0,BOT_LANE_CORE,support_dead_with_xy
EUW1_7696287086,100,7,7.0034,394.0,461.0,BLUE_BASE,support_in_base
EUW1_7696287086,100,8,8.00385,668.0,484.0,BLUE_BASE,support_in_base
EUW1_7696287086,100,11,11.004783333333334,1147.0,599.0,BLUE_BASE,support_in_base
EUW1_7696287221,100,6,6.003166666666667,11286.0,1903.0,BOT_LANE_CORE,support_dead_with_xy
EUW1_7696287918,100,11,11.00445,2044.0,12059.0,TOP_LANE_CORE,support_dead_with_xy
EUW1_7696287918,200,5,5.0027,12423.0,2049.0,BOT_LANE_CORE,support_dead_with_xy
EUW1_7696288190,100,6,6.003683333333333,1442.0,565.0,BLUE_BASE,support_in_base
EUW1_7696288190,100,8,8.004166666666666,2990.0,769.0,BLUE_BASE,support_in_base
EUW1_7696288190,200,11,11.005116666666666,12583.0,1805.0,BOT_LANE_CORE,support_dead_with_xy
EUW1_7696288868,100,6,6.003516666666667,11124.0,1346.0,BOT_LANE_CORE,support_dead_with_xy
EUW1_7696288868,100,11,11.0048,478.0,472.0,BLUE_BASE,support_in_base
EUW1_7696288868,200,6,6.003516666666667,11639.0,1629.0,BOT_LANE_CORE,support_dead_with_xy
EUW1_7696288868,200,8,8.004233333333334,14077.0,13465.0,RED_BASE,support_in_base
EUW1_7696289191,200,5,5.000866666666667,14340.0,14391.0,RED_BASE,support_in_base
EUW1_7696289191,200,11,11.003783333333333,13634.0,1984.0,BOT_LANE_CORE,support_dead_with_xy
EUW1_7696289341,200,7,7.0041,14111.0,12926.0,RED_BASE,support_in_base
EUW1_7696290653,200,9,9.00475,13400.0,13922.0,RED_BASE,support_in_base
EUW1_7696290976,100,6,6.0038833333333335,862.0,637.0,BLUE_BASE,support_in_base
EUW1_7696290976,200,8,8.004366666666666,13039.0,2150.0,BOT_LANE_CORE,support_dead_with_xy
EUW1_7696290977,100,9,9.003766666666667,2275.0,695.0,BLUE_BASE,support_in_base
EUW1_7696291016,200,11,11.00475,14340.0,14391.0,RED_BASE,support_in_base
EUW1_7696291636,100,11,11.005166666666666,868.0,586.0,BLUE_BASE,support_in_base
EUW1_7696293200,200,5,5.00135,13341.0,12392.0,RED_BASE,support_in_base
EUW1_7696293200,200,11,11.002783333333333,14299.0,14063.0,RED_BASE,support_in_base
EUW1_7696293293,100,7,7.004016666666667,1785.0,1260.0,BLUE_BASE,support_in_base
EUW1_7696293293,100,11,11.00525,1529.0,11342.0,TOP_LANE_CORE,support_dead_with_xy
EUW1_7696293293,200,5,5.002966666666667,14021.0,11699.0,RED_BASE,support_in_base
EUW1_7696293293,200,10,10.005116666666666,12987.0,13968.0,RED_BASE,support_in_base
EUW1_7696293293,200,11,11.00525,1735.0,12080.0,TOP_LANE_CORE,support_dead_with_xy
EUW1_7696293430,100,9,9.003733333333333,11372.0,1512.0,BOT_LANE_CORE,support_dead_with_xy
EUW1_7696293430,200,7,7.0029,14288.0,13985.0,RED_BASE,support_in_base
EUW1_7696293661,100,10,10.00425,517.0,496.0,BLUE_BASE,support_in_base
EUW1_7696293661,200,7,7.003633333333333,13178.0,4741.0,BOT_LANE_CORE,support_dead_with_xy
EUW1_7696293661,200,8,8.0039,6445.0,4607.0,BLUE_BOT_JUNGLE,support_dead_with_xy
EUW1_7696294177,100,8,8.003183333333334,419.0,468.0,BLUE_BASE,support_in_base
EUW1_7696294177,100,10,10.003383333333334,799.0,530.0,BLUE_BASE,support_in_base
EUW1_7696294177,200,6,6.002783333333333,14340.0,14391.0,RED_BASE,support_in_base
EUW1_7696294414,200,7,7.00375,14185.0,14051.0,RED_BASE,support_in_base
EUW1_7696294414,200,8,8.00405,9339.0,7774.0,RED_BOT_JUNGLE,support_dead_with_xy
EUW1_7696294434,100,5,5.0012,3123.0,2072.0,BLUE_BASE,support_in_base
EUW1_7696294434,200,5,5.0012,14340.0,14391.0,RED_BASE,support_in_base
EUW1_7696294434,200,10,10.002416666666667,14016.0,4832.0,BOT_LANE_CORE,support_dead_with_xy
EUW1_7696295014,100,6,6.003333333333333,3717.0,1442.0,BLUE_BASE,support_in_base
EUW1_7696295014,200,9,9.004366666666666,13341.0,13649.0,RED_BASE,support_in_base
EUW1_7696295021,200,6,6.002566666666667,13880.0,13020.0,RED_BASE,support_in_base
EUW1_7696295124,100,5,5.002166666666667,1279.0,847.0,BLUE_BASE,support_in_base
EUW1_7696295124,100,11,11.00425,394.0,461.0,BLUE_BASE,support_in_base
EUW1_7696295467,100,5,5.003233333333333,1819.0,642.0,BLUE_BASE,support_in_base
EUW1_7696295467,200,7,7.0041166666666665,14340.0,14391.0,RED_BASE,support_in_base
EUW1_7696296767,100,6,6.003716666666667,3048.0,773.0,BLUE_BASE,support_in_base
EUW1_7696296767,100,8,8.00425,11911.0,2485.0,BOT_SIDE_NEAR,support_dead_with_xy
EUW1_7696296767,100,11,11.004733333333334,8934.0,4333.0,BOT_SIDE_NEAR,support_dead_with_xy
EUW1_7696296767,200,11,11.004733333333334,8559.0,4708.0,BLUE_BOT_JUNGLE,support_dead_with_xy
EUW1_7696296940,200,9,9.0047,14340.0,14391.0,RED_BASE,support_in_base
EUW1_7696297197,100,11,11.004266666666666,10305.0,1249.0,BOT_LANE_CORE,support_dead_with_xy
EUW1_7696297197,200,7,7.0030833333333335,14066.0,13808.0,RED_BASE,support_in_base
EUW1_7696297197,200,11,11.004266666666666,10564.0,1603.0,BOT_LANE_CORE,support_dead_with_xy
EUW1_7696297551,100,8,8.004,12446.0,1735.0,BOT_LANE_CORE,support_dead_with_xy
EUW1_7696297551,100,10,10.004683333333332,2911.0,733.0,BLUE_BASE,support_in_base
EUW1_7696297551,200,5,5.002866666666667,14068.0,12467.0,RED_BASE,support_in_base
EUW1_7696297551,200,6,6.0034,11643.0,2951.0,BOT_SIDE_NEAR,support_dead_with_xy
EUW1_7696297551,200,8,8.004,13508.0,2123.0,BOT_LANE_CORE,support_dead_with_xy
EUW1_7696298836,100,5,5.003466666666666,394.0,461.0,BLUE_BASE,support_in_base
EUW1_7696298836,100,7,7.0039,2511.0,747.0,BLUE_BASE,support_in_base
EUW1_7696298836,100,11,11.0054,1785.0,732.0,BLUE_BASE,support_in_base
EUW1_7696298836,200,7,7.0039,14032.0,13341.0,RED_BASE,support_in_base
EUW1_7696299184,100,7,7.00165,3030.0,790.0,BLUE_BASE,support_in_base
EUW1_7696299675,100,8,8.004183333333334,489.0,460.0,BLUE_BASE,support_in_base
EUW1_7696299675,200,8,8.004183333333334,11418.0,13434.0,RED_BASE,support_in_base
EUW1_7696299952,100,11,11.004766666666667,2654.0,1983.0,BLUE_BASE,support_in_base
EUW1_7696300608,100,6,6.003333333333333,2341.0,682.0,BLUE_BASE,support_in_base
EUW1_7696300608,200,5,5.003066666666666,13518.0,2869.0,BOT_LANE_CORE,support_dead_with_xy
EUW1_7696300742,200,9,9.005633333333334,14158.0,14233.0,RED_BASE,support_in_base
EUW1_7696300742,200,11,11.00635,13968.0,11282.0,RED_BASE,support_in_base
EUW1_7696301672,200,8,8.004166666666666,7817.0,7454.0,MID_LANE,support_dead_with_xy
EUW1_7696301672,200,11,11.005,14227.0,12304.0,RED_BASE,support_in_base
EUW1_7696303350,100,6,6.0038,2941.0,903.0,BLUE_BASE,support_in_base
EUW1_7696303350,100,11,11.005283333333333,2391.0,905.0,BLUE_BASE,support_in_base
EUW1_7696303846,100,10,10.003716666666667,1514.0,583.0,BLUE_BASE,support_in_base
EUW1_7696303846,100,11,11.00455,13640.0,4830.0,BOT_LANE_CORE,support_dead_with_xy
EUW1_7696303916,100,8,8.003383333333334,13385.0,2476.0,BOT_LANE_CORE,support_dead_with_xy
EUW1_7696304079,100,7,7.001283333333333,1948.0,1641.0,BLUE_BASE,support_in_base
EUW1_7696304079,200,7,7.001283333333333,13747.0,12615.0,RED_BASE,support_in_base
EUW1_7696304079,200,10,10.002433333333334,12661.0,1256.0,BOT_LANE_CORE,support_dead_with_xy
EUW1_7696304079,200,11,11.002683333333334,11441.0,1666.0,BOT_LANE_CORE,support_dead_with_xy
EUW1_7696304163,100,6,6.003066666666666,3304.0,794.0,BLUE_BASE,support_in_base
EUW1_7696304163,100,9,9.00385,1697.0,553.0,BLUE_BASE,support_in_base
EUW1_7696304163,200,11,11.004433333333333,14340.0,14391.0,RED_BASE,support_in_base
EUW1_7696304438,200,5,5.003566666666667,11924.0,7135.0,RED_BOT_JUNGLE,support_dead_with_xy
EUW1_7696304438,200,10,10.0051,12312.0,2431.0,BOT_LANE_CORE,support_dead_with_xy
EUW1_7696304614,100,8,8.00345,2098.0,2816.0,BLUE_BASE,support_in_base
EUW1_7696304661,100,8,8.005416666666667,2719.0,2049.0,BLUE_BASE,support_in_base
EUW1_7696304661,200,5,5.004033333333333,14099.0,13386.0,RED_BASE,support_in_base
EUW1_7696304661,200,6,6.00435,13864.0,11396.0,RED_BASE,support_in_base
EUW1_7696304661,200,10,10.006,9895.0,2460.0,BOT_SIDE_NEAR,support_dead_with_xy
EUW1_7696305586,100,8,8.003533333333333,630.0,468.0,BLUE_BASE,support_in_base
EUW1_7696305586,200,8,8.003533333333333,13602.0,12392.0,RED_BASE,support_in_base
EUW1_7696305625,100,6,6.003516666666667,12835.0,1548.0,BOT_LANE_CORE,support_dead_with_xy
EUW1_7696305625,100,8,8.004466666666668,964.0,550.0,BLUE_BASE,support_in_base
EUW1_7696305625,100,11,11.005016666666666,11090.0,2092.0,BOT_SIDE_NEAR,support_dead_with_xy
EUW1_7696305625,200,11,11.005016666666666,13922.0,13333.0,RED_BASE,support_in_base
EUW1_7696306092,100,10,10.004333333333333,394.0,461.0,BLUE_BASE,support_in_base
EUW1_7696306092,200,7,7.0033,14286.0,14077.0,RED_BASE,support_in_base
EUW1_7696306092,200,10,10.004333333333333,14340.0,14391.0,RED_BASE,support_in_base
EUW1_7696306394,100,6,6.0008,12330.0,3079.0,BOT_SIDE_NEAR,support_dead_with_xy
EUW1_7696307850,100,5,5.000783333333334,11636.0,1997.0,BOT_LANE_CORE,support_dead_with_xy
EUW1_7696307850,100,6,6.0011833333333335,1739.0,607.0,BLUE_BASE,support_in_base
EUW1_7696307850,100,9,9.003433333333334,394.0,461.0,BLUE_BASE,support_in_base
EUW1_7696307850,200,5,5.000783333333334,11629.0,2095.0,BOT_LANE_CORE,support_dead_with_xy
EUW1_7696307850,200,9,9.003433333333334,13613.0,14081.0,RED_BASE,support_in_base
EUW1_7696307850,200,11,11.004033333333334,13244.0,3462.0,BOT_LANE_CORE,support_dead_with_xy
EUW1_7696307991,100,11,11.004666666666667,10611.0,1659.0,BOT_LANE_CORE,support_dead_with_xy
EUW1_7696307991,200,9,9.004066666666667,14229.0,13887.0,RED_BASE,support_in_base
EUW1_7696307991,200,10,10.004416666666666,12247.0,2990.0,BOT_SIDE_NEAR,support_dead_with_xy
EUW1_7696308161,100,10,10.002483333333334,1762.0,905.0,BLUE_BASE,support_in_base
EUW1_7696308161,200,10,10.002483333333334,14205.0,11994.0,RED_BASE,support_in_base
EUW1_7696308212,100,8,8.003416666666666,4765.0,6989.0,BLUE_TOP_JUNGLE,support_dead_with_xy
EUW1_7696308212,200,10,10.004016666666667,14340.0,14391.0,RED_BASE,support_in_base
EUW1_7696309155,200,6,6.003416666666666,14289.0,13589.0,RED_BASE,support_in_base
EUW1_7696309541,100,9,9.002133333333333,571.0,383.0,BLUE_BASE,support_in_base
EUW1_7696309541,200,5,5.00155,14042.0,12524.0,RED_BASE,support_in_base
EUW1_7696309541,200,7,7.002,13038.0,2755.0,BOT_LANE_CORE,support_dead_with_xy
EUW1_7696309585,100,6,6.00125,1143.0,861.0,BLUE_BASE,support_in_base
EUW1_7696309585,200,9,9.003583333333333,3780.0,10884.0,TOP_SIDE_NEAR,support_dead_with_xy
EUW1_7696309794,100,5,5.0029,1870.0,1072.0,BLUE_BASE,support_in_base
EUW1_7696309794,100,10,10.004366666666666,2346.0,751.0,BLUE_BASE,support_in_base
EUW1_7696309794,200,5,5.0029,14271.0,13562.0,RED_BASE,support_in_base
EUW1_7696309794,200,6,6.00295,14178.0,13621.0,RED_BASE,support_in_base
EUW1_7696309794,200,8,8.00385,11726.0,13336.0,RED_BASE,support_in_base
EUW1_7696310136,100,7,7.0033666666666665,394.0,461.0,BLUE_BASE,support_in_base
EUW1_7696310136,100,10,10.004266666666666,892.0,1262.0,BLUE_BASE,support_in_base
EUW1_7696310136,200,6,6.002833333333333,14333.0,13745.0,RED_BASE,support_in_base
EUW1_7696310268,100,10,10.0052,8164.0,4750.0,BLUE_BOT_JUNGLE,support_dead_with_xy
EUW1_7696310268,200,5,5.0035,12505.0,11904.0,RED_BASE,support_in_base
EUW1_7696310268,200,7,7.00455,14340.0,14391.0,RED_BASE,support_in_base
EUW1_7696310268,200,10,10.0052,9227.0,5394.0,BOT_SIDE_NEAR,support_dead_with_xy
EUW1_7696310326,100,8,8.003966666666667,1451.0,790.0,BLUE_BASE,support_in_base
EUW1_7696310326,200,8,8.003966666666667,11836.0,2476.0,BOT_SIDE_NEAR,support_dead_with_xy
EUW1_7696310503,100,6,6.004166666666666,11932.0,4336.0,BOT_SIDE_NEAR,support_dead_with_xy
EUW1_7696310503,100,9,9.005016666666666,2667.0,800.0,BLUE_BASE,support_in_base
EUW1_7696310503,200,6,6.004166666666666,12179.0,4727.0,BOT_SIDE_NEAR,support_dead_with_xy
EUW1_7696311137,200,7,7.003933333333333,14156.0,14066.0,RED_BASE,support_in_base
EUW1_7696311137,200,10,10.0047,14232.0,14070.0,RED_BASE,support_in_base
EUW1_7696311137,200,11,11.005066666666666,13999.0,13672.0,RED_BASE,support_in_base
EUW1_7696311364,100,8,8.0036,2519.0,843.0,BLUE_BASE,support_in_base
EUW1_7696311466,100,5,5.0030833333333335,12624.0,1640.0,BOT_LANE_CORE,support_dead_with_xy
EUW1_7696311466,100,7,7.003716666666667,2971.0,846.0,BLUE_BASE,support_in_base
EUW1_7696311466,200,6,6.003216666666667,13937.0,13555.0,RED_BASE,support_in_base
EUW1_7696311466,200,8,8.00425,12595.0,13687.0,RED_BASE,support_in_base
EUW1_7696311527,100,6,6.002833333333333,394.0,461.0,BLUE_BASE,support_in_base
EUW1_7696311527,200,11,11.004583333333333,12654.0,12005.0,RED_BASE,support_in_base
EUW1_7696312481,100,10,10.00555,11637.0,1506.0,BOT_LANE_CORE,support_dead_with_xy
EUW1_7696312832,100,5,5.0006,11347.0,1420.0,BOT_LANE_CORE,support_dead_with_xy
EUW1_7696313335,200,6,6.00085,11077.0,2026.0,BOT_SIDE_NEAR,support_dead_with_xy
EUW1_7696313659,100,11,11.0054,10341.0,893.0,BOT_LANE_CORE,support_dead_with_xy
EUW1_7696313926,100,7,7.003466666666666,2539.0,2665.0,BLUE_BASE,support_in_base
EUW1_7696313967,100,5,5.0012,14084.0,5392.0,BOT_LANE_CORE,support_dead_with_xy
EUW1_7696313967,200,6,6.0012,11437.0,1809.0,BOT_LANE_CORE,support_dead_with_xy
EUW1_7696313967,200,10,10.00395,8693.0,7250.0,RIVER_BOT,support_dead_with_xy
EUW1_7696314935,200,7,7.0037666666666665,14079.0,11748.0,RED_BASE,support_in_base
EUW1_7696314935,200,9,9.0039,14144.0,12222.0,RED_BASE,support_in_base
EUW1_7696315736,200,8,8.003716666666667,13543.0,4262.0,BOT_LANE_CORE,support_dead_with_xy
EUW1_7696315736,200,10,10.004433333333333,13367.0,12726.0,RED_BASE,support_in_base
EUW1_7696316489,100,9,9.003483333333334,3623.0,11760.0,TOP_SIDE_NEAR,support_dead_with_xy
EUW1_7696316489,100,11,11.0042,11769.0,2185.0,BOT_LANE_CORE,support_dead_with_xy
EUW1_7696316489,200,6,6.0012,13082.0,13630.0,RED_BASE,support_in_base
EUW1_7696316567,100,5,5.003216666666667,10580.0,1600.0,BOT_LANE_CORE,support_dead_with_xy
EUW1_7696316567,200,5,5.003216666666667,11021.0,2230.0,BOT_SIDE_NEAR,support_dead_with_xy
EUW1_7696316567,200,10,10.0046,14171.0,13387.0,RED_BASE,support_in_base
EUW1_7696316886,200,8,8.003816666666667,14067.0,11222.0,RED_BASE,support_in_base
EUW1_7696317290,100,5,5.002316666666666,1326.0,714.0,BLUE_BASE,support_in_base
EUW1_7696317290,100,6,6.002866666666667,3195.0,1770.0,BLUE_BASE,support_in_base
EUW1_7696317290,100,7,7.00305,1875.0,735.0,BLUE_BASE,support_in_base
EUW1_7696317290,200,5,5.002316666666666,13867.0,11754.0,RED_BASE,support_in_base
EUW1_7696317290,200,6,6.002866666666667,9277.0,867.0,BOT_LANE_CORE,support_dead_with_xy
EUW1_7696317290,200,8,8.003466666666666,14340.0,14391.0,RED_BASE,support_in_base
EUW1_7696317290,200,10,10.004,12788.0,1349.0,BOT_LANE_CORE,support_dead_with_xy
EUW1_7696317673,100,6,6.002933333333333,727.0,568.0,BLUE_BASE,support_in_base
EUW1_7696317673,200,9,9.00375,11328.0,1871.0,BOT_LANE_CORE,support_dead_with_xy
EUW1_7696317673,200,11,11.004166666666666,11940.0,3987.0,BOT_SIDE_NEAR,support_dead_with_xy
EUW1_7696317878,100,6,6.004966666666666,3451.0,845.0,BLUE_BASE,support_in_base
EUW1_7696318769,100,8,8.004033333333334,3510.0,798.0,BLUE_BASE,support_in_base
EUW1_7696318769,200,6,6.0015,13590.0,2309.0,BOT_LANE_CORE,support_dead_with_xy
EUW1_7696319446,100,9,9.004033333333334,2338.0,782.0,BLUE_BASE,support_in_base
EUW1_7696319446,100,11,11.004566666666667,1090.0,875.0,BLUE_BASE,support_in_base
EUW1_7696319446,200,11,11.004566666666667,13463.0,5407.0,BOT_LANE_CORE,support_dead_with_xy
EUW1_7696319633,100,8,8.00165,11536.0,1132.0,BOT_LANE_CORE,support_dead_with_xy
EUW1_7696319633,200,8,8.00165,13238.0,2718.0,BOT_LANE_CORE,support_dead_with_xy
EUW1_7696319923,200,6,6.00325,12446.0,12813.0,RED_BASE,support_in_base
EUW1_7696319923,200,9,9.004333333333333,3994.0,14015.0,TOP_LANE_CORE,support_dead_with_xy
EUW1_7696320155,200,7,7.003316666666667,12187.0,6594.0,RED_BOT_JUNGLE,support_dead_with_xy
EUW1_7696320155,200,11,11.004033333333334,11948.0,1299.0,BOT_LANE_CORE,support_dead_with_xy
EUW1_7696320178,100,9,9.001833333333334,3044.0,896.0,BLUE_BASE,support_in_base
EUW1_7696320178,200,7,7.001566666666666,9484.0,1143.0,BOT_LANE_CORE,support_dead_with_xy
EUW1_7696320261,200,5,5.002566666666667,11428.0,1797.0,BOT_LANE_CORE,support_dead_with_xy
EUW1_7696320679,100,9,9.0019,11780.0,2127.0,BOT_LANE_CORE,support_dead_with_xy
EUW1_7696320726,100,6,6.0034833333333335,11265.0,1391.0,BOT_LANE_CORE,support_dead_with_xy
EUW1_7696320726,200,7,7.003816666666666,14212.0,14159.0,RED_BASE,support_in_base
EUW1_7696321381,100,8,8.00355,394.0,461.0,BLUE_BASE,support_in_base
EUW1_7696322567,100,8,8.001933333333334,394.0,461.0,BLUE_BASE,support_in_base
EUW1_7696322567,200,6,6.0014,14020.0,11618.0,RED_BASE,support_in_base
EUW1_7696322836,200,11,11.00425,11875.0,1114.0,BOT_LANE_CORE,support_dead_with_xy
EUW1_7696323414,100,6,6.003316666666667,394.0,461.0,BLUE_BASE,support_in_base
EUW1_7696323414,100,8,8.0041,904.0,637.0,BLUE_BASE,support_in_base
EUW1_7696323414,200,10,10.004633333333333,9147.0,5936.0,RIVER_BOT,support_dead_with_xy
EUW1_7696323431,100,6,6.004283333333333,11978.0,2206.0,BOT_LANE_CORE,support_dead_with_xy
EUW1_7696323431,200,11,11.006216666666667,14340.0,14391.0,RED_BASE,support_in_base
EUW1_7696324514,200,6,6.0030833333333335,11636.0,2154.0,BOT_SIDE_NEAR,support_dead_with_xy
EUW1_7696324514,200,8,8.003716666666667,13266.0,3366.0,BOT_LANE_CORE,support_dead_with_xy
EUW1_7696324818,200,9,9.004616666666667,14268.0,12869.0,RED_BASE,support_in_base
EUW1_7696325236,100,9,9.00425,10995.0,1094.0,BOT_LANE_CORE,support_dead_with_xy
EUW1_7696325236,200,6,6.003133333333333,14284.0,13419.0,RED_BASE,support_in_base
EUW1_7696326089,200,7,7.00335,14140.0,12178.0,RED_BASE,support_in_base
EUW1_7696326571,200,9,9.004366666666666,14099.0,5036.0,BOT_LANE_CORE,support_dead_with_xy
EUW1_7696326641,100,5,5.003416666666666,1857.0,683.0,BLUE_BASE,support_in_base
EUW1_7696326641,100,9,9.004483333333333,2694.0,856.0,BLUE_BASE,support_in_base
EUW1_7696326641,200,5,5.003416666666666,14284.0,14098.0,RED_BASE,support_in_base
EUW1_7696326641,200,11,11.005033333333333,11513.0,1909.0,BOT_LANE_CORE,support_dead_with_xy
EUW1_7696326832,100,6,6.001116666666666,1993.0,790.0,BLUE_BASE,support_in_base
EUW1_7696326832,100,9,9.002933333333333,1546.0,561.0,BLUE_BASE,support_in_base
EUW1_7696326832,200,5,5.0008333333333335,13856.0,3482.0,BOT_LANE_CORE,support_dead_with_xy
EUW1_7696326832,200,10,10.002966666666667,13872.0,11090.0,RED_BASE,support_in_base
EUW1_7696327177,100,6,6.001566666666666,394.0,461.0,BLUE_BASE,support_in_base
EUW1_7696327177,200,8,8.00385,13638.0,1760.0,BOT_LANE_CORE,support_dead_with_xy
EUW1_7696327845,200,9,9.004166666666666,13594.0,13108.0,RED_BASE,support_in_base
EUW1_7696328010,100,11,11.004833333333334,970.0,883.0,BLUE_BASE,support_in_base
EUW1_7696328218,100,9,9.0043,2350.0,809.0,BLUE_BASE,support_in_base
EUW1_7696328218,200,6,6.003583333333333,13542.0,2929.0,BOT_LANE_CORE,support_dead_with_xy
EUW1_7696328218,200,7,7.004016666666667,13080.0,3446.0,BOT_LANE_CORE,support_dead_with_xy
EUW1_7696329387,100,7,7.003116666666667,552.0,536.0,BLUE_BASE,support_in_base
EUW1_7696329387,100,10,10.00435,11144.0,1246.0,BOT_LANE_CORE,support_dead_with_xy
EUW1_7696329583,100,5,5.0012,2801.0,695.0,BLUE_BASE,support_in_base
EUW1_7696329583,100,7,7.003583333333333,10938.0,1387.0,BOT_LANE_CORE,support_dead_with_xy
EUW1_7696331650,200,8,8.004166666666666,14075.0,13142.0,RED_BASE,support_in_base
EUW1_7696331860,200,11,11.005516666666667,13703.0,13197.0,RED_BASE,support_in_base
EUW1_7696332186,100,7,7.00305,10977.0,1622.0,BOT_LANE_CORE,support_dead_with_xy
EUW1_7696332186,200,5,5.000766666666666,14070.0,12232.0,RED_BASE,support_in_base
EUW1_7696332204,100,6,6.00305,3025.0,978.0,BLUE_BASE,support_in_base
EUW1_7696332204,100,7,7.00355,499.0,544.0,BLUE_BASE,support_in_base
EUW1_7696332204,100,9,9.004166666666666,5215.0,8106.0,BLUE_TOP_JUNGLE,support_dead_with_xy
EUW1_7696332204,200,6,6.00305,7555.0,2550.0,BLUE_BOT_JUNGLE,support_dead_with_xy
EUW1_7696333620,100,9,9.004333333333333,13575.0,3570.0,BOT_LANE_CORE,support_dead_with_xy
EUW1_7696333620,200,9,9.004333333333333,13150.0,3966.0,BOT_LANE_CORE,support_dead_with_xy
EUW1_7696333747,100,9,9.004033333333334,12096.0,5002.0,BOT_SIDE_NEAR,support_dead_with_xy
EUW1_7696333747,200,6,6.00315,14104.0,13080.0,RED_BASE,support_in_base
EUW1_7696333747,200,9,9.004033333333334,13857.0,4964.0,BOT_LANE_CORE,support_dead_with_xy
EUW1_7696335654,100,7,7.003283333333333,2257.0,992.0,BLUE_BASE,support_in_base
EUW1_7696335654,100,11,11.004166666666666,1715.0,840.0,BLUE_BASE,support_in_base
EUW1_7696335654,200,6,6.003033333333334,9317.0,2394.0,BOT_SIDE_NEAR,support_dead_with_xy
EUW1_7696335654,200,8,8.0034,13340.0,3008.0,BOT_LANE_CORE,support_dead_with_xy
EUW1_7696335758,200,10,10.004066666666667,13688.0,12985.0,RED_BASE,support_in_base
EUW1_7696335826,200,7,7.003916666666667,13479.0,3528.0,BOT_LANE_CORE,support_dead_with_xy
EUW1_7696335826,200,9,9.004483333333333,2893.0,7074.0,BLUE_TOP_JUNGLE,support_dead_with_xy
EUW1_7696336013,100,8,8.003416666666666,1125.0,543.0,BLUE_BASE,support_in_base
EUW1_7696336013,100,10,10.004033333333334,598.0,507.0,BLUE_BASE,support_in_base
EUW1_7696336397,100,5,5.003066666666666,757.0,562.0,BLUE_BASE,support_in_base
EUW1_7696336397,100,9,9.003966666666667,1159.0,593.0,BLUE_BASE,support_in_base
EUW1_7696336397,100,11,11.005,2500.0,2383.0,BLUE_BASE,support_in_base
EUW1_7696336479,100,5,5.003533333333333,1832.0,1068.0,BLUE_BASE,support_in_base
EUW1_7696336479,100,8,8.004266666666666,421.0,469.0,BLUE_BASE,support_in_base
EUW1_7696336479,100,11,11.004766666666667,8614.0,5449.0,BLUE_BOT_JUNGLE,support_dead_with_xy
EUW1_7696336479,200,10,10.00465,13941.0,12238.0,RED_BASE,support_in_base
EUW1_7696336968,100,6,6.0037666666666665,1233.0,819.0,BLUE_BASE,support_in_base
EUW1_7696337072,100,5,5.002916666666667,3247.0,863.0,BLUE_BASE,support_in_base
EUW1_7696337072,100,9,9.00445,981.0,509.0,BLUE_BASE,support_in_base
EUW1_7696338392,200,8,8.00445,8864.0,6236.0,RIVER_BOT,support_dead_with_xy
EUW1_7696338392,200,10,10.005,13453.0,12878.0,RED_BASE,support_in_base
EUW1_7696338619,100,6,6.0039,3366.0,769.0,BLUE_BASE,support_in_base
EUW1_7696338619,100,7,7.003983333333333,11188.0,1420.0,BOT_LANE_CORE,support_dead_with_xy
EUW1_7696338619,100,10,10.004883333333334,12769.0,1257.0,BOT_LANE_CORE,support_dead_with_xy
EUW1_7696338999,100,9,9.004216666666666,11028.0,1087.0,BOT_LANE_CORE,support_dead_with_xy
EUW1_7696338999,100,11,11.004483333333333,9548.0,1548.0,BOT_LANE_CORE,support_dead_with_xy
EUW1_7696340654,100,5,5.001366666666667,1747.0,894.0,BLUE_BASE,support_in_base
EUW1_7696340654,200,5,5.001366666666667,14340.0,14391.0,RED_BASE,support_in_base
EUW1_7696340654,200,8,8.004,13326.0,1212.0,BOT_LANE_CORE,support_dead_with_xy
EUW1_7696340654,200,10,10.0047,7629.0,7907.0,MID_LANE,support_dead_with_xy
EUW1_7696340743,100,7,7.0033,394.0,461.0,BLUE_BASE,support_in_base
EUW1_7696340743,100,9,9.003666666666666,2791.0,11233.0,TOP_SIDE_NEAR,support_dead_with_xy
EUW1_7696340743,200,8,8.003616666666666,12321.0,8055.0,RED_BOT_JUNGLE,support_dead_with_xy
EUW1_7696340788,200,8,8.002633333333334,13734.0,13789.0,RED_BASE,support_in_base
EUW1_7696342144,100,5,5.001283333333333,12160.0,1296.0,BOT_LANE_CORE,support_dead_with_xy
EUW1_7696342144,200,11,11.004266666666666,14156.0,14011.0,RED_BASE,support_in_base
EUW1_7696342421,100,8,8.00365,1832.0,1361.0,BLUE_BASE,support_in_base
EUW1_7696342421,100,11,11.004933333333334,1167.0,742.0,BLUE_BASE,support_in_base
EUW1_7696342608,200,11,11.004033333333334,14175.0,13651.0,RED_BASE,support_in_base
EUW1_7696342609,100,7,7.0035,7967.0,8702.0,MID_LANE,support_dead_with_xy
EUW1_7696343201,100,6,6.002783333333333,1766.0,1137.0,BLUE_BASE,support_in_base
EUW1_7696343201,100,11,11.004283333333333,3126.0,1359.0,BLUE_BASE,support_in_base
EUW1_7696343201,200,6,6.002783333333333,13954.0,11943.0,RED_BASE,support_in_base
EUW1_7696344468,100,11,11.004183333333334,1386.0,548.0,BLUE_BASE,support_in_base
EUW1_7696344552,200,6,6.004033333333333,14340.0,14391.0,RED_BASE,support_in_base
EUW1_7696345665,100,9,9.00355,444.0,488.0,BLUE_BASE,support_in_base
EUW1_7696345665,200,8,8.00305,14233.0,13957.0,RED_BASE,support_in_base
EUW1_7696345665,200,11,11.004233333333334,14071.0,11816.0,RED_BASE,support_in_base
EUW1_7696347327,100,5,5.001216666666667,813.0,534.0,BLUE_BASE,support_in_base
EUW1_7696347327,100,8,8.00215,1959.0,820.0,BLUE_BASE,support_in_base
EUW1_7696347327,200,5,5.001216666666667,14252.0,13575.0,RED_BASE,support_in_base
EUW1_7696347327,200,10,10.004216666666666,14340.0,14391.0,RED_BASE,support_in_base
EUW1_7696347558,100,5,5.002866666666667,10690.0,933.0,BOT_LANE_CORE,support_dead_with_xy
EUW1_7696347558,100,10,10.004366666666666,11920.0,1206.0,BOT_LANE_CORE,support_dead_with_xy
EUW1_7696347558,200,11,11.004933333333334,14593.0,14462.0,RED_BASE,support_in_base
EUW1_7696347887,100,11,11.004716666666667,1350.0,1022.0,BLUE_BASE,support_in_base
EUW1_7696348093,100,6,6.0032,394.0,461.0,BLUE_BASE,support_in_base
EUW1_7696348218,100,8,8.001216666666666,2353.0,614.0,BLUE_BASE,support_in_base
EUW1_7696348218,200,6,6.0008333333333335,12887.0,3414.0,BOT_LANE_CORE,support_dead_with_xy
EUW1_7696349587,200,5,5.00325,13917.0,13083.0,RED_BASE,support_in_base
EUW1_7696349669,100,8,8.003416666666666,394.0,461.0,BLUE_BASE,support_in_base
EUW1_7696349669,200,10,10.004366666666666,12417.0,11819.0,RED_BASE,support_in_base
EUW1_7696350098,100,9,9.004133333333334,12268.0,2028.0,BOT_LANE_CORE,support_dead_with_xy
EUW1_7696350098,100,10,10.0044,5664.0,9296.0,RIVER_TOP,support_dead_with_xy
EUW1_7696350098,200,5,5.002966666666667,11071.0,1674.0,BOT_LANE_CORE,support_dead_with_xy
EUW1_7696350098,200,9,9.004133333333334,13974.0,3648.0,BOT_LANE_CORE,support_dead_with_xy
EUW1_7696350486,100,5,5.0033,1114.0,612.0,BLUE_BASE,support_in_base
EUW1_7696350486,100,6,6.003716666666667,13626.0,2799.0,BOT_LANE_CORE,support_dead_with_xy
EUW1_7696350486,100,9,9.004416666666666,1801.0,661.0,BLUE_BASE,support_in_base
EUW1_7696350486,100,11,11.00475,1074.0,956.0,BLUE_BASE,support_in_base
EUW1_7696351035,100,9,9.00495,394.0,461.0,BLUE_BASE,support_in_base
EUW1_7696351121,100,8,8.00405,2121.0,2380.0,BLUE_BASE,support_in_base
EUW1_7696351121,200,9,9.00485,14273.0,14272.0,RED_BASE,support_in_base
EUW1_7696351273,200,8,8.00415,14020.0,11198.0,RED_BASE,support_in_base
EUW1_7696351694,100,5,5.00135,394.0,461.0,BLUE_BASE,support_in_base
EUW1_7696351704,100,8,8.004083333333334,394.0,461.0,BLUE_BASE,support_in_base
EUW1_7696351704,200,11,11.004883333333334,13377.0,2490.0,BOT_LANE_CORE,support_dead_with_xy
EUW1_7696351800,100,10,10.004116666666667,3179.0,2080.0,BLUE_BASE,support_in_base
EUW1_7696352467,200,8,8.004066666666667,12759.0,14107.0,RED_BASE,support_in_base
EUW1_7696352467,200,11,11.004983333333334,14340.0,14391.0,RED_BASE,support_in_base
EUW1_7696352518,100,6,6.0038,3181.0,841.0,BLUE_BASE,support_in_base
EUW1_7696352518,100,8,8.004033333333334,2480.0,2481.0,BLUE_BASE,support_in_base
EUW1_7696352518,100,9,9.004366666666666,13244.0,3796.0,BOT_LANE_CORE,support_dead_with_xy
EUW1_7696352518,200,8,8.004033333333334,14092.0,11943.0,RED_BASE,support_in_base
EUW1_7696353174,100,5,5.003,13272.0,2496.0,BOT_LANE_CORE,support_dead_with_xy
EUW1_7696353174,200,6,6.003516666666667,14303.0,14202.0,RED_BASE,support_in_base
EUW1_7696353174,200,8,8.00375,9334.0,1880.0,BOT_SIDE_NEAR,support_dead_with_xy
EUW1_7696353447,100,8,8.003566666666666,10529.0,845.0,BOT_LANE_CORE,support_dead_with_xy
EUW1_7696353447,100,10,10.00435,3335.0,1853.0,BLUE_BASE,support_in_base
EUW1_7696353447,200,8,8.003566666666666,14340.0,14391.0,RED_BASE,support_in_base
EUW1_7696353447,200,10,10.00435,13381.0,11640.0,RED_BASE,support_in_base
EUW1_7696353597,200,7,7.002866666666667,13393.0,12757.0,RED_BASE,support_in_base
EUW1_7696354219,200,8,8.0043,13733.0,13792.0,RED_BASE,support_in_base
EUW1_7696354616,100,9,9.003933333333332,1343.0,782.0,BLUE_BASE,support_in_base
EUW1_7696354616,200,7,7.00345,14072.0,11730.0,RED_BASE,support_in_base
EUW1_7696355186,100,10,10.003483333333334,10027.0,2382.0,BOT_SIDE_NEAR,support_dead_with_xy
EUW1_7696355186,100,11,11.003566666666666,11217.0,3343.0,BOT_SIDE_NEAR,support_dead_with_xy
EUW1_7696355186,200,10,10.003483333333334,9770.0,2544.0,BOT_SIDE_NEAR,support_dead_with_xy
EUW1_7696355205,200,9,9.004283333333333,12754.0,1969.0,BOT_LANE_CORE,support_dead_with_xy
EUW1_7696355402,100,9,9.003966666666667,2565.0,933.0,BLUE_BASE,support_in_base
EUW1_7696355402,200,6,6.0033666666666665,14175.0,13921.0,RED_BASE,support_in_base
EUW1_7696355402,200,11,11.00495,8951.0,3736.0,BOT_SIDE_NEAR,support_dead_with_xy
EUW1_7696355404,100,9,9.003816666666667,1243.0,942.0,BLUE_BASE,support_in_base
EUW1_7696355742,100,7,7.003416666666666,13966.0,3748.0,BOT_LANE_CORE,support_dead_with_xy
EUW1_7696355742,100,8,8.00345,7786.0,10540.0,RED_TOP_JUNGLE,support_dead_with_xy
EUW1_7696355742,200,7,7.003416666666666,14085.0,4580.0,BOT_LANE_CORE,support_dead_with_xy
EUW1_7696355742,200,9,9.0037,12886.0,4381.0,BOT_SIDE_NEAR,support_dead_with_xy
EUW1_7696357684,100,5,5.001516666666666,12824.0,1558.0,BOT_LANE_CORE,support_dead_with_xy
EUW1_7696357684,100,7,7.001916666666666,1807.0,1322.0,BLUE_BASE,support_in_base
EUW1_7696358144,100,11,11.004516666666667,9904.0,829.0,BOT_LANE_CORE,support_dead_with_xy
EUW1_7696358992,100,8,8.003116666666667,2484.0,2674.0,BLUE_BASE,support_in_base
EUW1_7696358992,200,11,11.004466666666668,14010.0,5157.0,BOT_LANE_CORE,support_dead_with_xy
EUW1_7696359427,200,6,6.00325,14340.0,14391.0,RED_BASE,support_in_base
EUW1_7696359736,100,8,8.004033333333334,1910.0,725.0,BLUE_BASE,support_in_base
EUW1_7696359761,100,6,6.001333333333333,11873.0,4289.0,BOT_SIDE_NEAR,support_dead_with_xy
EUW1_7696359761,200,9,9.004366666666666,8305.0,8094.0,MID_LANE,support_dead_with_xy
EUW1_7696360006,200,6,6.0030166666666664,13326.0,4354.0,BOT_LANE_CORE,support_dead_with_xy
EUW1_7696361310,100,8,8.00335,11006.0,965.0,BOT_LANE_CORE,support_dead_with_xy
EUW1_7696361310,100,9,9.003583333333333,1345.0,2008.0,BLUE_BASE,support_in_base
EUW1_7696361310,200,8,8.00335,11648.0,1695.0,BOT_LANE_CORE,support_dead_with_xy
EUW1_7696362091,100,6,6.0030833333333335,10936.0,938.0,BOT_LANE_CORE,support_dead_with_xy
EUW1_7696362091,100,11,11.004116666666667,1711.0,833.0,BLUE_BASE,support_in_base
EUW1_7696362091,200,11,11.004116666666667,14340.0,14391.0,RED_BASE,support_in_base
EUW1_7696362287,200,7,7.001616666666667,14233.0,12321.0,RED_BASE,support_in_base
EUW1_7696362287,200,8,8.001716666666667,13615.0,2781.0,BOT_LANE_CORE,support_dead_with_xy
EUW1_7696363012,200,7,7.003833333333334,13174.0,3641.0,BOT_LANE_CORE,support_dead_with_xy
EUW1_7696363536,200,11,11.004783333333334,14340.0,14391.0,RED_BASE,support_in_base
EUW1_7696363616,200,6,6.003516666666667,12748.0,12782.0,RED_BASE,support_in_base
EUW1_7696363616,200,8,8.004216666666666,7599.0,7108.0,MID_LANE,support_dead_with_xy
EUW1_7696363616,200,9,9.00475,1820.0,11169.0,TOP_SIDE_NEAR,support_dead_with_xy
EUW1_7696364098,200,9,9.004316666666666,14340.0,14391.0,RED_BASE,support_in_base
EUW1_7696364995,100,9,9.003883333333333,394.0,461.0,BLUE_BASE,support_in_base
EUW1_7696365783,100,7,7.003816666666666,9960.0,1650.0,BOT_LANE_CORE,support_dead_with_xy
EUW1_7696365783,100,9,9.004233333333334,394.0,461.0,BLUE_BASE,support_in_base
EUW1_7696365783,100,10,10.004283333333333,11875.0,1875.0,BOT_LANE_CORE,support_dead_with_xy
EUW1_7696365783,100,11,11.005116666666666,710.0,616.0,BLUE_BASE,support_in_base
EUW1_7696365846,100,10,10.003966666666667,3142.0,725.0,BLUE_BASE,support_in_base
EUW1_7696365846,200,6,6.001283333333333,13379.0,4638.0,BOT_LANE_CORE,support_dead_with_xy
EUW1_7696366402,200,7,7.0034,11558.0,3183.0,BOT_SIDE_NEAR,support_dead_with_xy
EUW1_7696366402,200,9,9.0045,3719.0,8695.0,TOP_SIDE_NEAR,support_dead_with_xy
EUW1_7696366405,100,8,8.001883333333334,13281.0,3289.0,BOT_LANE_CORE,support_dead_with_xy
EUW1_7696366405,200,8,8.001883333333334,13645.0,3847.0,BOT_LANE_CORE,support_dead_with_xy
EUW1_7696366405,200,9,9.00195,14277.0,13007.0,RED_BASE,support_in_base
EUW1_7696366528,200,10,10.00395,14113.0,12059.0,RED_BASE,support_in_base
EUW1_7696368044,100,6,6.0038,2147.0,944.0,BLUE_BASE,support_in_base
EUW1_7696368044,100,8,8.004166666666666,2186.0,1569.0,BLUE_BASE,support_in_base
EUW1_7696368673,100,7,7.002883333333333,11853.0,2899.0,BOT_SIDE_NEAR,support_dead_with_xy
EUW1_7696368673,100,11,11.003933333333332,10753.0,2567.0,BOT_SIDE_NEAR,support_dead_with_xy
EUW1_7696368673,200,6,6.001416666666667,13901.0,11607.0,RED_BASE,support_in_base
EUW1_7696368673,200,9,9.0034,14306.0,14324.0,RED_BASE,support_in_base
EUW1_7696368723,100,6,6.001616666666667,394.0,461.0,BLUE_BASE,support_in_base
EUW1_7696368723,100,7,7.001666666666667,12747.0,3097.0,BOT_LANE_CORE,support_dead_with_xy
EUW1_7696368954,200,8,8.002916666666666,14195.0,13922.0,RED_BASE,support_in_base
EUW1_7696369042,100,5,5.002516666666667,13085.0,5131.0,BOT_LANE_CORE,support_dead_with_xy
EUW1_7696369042,100,11,11.00385,1165.0,719.0,BLUE_BASE,support_in_base
EUW1_7696369042,200,11,11.00385,13708.0,13187.0,RED_BASE,support_in_base
EUW1_7696369054,200,8,8.00365,13025.0,3424.0,BOT_LANE_CORE,support_dead_with_xy
EUW1_7696369054,200,11,11.004483333333333,10735.0,3286.0,BOT_SIDE_NEAR,support_dead_with_xy
EUW1_7696369840,100,11,11.004916666666666,1930.0,742.0,BLUE_BASE,support_in_base
EUW1_7696371570,100,8,8.001633333333332,11266.0,3587.0,BOT_SIDE_NEAR,support_dead_with_xy
EUW1_7696371570,100,11,11.00385,7647.0,5882.0,BLUE_BOT_JUNGLE,support_dead_with_xy
EUW1_7696371570,200,8,8.001633333333332,13212.0,11951.0,RED_BASE,support_in_base
EUW1_7696372430,200,8,8.003533333333333,13374.0,1973.0,BOT_LANE_CORE,support_dead_with_xy
EUW1_7696372600,200,11,11.004866666666667,14340.0,14391.0,RED_BASE,support_in_base
EUW1_7696373000,200,10,10.004133333333334,11750.0,2505.0,BOT_SIDE_NEAR,support_dead_with_xy
EUW1_7696373193,100,5,5.0034833333333335,3178.0,720.0,BLUE_BASE,support_in_base
EUW1_7696375248,100,8,8.003883333333333,2314.0,1401.0,BLUE_BASE,support_in_base
EUW1_7696375248,200,6,6.003233333333333,12889.0,2074.0,BOT_LANE_CORE,support_dead_with_xy
EUW1_7696375755,100,8,8.004066666666667,1380.0,719.0,BLUE_BASE,support_in_base
EUW1_7696376316,100,5,5.003216666666667,1802.0,1217.0,BLUE_BASE,support_in_base
EUW1_7696376316,200,5,5.003216666666667,12972.0,12317.0,RED_BASE,support_in_base
EUW1_7696376389,200,7,7.00365,13615.0,13120.0,RED_BASE,support_in_base
EUW1_7696377121,100,7,7.0035,394.0,461.0,BLUE_BASE,support_in_base
EUW1_7696378808,200,5,5.0009,11637.0,13734.0,RED_BASE,support_in_base
EUW1_7696378808,200,7,7.0013,14243.0,13005.0,RED_BASE,support_in_base
EUW1_7696379731,200,6,6.003616666666667,13543.0,4841.0,BOT_LANE_CORE,support_dead_with_xy
EUW1_7696379731,200,9,9.0048,13871.0,12883.0,RED_BASE,support_in_base
EUW1_7696381685,100,8,8.0044,566.0,781.0,BLUE_BASE,support_in_base
EUW1_7696381913,200,6,6.003683333333333,14313.0,14232.0,RED_BASE,support_in_base
EUW1_7696382461,100,11,11.004933333333334,6149.0,6351.0,MID_LANE,support_dead_with_xy
EUW1_7696382461,200,9,9.004433333333333,13358.0,4416.0,BOT_LANE_CORE,support_dead_with_xy
EUW1_7696383156,100,5,5.00065,2024.0,1788.0,BLUE_BASE,support_in_base
EUW1_7696383156,200,6,6.000783333333334,13567.0,3793.0,BOT_LANE_CORE,support_dead_with_xy
EUW1_7696383156,200,11,11.003683333333333,10513.0,7451.0,RED_BOT_JUNGLE,support_dead_with_xy
EUW1_7696383295,100,5,5.003233333333333,3204.0,925.0,BLUE_BASE,support_in_base
EUW1_7696383295,100,10,10.004716666666667,12080.0,1884.0,BOT_LANE_CORE,support_dead_with_xy
EUW1_7696383295,200,6,6.00345,14340.0,14390.0,RED_BASE,support_in_base
EUW1_7696383295,200,7,7.003583333333333,13969.0,11672.0,RED_BASE,support_in_base
EUW1_7696383298,100,11,11.004983333333334,13618.0,2923.0,BOT_LANE_CORE,support_dead_with_xy
EUW1_7696383298,200,8,8.004283333333333,12066.0,2281.0,BOT_LANE_CORE,support_dead_with_xy
EUW1_7696383298,200,11,11.004983333333334,14340.0,14391.0,RED_BASE,support_in_base
EUW1_7696384289,100,7,7.00385,10055.0,4260.0,DRAGON_AREA,support_dead_with_xy
EUW1_7696384780,100,10,10.003316666666667,2227.0,2921.0,BLUE_BASE,support_in_base
EUW1_7696384780,200,10,10.003316666666667,14057.0,5018.0,BOT_LANE_CORE,support_dead_with_xy
EUW1_7696384820,100,6,6.000966666666667,13039.0,2637.0,BOT_LANE_CORE,support_dead_with_xy
EUW1_7696384820,200,10,10.003816666666667,10768.0,2329.0,BOT_SIDE_NEAR,support_dead_with_xy
EUW1_7696386060,200,7,7.0030166666666664,11752.0,3044.0,BOT_SIDE_NEAR,support_dead_with_xy
EUW1_7696386060,200,9,9.003733333333333,14372.0,13706.0,RED_BASE,support_in_base
EUW1_7696386392,200,10,10.00405,12444.0,1352.0,BOT_LANE_CORE,support_dead_with_xy
EUW1_7696387964,200,6,6.003783333333334,12175.0,4917.0,BOT_SIDE_NEAR,support_dead_with_xy
EUW1_7696387964,200,11,11.0056,14268.0,13812.0,RED_BASE,support_in_base
EUW1_7696388305,100,8,8.003683333333333,1256.0,1976.0,BLUE_BASE,support_in_base
EUW1_7696388305,200,9,9.004166666666666,13941.0,13866.0,RED_BASE,support_in_base
EUW1_7696388362,100,8,8.00255,394.0,461.0,BLUE_BASE,support_in_base
EUW1_7696388362,200,6,6.001,14340.0,14391.0,RED_BASE,support_in_base
EUW1_7696388362,200,8,8.00255,12461.0,7253.0,RED_BOT_JUNGLE,support_dead_with_xy
EUW1_7696388896,200,7,7.0034,12781.0,11595.0,RED_BASE,support_in_base
EUW1_7696388896,200,9,9.0039,7132.0,8853.0,RED_TOP_JUNGLE,support_dead_with_xy
EUW1_7696390277,100,5,5.000733333333334,3747.0,1531.0,BLUE_BASE,support_in_base
EUW1_7696390277,200,5,5.000733333333334,14086.0,11275.0,RED_BASE,support_in_base
EUW1_7696391757,200,11,11.003866666666667,13757.0,13940.0,RED_BASE,support_in_base
EUW1_7696391763,100,7,7.001833333333333,12607.0,3218.0,BOT_LANE_CORE,support_dead_with_xy
EUW1_7696391763,100,9,9.00365,14046.0,5380.0,BOT_LANE_CORE,support_dead_with_xy
EUW1_7696391763,200,9,9.00365,14340.0,14391.0,RED_BASE,support_in_base
EUW1_7696391763,200,10,10.003866666666667,5861.0,12609.0,TOP_SIDE_NEAR,support_dead_with_xy
EUW1_7696392038,100,8,8.00345,1530.0,629.0,BLUE_BASE,support_in_base
EUW1_7696392038,100,9,9.00395,2262.0,732.0,BLUE_BASE,support_in_base
EUW1_7696392038,200,8,8.00345,13955.0,14315.0,RED_BASE,support_in_base
EUW1_7696392209,100,11,11.003466666666666,10181.0,2571.0,BOT_SIDE_NEAR,support_dead_with_xy
EUW1_7696392209,200,11,11.003466666666666,12104.0,3365.0,BOT_SIDE_NEAR,support_dead_with_xy
EUW1_7696392663,100,8,8.004083333333334,10259.0,1171.0,BOT_LANE_CORE,support_dead_with_xy
EUW1_7696392898,200,10,10.00425,12603.0,3224.0,BOT_LANE_CORE,support_dead_with_xy
EUW1_7696394506,200,5,5.002916666666667,13925.0,13923.0,RED_BASE,support_in_base
EUW1_7696394860,100,6,6.003583333333333,11464.0,1923.0,BOT_LANE_CORE,support_dead_with_xy
EUW1_7696394860,100,9,9.004616666666667,2362.0,1996.0,BLUE_BASE,support_in_base
EUW1_7696395216,100,6,6.00335,3239.0,739.0,BLUE_BASE,support_in_base
EUW1_7696395216,100,7,7.0035,10166.0,5286.0,DRAGON_AREA,support_dead_with_xy
EUW1_7696395216,100,10,10.004333333333333,2403.0,974.0,BLUE_BASE,support_in_base
EUW1_7696395216,100,11,11.00455,11668.0,1701.0,BOT_LANE_CORE,support_dead_with_xy
EUW1_7696395216,200,9,9.004116666666667,2886.0,7346.0,BLUE_TOP_JUNGLE,support_dead_with_xy
EUW1_7696395321,200,8,8.004016666666667,14340.0,14391.0,RED_BASE,support_in_base
EUW1_7696395321,200,10,10.004633333333333,14321.0,14120.0,RED_BASE,support_in_base
EUW1_7696395703,200,6,6.0028,13788.0,13423.0,RED_BASE,support_in_base
EUW1_7696395703,200,9,9.0038,14168.0,14081.0,RED_BASE,support_in_base
EUW1_7696395703,200,11,11.004183333333334,14239.0,14168.0,RED_BASE,support_in_base
EUW1_7696395776,100,9,9.004616666666667,13410.0,1158.0,BOT_LANE_CORE,support_dead_with_xy
EUW1_7696395776,200,9,9.004616666666667,13333.0,12836.0,RED_BASE,support_in_base
EUW1_7696395776,200,10,10.004683333333332,13434.0,4870.0,BOT_LANE_CORE,support_dead_with_xy
EUW1_7696396363,100,6,6.002666666666666,394.0,461.0,BLUE_BASE,support_in_base
EUW1_7696396363,200,6,6.002666666666666,12587.0,11521.0,RED_BASE,support_in_base
EUW1_7696397118,200,5,5.003316666666667,13103.0,4506.0,BOT_LANE_CORE,support_dead_with_xy
EUW1_7696398121,100,8,8.00395,980.0,787.0,BLUE_BASE,support_in_base
EUW1_7696398121,100,11,11.004766666666667,6449.0,6887.0,MID_LANE,support_dead_with_xy
EUW1_7696398598,100,10,10.004033333333334,485.0,667.0,BLUE_BASE,support_in_base
EUW1_7696398598,200,10,10.004033333333334,13119.0,2458.0,BOT_LANE_CORE,support_dead_with_xy
EUW1_7696398612,100,5,5.000566666666667,1180.0,266.0,BLUE_BASE,support_in_base
EUW1_7696398612,100,8,8.0032,2246.0,432.0,BLUE_BASE,support_in_base
EUW1_7696398612,200,11,11.004716666666667,13951.0,11081.0,RED_BASE,support_in_base
EUW1_7696399000,200,6,6.001366666666667,14340.0,14391.0,RED_BASE,support_in_base
EUW1_7696399839,100,8,8.003866666666667,541.0,483.0,BLUE_BASE,support_in_base
EUW1_7696399839,200,6,6.0031,13814.0,4310.0,BOT_LANE_CORE,support_dead_with_xy
EUW1_7696399839,200,10,10.003983333333334,14306.0,14051.0,RED_BASE,support_in_base
EUW1_7696402525,100,9,9.0039,1479.0,2224.0,BLUE_BASE,support_in_base
EUW1_7696402781,100,7,7.003166666666667,2885.0,844.0,BLUE_BASE,support_in_base
EUW1_7696403447,200,9,9.0045,13081.0,2883.0,BOT_LANE_CORE,support_dead_with_xy
EUW1_7696403507,100,6,6.0022166666666665,2643.0,620.0,BLUE_BASE,support_in_base
EUW1_7696403507,100,10,10.004266666666666,724.0,7788.0,TOP_LANE_CORE,support_dead_with_xy
EUW1_7696403507,200,10,10.004266666666666,2856.0,7888.0,BLUE_TOP_JUNGLE,support_dead_with_xy
EUW1_7696403507,200,11,11.004616666666667,11236.0,1822.0,BOT_LANE_CORE,support_dead_with_xy
EUW1_7696403856,100,7,7.0037,1372.0,827.0,BLUE_BASE,support_in_base
EUW1_7696403856,100,11,11.00415,2963.0,2360.0,BLUE_BASE,support_in_base
EUW1_7696404030,200,9,9.004916666666666,13376.0,11653.0,RED_BASE,support_in_base
EUW1_7696404588,100,10,10.00485,1678.0,1069.0,BLUE_BASE,support_in_base
EUW1_7696404588,200,8,8.00415,14238.0,13439.0,RED_BASE,support_in_base
EUW1_7696405024,100,6,6.003416666666666,3494.0,751.0,BLUE_BASE,support_in_base
EUW1_7696405024,100,8,8.0041,12975.0,1962.0,BOT_LANE_CORE,support_dead_with_xy
EUW1_7696405433,100,9,9.001616666666667,394.0,461.0,BLUE_BASE,support_in_base
EUW1_7696405433,200,9,9.001616666666667,11276.0,1808.0,BOT_LANE_CORE,support_dead_with_xy
EUW1_7696405497,100,10,10.004833333333334,13644.0,1896.0,BOT_LANE_CORE,support_dead_with_xy
EUW1_7696405497,200,5,5.003033333333334,13326.0,12850.0,RED_BASE,support_in_base
EUW1_7696405497,200,11,11.00505,11787.0,6712.0,RED_BOT_JUNGLE,support_dead_with_xy
EUW1_7696405676,200,9,9.003683333333333,13216.0,12451.0,RED_BASE,support_in_base
EUW1_7696406637,100,5,5.00305,2734.0,958.0,BLUE_BASE,support_in_base
EUW1_7696406637,200,5,5.00305,14340.0,14391.0,RED_BASE,support_in_base
EUW1_7696406637,200,7,7.0039,14340.0,14391.0,RED_BASE,support_in_base
EUW1_7696407480,100,7,7.001033333333333,1086.0,875.0,BLUE_BASE,support_in_base
EUW1_7696407480,100,10,10.00165,1612.0,2391.0,BLUE_BASE,support_in_base
EUW1_7696407480,200,7,7.001033333333333,13908.0,11008.0,RED_BASE,support_in_base
EUW1_7696407480,200,10,10.00165,14329.0,13954.0,RED_BASE,support_in_base
EUW1_7696407606,200,10,10.004116666666667,10642.0,1671.0,BOT_LANE_CORE,support_dead_with_xy
EUW1_7696407778,100,6,6.003233333333333,2522.0,753.0,BLUE_BASE,support_in_base
EUW1_7696407778,100,10,10.004133333333334,2843.0,13611.0,TOP_LANE_CORE,support_dead_with_xy
EUW1_7696408435,100,11,11.004716666666667,394.0,461.0,BLUE_BASE,support_in_base
EUW1_7696408435,200,6,6.002766666666667,14132.0,11219.0,RED_BASE,support_in_base
EUW1_7696408435,200,10,10.004483333333333,14340.0,14391.0,RED_BASE,support_in_base
EUW1_7696409072,100,10,10.00375,1304.0,710.0,BLUE_BASE,support_in_base
EUW1_7696409072,100,11,11.004016666666667,13028.0,4384.0,BOT_LANE_CORE,support_dead_with_xy
EUW1_7696409072,200,7,7.0029,13375.0,12244.0,RED_BASE,support_in_base
EUW1_7696409152,100,5,5.002633333333334,837.0,466.0,BLUE_BASE,support_in_base
EUW1_7696409152,100,7,7.003066666666666,2915.0,781.0,BLUE_BASE,support_in_base
EUW1_7696409152,100,8,8.003466666666666,10980.0,3714.0,BOT_SIDE_NEAR,support_dead_with_xy
EUW1_7696409665,100,9,9.003583333333333,11119.0,4949.0,BOT_SIDE_NEAR,support_dead_with_xy
EUW1_7696409665,200,6,6.0032,14000.0,3880.0,BOT_LANE_CORE,support_dead_with_xy
EUW1_7696409750,100,6,6.003033333333334,2123.0,681.0,BLUE_BASE,support_in_base
EUW1_7696409750,100,11,11.004516666666667,715.0,237.0,BLUE_BASE,support_in_base
EUW1_7696409750,200,5,5.0029,12311.0,2091.0,BOT_LANE_CORE,support_dead_with_xy
EUW1_7696409750,200,6,6.003033333333334,11959.0,2821.0,BOT_SIDE_NEAR,support_dead_with_xy
EUW1_7696409750,200,11,11.004516666666667,14040.0,12834.0,RED_BASE,support_in_base
EUW1_7696409956,200,8,8.003216666666667,13684.0,14128.0,RED_BASE,support_in_base
EUW1_7696410471,200,8,8.003933333333332,14340.0,14391.0,RED_BASE,support_in_base
EUW1_7696410798,100,5,5.002533333333333,605.0,539.0,BLUE_BASE,support_in_base
EUW1_7696410798,100,7,7.0032,11414.0,1436.0,BOT_LANE_CORE,support_dead_with_xy
EUW1_7696411262,100,7,7.0037666666666665,769.0,524.0,BLUE_BASE,support_in_base
EUW1_7696411262,100,9,9.004616666666667,700.0,531.0,BLUE_BASE,support_in_base
EUW1_7696411262,200,6,6.0034,14134.0,13575.0,RED_BASE,support_in_base
EUW1_7696411462,200,9,9.0038,13106.0,12143.0,RED_BASE,support_in_base
EUW1_7696411938,200,11,11.004666666666667,14005.0,13396.0,RED_BASE,support_in_base
EUW1_7696412378,100,5,5.002533333333333,394.0,461.0,BLUE_BASE,support_in_base
EUW1_7696412378,100,6,6.0026,11163.0,5216.0,BOT_SIDE_NEAR,support_dead_with_xy
EUW1_7696412378,200,6,6.0026,11355.0,4541.0,BOT_SIDE_NEAR,support_dead_with_xy
EUW1_7696412378,200,9,9.003566666666666,4793.0,6609.0,BLUE_TOP_JUNGLE,support_dead_with_xy
EUW1_7696412638,200,6,6.00355,14037.0,4938.0,BOT_LANE_CORE,support_dead_with_xy
EUW1_7696413192,100,10,10.004566666666667,1276.0,734.0,BLUE_BASE,support_in_base
EUW1_7696413192,200,5,5.00315,13421.0,11666.0,RED_BASE,support_in_base
EUW1_7696413192,200,6,6.003516666666667,14252.0,13724.0,RED_BASE,support_in_base
EUW1_7696413192,200,11,11.004616666666667,14231.0,14196.0,RED_BASE,support_in_base
EUW1_7696413404,100,6,6.0031,1472.0,791.0,BLUE_BASE,support_in_base
EUW1_7696413432,100,8,8.00335,10195.0,858.0,BOT_LANE_CORE,support_dead_with_xy
EUW1_7696413432,200,5,5.002583333333333,11544.0,1480.0,BOT_LANE_CORE,support_dead_with_xy
EUW1_7696413432,200,8,8.00335,14340.0,14391.0,RED_BASE,support_in_base
EUW1_7696413626,100,8,8.001683333333334,12547.0,1724.0,BOT_LANE_CORE,support_dead_with_xy
EUW1_7696413626,200,5,5.0007166666666665,14340.0,14391.0,RED_BASE,support_in_base
EUW1_7696414228,200,5,5.002633333333334,8862.0,6544.0,RIVER_BOT,support_dead_with_xy
EUW1_7696414228,200,6,6.002833333333333,14014.0,3963.0,BOT_LANE_CORE,support_dead_with_xy
EUW1_7696414228,200,8,8.00325,12245.0,2483.0,BOT_LANE_CORE,support_dead_with_xy
EUW1_7696414350,100,6,6.003183333333333,11929.0,2121.0,BOT_LANE_CORE,support_dead_with_xy
EUW1_7696414350,100,7,7.003716666666667,544.0,481.0,BLUE_BASE,support_in_base
EUW1_7696414350,100,9,9.004333333333333,804.0,498.0,BLUE_BASE,support_in_base
EUW1_7696414350,100,10,10.004516666666667,10642.0,3142.0,BOT_SIDE_NEAR,support_dead_with_xy
EUW1_7696415596,100,6,6.002966666666667,12116.0,3063.0,BOT_SIDE_NEAR,support_dead_with_xy
EUW1_7696415596,200,6,6.002966666666667,12560.0,12730.0,RED_BASE,support_in_base
EUW1_7696415596,200,8,8.003116666666667,12252.0,1598.0,BOT_LANE_CORE,support_dead_with_xy
EUW1_7696415596,200,9,9.00365,5597.0,9302.0,RIVER_TOP,support_dead_with_xy
EUW1_7696416882,100,7,7.003233333333333,6781.0,6784.0,MID_LANE,support_dead_with_xy
EUW1_7696416882,200,6,6.0010666666666665,13891.0,11859.0,RED_BASE,support_in_base
EUW1_7696417908,100,8,8.004366666666666,1649.0,2545.0,BLUE_BASE,support_in_base
EUW1_7696417908,200,6,6.0041,13822.0,13223.0,RED_BASE,support_in_base
EUW1_7696417908,200,7,7.0042333333333335,14111.0,4606.0,BOT_LANE_CORE,support_dead_with_xy
EUW1_7696418485,100,8,8.003916666666667,394.0,461.0,BLUE_BASE,support_in_base
EUW1_7696418485,200,6,6.003283333333333,14340.0,14391.0,RED_BASE,support_in_base
EUW1_7696418485,200,9,9.004433333333333,10487.0,2512.0,BOT_SIDE_NEAR,support_dead_with_xy
EUW1_7696418485,200,11,11.005016666666666,14198.0,11595.0,RED_BASE,support_in_base
EUW1_7696418721,100,7,7.003566666666667,11602.0,1891.0,BOT_LANE_CORE,support_dead_with_xy
EUW1_7696418721,200,6,6.003466666666666,14108.0,4990.0,BOT_LANE_CORE,support_dead_with_xy
EUW1_7696418721,200,10,10.004733333333334,13827.0,12751.0,RED_BASE,support_in_base
EUW1_7696419096,200,5,5.0007,14128.0,13611.0,RED_BASE,support_in_base
EUW1_7696419142,200,11,11.003866666666667,14304.0,14345.0,RED_BASE,support_in_base
EUW1_7696419482,100,10,10.0056,9717.0,1606.0,BOT_LANE_CORE,support_dead_with_xy
EUW1_7696420352,100,9,9.003183333333334,13717.0,5348.0,BOT_LANE_CORE,support_dead_with_xy
EUW1_7696420352,200,5,5.002166666666667,14219.0,14020.0,RED_BASE,support_in_base
EUW1_7696420352,200,7,7.002866666666667,14282.0,13538.0,RED_BASE,support_in_base
EUW1_7696420352,200,9,9.003183333333334,13065.0,5806.0,BOT_LANE_CORE,support_dead_with_xy
EUW1_7696420352,200,11,11.004016666666667,8367.0,8386.0,MID_LANE,support_dead_with_xy
EUW1_7696420357,200,6,6.002966666666667,14196.0,13689.0,RED_BASE,support_in_base
EUW1_7696420357,200,10,10.003816666666667,13439.0,4615.0,BOT_LANE_CORE,support_dead_with_xy
EUW1_7696421092,100,5,5.0013,2979.0,734.0,BLUE_BASE,support_in_base
EUW1_7696421092,100,7,7.003633333333333,10840.0,2066.0,BOT_SIDE_NEAR,support_dead_with_xy
EUW1_7696421092,200,5,5.0013,14149.0,13816.0,RED_BASE,support_in_base
EUW1_7696421092,200,11,11.00485,12983.0,13673.0,RED_BASE,support_in_base
EUW1_7696421341,200,8,8.003516666666666,14196.0,12786.0,RED_BASE,support_in_base
EUW1_7696422039,100,10,10.001366666666666,11084.0,1762.0,BOT_LANE_CORE,support_dead_with_xy
EUW1_7696422857,100,8,8.003866666666667,10067.0,1510.0,BOT_LANE_CORE,support_dead_with_xy
EUW1_7696422857,100,9,9.00395,11908.0,4310.0,BOT_SIDE_NEAR,support_dead_with_xy
EUW1_7696423013,200,9,9.00365,14272.0,13755.0,RED_BASE,support_in_base
EUW1_7696423840,200,11,11.004516666666667,14321.0,13673.0,RED_BASE,support_in_base
EUW1_7696424817,100,6,6.001916666666666,2044.0,1494.0,BLUE_BASE,support_in_base
EUW1_7696424817,200,6,6.001916666666666,12396.0,1477.0,BOT_LANE_CORE,support_dead_with_xy
EUW1_7696424817,200,10,10.0051,12321.0,12064.0,RED_BASE,support_in_base
EUW1_7696424817,200,11,11.005566666666667,13740.0,13897.0,RED_BASE,support_in_base
EUW1_7696424842,100,11,11.004966666666666,1698.0,630.0,BLUE_BASE,support_in_base
EUW1_7696424842,200,9,9.004033333333334,8640.0,8534.0,MID_LANE,support_dead_with_xy
EUW1_7696424842,200,11,11.004966666666666,14193.0,14100.0,RED_BASE,support_in_base
EUW1_7696425130,200,9,9.002266666666667,12132.0,4398.0,BOT_SIDE_NEAR,support_dead_with_xy
EUW1_7696425531,100,5,5.0026,2714.0,653.0,BLUE_BASE,support_in_base
EUW1_7696425531,200,11,11.004583333333333,14340.0,14391.0,RED_BASE,support_in_base
EUW1_7696426517,100,5,5.002833333333333,2495.0,2618.0,BLUE_BASE,support_in_base
EUW1_7696426517,200,9,9.0045,13995.0,4764.0,BOT_LANE_CORE,support_dead_with_xy
EUW1_7696426517,200,11,11.0052,14340.0,14391.0,RED_BASE,support_in_base
EUW1_7696426765,100,10,10.004716666666667,3690.0,10277.0,TOP_SIDE_NEAR,support_dead_with_xy
EUW1_7696426765,200,11,11.00515,12760.0,12942.0,RED_BASE,support_in_base
EUW1_7696427432,100,5,5.002883333333333,2851.0,1382.0,BLUE_BASE,support_in_base
EUW1_7696427432,100,10,10.004966666666666,394.0,461.0,BLUE_BASE,support_in_base
EUW1_7696427432,200,5,5.002883333333333,14362.0,14116.0,RED_BASE,support_in_base
EUW1_7696427432,200,8,8.004066666666667,13080.0,3167.0,BOT_LANE_CORE,support_dead_with_xy
EUW1_7696427432,200,10,10.004966666666666,14340.0,14391.0,RED_BASE,support_in_base
EUW1_7696428269,100,6,6.0011833333333335,1741.0,588.0,BLUE_BASE,support_in_base
EUW1_7696428269,100,10,10.002733333333333,12086.0,5061.0,BOT_SIDE_NEAR,support_dead_with_xy
EUW1_7696428269,100,11,11.004283333333333,12657.0,2155.0,BOT_LANE_CORE,support_dead_with_xy
EUW1_7696428269,200,5,5.00105,12849.0,2851.0,BOT_LANE_CORE,support_dead_with_xy
EUW1_7696428561,100,8,8.00445,3746.0,798.0,BLUE_BASE,support_in_base
EUW1_7696428561,100,9,9.004633333333333,10967.0,4482.0,BOT_SIDE_NEAR,support_dead_with_xy
EUW1_7696428561,200,11,11.00555,14111.0,13823.0,RED_BASE,support_in_base
EUW1_7696428690,200,7,7.003933333333333,6495.0,9687.0,RED_TOP_JUNGLE,support_dead_with_xy
EUW1_7696429277,200,10,10.004233333333334,13722.0,1408.0,BOT_LANE_CORE,support_dead_with_xy
EUW1_7696429370,100,6,6.0013,2500.0,648.0,BLUE_BASE,support_in_base
EUW1_7696429577,100,6,6.00335,841.0,563.0,BLUE_BASE,support_in_base
EUW1_7696429577,200,10,10.004566666666667,12764.0,2956.0,BOT_LANE_CORE,support_dead_with_xy
EUW1_7696429577,200,11,11.004583333333333,14060.0,11518.0,RED_BASE,support_in_base
EUW1_7696429744,100,11,11.00405,1325.0,803.0,BLUE_BASE,support_in_base
EUW1_7696429744,200,10,10.003916666666667,14044.0,13700.0,RED_BASE,support_in_base
EUW1_7696431736,200,9,9.004316666666666,14165.0,13580.0,RED_BASE,support_in_base
EUW1_7696431871,200,6,6.00175,10393.0,1367.0,BOT_LANE_CORE,support_dead_with_xy
EUW1_7696432086,100,5,5.00065,7704.0,6724.0,MID_LANE,support_dead_with_xy
EUW1_7696432086,100,6,6.0010666666666665,11830.0,4860.0,BOT_SIDE_NEAR,support_dead_with_xy
EUW1_7696432086,100,11,11.003616666666666,2655.0,2024.0,BLUE_BASE,support_in_base
EUW1_7696432321,200,10,10.002066666666666,14064.0,13803.0,RED_BASE,support_in_base
EUW1_7696432321,200,11,11.002383333333333,11341.0,3289.0,BOT_SIDE_NEAR,support_dead_with_xy
EUW1_7696432451,100,11,11.004566666666667,833.0,1098.0,BLUE_BASE,support_in_base
EUW1_7696432451,200,9,9.003816666666667,14021.0,12385.0,RED_BASE,support_in_base
EUW1_7696432451,200,10,10.004233333333334,13715.0,5635.0,BOT_LANE_CORE,support_dead_with_xy
EUW1_7696432886,200,7,7.002966666666667,12526.0,1936.0,BOT_LANE_CORE,support_dead_with_xy
EUW1_7696434115,200,9,9.003116666666667,14104.0,4744.0,BOT_LANE_CORE,support_dead_with_xy
EUW1_7696434115,200,10,10.003516666666666,13032.0,4357.0,BOT_LANE_CORE,support_dead_with_xy
EUW1_7696434449,100,6,6.003066666666666,14000.0,4764.0,BOT_LANE_CORE,support_dead_with_xy
EUW1_7696434449,200,6,6.003066666666666,13997.0,4427.0,BOT_LANE_CORE,support_dead_with_xy
EUW1_7696434449,200,9,9.003783333333333,14076.0,4576.0,BOT_LANE_CORE,support_dead_with_xy
EUW1_7696434915,100,6,6.003116666666667,778.0,526.0,BLUE_BASE,support_in_base
EUW1_7696435204,100,6,6.002483333333333,2737.0,1382.0,BLUE_BASE,support_in_base
EUW1_7696435204,100,10,10.003033333333333,687.0,544.0,BLUE_BASE,support_in_base
EUW1_7696435824,100,5,5.002366666666667,394.0,461.0,BLUE_BASE,support_in_base
EUW1_7696436627,100,6,6.0014666666666665,10452.0,856.0,BOT_LANE_CORE,support_dead_with_xy
EUW1_7696436627,200,8,8.00395,14334.0,14379.0,RED_BASE,support_in_base
EUW1_7696437374,100,9,9.002916666666666,13224.0,5473.0,BOT_LANE_CORE,support_dead_with_xy
EUW1_7696437484,100,7,7.003383333333334,12383.0,2733.0,BOT_LANE_CORE,support_dead_with_xy
EUW1_7696437484,100,9,9.00375,12888.0,2231.0,BOT_LANE_CORE,support_dead_with_xy
EUW1_7696437484,200,7,7.003383333333334,14335.0,14356.0,RED_BASE,support_in_base
EUW1_7696438547,200,6,6.000866666666667,14094.0,13610.0,RED_BASE,support_in_base
EUW1_7696438606,200,5,5.0030833333333335,8375.0,7182.0,MID_LANE,support_dead_with_xy
EUW1_7696438652,100,8,8.003583333333333,2713.0,667.0,BLUE_BASE,support_in_base
EUW1_7696438652,100,9,9.00365,5192.0,7869.0,BLUE_TOP_JUNGLE,support_dead_with_xy
EUW1_7696438652,100,11,11.004583333333333,2743.0,2147.0,BLUE_BASE,support_in_base
EUW1_7696438652,200,11,11.004583333333333,12542.0,13229.0,RED_BASE,support_in_base
EUW1_7696441174,100,9,9.001616666666667,13487.0,1949.0,BOT_LANE_CORE,support_dead_with_xy
EUW1_7696441174,100,11,11.003766666666667,13501.0,2589.0,BOT_LANE_CORE,support_dead_with_xy
EUW1_7696441174,200,8,8.001133333333334,13672.0,11964.0,RED_BASE,support_in_base
EUW1_7696441459,100,5,5.003466666666666,12473.0,2400.0,BOT_LANE_CORE,support_dead_with_xy
EUW1_7696441459,100,8,8.004416666666666,1597.0,2341.0,BLUE_BASE,support_in_base
EUW1_7696441459,200,7,7.004183333333334,11738.0,1124.0,BOT_LANE_CORE,support_dead_with_xy
EUW1_7696441459,200,10,10.004533333333333,13826.0,13410.0,RED_BASE,support_in_base
EUW1_7696441719,100,7,7.002833333333333,394.0,461.0,BLUE_BASE,support_in_base
EUW1_7696441719,200,7,7.002833333333333,13633.0,13000.0,RED_BASE,support_in_base
EUW1_7696441983,100,8,8.004816666666667,1445.0,1085.0,BLUE_BASE,support_in_base
EUW1_7696441983,100,10,10.005533333333334,394.0,461.0,BLUE_BASE,support_in_base
EUW1_7696442133,200,10,10.003816666666667,14157.0,14299.0,RED_BASE,support_in_base
EUW1_7696442165,100,6,6.00265,675.0,603.0,BLUE_BASE,support_in_base
EUW1_7696442165,100,9,9.003883333333333,2375.0,831.0,BLUE_BASE,support_in_base
EUW1_7696442165,100,11,11.004333333333333,12854.0,1845.0,BOT_LANE_CORE,support_dead_with_xy
EUW1_7696442399,100,5,5.000766666666666,12057.0,2906.0,BOT_SIDE_NEAR,support_dead_with_xy
EUW1_7696442399,100,9,9.0036,2251.0,1626.0,BLUE_BASE,support_in_base
EUW1_7696442399,200,7,7.003033333333334,13203.0,12262.0,RED_BASE,support_in_base
EUW1_7696443653,100,7,7.003683333333333,2806.0,2007.0,BLUE_BASE,support_in_base
EUW1_7696443653,100,10,10.004416666666666,502.0,523.0,BLUE_BASE,support_in_base
EUW1_7696444211,100,6,6.0013,1238.0,570.0,BLUE_BASE,support_in_base
EUW1_7696444211,100,10,10.004033333333334,622.0,482.0,BLUE_BASE,support_in_base
EUW1_7696444704,100,8,8.00325,10362.0,2412.0,BOT_SIDE_NEAR,support_dead_with_xy
EUW1_7696445045,100,8,8.004566666666667,2072.0,3369.0,BLUE_BASE,support_in_base
EUW1_7696445259,200,11,11.006066666666667,14118.0,13563.0,RED_BASE,support_in_base
EUW1_7696445327,100,9,9.004466666666668,2724.0,1276.0,BLUE_BASE,support_in_base
EUW1_7696445327,200,9,9.004466666666668,13901.0,13684.0,RED_BASE,support_in_base
EUW1_7696445876,100,6,6.002916666666667,727.0,540.0,BLUE_BASE,support_in_base
EUW1_7696445876,100,10,10.00435,10541.0,1297.0,BOT_LANE_CORE,support_dead_with_xy
EUW1_7696447934,200,7,7.003466666666666,13394.0,11341.0,RED_BASE,support_in_base
EUW1_7696448262,200,8,8.004233333333334,13650.0,14027.0,RED_BASE,support_in_base
EUW1_7696448615,100,8,8.003583333333333,2248.0,875.0,BLUE_BASE,support_in_base
EUW1_7696448615,200,10,10.0045,14340.0,14391.0,RED_BASE,support_in_base
EUW1_7696449520,100,11,11.004333333333333,8589.0,4763.0,BLUE_BOT_JUNGLE,support_dead_with_xy
EUW1_7696450109,100,6,6.00285,590.0,478.0,BLUE_BASE,support_in_base
EUW1_7696450109,100,9,9.0041,867.0,555.0,BLUE_BASE,support_in_base
EUW1_7696450204,200,6,6.002816666666667,14340.0,14391.0,RED_BASE,support_in_base
EUW1_7696450204,200,10,10.0039,14340.0,14391.0,RED_BASE,support_in_base
EUW1_7696450291,100,8,8.00375,989.0,1457.0,BLUE_BASE,support_in_base
EUW1_7696450291,100,9,9.0039,2245.0,592.0,BLUE_BASE,support_in_base
EUW1_7696450291,100,10,10.004183333333334,595.0,1813.0,BLUE_BASE,support_in_base
EUW1_7696450867,100,5,5.00165,394.0,461.0,BLUE_BASE,support_in_base
EUW1_7696450879,100,6,6.002833333333333,10630.0,1347.0,BOT_LANE_CORE,support_dead_with_xy
EUW1_7696450879,100,9,9.0038,1251.0,1026.0,BLUE_BASE,support_in_base
EUW1_7696450879,200,10,10.004116666666667,14334.0,14362.0,RED_BASE,support_in_base
EUW1_7696451389,100,9,9.00175,12809.0,2445.0,BOT_LANE_CORE,support_dead_with_xy
EUW1_7696451389,100,11,11.003733333333333,11802.0,1163.0,BOT_LANE_CORE,support_dead_with_xy
EUW1_7696451389,200,9,9.00175,13360.0,3293.0,BOT_LANE_CORE,support_dead_with_xy
EUW1_7696451389,200,11,11.003733333333333,12808.0,1987.0,BOT_LANE_CORE,support_dead_with_xy
EUW1_7696451509,100,11,11.004,2577.0,1976.0,BLUE_BASE,support_in_base
EUW1_7696451864,100,9,9.003766666666667,3215.0,671.0,BLUE_BASE,support_in_base
EUW1_7696451864,200,9,9.003766666666667,13971.0,13190.0,RED_BASE,support_in_base
EUW1_7696451864,200,10,10.0043,13681.0,5162.0,BOT_LANE_CORE,support_dead_with_xy
EUW1_7696452546,200,8,8.00205,13907.0,13539.0,RED_BASE,support_in_base
EUW1_7696452546,200,11,11.004866666666667,14089.0,11987.0,RED_BASE,support_in_base
EUW1_7696453524,100,9,9.004483333333333,11945.0,1287.0,BOT_LANE_CORE,support_dead_with_xy
EUW1_7696453569,100,5,5.003333333333333,3632.0,892.0,BLUE_BASE,support_in_base
EUW1_7696453569,100,6,6.0036,3251.0,684.0,BLUE_BASE,support_in_base
EUW1_7696453569,100,10,10.004533333333333,3702.0,869.0,BLUE_BASE,support_in_base
EUW1_7696453569,100,11,11.005066666666666,1506.0,562.0,BLUE_BASE,support_in_base
EUW1_7696453569,200,7,7.004066666666667,12409.0,1860.0,BOT_LANE_CORE,support_dead_with_xy
EUW1_7696455037,100,7,7.00395,1859.0,1417.0,BLUE_BASE,support_in_base
EUW1_7696455037,200,9,9.00435,14039.0,12148.0,RED_BASE,support_in_base
EUW1_7696455398,100,8,8.0043,12170.0,2694.0,BOT_LANE_CORE,support_dead_with_xy
EUW1_7696455398,100,11,11.005116666666666,11456.0,3625.0,BOT_SIDE_NEAR,support_dead_with_xy
EUW1_7696455398,200,5,5.003383333333334,12554.0,11647.0,RED_BASE,support_in_base
EUW1_7696455398,200,9,9.004516666666667,13813.0,13127.0,RED_BASE,support_in_base
EUW1_7696455398,200,11,11.005116666666666,11399.0,4104.0,BOT_SIDE_NEAR,support_dead_with_xy
EUW1_7696455923,200,6,6.001216666666667,13655.0,12745.0,RED_BASE,support_in_base
EUW1_7696456186,200,8,8.004233333333334,14164.0,14322.0,RED_BASE,support_in_base
EUW1_7696456186,200,11,11.0044,13080.0,4830.0,BOT_LANE_CORE,support_dead_with_xy
EUW1_7696456538,100,5,5.002766666666667,3117.0,725.0,BLUE_BASE,support_in_base
EUW1_7696457488,200,9,9.003683333333333,14236.0,14214.0,RED_BASE,support_in_base
EUW1_7696457598,100,10,10.0037,10689.0,1075.0,BOT_LANE_CORE,support_dead_with_xy
EUW1_7696457598,200,6,6.002966666666667,13364.0,12709.0,RED_BASE,support_in_base
EUW1_7696457759,100,9,9.00405,11030.0,1436.0,BOT_LANE_CORE,support_dead_with_xy
EUW1_7696457759,200,7,7.003666666666667,9700.0,7000.0,RED_BOT_JUNGLE,support_dead_with_xy
EUW1_7696457952,100,8,8.003533333333333,2838.0,497.0,BLUE_BASE,support_in_base
EUW1_7696459903,100,9,9.00425,10160.0,912.0,BOT_LANE_CORE,support_dead_with_xy
EUW1_7696459903,100,11,11.004883333333334,1256.0,665.0,BLUE_BASE,support_in_base
EUW1_7696459903,200,5,5.002783333333333,14340.0,14391.0,RED_BASE,support_in_base
EUW1_7696461119,200,11,11.004133333333334,13692.0,4971.0,BOT_LANE_CORE,support_dead_with_xy
EUW1_7696461172,100,10,10.00515,13702.0,2878.0,BOT_LANE_CORE,support_dead_with_xy
EUW1_7696461477,200,7,7.003033333333334,13126.0,1241.0,BOT_LANE_CORE,support_dead_with_xy
EUW1_7696461477,200,9,9.0036,13911.0,13608.0,RED_BASE,support_in_base
EUW1_7696462270,200,5,5.002716666666666,13996.0,11387.0,RED_BASE,support_in_base
EUW1_7696462270,200,7,7.003283333333333,13281.0,2398.0,BOT_LANE_CORE,support_dead_with_xy
EUW1_7696462270,200,11,11.004333333333333,11918.0,4620.0,BOT_SIDE_NEAR,support_dead_with_xy
EUW1_7696462375,200,10,10.001533333333333,6322.0,6742.0,MID_LANE,support_dead_with_xy
EUW1_7696463452,100,9,9.003666666666666,11037.0,1883.0,BOT_LANE_CORE,support_dead_with_xy
EUW1_7696463452,200,7,7.002583333333333,13925.0,11951.0,RED_BASE,support_in_base
EUW1_7696464164,200,7,7.003616666666667,14286.0,14184.0,RED_BASE,support_in_base
EUW1_7696464164,200,8,8.003716666666667,14113.0,4605.0,BOT_LANE_CORE,support_dead_with_xy
EUW1_7696464299,100,6,6.0030833333333335,1250.0,783.0,BLUE_BASE,support_in_base
EUW1_7696464299,100,7,7.003266666666667,1834.0,3149.0,BLUE_BASE,support_in_base
EUW1_7696464299,100,8,8.003833333333333,2530.0,1236.0,BLUE_BASE,support_in_base
EUW1_7696464598,100,7,7.001533333333334,2889.0,5927.0,BLUE_TOP_JUNGLE,support_dead_with_xy
EUW1_7696464598,200,6,6.001483333333334,14212.0,12496.0,RED_BASE,support_in_base
EUW1_7696464598,200,11,11.004533333333333,12682.0,4353.0,BOT_SIDE_NEAR,support_dead_with_xy
EUW1_7696465449,100,7,7.001316666666667,2521.0,747.0,BLUE_BASE,support_in_base
EUW1_7696465449,100,10,10.003466666666666,489.0,554.0,BLUE_BASE,support_in_base
EUW1_7696465449,200,6,6.0012,11747.0,3999.0,BOT_SIDE_NEAR,support_dead_with_xy
EUW1_7696465449,200,8,8.001633333333332,6506.0,6772.0,MID_LANE,support_dead_with_xy
EUW1_7696465562,100,6,6.003633333333333,13215.0,2887.0,BOT_LANE_CORE,support_dead_with_xy
EUW1_7696465562,200,9,9.00495,12786.0,3192.0,BOT_LANE_CORE,support_dead_with_xy
EUW1_7696465774,100,5,5.0004333333333335,9977.0,1466.0,BOT_LANE_CORE,support_dead_with_xy
EUW1_7696465774,100,11,11.0036,10026.0,1316.0,BOT_LANE_CORE,support_dead_with_xy
EUW1_7696465774,200,5,5.0004333333333335,11241.0,1883.0,BOT_LANE_CORE,support_dead_with_xy
EUW1_7696465774,200,11,11.0036,14340.0,14391.0,RED_BASE,support_in_base
EUW1_7696465797,100,8,8.004,5282.0,7863.0,BLUE_TOP_JUNGLE,support_dead_with_xy
EUW1_7696466474,100,7,7.002866666666667,11019.0,1078.0,BOT_LANE_CORE,support_dead_with_xy
EUW1_7696466670,200,9,9.0019,10861.0,1090.0,BOT_LANE_CORE,support_dead_with_xy
EUW1_7696466845,200,7,7.003916666666667,13843.0,13702.0,RED_BASE,support_in_base
EUW1_7696467097,100,9,9.00435,3531.0,735.0,BLUE_BASE,support_in_base
EUW1_7696467097,100,11,11.00455,1810.0,1242.0,BLUE_BASE,support_in_base
EUW1_7696467549,100,7,7.0039,1585.0,2473.0,BLUE_BASE,support_in_base
EUW1_7696467549,200,6,6.003583333333333,14176.0,12029.0,RED_BASE,support_in_base
EUW1_7696467549,200,7,7.0039,14164.0,12275.0,RED_BASE,support_in_base
EUW1_7696467549,200,9,9.00465,14212.0,12886.0,RED_BASE,support_in_base
EUW1_7696467549,200,11,11.004833333333334,14221.0,14160.0,RED_BASE,support_in_base
EUW1_7696468849,200,8,8.004333333333333,13313.0,12639.0,RED_BASE,support_in_base
EUW1_7696468991,200,7,7.0039,12236.0,2394.0,BOT_LANE_CORE,support_dead_with_xy
EUW1_7696468991,200,11,11.005,11836.0,3271.0,BOT_SIDE_NEAR,support_dead_with_xy
EUW1_7696469015,200,10,10.00385,14101.0,12151.0,RED_BASE,support_in_base
EUW1_7696469276,200,6,6.0030833333333335,9477.0,1930.0,BOT_SIDE_NEAR,support_dead_with_xy
EUW1_7696470863,100,7,7.003333333333333,1088.0,519.0,BLUE_BASE,support_in_base
EUW1_7696470863,100,10,10.004016666666667,11775.0,1781.0,BOT_LANE_CORE,support_dead_with_xy
EUW1_7696470863,200,7,7.003333333333333,10923.0,3405.0,BOT_SIDE_NEAR,support_dead_with_xy
EUW1_7696470863,200,10,10.004016666666667,11082.0,2079.0,BOT_SIDE_NEAR,support_dead_with_xy
EUW1_7696471329,200,6,6.00385,14011.0,11392.0,RED_BASE,support_in_base
EUW1_7696471331,200,6,6.001733333333333,14340.0,14391.0,RED_BASE,support_in_base
EUW1_7696471331,200,10,10.00425,13836.0,7132.0,BOT_LANE_CORE,support_dead_with_xy
EUW1_7696471655,100,5,5.002716666666666,2498.0,1141.0,BLUE_BASE,support_in_base
EUW1_7696471655,100,11,11.004133333333334,5909.0,10987.0,TOP_SIDE_NEAR,support_dead_with_xy
EUW1_7696471655,200,9,9.003783333333333,13739.0,3812.0,BOT_LANE_CORE,support_dead_with_xy
EUW1_7696472024,100,7,7.003816666666666,1312.0,3153.0,BLUE_BASE,support_in_base
EUW1_7696472024,200,5,5.003233333333333,13199.0,11325.0,RED_BASE,support_in_base
EUW1_7696472024,200,6,6.00355,14240.0,13566.0,RED_BASE,support_in_base
EUW1_7696472230,100,11,11.00475,9248.0,1989.0,BOT_SIDE_NEAR,support_dead_with_xy
EUW1_7696473742,100,10,10.0038,12195.0,1154.0,BOT_LANE_CORE,support_dead_with_xy
EUW1_7696473868,100,8,8.0041,945.0,707.0,BLUE_BASE,support_in_base
EUW1_7696473868,200,6,6.00315,13522.0,12856.0,RED_BASE,support_in_base
EUW1_7696473868,200,8,8.0041,14041.0,13749.0,RED_BASE,support_in_base
EUW1_7696473868,200,10,10.004316666666666,14340.0,14391.0,RED_BASE,support_in_base
EUW1_7696474599,100,10,10.0042,13087.0,1217.0,BOT_LANE_CORE,support_dead_with_xy
EUW1_7696475265,100,11,11.003583333333333,2767.0,2151.0,BLUE_BASE,support_in_base
EUW1_7696475265,200,11,11.003583333333333,13678.0,12723.0,RED_BASE,support_in_base
EUW1_7696475305,200,9,9.004133333333334,14052.0,11633.0,RED_BASE,support_in_base
EUW1_7696475552,200,7,7.002966666666667,12815.0,1869.0,BOT_LANE_CORE,support_dead_with_xy
EUW1_7696475830,100,6,6.003,1550.0,581.0,BLUE_BASE,support_in_base
EUW1_7696475830,100,9,9.004,13002.0,2698.0,BOT_LANE_CORE,support_dead_with_xy
EUW1_7696475830,200,6,6.003,13434.0,11685.0,RED_BASE,support_in_base
EUW1_7696477616,100,9,9.0043,13640.0,8031.0,BOT_LANE_CORE,support_dead_with_xy
EUW1_7696477616,200,9,9.0043,14124.0,13046.0,RED_BASE,support_in_base
EUW1_7696477955,100,9,9.003333333333334,10964.0,3379.0,BOT_SIDE_NEAR,support_dead_with_xy
EUW1_7696479072,100,9,9.004833333333334,1194.0,547.0,BLUE_BASE,support_in_base
EUW1_7696480266,100,9,9.004116666666667,3750.0,10632.0,TOP_SIDE_NEAR,support_dead_with_xy
EUW1_7696480266,200,6,6.003333333333333,13849.0,12830.0,RED_BASE,support_in_base
EUW1_7696480266,200,10,10.0042,13219.0,12365.0,RED_BASE,support_in_base
EUW1_7696480341,100,11,11.003466666666666,445.0,472.0,BLUE_BASE,support_in_base
EUW1_7696480341,200,5,5.0022166666666665,13347.0,2454.0,BOT_LANE_CORE,support_dead_with_xy
EUW1_7696480341,200,7,7.002866666666667,14340.0,14391.0,RED_BASE,support_in_base
EUW1_7696480341,200,10,10.003416666666666,14091.0,13786.0,RED_BASE,support_in_base
EUW1_7696481370,100,10,10.0041,2395.0,1004.0,BLUE_BASE,support_in_base
EUW1_7696482797,200,7,7.003666666666667,12945.0,12076.0,RED_BASE,support_in_base
EUW1_7696482797,200,10,10.004766666666667,14340.0,14391.0,RED_BASE,support_in_base
EUW1_7696483094,100,5,5.002483333333333,2615.0,786.0,BLUE_BASE,support_in_base
EUW1_7696483094,200,11,11.004566666666667,13308.0,12855.0,RED_BASE,support_in_base
EUW1_7696483941,200,7,7.00335,14004.0,3912.0,BOT_LANE_CORE,support_dead_with_xy
EUW1_7696483973,200,11,11.0041,8921.0,7976.0,MID_LANE,support_dead_with_xy
EUW1_7696484521,100,8,8.001816666666667,1740.0,645.0,BLUE_BASE,support_in_base
EUW1_7696484521,100,10,10.002383333333333,10531.0,1230.0,BOT_LANE_CORE,support_dead_with_xy
EUW1_7696484824,200,5,5.000883333333333,12194.0,2660.0,BOT_LANE_CORE,support_dead_with_xy
EUW1_7696484824,200,7,7.0035,14338.0,14339.0,RED_BASE,support_in_base
EUW1_7696484824,200,10,10.00455,14027.0,13976.0,RED_BASE,support_in_base
EUW1_7696485130,200,9,9.00305,14390.0,13239.0,RED_BASE,support_in_base
EUW1_7696485130,200,11,11.004066666666667,13240.0,2974.0,BOT_LANE_CORE,support_dead_with_xy
EUW1_7696485477,100,11,11.0045,10352.0,1334.0,BOT_LANE_CORE,support_dead_with_xy
EUW1_7696485495,200,9,9.004083333333334,8800.0,5554.0,RIVER_BOT,support_dead_with_xy
EUW1_7696485932,100,10,10.003483333333334,2944.0,2135.0,BLUE_BASE,support_in_base
EUW1_7696486230,100,7,7.0038833333333335,10127.0,2318.0,BOT_SIDE_NEAR,support_dead_with_xy
EUW1_7696486553,200,6,6.0031,14222.0,13942.0,RED_BASE,support_in_base
EUW1_7696487267,200,6,6.0019,12138.0,1357.0,BOT_LANE_CORE,support_dead_with_xy
EUW1_7696487339,100,9,9.0042,394.0,461.0,BLUE_BASE,support_in_base
EUW1_7696487414,100,10,10.003866666666667,3013.0,799.0,BLUE_BASE,support_in_base
EUW1_7696487414,100,11,11.0039,13589.0,3309.0,BOT_LANE_CORE,support_dead_with_xy
EUW1_7696487414,200,10,10.003866666666667,14133.0,13538.0,RED_BASE,support_in_base
EUW1_7696488314,100,5,5.003416666666666,1184.0,623.0,BLUE_BASE,support_in_base
EUW1_7696488314,100,6,6.0035,1369.0,620.0,BLUE_BASE,support_in_base
EUW1_7696488314,100,9,9.0045,13115.0,2345.0,BOT_LANE_CORE,support_dead_with_xy
EUW1_7696488314,200,10,10.004866666666667,14309.0,12007.0,RED_BASE,support_in_base
EUW1_7696488448,200,5,5.000666666666667,14154.0,14032.0,RED_BASE,support_in_base
EUW1_7696488448,200,11,11.00355,12876.0,12230.0,RED_BASE,support_in_base
EUW1_7696488608,200,6,6.00335,12207.0,12133.0,RED_BASE,support_in_base
EUW1_7696488830,100,11,11.004716666666667,11919.0,2419.0,BOT_LANE_CORE,support_dead_with_xy
EUW1_7696488830,200,9,9.00375,11704.0,3045.0,BOT_SIDE_NEAR,support_dead_with_xy
EUW1_7696490070,100,8,8.0031,9749.0,2508.0,BOT_SIDE_NEAR,support_dead_with_xy
EUW1_7696490208,100,8,8.001716666666667,2573.0,2127.0,BLUE_BASE,support_in_base
EUW1_7696490208,200,5,5.001083333333334,14340.0,14391.0,RED_BASE,support_in_base
EUW1_7696490767,100,5,5.002783333333333,394.0,461.0,BLUE_BASE,support_in_base
EUW1_7696490767,200,7,7.00315,14021.0,13020.0,RED_BASE,support_in_base
EUW1_7696491400,100,5,5.0031,9993.0,896.0,BOT_LANE_CORE,support_dead_with_xy
EUW1_7696491400,100,9,9.004016666666667,8330.0,3582.0,BLUE_BOT_JUNGLE,support_dead_with_xy
EUW1_7696491400,100,11,11.00435,742.0,804.0,BLUE_BASE,support_in_base
EUW1_7696491400,200,6,6.003333333333333,14159.0,13752.0,RED_BASE,support_in_base
EUW1_7696491515,100,5,5.002783333333333,2904.0,686.0,BLUE_BASE,support_in_base
EUW1_7696491515,100,8,8.003833333333333,4871.0,7934.0,BLUE_TOP_JUNGLE,support_dead_with_xy
EUW1_7696491515,100,10,10.004466666666668,2468.0,821.0,BLUE_BASE,support_in_base
EUW1_7696491832,100,7,7.003133333333333,12538.0,1451.0,BOT_LANE_CORE,support_dead_with_xy
EUW1_7696492022,100,6,6.00345,593.0,806.0,BLUE_BASE,support_in_base
EUW1_7696492361,200,10,10.004,14126.0,13743.0,RED_BASE,support_in_base
EUW1_7696492361,200,11,11.004383333333333,12063.0,1290.0,BOT_LANE_CORE,support_dead_with_xy
EUW1_7696492653,100,10,10.005316666666667,2217.0,618.0,BLUE_BASE,support_in_base
EUW1_7696492653,200,6,6.00375,11594.0,7687.0,RED_BOT_JUNGLE,support_dead_with_xy
EUW1_7696492653,200,11,11.005866666666666,13405.0,12889.0,RED_BASE,support_in_base
EUW1_7696492741,200,11,11.002033333333333,3860.0,10508.0,TOP_SIDE_NEAR,support_dead_with_xy
EUW1_7696492742,100,11,11.0046,1271.0,962.0,BLUE_BASE,support_in_base
EUW1_7696492742,200,11,11.0046,14109.0,13496.0,RED_BASE,support_in_base
EUW1_7696493245,100,9,9.003916666666667,486.0,510.0,BLUE_BASE,support_in_base
EUW1_7696493245,100,10,10.004233333333334,3153.0,809.0,BLUE_BASE,support_in_base
EUW1_7696493245,200,8,8.003683333333333,14159.0,13626.0,RED_BASE,support_in_base
EUW1_7696493245,200,9,9.003916666666667,10201.0,1294.0,BOT_LANE_CORE,support_dead_with_xy
EUW1_7696493295,100,5,5.002816666666667,11657.0,1465.0,BOT_LANE_CORE,support_dead_with_xy
EUW1_7696493295,100,10,10.003816666666667,13195.0,2723.0,BOT_LANE_CORE,support_dead_with_xy
EUW1_7696493295,100,11,11.004633333333333,11648.0,1535.0,BOT_LANE_CORE,support_dead_with_xy
EUW1_7696493525,100,9,9.0038,2075.0,1932.0,BLUE_BASE,support_in_base
EUW1_7696493525,100,10,10.00415,6394.0,7890.0,MID_LANE,support_dead_with_xy
EUW1_7696493525,100,11,11.004416666666666,572.0,561.0,BLUE_BASE,support_in_base
EUW1_7696494121,100,11,11.004266666666666,777.0,321.0,BLUE_BASE,support_in_base
EUW1_7696494121,200,9,9.00405,14032.0,12553.0,RED_BASE,support_in_base
EUW1_7696494121,200,11,11.004266666666666,13002.0,12229.0,RED_BASE,support_in_base
EUW1_7696494551,100,7,7.0037666666666665,1599.0,767.0,BLUE_BASE,support_in_base
EUW1_7696494706,100,5,5.000616666666667,438.0,466.0,BLUE_BASE,support_in_base
EUW1_7696494706,100,8,8.001166666666666,2579.0,1766.0,BLUE_BASE,support_in_base
EUW1_7696494706,100,10,10.0018,481.0,411.0,BLUE_BASE,support_in_base
EUW1_7696494706,200,11,11.0039,13943.0,13024.0,RED_BASE,support_in_base
EUW1_7696494721,100,11,11.004966666666666,2519.0,1676.0,BLUE_BASE,support_in_base
EUW1_7696494721,200,6,6.003633333333333,14274.0,14051.0,RED_BASE,support_in_base
EUW1_7696494721,200,10,10.004533333333333,13173.0,11795.0,RED_BASE,support_in_base
EUW1_7696494721,200,11,11.004966666666666,13458.0,12868.0,RED_BASE,support_in_base
EUW1_7696495092,200,5,5.002983333333333,14249.0,12847.0,RED_BASE,support_in_base
EUW1_7696495398,100,9,9.003783333333333,2614.0,1512.0,BLUE_BASE,support_in_base
EUW1_7696495873,100,5,5.00315,1784.0,1347.0,BLUE_BASE,support_in_base
EUW1_7696495873,100,7,7.003433333333334,3279.0,678.0,BLUE_BASE,support_in_base
EUW1_7696495873,100,8,8.00385,11844.0,2136.0,BOT_LANE_CORE,support_dead_with_xy
EUW1_7696495873,200,5,5.00315,13923.0,13490.0,RED_BASE,support_in_base
EUW1_7696496900,100,11,11.002116666666666,11823.0,2599.0,BOT_SIDE_NEAR,support_dead_with_xy
EUW1_7696496900,200,7,7.001216666666667,13335.0,10910.0,RED_BASE,support_in_base
EUW1_7696497153,100,9,9.004316666666666,10695.0,4557.0,DRAGON_AREA,support_dead_with_xy
EUW1_7696497153,100,10,10.004716666666667,2098.0,680.0,BLUE_BASE,support_in_base
EUW1_7696497153,200,10,10.004716666666667,13942.0,11244.0,RED_BASE,support_in_base
EUW1_7696497857,100,6,6.0014666666666665,1495.0,618.0,BLUE_BASE,support_in_base
EUW1_7696497857,100,8,8.0018,394.0,461.0,BLUE_BASE,support_in_base
EUW1_7696497970,100,8,8.004066666666667,13123.0,3697.0,BOT_LANE_CORE,support_dead_with_xy
EUW1_7696497970,100,9,9.00425,10072.0,5432.0,BOT_SIDE_NEAR,support_dead_with_xy
EUW1_7696497970,200,8,8.004066666666667,14290.0,13953.0,RED_BASE,support_in_base
EUW1_7696497970,200,9,9.00425,9522.0,7891.0,RED_BOT_JUNGLE,support_dead_with_xy
EUW1_7696497970,200,11,11.004883333333334,13685.0,6078.0,BOT_LANE_CORE,support_dead_with_xy
EUW1_7696499170,100,6,6.0030833333333335,394.0,461.0,BLUE_BASE,support_in_base
EUW1_7696499170,100,7,7.0033666666666665,394.0,461.0,BLUE_BASE,support_in_base
EUW1_7696499170,100,8,8.003383333333334,394.0,461.0,BLUE_BASE,support_in_base
EUW1_7696499170,100,9,9.003783333333333,394.0,461.0,BLUE_BASE,support_in_base
EUW1_7696499170,100,10,10.0043,394.0,461.0,BLUE_BASE,support_in_base
EUW1_7696499170,100,11,11.004483333333333,394.0,461.0,BLUE_BASE,support_in_base
EUW1_7696499171,100,9,9.004,932.0,727.0,BLUE_BASE,support_in_base
EUW1_7696499171,200,10,10.004116666666667,10112.0,5905.0,BOT_SIDE_NEAR,support_dead_with_xy
EUW1_7696499426,200,8,8.00385,14245.0,13222.0,RED_BASE,support_in_base
EUW1_7696499426,200,10,10.00445,11629.0,4353.0,BOT_SIDE_NEAR,support_dead_with_xy
EUW1_7696499947,200,9,9.0034,14142.0,13496.0,RED_BASE,support_in_base
EUW1_7696500391,100,9,9.0046,398.0,488.0,BLUE_BASE,support_in_base
EUW1_7696500452,100,5,5.003183333333333,394.0,461.0,BLUE_BASE,support_in_base
EUW1_7696500452,100,9,9.004583333333333,2359.0,696.0,BLUE_BASE,support_in_base
EUW1_7696500452,200,5,5.003183333333333,14020.0,12761.0,RED_BASE,support_in_base
EUW1_7696500747,100,6,6.003533333333333,13431.0,2697.0,BOT_LANE_CORE,support_dead_with_xy
EUW1_7696500747,200,6,6.003533333333333,12577.0,3219.0,BOT_LANE_CORE,support_dead_with_xy
EUW1_7696500747,200,8,8.004166666666666,12652.0,11939.0,RED_BASE,support_in_base
EUW1_7696500901,200,5,5.00095,13982.0,12324.0,RED_BASE,support_in_base
EUW1_7696501595,100,8,8.003066666666667,11751.0,5507.0,BOT_SIDE_NEAR,support_dead_with_xy
EUW1_7696501595,200,8,8.003066666666667,13227.0,12401.0,RED_BASE,support_in_base
EUW1_7696501595,200,11,11.003816666666667,13521.0,3356.0,BOT_LANE_CORE,support_dead_with_xy
EUW1_7696504827,100,10,10.002483333333334,3107.0,877.0,BLUE_BASE,support_in_base
EUW1_7696504827,200,8,8.002016666666666,14340.0,14391.0,RED_BASE,support_in_base
EUW1_7696505538,100,5,5.003133333333333,12421.0,2319.0,BOT_LANE_CORE,support_dead_with_xy
EUW1_7696505538,200,10,10.00495,14340.0,14391.0,RED_BASE,support_in_base
EUW1_7696505671,100,6,6.000616666666667,545.0,476.0,BLUE_BASE,support_in_base
EUW1_7696505780,100,8,8.004133333333334,2621.0,2380.0,BLUE_BASE,support_in_base
EUW1_7696505780,200,10,10.004483333333333,13861.0,14053.0,RED_BASE,support_in_base
EUW1_7696506000,100,6,6.0034833333333335,13279.0,3835.0,BOT_LANE_CORE,support_dead_with_xy
EUW1_7696506683,200,10,10.004233333333334,11502.0,1786.0,BOT_LANE_CORE,support_dead_with_xy
EUW1_7696506792,100,8,8.0042,724.0,491.0,BLUE_BASE,support_in_base
EUW1_7696506792,100,9,9.004233333333334,576.0,982.0,BLUE_BASE,support_in_base
EUW1_7696506792,100,11,11.00475,3373.0,901.0,BLUE_BASE,support_in_base
EUW1_7696506792,200,7,7.003933333333333,14182.0,14015.0,RED_BASE,support_in_base
EUW1_7696506792,200,11,11.00475,14327.0,14282.0,RED_BASE,support_in_base
EUW1_7696506836,100,8,8.003916666666667,13045.0,1132.0,BOT_LANE_CORE,support_dead_with_xy
EUW1_7696507051,100,5,5.002983333333333,1672.0,825.0,BLUE_BASE,support_in_base
EUW1_7696507051,100,11,11.005516666666667,10569.0,859.0,BOT_LANE_CORE,support_dead_with_xy
EUW1_7696507931,100,8,8.003683333333333,13075.0,1999.0,BOT_LANE_CORE,support_dead_with_xy
EUW1_7696508668,100,6,6.003183333333333,11586.0,3709.0,BOT_SIDE_NEAR,support_dead_with_xy
EUW1_7696509107,200,8,8.000716666666667,12418.0,2242.0,BOT_LANE_CORE,support_dead_with_xy
EUW1_7696509107,200,10,10.001016666666667,13823.0,3622.0,BOT_LANE_CORE,support_dead_with_xy
EUW1_7696509132,200,9,9.004583333333333,13374.0,2170.0,BOT_LANE_CORE,support_dead_with_xy
EUW1_7696509205,100,5,5.000883333333333,2292.0,660.0,BLUE_BASE,support_in_base
EUW1_7696509205,100,8,8.00155,3195.0,921.0,BLUE_BASE,support_in_base
EUW1_7696509205,200,7,7.0014,14000.0,12716.0,RED_BASE,support_in_base
EUW1_7696509387,100,6,6.00315,1291.0,899.0,BLUE_BASE,support_in_base
EUW1_7696510148,100,7,7.003616666666667,2308.0,1106.0,BLUE_BASE,support_in_base
EUW1_7696510561,100,6,6.0034833333333335,394.0,461.0,BLUE_BASE,support_in_base
EUW1_7696510561,100,11,11.005666666666666,13439.0,1170.0,BOT_LANE_CORE,support_dead_with_xy
EUW1_7696510561,200,9,9.004616666666667,14166.0,13843.0,RED_BASE,support_in_base
EUW1_7696510639,200,11,11.0038,13523.0,4675.0,BOT_LANE_CORE,support_dead_with_xy
EUW1_7696510806,200,8,8.00445,13543.0,12983.0,RED_BASE,support_in_base
EUW1_7696511782,100,6,6.002516666666667,937.0,658.0,BLUE_BASE,support_in_base
EUW1_7696511782,100,11,11.003566666666666,3387.0,1000.0,BLUE_BASE,support_in_base
EUW1_7696511943,200,5,5.0033,13344.0,2503.0,BOT_LANE_CORE,support_dead_with_xy
EUW1_7696511943,200,8,8.004233333333334,14170.0,12298.0,RED_BASE,support_in_base
EUW1_7696512031,100,6,6.002716666666666,1963.0,2733.0,BLUE_BASE,support_in_base
EUW1_7696512031,200,6,6.002716666666666,14279.0,13194.0,RED_BASE,support_in_base
EUW1_7696512702,200,7,7.004166666666666,12870.0,11282.0,RED_BASE,support_in_base
EUW1_7696512851,100,10,10.0037,1182.0,1795.0,BLUE_BASE,support_in_base
EUW1_7696512851,200,5,5.002633333333334,14146.0,12391.0,RED_BASE,support_in_base
EUW1_7696512851,200,7,7.00305,13979.0,11280.0,RED_BASE,support_in_base
EUW1_7696512851,200,9,9.003533333333333,14340.0,14391.0,RED_BASE,support_in_base
EUW1_7696513163,100,7,7.003816666666666,394.0,461.0,BLUE_BASE,support_in_base
EUW1_7696513163,100,8,8.004216666666666,10783.0,3263.0,BOT_SIDE_NEAR,support_dead_with_xy
EUW1_7696513349,100,9,9.003833333333333,9688.0,916.0,BOT_LANE_CORE,support_dead_with_xy
EUW1_7696513349,100,11,11.004883333333334,11630.0,4009.0,BOT_SIDE_NEAR,support_dead_with_xy
EUW1_7696513557,100,7,7.0033,649.0,494.0,BLUE_BASE,support_in_base
EUW1_7696513557,100,10,10.003816666666667,10127.0,5843.0,BOT_SIDE_NEAR,support_dead_with_xy
EUW1_7696513622,100,11,11.004216666666666,11604.0,1227.0,BOT_LANE_CORE,support_dead_with_xy
EUW1_7696515168,100,5,5.00265,394.0,461.0,BLUE_BASE,support_in_base
EUW1_7696515168,100,6,6.0027333333333335,11469.0,4013.0,BOT_SIDE_NEAR,support_dead_with_xy
EUW1_7696515336,100,10,10.005266666666667,10806.0,985.0,BOT_LANE_CORE,support_dead_with_xy
EUW1_7696515336,200,6,6.0033666666666665,14340.0,14391.0,RED_BASE,support_in_base
EUW1_7696515336,200,7,7.003866666666666,13948.0,11966.0,RED_BASE,support_in_base
EUW1_7696515340,100,6,6.001716666666667,2960.0,681.0,BLUE_BASE,support_in_base
EUW1_7696515340,100,7,7.0037,13295.0,5486.0,BOT_LANE_CORE,support_dead_with_xy
EUW1_7696515340,200,6,6.001716666666667,12685.0,12055.0,RED_BASE,support_in_base
EUW1_7696515340,200,10,10.004616666666667,13102.0,12439.0,RED_BASE,support_in_base
EUW1_7696517045,200,10,10.004266666666666,13372.0,12104.0,RED_BASE,support_in_base
EUW1_7696518070,100,6,6.002933333333333,808.0,738.0,BLUE_BASE,support_in_base
EUW1_7696518070,200,6,6.002933333333333,10852.0,2492.0,BOT_SIDE_NEAR,support_dead_with_xy
EUW1_7696518070,200,7,7.003466666666666,9752.0,6470.0,RED_BOT_JUNGLE,support_dead_with_xy
EUW1_7696518274,100,6,6.0030833333333335,2524.0,970.0,BLUE_BASE,support_in_base
EUW1_7696518274,200,8,8.003616666666666,14340.0,14391.0,RED_BASE,support_in_base
EUW1_7696518327,100,10,10.005433333333333,3572.0,984.0,BLUE_BASE,support_in_base
EUW1_7696518327,200,7,7.0044,13263.0,2807.0,BOT_LANE_CORE,support_dead_with_xy
EUW1_7696518327,200,11,11.005766666666666,11807.0,3752.0,BOT_SIDE_NEAR,support_dead_with_xy
EUW1_7696520681,100,11,11.005633333333334,1606.0,2010.0,BLUE_BASE,support_in_base
EUW1_7696521259,100,6,6.001483333333334,3097.0,1430.0,BLUE_BASE,support_in_base
EUW1_7696521446,200,11,11.004416666666666,13032.0,3344.0,BOT_LANE_CORE,support_dead_with_xy
EUW1_7696522376,100,10,10.003233333333334,13459.0,1207.0,BOT_LANE_CORE,support_dead_with_xy
EUW1_7696522399,200,6,6.003433333333334,14143.0,11259.0,RED_BASE,support_in_base
EUW1_7696522399,200,9,9.004083333333334,14340.0,14391.0,RED_BASE,support_in_base
EUW1_7696522399,200,11,11.004616666666667,14071.0,4222.0,BOT_LANE_CORE,support_dead_with_xy
EUW1_7696523740,200,8,8.0042,14249.0,13477.0,RED_BASE,support_in_base
EUW1_7696525125,100,6,6.003116666666667,394.0,461.0,BLUE_BASE,support_in_base
EUW1_7696525433,200,9,9.003683333333333,14340.0,14391.0,RED_BASE,support_in_base
EUW1_7696525513,100,8,8.00365,6372.0,7348.0,MID_LANE,support_dead_with_xy
EUW1_7696525513,200,7,7.003116666666667,11158.0,1961.0,BOT_LANE_CORE,support_dead_with_xy
EUW1_7696525513,200,10,10.0044,11156.0,1943.0,BOT_LANE_CORE,support_dead_with_xy
EUW1_7696525555,100,11,11.00425,11868.0,3705.0,BOT_SIDE_NEAR,support_dead_with_xy
EUW1_7696525720,100,6,6.001783333333333,531.0,480.0,BLUE_BASE,support_in_base
EUW1_7696525720,200,11,11.004766666666667,14105.0,12363.0,RED_BASE,support_in_base
EUW1_7696527082,200,6,6.002416666666667,14340.0,14373.0,RED_BASE,support_in_base
EUW1_7696528320,100,6,6.002916666666667,3167.0,927.0,BLUE_BASE,support_in_base
EUW1_7696528572,100,6,6.00365,8688.0,5322.0,BLUE_BOT_JUNGLE,support_dead_with_xy
EUW1_7696528572,100,9,9.004483333333333,9626.0,832.0,BOT_LANE_CORE,support_dead_with_xy
EUW1_7696528572,100,11,11.005166666666666,1364.0,778.0,BLUE_BASE,support_in_base
EUW1_7696528572,200,11,11.005166666666666,13800.0,11193.0,RED_BASE,support_in_base
EUW1_7696528974,100,8,8.003233333333334,663.0,1474.0,BLUE_BASE,support_in_base
EUW1_7696528974,200,11,11.003816666666667,13985.0,11156.0,RED_BASE,support_in_base
EUW1_7696529272,100,7,7.002983333333333,11836.0,1607.0,BOT_LANE_CORE,support_dead_with_xy
EUW1_7696529272,100,10,10.004016666666667,3383.0,790.0,BLUE_BASE,support_in_base
EUW1_7696529272,200,8,8.0032,14340.0,14391.0,RED_BASE,support_in_base
EUW1_7696529555,100,11,11.0051,1678.0,748.0,BLUE_BASE,support_in_base
EUW1_7696529898,200,8,8.004216666666666,12580.0,2997.0,BOT_LANE_CORE,support_dead_with_xy
EUW1_7696530178,200,5,5.002766666666667,13342.0,2335.0,BOT_LANE_CORE,support_dead_with_xy
EUW1_7696530499,100,11,11.00465,3668.0,1798.0,BLUE_BASE,support_in_base
EUW1_7696530499,200,7,7.003183333333333,10588.0,1800.0,BOT_LANE_CORE,support_dead_with_xy
EUW1_7696530499,200,10,10.004133333333334,13688.0,12418.0,RED_BASE,support_in_base
EUW1_7696531326,100,5,5.003216666666667,12452.0,2565.0,BOT_LANE_CORE,support_dead_with_xy
EUW1_7696531326,200,8,8.004233333333334,14004.0,12589.0,RED_BASE,support_in_base
EUW1_7696532433,100,6,6.0032,663.0,446.0,BLUE_BASE,support_in_base
EUW1_7696532433,100,11,11.004983333333334,3040.0,656.0,BLUE_BASE,support_in_base
EUW1_7696532433,200,9,9.004383333333333,13721.0,5020.0,BOT_LANE_CORE,support_dead_with_xy
EUW1_7696533302,200,11,11.004066666666667,12482.0,12229.0,RED_BASE,support_in_base
EUW1_7696533892,100,7,7.00345,8504.0,1188.0,BOT_LANE_CORE,support_dead_with_xy
EUW1_7696533892,200,11,11.0046,12134.0,1197.0,BOT_LANE_CORE,support_dead_with_xy
EUW1_7696533898,100,6,6.00345,3522.0,839.0,BLUE_BASE,support_in_base
EUW1_7696533898,100,8,8.004466666666668,7448.0,6843.0,MID_LANE,support_dead_with_xy
EUW1_7696533898,200,9,9.004733333333334,13769.0,11813.0,RED_BASE,support_in_base
EUW1_7696534353,100,6,6.003466666666666,13700.0,1721.0,BOT_LANE_CORE,support_dead_with_xy
EUW1_7696534353,100,11,11.00545,1050.0,862.0,BLUE_BASE,support_in_base
EUW1_7696534579,100,8,8.001633333333332,1950.0,571.0,BLUE_BASE,support_in_base
EUW1_7696534641,100,5,5.003216666666667,394.0,461.0,BLUE_BASE,support_in_base
EUW1_7696534641,200,7,7.004033333333333,12064.0,1966.0,BOT_LANE_CORE,support_dead_with_xy
EUW1_7696534795,100,6,6.002783333333333,12768.0,1658.0,BOT_LANE_CORE,support_dead_with_xy
EUW1_7696534795,100,10,10.004033333333334,8762.0,6728.0,RIVER_BOT,support_dead_with_xy
EUW1_7696534795,200,6,6.002783333333333,12403.0,2030.0,BOT_LANE_CORE,support_dead_with_xy
EUW1_7696534863,100,5,5.0022,2907.0,651.0,BLUE_BASE,support_in_base
EUW1_7696534973,100,11,11.00535,694.0,978.0,BLUE_BASE,support_in_base
EUW1_7696534973,200,9,9.004433333333333,14091.0,4607.0,BOT_LANE_CORE,support_dead_with_xy
EUW1_7696535332,100,8,8.00385,1896.0,2173.0,BLUE_BASE,support_in_base
EUW1_7696535350,100,11,11.005966666666666,13013.0,4005.0,BOT_LANE_CORE,support_dead_with_xy
EUW1_7696535350,200,6,6.004433333333333,11387.0,1389.0,BOT_LANE_CORE,support_dead_with_xy
EUW1_7696535562,100,8,8.003683333333333,915.0,649.0,BLUE_BASE,support_in_base
EUW1_7696535562,200,8,8.003683333333333,13839.0,14316.0,RED_BASE,support_in_base
EUW1_7696536117,100,9,9.004133333333334,2217.0,741.0,BLUE_BASE,support_in_base
EUW1_7696536117,200,6,6.003416666666666,14202.0,13796.0,RED_BASE,support_in_base
EUW1_7696536181,200,8,8.002083333333333,13113.0,3082.0,BOT_LANE_CORE,support_dead_with_xy
EUW1_7696536266,100,8,8.004,7619.0,3297.0,BLUE_BOT_JUNGLE,support_dead_with_xy
EUW1_7696536266,100,11,11.005416666666667,2676.0,2094.0,BLUE_BASE,support_in_base
EUW1_7696536266,200,6,6.003133333333333,13416.0,2572.0,BOT_LANE_CORE,support_dead_with_xy
EUW1_7696536500,100,11,11.004466666666668,394.0,461.0,BLUE_BASE,support_in_base
EUW1_7696537144,100,5,5.000916666666667,12611.0,2490.0,BOT_LANE_CORE,support_dead_with_xy
EUW1_7696537144,100,7,7.00145,12789.0,3084.0,BOT_LANE_CORE,support_dead_with_xy
EUW1_7696537144,200,7,7.00145,13357.0,11096.0,RED_BASE,support_in_base
EUW1_7696537144,200,11,11.004083333333334,3278.0,9823.0,TOP_SIDE_NEAR,support_dead_with_xy
EUW1_7696538446,200,11,11.0043,4148.0,4940.0,BLUE_TOP_JUNGLE,support_dead_with_xy
EUW1_7696538481,100,5,5.0030166666666664,13182.0,3347.0,BOT_LANE_CORE,support_dead_with_xy
EUW1_7696538481,100,10,10.00425,11931.0,1416.0,BOT_LANE_CORE,support_dead_with_xy
EUW1_7696538481,200,8,8.003783333333333,7260.0,8822.0,RED_TOP_JUNGLE,support_dead_with_xy
EUW1_7696539168,100,11,11.004183333333334,2055.0,601.0,BLUE_BASE,support_in_base
EUW1_7696539168,200,6,6.003416666666666,13974.0,4370.0,BOT_LANE_CORE,support_dead_with_xy
EUW1_7696539292,100,6,6.003033333333334,11584.0,3149.0,BOT_SIDE_NEAR,support_dead_with_xy
EUW1_7696539292,200,7,7.003233333333333,13957.0,11186.0,RED_BASE,support_in_base
EUW1_7696539292,200,9,9.003866666666667,14243.0,14294.0,RED_BASE,support_in_base
EUW1_7696539292,200,10,10.004283333333333,7656.0,10150.0,RED_TOP_JUNGLE,support_dead_with_xy
EUW1_7696539764,100,5,5.002683333333334,2081.0,1960.0,BLUE_BASE,support_in_base
EUW1_7696539764,200,8,8.003816666666667,13374.0,12843.0,RED_BASE,support_in_base
EUW1_7696539764,200,10,10.004516666666667,14493.0,14205.0,RED_BASE,support_in_base
EUW1_7696539776,200,9,9.003883333333333,14340.0,14391.0,RED_BASE,support_in_base
EUW1_7696540144,100,5,5.0033,394.0,461.0,BLUE_BASE,support_in_base
EUW1_7696540144,200,10,10.004183333333334,14360.0,14147.0,RED_BASE,support_in_base
EUW1_7696540144,200,11,11.004333333333333,12841.0,13462.0,RED_BASE,support_in_base
EUW1_7696540367,100,11,11.004333333333333,9419.0,1897.0,BOT_SIDE_NEAR,support_dead_with_xy
EUW1_7696540367,200,5,5.00315,14260.0,13193.0,RED_BASE,support_in_base
EUW1_7696540367,200,11,11.004333333333333,9397.0,1521.0,BOT_LANE_CORE,support_dead_with_xy
EUW1_7696541188,100,7,7.003533333333333,848.0,569.0,BLUE_BASE,support_in_base
EUW1_7696541398,100,7,7.003183333333333,2424.0,705.0,BLUE_BASE,support_in_base
EUW1_7696541398,200,10,10.003583333333333,13451.0,12077.0,RED_BASE,support_in_base
EUW1_7696541517,100,11,11.004666666666667,812.0,511.0,BLUE_BASE,support_in_base
EUW1_7696542245,100,10,10.004033333333334,394.0,461.0,BLUE_BASE,support_in_base
EUW1_7696542649,200,9,9.004366666666666,13975.0,11431.0,RED_BASE,support_in_base
EUW1_7696543069,100,5,5.002833333333333,2807.0,841.0,BLUE_BASE,support_in_base
EUW1_7696543069,200,10,10.004566666666667,5969.0,9012.0,RIVER_TOP,support_dead_with_xy
EUW1_7696543274,100,6,6.001383333333333,394.0,461.0,BLUE_BASE,support_in_base
EUW1_7696543420,200,7,7.0006,14045.0,13693.0,RED_BASE,support_in_base
EUW1_7696545520,100,6,6.002866666666667,2286.0,1644.0,BLUE_BASE,support_in_base
EUW1_7696545520,100,9,9.0042,1662.0,713.0,BLUE_BASE,support_in_base
EUW1_7696546072,100,5,5.002666666666666,2550.0,632.0,BLUE_BASE,support_in_base
EUW1_7696546072,200,9,9.003783333333333,14340.0,14391.0,RED_BASE,support_in_base
EUW1_7696546254,100,9,9.004183333333334,6154.0,8006.0,RIVER_TOP,support_dead_with_xy
EUW1_7696546254,100,10,10.00435,1800.0,1344.0,BLUE_BASE,support_in_base
EUW1_7696546853,100,11,11.004016666666667,3109.0,645.0,BLUE_BASE,support_in_base
EUW1_7696546853,200,10,10.003866666666667,13338.0,3797.0,BOT_LANE_CORE,support_dead_with_xy
EUW1_7696547374,100,9,9.001683333333334,5138.0,8871.0,RIVER_TOP,support_dead_with_xy
EUW1_7696547714,100,6,6.003183333333333,11620.0,3574.0,BOT_SIDE_NEAR,support_dead_with_xy
EUW1_7696547714,200,6,6.003183333333333,11561.0,5636.0,BOT_SIDE_NEAR,support_dead_with_xy
EUW1_7696547714,200,7,7.0035,13803.0,4272.0,BOT_LANE_CORE,support_dead_with_xy
EUW1_7696548102,100,11,11.00415,1964.0,1443.0,BLUE_BASE,support_in_base
EUW1_7696548243,200,6,6.003433333333334,13064.0,3554.0,BOT_LANE_CORE,support_dead_with_xy
EUW1_7696548626,100,8,8.0039,2658.0,1828.0,BLUE_BASE,support_in_base
EUW1_7696548626,200,9,9.004433333333333,13487.0,12203.0,RED_BASE,support_in_base
EUW1_7696549380,100,6,6.0029,646.0,520.0,BLUE_BASE,support_in_base
EUW1_7696549380,100,9,9.003966666666667,394.0,461.0,BLUE_BASE,support_in_base
EUW1_7696549380,100,10,10.004433333333333,889.0,649.0,BLUE_BASE,support_in_base
EUW1_7696549380,200,6,6.0029,14340.0,14391.0,RED_BASE,support_in_base
EUW1_7696549484,100,6,6.0038,10230.0,1193.0,BOT_LANE_CORE,support_dead_with_xy
EUW1_7696549484,100,9,9.00515,3487.0,1442.0,BLUE_BASE,support_in_base
EUW1_7696549484,100,11,11.005916666666666,2303.0,2326.0,BLUE_BASE,support_in_base
EUW1_7696549509,100,11,11.004666666666667,870.0,767.0,BLUE_BASE,support_in_base
EUW1_7696549509,200,8,8.003883333333333,7169.0,7576.0,MID_LANE,support_dead_with_xy
EUW1_7696550412,200,9,9.001666666666667,14340.0,14391.0,RED_BASE,support_in_base
EUW1_7696550456,200,11,11.00465,14050.0,11939.0,RED_BASE,support_in_base
EUW1_7696551751,200,10,10.0038,13821.0,3897.0,BOT_LANE_CORE,support_dead_with_xy
EUW1_7696551994,200,7,7.0035,13705.0,3227.0,BOT_LANE_CORE,support_dead_with_xy
EUW1_7696552174,100,9,9.003616666666666,2095.0,939.0,BLUE_BASE,support_in_base
EUW1_7696552174,200,9,9.003616666666666,13547.0,12846.0,RED_BASE,support_in_base
EUW1_7696553763,100,6,6.003,2139.0,1410.0,BLUE_BASE,support_in_base
EUW1_7696553850,100,11,11.004816666666667,11482.0,1970.0,BOT_LANE_CORE,support_dead_with_xy
EUW1_7696553850,200,10,10.0045,14340.0,14391.0,RED_BASE,support_in_base
EUW1_7696555277,100,5,5.002833333333333,472.0,468.0,BLUE_BASE,support_in_base
EUW1_7696555315,100,6,6.002633333333334,1134.0,979.0,BLUE_BASE,support_in_base
EUW1_7696555315,100,7,7.00305,978.0,1748.0,BLUE_BASE,support_in_base
EUW1_7696555315,100,11,11.003916666666667,394.0,461.0,BLUE_BASE,support_in_base
EUW1_7696555315,200,5,5.002533333333333,14257.0,13496.0,RED_BASE,support_in_base
EUW1_7696555315,200,7,7.00305,14226.0,12129.0,RED_BASE,support_in_base
EUW1_7696555963,100,6,6.001266666666667,2865.0,770.0,BLUE_BASE,support_in_base
EUW1_7696555963,200,6,6.001266666666667,14084.0,14248.0,RED_BASE,support_in_base
EUW1_7696556402,100,5,5.002566666666667,8444.0,8202.0,MID_LANE,support_dead_with_xy
EUW1_7696556402,100,7,7.003416666666666,10366.0,851.0,BOT_LANE_CORE,support_dead_with_xy
EUW1_7696556402,200,9,9.003866666666667,14201.0,13097.0,RED_BASE,support_in_base
EUW1_7696556402,200,11,11.004766666666667,14340.0,14391.0,RED_BASE,support_in_base
EUW1_7696557465,200,10,10.00575,5263.0,9002.0,RIVER_TOP,support_dead_with_xy
EUW1_7696558694,100,5,5.00105,840.0,531.0,BLUE_BASE,support_in_base
EUW1_7696558694,100,7,7.0016,11562.0,2046.0,BOT_SIDE_NEAR,support_dead_with_xy
EUW1_7696558694,100,11,11.0036,394.0,461.0,BLUE_BASE,support_in_base
EUW1_7696559012,200,7,7.005133333333333,14093.0,13327.0,RED_BASE,support_in_base
EUW1_7696559358,200,8,8.004633333333333,13078.0,3762.0,BOT_LANE_CORE,support_dead_with_xy
EUW1_7696559385,100,6,6.00365,12920.0,2088.0,BOT_LANE_CORE,support_dead_with_xy
EUW1_7696559385,100,9,9.00475,12828.0,1860.0,BOT_LANE_CORE,support_dead_with_xy
EUW1_7696559468,100,5,5.0030833333333335,13489.0,3049.0,BOT_LANE_CORE,support_dead_with_xy
EUW1_7696559468,100,8,8.003666666666666,2857.0,758.0,BLUE_BASE,support_in_base
EUW1_7696559908,200,7,7.001266666666667,14032.0,4138.0,BOT_LANE_CORE,support_dead_with_xy
EUW1_7696559928,200,10,10.00385,14011.0,12322.0,RED_BASE,support_in_base
EUW1_7696560339,200,11,11.005316666666667,14242.0,13433.0,RED_BASE,support_in_base
EUW1_7696560490,200,9,9.004066666666667,13807.0,12668.0,RED_BASE,support_in_base
EUW1_7696560554,100,7,7.001383333333333,1397.0,795.0,BLUE_BASE,support_in_base
EUW1_7696560554,100,11,11.004,9039.0,5865.0,RIVER_BOT,support_dead_with_xy
EUW1_7696561481,200,5,5.003133333333333,14292.0,14209.0,RED_BASE,support_in_base
EUW1_7696561481,200,8,8.004066666666667,14097.0,4866.0,BOT_LANE_CORE,support_dead_with_xy
EUW1_7696562111,100,10,10.004733333333334,3040.0,729.0,BLUE_BASE,support_in_base
EUW1_7696562111,100,11,11.0052,2391.0,659.0,BLUE_BASE,support_in_base
EUW1_7696562683,200,10,10.0046,14055.0,11863.0,RED_BASE,support_in_base
EUW1_7696562914,200,9,9.003683333333333,14100.0,13911.0,RED_BASE,support_in_base
EUW1_7696562914,200,10,10.00395,13522.0,12712.0,RED_BASE,support_in_base
EUW1_7696563130,200,5,5.003133333333333,14034.0,12821.0,RED_BASE,support_in_base
EUW1_7696563536,100,10,10.004466666666668,974.0,639.0,BLUE_BASE,support_in_base
EUW1_7696563746,200,11,11.0056,14045.0,13899.0,RED_BASE,support_in_base
EUW1_7696563956,100,9,9.004133333333334,2501.0,717.0,BLUE_BASE,support_in_base
EUW1_7696563956,100,10,10.00425,1847.0,603.0,BLUE_BASE,support_in_base
EUW1_7696563956,200,6,6.002966666666667,12172.0,2390.0,BOT_LANE_CORE,support_dead_with_xy
EUW1_7696564979,200,10,10.004766666666667,12052.0,4910.0,BOT_SIDE_NEAR,support_dead_with_xy
EUW1_7696565007,100,11,11.00445,9862.0,3237.0,BOT_SIDE_NEAR,support_dead_with_xy
EUW1_7696565007,200,8,8.00355,14009.0,11329.0,RED_BASE,support_in_base
EUW1_7696566090,100,7,7.003266666666667,3567.0,780.0,BLUE_BASE,support_in_base
EUW1_7696566090,100,10,10.004466666666668,1781.0,652.0,BLUE_BASE,support_in_base
EUW1_7696566260,100,5,5.001116666666666,12904.0,4107.0,BOT_SIDE_NEAR,support_dead_with_xy
EUW1_7696566260,200,5,5.001116666666666,13704.0,3144.0,BOT_LANE_CORE,support_dead_with_xy
EUW1_7696566666,100,10,10.003833333333333,394.0,461.0,BLUE_BASE,support_in_base
EUW1_7696566666,200,7,7.0032,14340.0,14391.0,RED_BASE,support_in_base
EUW1_7696566666,200,9,9.00355,14062.0,6505.0,BOT_LANE_CORE,support_dead_with_xy
EUW1_7696567073,100,6,6.000966666666667,647.0,483.0,BLUE_BASE,support_in_base
EUW1_7696567073,100,7,7.0014,10066.0,1108.0,BOT_LANE_CORE,support_dead_with_xy
EUW1_7696567073,200,9,9.001983333333333,11377.0,1045.0,BOT_LANE_CORE,support_dead_with_xy
EUW1_7696567233,100,6,6.0039,605.0,523.0,BLUE_BASE,support_in_base
EUW1_7696567233,200,6,6.0039,14350.0,14355.0,RED_BASE,support_in_base
EUW1_7696567233,200,10,10.00515,12712.0,1966.0,BOT_LANE_CORE,support_dead_with_xy
EUW1_7696567323,200,5,5.003066666666666,12370.0,2624.0,BOT_LANE_CORE,support_dead_with_xy
EUW1_7696567323,200,10,10.0045,11028.0,1180.0,BOT_LANE_CORE,support_dead_with_xy
EUW1_7696568146,100,9,9.003733333333333,775.0,522.0,BLUE_BASE,support_in_base
EUW1_7696568146,200,7,7.00145,7781.0,3474.0,BLUE_BOT_JUNGLE,support_dead_with_xy
EUW1_7696568346,200,11,11.004583333333333,14340.0,14391.0,RED_BASE,support_in_base
EUW1_7696569918,100,7,7.00315,2933.0,2309.0,BLUE_BASE,support_in_base
EUW1_7696569918,100,9,9.0042,2955.0,751.0,BLUE_BASE,support_in_base
EUW1_7696569918,200,9,9.0042,14050.0,12053.0,RED_BASE,support_in_base
EUW1_7696569977,200,7,7.003716666666667,13244.0,12283.0,RED_BASE,support_in_base
EUW1_7696569977,200,11,11.0051,11354.0,1791.0,BOT_LANE_CORE,support_dead_with_xy
EUW1_7696570896,100,7,7.003066666666666,884.0,514.0,BLUE_BASE,support_in_base
EUW1_7696571156,200,9,9.004133333333334,13357.0,4966.0,BOT_LANE_CORE,support_dead_with_xy
EUW1_7696571193,100,8,8.00445,1332.0,552.0,BLUE_BASE,support_in_base
EUW1_7696571193,200,7,7.004216666666666,13973.0,13329.0,RED_BASE,support_in_base
EUW1_7696571323,100,5,5.00295,2501.0,784.0,BLUE_BASE,support_in_base
EUW1_7696571323,100,6,6.0033,10668.0,1010.0,BOT_LANE_CORE,support_dead_with_xy
EUW1_7696571740,100,11,11.001433333333333,541.0,501.0,BLUE_BASE,support_in_base
EUW1_7696573428,100,7,7.0031,3139.0,1999.0,BLUE_BASE,support_in_base
EUW1_7696574334,200,9,9.003633333333333,14292.0,14235.0,RED_BASE,support_in_base
EUW1_7696574623,100,8,8.004666666666667,6406.0,6136.0,MID_LANE,support_dead_with_xy
EUW1_7696574623,200,7,7.004533333333334,14120.0,4717.0,BOT_LANE_CORE,support_dead_with_xy
EUW1_7696574623,200,11,11.00535,14065.0,14214.0,RED_BASE,support_in_base
EUW1_7696574627,100,6,6.003,10427.0,838.0,BOT_LANE_CORE,support_dead_with_xy
EUW1_7696574721,100,11,11.00425,1152.0,632.0,BLUE_BASE,support_in_base
EUW1_7696575700,100,6,6.001333333333333,3153.0,1683.0,BLUE_BASE,support_in_base
EUW1_7696575700,100,8,8.0019,2978.0,9238.0,TOP_SIDE_NEAR,support_dead_with_xy
EUW1_7696575700,200,8,8.0019,2521.0,10089.0,TOP_SIDE_NEAR,support_dead_with_xy
EUW1_7696576417,200,9,9.00245,7818.0,8207.0,MID_LANE,support_dead_with_xy
EUW1_7696577252,200,6,6.001216666666667,12255.0,12611.0,RED_BASE,support_in_base
EUW1_7696577252,200,8,8.001716666666667,14010.0,11569.0,RED_BASE,support_in_base
EUW1_7696578068,200,5,5.00065,13972.0,4792.0,BOT_LANE_CORE,support_dead_with_xy
EUW1_7696578185,100,10,10.004466666666668,394.0,461.0,BLUE_BASE,support_in_base
EUW1_7696579161,200,9,9.00395,13407.0,4399.0,BOT_LANE_CORE,support_dead_with_xy
EUW1_7696579373,100,7,7.00135,730.0,589.0,BLUE_BASE,support_in_base
EUW1_7696579373,200,10,10.001783333333334,14089.0,4730.0,BOT_LANE_CORE,support_dead_with_xy
EUW1_7696579649,100,11,11.004116666666667,12912.0,1897.0,BOT_LANE_CORE,support_dead_with_xy
EUW1_7696579649,200,8,8.0035,13946.0,14047.0,RED_BASE,support_in_base
EUW1_7696579649,200,11,11.004116666666667,13681.0,3687.0,BOT_LANE_CORE,support_dead_with_xy
EUW1_7696579998,100,9,9.004083333333334,12780.0,3223.0,BOT_LANE_CORE,support_dead_with_xy
EUW1_7696579998,100,11,11.00445,2306.0,780.0,BLUE_BASE,support_in_base
EUW1_7696579998,200,6,6.0033,13898.0,13334.0,RED_BASE,support_in_base
EUW1_7696581917,100,9,9.003616666666666,2208.0,1252.0,BLUE_BASE,support_in_base
EUW1_7696581917,200,9,9.003616666666666,14340.0,14391.0,RED_BASE,support_in_base
EUW1_7696581963,100,6,6.003316666666667,2702.0,947.0,BLUE_BASE,support_in_base
EUW1_7696581963,100,7,7.0035,13681.0,3323.0,BOT_LANE_CORE,support_dead_with_xy
EUW1_7696581963,200,6,6.003316666666667,14340.0,14391.0,RED_BASE,support_in_base
EUW1_7696582379,100,10,10.003016666666667,947.0,671.0,BLUE_BASE,support_in_base
EUW1_7696582379,200,9,9.002666666666666,14106.0,4682.0,BOT_LANE_CORE,support_dead_with_xy
EUW1_7696582508,100,7,7.003533333333333,1253.0,544.0,BLUE_BASE,support_in_base
EUW1_7696583781,200,7,7.002233333333334,13906.0,13515.0,RED_BASE,support_in_base
EUW1_7696584759,200,9,9.004083333333334,9981.0,5135.0,DRAGON_AREA,support_dead_with_xy
EUW1_7696585064,100,7,7.00365,2337.0,827.0,BLUE_BASE,support_in_base
EUW1_7696585064,200,7,7.00365,13644.0,2898.0,BOT_LANE_CORE,support_dead_with_xy
EUW1_7696586280,100,11,11.0042,2860.0,759.0,BLUE_BASE,support_in_base
EUW1_7696586393,100,10,10.003983333333334,394.0,461.0,BLUE_BASE,support_in_base
EUW1_7696586393,200,5,5.0026166666666665,13721.0,13067.0,RED_BASE,support_in_base
EUW1_7696587393,200,9,9.0048,13391.0,4363.0,BOT_LANE_CORE,support_dead_with_xy
EUW1_7696587847,100,10,10.004983333333334,3259.0,1422.0,BLUE_BASE,support_in_base
EUW1_7696587847,200,5,5.00295,13679.0,4241.0,BOT_LANE_CORE,support_dead_with_xy
EUW1_7696588335,200,10,10.004333333333333,13923.0,4116.0,BOT_LANE_CORE,support_dead_with_xy
EUW1_7696588340,100,6,6.001566666666666,13911.0,3585.0,BOT_LANE_CORE,support_dead_with_xy
EUW1_7696588340,100,8,8.002166666666668,3408.0,2043.0,BLUE_BASE,support_in_base
EUW1_7696588340,200,5,5.001266666666667,13873.0,3351.0,BOT_LANE_CORE,support_dead_with_xy
EUW1_7696588340,200,6,6.001566666666666,14021.0,4367.0,BOT_LANE_CORE,support_dead_with_xy
EUW1_7696590034,100,7,7.00435,1596.0,1226.0,BLUE_BASE,support_in_base
EUW1_7696590422,100,5,5.002583333333333,3437.0,861.0,BLUE_BASE,support_in_base
EUW1_7696590422,200,10,10.0043,9785.0,5794.0,BOT_SIDE_NEAR,support_dead_with_xy
EUW1_7696590720,100,7,7.0013,764.0,1034.0,BLUE_BASE,support_in_base
EUW1_7696590720,100,11,11.003733333333333,12600.0,4144.0,BOT_SIDE_NEAR,support_dead_with_xy
EUW1_7696590720,200,8,8.001666666666667,11680.0,3777.0,BOT_SIDE_NEAR,support_dead_with_xy
EUW1_7696590720,200,11,11.003733333333333,13540.0,1607.0,BOT_LANE_CORE,support_dead_with_xy
EUW1_7696591458,200,8,8.003616666666666,14198.0,13223.0,RED_BASE,support_in_base
EUW1_7696591931,100,6,6.002516666666667,10850.0,1101.0,BOT_LANE_CORE,support_dead_with_xy
EUW1_7696592154,100,7,7.00315,3506.0,942.0,BLUE_BASE,support_in_base
EUW1_7696592154,100,10,10.003916666666667,1958.0,729.0,BLUE_BASE,support_in_base
EUW1_7696592154,100,11,11.004216666666666,13520.0,2456.0,BOT_LANE_CORE,support_dead_with_xy
EUW1_7696592908,100,9,9.004016666666667,6449.0,6772.0,MID_LANE,support_dead_with_xy
EUW1_7696593836,100,7,7.003033333333334,2448.0,741.0,BLUE_BASE,support_in_base
EUW1_7696594896,100,10,10.0021,2344.0,2164.0,BLUE_BASE,support_in_base
EUW1_7696594896,200,11,11.002633333333334,11284.0,1734.0,BOT_LANE_CORE,support_dead_with_xy
EUW1_7696595239,200,11,11.005166666666666,14159.0,12692.0,RED_BASE,support_in_base
EUW1_7696595331,100,7,7.00135,135.0,624.0,BLUE_BASE,support_in_base
EUW1_7696595331,100,8,8.00145,901.0,10945.0,TOP_LANE_CORE,support_dead_with_xy
EUW1_7696595331,100,9,9.0016,583.0,219.0,BLUE_BASE,support_in_base
EUW1_7696595331,100,11,11.0018,625.0,474.0,BLUE_BASE,support_in_base
EUW1_7696595358,100,9,9.00345,2522.0,2519.0,BLUE_BASE,support_in_base
EUW1_7696595455,100,6,6.003383333333334,12983.0,2873.0,BOT_LANE_CORE,support_dead_with_xy
EUW1_7696595455,100,11,11.004983333333334,3345.0,974.0,BLUE_BASE,support_in_base
EUW1_7696595455,200,9,9.00465,14384.0,14201.0,RED_BASE,support_in_base
EUW1_7696595465,100,7,7.002516666666667,1888.0,2621.0,BLUE_BASE,support_in_base
EUW1_7696595465,100,9,9.003333333333334,394.0,461.0,BLUE_BASE,support_in_base
EUW1_7696597742,100,7,7.003966666666667,8066.0,2087.0,BLUE_BOT_JUNGLE,support_dead_with_xy
EUW1_7696598580,100,8,8.003216666666667,1110.0,957.0,BLUE_BASE,support_in_base
EUW1_7696598580,100,11,11.0039,12767.0,2239.0,BOT_LANE_CORE,support_dead_with_xy
EUW1_7696598580,200,6,6.0031,14014.0,11431.0,RED_BASE,support_in_base
EUW1_7696598580,200,10,10.003883333333333,8465.0,8599.0,MID_LANE,support_dead_with_xy
EUW1_7696599016,200,7,7.0038833333333335,13578.0,14206.0,RED_BASE,support_in_base
EUW1_7696599090,100,8,8.003483333333334,707.0,584.0,BLUE_BASE,support_in_base
EUW1_7696599090,100,9,9.003833333333333,13414.0,4286.0,BOT_LANE_CORE,support_dead_with_xy
EUW1_7696599090,200,9,9.003833333333333,13543.0,5020.0,BOT_LANE_CORE,support_dead_with_xy
EUW1_7696599145,100,8,8.004066666666667,1021.0,628.0,BLUE_BASE,support_in_base
EUW1_7696599907,200,6,6.0033,14075.0,12726.0,RED_BASE,support_in_base
EUW1_7696600055,100,7,7.002666666666666,11305.0,1138.0,BOT_LANE_CORE,support_dead_with_xy
EUW1_7696600118,200,10,10.004983333333334,14099.0,13787.0,RED_BASE,support_in_base
EUW1_7696600540,100,5,5.00395,9886.0,2443.0,BOT_SIDE_NEAR,support_dead_with_xy
EUW1_7696600540,100,10,10.005333333333333,10157.0,1237.0,BOT_LANE_CORE,support_dead_with_xy
EUW1_7696600540,100,11,11.005783333333333,10713.0,2654.0,BOT_SIDE_NEAR,support_dead_with_xy
EUW1_7696600540,200,10,10.005333333333333,14284.0,13930.0,RED_BASE,support_in_base
EUW1_7696600893,100,9,9.004416666666666,963.0,595.0,BLUE_BASE,support_in_base
EUW1_7696601329,200,5,5.001333333333333,14122.0,4724.0,BOT_LANE_CORE,support_dead_with_xy
EUW1_7696601499,100,8,8.004483333333333,617.0,847.0,BLUE_BASE,support_in_base
EUW1_7696601499,100,9,9.004633333333333,1565.0,637.0,BLUE_BASE,support_in_base
EUW1_7696601499,100,11,11.004833333333334,3270.0,2125.0,BLUE_BASE,support_in_base
EUW1_7696601499,200,8,8.004483333333333,14340.0,14391.0,RED_BASE,support_in_base
EUW1_7696601737,100,11,11.004983333333334,618.0,460.0,BLUE_BASE,support_in_base
EUW1_7696601737,200,5,5.003266666666667,12834.0,12164.0,RED_BASE,support_in_base
EUW1_7696601737,200,6,6.003616666666667,14194.0,14356.0,RED_BASE,support_in_base
EUW1_7696601737,200,11,11.004983333333334,13020.0,11848.0,RED_BASE,support_in_base
EUW1_7696601899,100,6,6.003116666666667,394.0,461.0,BLUE_BASE,support_in_base
EUW1_7696602097,200,8,8.003283333333334,13995.0,5078.0,BOT_LANE_CORE,support_dead_with_xy
EUW1_7696602097,200,10,10.003733333333333,13008.0,5971.0,RED_BOT_JUNGLE,support_dead_with_xy
EUW1_7696602668,100,6,6.002883333333333,10369.0,2665.0,BOT_SIDE_NEAR,support_dead_with_xy
EUW1_7696602668,200,10,10.0035,13703.0,12395.0,RED_BASE,support_in_base
EUW1_7696602668,200,11,11.004066666666667,14340.0,14391.0,RED_BASE,support_in_base
EUW1_7696602697,200,7,7.003466666666666,14246.0,13474.0,RED_BASE,support_in_base
EUW1_7696602697,200,11,11.0043,13015.0,14019.0,RED_BASE,support_in_base
EUW1_7696602730,100,5,5.002833333333333,14027.0,5298.0,BOT_LANE_CORE,support_dead_with_xy
EUW1_7696603058,200,7,7.003983333333333,14340.0,14391.0,RED_BASE,support_in_base
EUW1_7696604233,100,9,9.0037,394.0,461.0,BLUE_BASE,support_in_base
EUW1_7696605064,200,7,7.003416666666666,12339.0,1422.0,BOT_LANE_CORE,support_dead_with_xy
EUW1_7696605064,200,9,9.0038,7706.0,2500.0,BLUE_BOT_JUNGLE,support_dead_with_xy
EUW1_7696606042,100,5,5.001033333333333,3372.0,952.0,BLUE_BASE,support_in_base
EUW1_7696606328,100,6,6.0015,3534.0,726.0,BLUE_BASE,support_in_base
EUW1_7696606328,100,7,7.0016,8067.0,6766.0,MID_LANE,support_dead_with_xy
EUW1_7696606328,200,6,6.0015,12430.0,11807.0,RED_BASE,support_in_base
EUW1_7696607528,100,11,11.004183333333334,3119.0,1423.0,BLUE_BASE,support_in_base
EUW1_7696607528,200,9,9.0037,8688.0,5174.0,BLUE_BOT_JUNGLE,support_dead_with_xy
EUW1_7696607887,100,5,5.00305,2117.0,853.0,BLUE_BASE,support_in_base
EUW1_7696607887,200,8,8.003683333333333,13580.0,13061.0,RED_BASE,support_in_base
EUW1_7696608086,100,9,9.003633333333333,12822.0,4148.0,BOT_SIDE_NEAR,support_dead_with_xy
EUW1_7696608086,200,5,5.000783333333334,13781.0,13341.0,RED_BASE,support_in_base
EUW1_7696608086,200,9,9.003633333333333,14102.0,4560.0,BOT_LANE_CORE,support_dead_with_xy
EUW1_7696608542,100,10,10.005,10517.0,854.0,BOT_LANE_CORE,support_dead_with_xy
EUW1_7696608542,100,11,11.005433333333333,10958.0,3714.0,BOT_SIDE_NEAR,support_dead_with_xy
EUW1_7696608542,200,5,5.002983333333333,13579.0,4468.0,BOT_LANE_CORE,support_dead_with_xy
EUW1_7696608542,200,8,8.003916666666667,14031.0,4312.0,BOT_LANE_CORE,support_dead_with_xy
EUW1_7696608542,200,9,9.004466666666668,14110.0,11153.0,RED_BASE,support_in_base
EUW1_7696608912,100,7,7.0021,3196.0,891.0,BLUE_BASE,support_in_base
EUW1_7696608912,100,9,9.002633333333334,2360.0,1750.0,BLUE_BASE,support_in_base
EUW1_7696609302,100,10,10.004516666666667,2577.0,1945.0,BLUE_BASE,support_in_base
EUW1_7696609302,200,5,5.002883333333333,14035.0,11730.0,RED_BASE,support_in_base
EUW1_7696609500,100,5,5.002666666666666,2959.0,727.0,BLUE_BASE,support_in_base
EUW1_7696609500,200,8,8.003766666666667,8942.0,6191.0,RIVER_BOT,support_dead_with_xy
EUW1_7696610498,100,7,7.00375,1758.0,643.0,BLUE_BASE,support_in_base
EUW1_7696610498,100,9,9.004583333333333,394.0,461.0,BLUE_BASE,support_in_base
EUW1_7696610498,200,9,9.004583333333333,11994.0,1779.0,BOT_LANE_CORE,support_dead_with_xy
EUW1_7696610498,200,11,11.005283333333333,13720.0,12613.0,RED_BASE,support_in_base
EUW1_7696610604,100,8,8.001716666666667,650.0,2145.0,BLUE_BASE,support_in_base
EUW1_7696610604,200,6,6.001016666666667,13165.0,12451.0,RED_BASE,support_in_base
EUW1_7696610604,200,10,10.002266666666667,13985.0,12922.0,RED_BASE,support_in_base
EUW1_7696612002,200,7,7.00365,13190.0,3346.0,BOT_LANE_CORE,support_dead_with_xy
EUW1_7696612002,200,10,10.005216666666668,13138.0,2864.0,BOT_LANE_CORE,support_dead_with_xy
EUW1_7696612189,100,9,9.003733333333333,10507.0,3416.0,BOT_SIDE_NEAR,support_dead_with_xy
EUW1_7696612189,200,10,10.003966666666667,12733.0,3160.0,BOT_LANE_CORE,support_dead_with_xy
EUW1_7696612856,100,5,5.00345,13828.0,3476.0,BOT_LANE_CORE,support_dead_with_xy
EUW1_7696612856,100,9,9.004566666666667,13826.0,3708.0,BOT_LANE_CORE,support_dead_with_xy
EUW1_7696612856,100,11,11.0053,491.0,492.0,BLUE_BASE,support_in_base
EUW1_7696612856,200,5,5.00345,14105.0,4776.0,BOT_LANE_CORE,support_dead_with_xy
EUW1_7696612856,200,11,11.0053,14081.0,4231.0,BOT_LANE_CORE,support_dead_with_xy
EUW1_7696612913,100,6,6.0016,2374.0,648.0,BLUE_BASE,support_in_base
EUW1_7696612913,100,9,9.004283333333333,2727.0,660.0,BLUE_BASE,support_in_base
EUW1_7696612913,200,9,9.004283333333333,13276.0,12521.0,RED_BASE,support_in_base
EUW1_7696613484,100,11,11.002966666666667,530.0,697.0,BLUE_BASE,support_in_base
EUW1_7696613586,100,6,6.002583333333333,394.0,461.0,BLUE_BASE,support_in_base
EUW1_7696613586,200,9,9.0035,14148.0,12568.0,RED_BASE,support_in_base
EUW1_7696614649,100,8,8.004233333333334,11100.0,1832.0,BOT_LANE_CORE,support_dead_with_xy
EUW1_7696616144,100,6,6.003533333333333,11100.0,3302.0,BOT_SIDE_NEAR,support_dead_with_xy
EUW1_7696616144,200,8,8.004433333333333,14099.0,11006.0,RED_BASE,support_in_base
EUW1_7696616144,200,11,11.005166666666666,13701.0,3262.0,BOT_LANE_CORE,support_dead_with_xy
EUW1_7696616531,100,8,8.004066666666667,2797.0,2208.0,BLUE_BASE,support_in_base
EUW1_7696616531,200,10,10.0049,11599.0,1077.0,BOT_LANE_CORE,support_dead_with_xy
EUW1_7696617262,200,6,6.000916666666667,14219.0,14234.0,RED_BASE,support_in_base
EUW1_7696617262,200,10,10.0047,13910.0,11560.0,RED_BASE,support_in_base
EUW1_7696617302,100,11,11.005516666666667,10876.0,1382.0,BOT_LANE_CORE,support_dead_with_xy
EUW1_7696618035,200,10,10.004316666666666,12415.0,1580.0,BOT_LANE_CORE,support_dead_with_xy
EUW1_7696618365,100,11,11.004133333333334,586.0,1087.0,BLUE_BASE,support_in_base
EUW1_7696618390,100,5,5.002816666666667,394.0,461.0,BLUE_BASE,support_in_base
EUW1_7696618390,100,7,7.00345,10694.0,4653.0,DRAGON_AREA,support_dead_with_xy
EUW1_7696618390,200,7,7.00345,10301.0,5324.0,DRAGON_AREA,support_dead_with_xy
EUW1_7696618762,100,5,5.00285,703.0,1234.0,BLUE_BASE,support_in_base
EUW1_7696618762,100,7,7.003533333333333,2302.0,893.0,BLUE_BASE,support_in_base
EUW1_7696618762,200,7,7.003533333333333,13205.0,11494.0,RED_BASE,support_in_base
EUW1_7696618862,100,6,6.002766666666667,11024.0,1352.0,BOT_LANE_CORE,support_dead_with_xy
EUW1_7696618862,200,7,7.002916666666667,14072.0,4008.0,BOT_LANE_CORE,support_dead_with_xy
EUW1_7696618946,100,6,6.002633333333334,11656.0,4622.0,BOT_SIDE_NEAR,support_dead_with_xy
EUW1_7696618946,200,6,6.002633333333334,14307.0,14032.0,RED_BASE,support_in_base
EUW1_7696618946,200,10,10.004216666666666,12517.0,12286.0,RED_BASE,support_in_base
EUW1_7696619984,200,5,5.002466666666667,13648.0,12494.0,RED_BASE,support_in_base
EUW1_7696619984,200,11,11.0047,13912.0,13856.0,RED_BASE,support_in_base
EUW1_7696620256,200,5,5.00265,14229.0,12679.0,RED_BASE,support_in_base
EUW1_7696620256,200,7,7.00305,13815.0,13809.0,RED_BASE,support_in_base
EUW1_7696620256,200,10,10.004183333333334,14306.0,13414.0,RED_BASE,support_in_base
EUW1_7696620766,100,5,5.0024,394.0,461.0,BLUE_BASE,support_in_base
EUW1_7696620766,200,6,6.002583333333333,13691.0,12774.0,RED_BASE,support_in_base
EUW1_7696620766,200,8,8.0033,13669.0,14117.0,RED_BASE,support_in_base
EUW1_7696620766,200,11,11.00415,11173.0,6802.0,RED_BOT_JUNGLE,support_dead_with_xy
EUW1_7696622127,200,9,9.003733333333333,13614.0,13168.0,RED_BASE,support_in_base
EUW1_7696622324,100,6,6.00295,3201.0,690.0,BLUE_BASE,support_in_base
EUW1_7696622324,200,6,6.00295,14278.0,14234.0,RED_BASE,support_in_base
EUW1_7696622362,100,9,9.004183333333334,357.0,545.0,BLUE_BASE,support_in_base
EUW1_7696622362,200,7,7.003533333333333,14340.0,14391.0,RED_BASE,support_in_base
EUW1_7696622775,200,9,9.00355,14235.0,13232.0,RED_BASE,support_in_base
EUW1_7696623993,200,10,10.005183333333333,13929.0,12735.0,RED_BASE,support_in_base
EUW1_7696624553,100,7,7.0010666666666665,2228.0,680.0,BLUE_BASE,support_in_base
EUW1_7696624896,100,11,11.004833333333334,3156.0,1588.0,BLUE_BASE,support_in_base
EUW1_7696625540,200,7,7.00305,13961.0,13042.0,RED_BASE,support_in_base
EUW1_7696625540,200,8,8.00325,13549.0,5717.0,BOT_LANE_CORE,support_dead_with_xy
EUW1_7696625550,100,8,8.004183333333334,10327.0,837.0,BOT_LANE_CORE,support_dead_with_xy
EUW1_7696625550,100,9,9.00425,1157.0,522.0,BLUE_BASE,support_in_base
EUW1_7696625550,200,6,6.0033,14304.0,14056.0,RED_BASE,support_in_base
EUW1_7696625953,200,6,6.003466666666666,14160.0,13788.0,RED_BASE,support_in_base
EUW1_7696626240,100,9,9.004683333333332,1200.0,2052.0,BLUE_BASE,support_in_base
EUW1_7696626240,100,10,10.004783333333334,394.0,462.0,BLUE_BASE,support_in_base
EUW1_7696626240,100,11,11.005,394.0,462.0,BLUE_BASE,support_in_base
EUW1_7696626240,200,5,5.0034,13983.0,13834.0,RED_BASE,support_in_base
EUW1_7696626240,200,9,9.004683333333332,13502.0,11571.0,RED_BASE,support_in_base
EUW1_7696626240,200,11,11.005,13678.0,11706.0,RED_BASE,support_in_base
EUW1_7696626243,100,7,7.003433333333334,2804.0,807.0,BLUE_BASE,support_in_base
EUW1_7696626243,200,10,10.00445,13354.0,12428.0,RED_BASE,support_in_base
EUW1_7696626463,200,10,10.003633333333333,13226.0,4424.0,BOT_LANE_CORE,support_dead_with_xy
EUW1_7696626490,100,7,7.002883333333333,2273.0,1164.0,BLUE_BASE,support_in_base
EUW1_7696626887,100,11,11.004133333333334,1883.0,780.0,BLUE_BASE,support_in_base
EUW1_7696626887,200,10,10.0039,14067.0,4506.0,BOT_LANE_CORE,support_dead_with_xy
EUW1_7696628263,100,6,6.0030833333333335,630.0,492.0,BLUE_BASE,support_in_base
EUW1_7696628263,100,8,8.003866666666667,394.0,461.0,BLUE_BASE,support_in_base
EUW1_7696628263,200,11,11.004216666666666,13937.0,13754.0,RED_BASE,support_in_base
EUW1_7696629626,100,7,7.001216666666667,354.0,396.0,BLUE_BASE,support_in_base
EUW1_7696631304,100,10,10.00435,2182.0,1117.0,BLUE_BASE,support_in_base
EUW1_7696631304,200,10,10.00435,2985.0,7950.0,BLUE_TOP_JUNGLE,support_dead_with_xy
EUW1_7696633661,200,5,5.000666666666667,14144.0,12266.0,RED_BASE,support_in_base
EUW1_7696633889,200,11,11.004816666666667,13260.0,12388.0,RED_BASE,support_in_base
EUW1_7696634061,100,8,8.003683333333333,10276.0,1066.0,BOT_LANE_CORE,support_dead_with_xy
EUW1_7696634061,100,11,11.004533333333333,13522.0,4772.0,BOT_LANE_CORE,support_dead_with_xy
EUW1_7696634188,100,11,11.0042,13260.0,4174.0,BOT_LANE_CORE,support_dead_with_xy
EUW1_7696634188,200,11,11.0042,13754.0,5084.0,BOT_LANE_CORE,support_dead_with_xy
EUW1_7696634616,100,7,7.003283333333333,10882.0,935.0,BOT_LANE_CORE,support_dead_with_xy
EUW1_7696634721,100,8,8.004166666666666,12456.0,2809.0,BOT_LANE_CORE,support_dead_with_xy
EUW1_7696634721,200,11,11.0053,13509.0,6643.0,BOT_LANE_CORE,support_dead_with_xy
EUW1_7696635458,100,6,6.00285,421.0,469.0,BLUE_BASE,support_in_base
EUW1_7696635458,100,8,8.0032,11741.0,1190.0,BOT_LANE_CORE,support_dead_with_xy
EUW1_7696635458,200,8,8.0032,9810.0,1762.0,BOT_LANE_CORE,support_dead_with_xy
EUW1_7696635890,100,9,9.003283333333334,10988.0,3748.0,BOT_SIDE_NEAR,support_dead_with_xy
EUW1_7696636888,100,6,6.0038833333333335,10697.0,4492.0,DRAGON_AREA,support_dead_with_xy
EUW1_7696636888,200,11,11.00535,12855.0,3126.0,BOT_LANE_CORE,support_dead_with_xy
EUW1_7696637166,100,10,10.003783333333333,394.0,461.0,BLUE_BASE,support_in_base
EUW1_7696637166,200,7,7.002983333333333,14042.0,13371.0,RED_BASE,support_in_base
EUW1_7696637166,200,8,8.00325,13056.0,2599.0,BOT_LANE_CORE,support_dead_with_xy
EUW1_7696637166,200,11,11.004133333333334,14027.0,11214.0,RED_BASE,support_in_base
EUW1_7696637462,100,6,6.001333333333333,7101.0,4804.0,BLUE_BOT_JUNGLE,support_dead_with_xy
EUW1_7696637462,200,9,9.001733333333334,11453.0,5757.0,BOT_SIDE_NEAR,support_dead_with_xy
EUW1_7696638350,100,11,11.005033333333333,394.0,461.0,BLUE_BASE,support_in_base
EUW1_7696638350,200,7,7.0039,12832.0,11266.0,RED_BASE,support_in_base
EUW1_7696638711,100,10,10.00395,2108.0,1075.0,BLUE_BASE,support_in_base
EUW1_7696638711,200,11,11.0047,14322.0,14267.0,RED_BASE,support_in_base
EUW1_7696639119,200,7,7.003283333333333,14340.0,14391.0,RED_BASE,support_in_base
EUW1_7696639597,100,9,9.003866666666667,858.0,556.0,BLUE_BASE,support_in_base
EUW1_7696639597,100,11,11.0045,12300.0,1941.0,BOT_LANE_CORE,support_dead_with_xy
EUW1_7696641147,100,5,5.000916666666667,1434.0,885.0,BLUE_BASE,support_in_base
EUW1_7696641147,100,8,8.003633333333333,634.0,533.0,BLUE_BASE,support_in_base
EUW1_7696641147,200,8,8.003633333333333,13590.0,13932.0,RED_BASE,support_in_base
EUW1_7696641181,200,5,5.00235,13979.0,13665.0,RED_BASE,support_in_base
EUW1_7696641181,200,9,9.003366666666667,14246.0,14195.0,RED_BASE,support_in_base
EUW1_7696641433,100,6,6.001516666666666,1733.0,563.0,BLUE_BASE,support_in_base
EUW1_7696641433,100,9,9.00405,1679.0,564.0,BLUE_BASE,support_in_base
EUW1_7696641433,200,9,9.00405,13762.0,13206.0,RED_BASE,support_in_base
EUW1_7696641700,100,7,7.003433333333334,10600.0,1306.0,BOT_LANE_CORE,support_dead_with_xy
EUW1_7696641700,100,8,8.00355,2140.0,685.0,BLUE_BASE,support_in_base
EUW1_7696641843,100,6,6.001616666666667,2862.0,1395.0,BLUE_BASE,support_in_base
EUW1_7696641843,100,9,9.0042,1764.0,1345.0,BLUE_BASE,support_in_base
EUW1_7696642532,100,5,5.002883333333333,394.0,461.0,BLUE_BASE,support_in_base
EUW1_7696642532,100,11,11.00415,2952.0,769.0,BLUE_BASE,support_in_base
EUW1_7696642532,200,7,7.0032,14010.0,12644.0,RED_BASE,support_in_base
EUW1_7696642810,200,6,6.003183333333333,14340.0,14391.0,RED_BASE,support_in_base
EUW1_7696644494,100,10,10.0025,394.0,461.0,BLUE_BASE,support_in_base
EUW1_7696644494,200,8,8.002066666666666,8565.0,4938.0,BLUE_BOT_JUNGLE,support_dead_with_xy
EUW1_7696644507,100,9,9.004066666666667,4700.0,7505.0,BLUE_TOP_JUNGLE,support_dead_with_xy
EUW1_7696644507,100,10,10.0043,7746.0,6916.0,MID_LANE,support_dead_with_xy
EUW1_7696644621,200,10,10.00335,14075.0,12329.0,RED_BASE,support_in_base
EUW1_7696645702,100,5,5.00245,896.0,485.0,BLUE_BASE,support_in_base
EUW1_7696645969,100,8,8.000933333333334,7582.0,8584.0,MID_LANE,support_dead_with_xy
EUW1_7696645969,200,10,10.00125,14340.0,14391.0,RED_BASE,support_in_base
EUW1_7696646079,200,7,7.0030166666666664,14313.0,14019.0,RED_BASE,support_in_base
EUW1_7696646585,100,7,7.0037,3066.0,545.0,BLUE_BASE,support_in_base
EUW1_7696646585,100,10,10.004333333333333,1520.0,832.0,BLUE_BASE,support_in_base
EUW1_7696647204,200,9,9.004433333333333,13528.0,12407.0,RED_BASE,support_in_base
EUW1_7696648684,200,6,6.0037,13271.0,11741.0,RED_BASE,support_in_base
EUW1_7696648684,200,8,8.004233333333334,11475.0,3063.0,BOT_SIDE_NEAR,support_dead_with_xy
EUW1_7696648684,200,10,10.004966666666666,14340.0,14391.0,RED_BASE,support_in_base
EUW1_7696648721,100,6,6.0030166666666664,9710.0,4381.0,DRAGON_AREA,support_dead_with_xy
EUW1_7696648721,100,8,8.003683333333333,394.0,461.0,BLUE_BASE,support_in_base
EUW1_7696648721,100,11,11.004133333333334,1832.0,994.0,BLUE_BASE,support_in_base
EUW1_7696648827,100,5,5.00305,1875.0,732.0,BLUE_BASE,support_in_base
EUW1_7696648992,200,9,9.003516666666666,14340.0,14391.0,RED_BASE,support_in_base
EUW1_7696649141,100,6,6.003383333333334,11627.0,4381.0,BOT_SIDE_NEAR,support_dead_with_xy
EUW1_7696649640,100,5,5.003033333333334,768.0,605.0,BLUE_BASE,support_in_base
EUW1_7696649640,100,7,7.0033666666666665,14074.0,4445.0,BOT_LANE_CORE,support_dead_with_xy
EUW1_7696649640,200,7,7.0033666666666665,13339.0,3543.0,BOT_LANE_CORE,support_dead_with_xy
EUW1_7696650229,100,8,8.00325,7004.0,7344.0,MID_LANE,support_dead_with_xy
EUW1_7696650310,100,6,6.003983333333333,10843.0,3584.0,BOT_SIDE_NEAR,support_dead_with_xy
EUW1_7696650310,200,5,5.0037666666666665,13987.0,12627.0,RED_BASE,support_in_base
EUW1_7696650680,100,7,7.004566666666666,713.0,1662.0,BLUE_BASE,support_in_base
EUW1_7696650680,100,8,8.004583333333333,4488.0,13263.0,TOP_LANE_CORE,support_dead_with_xy
EUW1_7696650680,200,7,7.004566666666666,13511.0,12142.0,RED_BASE,support_in_base
EUW1_7696652792,100,5,5.0032,10545.0,1348.0,BOT_LANE_CORE,support_dead_with_xy
EUW1_7696652792,100,10,10.004066666666667,1671.0,635.0,BLUE_BASE,support_in_base
EUW1_7696652792,100,11,11.00435,627.0,480.0,BLUE_BASE,support_in_base
EUW1_7696652792,200,10,10.004066666666667,14340.0,14391.0,RED_BASE,support_in_base
EUW1_7696654351,100,11,11.004883333333334,2853.0,776.0,BLUE_BASE,support_in_base
EUW1_7696654421,100,6,6.003066666666666,394.0,461.0,BLUE_BASE,support_in_base
EUW1_7696654421,100,11,11.004816666666667,2845.0,778.0,BLUE_BASE,support_in_base
EUW1_7696654421,200,10,10.00455,13315.0,2402.0,BOT_LANE_CORE,support_dead_with_xy
EUW1_7696655036,100,9,9.001466666666667,3001.0,802.0,BLUE_BASE,support_in_base
EUW1_7696655036,200,9,9.001466666666667,13682.0,13904.0,RED_BASE,support_in_base
EUW1_7696655679,200,6,6.001233333333333,14287.0,14296.0,RED_BASE,support_in_base
EUW1_7696655786,100,11,11.004033333333334,11646.0,3823.0,BOT_SIDE_NEAR,support_dead_with_xy
EUW1_7696655867,100,8,8.00325,13315.0,5073.0,BOT_LANE_CORE,support_dead_with_xy
EUW1_7696655867,200,6,6.00295,9823.0,4788.0,DRAGON_AREA,support_dead_with_xy
EUW1_7696655867,200,9,9.00345,14137.0,12956.0,RED_BASE,support_in_base
EUW1_7696656096,100,5,5.00335,1391.0,743.0,BLUE_BASE,support_in_base
EUW1_7696656096,100,10,10.004533333333333,11715.0,1094.0,BOT_LANE_CORE,support_dead_with_xy
EUW1_7696656096,200,8,8.003783333333333,13578.0,13868.0,RED_BASE,support_in_base
EUW1_7696656346,100,11,11.005566666666667,960.0,1251.0,BLUE_BASE,support_in_base
EUW1_7696656979,100,9,9.00425,1887.0,753.0,BLUE_BASE,support_in_base
EUW1_7696656985,100,7,7.00355,10968.0,920.0,BOT_LANE_CORE,support_dead_with_xy
EUW1_7696657623,100,7,7.0027333333333335,2024.0,650.0,BLUE_BASE,support_in_base
EUW1_7696657623,100,11,11.00395,12833.0,4223.0,BOT_SIDE_NEAR,support_dead_with_xy
EUW1_7696657623,200,11,11.00395,13747.0,3740.0,BOT_LANE_CORE,support_dead_with_xy
EUW1_7696658504,100,7,7.00315,10292.0,860.0,BOT_LANE_CORE,support_dead_with_xy
EUW1_7696658746,200,9,9.003633333333333,12518.0,1830.0,BOT_LANE_CORE,support_dead_with_xy
EUW1_7696661556,200,10,10.005633333333334,13161.0,3013.0,BOT_LANE_CORE,support_dead_with_xy
EUW1_7696661722,100,9,9.003083333333333,1222.0,568.0,BLUE_BASE,support_in_base
EUW1_7696661882,100,9,9.0039,1174.0,713.0,BLUE_BASE,support_in_base
EUW1_7696661882,200,6,6.00275,14308.0,14176.0,RED_BASE,support_in_base
EUW1_7696661882,200,9,9.0039,13679.0,12699.0,RED_BASE,support_in_base
EUW1_7696661888,100,11,11.004916666666666,11024.0,3819.0,BOT_SIDE_NEAR,support_dead_with_xy
EUW1_7696661888,200,5,5.00285,14137.0,12677.0,RED_BASE,support_in_base
EUW1_7696661888,200,6,6.003133333333333,13862.0,4071.0,BOT_LANE_CORE,support_dead_with_xy
EUW1_7696662119,100,10,10.003983333333334,2810.0,2196.0,BLUE_BASE,support_in_base
EUW1_7696662119,200,8,8.001916666666666,14056.0,11168.0,RED_BASE,support_in_base
EUW1_7696662512,200,11,11.004416666666666,11657.0,2138.0,BOT_SIDE_NEAR,support_dead_with_xy
EUW1_7696663507,100,7,7.002933333333333,616.0,341.0,BLUE_BASE,support_in_base
EUW1_7696663507,100,8,8.002983333333333,966.0,525.0,BLUE_BASE,support_in_base
EUW1_7696664093,200,7,7.003733333333333,14046.0,13481.0,RED_BASE,support_in_base
EUW1_7696664172,100,6,6.00135,763.0,484.0,BLUE_BASE,support_in_base
EUW1_7696664319,100,7,7.00355,1234.0,631.0,BLUE_BASE,support_in_base
EUW1_7696664470,100,6,6.001316666666667,3575.0,960.0,BLUE_BASE,support_in_base
EUW1_7696664470,200,8,8.0017,13393.0,11404.0,RED_BASE,support_in_base
EUW1_7696664576,100,10,10.003283333333334,587.0,540.0,BLUE_BASE,support_in_base
EUW1_7696665670,100,6,6.00335,394.0,461.0,BLUE_BASE,support_in_base
EUW1_7696666129,100,6,6.0030166666666664,3398.0,659.0,BLUE_BASE,support_in_base
EUW1_7696666129,100,7,7.0031,8198.0,4869.0,BLUE_BOT_JUNGLE,support_dead_with_xy
EUW1_7696666129,200,11,11.0039,14340.0,14391.0,RED_BASE,support_in_base
EUW1_7696666264,100,11,11.004283333333333,11652.0,1632.0,BOT_LANE_CORE,support_dead_with_xy
EUW1_7696666264,200,11,11.004283333333333,14301.0,14282.0,RED_BASE,support_in_base
EUW1_7696667707,100,11,11.004,11830.0,4942.0,BOT_SIDE_NEAR,support_dead_with_xy
EUW1_7696668735,100,11,11.004433333333333,1675.0,586.0,BLUE_BASE,support_in_base
EUW1_7696669606,200,5,5.0034833333333335,14006.0,11152.0,RED_BASE,support_in_base
EUW1_7696669606,200,10,10.0048,4282.0,9179.0,TOP_SIDE_NEAR,support_dead_with_xy
EUW1_7696669660,200,5,5.003533333333333,13520.0,4061.0,BOT_LANE_CORE,support_dead_with_xy
EUW1_7696669660,200,10,10.004816666666667,14340.0,14391.0,RED_BASE,support_in_base
EUW1_7696670593,200,6,6.002816666666667,14257.0,13105.0,RED_BASE,support_in_base
EUW1_7696671312,100,8,8.002116666666666,394.0,461.0,BLUE_BASE,support_in_base
EUW1_7696671312,200,5,5.0008333333333335,12603.0,2399.0,BOT_LANE_CORE,support_dead_with_xy
EUW1_7696671520,100,8,8.001416666666668,472.0,508.0,BLUE_BASE,support_in_base
EUW1_7696671520,100,11,11.003816666666667,11145.0,3592.0,BOT_SIDE_NEAR,support_dead_with_xy
EUW1_7696671520,200,11,11.003816666666667,11366.0,3679.0,BOT_SIDE_NEAR,support_dead_with_xy
EUW1_7696672752,100,9,9.004016666666667,10718.0,1143.0,BOT_LANE_CORE,support_dead_with_xy
EUW1_7696672752,200,6,6.0034,14012.0,4189.0,BOT_LANE_CORE,support_dead_with_xy
EUW1_7696672752,200,9,9.004016666666667,11375.0,1376.0,BOT_LANE_CORE,support_dead_with_xy
EUW1_7696674421,100,7,7.00175,854.0,880.0,BLUE_BASE,support_in_base
EUW1_7696674421,100,10,10.0022,11307.0,1016.0,BOT_LANE_CORE,support_dead_with_xy
EUW1_7696675600,100,5,5.0011833333333335,1898.0,610.0,BLUE_BASE,support_in_base
EUW1_7696675600,100,7,7.00325,2364.0,1444.0,BLUE_BASE,support_in_base
EUW1_7696675600,200,8,8.00355,13429.0,12885.0,RED_BASE,support_in_base
EUW1_7696675685,100,9,9.004066666666667,655.0,534.0,BLUE_BASE,support_in_base
EUW1_7696676349,200,6,6.0030833333333335,14340.0,14391.0,RED_BASE,support_in_base
EUW1_7696676349,200,8,8.003633333333333,14340.0,14391.0,RED_BASE,support_in_base
EUW1_7696677050,200,7,7.0037,13622.0,4293.0,BOT_LANE_CORE,support_dead_with_xy
EUW1_7696677050,200,10,10.0046,13616.0,7698.0,BOT_LANE_CORE,support_dead_with_xy
EUW1_7696677160,100,6,6.002783333333333,394.0,461.0,BLUE_BASE,support_in_base
EUW1_7696677160,100,11,11.004566666666667,13975.0,4315.0,BOT_LANE_CORE,support_dead_with_xy
EUW1_7696677160,200,5,5.002666666666666,14030.0,11369.0,RED_BASE,support_in_base
EUW1_7696677160,200,7,7.0032,14340.0,14391.0,RED_BASE,support_in_base
EUW1_7696677380,100,8,8.003516666666666,13228.0,1724.0,BOT_LANE_CORE,support_dead_with_xy
EUW1_7696677649,100,10,10.0037,394.0,461.0,BLUE_BASE,support_in_base
EUW1_7696679646,100,5,5.002833333333333,502.0,473.0,BLUE_BASE,support_in_base
EUW1_7696679646,100,6,6.003283333333333,793.0,718.0,BLUE_BASE,support_in_base
EUW1_7696679646,100,7,7.003633333333333,10230.0,2472.0,BOT_SIDE_NEAR,support_dead_with_xy
EUW1_7696679646,200,11,11.004183333333334,3706.0,10484.0,TOP_SIDE_NEAR,support_dead_with_xy
EUW1_7696679677,100,10,10.002633333333334,1415.0,978.0,BLUE_BASE,support_in_base
EUW1_7696679677,200,10,10.002633333333334,12181.0,13356.0,RED_BASE,support_in_base
EUW1_7696680558,200,10,10.003933333333332,13902.0,13435.0,RED_BASE,support_in_base
EUW1_7696680692,100,8,8.00155,702.0,662.0,BLUE_BASE,support_in_base
EUW1_7696680692,200,9,9.003383333333334,9650.0,7752.0,RED_BOT_JUNGLE,support_dead_with_xy
EUW1_7696680898,100,5,5.0011,1055.0,1563.0,BLUE_BASE,support_in_base
EUW1_7696680898,100,7,7.0035,1345.0,2027.0,BLUE_BASE,support_in_base
EUW1_7696680898,100,9,9.00395,2635.0,1545.0,BLUE_BASE,support_in_base
EUW1_7696681013,200,6,6.0011833333333335,11060.0,1927.0,BOT_LANE_CORE,support_dead_with_xy
EUW1_7696681856,100,11,11.0052,10986.0,4972.0,BOT_SIDE_NEAR,support_dead_with_xy
EUW1_7696681856,200,7,7.0041,14310.0,14043.0,RED_BASE,support_in_base
EUW1_7696682112,100,6,6.0033666666666665,2731.0,901.0,BLUE_BASE,support_in_base
EUW1_7696682112,200,8,8.003666666666666,12160.0,4610.0,BOT_SIDE_NEAR,support_dead_with_xy
EUW1_7696682112,200,10,10.0041,14340.0,14391.0,RED_BASE,support_in_base
EUW1_7696682597,100,6,6.003916666666667,394.0,461.0,BLUE_BASE,support_in_base
EUW1_7696682597,200,7,7.004216666666666,14059.0,12759.0,RED_BASE,support_in_base
EUW1_7696682857,100,11,11.00465,394.0,461.0,BLUE_BASE,support_in_base
EUW1_7696683073,100,6,6.003266666666667,685.0,664.0,BLUE_BASE,support_in_base
EUW1_7696683073,100,10,10.0042,10421.0,3293.0,BOT_SIDE_NEAR,support_dead_with_xy
EUW1_7696683073,200,10,10.0042,10181.0,3092.0,BOT_SIDE_NEAR,support_dead_with_xy
EUW1_7696683856,200,7,7.002866666666667,14010.0,13231.0,RED_BASE,support_in_base
EUW1_7696685187,100,7,7.003183333333333,1260.0,601.0,BLUE_BASE,support_in_base
EUW1_7696685187,100,11,11.00475,394.0,461.0,BLUE_BASE,support_in_base
EUW1_7696685500,100,9,9.0046,651.0,617.0,BLUE_BASE,support_in_base
EUW1_7696686354,100,6,6.00135,13973.0,3994.0,BOT_LANE_CORE,support_dead_with_xy
EUW1_7696687824,100,6,6.0033,394.0,461.0,BLUE_BASE,support_in_base
EUW1_7696688029,200,7,7.003466666666666,14340.0,14391.0,RED_BASE,support_in_base
EUW1_7696688762,100,5,5.0027333333333335,3698.0,691.0,BLUE_BASE,support_in_base
EUW1_7696690707,200,8,8.00355,9334.0,6465.0,RIVER_BOT,support_dead_with_xy
EUW1_7696690890,200,5,5.00285,13891.0,11841.0,RED_BASE,support_in_base
EUW1_7696691896,100,10,10.003783333333333,13189.0,2991.0,BOT_LANE_CORE,support_dead_with_xy
EUW1_7696691896,200,10,10.003783333333333,13394.0,3910.0,BOT_LANE_CORE,support_dead_with_xy
EUW1_7696692004,200,7,7.003916666666667,14167.0,13694.0,RED_BASE,support_in_base
EUW1_7696692004,200,11,11.005033333333333,14079.0,13924.0,RED_BASE,support_in_base
EUW1_7696692244,200,6,6.002783333333333,12944.0,2065.0,BOT_LANE_CORE,support_dead_with_xy
EUW1_7696692244,200,9,9.004133333333334,11494.0,1410.0,BOT_LANE_CORE,support_dead_with_xy
EUW1_7696692286,100,10,10.00485,6664.0,7791.0,MID_LANE,support_dead_with_xy
EUW1_7696692286,200,9,9.00465,13848.0,11091.0,RED_BASE,support_in_base
EUW1_7696692582,100,6,6.002833333333333,13058.0,5798.0,BOT_LANE_CORE,support_dead_with_xy
EUW1_7696692582,100,9,9.003983333333334,13368.0,3733.0,BOT_LANE_CORE,support_dead_with_xy
EUW1_7696692582,200,6,6.002833333333333,14082.0,11665.0,RED_BASE,support_in_base
EUW1_7696693053,200,7,7.00185,12936.0,12255.0,RED_BASE,support_in_base
EUW1_7696694368,100,6,6.0026166666666665,3613.0,1001.0,BLUE_BASE,support_in_base
EUW1_7696694368,200,6,6.0026166666666665,14340.0,14391.0,RED_BASE,support_in_base
EUW1_7696694735,200,5,5.002316666666666,13440.0,13735.0,RED_BASE,support_in_base
EUW1_7696695027,100,5,5.00285,3305.0,841.0,BLUE_BASE,support_in_base
EUW1_7696695027,100,7,7.003583333333333,2100.0,2399.0,BLUE_BASE,support_in_base
EUW1_7696695027,200,5,5.00285,14304.0,14071.0,RED_BASE,support_in_base
EUW1_7696695027,200,6,6.0032,14340.0,14391.0,RED_BASE,support_in_base
EUW1_7696695498,100,6,6.0027333333333335,1962.0,1298.0,BLUE_BASE,support_in_base
EUW1_7696695498,100,9,9.003766666666667,2014.0,758.0,BLUE_BASE,support_in_base
EUW1_7696695498,200,5,5.002366666666667,14323.0,14335.0,RED_BASE,support_in_base
EUW1_7696695498,200,9,9.003766666666667,3337.0,10632.0,TOP_SIDE_NEAR,support_dead_with_xy
EUW1_7696695602,100,5,5.0028,2014.0,677.0,BLUE_BASE,support_in_base
EUW1_7696695602,100,10,10.004466666666668,2411.0,746.0,BLUE_BASE,support_in_base
EUW1_7696695602,200,8,8.003816666666667,13542.0,13965.0,RED_BASE,support_in_base
EUW1_7696697039,100,9,9.003366666666667,2457.0,1333.0,BLUE_BASE,support_in_base
EUW1_7696697039,200,7,7.002983333333333,14340.0,14391.0,RED_BASE,support_in_base
EUW1_7696697039,200,10,10.003733333333333,13198.0,4301.0,BOT_LANE_CORE,support_dead_with_xy
EUW1_7696697198,100,5,5.00285,1910.0,577.0,BLUE_BASE,support_in_base
EUW1_7696697198,100,10,10.004716666666667,3335.0,678.0,BLUE_BASE,support_in_base
EUW1_7696697198,200,8,8.00425,13425.0,2688.0,BOT_LANE_CORE,support_dead_with_xy
EUW1_7696697632,200,5,5.001166666666666,9612.0,1577.0,BOT_LANE_CORE,support_dead_with_xy
EUW1_7696697632,200,7,7.00365,9456.0,1143.0,BOT_LANE_CORE,support_dead_with_xy
EUW1_7696697632,200,9,9.00405,13777.0,8107.0,BOT_LANE_CORE,support_dead_with_xy
EUW1_7696699191,100,11,11.004383333333333,9696.0,2403.0,BOT_SIDE_NEAR,support_dead_with_xy
EUW1_7696699191,200,11,11.004383333333333,11725.0,2977.0,BOT_SIDE_NEAR,support_dead_with_xy
EUW1_7696700347,100,7,7.00335,13513.0,3036.0,BOT_LANE_CORE,support_dead_with_xy
EUW1_7696700347,200,7,7.00335,13670.0,4133.0,BOT_LANE_CORE,support_dead_with_xy
EUW1_7696700908,100,5,5.0023333333333335,2256.0,1170.0,BLUE_BASE,support_in_base
EUW1_7696700908,200,6,6.00255,9406.0,5766.0,BOT_SIDE_NEAR,support_dead_with_xy
EUW1_7696700908,200,8,8.0035,13375.0,11367.0,RED_BASE,support_in_base
EUW1_7696701285,200,7,7.003666666666667,13319.0,11197.0,RED_BASE,support_in_base
EUW1_7696701285,200,10,10.004166666666666,9868.0,7419.0,RED_BOT_JUNGLE,support_dead_with_xy
EUW1_7696702045,100,11,11.00535,1347.0,632.0,BLUE_BASE,support_in_base
EUW1_7696702290,200,6,6.001483333333334,14049.0,11275.0,RED_BASE,support_in_base
EUW1_7696702290,200,9,9.002133333333333,14064.0,13804.0,RED_BASE,support_in_base
EUW1_7696702566,100,9,9.004516666666667,1687.0,573.0,BLUE_BASE,support_in_base
EUW1_7696702566,100,11,11.005333333333333,1272.0,798.0,BLUE_BASE,support_in_base
EUW1_7696703142,100,10,10.00475,394.0,461.0,BLUE_BASE,support_in_base
EUW1_7696703142,200,5,5.001116666666666,13743.0,13326.0,RED_BASE,support_in_base
EUW1_7696703142,200,10,10.00475,13665.0,4659.0,BOT_LANE_CORE,support_dead_with_xy
EUW1_7696703280,200,11,11.00445,13927.0,12583.0,RED_BASE,support_in_base
EUW1_7696703867,100,7,7.003183333333333,13070.0,3384.0,BOT_LANE_CORE,support_dead_with_xy
EUW1_7696703867,200,5,5.002466666666667,12797.0,13043.0,RED_BASE,support_in_base
EUW1_7696703970,100,8,8.003933333333332,1357.0,571.0,BLUE_BASE,support_in_base
EUW1_7696703970,200,8,8.003933333333332,13874.0,12703.0,RED_BASE,support_in_base
EUW1_7696703970,200,11,11.004766666666667,12312.0,4921.0,BOT_SIDE_NEAR,support_dead_with_xy
EUW1_7696705016,100,7,7.003,11578.0,2966.0,BOT_SIDE_NEAR,support_dead_with_xy
EUW1_7696705016,100,9,9.003433333333334,13070.0,6870.0,BOT_LANE_CORE,support_dead_with_xy
EUW1_7696705016,200,5,5.0026166666666665,14184.0,13955.0,RED_BASE,support_in_base
EUW1_7696705016,200,8,8.003416666666666,13575.0,13972.0,RED_BASE,support_in_base
EUW1_7696705016,200,10,10.003666666666666,12242.0,4534.0,BOT_SIDE_NEAR,support_dead_with_xy
EUW1_7696705631,200,10,10.003516666666666,14016.0,10972.0,RED_BASE,support_in_base
EUW1_7696705636,200,11,11.004566666666667,6147.0,10326.0,TOP_SIDE_NEAR,support_dead_with_xy
EUW1_7696705802,100,9,9.004716666666667,2004.0,712.0,BLUE_BASE,support_in_base
EUW1_7696705802,200,9,9.004716666666667,13809.0,13459.0,RED_BASE,support_in_base
EUW1_7696705802,200,11,11.00525,13822.0,4915.0,BOT_LANE_CORE,support_dead_with_xy
EUW1_7696706295,100,11,11.004766666666667,3357.0,1492.0,BLUE_BASE,support_in_base
EUW1_7696706295,200,8,8.004,11997.0,2344.0,BOT_LANE_CORE,support_dead_with_xy
EUW1_7696706953,100,6,6.003266666666667,8334.0,2663.0,BLUE_BOT_JUNGLE,support_dead_with_xy
EUW1_7696706953,200,6,6.003266666666667,14137.0,13661.0,RED_BASE,support_in_base
EUW1_7696707811,100,5,5.002816666666667,446.0,482.0,BLUE_BASE,support_in_base
EUW1_7696708973,200,9,9.004866666666667,13795.0,3387.0,BOT_LANE_CORE,support_dead_with_xy
EUW1_7696709255,200,8,8.003133333333333,14293.0,14209.0,RED_BASE,support_in_base
EUW1_7696709548,100,11,11.004733333333334,518.0,552.0,BLUE_BASE,support_in_base
EUW1_7696709548,200,10,10.004383333333333,11010.0,6332.0,RED_BOT_JUNGLE,support_dead_with_xy
EUW1_7696709548,200,11,11.004733333333334,14312.0,14506.0,RED_BASE,support_in_base
EUW1_7696709920,100,7,7.003783333333334,2720.0,830.0,BLUE_BASE,support_in_base
EUW1_7696709920,200,9,9.003983333333334,14077.0,12399.0,RED_BASE,support_in_base
EUW1_7696709920,200,11,11.004616666666667,13484.0,2599.0,BOT_LANE_CORE,support_dead_with_xy
EUW1_7696712443,100,9,9.0042,394.0,461.0,BLUE_BASE,support_in_base
EUW1_7696713161,200,9,9.004266666666666,13324.0,12675.0,RED_BASE,support_in_base
EUW1_7696715477,200,10,10.00395,12965.0,3065.0,BOT_LANE_CORE,support_dead_with_xy
EUW1_7696715747,100,5,5.0030833333333335,13397.0,2659.0,BOT_LANE_CORE,support_dead_with_xy
EUW1_7696715747,100,9,9.004466666666668,708.0,501.0,BLUE_BASE,support_in_base
EUW1_7696715747,100,11,11.00465,6539.0,1551.0,BOT_LANE_CORE,support_dead_with_xy
EUW1_7696715747,200,6,6.003283333333333,12626.0,4354.0,BOT_SIDE_NEAR,support_dead_with_xy
EUW1_7696715756,100,9,9.004083333333334,10269.0,1531.0,BOT_LANE_CORE,support_dead_with_xy
EUW1_7696715756,200,6,6.00155,12885.0,2170.0,BOT_LANE_CORE,support_dead_with_xy
EUW1_7696716119,100,6,6.002483333333333,2026.0,635.0,BLUE_BASE,support_in_base
EUW1_7696716119,100,9,9.002983333333333,1729.0,691.0,BLUE_BASE,support_in_base
EUW1_7696716319,200,11,11.00375,14340.0,14391.0,RED_BASE,support_in_base
EUW1_7696718782,100,7,7.003566666666667,10635.0,1850.0,BOT_LANE_CORE,support_dead_with_xy
EUW1_7696718826,100,8,8.0015,394.0,461.0,BLUE_BASE,support_in_base
EUW1_7696718826,200,6,6.0009,14019.0,13152.0,RED_BASE,support_in_base
EUW1_7696718826,200,11,11.00405,13570.0,13064.0,RED_BASE,support_in_base
EUW1_7696720274,100,5,5.0033,2310.0,1554.0,BLUE_BASE,support_in_base
EUW1_7696721128,100,8,8.001233333333333,643.0,642.0,BLUE_BASE,support_in_base
EUW1_7696721128,100,11,11.003366666666667,8348.0,3628.0,BLUE_BOT_JUNGLE,support_dead_with_xy
EUW1_7696721128,200,8,8.001233333333333,14340.0,14391.0,RED_BASE,support_in_base
EUW1_7696722570,100,7,7.00285,2712.0,834.0,BLUE_BASE,support_in_base
EUW1_7696722570,200,6,6.0012,12958.0,1816.0,BOT_LANE_CORE,support_dead_with_xy
EUW1_7696722570,200,10,10.003883333333333,13901.0,13771.0,RED_BASE,support_in_base
EUW1_7696723351,100,8,8.004116666666667,1758.0,1260.0,BLUE_BASE,support_in_base
EUW1_7696723351,200,11,11.005133333333333,8411.0,8824.0,MID_LANE,support_dead_with_xy
EUW1_7696723538,200,8,8.003666666666666,13833.0,4198.0,BOT_LANE_CORE,support_dead_with_xy
EUW1_7696723770,200,9,9.003183333333334,13702.0,4908.0,BOT_LANE_CORE,support_dead_with_xy
EUW1_7696723879,100,6,6.00295,1982.0,1657.0,BLUE_BASE,support_in_base
EUW1_7696724301,100,10,10.004,8641.0,3836.0,BLUE_BOT_JUNGLE,support_dead_with_xy
EUW1_7696724370,200,10,10.003933333333332,14326.0,14366.0,RED_BASE,support_in_base
EUW1_7696724435,100,5,5.002033333333333,2335.0,834.0,BLUE_BASE,support_in_base
EUW1_7696724435,100,9,9.002883333333333,2515.0,684.0,BLUE_BASE,support_in_base
EUW1_7696724744,100,9,9.003683333333333,446.0,451.0,BLUE_BASE,support_in_base
EUW1_7696724744,200,5,5.001033333333333,12704.0,12473.0,RED_BASE,support_in_base
EUW1_7696724744,200,9,9.003683333333333,8223.0,936.0,BOT_LANE_CORE,support_dead_with_xy
EUW1_7696725236,200,7,7.001233333333333,13918.0,12796.0,RED_BASE,support_in_base
EUW1_7696725236,200,10,10.001583333333333,14025.0,4105.0,BOT_LANE_CORE,support_dead_with_xy
EUW1_7696725251,100,10,10.00435,10982.0,4288.0,BOT_SIDE_NEAR,support_dead_with_xy
EUW1_7696725861,200,5,5.000983333333333,13958.0,11727.0,RED_BASE,support_in_base
EUW1_7696726398,200,11,11.004383333333333,10565.0,1384.0,BOT_LANE_CORE,support_dead_with_xy
EUW1_7696726618,100,8,8.004033333333334,10194.0,1439.0,BOT_LANE_CORE,support_dead_with_xy
EUW1_7696728480,100,7,7.00335,2224.0,1158.0,BLUE_BASE,support_in_base
EUW1_7696728480,100,9,9.00385,2536.0,2685.0,BLUE_BASE,support_in_base
EUW1_7696728480,200,9,9.00385,13251.0,11131.0,RED_BASE,support_in_base
EUW1_7696728480,200,11,11.004,14340.0,14391.0,RED_BASE,support_in_base
EUW1_7696728762,100,11,11.00405,1139.0,493.0,BLUE_BASE,support_in_base
EUW1_7696728769,200,8,8.004316666666666,14100.0,4998.0,BOT_LANE_CORE,support_dead_with_xy
EUW1_7696730480,100,6,6.0038833333333335,10784.0,1291.0,BOT_LANE_CORE,support_dead_with_xy
EUW1_7696730480,200,8,8.004483333333333,14340.0,14391.0,RED_BASE,support_in_base
EUW1_7696730480,200,11,11.005233333333333,13064.0,12126.0,RED_BASE,support_in_base
EUW1_7696730848,200,6,6.0023,13948.0,3883.0,BOT_LANE_CORE,support_dead_with_xy
EUW1_7696730848,200,9,9.002883333333333,4431.0,9070.0,TOP_SIDE_NEAR,support_dead_with_xy
EUW1_7696730848,200,11,11.003733333333333,14122.0,4908.0,BOT_LANE_CORE,support_dead_with_xy
EUW1_7696730868,100,7,7.0035,774.0,1651.0,BLUE_BASE,support_in_base
EUW1_7696730868,100,8,8.003933333333332,2720.0,928.0,BLUE_BASE,support_in_base
EUW1_7696730868,200,11,11.00485,13266.0,13658.0,RED_BASE,support_in_base
EUW1_7696731431,100,6,6.001266666666667,12282.0,2871.0,BOT_LANE_CORE,support_dead_with_xy
EUW1_7696731431,100,10,10.0041,394.0,461.0,BLUE_BASE,support_in_base
EUW1_7696731431,200,6,6.001266666666667,14270.0,13913.0,RED_BASE,support_in_base
EUW1_7696731431,200,10,10.0041,14262.0,14209.0,RED_BASE,support_in_base
EUW1_7696732783,100,7,7.003433333333334,1402.0,1126.0,BLUE_BASE,support_in_base
EUW1_7696732783,200,6,6.0031,13631.0,12340.0,RED_BASE,support_in_base
EUW1_7696732783,200,11,11.00425,12662.0,3140.0,BOT_LANE_CORE,support_dead_with_xy
EUW1_7696732955,100,6,6.003616666666667,394.0,461.0,BLUE_BASE,support_in_base
EUW1_7696732955,200,6,6.003616666666667,14087.0,11069.0,RED_BASE,support_in_base
EUW1_7696732955,200,10,10.0047,11987.0,3836.0,BOT_SIDE_NEAR,support_dead_with_xy
EUW1_7696733022,100,5,5.002766666666667,394.0,461.0,BLUE_BASE,support_in_base
EUW1_7696733022,100,8,8.00365,2826.0,814.0,BLUE_BASE,support_in_base
EUW1_7696733949,200,10,10.0047,14148.0,14057.0,RED_BASE,support_in_base
EUW1_7696734907,100,11,11.004,10684.0,1479.0,BOT_LANE_CORE,support_dead_with_xy
EUW1_7696734907,200,9,9.003616666666666,14236.0,14183.0,RED_BASE,support_in_base
EUW1_7696734907,200,11,11.004,12237.0,1468.0,BOT_LANE_CORE,support_dead_with_xy
EUW1_7696734961,100,7,7.002633333333334,1460.0,626.0,BLUE_BASE,support_in_base
EUW1_7696734961,200,11,11.003833333333333,14166.0,13640.0,RED_BASE,support_in_base
EUW1_7696736956,200,8,8.003433333333334,12068.0,3498.0,BOT_SIDE_NEAR,support_dead_with_xy
EUW1_7696736956,200,9,9.0041,13899.0,11818.0,RED_BASE,support_in_base
EUW1_7696736956,200,10,10.004566666666667,8411.0,2437.0,BLUE_BOT_JUNGLE,support_dead_with_xy
EUW1_7696736956,200,11,11.0049,13632.0,4351.0,BOT_LANE_CORE,support_dead_with_xy
EUW1_7696737113,200,6,6.00175,13967.0,13631.0,RED_BASE,support_in_base
EUW1_7696737180,100,7,7.003666666666667,489.0,496.0,BLUE_BASE,support_in_base
EUW1_7696737238,100,6,6.003566666666667,394.0,461.0,BLUE_BASE,support_in_base
EUW1_7696738991,100,7,7.0031,1376.0,567.0,BLUE_BASE,support_in_base
EUW1_7696738991,100,11,11.004783333333334,394.0,461.0,BLUE_BASE,support_in_base
EUW1_7696738991,200,8,8.003483333333334,8727.0,8093.0,MID_LANE,support_dead_with_xy
EUW1_7696740314,100,9,9.00375,12357.0,2038.0,BOT_LANE_CORE,support_dead_with_xy
EUW1_7696740314,200,10,10.004166666666666,14240.0,13078.0,RED_BASE,support_in_base
EUW1_7696741193,200,8,8.001833333333334,13455.0,13994.0,RED_BASE,support_in_base
EUW1_7696741242,200,10,10.003933333333332,14340.0,14391.0,RED_BASE,support_in_base
EUW1_7696742023,100,6,6.00375,10567.0,1649.0,BOT_LANE_CORE,support_dead_with_xy
EUW1_7696742023,100,11,11.00525,13117.0,6100.0,BOT_LANE_CORE,support_dead_with_xy
EUW1_7696742230,100,7,7.003166666666667,2050.0,677.0,BLUE_BASE,support_in_base
EUW1_7696742574,100,6,6.002783333333333,394.0,461.0,BLUE_BASE,support_in_base
EUW1_7696742574,100,8,8.00355,12216.0,2736.0,BOT_LANE_CORE,support_dead_with_xy
EUW1_7696746545,100,10,10.003533333333333,10328.0,851.0,BOT_LANE_CORE,support_dead_with_xy
EUW1_7696747256,100,10,10.004083333333334,1121.0,521.0,BLUE_BASE,support_in_base
EUW1_7696747826,100,6,6.0031,1297.0,569.0,BLUE_BASE,support_in_base
EUW1_7696748758,100,11,11.0047,11165.0,1357.0,BOT_LANE_CORE,support_dead_with_xy
EUW1_7696749406,200,5,5.003566666666667,14340.0,14391.0,RED_BASE,support_in_base
EUW1_7696749541,100,5,5.000783333333334,1811.0,593.0,BLUE_BASE,support_in_base
EUW1_7696749541,100,9,9.003883333333333,1295.0,534.0,BLUE_BASE,support_in_base
EUW1_7696749541,200,5,5.000783333333334,14147.0,12266.0,RED_BASE,support_in_base
EUW1_7696749541,200,8,8.00345,14072.0,11568.0,RED_BASE,support_in_base
EUW1_7696749885,200,5,5.001283333333333,13626.0,4729.0,BOT_LANE_CORE,support_dead_with_xy
EUW1_7696750243,100,6,6.002,3060.0,1872.0,BLUE_BASE,support_in_base
EUW1_7696751313,200,9,9.0047,12968.0,12320.0,RED_BASE,support_in_base
EUW1_7696751500,200,10,10.00455,14093.0,11730.0,RED_BASE,support_in_base
EUW1_7696751500,200,11,11.00455,13187.0,12458.0,RED_BASE,support_in_base
EUW1_7696751658,100,6,6.0037666666666665,394.0,461.0,BLUE_BASE,support_in_base
EUW1_7696752364,100,8,8.003433333333334,933.0,610.0,BLUE_BASE,support_in_base
EUW1_7696752364,100,11,11.004483333333333,1201.0,597.0,BLUE_BASE,support_in_base
EUW1_7696752364,200,5,5.003033333333334,13997.0,11069.0,RED_BASE,support_in_base
EUW1_7696752364,200,8,8.003433333333334,13022.0,5795.0,BOT_LANE_CORE,support_dead_with_xy
EUW1_7696753316,200,8,8.0031,9260.0,2456.0,BOT_SIDE_NEAR,support_dead_with_xy
EUW1_7696753316,200,11,11.004,14178.0,13535.0,RED_BASE,support_in_base
EUW1_7696753661,200,5,5.002816666666667,14163.0,12524.0,RED_BASE,support_in_base
EUW1_7696753661,200,6,6.00315,11649.0,1877.0,BOT_LANE_CORE,support_dead_with_xy
EUW1_7696755294,200,7,7.003833333333334,14332.0,13757.0,RED_BASE,support_in_base
EUW1_7696755294,200,10,10.00455,14372.0,14230.0,RED_BASE,support_in_base
EUW1_7696755366,100,6,6.003216666666667,674.0,158.0,BLUE_BASE,support_in_base
EUW1_7696755366,200,10,10.004833333333334,13929.0,4269.0,BOT_LANE_CORE,support_dead_with_xy
EUW1_7696755415,100,5,5.002583333333333,2782.0,1779.0,BLUE_BASE,support_in_base
EUW1_7696758839,100,5,5.0027333333333335,776.0,652.0,BLUE_BASE,support_in_base
EUW1_7696758839,200,8,8.004233333333334,14038.0,13804.0,RED_BASE,support_in_base
EUW1_7696759615,200,6,6.000666666666667,12756.0,3927.0,BOT_SIDE_NEAR,support_dead_with_xy
EUW1_7696759615,200,10,10.001733333333334,12254.0,2548.0,BOT_LANE_CORE,support_dead_with_xy
EUW1_7696759724,100,7,7.003616666666667,11766.0,2394.0,BOT_SIDE_NEAR,support_dead_with_xy
EUW1_7696760366,100,11,11.004316666666666,394.0,461.0,BLUE_BASE,support_in_base
EUW1_7696760366,200,7,7.0032,12949.0,11067.0,RED_BASE,support_in_base
EUW1_7696760366,200,11,11.004316666666666,13605.0,5141.0,BOT_LANE_CORE,support_dead_with_xy
EUW1_7696760713,100,5,5.002583333333333,3399.0,645.0,BLUE_BASE,support_in_base
EUW1_7696760713,200,8,8.00285,12652.0,13616.0,RED_BASE,support_in_base
EUW1_7696760713,200,10,10.003033333333333,13814.0,11755.0,RED_BASE,support_in_base
EUW1_7696761426,100,9,9.00325,6770.0,7584.0,MID_LANE,support_dead_with_xy
EUW1_7696761747,100,7,7.003816666666666,2077.0,3311.0,BLUE_BASE,support_in_base
EUW1_7696761747,200,7,7.003816666666666,14013.0,11296.0,RED_BASE,support_in_base
EUW1_7696761790,200,9,9.004116666666667,14078.0,4701.0,BOT_LANE_CORE,support_dead_with_xy
EUW1_7696761853,100,5,5.002133333333333,12719.0,2623.0,BOT_LANE_CORE,support_dead_with_xy
EUW1_7696761853,200,10,10.0039,8729.0,3315.0,BOT_SIDE_NEAR,support_dead_with_xy
EUW1_7696762542,100,9,9.00345,394.0,461.0,BLUE_BASE,support_in_base
EUW1_7696762542,200,10,10.003533333333333,13856.0,11128.0,RED_BASE,support_in_base
EUW1_7696762973,100,6,6.002433333333333,3315.0,896.0,BLUE_BASE,support_in_base
EUW1_7696762973,100,7,7.002866666666667,13603.0,3202.0,BOT_LANE_CORE,support_dead_with_xy
EUW1_7696762973,100,11,11.00475,697.0,612.0,BLUE_BASE,support_in_base
EUW1_7696762987,200,11,11.003983333333334,13944.0,11241.0,RED_BASE,support_in_base
EUW1_7696763944,100,5,5.00295,3164.0,2004.0,BLUE_BASE,support_in_base
EUW1_7696763944,100,7,7.003316666666667,13338.0,3518.0,BOT_LANE_CORE,support_dead_with_xy
EUW1_7696763944,200,5,5.00295,14342.0,14334.0,RED_BASE,support_in_base
EUW1_7696766329,100,10,10.0037,394.0,461.0,BLUE_BASE,support_in_base
EUW1_7696766329,200,7,7.003433333333334,13556.0,2530.0,BOT_LANE_CORE,support_dead_with_xy
EUW1_7696767003,100,8,8.0043,8179.0,4876.0,BLUE_BOT_JUNGLE,support_dead_with_xy
EUW1_7696767003,200,7,7.004183333333334,14340.0,14391.0,RED_BASE,support_in_base
EUW1_7696769596,100,5,5.002533333333333,12672.0,2051.0,BOT_LANE_CORE,support_dead_with_xy
EUW1_7696769596,100,7,7.0035,1540.0,646.0,BLUE_BASE,support_in_base
EUW1_7696770347,100,6,6.0027,836.0,533.0,BLUE_BASE,support_in_base
EUW1_7696770347,100,10,10.003716666666667,12435.0,1427.0,BOT_LANE_CORE,support_dead_with_xy
EUW1_7696770347,200,10,10.003716666666667,13393.0,2262.0,BOT_LANE_CORE,support_dead_with_xy
EUW1_7696771426,100,11,11.0039,11438.0,1877.0,BOT_LANE_CORE,support_dead_with_xy
EUW1_7696771564,100,9,9.004983333333334,12532.0,1634.0,BOT_LANE_CORE,support_dead_with_xy
EUW1_7696771593,100,6,6.0032,2765.0,660.0,BLUE_BASE,support_in_base
EUW1_7696771593,100,11,11.0043,8758.0,5662.0,RIVER_BOT,support_dead_with_xy
EUW1_7696771596,200,8,8.003466666666666,13362.0,12833.0,RED_BASE,support_in_base
EUW1_7696773147,100,7,7.0010666666666665,3634.0,7120.0,BLUE_TOP_JUNGLE,support_dead_with_xy
EUW1_7696774209,200,7,7.0033,13853.0,11438.0,RED_BASE,support_in_base
EUW1_7696774209,200,9,9.003616666666666,13908.0,12150.0,RED_BASE,support_in_base
EUW1_7696774482,100,11,11.00415,2871.0,902.0,BLUE_BASE,support_in_base
EUW1_7696774482,200,6,6.0033,13929.0,11145.0,RED_BASE,support_in_base
EUW1_7696774992,100,6,6.0030166666666664,452.0,483.0,BLUE_BASE,support_in_base
EUW1_7696774992,200,7,7.0030833333333335,13210.0,3619.0,BOT_LANE_CORE,support_dead_with_xy
EUW1_7696774992,200,8,8.003366666666667,13633.0,13167.0,RED_BASE,support_in_base
EUW1_7696775673,100,6,6.003616666666667,13804.0,3358.0,BOT_LANE_CORE,support_dead_with_xy
EUW1_7696775673,200,6,6.003616666666667,14340.0,14391.0,RED_BASE,support_in_base
EUW1_7696777357,100,10,10.004833333333334,2826.0,808.0,BLUE_BASE,support_in_base
EUW1_7696777357,200,7,7.00385,11937.0,1896.0,BOT_LANE_CORE,support_dead_with_xy
EUW1_7696777751,200,6,6.0037,13857.0,11245.0,RED_BASE,support_in_base
EUW1_7696778125,100,5,5.00105,13500.0,1452.0,BOT_LANE_CORE,support_dead_with_xy
EUW1_7696778734,100,10,10.004333333333333,394.0,461.0,BLUE_BASE,support_in_base
EUW1_7696779994,100,10,10.001983333333333,1530.0,2280.0,BLUE_BASE,support_in_base
EUW1_7696779994,200,8,8.00135,14155.0,12747.0,RED_BASE,support_in_base
EUW1_7696779994,200,10,10.001983333333333,14220.0,12732.0,RED_BASE,support_in_base
EUW1_7696781323,200,5,5.003066666666666,14213.0,13759.0,RED_BASE,support_in_base
EUW1_7696783112,100,7,7.003116666666667,730.0,1118.0,BLUE_BASE,support_in_base
EUW1_7696783444,100,5,5.000983333333333,11127.0,1664.0,BOT_LANE_CORE,support_dead_with_xy
EUW1_7696784556,100,10,10.005616666666667,12119.0,4600.0,BOT_SIDE_NEAR,support_dead_with_xy
EUW1_7696784556,200,6,6.004033333333333,13939.0,12280.0,RED_BASE,support_in_base
EUW1_7696785098,100,9,9.00395,616.0,506.0,BLUE_BASE,support_in_base
EUW1_7696785098,200,9,9.00395,14019.0,4118.0,BOT_LANE_CORE,support_dead_with_xy
EUW1_7696786064,200,11,11.004016666666667,9818.0,6112.0,RIVER_BOT,support_dead_with_xy
EUW1_7696786332,200,11,11.0044,7081.0,3863.0,BLUE_BOT_JUNGLE,support_dead_with_xy
EUW1_7696786667,100,6,6.001,8156.0,797.0,BOT_LANE_CORE,support_dead_with_xy
EUW1_7696786667,100,11,11.002183333333333,2407.0,686.0,BLUE_BASE,support_in_base
EUW1_7696787207,100,7,7.001433333333333,759.0,493.0,BLUE_BASE,support_in_base
EUW1_7696787522,200,9,9.004233333333334,11812.0,1694.0,BOT_LANE_CORE,support_dead_with_xy
EUW1_7696788275,100,7,7.00315,7445.0,6799.0,MID_LANE,support_dead_with_xy
EUW1_7696788275,100,11,11.004216666666666,394.0,461.0,BLUE_BASE,support_in_base
EUW1_7696788275,200,8,8.003383333333334,10672.0,3608.0,BOT_SIDE_NEAR,support_dead_with_xy
EUW1_7696788518,100,10,10.004216666666666,10206.0,1558.0,BOT_LANE_CORE,support_dead_with_xy
EUW1_7696789036,100,6,6.003383333333334,394.0,461.0,BLUE_BASE,support_in_base
EUW1_7696789036,100,7,7.003583333333333,13090.0,3727.0,BOT_LANE_CORE,support_dead_with_xy
EUW1_7696789036,100,9,9.004116666666667,464.0,506.0,BLUE_BASE,support_in_base
EUW1_7696789036,100,11,11.004816666666667,2997.0,1697.0,BLUE_BASE,support_in_base
EUW1_7696789036,200,9,9.004116666666667,7040.0,9740.0,RED_TOP_JUNGLE,support_dead_with_xy
EUW1_7696789036,200,11,11.004816666666667,14340.0,14391.0,RED_BASE,support_in_base
EUW1_7696789260,100,10,10.004066666666667,602.0,496.0,BLUE_BASE,support_in_base
EUW1_7696789260,100,11,11.004633333333333,11463.0,3168.0,BOT_SIDE_NEAR,support_dead_with_xy
EUW1_7696789260,200,8,8.0016,14071.0,14227.0,RED_BASE,support_in_base
EUW1_7696789260,200,9,9.003833333333333,2143.0,7560.0,BLUE_TOP_JUNGLE,support_dead_with_xy
EUW1_7696789724,100,9,9.003616666666666,1116.0,628.0,BLUE_BASE,support_in_base
EUW1_7696789724,200,7,7.003316666666667,14003.0,3833.0,BOT_LANE_CORE,support_dead_with_xy
EUW1_7696789724,200,10,10.003666666666666,14008.0,12978.0,RED_BASE,support_in_base
EUW1_7696789724,200,11,11.004133333333334,14340.0,14391.0,RED_BASE,support_in_base
EUW1_7696790424,100,5,5.003,13199.0,3417.0,BOT_LANE_CORE,support_dead_with_xy
EUW1_7696790424,100,11,11.00445,12437.0,1968.0,BOT_LANE_CORE,support_dead_with_xy
EUW1_7696790424,200,5,5.003,14340.0,14391.0,RED_BASE,support_in_base
EUW1_7696790424,200,8,8.003766666666667,13382.0,12768.0,RED_BASE,support_in_base
EUW1_7696790424,200,11,11.00445,13274.0,2624.0,BOT_LANE_CORE,support_dead_with_xy
EUW1_7696790567,100,5,5.003216666666667,10668.0,2196.0,BOT_SIDE_NEAR,support_dead_with_xy
EUW1_7696790567,100,7,7.0036,1694.0,1190.0,BLUE_BASE,support_in_base
EUW1_7696791323,100,11,11.004933333333334,2116.0,1083.0,BLUE_BASE,support_in_base
EUW1_7696791323,200,10,10.004683333333332,13279.0,12123.0,RED_BASE,support_in_base
EUW1_7696791423,100,7,7.002983333333333,3486.0,760.0,BLUE_BASE,support_in_base
EUW1_7696791423,100,11,11.00405,13141.0,3794.0,BOT_LANE_CORE,support_dead_with_xy
EUW1_7696791423,200,7,7.002983333333333,13679.0,12874.0,RED_BASE,support_in_base
EUW1_7696791423,200,11,11.00405,13261.0,4663.0,BOT_LANE_CORE,support_dead_with_xy
EUW1_7696791637,100,6,6.00275,3563.0,1508.0,BLUE_BASE,support_in_base
EUW1_7696791637,100,7,7.00325,12133.0,1597.0,BOT_LANE_CORE,support_dead_with_xy
EUW1_7696791637,100,9,9.00395,10330.0,2987.0,BOT_SIDE_NEAR,support_dead_with_xy
EUW1_7696791637,100,11,11.004766666666667,1310.0,778.0,BLUE_BASE,support_in_base
EUW1_7696791637,200,9,9.00395,14170.0,12976.0,RED_BASE,support_in_base
EUW1_7696791909,100,10,10.00375,1380.0,966.0,BLUE_BASE,support_in_base
EUW1_7696791909,200,6,6.001016666666667,14149.0,13880.0,RED_BASE,support_in_base
EUW1_7696792501,100,9,9.005133333333333,2769.0,1949.0,BLUE_BASE,support_in_base
EUW1_7696792501,100,10,10.00565,1486.0,589.0,BLUE_BASE,support_in_base
EUW1_7696793137,100,10,10.003516666666666,1630.0,580.0,BLUE_BASE,support_in_base
EUW1_7696793137,200,6,6.001033333333333,12663.0,2788.0,BOT_LANE_CORE,support_dead_with_xy
EUW1_7696793251,100,6,6.0014,9623.0,5478.0,BOT_SIDE_NEAR,support_dead_with_xy
EUW1_7696793251,100,10,10.0024,9772.0,980.0,BOT_LANE_CORE,support_dead_with_xy
EUW1_7696793251,200,5,5.000966666666667,13559.0,4372.0,BOT_LANE_CORE,support_dead_with_xy
EUW1_7696793251,200,11,11.0025,14248.0,12810.0,RED_BASE,support_in_base
EUW1_7696793463,100,7,7.004,742.0,496.0,BLUE_BASE,support_in_base
EUW1_7696793463,200,8,8.004083333333334,14202.0,12565.0,RED_BASE,support_in_base
EUW1_7696793840,100,5,5.00305,1958.0,1137.0,BLUE_BASE,support_in_base
EUW1_7696793840,100,11,11.003983333333334,394.0,461.0,BLUE_BASE,support_in_base
EUW1_7696793840,200,5,5.00305,13825.0,13911.0,RED_BASE,support_in_base
EUW1_7696793840,200,6,6.003466666666666,7140.0,9582.0,RED_TOP_JUNGLE,support_dead_with_xy
EUW1_7696793840,200,9,9.0039,6213.0,9908.0,RED_TOP_JUNGLE,support_dead_with_xy
EUW1_7696793999,100,8,8.00405,458.0,580.0,BLUE_BASE,support_in_base
EUW1_7696793999,200,5,5.003233333333333,13938.0,3717.0,BOT_LANE_CORE,support_dead_with_xy
EUW1_7696793999,200,8,8.00405,14416.0,13927.0,RED_BASE,support_in_base
EUW1_7696794016,200,6,6.00255,12672.0,3162.0,BOT_LANE_CORE,support_dead_with_xy
EUW1_7696794839,100,9,9.004266666666666,394.0,461.0,BLUE_BASE,support_in_base
EUW1_7696794839,200,11,11.004933333333334,14102.0,11904.0,RED_BASE,support_in_base
EUW1_7696797231,100,11,11.0045,9489.0,1059.0,BOT_LANE_CORE,support_dead_with_xy
EUW1_7696797287,100,5,5.000916666666667,1294.0,555.0,BLUE_BASE,support_in_base
EUW1_7696797287,200,8,8.003166666666667,14083.0,13179.0,RED_BASE,support_in_base
EUW1_7696797479,100,6,6.00315,394.0,461.0,BLUE_BASE,support_in_base
EUW1_7696797479,100,11,11.003916666666667,1970.0,1170.0,BLUE_BASE,support_in_base
EUW1_7696797870,200,6,6.003266666666667,11620.0,13514.0,RED_BASE,support_in_base
EUW1_7696797876,200,6,6.003166666666667,13374.0,4318.0,BOT_LANE_CORE,support_dead_with_xy
EUW1_7696797948,100,8,8.004416666666666,2339.0,705.0,BLUE_BASE,support_in_base
EUW1_7696797948,200,9,9.004683333333332,14123.0,11301.0,RED_BASE,support_in_base
EUW1_7696797948,200,10,10.005066666666666,13428.0,4350.0,BOT_LANE_CORE,support_dead_with_xy
EUW1_7696797948,200,11,11.005383333333333,4832.0,7222.0,BLUE_TOP_JUNGLE,support_dead_with_xy
EUW1_7696798269,100,6,6.003216666666667,13257.0,5470.0,BOT_LANE_CORE,support_dead_with_xy
EUW1_7696798269,100,10,10.004416666666666,13363.0,5122.0,BOT_LANE_CORE,support_dead_with_xy
EUW1_7696798269,200,7,7.003633333333333,13036.0,12340.0,RED_BASE,support_in_base
EUW1_7696800170,100,10,10.003966666666667,8222.0,5678.0,BLUE_BOT_JUNGLE,support_dead_with_xy
EUW1_7696800170,100,11,11.004133333333334,852.0,558.0,BLUE_BASE,support_in_base
EUW1_7696800369,100,11,11.004666666666667,10622.0,937.0,BOT_LANE_CORE,support_dead_with_xy
EUW1_7696800369,200,6,6.003383333333334,10525.0,1288.0,BOT_LANE_CORE,support_dead_with_xy
EUW1_7696800429,200,5,5.002966666666667,12202.0,12316.0,RED_BASE,support_in_base
EUW1_7696800757,100,10,10.0038,9381.0,4590.0,DRAGON_AREA,support_dead_with_xy
EUW1_7696800757,200,6,6.0026,14340.0,14391.0,RED_BASE,support_in_base
EUW1_7696800757,200,11,11.004216666666666,6860.0,7346.0,MID_LANE,support_dead_with_xy
EUW1_7696800890,100,8,8.0045,1175.0,1799.0,BLUE_BASE,support_in_base
EUW1_7696800903,100,11,11.004833333333334,8564.0,5076.0,BLUE_BOT_JUNGLE,support_dead_with_xy
EUW1_7696800903,200,9,9.004016666666667,14340.0,14391.0,RED_BASE,support_in_base
EUW1_7696800903,200,11,11.004833333333334,8817.0,5768.0,RIVER_BOT,support_dead_with_xy
EUW1_7696802032,100,5,5.002916666666667,394.0,461.0,BLUE_BASE,support_in_base
EUW1_7696802032,100,7,7.0033666666666665,1888.0,1039.0,BLUE_BASE,support_in_base
EUW1_7696802032,200,5,5.002916666666667,14332.0,14263.0,RED_BASE,support_in_base
EUW1_7696802718,100,5,5.002666666666666,394.0,461.0,BLUE_BASE,support_in_base
EUW1_7696802718,100,11,11.004333333333333,1032.0,657.0,BLUE_BASE,support_in_base
EUW1_7696802718,200,9,9.003616666666666,11064.0,7683.0,RED_BOT_JUNGLE,support_dead_with_xy
EUW1_7696803798,100,9,9.004033333333334,878.0,580.0,BLUE_BASE,support_in_base
EUW1_7696803798,100,10,10.004316666666666,8163.0,3424.0,BLUE_BOT_JUNGLE,support_dead_with_xy
EUW1_7696803798,200,6,6.002783333333333,13483.0,12819.0,RED_BASE,support_in_base
EUW1_7696803798,200,8,8.003533333333333,6222.0,10072.0,TOP_SIDE_NEAR,support_dead_with_xy
EUW1_7696803798,200,10,10.004316666666666,7812.0,3521.0,BLUE_BOT_JUNGLE,support_dead_with_xy
EUW1_7696804347,100,5,5.000883333333333,1013.0,696.0,BLUE_BASE,support_in_base
EUW1_7696804347,200,5,5.000883333333333,13942.0,11095.0,RED_BASE,support_in_base
EUW1_7696805064,100,9,9.0042,394.0,461.0,BLUE_BASE,support_in_base
EUW1_7696805580,100,5,5.0035,10330.0,1034.0,BOT_LANE_CORE,support_dead_with_xy
EUW1_7696806093,200,6,6.000933333333333,12025.0,3162.0,BOT_SIDE_NEAR,support_dead_with_xy
EUW1_7696806142,200,10,10.004616666666667,5970.0,8292.0,RIVER_TOP,support_dead_with_xy
EUW1_7696806655,100,5,5.0028,1180.0,1696.0,BLUE_BASE,support_in_base
EUW1_7696806655,200,9,9.003883333333333,8307.0,7018.0,MID_LANE,support_dead_with_xy
EUW1_7696809170,100,6,6.002983333333333,1341.0,545.0,BLUE_BASE,support_in_base
EUW1_7696809170,100,9,9.0043,2775.0,2514.0,BLUE_BASE,support_in_base
EUW1_7696809170,100,10,10.0048,394.0,461.0,BLUE_BASE,support_in_base
EUW1_7696810213,100,6,6.0011,10750.0,1320.0,BOT_LANE_CORE,support_dead_with_xy
EUW1_7696810213,100,10,10.001966666666666,394.0,461.0,BLUE_BASE,support_in_base
EUW1_7696810213,200,6,6.0011,13888.0,4360.0,BOT_LANE_CORE,support_dead_with_xy
EUW1_7696810454,100,10,10.004716666666667,12693.0,2436.0,BOT_LANE_CORE,support_dead_with_xy
EUW1_7696810454,200,5,5.003183333333333,14361.0,12606.0,RED_BASE,support_in_base
EUW1_7696810454,200,10,10.004716666666667,14406.0,13018.0,RED_BASE,support_in_base
EUW1_7696810700,100,7,7.00085,11044.0,4064.0,BOT_SIDE_NEAR,support_dead_with_xy
EUW1_7696810700,200,9,9.002633333333334,12692.0,4436.0,BOT_SIDE_NEAR,support_dead_with_xy
EUW1_7696810700,200,10,10.002966666666667,8854.0,8076.0,MID_LANE,support_dead_with_xy
EUW1_7696810772,200,10,10.004416666666666,13625.0,3271.0,BOT_LANE_CORE,support_dead_with_xy
EUW1_7696811540,200,10,10.002,14340.0,14391.0,RED_BASE,support_in_base
EUW1_7696812212,100,7,7.0038833333333335,1421.0,708.0,BLUE_BASE,support_in_base
EUW1_7696812212,100,10,10.004583333333333,394.0,461.0,BLUE_BASE,support_in_base
EUW1_7696813287,100,7,7.0034833333333335,10818.0,948.0,BOT_LANE_CORE,support_dead_with_xy
EUW1_7696813287,100,9,9.0039,7278.0,6441.0,MID_LANE,support_dead_with_xy
EUW1_7696813287,100,11,11.00435,10562.0,1214.0,BOT_LANE_CORE,support_dead_with_xy
EUW1_7696813287,200,8,8.003716666666667,14340.0,14391.0,RED_BASE,support_in_base
EUW1_7696813287,200,9,9.0039,7177.0,5525.0,BLUE_BOT_JUNGLE,support_dead_with_xy
EUW1_7696813516,200,7,7.0036,14340.0,14391.0,RED_BASE,support_in_base
EUW1_7696813888,200,5,5.003266666666667,14340.0,14391.0,RED_BASE,support_in_base
EUW1_7696813888,200,8,8.004166666666666,13244.0,5564.0,BOT_LANE_CORE,support_dead_with_xy
EUW1_7696813888,200,10,10.005083333333333,11830.0,4026.0,BOT_SIDE_NEAR,support_dead_with_xy
EUW1_7696814428,100,11,11.004616666666667,448.0,489.0,BLUE_BASE,support_in_base
EUW1_7696814428,200,6,6.002,14102.0,4661.0,BOT_LANE_CORE,support_dead_with_xy
EUW1_7696814428,200,11,11.004616666666667,13916.0,11941.0,RED_BASE,support_in_base
EUW1_7696815446,100,7,7.003683333333333,984.0,844.0,BLUE_BASE,support_in_base
EUW1_7696815446,100,8,8.003933333333332,9987.0,1308.0,BOT_LANE_CORE,support_dead_with_xy
EUW1_7696815446,100,11,11.005016666666666,512.0,601.0,BLUE_BASE,support_in_base
EUW1_7696815446,200,7,7.003683333333333,14340.0,14391.0,RED_BASE,support_in_base
EUW1_7696816437,100,10,10.0054,2842.0,1530.0,BLUE_BASE,support_in_base
EUW1_7696817101,100,10,10.004083333333334,3549.0,1012.0,BLUE_BASE,support_in_base
EUW1_7696817101,100,11,11.0043,1839.0,965.0,BLUE_BASE,support_in_base
EUW1_7696818906,100,5,5.00295,13125.0,1111.0,BOT_LANE_CORE,support_dead_with_xy
EUW1_7696818906,100,9,9.004716666666667,884.0,402.0,BLUE_BASE,support_in_base
EUW1_7696819183,100,10,10.004316666666666,2372.0,732.0,BLUE_BASE,support_in_base
EUW1_7696820592,100,7,7.003133333333333,1712.0,607.0,BLUE_BASE,support_in_base
EUW1_7696820592,100,11,11.004616666666667,394.0,461.0,BLUE_BASE,support_in_base
EUW1_7696820592,200,6,6.003,11437.0,4425.0,BOT_SIDE_NEAR,support_dead_with_xy
EUW1_7696820592,200,8,8.003666666666666,12439.0,1325.0,BOT_LANE_CORE,support_dead_with_xy
EUW1_7696821681,100,5,5.0030166666666664,2444.0,1792.0,BLUE_BASE,support_in_base
EUW1_7696821681,100,9,9.0045,2516.0,841.0,BLUE_BASE,support_in_base
EUW1_7696823188,100,8,8.003433333333334,2191.0,678.0,BLUE_BASE,support_in_base
EUW1_7696823188,200,9,9.00395,14280.0,13573.0,RED_BASE,support_in_base
EUW1_7696823828,200,5,5.002816666666667,14220.0,13280.0,RED_BASE,support_in_base
EUW1_7696823828,200,8,8.0036,9141.0,5902.0,RIVER_BOT,support_dead_with_xy
EUW1_7696824729,100,9,9.004283333333333,2809.0,1169.0,BLUE_BASE,support_in_base
EUW1_7696825400,100,5,5.000866666666667,2741.0,633.0,BLUE_BASE,support_in_base
EUW1_7696825692,200,6,6.0033666666666665,14259.0,13670.0,RED_BASE,support_in_base
EUW1_7696825692,200,7,7.0034,14055.0,11912.0,RED_BASE,support_in_base
EUW1_7696826898,100,5,5.003183333333333,12853.0,2695.0,BOT_LANE_CORE,support_dead_with_xy
EUW1_7696826898,100,10,10.00435,2319.0,1448.0,BLUE_BASE,support_in_base
EUW1_7696826898,100,11,11.004466666666668,11348.0,1698.0,BOT_LANE_CORE,support_dead_with_xy
EUW1_7696826898,200,5,5.003183333333333,13381.0,3644.0,BOT_LANE_CORE,support_dead_with_xy
EUW1_7696826898,200,9,9.00405,13908.0,12767.0,RED_BASE,support_in_base
EUW1_7696827785,100,8,8.003966666666667,394.0,461.0,BLUE_BASE,support_in_base
EUW1_7696827785,100,10,10.0046,1266.0,640.0,BLUE_BASE,support_in_base
EUW1_7696828830,100,10,10.0038,616.0,431.0,BLUE_BASE,support_in_base
EUW1_7696828930,100,11,11.004966666666666,10783.0,980.0,BOT_LANE_CORE,support_dead_with_xy
EUW1_7696828930,200,8,8.00395,14245.0,12191.0,RED_BASE,support_in_base
EUW1_7696828930,200,11,11.004966666666666,14340.0,14391.0,RED_BASE,support_in_base
EUW1_7696829357,100,11,11.00365,3440.0,830.0,BLUE_BASE,support_in_base
EUW1_7696829357,200,6,6.000783333333334,12361.0,2606.0,BOT_LANE_CORE,support_dead_with_xy
EUW1_7696829357,200,7,7.0026166666666665,8447.0,8114.0,MID_LANE,support_dead_with_xy
EUW1_7696829357,200,11,11.00365,9679.0,808.0,BOT_LANE_CORE,support_dead_with_xy
EUW1_7696832690,100,10,10.0044,12005.0,1781.0,BOT_LANE_CORE,support_dead_with_xy
EUW1_7696832690,100,11,11.004716666666667,12077.0,2888.0,BOT_SIDE_NEAR,support_dead_with_xy
EUW1_7696832690,200,7,7.0037666666666665,14151.0,13849.0,RED_BASE,support_in_base
EUW1_7696832690,200,10,10.0044,12363.0,2023.0,BOT_LANE_CORE,support_dead_with_xy
EUW1_7696832768,100,10,10.004633333333333,12725.0,1613.0,BOT_LANE_CORE,support_dead_with_xy
EUW1_7696832768,100,11,11.004916666666666,9844.0,4308.0,DRAGON_AREA,support_dead_with_xy
EUW1_7696832768,200,8,8.004366666666666,13579.0,4614.0,BOT_LANE_CORE,support_dead_with_xy
EUW1_7696833092,100,5,5.003183333333333,2989.0,785.0,BLUE_BASE,support_in_base
EUW1_7696833181,100,10,10.004433333333333,909.0,1684.0,BLUE_BASE,support_in_base
EUW1_7696833181,200,7,7.00335,13713.0,13240.0,RED_BASE,support_in_base
EUW1_7696833181,200,8,8.003883333333333,13917.0,11940.0,RED_BASE,support_in_base
EUW1_7696833181,200,10,10.004433333333333,14089.0,13882.0,RED_BASE,support_in_base
EUW1_7696833293,100,8,8.00375,2664.0,1955.0,BLUE_BASE,support_in_base
EUW1_7696833293,200,8,8.00375,14195.0,13158.0,RED_BASE,support_in_base
EUW1_7696834402,100,7,7.003916666666667,3090.0,928.0,BLUE_BASE,support_in_base
EUW1_7696834402,200,7,7.003916666666667,14340.0,14391.0,RED_BASE,support_in_base
EUW1_7696834600,100,5,5.003416666666666,394.0,461.0,BLUE_BASE,support_in_base
EUW1_7696834600,200,5,5.003416666666666,12442.0,12210.0,RED_BASE,support_in_base
EUW1_7696834621,100,10,10.004233333333334,788.0,634.0,BLUE_BASE,support_in_base
EUW1_7696834621,200,6,6.003233333333333,14004.0,13162.0,RED_BASE,support_in_base
EUW1_7696834753,100,9,9.0045,12045.0,3717.0,BOT_SIDE_NEAR,support_dead_with_xy
EUW1_7696834753,200,8,8.003966666666667,14216.0,12681.0,RED_BASE,support_in_base
EUW1_7696834753,200,9,9.0045,13480.0,4357.0,BOT_LANE_CORE,support_dead_with_xy
EUW1_7696834774,200,6,6.002966666666667,13546.0,12125.0,RED_BASE,support_in_base
EUW1_7696834886,100,10,10.004483333333333,12050.0,2426.0,BOT_LANE_CORE,support_dead_with_xy
EUW1_7696834886,200,8,8.003916666666667,11512.0,4676.0,BOT_SIDE_NEAR,support_dead_with_xy
EUW1_7696834886,200,10,10.004483333333333,12786.0,2988.0,BOT_LANE_CORE,support_dead_with_xy
EUW1_7696834895,100,10,10.0034,1891.0,1030.0,BLUE_BASE,support_in_base
EUW1_7696834895,200,7,7.002983333333333,12950.0,12763.0,RED_BASE,support_in_base
EUW1_7696835142,200,11,11.004283333333333,8405.0,7848.0,MID_LANE,support_dead_with_xy
EUW1_7696836382,200,6,6.003,13959.0,13993.0,RED_BASE,support_in_base
EUW1_7696836414,200,10,10.004233333333334,14179.0,13413.0,RED_BASE,support_in_base
EUW1_7696837848,100,7,7.004466666666667,10939.0,1255.0,BOT_LANE_CORE,support_dead_with_xy
EUW1_7696837848,200,8,8.004716666666667,13020.0,11122.0,RED_BASE,support_in_base
EUW1_7696837848,200,10,10.005783333333333,8277.0,8162.0,MID_LANE,support_dead_with_xy
EUW1_7696837977,100,7,7.004466666666667,1838.0,1011.0,BLUE_BASE,support_in_base
EUW1_7696837977,200,8,8.005,9784.0,1054.0,BOT_LANE_CORE,support_dead_with_xy
EUW1_7696838982,200,9,9.00365,13846.0,6803.0,BOT_LANE_CORE,support_dead_with_xy
EUW1_7696839388,100,7,7.003166666666667,10465.0,1651.0,BOT_LANE_CORE,support_dead_with_xy
EUW1_7696839583,200,10,10.005316666666667,13557.0,12060.0,RED_BASE,support_in_base
EUW1_7696840268,100,6,6.0013,3591.0,1830.0,BLUE_BASE,support_in_base
EUW1_7696841259,100,7,7.003583333333333,394.0,461.0,BLUE_BASE,support_in_base
EUW1_7696841259,100,11,11.004983333333334,13347.0,3237.0,BOT_LANE_CORE,support_dead_with_xy
EUW1_7696843401,100,9,9.00395,1181.0,1803.0,BLUE_BASE,support_in_base
EUW1_7696843401,100,11,11.004516666666667,2293.0,920.0,BLUE_BASE,support_in_base
EUW1_7696843401,200,7,7.001966666666666,14129.0,13026.0,RED_BASE,support_in_base
EUW1_7696843420,100,10,10.004633333333333,1831.0,578.0,BLUE_BASE,support_in_base
EUW1_7696843420,200,7,7.0042,13987.0,4369.0,BOT_LANE_CORE,support_dead_with_xy
EUW1_7696844039,200,9,9.003766666666667,13391.0,12856.0,RED_BASE,support_in_base
EUW1_7696844039,200,11,11.004583333333333,14340.0,14391.0,RED_BASE,support_in_base
EUW1_7696844239,100,6,6.00315,1224.0,788.0,BLUE_BASE,support_in_base
EUW1_7696844491,100,7,7.00375,10980.0,1024.0,BOT_LANE_CORE,support_dead_with_xy
EUW1_7696844491,200,5,5.003116666666667,14110.0,12408.0,RED_BASE,support_in_base
EUW1_7696844807,200,8,8.00415,7945.0,7361.0,MID_LANE,support_dead_with_xy
EUW1_7696844893,100,7,7.003266666666667,13018.0,3336.0,BOT_LANE_CORE,support_dead_with_xy
EUW1_7696844893,100,10,10.004266666666666,394.0,461.0,BLUE_BASE,support_in_base
EUW1_7696844893,200,5,5.00255,12070.0,1948.0,BOT_LANE_CORE,support_dead_with_xy
EUW1_7696845160,100,8,8.005016666666666,3915.0,10432.0,TOP_SIDE_NEAR,support_dead_with_xy
EUW1_7696845730,100,5,5.003216666666667,394.0,461.0,BLUE_BASE,support_in_base
EUW1_7696845730,200,5,5.003216666666667,10992.0,4929.0,BOT_SIDE_NEAR,support_dead_with_xy
EUW1_7696845730,200,7,7.004133333333334,13866.0,13255.0,RED_BASE,support_in_base
EUW1_7696845730,200,10,10.0051,13898.0,13707.0,RED_BASE,support_in_base
EUW1_7696846811,100,11,11.00415,6928.0,7204.0,MID_LANE,support_dead_with_xy
EUW1_7696847785,100,8,8.00405,2598.0,2376.0,BLUE_BASE,support_in_base
EUW1_7696847785,100,11,11.004633333333333,750.0,506.0,BLUE_BASE,support_in_base
EUW1_7696848367,100,10,10.004016666666667,394.0,461.0,BLUE_BASE,support_in_base
EUW1_7696848367,200,8,8.002216666666667,14340.0,14391.0,RED_BASE,support_in_base
EUW1_7696849405,200,10,10.003716666666667,13721.0,11078.0,RED_BASE,support_in_base
EUW1_7696849405,200,11,11.0038,13689.0,13213.0,RED_BASE,support_in_base
EUW1_7696849930,100,9,9.004033333333334,1662.0,980.0,BLUE_BASE,support_in_base
EUW1_7696851087,100,7,7.003466666666666,394.0,461.0,BLUE_BASE,support_in_base
EUW1_7696851087,100,10,10.004416666666666,3444.0,573.0,BLUE_BASE,support_in_base
EUW1_7696851087,200,11,11.004516666666667,10272.0,4950.0,DRAGON_AREA,support_dead_with_xy
EUW1_7696851201,100,6,6.00325,10687.0,1172.0,BOT_LANE_CORE,support_dead_with_xy
EUW1_7696851201,100,11,11.004916666666666,481.0,514.0,BLUE_BASE,support_in_base
EUW1_7696851201,200,6,6.00325,10778.0,2524.0,BOT_SIDE_NEAR,support_dead_with_xy
EUW1_7696851201,200,8,8.004166666666666,12980.0,4180.0,BOT_SIDE_NEAR,support_dead_with_xy
EUW1_7696851201,200,10,10.00485,13995.0,13641.0,RED_BASE,support_in_base
EUW1_7696852729,100,8,8.00455,10980.0,1100.0,BOT_LANE_CORE,support_dead_with_xy
EUW1_7696852729,100,10,10.005366666666667,11794.0,1150.0,BOT_LANE_CORE,support_dead_with_xy
EUW1_7696853185,100,9,9.00425,2875.0,959.0,BLUE_BASE,support_in_base
EUW1_7696853185,200,8,8.00395,12938.0,11713.0,RED_BASE,support_in_base
EUW1_7696854284,100,10,10.00435,13970.0,4803.0,BOT_LANE_CORE,support_dead_with_xy
EUW1_7696854284,200,6,6.003033333333334,12268.0,3378.0,BOT_SIDE_NEAR,support_dead_with_xy
EUW1_7696855576,200,6,6.00155,9229.0,2346.0,BOT_SIDE_NEAR,support_dead_with_xy
EUW1_7696855892,100,10,10.003883333333333,394.0,461.0,BLUE_BASE,support_in_base
EUW1_7696856465,100,11,11.00505,3425.0,800.0,BLUE_BASE,support_in_base
EUW1_7696856465,200,6,6.003516666666667,13910.0,12004.0,RED_BASE,support_in_base
EUW1_7696856465,200,9,9.004266666666666,14122.0,5004.0,BOT_LANE_CORE,support_dead_with_xy
EUW1_7696857905,100,5,5.003116666666667,2240.0,721.0,BLUE_BASE,support_in_base
EUW1_7696858118,100,11,11.004416666666666,8060.0,7071.0,MID_LANE,support_dead_with_xy
EUW1_7696858147,100,6,6.0033,729.0,541.0,BLUE_BASE,support_in_base
EUW1_7696858262,100,9,9.003433333333334,13034.0,2120.0,BOT_LANE_CORE,support_dead_with_xy
EUW1_7696858262,200,11,11.004283333333333,13847.0,13658.0,RED_BASE,support_in_base
EUW1_7696859505,100,8,8.004216666666666,2164.0,683.0,BLUE_BASE,support_in_base
EUW1_7696859505,200,5,5.003266666666667,14270.0,13790.0,RED_BASE,support_in_base
EUW1_7696859505,200,10,10.004783333333334,13993.0,13114.0,RED_BASE,support_in_base
EUW1_7696860798,100,7,7.003916666666667,12222.0,8624.0,RED_BOT_JUNGLE,support_dead_with_xy
EUW1_7696860798,200,7,7.003916666666667,14340.0,14391.0,RED_BASE,support_in_base
EUW1_7696860798,200,8,8.004033333333334,7705.0,7644.0,MID_LANE,support_dead_with_xy
EUW1_7696860798,200,10,10.004783333333334,14340.0,14391.0,RED_BASE,support_in_base
EUW1_7696860798,200,11,11.004866666666667,14018.0,7654.0,BOT_LANE_CORE,support_dead_with_xy
EUW1_7696863368,200,7,7.003516666666667,14204.0,13577.0,RED_BASE,support_in_base
EUW1_7696864159,100,7,7.0024,2086.0,1021.0,BLUE_BASE,support_in_base
EUW1_7696864863,200,8,8.00335,14086.0,12409.0,RED_BASE,support_in_base
EUW1_7696865767,100,6,6.0029,772.0,3030.0,BLUE_BASE,support_in_base
EUW1_7696865767,100,7,7.003283333333333,1691.0,600.0,BLUE_BASE,support_in_base
EUW1_7696866206,100,7,7.003533333333333,2310.0,2531.0,BLUE_BASE,support_in_base
EUW1_7696866206,100,11,11.004483333333333,1123.0,1253.0,BLUE_BASE,support_in_base
EUW1_7696866206,200,11,11.004483333333333,13457.0,2854.0,BOT_LANE_CORE,support_dead_with_xy
EUW1_7696866519,100,5,5.001483333333334,978.0,631.0,BLUE_BASE,support_in_base
EUW1_7696866519,200,6,6.00185,13787.0,12911.0,RED_BASE,support_in_base
EUW1_7696866519,200,7,7.0021,10783.0,3264.0,BOT_SIDE_NEAR,support_dead_with_xy
EUW1_7696866813,200,8,8.003766666666667,9614.0,6891.0,RED_BOT_JUNGLE,support_dead_with_xy
EUW1_7696866813,200,9,9.003766666666667,12855.0,2704.0,BOT_LANE_CORE,support_dead_with_xy
EUW1_7696866814,100,9,9.004166666666666,394.0,461.0,BLUE_BASE,support_in_base
EUW1_7696866814,200,10,10.004483333333333,13768.0,3767.0,BOT_LANE_CORE,support_dead_with_xy
EUW1_7696866814,200,11,11.004616666666667,13134.0,4333.0,BOT_LANE_CORE,support_dead_with_xy
EUW1_7696868305,200,9,9.0043,7910.0,7095.0,MID_LANE,support_dead_with_xy
EUW1_7696870067,100,10,10.003316666666667,11699.0,6559.0,RED_BOT_JUNGLE,support_dead_with_xy
EUW1_7696870688,100,7,7.00425,11729.0,1338.0,BOT_LANE_CORE,support_dead_with_xy
EUW1_7696870688,100,9,9.004783333333334,3737.0,1510.0,BLUE_BASE,support_in_base
EUW1_7696870688,100,11,11.00505,9247.0,1579.0,BOT_LANE_CORE,support_dead_with_xy
EUW1_7696871653,100,8,8.004783333333334,909.0,869.0,BLUE_BASE,support_in_base
EUW1_7696872993,200,7,7.003983333333333,13947.0,13267.0,RED_BASE,support_in_base
EUW1_7696873665,100,5,5.0028,1074.0,408.0,BLUE_BASE,support_in_base
EUW1_7696873665,100,11,11.004583333333333,394.0,461.0,BLUE_BASE,support_in_base
EUW1_7696873665,200,9,9.0043,14018.0,12501.0,RED_BASE,support_in_base
EUW1_7696874762,100,8,8.003366666666667,2524.0,1922.0,BLUE_BASE,support_in_base
EUW1_7696874762,200,6,6.002466666666667,13795.0,13328.0,RED_BASE,support_in_base
EUW1_7696874840,100,10,10.003583333333333,11765.0,2652.0,BOT_SIDE_NEAR,support_dead_with_xy
EUW1_7696875368,100,8,8.00415,2252.0,889.0,BLUE_BASE,support_in_base
EUW1_7696875368,200,8,8.00415,12404.0,1784.0,BOT_LANE_CORE,support_dead_with_xy
EUW1_7696875368,200,9,9.004616666666667,5663.0,8889.0,RIVER_TOP,support_dead_with_xy
EUW1_7696876301,100,7,7.004,2705.0,750.0,BLUE_BASE,support_in_base
EUW1_7696876301,100,8,8.004216666666666,1975.0,1162.0,BLUE_BASE,support_in_base
EUW1_7696876301,200,10,10.004983333333334,14016.0,4592.0,BOT_LANE_CORE,support_dead_with_xy
EUW1_7696876398,100,5,5.002916666666667,13572.0,3134.0,BOT_LANE_CORE,support_dead_with_xy
EUW1_7696876398,100,6,6.00335,10897.0,4714.0,BOT_SIDE_NEAR,support_dead_with_xy
EUW1_7696876398,200,6,6.00335,12036.0,4492.0,BOT_SIDE_NEAR,support_dead_with_xy
EUW1_7696877646,200,5,5.002366666666667,13655.0,3639.0,BOT_LANE_CORE,support_dead_with_xy
EUW1_7696877646,200,7,7.003133333333333,12860.0,1257.0,BOT_LANE_CORE,support_dead_with_xy
EUW1_7696877646,200,10,10.00415,5633.0,6683.0,MID_LANE,support_dead_with_xy
EUW1_7696877871,100,8,8.004083333333334,3060.0,744.0,BLUE_BASE,support_in_base
EUW1_7696877871,100,10,10.0044,13745.0,3731.0,BOT_LANE_CORE,support_dead_with_xy
EUW1_7696877871,200,10,10.0044,14117.0,4920.0,BOT_LANE_CORE,support_dead_with_xy
EUW1_7696878537,200,9,9.00485,14255.0,14291.0,RED_BASE,support_in_base
EUW1_7696878599,200,6,6.002816666666667,13156.0,11862.0,RED_BASE,support_in_base
EUW1_7696878754,200,7,7.0033666666666665,14284.0,13672.0,RED_BASE,support_in_base
EUW1_7696878754,200,10,10.00425,10092.0,2556.0,BOT_SIDE_NEAR,support_dead_with_xy
EUW1_7696879277,200,5,5.003466666666666,14215.0,11766.0,RED_BASE,support_in_base
EUW1_7696879277,200,10,10.005083333333333,14333.0,14378.0,RED_BASE,support_in_base
EUW1_7696880531,100,11,11.0049,1408.0,3213.0,BLUE_BASE,support_in_base
EUW1_7696880845,100,9,9.0051,394.0,461.0,BLUE_BASE,support_in_base
EUW1_7696880845,200,9,9.0051,14127.0,13947.0,RED_BASE,support_in_base
EUW1_7696880937,100,11,11.005083333333333,3379.0,822.0,BLUE_BASE,support_in_base
EUW1_7696880937,200,11,11.005083333333333,9785.0,2684.0,BOT_SIDE_NEAR,support_dead_with_xy
EUW1_7696881353,200,5,5.002666666666666,1602.0,12195.0,TOP_LANE_CORE,support_dead_with_xy
EUW1_7696881353,200,7,7.00355,13950.0,13543.0,RED_BASE,support_in_base
EUW1_7696882119,100,11,11.004716666666667,7183.0,8788.0,RED_TOP_JUNGLE,support_dead_with_xy
EUW1_7696882733,100,8,8.001466666666667,2634.0,974.0,BLUE_BASE,support_in_base
EUW1_7696882733,200,8,8.001466666666667,14112.0,13736.0,RED_BASE,support_in_base
EUW1_7696882733,200,10,10.001833333333334,13066.0,3318.0,BOT_LANE_CORE,support_dead_with_xy
EUW1_7696882888,100,11,11.00445,443.0,344.0,BLUE_BASE,support_in_base
EUW1_7696883584,100,7,7.003183333333333,12952.0,2989.0,BOT_LANE_CORE,support_dead_with_xy
EUW1_7696883584,100,8,8.0037,1583.0,2316.0,BLUE_BASE,support_in_base
EUW1_7696884535,200,6,6.00315,12412.0,1944.0,BOT_LANE_CORE,support_dead_with_xy
EUW1_7696884813,100,5,5.0035,513.0,481.0,BLUE_BASE,support_in_base
EUW1_7696884813,100,9,9.00445,568.0,660.0,BLUE_BASE,support_in_base
EUW1_7696884813,100,11,11.0049,2705.0,673.0,BLUE_BASE,support_in_base
EUW1_7696884813,200,5,5.0035,13711.0,13279.0,RED_BASE,support_in_base
EUW1_7696885171,100,9,9.00375,3190.0,785.0,BLUE_BASE,support_in_base
EUW1_7696885442,100,5,5.001283333333333,11603.0,3185.0,BOT_SIDE_NEAR,support_dead_with_xy
EUW1_7696885442,100,9,9.002183333333333,752.0,536.0,BLUE_BASE,support_in_base
EUW1_7696885442,200,9,9.002183333333333,9725.0,876.0,BOT_LANE_CORE,support_dead_with_xy
EUW1_7696885893,100,5,5.003816666666666,2463.0,604.0,BLUE_BASE,support_in_base
EUW1_7696885893,200,10,10.005266666666667,14279.0,14363.0,RED_BASE,support_in_base
EUW1_7696886827,100,6,6.001,2580.0,649.0,BLUE_BASE,support_in_base
EUW1_7696886827,100,10,10.00215,1235.0,749.0,BLUE_BASE,support_in_base
EUW1_7696887173,100,7,7.003183333333333,3585.0,1558.0,BLUE_BASE,support_in_base
EUW1_7696887173,100,9,9.0042,12698.0,1639.0,BOT_LANE_CORE,support_dead_with_xy
EUW1_7696887173,200,11,11.0045,13950.0,13373.0,RED_BASE,support_in_base
EUW1_7696887186,100,7,7.00325,11782.0,1849.0,BOT_LANE_CORE,support_dead_with_xy
EUW1_7696887186,100,10,10.004066666666667,394.0,461.0,BLUE_BASE,support_in_base
EUW1_7696888421,100,11,11.005316666666667,506.0,513.0,BLUE_BASE,support_in_base
EUW1_7696888421,200,11,11.005316666666667,13565.0,1506.0,BOT_LANE_CORE,support_dead_with_xy
EUW1_7696889284,100,7,7.00405,748.0,531.0,BLUE_BASE,support_in_base
EUW1_7696889284,200,9,9.004583333333333,14340.0,14391.0,RED_BASE,support_in_base
EUW1_7696890398,100,9,9.0043,394.0,461.0,BLUE_BASE,support_in_base
EUW1_7696890422,100,9,9.002233333333333,5619.0,6041.0,MID_LANE,support_dead_with_xy
EUW1_7696890422,100,11,11.00265,3182.0,951.0,BLUE_BASE,support_in_base
EUW1_7696891177,100,10,10.0041,1858.0,720.0,BLUE_BASE,support_in_base
EUW1_7696891269,200,7,7.0031,12216.0,7285.0,RED_BOT_JUNGLE,support_dead_with_xy
EUW1_7696891269,200,9,9.003633333333333,14086.0,4442.0,BOT_LANE_CORE,support_dead_with_xy
EUW1_7696891413,100,5,5.003133333333333,1008.0,735.0,BLUE_BASE,support_in_base
EUW1_7696891413,100,6,6.00335,6583.0,6614.0,MID_LANE,support_dead_with_xy
EUW1_7696891413,100,9,9.004116666666667,1152.0,1720.0,BLUE_BASE,support_in_base
EUW1_7696891413,200,6,6.00335,7604.0,7604.0,MID_LANE,support_dead_with_xy
EUW1_7696892756,100,9,9.004166666666666,1064.0,1567.0,BLUE_BASE,support_in_base
EUW1_7696893536,200,5,5.002933333333333,14340.0,14391.0,RED_BASE,support_in_base
EUW1_7696893536,200,8,8.003583333333333,13650.0,13983.0,RED_BASE,support_in_base
EUW1_7696893961,200,8,8.003583333333333,14175.0,13748.0,RED_BASE,support_in_base
EUW1_7696894734,100,9,9.002033333333333,3009.0,706.0,BLUE_BASE,support_in_base
EUW1_7696894734,200,5,5.00125,13998.0,12033.0,RED_BASE,support_in_base
EUW1_7696894734,200,6,6.0014,13791.0,4015.0,BOT_LANE_CORE,support_dead_with_xy
EUW1_7696894734,200,9,9.002033333333333,14262.0,14345.0,RED_BASE,support_in_base
EUW1_7696896842,200,10,10.003866666666667,14271.0,13590.0,RED_BASE,support_in_base
EUW1_7696898303,100,7,7.004033333333333,10311.0,3263.0,BOT_SIDE_NEAR,support_dead_with_xy
EUW1_7696898505,200,11,11.0043,12808.0,13126.0,RED_BASE,support_in_base
EUW1_7696899007,100,11,11.004483333333333,9660.0,1540.0,BOT_LANE_CORE,support_dead_with_xy
EUW1_7696900131,100,6,6.003516666666667,1244.0,739.0,BLUE_BASE,support_in_base
EUW1_7696900131,100,9,9.004266666666666,1131.0,787.0,BLUE_BASE,support_in_base
EUW1_7696900131,100,11,11.004716666666667,3487.0,1454.0,BLUE_BASE,support_in_base
EUW1_7696900131,200,8,8.003933333333332,12103.0,3136.0,BOT_SIDE_NEAR,support_dead_with_xy
EUW1_7696900131,200,11,11.004716666666667,14187.0,14120.0,RED_BASE,support_in_base
EUW1_7696900389,100,5,5.0005,1854.0,799.0,BLUE_BASE,support_in_base
EUW1_7696901415,200,6,6.00135,14340.0,14391.0,RED_BASE,support_in_base
EUW1_7696901658,100,8,8.00155,394.0,461.0,BLUE_BASE,support_in_base
EUW1_7696901658,100,10,10.001983333333333,394.0,461.0,BLUE_BASE,support_in_base
EUW1_7696901658,200,5,5.0007166666666665,14006.0,11411.0,RED_BASE,support_in_base
EUW1_7696901658,200,10,10.001983333333333,14148.0,13349.0,RED_BASE,support_in_base
EUW1_7696901892,100,11,11.004216666666666,11384.0,1124.0,BOT_LANE_CORE,support_dead_with_xy
EUW1_7696901892,200,10,10.003666666666666,10364.0,3068.0,BOT_SIDE_NEAR,support_dead_with_xy
EUW1_7696902428,200,5,5.0028,14263.0,14228.0,RED_BASE,support_in_base
EUW1_7696902752,200,5,5.0034,12488.0,14060.0,RED_BASE,support_in_base
EUW1_7696902752,200,10,10.004616666666667,14314.0,14071.0,RED_BASE,support_in_base
EUW1_7696902865,100,6,6.0030833333333335,12949.0,1743.0,BOT_LANE_CORE,support_dead_with_xy
EUW1_7696902865,100,7,7.00345,1670.0,618.0,BLUE_BASE,support_in_base
EUW1_7696902865,200,6,6.0030833333333335,14074.0,13794.0,RED_BASE,support_in_base
EUW1_7696902865,200,11,11.00485,3113.0,12173.0,TOP_SIDE_NEAR,support_dead_with_xy
EUW1_7696903174,100,5,5.002566666666667,10403.0,2933.0,BOT_SIDE_NEAR,support_dead_with_xy
EUW1_7696903174,100,9,9.003633333333333,679.0,893.0,BLUE_BASE,support_in_base
EUW1_7696903174,100,10,10.003933333333332,1637.0,904.0,BLUE_BASE,support_in_base
EUW1_7696903174,200,9,9.003633333333333,14340.0,14391.0,RED_BASE,support_in_base
EUW1_7696903638,200,8,8.003716666666667,9799.0,1221.0,BOT_LANE_CORE,support_dead_with_xy
EUW1_7696905409,100,8,8.004216666666666,3689.0,753.0,BLUE_BASE,support_in_base
EUW1_7696905409,100,10,10.005,1169.0,619.0,BLUE_BASE,support_in_base
EUW1_7696905409,200,7,7.004,14166.0,12994.0,RED_BASE,support_in_base
EUW1_7696905409,200,11,11.0052,14029.0,11475.0,RED_BASE,support_in_base
EUW1_7696906044,100,8,8.001533333333333,505.0,515.0,BLUE_BASE,support_in_base
EUW1_7696906315,100,5,5.002433333333333,1110.0,687.0,BLUE_BASE,support_in_base
EUW1_7696906315,100,9,9.0034,4857.0,9034.0,TOP_SIDE_NEAR,support_dead_with_xy
EUW1_7696907203,100,8,8.003683333333333,12782.0,1250.0,BOT_LANE_CORE,support_dead_with_xy
EUW1_7696907203,100,11,11.004083333333334,3275.0,989.0,BLUE_BASE,support_in_base
EUW1_7696907203,200,10,10.003916666666667,13153.0,5612.0,BOT_LANE_CORE,support_dead_with_xy
EUW1_7696908079,100,10,10.002483333333334,10950.0,1036.0,BOT_LANE_CORE,support_dead_with_xy
EUW1_7696908287,200,9,9.002016666666666,9110.0,5755.0,RIVER_BOT,support_dead_with_xy
EUW1_7696908375,100,7,7.003066666666666,1189.0,682.0,BLUE_BASE,support_in_base
EUW1_7696908375,200,5,5.002533333333333,12378.0,5922.0,BOT_SIDE_NEAR,support_dead_with_xy
EUW1_7696908375,200,8,8.003366666666667,11884.0,2662.0,BOT_SIDE_NEAR,support_dead_with_xy
EUW1_7696909732,100,11,11.003783333333333,3044.0,772.0,BLUE_BASE,support_in_base
EUW1_7696909732,200,7,7.003183333333333,13470.0,11566.0,RED_BASE,support_in_base
EUW1_7696909945,100,9,9.00455,1119.0,822.0,BLUE_BASE,support_in_base
EUW1_7696911586,200,8,8.004683333333332,3368.0,12213.0,TOP_SIDE_NEAR,support_dead_with_xy
EUW1_7696912147,100,8,8.001983333333333,1156.0,1749.0,BLUE_BASE,support_in_base
EUW1_7696912147,200,8,8.001983333333333,14140.0,13027.0,RED_BASE,support_in_base
EUW1_7696912511,100,9,9.004216666666666,394.0,461.0,BLUE_BASE,support_in_base
EUW1_7696912511,200,6,6.00315,13483.0,5012.0,BOT_LANE_CORE,support_dead_with_xy
EUW1_7696913401,100,9,9.004666666666667,2048.0,1527.0,BLUE_BASE,support_in_base
EUW1_7696913401,100,10,10.0048,3055.0,849.0,BLUE_BASE,support_in_base
EUW1_7696913401,100,11,11.00485,394.0,461.0,BLUE_BASE,support_in_base
EUW1_7696913401,200,9,9.004666666666667,12722.0,12890.0,RED_BASE,support_in_base
EUW1_7696913401,200,11,11.00485,14340.0,14391.0,RED_BASE,support_in_base
EUW1_7696914724,200,5,5.00315,11549.0,2052.0,BOT_SIDE_NEAR,support_dead_with_xy
EUW1_7696914869,100,8,8.003316666666667,10739.0,2287.0,BOT_SIDE_NEAR,support_dead_with_xy
EUW1_7696914869,200,7,7.0030166666666664,14340.0,14391.0,RED_BASE,support_in_base
EUW1_7696915080,100,6,6.001116666666666,1792.0,696.0,BLUE_BASE,support_in_base
EUW1_7696915080,100,7,7.001166666666666,394.0,461.0,BLUE_BASE,support_in_base
EUW1_7696915658,100,7,7.00285,1161.0,561.0,BLUE_BASE,support_in_base
EUW1_7696915658,200,7,7.00285,7137.0,7843.0,MID_LANE,support_dead_with_xy
EUW1_7696915733,100,8,8.003933333333332,13550.0,2620.0,BOT_LANE_CORE,support_dead_with_xy
EUW1_7696916323,200,7,7.003916666666667,13478.0,12804.0,RED_BASE,support_in_base
EUW1_7696918117,100,9,9.004566666666667,394.0,461.0,BLUE_BASE,support_in_base
EUW1_7696918117,200,10,10.004833333333334,14122.0,11409.0,RED_BASE,support_in_base
EUW1_7696920342,100,11,11.0053,394.0,461.0,BLUE_BASE,support_in_base
EUW1_7696920419,100,9,9.003483333333334,924.0,559.0,BLUE_BASE,support_in_base
EUW1_7696920419,100,10,10.003916666666667,2447.0,730.0,BLUE_BASE,support_in_base
EUW1_7696920419,200,8,8.003466666666666,10040.0,6381.0,RED_BOT_JUNGLE,support_dead_with_xy
EUW1_7696920525,100,8,8.00365,11165.0,4290.0,BOT_SIDE_NEAR,support_dead_with_xy
EUW1_7696920525,200,8,8.00365,11847.0,4826.0,BOT_SIDE_NEAR,support_dead_with_xy
EUW1_7696921483,100,5,5.001383333333333,671.0,702.0,BLUE_BASE,support_in_base
EUW1_7696921483,100,11,11.004783333333334,394.0,461.0,BLUE_BASE,support_in_base
EUW1_7696921694,100,8,8.003883333333333,11884.0,2004.0,BOT_LANE_CORE,support_dead_with_xy
EUW1_7696921694,100,10,10.004683333333332,3077.0,754.0,BLUE_BASE,support_in_base
EUW1_7696921694,200,5,5.0027333333333335,12972.0,3140.0,BOT_LANE_CORE,support_dead_with_xy
EUW1_7696921738,200,5,5.002233333333334,13992.0,12249.0,RED_BASE,support_in_base
EUW1_7696921738,200,8,8.003633333333333,13628.0,13673.0,RED_BASE,support_in_base
EUW1_7696922029,200,5,5.002466666666667,14299.0,14045.0,RED_BASE,support_in_base
EUW1_7696922632,100,6,6.003166666666667,1758.0,597.0,BLUE_BASE,support_in_base
EUW1_7696922632,100,7,7.00325,3500.0,1456.0,BLUE_BASE,support_in_base
EUW1_7696922632,200,9,9.003633333333333,13162.0,7486.0,BOT_LANE_CORE,support_dead_with_xy
EUW1_7696923973,200,6,6.003266666666667,14202.0,13274.0,RED_BASE,support_in_base
EUW1_7696923973,200,9,9.004083333333334,12660.0,1342.0,BOT_LANE_CORE,support_dead_with_xy
EUW1_7696925918,100,10,10.00485,13737.0,3512.0,BOT_LANE_CORE,support_dead_with_xy
EUW1_7696926247,100,5,5.0037666666666665,11506.0,1209.0,BOT_LANE_CORE,support_dead_with_xy
EUW1_7696926247,100,9,9.004783333333334,1050.0,691.0,BLUE_BASE,support_in_base
EUW1_7696926247,100,11,11.005533333333334,9429.0,1562.0,BOT_LANE_CORE,support_dead_with_xy
EUW1_7696926247,200,8,8.004366666666666,14343.0,13946.0,RED_BASE,support_in_base
EUW1_7696926247,200,11,11.005533333333334,12078.0,2822.0,BOT_SIDE_NEAR,support_dead_with_xy
EUW1_7696926733,100,10,10.0042,7806.0,998.0,BOT_LANE_CORE,support_dead_with_xy
EUW1_7696927243,100,5,5.002366666666667,13046.0,1112.0,BOT_LANE_CORE,support_dead_with_xy
EUW1_7696927243,200,10,10.003966666666667,13871.0,13695.0,RED_BASE,support_in_base
EUW1_7696928015,200,9,9.003083333333333,4977.0,9549.0,TOP_SIDE_NEAR,support_dead_with_xy
EUW1_7696929020,200,5,5.003466666666666,14202.0,14160.0,RED_BASE,support_in_base
EUW1_7696929774,200,8,8.00495,14334.0,14362.0,RED_BASE,support_in_base
EUW1_7696929813,200,8,8.004733333333334,10328.0,4719.0,DRAGON_AREA,support_dead_with_xy
EUW1_7696929885,100,10,10.002666666666666,1283.0,670.0,BLUE_BASE,support_in_base
EUW1_7696930533,100,8,8.00445,1338.0,565.0,BLUE_BASE,support_in_base
EUW1_7696930533,100,10,10.004966666666666,394.0,461.0,BLUE_BASE,support_in_base
EUW1_7696931378,100,7,7.002983333333333,2423.0,837.0,BLUE_BASE,support_in_base
EUW1_7696931378,200,6,6.002683333333334,13496.0,12411.0,RED_BASE,support_in_base
EUW1_7696932301,200,8,8.003183333333334,13835.0,10965.0,RED_BASE,support_in_base
EUW1_7696932486,100,6,6.003716666666667,1694.0,682.0,BLUE_BASE,support_in_base
EUW1_7696932486,100,9,9.004783333333334,394.0,461.0,BLUE_BASE,support_in_base
EUW1_7696933586,100,6,6.002233333333334,394.0,461.0,BLUE_BASE,support_in_base
EUW1_7696933586,100,8,8.0029,394.0,461.0,BLUE_BASE,support_in_base
EUW1_7696933586,200,5,5.002166666666667,12588.0,2057.0,BOT_LANE_CORE,support_dead_with_xy
EUW1_7696933897,100,8,8.00365,12709.0,1839.0,BOT_LANE_CORE,support_dead_with_xy
EUW1_7696933897,200,10,10.004116666666667,14028.0,4278.0,BOT_LANE_CORE,support_dead_with_xy
EUW1_7696934243,100,10,10.003966666666667,13027.0,2303.0,BOT_LANE_CORE,support_dead_with_xy
EUW1_7696934243,200,5,5.003183333333333,14340.0,14391.0,RED_BASE,support_in_base
EUW1_7696934243,200,11,11.00415,14031.0,13100.0,RED_BASE,support_in_base
EUW1_7696934624,100,6,6.003566666666667,13658.0,3365.0,BOT_LANE_CORE,support_dead_with_xy
EUW1_7696934624,200,10,10.004733333333334,14132.0,13200.0,RED_BASE,support_in_base
EUW1_7696934887,100,5,5.0027333333333335,3197.0,753.0,BLUE_BASE,support_in_base
EUW1_7696934887,200,7,7.003416666666666,14137.0,13763.0,RED_BASE,support_in_base
EUW1_7696936000,100,10,10.004133333333334,12346.0,2693.0,BOT_LANE_CORE,support_dead_with_xy
EUW1_7696936000,200,8,8.003516666666666,14340.0,14391.0,RED_BASE,support_in_base
EUW1_7696936000,200,11,11.004633333333333,14269.0,13788.0,RED_BASE,support_in_base
EUW1_7696936866,200,8,8.00385,14333.0,14329.0,RED_BASE,support_in_base
EUW1_7696937396,100,6,6.002983333333333,1465.0,593.0,BLUE_BASE,support_in_base
EUW1_7696937396,100,8,8.003733333333333,11845.0,4168.0,BOT_SIDE_NEAR,support_dead_with_xy
EUW1_7696938043,100,11,11.004866666666667,766.0,669.0,BLUE_BASE,support_in_base
EUW1_7696938043,200,9,9.004266666666666,13921.0,4886.0,BOT_LANE_CORE,support_dead_with_xy
EUW1_7696938067,100,7,7.00345,13508.0,2979.0,BOT_LANE_CORE,support_dead_with_xy
EUW1_7696939862,200,11,11.004033333333334,14340.0,14391.0,RED_BASE,support_in_base
EUW1_7696940736,100,10,10.004666666666667,394.0,461.0,BLUE_BASE,support_in_base
EUW1_7696941572,100,10,10.004866666666667,2375.0,623.0,BLUE_BASE,support_in_base
EUW1_7696941641,100,8,8.0036,13251.0,3582.0,BOT_LANE_CORE,support_dead_with_xy
EUW1_7696941674,200,5,5.003183333333333,14340.0,14391.0,RED_BASE,support_in_base
EUW1_7696943640,100,5,5.002,13048.0,2312.0,BOT_LANE_CORE,support_dead_with_xy
EUW1_7696943640,200,11,11.004166666666666,13608.0,2816.0,BOT_LANE_CORE,support_dead_with_xy
EUW1_7696945150,100,8,8.00355,10126.0,1583.0,BOT_LANE_CORE,support_dead_with_xy
EUW1_7696945678,200,6,6.003983333333333,14125.0,12320.0,RED_BASE,support_in_base
EUW1_7696945801,100,7,7.003833333333334,2623.0,746.0,BLUE_BASE,support_in_base
EUW1_7696945801,100,10,10.004683333333332,10579.0,5236.0,BOT_SIDE_NEAR,support_dead_with_xy
EUW1_7696945801,200,6,6.003733333333333,13930.0,13292.0,RED_BASE,support_in_base
EUW1_7696946518,200,9,9.0034,13553.0,2888.0,BOT_LANE_CORE,support_dead_with_xy
EUW1_7696946973,200,8,8.003866666666667,14340.0,14391.0,RED_BASE,support_in_base
EUW1_7696947593,100,10,10.0056,2642.0,724.0,BLUE_BASE,support_in_base
EUW1_7696947593,200,5,5.003716666666667,13387.0,11403.0,RED_BASE,support_in_base
EUW1_7696947593,200,7,7.00425,13811.0,13162.0,RED_BASE,support_in_base
EUW1_7696947593,200,11,11.005966666666666,13633.0,13153.0,RED_BASE,support_in_base
EUW1_7696948083,100,10,10.004566666666667,914.0,536.0,BLUE_BASE,support_in_base
EUW1_7696948083,200,5,5.002983333333333,14327.0,14338.0,RED_BASE,support_in_base
EUW1_7696948135,100,8,8.00345,2738.0,1743.0,BLUE_BASE,support_in_base
EUW1_7696948135,100,11,11.004483333333333,14100.0,4923.0,BOT_LANE_CORE,support_dead_with_xy
EUW1_7696948135,200,11,11.004483333333333,14006.0,11774.0,RED_BASE,support_in_base
EUW1_7696949929,100,8,8.004383333333333,944.0,840.0,BLUE_BASE,support_in_base
EUW1_7696949929,200,8,8.004383333333333,10546.0,3309.0,BOT_SIDE_NEAR,support_dead_with_xy
EUW1_7696949929,200,9,9.004716666666667,12093.0,13225.0,RED_BASE,support_in_base
EUW1_7696949929,200,11,11.005483333333334,13090.0,13617.0,RED_BASE,support_in_base
EUW1_7696951596,100,7,7.003783333333334,10648.0,1208.0,BOT_LANE_CORE,support_dead_with_xy
EUW1_7696951596,200,5,5.00305,13198.0,3494.0,BOT_LANE_CORE,support_dead_with_xy
EUW1_7696951946,100,8,8.0018,3312.0,1961.0,BLUE_BASE,support_in_base
EUW1_7696954033,200,11,11.005066666666666,14340.0,14391.0,RED_BASE,support_in_base
EUW1_7696954880,100,11,11.004166666666666,10841.0,1149.0,BOT_LANE_CORE,support_dead_with_xy
EUW1_7696954880,200,11,11.004166666666666,14340.0,14391.0,RED_BASE,support_in_base
EUW1_7696955232,100,5,5.001083333333334,3738.0,839.0,BLUE_BASE,support_in_base
EUW1_7696955232,100,10,10.002216666666667,12840.0,3372.0,BOT_LANE_CORE,support_dead_with_xy
EUW1_7696955274,200,6,6.0035,13353.0,11520.0,RED_BASE,support_in_base
EUW1_7696955274,200,10,10.004666666666667,14340.0,14391.0,RED_BASE,support_in_base
EUW1_7696956079,100,8,8.00395,6781.0,1403.0,BOT_LANE_CORE,support_dead_with_xy
EUW1_7696956079,200,11,11.004916666666666,6119.0,5203.0,BLUE_BOT_JUNGLE,support_dead_with_xy
EUW1_7696958445,200,7,7.002983333333333,14233.0,12267.0,RED_BASE,support_in_base
EUW1_7696958445,200,10,10.00385,14151.0,12771.0,RED_BASE,support_in_base
EUW1_7696958800,100,5,5.003,10794.0,2346.0,BOT_SIDE_NEAR,support_dead_with_xy
EUW1_7696958800,200,11,11.005316666666667,13906.0,11230.0,RED_BASE,support_in_base
EUW1_7696960365,200,10,10.004433333333333,13875.0,11920.0,RED_BASE,support_in_base
EUW1_7696960372,100,8,8.004116666666667,597.0,884.0,BLUE_BASE,support_in_base
EUW1_7696960372,100,9,9.00425,4070.0,13812.0,TOP_LANE_CORE,support_dead_with_xy
EUW1_7696960372,100,11,11.005033333333333,12338.0,4859.0,BOT_SIDE_NEAR,support_dead_with_xy
EUW1_7696960372,200,5,5.003283333333333,12679.0,3204.0,BOT_LANE_CORE,support_dead_with_xy
EUW1_7696960612,100,10,10.0042,394.0,461.0,BLUE_BASE,support_in_base
EUW1_7696960625,100,7,7.003683333333333,2851.0,2087.0,BLUE_BASE,support_in_base
EUW1_7696960625,100,8,8.003966666666667,1934.0,2667.0,BLUE_BASE,support_in_base
EUW1_7696960625,200,10,10.00465,14011.0,5203.0,BOT_LANE_CORE,support_dead_with_xy
EUW1_7696961206,100,9,9.00425,13240.0,4624.0,BOT_LANE_CORE,support_dead_with_xy
EUW1_7696961206,200,7,7.003616666666667,13159.0,2959.0,BOT_LANE_CORE,support_dead_with_xy
EUW1_7696961933,100,9,9.003983333333334,939.0,623.0,BLUE_BASE,support_in_base
EUW1_7696961933,200,6,6.0030166666666664,11251.0,4463.0,BOT_SIDE_NEAR,support_dead_with_xy
EUW1_7696961933,200,11,11.004583333333333,14049.0,4321.0,BOT_LANE_CORE,support_dead_with_xy
EUW1_7696962193,100,5,5.00275,10137.0,899.0,BOT_LANE_CORE,support_dead_with_xy
EUW1_7696962193,200,9,9.0043,14114.0,11652.0,RED_BASE,support_in_base
EUW1_7696963440,100,11,11.004416666666666,394.0,461.0,BLUE_BASE,support_in_base
EUW1_7696964170,100,7,7.003183333333333,12809.0,4337.0,BOT_SIDE_NEAR,support_dead_with_xy
EUW1_7696964170,200,7,7.003183333333333,13488.0,5226.0,BOT_LANE_CORE,support_dead_with_xy
EUW1_7696964170,200,11,11.004783333333334,14032.0,12232.0,RED_BASE,support_in_base
EUW1_7696964290,100,6,6.001783333333333,1247.0,662.0,BLUE_BASE,support_in_base
EUW1_7696964290,100,7,7.001883333333334,212.0,420.0,BLUE_BASE,support_in_base
EUW1_7696964739,100,8,8.00335,1901.0,1406.0,BLUE_BASE,support_in_base
EUW1_7696964739,100,10,10.003983333333334,13762.0,1853.0,BOT_LANE_CORE,support_dead_with_xy
EUW1_7696965730,100,6,6.00355,1395.0,764.0,BLUE_BASE,support_in_base
EUW1_7696965730,100,10,10.004616666666667,2049.0,2323.0,BLUE_BASE,support_in_base
EUW1_7696965730,200,10,10.004616666666667,14139.0,13120.0,RED_BASE,support_in_base
EUW1_7696966422,200,8,8.003383333333334,13961.0,4395.0,BOT_LANE_CORE,support_dead_with_xy
EUW1_7696966422,200,11,11.004266666666666,13618.0,4379.0,BOT_LANE_CORE,support_dead_with_xy
EUW1_7696967494,200,9,9.003483333333334,5306.0,8542.0,RIVER_TOP,support_dead_with_xy
EUW1_7696968316,200,6,6.00115,12496.0,2368.0,BOT_LANE_CORE,support_dead_with_xy
EUW1_7696968316,200,7,7.003066666666666,9601.0,7302.0,RED_BOT_JUNGLE,support_dead_with_xy
EUW1_7696968316,200,10,10.004116666666667,10097.0,4666.0,DRAGON_AREA,support_dead_with_xy
EUW1_7696969333,200,6,6.003066666666666,13090.0,3537.0,BOT_LANE_CORE,support_dead_with_xy
EUW1_7696969794,100,9,9.003933333333332,10835.0,1657.0,BOT_LANE_CORE,support_dead_with_xy
EUW1_7696970160,100,9,9.002916666666666,1890.0,1246.0,BLUE_BASE,support_in_base
EUW1_7696970887,100,10,10.005133333333333,1519.0,697.0,BLUE_BASE,support_in_base
EUW1_7696970887,100,11,11.005366666666667,1241.0,1883.0,BLUE_BASE,support_in_base
EUW1_7696971366,100,7,7.003466666666666,394.0,461.0,BLUE_BASE,support_in_base
EUW1_7696971366,100,9,9.0042,14066.0,4404.0,BOT_LANE_CORE,support_dead_with_xy
EUW1_7696971366,200,5,5.002633333333334,12183.0,2346.0,BOT_LANE_CORE,support_dead_with_xy
EUW1_7696971366,200,9,9.0042,13985.0,4104.0,BOT_LANE_CORE,support_dead_with_xy
EUW1_7696971596,100,11,11.0052,10303.0,866.0,BOT_LANE_CORE,support_dead_with_xy
EUW1_7696971596,200,9,9.004816666666667,13425.0,12624.0,RED_BASE,support_in_base
EUW1_7696971686,100,10,10.005116666666666,11666.0,2211.0,BOT_SIDE_NEAR,support_dead_with_xy
EUW1_7696971686,200,7,7.004183333333334,14093.0,12646.0,RED_BASE,support_in_base
EUW1_7696971686,200,9,9.0049,11470.0,1856.0,BOT_LANE_CORE,support_dead_with_xy
EUW1_7696971760,200,8,8.00465,14324.0,13844.0,RED_BASE,support_in_base
EUW1_7696972758,200,8,8.00505,14340.0,14391.0,RED_BASE,support_in_base
EUW1_7696972758,200,9,9.005566666666667,14340.0,14391.0,RED_BASE,support_in_base
EUW1_7696973038,200,8,8.003566666666666,13042.0,3478.0,BOT_LANE_CORE,support_dead_with_xy
EUW1_7696973038,200,11,11.00455,13720.0,14315.0,RED_BASE,support_in_base
EUW1_7696973095,100,10,10.0052,886.0,757.0,BLUE_BASE,support_in_base
EUW1_7696973095,200,6,6.0037666666666665,14340.0,14391.0,RED_BASE,support_in_base
EUW1_7696974273,100,6,6.003633333333333,858.0,578.0,BLUE_BASE,support_in_base
EUW1_7696974273,100,11,11.005016666666666,1766.0,601.0,BLUE_BASE,support_in_base
EUW1_7696974910,100,6,6.00305,1331.0,775.0,BLUE_BASE,support_in_base
EUW1_7696974957,200,5,5.001116666666666,11652.0,1535.0,BOT_LANE_CORE,support_dead_with_xy
EUW1_7696975024,100,5,5.00335,11752.0,2127.0,BOT_LANE_CORE,support_dead_with_xy
EUW1_7696976358,200,7,7.001733333333333,13742.0,13250.0,RED_BASE,support_in_base
EUW1_7696976358,200,9,9.0021,12992.0,12170.0,RED_BASE,support_in_base
EUW1_7696977301,100,6,6.00275,13072.0,3686.0,BOT_LANE_CORE,support_dead_with_xy
EUW1_7696977301,100,10,10.003366666666667,9904.0,1532.0,BOT_LANE_CORE,support_dead_with_xy
EUW1_7696977702,200,10,10.004433333333333,14250.0,13649.0,RED_BASE,support_in_base
EUW1_7696978133,100,11,11.004616666666667,6481.0,6716.0,MID_LANE,support_dead_with_xy
EUW1_7696979403,100,5,5.0023333333333335,12299.0,2260.0,BOT_LANE_CORE,support_dead_with_xy
EUW1_7696979403,100,10,10.004333333333333,11047.0,1512.0,BOT_LANE_CORE,support_dead_with_xy
EUW1_7696979403,200,6,6.002683333333334,14183.0,13571.0,RED_BASE,support_in_base
EUW1_7696979609,200,6,6.003166666666667,13941.0,12874.0,RED_BASE,support_in_base
EUW1_7696979674,100,9,9.001883333333334,432.0,581.0,BLUE_BASE,support_in_base
EUW1_7696979674,100,10,10.001983333333333,680.0,409.0,BLUE_BASE,support_in_base
EUW1_7696979674,200,5,5.00155,14225.0,13908.0,RED_BASE,support_in_base
EUW1_7696980046,100,7,7.003833333333334,1834.0,1388.0,BLUE_BASE,support_in_base
EUW1_7696980046,100,9,9.00405,824.0,516.0,BLUE_BASE,support_in_base
EUW1_7696980046,200,7,7.003833333333334,12613.0,2682.0,BOT_LANE_CORE,support_dead_with_xy
EUW1_7696980584,200,11,11.00525,13115.0,2454.0,BOT_LANE_CORE,support_dead_with_xy
EUW1_7696981136,100,6,6.002683333333334,3271.0,784.0,BLUE_BASE,support_in_base
EUW1_7696981204,200,6,6.003583333333333,9150.0,1832.0,BOT_LANE_CORE,support_dead_with_xy
EUW1_7696981204,200,9,9.0047,14069.0,13156.0,RED_BASE,support_in_base
EUW1_7696981204,200,11,11.005266666666667,10074.0,5103.0,DRAGON_AREA,support_dead_with_xy
EUW1_7696982897,200,6,6.0039,14254.0,13300.0,RED_BASE,support_in_base
EUW1_7696982897,200,10,10.0053,9615.0,3343.0,BOT_SIDE_NEAR,support_dead_with_xy
EUW1_7696983495,100,6,6.003066666666666,2996.0,2430.0,BLUE_BASE,support_in_base
EUW1_7696983516,200,9,9.004716666666667,12215.0,13566.0,RED_BASE,support_in_base
EUW1_7696984672,100,5,5.0037666666666665,948.0,513.0,BLUE_BASE,support_in_base
EUW1_7696984672,200,10,10.004933333333334,14037.0,12579.0,RED_BASE,support_in_base
EUW1_7696985419,100,11,11.003533333333333,7334.0,7804.0,MID_LANE,support_dead_with_xy
EUW1_7696985454,100,9,9.003466666666666,3284.0,773.0,BLUE_BASE,support_in_base
EUW1_7696986044,100,5,5.000616666666667,394.0,461.0,BLUE_BASE,support_in_base
EUW1_7696986044,200,5,5.000616666666667,14340.0,14391.0,RED_BASE,support_in_base
EUW1_7696986044,200,10,10.003966666666667,13554.0,2925.0,BOT_LANE_CORE,support_dead_with_xy
EUW1_7696986389,100,6,6.002783333333333,1256.0,864.0,BLUE_BASE,support_in_base
EUW1_7696986567,200,10,10.003966666666667,14012.0,13389.0,RED_BASE,support_in_base
EUW1_7696986966,100,9,9.004616666666667,1124.0,10140.0,TOP_LANE_CORE,support_dead_with_xy
EUW1_7696986966,100,11,11.00515,10146.0,917.0,BOT_LANE_CORE,support_dead_with_xy
EUW1_7696986966,200,5,5.0027333333333335,14041.0,11227.0,RED_BASE,support_in_base
EUW1_7696987451,100,6,6.00305,2246.0,2240.0,BLUE_BASE,support_in_base
EUW1_7696987451,100,8,8.0038,12000.0,2422.0,BOT_LANE_CORE,support_dead_with_xy
EUW1_7696987451,100,9,9.004133333333334,786.0,9675.0,TOP_LANE_CORE,support_dead_with_xy
EUW1_7696987451,200,11,11.0049,13033.0,13706.0,RED_BASE,support_in_base
EUW1_7696987504,200,6,6.000766666666666,10726.0,3215.0,BOT_SIDE_NEAR,support_dead_with_xy
EUW1_7696987505,100,6,6.003916666666667,394.0,461.0,BLUE_BASE,support_in_base
EUW1_7696987505,200,8,8.004516666666667,14340.0,14391.0,RED_BASE,support_in_base
EUW1_7696989877,100,6,6.0028,2695.0,636.0,BLUE_BASE,support_in_base
EUW1_7696989877,100,8,8.0042,3650.0,826.0,BLUE_BASE,support_in_base
EUW1_7696989877,200,11,11.004933333333334,13672.0,13218.0,RED_BASE,support_in_base
EUW1_7696990697,100,9,9.003866666666667,1475.0,312.0,BLUE_BASE,support_in_base
EUW1_7696990697,200,8,8.003616666666666,14340.0,14391.0,RED_BASE,support_in_base
EUW1_7696991483,200,9,9.00155,14340.0,14391.0,RED_BASE,support_in_base
EUW1_7696991582,100,7,7.003716666666667,3504.0,859.0,BLUE_BASE,support_in_base
EUW1_7696991582,200,7,7.003716666666667,13403.0,5429.0,BOT_LANE_CORE,support_dead_with_xy
EUW1_7696994046,100,7,7.00345,2320.0,836.0,BLUE_BASE,support_in_base
EUW1_7696994046,100,10,10.004583333333333,12970.0,4186.0,BOT_SIDE_NEAR,support_dead_with_xy
EUW1_7696994046,100,11,11.00505,394.0,461.0,BLUE_BASE,support_in_base
EUW1_7696994046,200,6,6.003033333333334,14206.0,13643.0,RED_BASE,support_in_base
EUW1_7696994046,200,10,10.004583333333333,13386.0,3887.0,BOT_LANE_CORE,support_dead_with_xy
EUW1_7696994520,100,7,7.003633333333333,1357.0,550.0,BLUE_BASE,support_in_base
EUW1_7696994520,200,7,7.003633333333333,14340.0,14391.0,RED_BASE,support_in_base
EUW1_7696994520,200,11,11.005,14175.0,13524.0,RED_BASE,support_in_base
EUW1_7696994623,200,11,11.005016666666666,12948.0,5935.0,BOT_SIDE_NEAR,support_dead_with_xy
EUW1_7696994755,100,7,7.003866666666666,1874.0,1459.0,BLUE_BASE,support_in_base
EUW1_7696994755,200,7,7.003866666666666,13996.0,11698.0,RED_BASE,support_in_base
EUW1_7696994755,200,9,9.004633333333333,13872.0,11851.0,RED_BASE,support_in_base
EUW1_7696994760,200,10,10.0048,13683.0,4102.0,BOT_LANE_CORE,support_dead_with_xy
EUW1_7696996122,100,8,8.004166666666666,1585.0,545.0,BLUE_BASE,support_in_base
EUW1_7696996122,100,10,10.004933333333334,10076.0,982.0,BOT_LANE_CORE,support_dead_with_xy
EUW1_7696996122,200,10,10.004933333333334,11347.0,1855.0,BOT_LANE_CORE,support_dead_with_xy
EUW1_7696996253,100,6,6.003433333333334,1223.0,560.0,BLUE_BASE,support_in_base
EUW1_7696996253,200,6,6.003433333333334,14211.0,13854.0,RED_BASE,support_in_base
EUW1_7696996827,100,8,8.001616666666667,11287.0,1646.0,BOT_LANE_CORE,support_dead_with_xy
EUW1_7696996827,100,11,11.00395,1271.0,547.0,BLUE_BASE,support_in_base
EUW1_7696996827,200,7,7.001116666666666,13953.0,11412.0,RED_BASE,support_in_base
EUW1_7696996827,200,10,10.003916666666667,9420.0,2037.0,BOT_SIDE_NEAR,support_dead_with_xy
EUW1_7697001680,100,9,9.00375,1206.0,903.0,BLUE_BASE,support_in_base
EUW1_7697002738,100,11,11.004416666666666,11349.0,3557.0,BOT_SIDE_NEAR,support_dead_with_xy
EUW1_7697002738,200,11,11.004416666666666,14191.0,14190.0,RED_BASE,support_in_base
EUW1_7697003977,100,11,11.003766666666667,13453.0,3065.0,BOT_LANE_CORE,support_dead_with_xy
EUW1_7697003977,200,9,9.003216666666667,14132.0,11406.0,RED_BASE,support_in_base
EUW1_7697004007,100,10,10.002433333333334,2958.0,691.0,BLUE_BASE,support_in_base
EUW1_7697004007,200,8,8.00185,12939.0,13508.0,RED_BASE,support_in_base
EUW1_7697004007,200,9,9.002116666666666,13957.0,13120.0,RED_BASE,support_in_base
EUW1_7697004847,200,9,9.00195,13238.0,4907.0,BOT_LANE_CORE,support_dead_with_xy
EUW1_7697004847,200,11,11.00245,14053.0,13143.0,RED_BASE,support_in_base
EUW1_7697005240,100,7,7.00265,1763.0,1344.0,BLUE_BASE,support_in_base
EUW1_7697005240,100,9,9.003433333333334,10863.0,2440.0,BOT_SIDE_NEAR,support_dead_with_xy
EUW1_7697005240,100,10,10.003566666666666,2627.0,1991.0,BLUE_BASE,support_in_base
EUW1_7697005240,100,11,11.004,11453.0,1902.0,BOT_LANE_CORE,support_dead_with_xy
EUW1_7697005240,200,5,5.00215,14239.0,13598.0,RED_BASE,support_in_base
EUW1_7697005240,200,11,11.004,10959.0,1578.0,BOT_LANE_CORE,support_dead_with_xy
EUW1_7697005619,100,8,8.003716666666667,12999.0,4385.0,BOT_SIDE_NEAR,support_dead_with_xy
EUW1_7697005619,200,10,10.004816666666667,1796.0,11171.0,TOP_LANE_CORE,support_dead_with_xy
EUW1_7697005844,200,8,8.004266666666666,13634.0,5038.0,BOT_LANE_CORE,support_dead_with_xy
EUW1_7697006843,100,8,8.003533333333333,4516.0,8270.0,BLUE_TOP_JUNGLE,support_dead_with_xy
EUW1_7697009783,200,7,7.0031,13342.0,12708.0,RED_BASE,support_in_base
EUW1_7697010238,100,5,5.0029,2252.0,2139.0,BLUE_BASE,support_in_base
EUW1_7697010238,200,5,5.0029,14279.0,13771.0,RED_BASE,support_in_base
EUW1_7697011761,100,8,8.004066666666667,11032.0,1094.0,BOT_LANE_CORE,support_dead_with_xy
EUW1_7697011761,100,10,10.00485,6261.0,7180.0,MID_LANE,support_dead_with_xy
EUW1_7697011761,200,8,8.004066666666667,10976.0,1023.0,BOT_LANE_CORE,support_dead_with_xy
EUW1_7697011943,100,6,6.00335,394.0,461.0,BLUE_BASE,support_in_base
EUW1_7697011943,100,10,10.004316666666666,2126.0,1458.0,BLUE_BASE,support_in_base
EUW1_7697011943,200,8,8.003783333333333,12624.0,13411.0,RED_BASE,support_in_base
EUW1_7697013814,100,7,7.002,10380.0,1233.0,BOT_LANE_CORE,support_dead_with_xy
EUW1_7697013814,100,9,9.00515,2238.0,651.0,BLUE_BASE,support_in_base
EUW1_7697013814,200,5,5.00115,14115.0,12021.0,RED_BASE,support_in_base
EUW1_7697013814,200,8,8.00235,14317.0,14106.0,RED_BASE,support_in_base
EUW1_7697016271,200,5,5.0010666666666665,14340.0,14391.0,RED_BASE,support_in_base
EUW1_7697016271,200,11,11.003533333333333,10519.0,2257.0,BOT_SIDE_NEAR,support_dead_with_xy
EUW1_7697016807,100,10,10.004683333333332,3085.0,2355.0,BLUE_BASE,support_in_base
EUW1_7697018110,100,9,9.004133333333334,1290.0,709.0,BLUE_BASE,support_in_base
EUW1_7697018110,200,9,9.004133333333334,12493.0,13200.0,RED_BASE,support_in_base
EUW1_7697018110,200,10,10.00425,14235.0,13483.0,RED_BASE,support_in_base
EUW1_7697018628,100,9,9.004483333333333,872.0,502.0,BLUE_BASE,support_in_base
EUW1_7697019023,100,6,6.0008,1052.0,515.0,BLUE_BASE,support_in_base
EUW1_7697019609,100,10,10.005233333333333,394.0,461.0,BLUE_BASE,support_in_base
EUW1_7697020563,100,5,5.002083333333333,408.0,569.0,BLUE_BASE,support_in_base
EUW1_7697020563,200,7,7.003266666666667,11639.0,13021.0,RED_BASE,support_in_base
EUW1_7697021204,200,11,11.00405,13854.0,13535.0,RED_BASE,support_in_base
EUW1_7697021572,100,11,11.004816666666667,10019.0,2641.0,BOT_SIDE_NEAR,support_dead_with_xy
EUW1_7697022428,100,7,7.00395,977.0,582.0,BLUE_BASE,support_in_base
EUW1_7697022428,200,7,7.00395,13449.0,12267.0,RED_BASE,support_in_base
EUW1_7697022428,200,9,9.004683333333332,13305.0,1250.0,BOT_LANE_CORE,support_dead_with_xy
EUW1_7697022448,200,5,5.003383333333334,14085.0,13603.0,RED_BASE,support_in_base
EUW1_7697022556,100,6,6.001116666666666,3141.0,1376.0,BLUE_BASE,support_in_base
EUW1_7697022556,100,8,8.001633333333332,626.0,610.0,BLUE_BASE,support_in_base
EUW1_7697022677,200,7,7.00375,14340.0,14391.0,RED_BASE,support_in_base
EUW1_7697023315,100,7,7.003166666666667,10867.0,1049.0,BOT_LANE_CORE,support_dead_with_xy
EUW1_7697023315,200,6,6.003133333333333,8800.0,5774.0,RIVER_BOT,support_dead_with_xy
EUW1_7697023315,200,8,8.00325,7611.0,13397.0,TOP_LANE_CORE,support_dead_with_xy
EUW1_7697023606,100,10,10.005033333333333,3026.0,684.0,BLUE_BASE,support_in_base
EUW1_7697023606,200,7,7.003716666666667,14036.0,11121.0,RED_BASE,support_in_base
EUW1_7697024602,200,7,7.0036,13951.0,12503.0,RED_BASE,support_in_base
EUW1_7697026565,200,8,8.003833333333333,13334.0,11231.0,RED_BASE,support_in_base
EUW1_7697027232,200,6,6.002666666666666,14189.0,14080.0,RED_BASE,support_in_base
EUW1_7697027790,100,9,9.002183333333333,541.0,492.0,BLUE_BASE,support_in_base
EUW1_7697027790,100,11,11.004233333333334,1213.0,690.0,BLUE_BASE,support_in_base
EUW1_7697027790,200,6,6.0011,14182.0,14187.0,RED_BASE,support_in_base
EUW1_7697030989,200,8,8.003716666666667,12373.0,2706.0,BOT_LANE_CORE,support_dead_with_xy
EUW1_7697031832,200,7,7.003916666666667,12926.0,2751.0,BOT_LANE_CORE,support_dead_with_xy
EUW1_7697032500,200,9,9.003416666666666,10630.0,1531.0,BOT_LANE_CORE,support_dead_with_xy
EUW1_7697032645,100,10,10.0041,394.0,461.0,BLUE_BASE,support_in_base
EUW1_7697033585,100,7,7.0013,3498.0,1498.0,BLUE_BASE,support_in_base
EUW1_7697033585,200,8,8.001333333333333,12387.0,13134.0,RED_BASE,support_in_base
EUW1_7697033585,200,11,11.0033,14340.0,14391.0,RED_BASE,support_in_base
EUW1_7697033695,100,6,6.0028,1489.0,1042.0,BLUE_BASE,support_in_base
EUW1_7697034150,100,8,8.0042,11330.0,1845.0,BOT_LANE_CORE,support_dead_with_xy
EUW1_7697034150,100,11,11.0057,1075.0,796.0,BLUE_BASE,support_in_base
EUW1_7697034150,200,8,8.0042,14340.0,14391.0,RED_BASE,support_in_base
EUW1_7697034150,200,10,10.00505,13947.0,7775.0,BOT_LANE_CORE,support_dead_with_xy
EUW1_7697035296,100,9,9.003933333333332,619.0,512.0,BLUE_BASE,support_in_base
EUW1_7697035296,100,11,11.004766666666667,11253.0,1238.0,BOT_LANE_CORE,support_dead_with_xy
EUW1_7697035296,200,8,8.003616666666666,14107.0,13103.0,RED_BASE,support_in_base
EUW1_7697035702,100,6,6.003616666666667,505.0,498.0,BLUE_BASE,support_in_base
EUW1_7697035702,100,10,10.005466666666667,10586.0,1779.0,BOT_LANE_CORE,support_dead_with_xy
EUW1_7697035702,200,6,6.003616666666667,11573.0,1900.0,BOT_LANE_CORE,support_dead_with_xy
EUW1_7697036170,100,7,7.003333333333333,11361.0,7005.0,RED_BOT_JUNGLE,support_dead_with_xy
EUW1_7697036465,200,8,8.003233333333334,14279.0,14119.0,RED_BASE,support_in_base
EUW1_7697040231,100,9,9.0039,1425.0,720.0,BLUE_BASE,support_in_base
EUW1_7697040231,100,11,11.004683333333332,12217.0,1600.0,BOT_LANE_CORE,support_dead_with_xy
EUW1_7697040231,200,6,6.003333333333333,14053.0,13146.0,RED_BASE,support_in_base
EUW1_7697041699,100,6,6.0031,902.0,751.0,BLUE_BASE,support_in_base
EUW1_7697041699,100,9,9.0041,13800.0,3559.0,BOT_LANE_CORE,support_dead_with_xy
EUW1_7697041699,100,11,11.0048,2780.0,1750.0,BLUE_BASE,support_in_base
EUW1_7697042596,100,8,8.003533333333333,705.0,619.0,BLUE_BASE,support_in_base
EUW1_7697042596,200,7,7.003266666666667,14289.0,13941.0,RED_BASE,support_in_base
EUW1_7697042596,200,8,8.003533333333333,14340.0,14391.0,RED_BASE,support_in_base
EUW1_7697042748,100,6,6.00105,10849.0,1029.0,BOT_LANE_CORE,support_dead_with_xy
EUW1_7697042748,100,11,11.0045,3558.0,770.0,BLUE_BASE,support_in_base
EUW1_7697042748,200,6,6.00105,12908.0,1494.0,BOT_LANE_CORE,support_dead_with_xy
EUW1_7697043480,100,6,6.000866666666667,2762.0,770.0,BLUE_BASE,support_in_base
EUW1_7697043480,100,8,8.002883333333333,10082.0,7454.0,RED_BOT_JUNGLE,support_dead_with_xy
EUW1_7697043756,100,11,11.003983333333334,10941.0,961.0,BOT_LANE_CORE,support_dead_with_xy
EUW1_7697044516,200,8,8.00235,13470.0,4593.0,BOT_LANE_CORE,support_dead_with_xy
EUW1_7697045329,200,8,8.003833333333333,14340.0,14391.0,RED_BASE,support_in_base
EUW1_7697045693,100,7,7.003966666666667,741.0,556.0,BLUE_BASE,support_in_base
EUW1_7697045693,200,7,7.003966666666667,12345.0,12102.0,RED_BASE,support_in_base
EUW1_7697045693,200,9,9.004816666666667,13902.0,4735.0,BOT_LANE_CORE,support_dead_with_xy
EUW1_7697046008,100,5,5.003,887.0,391.0,BLUE_BASE,support_in_base
EUW1_7697046008,100,6,6.0035,2832.0,794.0,BLUE_BASE,support_in_base
EUW1_7697046008,200,10,10.004183333333334,13946.0,13812.0,RED_BASE,support_in_base
EUW1_7697046010,100,6,6.0010666666666665,3259.0,1416.0,BLUE_BASE,support_in_base
EUW1_7697046010,200,6,6.0010666666666665,14340.0,14391.0,RED_BASE,support_in_base
EUW1_7697046010,200,8,8.00175,12492.0,12730.0,RED_BASE,support_in_base
EUW1_7697047273,100,7,7.00335,394.0,461.0,BLUE_BASE,support_in_base
EUW1_7697047273,200,11,11.00435,11873.0,2199.0,BOT_LANE_CORE,support_dead_with_xy
EUW1_7697048206,200,7,7.00385,11586.0,6821.0,RED_BOT_JUNGLE,support_dead_with_xy
EUW1_7697049041,100,5,5.003616666666667,1074.0,773.0,BLUE_BASE,support_in_base
EUW1_7697049090,100,7,7.002983333333333,394.0,461.0,BLUE_BASE,support_in_base
EUW1_7697049789,100,8,8.003166666666667,3162.0,915.0,BLUE_BASE,support_in_base
EUW1_7697049789,100,10,10.003333333333334,12946.0,3522.0,BOT_LANE_CORE,support_dead_with_xy
EUW1_7697049789,200,8,8.003166666666667,14289.0,14148.0,RED_BASE,support_in_base
EUW1_7697050316,100,6,6.003533333333333,2497.0,715.0,BLUE_BASE,support_in_base
EUW1_7697050316,100,9,9.00425,394.0,461.0,BLUE_BASE,support_in_base
EUW1_7697050316,200,9,9.00425,14112.0,14109.0,RED_BASE,support_in_base
EUW1_7697050948,100,8,8.004116666666667,2198.0,2336.0,BLUE_BASE,support_in_base
EUW1_7697052699,100,6,6.0008333333333335,394.0,461.0,BLUE_BASE,support_in_base
EUW1_7697052699,100,8,8.001666666666667,6226.0,6894.0,MID_LANE,support_dead_with_xy
EUW1_7697052859,100,9,9.004383333333333,2367.0,1719.0,BLUE_BASE,support_in_base
EUW1_7697052859,100,11,11.004916666666666,1703.0,1300.0,BLUE_BASE,support_in_base
EUW1_7697052859,200,6,6.003133333333333,14340.0,14391.0,RED_BASE,support_in_base
EUW1_7697052859,200,8,8.00415,14340.0,14391.0,RED_BASE,support_in_base
EUW1_7697054057,200,7,7.0016,14102.0,13630.0,RED_BASE,support_in_base
EUW1_7697054075,100,6,6.003666666666667,12389.0,2708.0,BOT_LANE_CORE,support_dead_with_xy
EUW1_7697054075,100,10,10.004766666666667,560.0,536.0,BLUE_BASE,support_in_base
EUW1_7697054409,100,11,11.004,1553.0,1175.0,BLUE_BASE,support_in_base
EUW1_7697054409,200,11,11.004,14146.0,14288.0,RED_BASE,support_in_base
EUW1_7697055007,100,11,11.003983333333334,1783.0,840.0,BLUE_BASE,support_in_base
EUW1_7697055007,200,6,6.002866666666667,13511.0,4005.0,BOT_LANE_CORE,support_dead_with_xy
EUW1_7697055403,100,9,9.0014,2021.0,1372.0,BLUE_BASE,support_in_base
EUW1_7697055403,200,6,6.000783333333334,14622.0,14456.0,RED_BASE,support_in_base
EUW1_7697055591,200,10,10.004166666666666,13903.0,14123.0,RED_BASE,support_in_base
EUW1_7697056445,200,7,7.003116666666667,11879.0,1201.0,BOT_LANE_CORE,support_dead_with_xy
EUW1_7697056445,200,10,10.003766666666667,13763.0,4055.0,BOT_LANE_CORE,support_dead_with_xy
EUW1_7697057075,200,8,8.0035,13799.0,11177.0,RED_BASE,support_in_base
EUW1_7697057090,100,5,5.002466666666667,8421.0,8221.0,MID_LANE,support_dead_with_xy
EUW1_7697057090,200,9,9.004033333333334,14224.0,12794.0,RED_BASE,support_in_base
EUW1_7697057369,100,8,8.003616666666666,974.0,714.0,BLUE_BASE,support_in_base
EUW1_7697057369,100,10,10.00425,3157.0,1742.0,BLUE_BASE,support_in_base
EUW1_7697057369,200,11,11.0047,10747.0,2349.0,BOT_SIDE_NEAR,support_dead_with_xy
EUW1_7697058575,200,7,7.0033666666666665,14340.0,14391.0,RED_BASE,support_in_base
EUW1_7697058575,200,10,10.003683333333333,13361.0,11335.0,RED_BASE,support_in_base
EUW1_7697058704,200,5,5.002433333333333,13691.0,1956.0,BOT_LANE_CORE,support_dead_with_xy
EUW1_7697058704,200,9,9.00345,9671.0,1713.0,BOT_LANE_CORE,support_dead_with_xy
EUW1_7697058704,200,10,10.003583333333333,5834.0,9340.0,RIVER_TOP,support_dead_with_xy
EUW1_7697058704,200,11,11.003833333333333,930.0,11585.0,TOP_LANE_CORE,support_dead_with_xy
EUW1_7697058735,100,5,5.003266666666667,3533.0,985.0,BLUE_BASE,support_in_base
EUW1_7697058735,200,7,7.003683333333333,13250.0,12409.0,RED_BASE,support_in_base
EUW1_7697059340,100,6,6.000983333333333,394.0,461.0,BLUE_BASE,support_in_base
EUW1_7697059340,200,6,6.000983333333333,12670.0,11458.0,RED_BASE,support_in_base
EUW1_7697059340,200,7,7.00145,14235.0,13277.0,RED_BASE,support_in_base
EUW1_7697059894,100,6,6.001266666666667,1704.0,641.0,BLUE_BASE,support_in_base
EUW1_7697059894,100,7,7.001516666666666,10780.0,3278.0,BOT_SIDE_NEAR,support_dead_with_xy
EUW1_7697059894,100,9,9.003733333333333,1907.0,627.0,BLUE_BASE,support_in_base
EUW1_7697059894,200,6,6.001266666666667,14194.0,12827.0,RED_BASE,support_in_base
EUW1_7697059894,200,7,7.001516666666666,12676.0,2671.0,BOT_LANE_CORE,support_dead_with_xy
EUW1_7697059894,200,11,11.0049,13610.0,4767.0,BOT_LANE_CORE,support_dead_with_xy
EUW1_7697060321,100,11,11.00435,914.0,664.0,BLUE_BASE,support_in_base
EUW1_7697060869,100,5,5.0033666666666665,11920.0,2539.0,BOT_SIDE_NEAR,support_dead_with_xy
EUW1_7697060869,100,6,6.003666666666667,8979.0,5832.0,RIVER_BOT,support_dead_with_xy
EUW1_7697060869,200,10,10.005066666666666,13615.0,13954.0,RED_BASE,support_in_base
EUW1_7697061329,100,11,11.005583333333334,10860.0,6671.0,RED_BOT_JUNGLE,support_dead_with_xy
EUW1_7697061329,200,8,8.004216666666666,12641.0,1468.0,BOT_LANE_CORE,support_dead_with_xy
EUW1_7697061552,100,6,6.0018,13540.0,2970.0,BOT_LANE_CORE,support_dead_with_xy
EUW1_7697061552,100,10,10.004083333333334,394.0,461.0,BLUE_BASE,support_in_base
EUW1_7697061903,100,8,8.0035,12788.0,1365.0,BOT_LANE_CORE,support_dead_with_xy
EUW1_7697061903,100,10,10.004316666666666,6374.0,6994.0,MID_LANE,support_dead_with_xy
EUW1_7697061903,200,9,9.004,14032.0,5682.0,BOT_LANE_CORE,support_dead_with_xy
EUW1_7697061903,200,10,10.004316666666666,6963.0,8199.0,MID_LANE,support_dead_with_xy
EUW1_7697062142,100,5,5.001166666666666,732.0,538.0,BLUE_BASE,support_in_base
EUW1_7697062398,200,11,11.00385,13299.0,7932.0,BOT_LANE_CORE,support_dead_with_xy
EUW1_7697062627,100,10,10.004133333333334,7720.0,5551.0,BLUE_BOT_JUNGLE,support_dead_with_xy
EUW1_7697062627,200,5,5.00295,12725.0,12062.0,RED_BASE,support_in_base
EUW1_7697063624,100,5,5.003866666666666,2309.0,706.0,BLUE_BASE,support_in_base
EUW1_7697063624,200,7,7.0043,10110.0,5177.0,DRAGON_AREA,support_dead_with_xy
EUW1_7697063624,200,9,9.00465,14340.0,14391.0,RED_BASE,support_in_base
EUW1_7697063671,100,9,9.005066666666666,10212.0,2924.0,BOT_SIDE_NEAR,support_dead_with_xy
EUW1_7697063671,200,9,9.005066666666666,9926.0,5307.0,DRAGON_AREA,support_dead_with_xy
EUW1_7697063899,100,11,11.004866666666667,461.0,502.0,BLUE_BASE,support_in_base
EUW1_7697063899,200,8,8.003933333333332,14081.0,13610.0,RED_BASE,support_in_base
EUW1_7697064546,200,5,5.002366666666667,13938.0,11409.0,RED_BASE,support_in_base
EUW1_7697064604,200,9,9.0041,13959.0,11785.0,RED_BASE,support_in_base
EUW1_7697064836,100,5,5.002883333333333,6480.0,4502.0,BLUE_BOT_JUNGLE,support_dead_with_xy
EUW1_7697064836,200,7,7.0033666666666665,9716.0,7081.0,RED_BOT_JUNGLE,support_dead_with_xy
EUW1_7697064836,200,11,11.005066666666666,8212.0,844.0,BOT_LANE_CORE,support_dead_with_xy
EUW1_7697065922,100,5,5.001116666666666,394.0,461.0,BLUE_BASE,support_in_base
EUW1_7697065922,100,10,10.001933333333334,12181.0,2109.0,BOT_LANE_CORE,support_dead_with_xy
EUW1_7697065922,200,7,7.001383333333333,12246.0,1415.0,BOT_LANE_CORE,support_dead_with_xy
EUW1_7697065922,200,10,10.001933333333334,12317.0,1775.0,BOT_LANE_CORE,support_dead_with_xy
EUW1_7697066261,100,9,9.00365,3707.0,736.0,BLUE_BASE,support_in_base
EUW1_7697066261,200,5,5.002433333333333,14340.0,14391.0,RED_BASE,support_in_base
EUW1_7697067551,100,7,7.003583333333333,3568.0,960.0,BLUE_BASE,support_in_base
EUW1_7697068133,100,8,8.00345,1585.0,10615.0,TOP_LANE_CORE,support_dead_with_xy
EUW1_7697068133,200,9,9.003483333333334,3300.0,11286.0,TOP_SIDE_NEAR,support_dead_with_xy
EUW1_7697068673,200,8,8.004216666666666,13270.0,12582.0,RED_BASE,support_in_base
EUW1_7697069398,100,11,11.0047,11948.0,4051.0,BOT_SIDE_NEAR,support_dead_with_xy
EUW1_7697069398,200,7,7.0037666666666665,14233.0,13842.0,RED_BASE,support_in_base
EUW1_7697069472,100,8,8.001583333333333,1885.0,2849.0,BLUE_BASE,support_in_base
EUW1_7697069472,100,9,9.003633333333333,7662.0,7030.0,MID_LANE,support_dead_with_xy
EUW1_7697069472,200,11,11.004016666666667,13410.0,3616.0,BOT_LANE_CORE,support_dead_with_xy
EUW1_7697069602,200,6,6.003783333333334,13930.0,12189.0,RED_BASE,support_in_base
EUW1_7697069607,200,11,11.004233333333334,13900.0,11200.0,RED_BASE,support_in_base
EUW1_7697070043,100,6,6.002716666666666,2617.0,802.0,BLUE_BASE,support_in_base
EUW1_7697070043,200,7,7.003216666666667,14054.0,11287.0,RED_BASE,support_in_base
EUW1_7697073140,100,7,7.00315,682.0,513.0,BLUE_BASE,support_in_base
EUW1_7697073140,200,7,7.00315,12820.0,12179.0,RED_BASE,support_in_base
EUW1_7697073589,200,9,9.0046,14337.0,14209.0,RED_BASE,support_in_base
EUW1_7697075932,100,6,6.003683333333333,10873.0,961.0,BOT_LANE_CORE,support_dead_with_xy
EUW1_7697075932,200,8,8.004616666666667,13547.0,11945.0,RED_BASE,support_in_base
EUW1_7697076709,100,5,5.0011,11456.0,1834.0,BOT_LANE_CORE,support_dead_with_xy
EUW1_7697076709,100,7,7.003516666666667,10129.0,1212.0,BOT_LANE_CORE,support_dead_with_xy
EUW1_7697076709,200,6,6.001483333333334,14300.0,14103.0,RED_BASE,support_in_base
EUW1_7697076942,100,6,6.003233333333333,10384.0,1634.0,BOT_LANE_CORE,support_dead_with_xy
EUW1_7697076942,100,10,10.004433333333333,11652.0,7152.0,RED_BOT_JUNGLE,support_dead_with_xy
EUW1_7697076942,200,8,8.004,3503.0,9870.0,TOP_SIDE_NEAR,support_dead_with_xy
EUW1_7697077411,100,6,6.003466666666666,13675.0,3129.0,BOT_LANE_CORE,support_dead_with_xy
EUW1_7697077411,100,8,8.004166666666666,747.0,552.0,BLUE_BASE,support_in_base
EUW1_7697077411,100,11,11.005283333333333,1279.0,1942.0,BLUE_BASE,support_in_base
EUW1_7697077411,200,7,7.003733333333333,14340.0,14391.0,RED_BASE,support_in_base
EUW1_7697077411,200,8,8.004166666666666,12867.0,12682.0,RED_BASE,support_in_base
EUW1_7697078074,200,8,8.00395,11347.0,1189.0,BOT_LANE_CORE,support_dead_with_xy
EUW1_7697078074,200,9,9.003966666666667,8153.0,10292.0,RED_TOP_JUNGLE,support_dead_with_xy
EUW1_7697078074,200,11,11.004716666666667,13915.0,11417.0,RED_BASE,support_in_base
EUW1_7697078080,200,6,6.002683333333334,14340.0,14391.0,RED_BASE,support_in_base
EUW1_7697078080,200,11,11.00415,14241.0,13545.0,RED_BASE,support_in_base
EUW1_7697080889,100,8,8.00365,394.0,461.0,BLUE_BASE,support_in_base
EUW1_7697080889,100,9,9.003716666666667,394.0,461.0,BLUE_BASE,support_in_base
EUW1_7697080889,100,11,11.004383333333333,3187.0,851.0,BLUE_BASE,support_in_base
EUW1_7697080889,200,9,9.003716666666667,8826.0,4986.0,BOT_SIDE_NEAR,support_dead_with_xy
EUW1_7697081763,200,7,7.003183333333333,14145.0,13325.0,RED_BASE,support_in_base
EUW1_7697081763,200,10,10.004083333333334,13952.0,13695.0,RED_BASE,support_in_base
EUW1_7697082321,200,6,6.003433333333334,14337.0,14372.0,RED_BASE,support_in_base
EUW1_7697082321,200,8,8.004483333333333,14340.0,14391.0,RED_BASE,support_in_base
EUW1_7697083476,100,7,7.0038833333333335,1335.0,691.0,BLUE_BASE,support_in_base
EUW1_7697083476,100,9,9.004416666666666,11928.0,4297.0,BOT_SIDE_NEAR,support_dead_with_xy
EUW1_7697083476,200,7,7.0038833333333335,14340.0,14391.0,RED_BASE,support_in_base
EUW1_7697083983,100,9,9.003666666666666,1312.0,826.0,BLUE_BASE,support_in_base
EUW1_7697083983,200,7,7.003066666666666,13651.0,3161.0,BOT_LANE_CORE,support_dead_with_xy
EUW1_7697083983,200,9,9.003666666666666,14031.0,13793.0,RED_BASE,support_in_base
EUW1_7697083983,200,10,10.004083333333334,14063.0,13356.0,RED_BASE,support_in_base
EUW1_7697084836,100,8,8.003783333333333,2617.0,1544.0,BLUE_BASE,support_in_base
EUW1_7697084836,100,10,10.004333333333333,12927.0,4301.0,BOT_SIDE_NEAR,support_dead_with_xy
EUW1_7697084836,200,5,5.002916666666667,9079.0,2054.0,BOT_SIDE_NEAR,support_dead_with_xy
EUW1_7697084956,200,7,7.0029,10341.0,2814.0,BOT_SIDE_NEAR,support_dead_with_xy
EUW1_7697086744,100,11,11.001333333333333,2349.0,2024.0,BLUE_BASE,support_in_base
EUW1_7697086744,200,8,8.001216666666666,12683.0,11383.0,RED_BASE,support_in_base
EUW1_7697087672,100,5,5.0010666666666665,12096.0,2144.0,BOT_LANE_CORE,support_dead_with_xy
EUW1_7697087672,100,6,6.001566666666666,2742.0,759.0,BLUE_BASE,support_in_base
EUW1_7697087672,200,7,7.0034,14340.0,14391.0,RED_BASE,support_in_base
EUW1_7697087709,100,6,6.001116666666666,2204.0,1657.0,BLUE_BASE,support_in_base
EUW1_7697087709,100,7,7.0011833333333335,11314.0,1053.0,BOT_LANE_CORE,support_dead_with_xy
EUW1_7697087709,200,7,7.0011833333333335,11222.0,1789.0,BOT_LANE_CORE,support_dead_with_xy
EUW1_7697089190,100,11,11.004616666666667,13238.0,3690.0,BOT_LANE_CORE,support_dead_with_xy
EUW1_7697090200,100,5,5.003166666666667,3079.0,691.0,BLUE_BASE,support_in_base
EUW1_7697091269,100,8,8.003883333333333,1291.0,979.0,BLUE_BASE,support_in_base
EUW1_7697091547,100,10,10.00435,1503.0,691.0,BLUE_BASE,support_in_base
EUW1_7697092318,200,8,8.004333333333333,14340.0,14391.0,RED_BASE,support_in_base
EUW1_7697092795,100,7,7.0031,11104.0,946.0,BOT_LANE_CORE,support_dead_with_xy
EUW1_7697092795,100,9,9.003583333333333,10702.0,1204.0,BOT_LANE_CORE,support_dead_with_xy
EUW1_7697092795,100,11,11.004116666666667,10006.0,876.0,BOT_LANE_CORE,support_dead_with_xy
EUW1_7697092795,200,10,10.003733333333333,14340.0,14391.0,RED_BASE,support_in_base
EUW1_7697094649,100,9,9.0043,9346.0,2204.0,BOT_SIDE_NEAR,support_dead_with_xy
EUW1_7697094649,200,7,7.003333333333333,14229.0,14157.0,RED_BASE,support_in_base
EUW1_7697094649,200,8,8.003783333333333,13779.0,11144.0,RED_BASE,support_in_base
EUW1_7697094649,200,9,9.0043,9989.0,2360.0,BOT_SIDE_NEAR,support_dead_with_xy
EUW1_7697095232,100,9,9.004233333333334,2363.0,731.0,BLUE_BASE,support_in_base
EUW1_7697095745,100,11,11.00465,394.0,461.0,BLUE_BASE,support_in_base
EUW1_7697095745,200,11,11.00465,14182.0,14075.0,RED_BASE,support_in_base
EUW1_7697096818,200,5,5.000616666666667,14210.0,13282.0,RED_BASE,support_in_base
EUW1_7697096818,200,7,7.003066666666666,13221.0,12507.0,RED_BASE,support_in_base
EUW1_7697097986,100,7,7.003783333333334,2714.0,646.0,BLUE_BASE,support_in_base
EUW1_7697097986,100,9,9.00445,3444.0,813.0,BLUE_BASE,support_in_base
EUW1_7697097986,200,9,9.00445,14340.0,14391.0,RED_BASE,support_in_base
EUW1_7697098697,100,7,7.003966666666667,11593.0,5620.0,BOT_SIDE_NEAR,support_dead_with_xy
EUW1_7697098757,100,10,10.001866666666666,11024.0,1756.0,BOT_LANE_CORE,support_dead_with_xy
EUW1_7697098757,200,10,10.001866666666666,12931.0,2735.0,BOT_LANE_CORE,support_dead_with_xy
EUW1_7697098757,200,11,11.003766666666667,13110.0,4118.0,BOT_LANE_CORE,support_dead_with_xy
EUW1_7697098831,100,9,9.004433333333333,11490.0,978.0,BOT_LANE_CORE,support_dead_with_xy
EUW1_7697098831,200,9,9.004433333333333,11452.0,1467.0,BOT_LANE_CORE,support_dead_with_xy
EUW1_7697099625,100,6,6.001166666666666,258.0,437.0,BLUE_BASE,support_in_base
EUW1_7697099625,100,8,8.003216666666667,3220.0,709.0,BLUE_BASE,support_in_base
EUW1_7697099625,100,9,9.00365,10332.0,1330.0,BOT_LANE_CORE,support_dead_with_xy
EUW1_7697099625,100,10,10.004016666666667,10989.0,1276.0,BOT_LANE_CORE,support_dead_with_xy
EUW1_7697099625,200,6,6.001166666666666,12793.0,13030.0,RED_BASE,support_in_base
EUW1_7697099858,100,5,5.002833333333333,3724.0,876.0,BLUE_BASE,support_in_base
EUW1_7697099858,100,8,8.003516666666666,10101.0,1639.0,BOT_LANE_CORE,support_dead_with_xy
EUW1_7697099858,100,10,10.0039,10390.0,1458.0,BOT_LANE_CORE,support_dead_with_xy
EUW1_7697099858,200,10,10.0039,14340.0,14391.0,RED_BASE,support_in_base
EUW1_7697101351,100,9,9.0039,975.0,571.0,BLUE_BASE,support_in_base
EUW1_7697101803,100,11,11.0041,394.0,461.0,BLUE_BASE,support_in_base
EUW1_7697101803,200,11,11.0041,12685.0,12019.0,RED_BASE,support_in_base
EUW1_7697104049,100,9,9.005066666666666,2284.0,628.0,BLUE_BASE,support_in_base
EUW1_7697104049,100,10,10.005283333333333,394.0,461.0,BLUE_BASE,support_in_base
EUW1_7697104049,200,7,7.0045166666666665,14274.0,13401.0,RED_BASE,support_in_base
EUW1_7697104799,100,5,5.00245,394.0,461.0,BLUE_BASE,support_in_base
EUW1_7697104799,100,7,7.0031,3430.0,1804.0,BLUE_BASE,support_in_base
EUW1_7697104799,200,9,9.003766666666667,12430.0,2724.0,BOT_LANE_CORE,support_dead_with_xy
EUW1_7697105257,100,5,5.000866666666667,11830.0,1065.0,BOT_LANE_CORE,support_dead_with_xy
EUW1_7697105257,200,10,10.0044,13362.0,6342.0,BOT_LANE_CORE,support_dead_with_xy
EUW1_7697105562,200,7,7.001716666666667,14340.0,14391.0,RED_BASE,support_in_base
EUW1_7697105709,100,7,7.003833333333334,12446.0,2780.0,BOT_LANE_CORE,support_dead_with_xy
EUW1_7697105846,100,9,9.0036,7293.0,6753.0,MID_LANE,support_dead_with_xy
EUW1_7697106213,100,10,10.005133333333333,11641.0,1388.0,BOT_LANE_CORE,support_dead_with_xy
EUW1_7697106213,200,8,8.004183333333334,14108.0,13713.0,RED_BASE,support_in_base
EUW1_7697106213,200,9,9.004683333333332,13934.0,11778.0,RED_BASE,support_in_base
EUW1_7697106293,100,10,10.0045,3042.0,2438.0,BLUE_BASE,support_in_base
EUW1_7697106293,200,9,9.00445,14060.0,11187.0,RED_BASE,support_in_base
EUW1_7697107095,100,10,10.0048,12741.0,4373.0,BOT_SIDE_NEAR,support_dead_with_xy
EUW1_7697107095,200,7,7.0035,13950.0,11079.0,RED_BASE,support_in_base
EUW1_7697108729,100,8,8.00325,994.0,565.0,BLUE_BASE,support_in_base
EUW1_7697108729,200,9,9.0033,4013.0,11725.0,TOP_SIDE_NEAR,support_dead_with_xy
EUW1_7697109630,200,7,7.003533333333333,13126.0,2428.0,BOT_LANE_CORE,support_dead_with_xy
EUW1_7697110278,100,11,11.0043,603.0,524.0,BLUE_BASE,support_in_base
EUW1_7697110278,200,6,6.002716666666666,14187.0,13689.0,RED_BASE,support_in_base
EUW1_7697111222,200,8,8.00365,12748.0,2078.0,BOT_LANE_CORE,support_dead_with_xy
EUW1_7697111222,200,10,10.004383333333333,14340.0,14391.0,RED_BASE,support_in_base
EUW1_7697112499,200,8,8.004133333333334,14124.0,13647.0,RED_BASE,support_in_base
EUW1_7697112499,200,9,9.004566666666667,14340.0,14391.0,RED_BASE,support_in_base
EUW1_7697112499,200,11,11.005416666666667,14340.0,14391.0,RED_BASE,support_in_base
EUW1_7697113500,100,9,9.003883333333333,5004.0,13033.0,TOP_SIDE_NEAR,support_dead_with_xy
EUW1_7697113500,200,7,7.003833333333334,14145.0,14368.0,RED_BASE,support_in_base
EUW1_7697113500,200,8,8.00385,14340.0,14391.0,RED_BASE,support_in_base
EUW1_7697115411,100,5,5.0031,394.0,461.0,BLUE_BASE,support_in_base
EUW1_7697115411,100,8,8.004383333333333,14042.0,6774.0,BOT_LANE_CORE,support_dead_with_xy
EUW1_7697115411,100,10,10.0049,12798.0,1931.0,BOT_LANE_CORE,support_dead_with_xy
EUW1_7697115411,100,11,11.00525,7512.0,5868.0,BLUE_BOT_JUNGLE,support_dead_with_xy
EUW1_7697116587,100,5,5.002766666666667,1439.0,559.0,BLUE_BASE,support_in_base
EUW1_7697116587,200,7,7.003666666666667,12754.0,4177.0,BOT_SIDE_NEAR,support_dead_with_xy
EUW1_7697116907,100,6,6.0010666666666665,12188.0,2049.0,BOT_LANE_CORE,support_dead_with_xy
EUW1_7697116907,100,7,7.001483333333334,7639.0,5150.0,BLUE_BOT_JUNGLE,support_dead_with_xy
EUW1_7697116907,200,8,8.0017,14309.0,13937.0,RED_BASE,support_in_base
EUW1_7697118105,100,7,7.003666666666667,1821.0,664.0,BLUE_BASE,support_in_base
EUW1_7697119126,100,6,6.0028,3610.0,734.0,BLUE_BASE,support_in_base
EUW1_7697119126,100,7,7.00315,13201.0,1414.0,BOT_LANE_CORE,support_dead_with_xy
EUW1_7697119126,100,8,8.003316666666667,6948.0,6752.0,MID_LANE,support_dead_with_xy
EUW1_7697120105,100,11,11.0046,1852.0,1186.0,BLUE_BASE,support_in_base
EUW1_7697120619,100,11,11.004,1093.0,705.0,BLUE_BASE,support_in_base
EUW1_7697120729,200,7,7.00345,13279.0,4388.0,BOT_LANE_CORE,support_dead_with_xy
EUW1_7697120729,200,8,8.003516666666666,14028.0,12564.0,RED_BASE,support_in_base
EUW1_7697121333,100,9,9.004516666666667,12758.0,2992.0,BOT_LANE_CORE,support_dead_with_xy
EUW1_7697121555,100,8,8.00435,1934.0,1906.0,BLUE_BASE,support_in_base
EUW1_7697122047,100,9,9.00365,10632.0,1424.0,BOT_LANE_CORE,support_dead_with_xy
EUW1_7697122581,200,8,8.0039,13625.0,3031.0,BOT_LANE_CORE,support_dead_with_xy
EUW1_7697123327,100,11,11.003933333333332,10529.0,3135.0,BOT_SIDE_NEAR,support_dead_with_xy
EUW1_7697123327,200,8,8.001533333333333,14066.0,13546.0,RED_BASE,support_in_base
EUW1_7697125334,100,9,9.003566666666666,2343.0,1494.0,BLUE_BASE,support_in_base
EUW1_7697125334,100,11,11.003916666666667,1237.0,651.0,BLUE_BASE,support_in_base
EUW1_7697125413,100,9,9.002116666666666,10202.0,1721.0,BOT_LANE_CORE,support_dead_with_xy
EUW1_7697125413,100,11,11.004066666666667,531.0,533.0,BLUE_BASE,support_in_base
EUW1_7697126209,100,11,11.004183333333334,10042.0,894.0,BOT_LANE_CORE,support_dead_with_xy
EUW1_7697127627,100,11,11.004533333333333,2971.0,928.0,BLUE_BASE,support_in_base
EUW1_7697129207,100,9,9.004133333333334,1176.0,688.0,BLUE_BASE,support_in_base
EUW1_7697129207,100,11,11.004633333333333,394.0,461.0,BLUE_BASE,support_in_base
EUW1_7697129207,200,7,7.003566666666667,14260.0,14223.0,RED_BASE,support_in_base
EUW1_7697130139,100,7,7.0041166666666665,394.0,461.0,BLUE_BASE,support_in_base
EUW1_7697130872,100,9,9.00355,6137.0,7566.0,MID_LANE,support_dead_with_xy
EUW1_7697130872,100,10,10.003616666666666,10308.0,839.0,BOT_LANE_CORE,support_dead_with_xy
EUW1_7697130872,200,11,11.003933333333332,10401.0,5560.0,BOT_SIDE_NEAR,support_dead_with_xy
EUW1_7697131075,100,6,6.001216666666667,424.0,478.0,BLUE_BASE,support_in_base
EUW1_7697134371,100,8,8.004166666666666,724.0,1074.0,BLUE_BASE,support_in_base
EUW1_7697134411,100,7,7.003383333333334,7161.0,1338.0,BOT_LANE_CORE,support_dead_with_xy
EUW1_7697134411,100,10,10.0046,3246.0,712.0,BLUE_BASE,support_in_base
EUW1_7697134411,200,7,7.003383333333334,11842.0,13502.0,RED_BASE,support_in_base
EUW1_7697134559,200,5,5.003183333333333,13979.0,11274.0,RED_BASE,support_in_base
EUW1_7697134559,200,9,9.0047,14170.0,13579.0,RED_BASE,support_in_base
EUW1_7697135722,200,8,8.001016666666667,14340.0,14391.0,RED_BASE,support_in_base
EUW1_7697135722,200,9,9.001333333333333,13847.0,14065.0,RED_BASE,support_in_base
EUW1_7697136618,200,8,8.002266666666667,13843.0,3469.0,BOT_LANE_CORE,support_dead_with_xy
EUW1_7697141358,100,9,9.003816666666667,13615.0,5837.0,BOT_LANE_CORE,support_dead_with_xy
EUW1_7697141358,200,6,6.001616666666667,13960.0,13501.0,RED_BASE,support_in_base
EUW1_7697141358,200,9,9.003816666666667,14622.0,14506.0,RED_BASE,support_in_base
EUW1_7697141800,100,9,9.00385,948.0,578.0,BLUE_BASE,support_in_base
EUW1_7697142465,100,8,8.004416666666666,2349.0,1728.0,BLUE_BASE,support_in_base
EUW1_7697142465,100,10,10.004733333333334,394.0,461.0,BLUE_BASE,support_in_base
EUW1_7697142470,200,9,9.003633333333333,14185.0,14009.0,RED_BASE,support_in_base
EUW1_7697142577,100,7,7.003316666666667,617.0,362.0,BLUE_BASE,support_in_base
EUW1_7697142577,100,8,8.003416666666666,8569.0,5736.0,RIVER_BOT,support_dead_with_xy
EUW1_7697143077,100,6,6.003516666666667,12007.0,3533.0,BOT_SIDE_NEAR,support_dead_with_xy
EUW1_7697143077,100,9,9.004183333333334,12338.0,1414.0,BOT_LANE_CORE,support_dead_with_xy
EUW1_7697143077,200,6,6.003516666666667,14130.0,12374.0,RED_BASE,support_in_base
EUW1_7697143077,200,10,10.00425,13875.0,11002.0,RED_BASE,support_in_base
EUW1_7697146086,100,10,10.003483333333334,2906.0,890.0,BLUE_BASE,support_in_base
EUW1_7697146086,200,6,6.00295,14340.0,14391.0,RED_BASE,support_in_base
EUW1_7697146086,200,7,7.002983333333333,12952.0,11576.0,RED_BASE,support_in_base
EUW1_7697146086,200,11,11.003816666666667,13894.0,4041.0,BOT_LANE_CORE,support_dead_with_xy
EUW1_7697146156,100,7,7.003433333333334,3341.0,999.0,BLUE_BASE,support_in_base
EUW1_7697146156,100,9,9.004,13351.0,5525.0,BOT_LANE_CORE,support_dead_with_xy
EUW1_7697146156,200,10,10.004533333333333,13987.0,11667.0,RED_BASE,support_in_base
EUW1_7697147567,200,7,7.001633333333333,12457.0,11833.0,RED_BASE,support_in_base
EUW1_7697147831,100,9,9.004566666666667,13614.0,3361.0,BOT_LANE_CORE,support_dead_with_xy
EUW1_7697147831,200,9,9.004566666666667,13358.0,4493.0,BOT_LANE_CORE,support_dead_with_xy
EUW1_7697147831,200,11,11.005333333333333,14018.0,11599.0,RED_BASE,support_in_base
EUW1_7697148542,200,8,8.004016666666667,13246.0,4141.0,BOT_LANE_CORE,support_dead_with_xy
EUW1_7697148575,200,10,10.004216666666666,14226.0,13769.0,RED_BASE,support_in_base
EUW1_7697149260,100,8,8.004283333333333,13987.0,5710.0,BOT_LANE_CORE,support_dead_with_xy
EUW1_7697149260,200,8,8.004283333333333,14010.0,5621.0,BOT_LANE_CORE,support_dead_with_xy
EUW1_7697149496,100,9,9.00375,1257.0,707.0,BLUE_BASE,support_in_base
EUW1_7697151496,100,8,8.003666666666666,371.0,468.0,BLUE_BASE,support_in_base
EUW1_7697151496,100,10,10.0042,626.0,552.0,BLUE_BASE,support_in_base
EUW1_7697151496,200,10,10.0042,13975.0,13504.0,RED_BASE,support_in_base
EUW1_7697151522,100,10,10.004316666666666,10726.0,1005.0,BOT_LANE_CORE,support_dead_with_xy
EUW1_7697152075,100,7,7.0030833333333335,10780.0,2125.0,BOT_SIDE_NEAR,support_dead_with_xy
EUW1_7697152075,200,6,6.002666666666666,14008.0,12875.0,RED_BASE,support_in_base
EUW1_7697152075,200,10,10.004616666666667,13460.0,12914.0,RED_BASE,support_in_base
EUW1_7697152313,100,9,9.003316666666667,2457.0,11380.0,TOP_SIDE_NEAR,support_dead_with_xy
EUW1_7697152313,200,11,11.0041,11277.0,1676.0,BOT_LANE_CORE,support_dead_with_xy
EUW1_7697152322,200,10,10.00415,3855.0,11775.0,TOP_SIDE_NEAR,support_dead_with_xy
EUW1_7697152402,100,5,5.001133333333334,12796.0,1316.0,BOT_LANE_CORE,support_dead_with_xy
EUW1_7697152402,200,8,8.00145,14055.0,12787.0,RED_BASE,support_in_base
EUW1_7697152402,200,11,11.00425,14213.0,14171.0,RED_BASE,support_in_base
EUW1_7697152773,100,7,7.002366666666667,787.0,1192.0,BLUE_BASE,support_in_base
EUW1_7697152773,100,10,10.003233333333334,10776.0,4748.0,BOT_SIDE_NEAR,support_dead_with_xy
EUW1_7697153180,100,6,6.00055,420.0,468.0,BLUE_BASE,support_in_base
EUW1_7697153536,200,6,6.003233333333333,14207.0,13632.0,RED_BASE,support_in_base
EUW1_7697155984,100,11,11.00485,394.0,461.0,BLUE_BASE,support_in_base
EUW1_7697155984,200,5,5.002966666666667,14152.0,12802.0,RED_BASE,support_in_base
EUW1_7697157061,200,8,8.003766666666667,14161.0,12925.0,RED_BASE,support_in_base
EUW1_7697157061,200,10,10.004033333333334,14340.0,14391.0,RED_BASE,support_in_base
EUW1_7697157249,100,11,11.005483333333334,2859.0,620.0,BLUE_BASE,support_in_base
EUW1_7697157637,200,8,8.003966666666667,13983.0,13573.0,RED_BASE,support_in_base
EUW1_7697157844,100,7,7.0035,1791.0,738.0,BLUE_BASE,support_in_base
EUW1_7697160003,200,10,10.004316666666666,14225.0,13778.0,RED_BASE,support_in_base
EUW1_7697160593,100,10,10.0027,8465.0,970.0,BOT_LANE_CORE,support_dead_with_xy
EUW1_7697162040,100,11,11.003733333333333,1103.0,624.0,BLUE_BASE,support_in_base
EUW1_7697162040,200,8,8.0032,14340.0,14391.0,RED_BASE,support_in_base
EUW1_7697162040,200,11,11.003733333333333,11055.0,4122.0,BOT_SIDE_NEAR,support_dead_with_xy
EUW1_7697162570,200,10,10.00205,14340.0,14391.0,RED_BASE,support_in_base
EUW1_7697162570,200,11,11.004083333333334,12984.0,3294.0,BOT_LANE_CORE,support_dead_with_xy
EUW1_7697163330,100,6,6.000866666666667,1275.0,761.0,BLUE_BASE,support_in_base
EUW1_7697163330,100,8,8.001566666666667,475.0,535.0,BLUE_BASE,support_in_base
EUW1_7697163330,200,8,8.001566666666667,14340.0,14391.0,RED_BASE,support_in_base
EUW1_7697163330,200,9,9.00345,14340.0,14391.0,RED_BASE,support_in_base
EUW1_7697163330,200,10,10.003533333333333,13388.0,4945.0,BOT_LANE_CORE,support_dead_with_xy
EUW1_7697163382,100,7,7.00155,1128.0,621.0,BLUE_BASE,support_in_base
EUW1_7697163382,200,5,5.001016666666667,13387.0,4533.0,BOT_LANE_CORE,support_dead_with_xy
EUW1_7697163382,200,10,10.002666666666666,12695.0,1695.0,BOT_LANE_CORE,support_dead_with_xy
EUW1_7697163946,100,8,8.004033333333334,645.0,679.0,BLUE_BASE,support_in_base
EUW1_7697164207,200,10,10.0043,10058.0,5999.0,BOT_SIDE_NEAR,support_dead_with_xy
EUW1_7697164737,200,5,5.0011833333333335,13360.0,11126.0,RED_BASE,support_in_base
EUW1_7697164737,200,6,6.00125,8432.0,5256.0,BLUE_BOT_JUNGLE,support_dead_with_xy
EUW1_7697167329,200,9,9.0035,13590.0,3945.0,BOT_LANE_CORE,support_dead_with_xy
EUW1_7697168303,200,6,6.001933333333334,10508.0,6265.0,RED_BOT_JUNGLE,support_dead_with_xy
EUW1_7697169180,100,11,11.004333333333333,6433.0,6857.0,MID_LANE,support_dead_with_xy
EUW1_7697169180,200,8,8.001633333333332,14160.0,13041.0,RED_BASE,support_in_base
EUW1_7697169752,100,9,9.00405,11970.0,4489.0,BOT_SIDE_NEAR,support_dead_with_xy
EUW1_7697169752,100,11,11.004216666666666,10526.0,1476.0,BOT_LANE_CORE,support_dead_with_xy
EUW1_7697169752,200,5,5.002916666666667,14133.0,12585.0,RED_BASE,support_in_base
EUW1_7697170014,100,8,8.003733333333333,1807.0,893.0,BLUE_BASE,support_in_base
EUW1_7697170772,100,8,8.0037,394.0,461.0,BLUE_BASE,support_in_base
EUW1_7697170772,200,11,11.004133333333334,11339.0,1924.0,BOT_LANE_CORE,support_dead_with_xy
EUW1_7697171187,200,5,5.002683333333334,13329.0,12649.0,RED_BASE,support_in_base
EUW1_7697171187,200,9,9.004466666666668,13692.0,3261.0,BOT_LANE_CORE,support_dead_with_xy
EUW1_7697171250,100,11,11.005133333333333,10573.0,868.0,BOT_LANE_CORE,support_dead_with_xy
EUW1_7697171250,200,6,6.0036,14340.0,14391.0,RED_BASE,support_in_base
EUW1_7697171584,100,7,7.003833333333334,394.0,461.0,BLUE_BASE,support_in_base
EUW1_7697171584,100,10,10.004916666666666,12776.0,1634.0,BOT_LANE_CORE,support_dead_with_xy
EUW1_7697171584,100,11,11.005433333333333,5849.0,6642.0,MID_LANE,support_dead_with_xy
EUW1_7697173050,100,7,7.00355,1343.0,1143.0,BLUE_BASE,support_in_base
EUW1_7697173050,200,11,11.004566666666667,13541.0,13943.0,RED_BASE,support_in_base
EUW1_7697174086,200,10,10.004066666666667,14340.0,14391.0,RED_BASE,support_in_base
EUW1_7697174423,100,8,8.0037,1565.0,1058.0,BLUE_BASE,support_in_base
EUW1_7697174423,200,10,10.00435,10295.0,3055.0,BOT_SIDE_NEAR,support_dead_with_xy
EUW1_7697175332,100,8,8.00545,3234.0,671.0,BLUE_BASE,support_in_base
EUW1_7697175332,100,10,10.005983333333333,3513.0,761.0,BLUE_BASE,support_in_base
EUW1_7697175650,100,11,11.004633333333333,2917.0,688.0,BLUE_BASE,support_in_base
EUW1_7697176252,100,6,6.003133333333333,3334.0,746.0,BLUE_BASE,support_in_base
EUW1_7697176252,100,9,9.0045,6266.0,6512.0,MID_LANE,support_dead_with_xy
EUW1_7697176252,200,10,10.00455,13588.0,14062.0,RED_BASE,support_in_base
EUW1_7697177520,100,9,9.004216666666666,394.0,461.0,BLUE_BASE,support_in_base
EUW1_7697177520,100,10,10.004733333333334,6036.0,3360.0,BLUE_BOT_JUNGLE,support_dead_with_xy
EUW1_7697177520,200,6,6.002916666666667,14264.0,13449.0,RED_BASE,support_in_base
EUW1_7697177520,200,9,9.004216666666666,12962.0,12238.0,RED_BASE,support_in_base
EUW1_7697178146,100,7,7.00325,394.0,461.0,BLUE_BASE,support_in_base
EUW1_7697178146,200,6,6.002883333333333,13543.0,4992.0,BOT_LANE_CORE,support_dead_with_xy
EUW1_7697178146,200,11,11.004283333333333,14340.0,14391.0,RED_BASE,support_in_base
EUW1_7697178722,100,6,6.003533333333333,3022.0,2050.0,BLUE_BASE,support_in_base
EUW1_7697180327,100,11,11.005066666666666,1567.0,721.0,BLUE_BASE,support_in_base
EUW1_7697180857,100,9,9.0045,1148.0,717.0,BLUE_BASE,support_in_base
EUW1_7697180857,100,11,11.005383333333333,13048.0,1917.0,BOT_LANE_CORE,support_dead_with_xy
EUW1_7697181071,100,10,10.004066666666667,1335.0,717.0,BLUE_BASE,support_in_base
EUW1_7697181071,200,5,5.002916666666667,13833.0,10982.0,RED_BASE,support_in_base
EUW1_7697181071,200,7,7.003616666666667,13216.0,3421.0,BOT_LANE_CORE,support_dead_with_xy
EUW1_7697181071,200,9,9.00405,11018.0,1838.0,BOT_LANE_CORE,support_dead_with_xy
EUW1_7697182314,100,5,5.002483333333333,13403.0,4906.0,BOT_LANE_CORE,support_dead_with_xy
EUW1_7697182314,100,9,9.00395,2339.0,1463.0,BLUE_BASE,support_in_base
EUW1_7697182314,200,10,10.004516666666667,13536.0,3066.0,BOT_LANE_CORE,support_dead_with_xy
EUW1_7697182563,100,5,5.0029,3139.0,890.0,BLUE_BASE,support_in_base
EUW1_7697182563,200,5,5.0029,13639.0,13306.0,RED_BASE,support_in_base
EUW1_7697182563,200,8,8.003566666666666,11901.0,2084.0,BOT_LANE_CORE,support_dead_with_xy
EUW1_7697182563,200,9,9.004116666666667,9964.0,4124.0,DRAGON_AREA,support_dead_with_xy
EUW1_7697183513,100,9,9.003816666666667,1591.0,781.0,BLUE_BASE,support_in_base
EUW1_7697183719,100,8,8.003333333333334,394.0,461.0,BLUE_BASE,support_in_base
EUW1_7697183918,200,9,9.001316666666666,13492.0,4138.0,BOT_LANE_CORE,support_dead_with_xy
EUW1_7697185083,100,7,7.0030166666666664,13658.0,2844.0,BOT_LANE_CORE,support_dead_with_xy
EUW1_7697185083,200,7,7.0030166666666664,12892.0,3257.0,BOT_LANE_CORE,support_dead_with_xy
EUW1_7697185865,200,11,11.0056,1162.0,11972.0,TOP_LANE_CORE,support_dead_with_xy
EUW1_7697186625,100,5,5.0011,12061.0,1707.0,BOT_LANE_CORE,support_dead_with_xy
EUW1_7697186625,100,8,8.0017,1015.0,520.0,BLUE_BASE,support_in_base
EUW1_7697186625,200,9,9.00385,10957.0,1959.0,BOT_LANE_CORE,support_dead_with_xy
EUW1_7697186625,200,11,11.004633333333333,8333.0,2051.0,BLUE_BOT_JUNGLE,support_dead_with_xy
EUW1_7697187251,100,9,9.003533333333333,10780.0,902.0,BOT_LANE_CORE,support_dead_with_xy
EUW1_7697187251,200,6,6.0023333333333335,12604.0,11992.0,RED_BASE,support_in_base
EUW1_7697187251,200,7,7.0027333333333335,8048.0,7518.0,MID_LANE,support_dead_with_xy
EUW1_7697187251,200,9,9.003533333333333,10341.0,1592.0,BOT_LANE_CORE,support_dead_with_xy
EUW1_7697188643,200,7,7.003266666666667,13614.0,3679.0,BOT_LANE_CORE,support_dead_with_xy
EUW1_7697189364,100,10,10.004433333333333,12144.0,1210.0,BOT_LANE_CORE,support_dead_with_xy
EUW1_7697189364,200,7,7.003916666666667,14340.0,14391.0,RED_BASE,support_in_base
EUW1_7697189364,200,10,10.004433333333333,13492.0,12243.0,RED_BASE,support_in_base
EUW1_7697189536,100,6,6.00335,394.0,461.0,BLUE_BASE,support_in_base
EUW1_7697190864,100,8,8.0046,1095.0,521.0,BLUE_BASE,support_in_base
EUW1_7697190864,200,8,8.0046,14340.0,14391.0,RED_BASE,support_in_base
EUW1_7697190864,200,11,11.005933333333333,13215.0,2810.0,BOT_LANE_CORE,support_dead_with_xy
EUW1_7697191138,100,9,9.003416666666666,1560.0,588.0,BLUE_BASE,support_in_base
EUW1_7697191240,100,5,5.00335,394.0,461.0,BLUE_BASE,support_in_base
EUW1_7697191240,200,8,8.0042,13960.0,13612.0,RED_BASE,support_in_base
EUW1_7697191522,100,8,8.004,2768.0,2157.0,BLUE_BASE,support_in_base
EUW1_7697191522,200,5,5.0033,14616.0,14134.0,RED_BASE,support_in_base
EUW1_7697191530,100,10,10.004016666666667,9998.0,1379.0,BOT_LANE_CORE,support_dead_with_xy
EUW1_7697191530,200,7,7.00125,11433.0,1449.0,BOT_LANE_CORE,support_dead_with_xy
EUW1_7697191530,200,9,9.003833333333333,12857.0,2521.0,BOT_LANE_CORE,support_dead_with_xy
EUW1_7697192644,100,10,10.004183333333334,394.0,461.0,BLUE_BASE,support_in_base
EUW1_7697192660,200,11,11.005,14029.0,13826.0,RED_BASE,support_in_base
EUW1_7697193783,100,6,6.0030833333333335,621.0,481.0,BLUE_BASE,support_in_base
EUW1_7697194515,100,8,8.001633333333332,394.0,461.0,BLUE_BASE,support_in_base
EUW1_7697195352,100,5,5.001033333333333,3736.0,865.0,BLUE_BASE,support_in_base
EUW1_7697195352,200,8,8.003883333333333,13425.0,12047.0,RED_BASE,support_in_base
EUW1_7697195352,200,10,10.004233333333334,12858.0,13293.0,RED_BASE,support_in_base
EUW1_7697196331,100,7,7.001683333333333,394.0,461.0,BLUE_BASE,support_in_base
EUW1_7697196331,200,9,9.003816666666667,7671.0,12007.0,RED_TOP_JUNGLE,support_dead_with_xy
EUW1_7697196389,200,5,5.002983333333333,12941.0,4020.0,BOT_SIDE_NEAR,support_dead_with_xy
EUW1_7697196514,100,10,10.005083333333333,751.0,491.0,BLUE_BASE,support_in_base
EUW1_7697197967,200,9,9.00455,8561.0,7254.0,MID_LANE,support_dead_with_xy
EUW1_7697197967,200,10,10.00505,14160.0,13500.0,RED_BASE,support_in_base
EUW1_7697198453,200,7,7.001383333333333,13481.0,11770.0,RED_BASE,support_in_base
EUW1_7697198713,200,8,8.004366666666666,13297.0,3960.0,BOT_LANE_CORE,support_dead_with_xy
EUW1_7697198946,100,10,10.005016666666666,3293.0,917.0,BLUE_BASE,support_in_base
EUW1_7697198946,200,11,11.005083333333333,13823.0,12950.0,RED_BASE,support_in_base
EUW1_7697199149,200,7,7.003733333333333,14340.0,14391.0,RED_BASE,support_in_base
EUW1_7697199149,200,9,9.004416666666666,9614.0,7530.0,RED_BOT_JUNGLE,support_dead_with_xy
EUW1_7697199541,100,9,9.004033333333334,894.0,583.0,BLUE_BASE,support_in_base
EUW1_7697200506,100,11,11.005083333333333,1014.0,1533.0,BLUE_BASE,support_in_base
EUW1_7697200506,200,5,5.002983333333333,14137.0,12671.0,RED_BASE,support_in_base
EUW1_7697200506,200,6,6.003416666666666,13783.0,5210.0,BOT_LANE_CORE,support_dead_with_xy
EUW1_7697200562,100,8,8.0015,3356.0,665.0,BLUE_BASE,support_in_base
EUW1_7697203241,100,7,7.00365,13280.0,2705.0,BOT_LANE_CORE,support_dead_with_xy
EUW1_7697203241,200,5,5.003,10090.0,5568.0,BOT_SIDE_NEAR,support_dead_with_xy
EUW1_7697203241,200,8,8.004066666666667,13294.0,3865.0,BOT_LANE_CORE,support_dead_with_xy
EUW1_7697203241,200,11,11.004983333333334,13990.0,11804.0,RED_BASE,support_in_base
EUW1_7697204722,100,7,7.002866666666667,2151.0,670.0,BLUE_BASE,support_in_base
EUW1_7697204722,100,9,9.0034,2607.0,1714.0,BLUE_BASE,support_in_base
EUW1_7697204722,100,10,10.003883333333333,8962.0,5605.0,RIVER_BOT,support_dead_with_xy
EUW1_7697204722,200,7,7.002866666666667,14340.0,14391.0,RED_BASE,support_in_base
EUW1_7697205667,100,5,5.002866666666667,2558.0,696.0,BLUE_BASE,support_in_base
EUW1_7697206679,100,10,10.00235,11460.0,1529.0,BOT_LANE_CORE,support_dead_with_xy
EUW1_7697206679,100,11,11.0025,7497.0,7085.0,MID_LANE,support_dead_with_xy
EUW1_7697206679,200,11,11.0025,8343.0,7710.0,MID_LANE,support_dead_with_xy
EUW1_7697206977,100,5,5.003316666666667,13369.0,2544.0,BOT_LANE_CORE,support_dead_with_xy
EUW1_7697206977,200,9,9.005016666666666,14329.0,14363.0,RED_BASE,support_in_base
EUW1_7697207025,100,9,9.003416666666666,9953.0,828.0,BOT_LANE_CORE,support_dead_with_xy
EUW1_7697207135,100,6,6.003933333333333,394.0,461.0,BLUE_BASE,support_in_base
EUW1_7697209144,200,10,10.004966666666666,13767.0,4090.0,BOT_LANE_CORE,support_dead_with_xy
EUW1_7697209144,200,11,11.005183333333333,13124.0,5691.0,BOT_LANE_CORE,support_dead_with_xy
EUW1_7697209416,100,7,7.003566666666667,3705.0,736.0,BLUE_BASE,support_in_base
EUW1_7697210483,100,11,11.004133333333334,1469.0,947.0,BLUE_BASE,support_in_base
EUW1_7697211384,100,5,5.002683333333334,10576.0,861.0,BOT_LANE_CORE,support_dead_with_xy
EUW1_7697211968,200,9,9.00505,10134.0,1617.0,BOT_LANE_CORE,support_dead_with_xy
EUW1_7697213078,100,6,6.0031,12830.0,1972.0,BOT_LANE_CORE,support_dead_with_xy
EUW1_7697213640,100,5,5.003633333333333,2816.0,765.0,BLUE_BASE,support_in_base
EUW1_7697213640,200,5,5.003633333333333,10595.0,2786.0,BOT_SIDE_NEAR,support_dead_with_xy
EUW1_7697213640,200,9,9.004733333333334,9602.0,1352.0,BOT_LANE_CORE,support_dead_with_xy
EUW1_7697213870,100,10,10.004766666666667,3445.0,1499.0,BLUE_BASE,support_in_base
EUW1_7697213870,200,11,11.005316666666667,14064.0,7201.0,BOT_LANE_CORE,support_dead_with_xy
EUW1_7697213908,100,6,6.003233333333333,394.0,461.0,BLUE_BASE,support_in_base
EUW1_7697213908,100,9,9.004116666666667,2299.0,700.0,BLUE_BASE,support_in_base
EUW1_7697213908,200,5,5.002916666666667,13762.0,3566.0,BOT_LANE_CORE,support_dead_with_xy
EUW1_7697213908,200,11,11.004583333333333,14282.0,13738.0,RED_BASE,support_in_base
EUW1_7697215872,100,8,8.003816666666667,10640.0,890.0,BOT_LANE_CORE,support_dead_with_xy
EUW1_7697215872,200,10,10.004633333333333,13119.0,3257.0,BOT_LANE_CORE,support_dead_with_xy
EUW1_7697216902,200,9,9.003766666666667,11554.0,4062.0,BOT_SIDE_NEAR,support_dead_with_xy
EUW1_7697217487,100,7,7.003966666666667,900.0,601.0,BLUE_BASE,support_in_base
EUW1_7697217487,100,8,8.004383333333333,2926.0,953.0,BLUE_BASE,support_in_base
EUW1_7697217487,200,10,10.005066666666666,14340.0,14391.0,RED_BASE,support_in_base
EUW1_7697217611,100,11,11.00425,1153.0,578.0,BLUE_BASE,support_in_base
EUW1_7697217611,200,6,6.00125,13541.0,12064.0,RED_BASE,support_in_base
EUW1_7697217611,200,7,7.001266666666667,13601.0,2806.0,BOT_LANE_CORE,support_dead_with_xy
EUW1_7697217611,200,11,11.00425,14340.0,14391.0,RED_BASE,support_in_base
EUW1_7697219595,100,6,6.003166666666667,11057.0,3826.0,BOT_SIDE_NEAR,support_dead_with_xy
EUW1_7697219595,100,11,11.004716666666667,11124.0,1168.0,BOT_LANE_CORE,support_dead_with_xy
EUW1_7697219595,200,11,11.004716666666667,11297.0,1918.0,BOT_LANE_CORE,support_dead_with_xy
EUW1_7697219917,100,7,7.0032,1798.0,623.0,BLUE_BASE,support_in_base
EUW1_7697219917,100,11,11.004016666666667,10560.0,1179.0,BOT_LANE_CORE,support_dead_with_xy
EUW1_7697219917,200,10,10.003766666666667,13903.0,11309.0,RED_BASE,support_in_base
EUW1_7697219964,100,7,7.003683333333333,1091.0,577.0,BLUE_BASE,support_in_base
EUW1_7697220102,100,6,6.003683333333333,10240.0,840.0,BOT_LANE_CORE,support_dead_with_xy
EUW1_7697220102,100,11,11.00565,1802.0,681.0,BLUE_BASE,support_in_base
EUW1_7697221899,100,7,7.0030166666666664,12189.0,1267.0,BOT_LANE_CORE,support_dead_with_xy
EUW1_7697222454,100,6,6.003183333333333,2466.0,672.0,BLUE_BASE,support_in_base
EUW1_7697222454,100,9,9.004366666666666,10734.0,2483.0,BOT_SIDE_NEAR,support_dead_with_xy
EUW1_7697222454,200,7,7.003566666666667,11505.0,13417.0,RED_BASE,support_in_base
EUW1_7697222454,200,9,9.004366666666666,10809.0,2564.0,BOT_SIDE_NEAR,support_dead_with_xy
EUW1_7697223133,100,9,9.004316666666666,1752.0,11645.0,TOP_LANE_CORE,support_dead_with_xy
EUW1_7697223133,100,10,10.0044,10991.0,3761.0,BOT_SIDE_NEAR,support_dead_with_xy
EUW1_7697223184,100,6,6.001033333333333,12870.0,2472.0,BOT_LANE_CORE,support_dead_with_xy
EUW1_7697223184,100,11,11.004,8514.0,6191.0,RIVER_BOT,support_dead_with_xy
EUW1_7697223184,200,6,6.001033333333333,13441.0,2343.0,BOT_LANE_CORE,support_dead_with_xy
EUW1_7697223223,100,9,9.004266666666666,3448.0,1475.0,BLUE_BASE,support_in_base
EUW1_7697223503,100,11,11.004583333333333,11160.0,3757.0,BOT_SIDE_NEAR,support_dead_with_xy
EUW1_7697223503,200,11,11.004583333333333,14049.0,12772.0,RED_BASE,support_in_base
EUW1_7697224791,100,9,9.004416666666666,1468.0,1173.0,BLUE_BASE,support_in_base
EUW1_7697225794,200,6,6.003283333333333,12417.0,2709.0,BOT_LANE_CORE,support_dead_with_xy
EUW1_7697225794,200,8,8.003816666666667,14288.0,13484.0,RED_BASE,support_in_base
EUW1_7697225794,200,9,9.004,14161.0,11914.0,RED_BASE,support_in_base
EUW1_7697227458,100,5,5.003683333333333,10639.0,862.0,BOT_LANE_CORE,support_dead_with_xy
EUW1_7697227458,100,10,10.004916666666666,12149.0,2404.0,BOT_LANE_CORE,support_dead_with_xy
EUW1_7697228055,200,8,8.0038,13986.0,12194.0,RED_BASE,support_in_base
EUW1_7697230168,100,11,11.005,5459.0,11279.0,TOP_SIDE_NEAR,support_dead_with_xy
EUW1_7697230168,200,10,10.00455,14340.0,14391.0,RED_BASE,support_in_base
EUW1_7697230168,200,11,11.005,14196.0,13084.0,RED_BASE,support_in_base
EUW1_7697230508,200,5,5.0032,14049.0,11397.0,RED_BASE,support_in_base
EUW1_7697231550,200,10,10.0044,13901.0,4691.0,BOT_LANE_CORE,support_dead_with_xy
EUW1_7697232125,100,6,6.00295,2161.0,901.0,BLUE_BASE,support_in_base
EUW1_7697232125,100,11,11.00505,11394.0,4017.0,BOT_SIDE_NEAR,support_dead_with_xy
EUW1_7697232125,200,10,10.004616666666667,13992.0,12599.0,RED_BASE,support_in_base
EUW1_7697232921,100,9,9.004816666666667,394.0,461.0,BLUE_BASE,support_in_base
EUW1_7697232921,100,11,11.00515,11275.0,1449.0,BOT_LANE_CORE,support_dead_with_xy
EUW1_7697232921,200,9,9.004816666666667,7067.0,9667.0,RED_TOP_JUNGLE,support_dead_with_xy
EUW1_7697233413,100,7,7.003616666666667,12205.0,1199.0,BOT_LANE_CORE,support_dead_with_xy
EUW1_7697233413,100,9,9.004116666666667,3136.0,732.0,BLUE_BASE,support_in_base
EUW1_7697233716,100,6,6.0014,11889.0,1171.0,BOT_LANE_CORE,support_dead_with_xy
EUW1_7697233716,100,11,11.004233333333334,11556.0,974.0,BOT_LANE_CORE,support_dead_with_xy
EUW1_7697233716,200,6,6.0014,11424.0,1000.0,BOT_LANE_CORE,support_dead_with_xy
EUW1_7697234407,200,10,10.0038,8878.0,6902.0,RIVER_BOT,support_dead_with_xy
EUW1_7697235554,100,7,7.003633333333333,2947.0,1787.0,BLUE_BASE,support_in_base
EUW1_7697235554,100,9,9.004233333333334,3770.0,9637.0,TOP_SIDE_NEAR,support_dead_with_xy
EUW1_7697235554,100,11,11.004666666666667,2526.0,631.0,BLUE_BASE,support_in_base
EUW1_7697237529,100,8,8.002166666666668,13143.0,5711.0,BOT_LANE_CORE,support_dead_with_xy
EUW1_7697237529,200,5,5.00115,14350.0,14246.0,RED_BASE,support_in_base
EUW1_7697237529,200,9,9.002183333333333,13021.0,12762.0,RED_BASE,support_in_base
EUW1_7697237922,100,5,5.002466666666667,394.0,461.0,BLUE_BASE,support_in_base
EUW1_7697237922,100,8,8.0036,3328.0,859.0,BLUE_BASE,support_in_base
EUW1_7697237922,200,8,8.0036,14198.0,13541.0,RED_BASE,support_in_base
EUW1_7697238729,100,10,10.004666666666667,1871.0,760.0,BLUE_BASE,support_in_base
EUW1_7697238729,200,6,6.003316666666667,11706.0,6701.0,RED_BOT_JUNGLE,support_dead_with_xy
EUW1_7697238729,200,8,8.00375,7993.0,5699.0,BLUE_BOT_JUNGLE,support_dead_with_xy
EUW1_7697238729,200,11,11.00495,12198.0,3481.0,BOT_SIDE_NEAR,support_dead_with_xy
EUW1_7697239906,100,9,9.00165,11465.0,7664.0,RED_BOT_JUNGLE,support_dead_with_xy
EUW1_7697239906,100,11,11.002083333333333,1240.0,1004.0,BLUE_BASE,support_in_base
EUW1_7697239906,200,7,7.00135,10879.0,934.0,BOT_LANE_CORE,support_dead_with_xy
EUW1_7697239906,200,11,11.002083333333333,14340.0,14391.0,RED_BASE,support_in_base
EUW1_7697240460,100,6,6.003433333333334,12872.0,2864.0,BOT_LANE_CORE,support_dead_with_xy
EUW1_7697240460,200,5,5.0029,14155.0,13309.0,RED_BASE,support_in_base
EUW1_7697241126,100,11,11.005433333333333,1302.0,649.0,BLUE_BASE,support_in_base
EUW1_7697241126,200,11,11.005433333333333,14340.0,14391.0,RED_BASE,support_in_base
EUW1_7697241723,200,5,5.000633333333333,13418.0,12816.0,RED_BASE,support_in_base
EUW1_7697241723,200,11,11.0041,14096.0,14309.0,RED_BASE,support_in_base
EUW1_7697241821,100,5,5.0033,10225.0,897.0,BOT_LANE_CORE,support_dead_with_xy
EUW1_7697241821,100,7,7.003916666666667,394.0,461.0,BLUE_BASE,support_in_base
EUW1_7697241821,100,8,8.004016666666667,10533.0,1621.0,BOT_LANE_CORE,support_dead_with_xy
EUW1_7697241821,200,5,5.0033,14340.0,14391.0,RED_BASE,support_in_base
EUW1_7697243325,200,10,10.004133333333334,14340.0,14391.0,RED_BASE,support_in_base
EUW1_7697243331,100,9,9.003766666666667,2182.0,622.0,BLUE_BASE,support_in_base
EUW1_7697243426,100,11,11.004766666666667,900.0,578.0,BLUE_BASE,support_in_base
EUW1_7697243615,100,10,10.004283333333333,394.0,461.0,BLUE_BASE,support_in_base
EUW1_7697243615,200,10,10.004283333333333,13204.0,3427.0,BOT_LANE_CORE,support_dead_with_xy
EUW1_7697243615,200,11,11.004383333333333,13786.0,12595.0,RED_BASE,support_in_base
EUW1_7697243980,100,6,6.0033,394.0,461.0,BLUE_BASE,support_in_base
EUW1_7697243980,100,10,10.004283333333333,921.0,669.0,BLUE_BASE,support_in_base
EUW1_7697243980,200,6,6.0033,14213.0,14042.0,RED_BASE,support_in_base
EUW1_7697243980,200,10,10.004283333333333,12730.0,11377.0,RED_BASE,support_in_base
EUW1_7697244468,100,8,8.004866666666667,695.0,532.0,BLUE_BASE,support_in_base
EUW1_7697247440,100,9,9.0042,806.0,499.0,BLUE_BASE,support_in_base
EUW1_7697247440,200,10,10.004266666666666,13447.0,12779.0,RED_BASE,support_in_base
EUW1_7697248227,100,5,5.00245,2216.0,657.0,BLUE_BASE,support_in_base
EUW1_7697248408,100,6,6.002966666666667,3013.0,659.0,BLUE_BASE,support_in_base
EUW1_7697248537,100,5,5.0030833333333335,394.0,461.0,BLUE_BASE,support_in_base
EUW1_7697248537,100,10,10.004833333333334,7890.0,1427.0,BOT_LANE_CORE,support_dead_with_xy
EUW1_7697248537,100,11,11.005266666666667,394.0,461.0,BLUE_BASE,support_in_base
EUW1_7697249156,200,5,5.002783333333333,4956.0,13425.0,TOP_LANE_CORE,support_dead_with_xy
EUW1_7697249836,100,6,6.00355,2580.0,1502.0,BLUE_BASE,support_in_base
EUW1_7697249836,100,9,9.004283333333333,1849.0,951.0,BLUE_BASE,support_in_base
EUW1_7697249836,200,7,7.003983333333333,14304.0,13619.0,RED_BASE,support_in_base
EUW1_7697251561,100,9,9.003866666666667,7421.0,4793.0,BLUE_BOT_JUNGLE,support_dead_with_xy
EUW1_7697251561,200,9,9.003866666666667,14340.0,14391.0,RED_BASE,support_in_base
EUW1_7697251561,200,11,11.004366666666666,13381.0,12678.0,RED_BASE,support_in_base
EUW1_7697251944,100,6,6.0014,394.0,461.0,BLUE_BASE,support_in_base
EUW1_7697252650,100,11,11.001733333333334,394.0,461.0,BLUE_BASE,support_in_base
EUW1_7697252650,200,5,5.0011833333333335,14184.0,12743.0,RED_BASE,support_in_base
EUW1_7697252650,200,8,8.001533333333333,14045.0,14109.0,RED_BASE,support_in_base
EUW1_7697252650,200,11,11.001733333333334,12316.0,2333.0,BOT_LANE_CORE,support_dead_with_xy
EUW1_7697253830,200,7,7.003833333333334,10906.0,1200.0,BOT_LANE_CORE,support_dead_with_xy
EUW1_7697254254,100,6,6.003433333333334,3311.0,1422.0,BLUE_BASE,support_in_base
EUW1_7697256108,100,5,5.000816666666666,3356.0,2029.0,BLUE_BASE,support_in_base
EUW1_7697256108,100,7,7.003283333333333,2636.0,1622.0,BLUE_BASE,support_in_base
EUW1_7697256108,200,7,7.003283333333333,12576.0,11979.0,RED_BASE,support_in_base
EUW1_7697256220,100,8,8.004633333333333,3565.0,799.0,BLUE_BASE,support_in_base
EUW1_7697256667,100,5,5.0030833333333335,1242.0,654.0,BLUE_BASE,support_in_base
EUW1_7697256667,100,8,8.00405,13065.0,3949.0,BOT_LANE_CORE,support_dead_with_xy
EUW1_7697256667,100,11,11.005316666666667,10299.0,826.0,BOT_LANE_CORE,support_dead_with_xy
EUW1_7697257504,200,7,7.004,11043.0,1020.0,BOT_LANE_CORE,support_dead_with_xy
EUW1_7697257504,200,10,10.004916666666666,5963.0,13964.0,TOP_LANE_CORE,support_dead_with_xy
EUW1_7697258450,100,11,11.004216666666666,5522.0,6030.0,MID_LANE,support_dead_with_xy
EUW1_7697258450,200,6,6.001733333333333,14180.0,14057.0,RED_BASE,support_in_base
EUW1_7697258450,200,9,9.003866666666667,13522.0,12732.0,RED_BASE,support_in_base
EUW1_7697258879,200,8,8.0033,13857.0,13932.0,RED_BASE,support_in_base
EUW1_7697258879,200,9,9.003433333333334,3344.0,11387.0,TOP_SIDE_NEAR,support_dead_with_xy
EUW1_7697260905,100,5,5.003216666666667,394.0,461.0,BLUE_BASE,support_in_base
EUW1_7697260905,100,11,11.004933333333334,2955.0,2399.0,BLUE_BASE,support_in_base
EUW1_7697260905,200,5,5.003216666666667,14340.0,14391.0,RED_BASE,support_in_base
EUW1_7697260905,200,11,11.004933333333334,14163.0,12652.0,RED_BASE,support_in_base
EUW1_7697261530,100,5,5.0026,394.0,461.0,BLUE_BASE,support_in_base
EUW1_7697261530,200,7,7.002983333333333,14313.0,13845.0,RED_BASE,support_in_base
EUW1_7697261530,200,10,10.004116666666667,11259.0,961.0,BOT_LANE_CORE,support_dead_with_xy
EUW1_7697263725,100,8,8.003433333333334,7558.0,8213.0,MID_LANE,support_dead_with_xy
EUW1_7697263725,100,11,11.00425,394.0,461.0,BLUE_BASE,support_in_base
EUW1_7697263725,200,8,8.003433333333334,7910.0,8674.0,MID_LANE,support_dead_with_xy
EUW1_7697263813,100,11,11.003866666666667,10409.0,1359.0,BOT_LANE_CORE,support_dead_with_xy
EUW1_7697264261,100,5,5.0007,394.0,461.0,BLUE_BASE,support_in_base
EUW1_7697264261,100,6,6.001216666666667,13797.0,6132.0,BOT_LANE_CORE,support_dead_with_xy
EUW1_7697264261,200,8,8.002683333333334,14240.0,12853.0,RED_BASE,support_in_base
EUW1_7697264741,100,9,9.003816666666667,1772.0,11951.0,TOP_LANE_CORE,support_dead_with_xy
EUW1_7697264876,100,5,5.0014,2515.0,811.0,BLUE_BASE,support_in_base
EUW1_7697265045,200,7,7.00375,11320.0,1352.0,BOT_LANE_CORE,support_dead_with_xy
EUW1_7697265045,200,11,11.00525,14050.0,13706.0,RED_BASE,support_in_base
EUW1_7697265684,100,8,8.003966666666667,14019.0,4463.0,BOT_LANE_CORE,support_dead_with_xy
EUW1_7697265684,100,9,9.004266666666666,6211.0,6305.0,MID_LANE,support_dead_with_xy
EUW1_7697265684,200,5,5.0035,13720.0,13313.0,RED_BASE,support_in_base
EUW1_7697265684,200,7,7.00385,12876.0,13472.0,RED_BASE,support_in_base
EUW1_7697265684,200,8,8.003966666666667,4976.0,11503.0,TOP_SIDE_NEAR,support_dead_with_xy
EUW1_7697265684,200,11,11.004783333333334,14340.0,14391.0,RED_BASE,support_in_base
EUW1_7697266046,100,6,6.003166666666667,2380.0,849.0,BLUE_BASE,support_in_base
EUW1_7697266046,200,9,9.00395,13763.0,4352.0,BOT_LANE_CORE,support_dead_with_xy
EUW1_7697266489,100,5,5.002866666666667,3214.0,1805.0,BLUE_BASE,support_in_base
EUW1_7697266536,100,6,6.001566666666666,13056.0,3097.0,BOT_LANE_CORE,support_dead_with_xy
EUW1_7697266536,100,10,10.004683333333332,2448.0,862.0,BLUE_BASE,support_in_base
EUW1_7697266536,200,11,11.00495,14039.0,13847.0,RED_BASE,support_in_base
EUW1_7697266734,200,11,11.0046,14329.0,14312.0,RED_BASE,support_in_base
EUW1_7697267835,200,7,7.003316666666667,13871.0,13302.0,RED_BASE,support_in_base
EUW1_7697268272,100,7,7.002866666666667,12826.0,3121.0,BOT_LANE_CORE,support_dead_with_xy
EUW1_7697268272,200,6,6.000966666666667,13906.0,12162.0,RED_BASE,support_in_base
EUW1_7697269105,100,11,11.0041,10062.0,5723.0,BOT_SIDE_NEAR,support_dead_with_xy
EUW1_7697269768,100,9,9.003616666666666,394.0,462.0,BLUE_BASE,support_in_base
EUW1_7697269867,100,5,5.003266666666667,2429.0,807.0,BLUE_BASE,support_in_base
EUW1_7697269867,100,8,8.003766666666667,394.0,461.0,BLUE_BASE,support_in_base
EUW1_7697270079,100,10,10.004283333333333,696.0,458.0,BLUE_BASE,support_in_base
EUW1_7697270079,200,7,7.0034833333333335,13578.0,12454.0,RED_BASE,support_in_base
EUW1_7697271836,200,5,5.000866666666667,10116.0,6212.0,RED_BOT_JUNGLE,support_dead_with_xy
EUW1_7697271836,200,10,10.004383333333333,8950.0,1606.0,BOT_LANE_CORE,support_dead_with_xy
EUW1_7697272023,100,5,5.0009,12120.0,2797.0,BOT_SIDE_NEAR,support_dead_with_xy
EUW1_7697272023,200,7,7.001416666666667,12520.0,1468.0,BOT_LANE_CORE,support_dead_with_xy
EUW1_7697273103,100,5,5.00255,9162.0,1015.0,BOT_LANE_CORE,support_dead_with_xy
EUW1_7697273240,100,9,9.0046,11922.0,4964.0,BOT_SIDE_NEAR,support_dead_with_xy
EUW1_7697273240,200,11,11.00505,1797.0,12849.0,TOP_LANE_CORE,support_dead_with_xy
EUW1_7697274411,100,6,6.0016,1778.0,744.0,BLUE_BASE,support_in_base
EUW1_7697274411,100,9,9.003433333333334,1634.0,775.0,BLUE_BASE,support_in_base
EUW1_7697274411,200,9,9.003433333333334,13797.0,13272.0,RED_BASE,support_in_base
EUW1_7697274411,200,11,11.004316666666666,11934.0,4465.0,BOT_SIDE_NEAR,support_dead_with_xy
EUW1_7697274515,100,6,6.00365,1396.0,634.0,BLUE_BASE,support_in_base
EUW1_7697274515,200,11,11.005483333333334,14127.0,12531.0,RED_BASE,support_in_base
EUW1_7697274981,100,5,5.002883333333333,1246.0,575.0,BLUE_BASE,support_in_base
EUW1_7697274981,100,10,10.004116666666667,2752.0,843.0,BLUE_BASE,support_in_base
EUW1_7697275434,100,11,11.004666666666667,2787.0,786.0,BLUE_BASE,support_in_base
EUW1_7697275434,200,6,6.001683333333333,13455.0,11887.0,RED_BASE,support_in_base
EUW1_7697276397,100,11,11.004816666666667,1928.0,625.0,BLUE_BASE,support_in_base
EUW1_7697276397,200,7,7.00405,10492.0,1182.0,BOT_LANE_CORE,support_dead_with_xy
EUW1_7697276521,200,9,9.003716666666667,13078.0,4018.0,BOT_LANE_CORE,support_dead_with_xy
EUW1_7697276683,100,6,6.003316666666667,2963.0,2366.0,BLUE_BASE,support_in_base
EUW1_7697276683,100,8,8.003516666666666,1536.0,2260.0,BLUE_BASE,support_in_base
EUW1_7697277866,100,10,10.005383333333333,2231.0,1547.0,BLUE_BASE,support_in_base
EUW1_7697277866,200,10,10.005383333333333,14261.0,14252.0,RED_BASE,support_in_base
EUW1_7697278270,100,5,5.0033,2149.0,694.0,BLUE_BASE,support_in_base
EUW1_7697278270,200,11,11.005516666666667,12130.0,4697.0,BOT_SIDE_NEAR,support_dead_with_xy
EUW1_7697279208,100,6,6.0033,1816.0,1305.0,BLUE_BASE,support_in_base
EUW1_7697279208,200,9,9.003916666666667,13867.0,14065.0,RED_BASE,support_in_base
EUW1_7697279777,100,10,10.00215,394.0,461.0,BLUE_BASE,support_in_base
EUW1_7697282302,100,7,7.003683333333333,2180.0,627.0,BLUE_BASE,support_in_base
EUW1_7697282619,200,5,5.003233333333333,12132.0,1171.0,BOT_LANE_CORE,support_dead_with_xy
EUW1_7697282619,200,9,9.003866666666667,14226.0,14411.0,RED_BASE,support_in_base
EUW1_7697283048,100,5,5.002683333333334,10490.0,1756.0,BOT_LANE_CORE,support_dead_with_xy
EUW1_7697283048,200,6,6.003,11303.0,3672.0,BOT_SIDE_NEAR,support_dead_with_xy
EUW1_7697283048,200,10,10.00405,12651.0,12436.0,RED_BASE,support_in_base
EUW1_7697283585,100,9,9.005466666666667,2295.0,3012.0,BLUE_BASE,support_in_base
EUW1_7697283585,200,11,11.00575,13798.0,5016.0,BOT_LANE_CORE,support_dead_with_xy
EUW1_7697284477,100,11,11.003616666666666,974.0,537.0,BLUE_BASE,support_in_base
EUW1_7697284874,100,9,9.004683333333332,10345.0,857.0,BOT_LANE_CORE,support_dead_with_xy
EUW1_7697287832,100,9,9.001733333333334,9750.0,958.0,BOT_LANE_CORE,support_dead_with_xy
EUW1_7697287832,200,9,9.001733333333334,9519.0,927.0,BOT_LANE_CORE,support_dead_with_xy
EUW1_7697288248,200,7,7.003466666666666,9246.0,7845.0,RED_BOT_JUNGLE,support_dead_with_xy
EUW1_7697288248,200,11,11.004416666666666,7814.0,7636.0,MID_LANE,support_dead_with_xy
EUW1_7697289091,100,10,10.005416666666667,394.0,461.0,BLUE_BASE,support_in_base
EUW1_7697289091,100,11,11.005466666666667,8936.0,6274.0,RIVER_BOT,support_dead_with_xy
EUW1_7697289587,100,11,11.004483333333333,1661.0,771.0,BLUE_BASE,support_in_base
EUW1_7697289951,200,8,8.003383333333334,12389.0,11790.0,RED_BASE,support_in_base
EUW1_7697289951,200,10,10.004666666666667,14218.0,14178.0,RED_BASE,support_in_base
EUW1_7697289951,200,11,11.004883333333334,12451.0,4352.0,BOT_SIDE_NEAR,support_dead_with_xy
EUW1_7697290188,100,6,6.002183333333333,10759.0,2688.0,BOT_SIDE_NEAR,support_dead_with_xy
EUW1_7697290188,100,7,7.002766666666667,3224.0,686.0,BLUE_BASE,support_in_base
EUW1_7697290188,100,9,9.0035,6275.0,7157.0,MID_LANE,support_dead_with_xy
EUW1_7697290665,100,6,6.002916666666667,11339.0,901.0,BOT_LANE_CORE,support_dead_with_xy
EUW1_7697290665,100,9,9.0036,6047.0,8743.0,RIVER_TOP,support_dead_with_xy
EUW1_7697290714,200,5,5.001133333333334,14203.0,12819.0,RED_BASE,support_in_base
EUW1_7697291561,100,5,5.003233333333333,10888.0,939.0,BOT_LANE_CORE,support_dead_with_xy
EUW1_7697291561,100,8,8.004316666666666,3012.0,811.0,BLUE_BASE,support_in_base
EUW1_7697291561,100,11,11.005616666666667,394.0,461.0,BLUE_BASE,support_in_base
EUW1_7697292062,100,7,7.002866666666667,10656.0,1777.0,BOT_LANE_CORE,support_dead_with_xy
EUW1_7697292062,200,11,11.0038,13106.0,11463.0,RED_BASE,support_in_base
EUW1_7697292791,200,7,7.0009,9890.0,1119.0,BOT_LANE_CORE,support_dead_with_xy
EUW1_7697292791,200,9,9.001383333333333,9479.0,1262.0,BOT_LANE_CORE,support_dead_with_xy
EUW1_7697293768,100,9,9.003983333333334,2725.0,854.0,BLUE_BASE,support_in_base
EUW1_7697293768,200,9,9.003983333333334,13503.0,11928.0,RED_BASE,support_in_base
EUW1_7697294661,200,8,8.003883333333333,14283.0,13687.0,RED_BASE,support_in_base
EUW1_7697294661,200,11,11.00525,11266.0,13404.0,RED_BASE,support_in_base
EUW1_7697294734,100,10,10.00435,11272.0,4185.0,BOT_SIDE_NEAR,support_dead_with_xy
EUW1_7697294927,200,11,11.00445,13578.0,13014.0,RED_BASE,support_in_base
EUW1_7697296057,100,11,11.00445,10206.0,7341.0,RED_BOT_JUNGLE,support_dead_with_xy
EUW1_7697296057,200,6,6.002966666666667,14085.0,11846.0,RED_BASE,support_in_base
EUW1_7697296603,100,5,5.003416666666666,1486.0,592.0,BLUE_BASE,support_in_base
EUW1_7697296603,200,5,5.003416666666666,14340.0,14391.0,RED_BASE,support_in_base
EUW1_7697296603,200,7,7.004033333333333,8563.0,7429.0,MID_LANE,support_dead_with_xy
EUW1_7697297158,100,6,6.003166666666667,12033.0,3789.0,BOT_SIDE_NEAR,support_dead_with_xy
EUW1_7697297158,100,7,7.003616666666667,13986.0,4308.0,BOT_LANE_CORE,support_dead_with_xy
EUW1_7697297969,100,8,8.0043,3424.0,710.0,BLUE_BASE,support_in_base
EUW1_7697297969,100,11,11.004966666666666,1464.0,601.0,BLUE_BASE,support_in_base
EUW1_7697298603,200,6,6.003116666666667,5950.0,4931.0,BLUE_BOT_JUNGLE,support_dead_with_xy
EUW1_7697298603,200,9,9.004166666666666,13354.0,13838.0,RED_BASE,support_in_base
EUW1_7697299059,100,9,9.00445,1083.0,625.0,BLUE_BASE,support_in_base
EUW1_7697299059,200,9,9.00445,12037.0,2348.0,BOT_LANE_CORE,support_dead_with_xy
EUW1_7697299069,200,7,7.002516666666667,13203.0,5281.0,BOT_LANE_CORE,support_dead_with_xy
EUW1_7697300877,100,10,10.004233333333334,2878.0,874.0,BLUE_BASE,support_in_base
EUW1_7697301948,100,8,8.00335,2988.0,7799.0,BLUE_TOP_JUNGLE,support_dead_with_xy
EUW1_7697301948,100,10,10.003983333333334,797.0,586.0,BLUE_BASE,support_in_base
EUW1_7697302753,100,11,11.004366666666666,6460.0,4840.0,BLUE_BOT_JUNGLE,support_dead_with_xy
EUW1_7697302767,200,7,7.00365,8279.0,1369.0,BOT_LANE_CORE,support_dead_with_xy
EUW1_7697302882,100,6,6.00155,3018.0,853.0,BLUE_BASE,support_in_base
EUW1_7697302882,100,8,8.003516666666666,394.0,461.0,BLUE_BASE,support_in_base
EUW1_7697302882,200,11,11.004383333333333,4366.0,9204.0,TOP_SIDE_NEAR,support_dead_with_xy
EUW1_7697302884,100,5,5.001083333333334,3665.0,788.0,BLUE_BASE,support_in_base
EUW1_7697302884,100,10,10.004083333333334,13370.0,1595.0,BOT_LANE_CORE,support_dead_with_xy
EUW1_7697302884,200,8,8.003233333333334,14228.0,13713.0,RED_BASE,support_in_base
EUW1_7697302884,200,11,11.004266666666666,10562.0,6161.0,RED_BOT_JUNGLE,support_dead_with_xy
EUW1_7697303008,200,9,9.002966666666667,6226.0,9975.0,RED_TOP_JUNGLE,support_dead_with_xy
EUW1_7697303008,200,10,10.003066666666667,13893.0,13371.0,RED_BASE,support_in_base
EUW1_7697303089,100,11,11.005383333333333,1837.0,740.0,BLUE_BASE,support_in_base
EUW1_7697303089,200,11,11.005383333333333,13060.0,13571.0,RED_BASE,support_in_base
EUW1_7697303486,100,11,11.004266666666666,3114.0,670.0,BLUE_BASE,support_in_base
EUW1_7697303486,200,10,10.003933333333332,14219.0,12901.0,RED_BASE,support_in_base
EUW1_7697304289,100,7,7.002266666666666,394.0,461.0,BLUE_BASE,support_in_base
EUW1_7697304289,100,9,9.003033333333333,2501.0,823.0,BLUE_BASE,support_in_base
EUW1_7697304289,200,10,10.003166666666667,5090.0,7331.0,BLUE_TOP_JUNGLE,support_dead_with_xy
EUW1_7697304748,100,7,7.001333333333333,13643.0,4822.0,BOT_LANE_CORE,support_dead_with_xy
EUW1_7697304748,200,7,7.001333333333333,13544.0,4852.0,BOT_LANE_CORE,support_dead_with_xy
EUW1_7697305065,100,5,5.001383333333333,1730.0,600.0,BLUE_BASE,support_in_base
EUW1_7697305065,200,8,8.004083333333334,14237.0,13236.0,RED_BASE,support_in_base
EUW1_7697306453,100,5,5.0027,394.0,461.0,BLUE_BASE,support_in_base
EUW1_7697306453,200,9,9.00395,13262.0,12826.0,RED_BASE,support_in_base
EUW1_7697307222,100,6,6.003283333333333,2443.0,1063.0,BLUE_BASE,support_in_base
EUW1_7697307222,200,11,11.005016666666666,6029.0,9401.0,RIVER_TOP,support_dead_with_xy
EUW1_7697307927,100,6,6.0025,2753.0,955.0,BLUE_BASE,support_in_base
EUW1_7697307927,100,7,7.002683333333334,3580.0,879.0,BLUE_BASE,support_in_base
EUW1_7697308245,100,5,5.00275,10568.0,2617.0,BOT_SIDE_NEAR,support_dead_with_xy
EUW1_7697308245,100,7,7.003383333333334,1951.0,890.0,BLUE_BASE,support_in_base
EUW1_7697308245,200,11,11.004683333333332,11949.0,1522.0,BOT_LANE_CORE,support_dead_with_xy
EUW1_7697310432,100,5,5.003333333333333,5747.0,6908.0,MID_LANE,support_dead_with_xy
EUW1_7697310432,200,7,7.00395,11797.0,4617.0,BOT_SIDE_NEAR,support_dead_with_xy
EUW1_7697310432,200,9,9.004416666666666,11743.0,13996.0,RED_BASE,support_in_base
EUW1_7697310589,200,9,9.003716666666667,13981.0,11496.0,RED_BASE,support_in_base
EUW1_7697313682,100,7,7.003266666666667,12971.0,2942.0,BOT_LANE_CORE,support_dead_with_xy
EUW1_7697314685,100,6,6.0011833333333335,1334.0,721.0,BLUE_BASE,support_in_base
EUW1_7697314685,200,5,5.0011,13124.0,3328.0,BOT_LANE_CORE,support_dead_with_xy
EUW1_7697314818,200,5,5.0007,14180.0,13876.0,RED_BASE,support_in_base
EUW1_7697314864,100,10,10.003766666666667,1626.0,615.0,BLUE_BASE,support_in_base
EUW1_7697314864,100,11,11.00385,10697.0,3312.0,BOT_SIDE_NEAR,support_dead_with_xy
EUW1_7697314864,200,6,6.003233333333333,14121.0,5082.0,BOT_LANE_CORE,support_dead_with_xy
EUW1_7697314864,200,8,8.003333333333334,14340.0,14391.0,RED_BASE,support_in_base
EUW1_7697314931,200,11,11.0043,14210.0,14141.0,RED_BASE,support_in_base
EUW1_7697315404,100,8,8.00185,10935.0,1985.0,BOT_SIDE_NEAR,support_dead_with_xy
EUW1_7697315603,100,11,11.00445,3350.0,741.0,BLUE_BASE,support_in_base
EUW1_7697316421,100,9,9.0053,394.0,461.0,BLUE_BASE,support_in_base
EUW1_7697316421,200,8,8.00475,13565.0,12908.0,RED_BASE,support_in_base
EUW1_7697316421,200,9,9.0053,14016.0,13743.0,RED_BASE,support_in_base
EUW1_7697316421,200,10,10.00535,14295.0,13564.0,RED_BASE,support_in_base
EUW1_7697316662,100,5,5.000966666666667,10981.0,1768.0,BOT_LANE_CORE,support_dead_with_xy
EUW1_7697316662,100,6,6.001233333333333,6618.0,7614.0,MID_LANE,support_dead_with_xy
EUW1_7697316662,100,10,10.003583333333333,1100.0,964.0,BLUE_BASE,support_in_base
EUW1_7697316662,200,6,6.001233333333333,14340.0,14391.0,RED_BASE,support_in_base
EUW1_7697316662,200,9,9.00305,12194.0,1269.0,BOT_LANE_CORE,support_dead_with_xy
EUW1_7697317105,200,10,10.004333333333333,14128.0,5402.0,BOT_LANE_CORE,support_dead_with_xy
EUW1_7697317509,100,6,6.00325,1652.0,575.0,BLUE_BASE,support_in_base
EUW1_7697317509,100,9,9.003966666666667,3541.0,721.0,BLUE_BASE,support_in_base
EUW1_7697317509,200,6,6.00325,14340.0,14391.0,RED_BASE,support_in_base
EUW1_7697318160,100,6,6.001016666666667,511.0,535.0,BLUE_BASE,support_in_base
EUW1_7697318160,100,7,7.0032,394.0,461.0,BLUE_BASE,support_in_base
EUW1_7697318160,200,11,11.003933333333332,7388.0,945.0,BOT_LANE_CORE,support_dead_with_xy
EUW1_7697318776,100,10,10.004416666666666,13178.0,1309.0,BOT_LANE_CORE,support_dead_with_xy
EUW1_7697318776,200,9,9.004266666666666,14126.0,13870.0,RED_BASE,support_in_base
EUW1_7697318776,200,10,10.004416666666666,14110.0,14082.0,RED_BASE,support_in_base
EUW1_7697319582,100,11,11.004733333333334,12549.0,1531.0,BOT_LANE_CORE,support_dead_with_xy
EUW1_7697319582,200,8,8.003766666666667,13438.0,4224.0,BOT_LANE_CORE,support_dead_with_xy
EUW1_7697319840,100,5,5.00235,512.0,476.0,BLUE_BASE,support_in_base
EUW1_7697319840,100,11,11.0043,6984.0,6378.0,MID_LANE,support_dead_with_xy
EUW1_7697319840,200,5,5.00235,14323.0,14361.0,RED_BASE,support_in_base
EUW1_7697320945,100,7,7.003833333333334,2974.0,2386.0,BLUE_BASE,support_in_base
EUW1_7697320945,100,11,11.0051,1035.0,602.0,BLUE_BASE,support_in_base
EUW1_7697321369,100,6,6.001633333333333,1450.0,1058.0,BLUE_BASE,support_in_base
EUW1_7697321369,100,8,8.001866666666666,824.0,1203.0,BLUE_BASE,support_in_base
EUW1_7697321369,200,11,11.004116666666667,14472.0,13956.0,RED_BASE,support_in_base
EUW1_7697322475,200,10,10.004766666666667,13886.0,12772.0,RED_BASE,support_in_base
EUW1_7697323562,200,6,6.002683333333334,14001.0,11306.0,RED_BASE,support_in_base
EUW1_7697323562,200,7,7.002983333333333,13920.0,14283.0,RED_BASE,support_in_base
EUW1_7697324445,200,6,6.000916666666667,14133.0,14008.0,RED_BASE,support_in_base
EUW1_7697324773,200,11,11.0049,14120.0,12142.0,RED_BASE,support_in_base
EUW1_7697324842,100,5,5.00115,394.0,461.0,BLUE_BASE,support_in_base
EUW1_7697324842,100,6,6.001433333333333,394.0,461.0,BLUE_BASE,support_in_base
EUW1_7697324842,100,7,7.001683333333333,394.0,461.0,BLUE_BASE,support_in_base
EUW1_7697324842,100,8,8.0019,394.0,461.0,BLUE_BASE,support_in_base
EUW1_7697324842,100,9,9.003933333333332,394.0,461.0,BLUE_BASE,support_in_base
EUW1_7697324842,100,10,10.004033333333334,394.0,461.0,BLUE_BASE,support_in_base
EUW1_7697324842,200,7,7.001683333333333,14340.0,14391.0,RED_BASE,support_in_base
EUW1_7697324842,200,11,11.00415,13840.0,13376.0,RED_BASE,support_in_base
EUW1_7697325607,100,11,11.004966666666666,3100.0,1007.0,BLUE_BASE,support_in_base
EUW1_7697326207,100,6,6.002983333333333,12368.0,1966.0,BOT_LANE_CORE,support_dead_with_xy
EUW1_7697326207,200,10,10.0048,14340.0,14391.0,RED_BASE,support_in_base
EUW1_7697326535,100,11,11.003816666666667,1265.0,2459.0,BLUE_BASE,support_in_base
EUW1_7697326535,200,11,11.003816666666667,10252.0,2240.0,BOT_SIDE_NEAR,support_dead_with_xy
EUW1_7697326910,100,5,5.0024,619.0,522.0,BLUE_BASE,support_in_base
EUW1_7697326910,100,7,7.0030166666666664,3435.0,821.0,BLUE_BASE,support_in_base
EUW1_7697326910,200,7,7.0030166666666664,13023.0,12304.0,RED_BASE,support_in_base
EUW1_7697327517,100,7,7.003516666666667,11559.0,947.0,BOT_LANE_CORE,support_dead_with_xy
EUW1_7697327517,100,10,10.00465,394.0,461.0,BLUE_BASE,support_in_base
EUW1_7697328121,100,5,5.00335,3588.0,1830.0,BLUE_BASE,support_in_base
EUW1_7697328121,100,10,10.005316666666667,1892.0,756.0,BLUE_BASE,support_in_base
EUW1_7697328121,200,11,11.00585,12946.0,4110.0,BOT_SIDE_NEAR,support_dead_with_xy
EUW1_7697330759,100,5,5.00105,2895.0,669.0,BLUE_BASE,support_in_base
EUW1_7697330976,200,8,8.004183333333334,14340.0,14391.0,RED_BASE,support_in_base
EUW1_7697330976,200,10,10.004766666666667,12861.0,12156.0,RED_BASE,support_in_base
EUW1_7697331313,100,7,7.0029,394.0,461.0,BLUE_BASE,support_in_base
EUW1_7697331313,200,9,9.003166666666667,13424.0,11701.0,RED_BASE,support_in_base
EUW1_7697331313,200,10,10.003466666666666,13548.0,12421.0,RED_BASE,support_in_base
EUW1_7697332225,200,10,10.003433333333334,14285.0,14292.0,RED_BASE,support_in_base
EUW1_7697332504,100,8,8.003733333333333,394.0,461.0,BLUE_BASE,support_in_base
EUW1_7697333756,200,6,6.002983333333333,14091.0,13040.0,RED_BASE,support_in_base
EUW1_7697335126,100,5,5.002833333333333,11612.0,3465.0,BOT_SIDE_NEAR,support_dead_with_xy
EUW1_7697335126,200,5,5.002833333333333,11190.0,3377.0,BOT_SIDE_NEAR,support_dead_with_xy
EUW1_7697335126,200,9,9.003833333333333,7631.0,8049.0,MID_LANE,support_dead_with_xy
EUW1_7697335712,200,10,10.004683333333332,13786.0,12703.0,RED_BASE,support_in_base
EUW1_7697336483,100,5,5.002283333333334,2633.0,1551.0,BLUE_BASE,support_in_base
EUW1_7697337333,100,10,10.0046,14070.0,5990.0,BOT_LANE_CORE,support_dead_with_xy
EUW1_7697337333,200,5,5.003,14325.0,14209.0,RED_BASE,support_in_base
EUW1_7697337333,200,6,6.003166666666667,12153.0,1925.0,BOT_LANE_CORE,support_dead_with_xy
EUW1_7697337333,200,8,8.003716666666667,14207.0,13266.0,RED_BASE,support_in_base
EUW1_7697338204,100,5,5.000483333333333,1698.0,628.0,BLUE_BASE,support_in_base
EUW1_7697338204,100,7,7.0027,10073.0,1095.0,BOT_LANE_CORE,support_dead_with_xy
EUW1_7697338204,100,11,11.003483333333334,9800.0,5199.0,DRAGON_AREA,support_dead_with_xy
EUW1_7697338204,200,11,11.003483333333334,8976.0,5683.0,RIVER_BOT,support_dead_with_xy
EUW1_7697338330,100,6,6.003266666666667,2132.0,1187.0,BLUE_BASE,support_in_base
EUW1_7697339384,100,8,8.003633333333333,13144.0,3451.0,BOT_LANE_CORE,support_dead_with_xy
EUW1_7697339384,100,11,11.004133333333334,3488.0,1450.0,BLUE_BASE,support_in_base
EUW1_7697339384,200,7,7.003383333333334,13102.0,2054.0,BOT_LANE_CORE,support_dead_with_xy
EUW1_7697339384,200,10,10.003816666666667,13724.0,5843.0,BOT_LANE_CORE,support_dead_with_xy
EUW1_7697339384,200,11,11.004133333333334,14315.0,13931.0,RED_BASE,support_in_base
EUW1_7697339479,200,6,6.003283333333333,14080.0,5868.0,BOT_LANE_CORE,support_dead_with_xy
EUW1_7697339479,200,8,8.004133333333334,14283.0,13681.0,RED_BASE,support_in_base
EUW1_7697340606,100,8,8.003083333333333,1482.0,927.0,BLUE_BASE,support_in_base
EUW1_7697340606,100,10,10.003666666666666,394.0,461.0,BLUE_BASE,support_in_base
EUW1_7697340606,200,5,5.0023333333333335,13654.0,3376.0,BOT_LANE_CORE,support_dead_with_xy
EUW1_7697340606,200,8,8.003083333333333,14087.0,11276.0,RED_BASE,support_in_base
EUW1_7697340682,200,5,5.000966666666667,14103.0,13648.0,RED_BASE,support_in_base
EUW1_7697341755,100,5,5.000683333333333,2454.0,710.0,BLUE_BASE,support_in_base
EUW1_7697341755,100,8,8.0026,582.0,519.0,BLUE_BASE,support_in_base
EUW1_7697341755,100,11,11.00385,6126.0,6634.0,MID_LANE,support_dead_with_xy
EUW1_7697341755,200,11,11.00385,6368.0,8356.0,RIVER_TOP,support_dead_with_xy
EUW1_7697343861,100,9,9.003416666666666,1269.0,679.0,BLUE_BASE,support_in_base
EUW1_7697343861,200,8,8.003283333333334,12368.0,13075.0,RED_BASE,support_in_base
EUW1_7697345309,100,9,9.0036,1506.0,1080.0,BLUE_BASE,support_in_base
EUW1_7697345309,100,11,11.00435,10701.0,1865.0,BOT_LANE_CORE,support_dead_with_xy
EUW1_7697345309,200,5,5.002583333333333,14191.0,12657.0,RED_BASE,support_in_base
EUW1_7697345755,200,11,11.004233333333334,14300.0,14315.0,RED_BASE,support_in_base
EUW1_7697347013,100,5,5.003966666666667,1599.0,1050.0,BLUE_BASE,support_in_base
EUW1_7697347013,100,6,6.003983333333333,3198.0,821.0,BLUE_BASE,support_in_base
EUW1_7697347013,100,7,7.0041,12161.0,2118.0,BOT_LANE_CORE,support_dead_with_xy
EUW1_7697347013,200,7,7.0041,14090.0,13791.0,RED_BASE,support_in_base
EUW1_7697347245,100,5,5.002766666666667,10787.0,1123.0,BOT_LANE_CORE,support_dead_with_xy
EUW1_7697347245,100,9,9.004483333333333,2823.0,2617.0,BLUE_BASE,support_in_base
EUW1_7697348683,100,6,6.00285,405.0,597.0,BLUE_BASE,support_in_base
EUW1_7697348683,100,10,10.003866666666667,753.0,596.0,BLUE_BASE,support_in_base
EUW1_7697348683,200,10,10.003866666666667,13760.0,13381.0,RED_BASE,support_in_base
EUW1_7697349760,100,10,10.004583333333333,11328.0,948.0,BOT_LANE_CORE,support_dead_with_xy
EUW1_7697349760,200,6,6.003,13932.0,4230.0,BOT_LANE_CORE,support_dead_with_xy
EUW1_7697349773,100,6,6.002933333333333,11462.0,986.0,BOT_LANE_CORE,support_dead_with_xy
EUW1_7697349773,200,11,11.004533333333333,13568.0,13064.0,RED_BASE,support_in_base
EUW1_7697349887,100,5,5.00345,2415.0,1212.0,BLUE_BASE,support_in_base
EUW1_7697350160,100,6,6.002666666666666,10802.0,1972.0,BOT_SIDE_NEAR,support_dead_with_xy
EUW1_7697350160,100,11,11.00465,524.0,1543.0,BLUE_BASE,support_in_base
EUW1_7697350160,200,7,7.002783333333333,13924.0,11279.0,RED_BASE,support_in_base
EUW1_7697350398,200,6,6.001016666666667,14349.0,13706.0,RED_BASE,support_in_base
EUW1_7697350398,200,9,9.0037,9110.0,2021.0,BOT_SIDE_NEAR,support_dead_with_xy
EUW1_7697352045,100,5,5.0033,394.0,461.0,BLUE_BASE,support_in_base
EUW1_7697352317,200,9,9.003583333333333,13976.0,11515.0,RED_BASE,support_in_base
EUW1_7697352449,200,5,5.001166666666666,14021.0,11955.0,RED_BASE,support_in_base
EUW1_7697352883,100,7,7.002983333333333,2851.0,731.0,BLUE_BASE,support_in_base
EUW1_7697352883,100,11,11.004866666666667,275.0,455.0,BLUE_BASE,support_in_base
EUW1_7697353203,100,7,7.00325,3237.0,835.0,BLUE_BASE,support_in_base
EUW1_7697354590,200,10,10.004783333333334,9501.0,3165.0,BOT_SIDE_NEAR,support_dead_with_xy
EUW1_7697354918,100,11,11.004133333333334,2286.0,1263.0,BLUE_BASE,support_in_base
EUW1_7697355751,200,9,9.004683333333332,14060.0,13863.0,RED_BASE,support_in_base
EUW1_7697355778,100,10,10.003216666666667,13349.0,1252.0,BOT_LANE_CORE,support_dead_with_xy
EUW1_7697355778,200,6,6.0023333333333335,12729.0,12073.0,RED_BASE,support_in_base
EUW1_7697357034,100,11,11.005683333333334,7950.0,6694.0,MID_LANE,support_dead_with_xy
EUW1_7697357034,200,11,11.005683333333334,8288.0,6154.0,RIVER_BOT,support_dead_with_xy
EUW1_7697358077,100,10,10.0041,1393.0,802.0,BLUE_BASE,support_in_base
EUW1_7697358077,200,6,6.0030833333333335,14336.0,13812.0,RED_BASE,support_in_base
EUW1_7697358123,100,5,5.0029,8028.0,5793.0,BLUE_BOT_JUNGLE,support_dead_with_xy
EUW1_7697358123,100,6,6.003166666666667,1772.0,2504.0,BLUE_BASE,support_in_base
EUW1_7697358123,100,7,7.00335,7094.0,5133.0,BLUE_BOT_JUNGLE,support_dead_with_xy
EUW1_7697358123,100,8,8.003533333333333,3166.0,742.0,BLUE_BASE,support_in_base
EUW1_7697358123,200,7,7.00335,14340.0,14391.0,RED_BASE,support_in_base
EUW1_7697358379,100,7,7.003166666666667,10767.0,1087.0,BOT_LANE_CORE,support_dead_with_xy
EUW1_7697359258,100,9,9.001733333333334,1394.0,2110.0,BLUE_BASE,support_in_base
EUW1_7697359258,200,5,5.000816666666666,13622.0,2441.0,BOT_LANE_CORE,support_dead_with_xy
EUW1_7697359258,200,11,11.00365,11904.0,1383.0,BOT_LANE_CORE,support_dead_with_xy
EUW1_7697359749,200,5,5.00345,14157.0,13776.0,RED_BASE,support_in_base
EUW1_7697360417,100,6,6.003133333333333,483.0,476.0,BLUE_BASE,support_in_base
EUW1_7697360718,200,5,5.003116666666667,12994.0,4361.0,BOT_SIDE_NEAR,support_dead_with_xy
EUW1_7697361794,200,8,8.003,14340.0,14391.0,RED_BASE,support_in_base
EUW1_7697362521,100,11,11.003416666666666,10146.0,933.0,BOT_LANE_CORE,support_dead_with_xy
EUW1_7697362709,100,10,10.004233333333334,1597.0,2329.0,BLUE_BASE,support_in_base
EUW1_7697362709,200,10,10.004233333333334,14340.0,14391.0,RED_BASE,support_in_base
EUW1_7697363095,100,10,10.004733333333334,1952.0,1319.0,BLUE_BASE,support_in_base
EUW1_7697363095,200,11,11.005133333333333,7269.0,7660.0,MID_LANE,support_dead_with_xy
EUW1_7697363579,100,8,8.003383333333334,10696.0,1013.0,BOT_LANE_CORE,support_dead_with_xy
EUW1_7697366569,100,8,8.0035,1950.0,956.0,BLUE_BASE,support_in_base
EUW1_7697366569,100,9,9.0039,3027.0,799.0,BLUE_BASE,support_in_base
EUW1_7697367022,100,5,5.003033333333334,2335.0,1031.0,BLUE_BASE,support_in_base
EUW1_7697367022,100,10,10.004483333333333,1866.0,781.0,BLUE_BASE,support_in_base
EUW1_7697367400,100,11,11.003733333333333,10942.0,890.0,BOT_LANE_CORE,support_dead_with_xy
EUW1_7697367418,100,8,8.003416666666666,2508.0,795.0,BLUE_BASE,support_in_base
EUW1_7697368495,100,7,7.002683333333334,2328.0,804.0,BLUE_BASE,support_in_base
EUW1_7697368495,100,10,10.003983333333334,8127.0,1845.0,BLUE_BOT_JUNGLE,support_dead_with_xy
EUW1_7697368566,100,8,8.0042,883.0,503.0,BLUE_BASE,support_in_base
EUW1_7697368566,200,8,8.0042,13890.0,14014.0,RED_BASE,support_in_base
EUW1_7697368566,200,9,9.004283333333333,12950.0,12129.0,RED_BASE,support_in_base
EUW1_7697369294,100,6,6.001016666666667,10546.0,1197.0,BOT_LANE_CORE,support_dead_with_xy
EUW1_7697369294,100,7,7.001083333333334,10904.0,915.0,BOT_LANE_CORE,support_dead_with_xy
EUW1_7697369294,200,9,9.00325,5148.0,8708.0,RIVER_TOP,support_dead_with_xy
EUW1_7697369758,200,11,11.005766666666666,13284.0,12852.0,RED_BASE,support_in_base
EUW1_7697370116,100,10,10.00415,394.0,461.0,BLUE_BASE,support_in_base
EUW1_7697370691,100,11,11.00505,394.0,461.0,BLUE_BASE,support_in_base
EUW1_7697370691,200,11,11.00505,13630.0,12898.0,RED_BASE,support_in_base
EUW1_7697370698,100,6,6.003233333333333,12508.0,5428.0,BOT_SIDE_NEAR,support_dead_with_xy
EUW1_7697371336,100,10,10.004116666666667,12376.0,3196.0,BOT_SIDE_NEAR,support_dead_with_xy
EUW1_7697372070,200,11,11.00415,14215.0,13483.0,RED_BASE,support_in_base
EUW1_7697372960,200,7,7.003416666666666,14340.0,14391.0,RED_BASE,support_in_base
EUW1_7697372960,200,8,8.003616666666666,12963.0,1798.0,BOT_LANE_CORE,support_dead_with_xy
EUW1_7697372960,200,9,9.003766666666667,7677.0,9884.0,RED_TOP_JUNGLE,support_dead_with_xy
EUW1_7697373261,100,6,6.002933333333333,11058.0,1298.0,BOT_LANE_CORE,support_dead_with_xy
EUW1_7697373261,100,11,11.0038,11643.0,3666.0,BOT_SIDE_NEAR,support_dead_with_xy
EUW1_7697374861,100,11,11.004633333333333,2322.0,796.0,BLUE_BASE,support_in_base
EUW1_7697374861,200,11,11.004633333333333,13035.0,13578.0,RED_BASE,support_in_base
EUW1_7697375373,100,7,7.003716666666667,890.0,441.0,BLUE_BASE,support_in_base
EUW1_7697375373,200,7,7.003716666666667,14194.0,13709.0,RED_BASE,support_in_base
EUW1_7697376884,100,6,6.002533333333333,10414.0,1371.0,BOT_LANE_CORE,support_dead_with_xy
EUW1_7697376884,100,9,9.0035,3608.0,739.0,BLUE_BASE,support_in_base
EUW1_7697376884,200,10,10.003833333333333,12489.0,4630.0,BOT_SIDE_NEAR,support_dead_with_xy
EUW1_7697377091,200,9,9.003583333333333,1353.0,7291.0,TOP_LANE_CORE,support_dead_with_xy
EUW1_7697378818,100,5,5.0022,12063.0,1343.0,BOT_LANE_CORE,support_dead_with_xy
EUW1_7697379183,200,9,9.004783333333334,13672.0,12432.0,RED_BASE,support_in_base
EUW1_7697379398,100,6,6.0014666666666665,10749.0,2547.0,BOT_SIDE_NEAR,support_dead_with_xy
EUW1_7697379398,200,5,5.0012,13872.0,12398.0,RED_BASE,support_in_base
EUW1_7697379398,200,7,7.001533333333334,7800.0,1664.0,BOT_LANE_CORE,support_dead_with_xy
EUW1_7697379696,100,8,8.004066666666667,703.0,576.0,BLUE_BASE,support_in_base
EUW1_7697379696,100,11,11.00495,12163.0,2549.0,BOT_LANE_CORE,support_dead_with_xy
EUW1_7697380019,200,8,8.002516666666667,13801.0,4952.0,BOT_LANE_CORE,support_dead_with_xy
EUW1_7697380736,100,10,10.0043,2817.0,902.0,BLUE_BASE,support_in_base
EUW1_7697381170,100,10,10.00225,394.0,461.0,BLUE_BASE,support_in_base
EUW1_7697381170,200,6,6.001383333333333,13187.0,3150.0,BOT_LANE_CORE,support_dead_with_xy
EUW1_7697381198,100,9,9.004033333333334,13293.0,6133.0,BOT_LANE_CORE,support_dead_with_xy
EUW1_7697381198,100,10,10.004116666666667,1768.0,9783.0,BLUE_TOP_JUNGLE,support_dead_with_xy
EUW1_7697381198,200,6,6.003183333333333,12212.0,13300.0,RED_BASE,support_in_base
EUW1_7697381198,200,8,8.003733333333333,13357.0,12737.0,RED_BASE,support_in_base
EUW1_7697381198,200,9,9.004033333333334,13568.0,6669.0,BOT_LANE_CORE,support_dead_with_xy
EUW1_7697382135,200,7,7.0037666666666665,14246.0,13960.0,RED_BASE,support_in_base
EUW1_7697382364,100,5,5.002383333333333,1001.0,519.0,BLUE_BASE,support_in_base
EUW1_7697382364,200,8,8.002833333333333,14000.0,12072.0,RED_BASE,support_in_base
EUW1_7697383421,100,6,6.003216666666667,13372.0,3112.0,BOT_LANE_CORE,support_dead_with_xy
EUW1_7697383421,200,6,6.003216666666667,13693.0,4050.0,BOT_LANE_CORE,support_dead_with_xy
EUW1_7697383421,200,11,11.004616666666667,13164.0,12459.0,RED_BASE,support_in_base
EUW1_7697383465,100,6,6.0029,8255.0,5441.0,BLUE_BOT_JUNGLE,support_dead_with_xy
EUW1_7697383841,100,9,9.00365,1033.0,504.0,BLUE_BASE,support_in_base
EUW1_7697383841,200,9,9.00365,9615.0,5538.0,BOT_SIDE_NEAR,support_dead_with_xy
EUW1_7697383932,100,6,6.001266666666667,514.0,478.0,BLUE_BASE,support_in_base
EUW1_7697385193,100,6,6.003416666666666,2346.0,607.0,BLUE_BASE,support_in_base
EUW1_7697385193,100,7,7.003433333333334,1623.0,573.0,BLUE_BASE,support_in_base
EUW1_7697385193,100,11,11.0047,3662.0,673.0,BLUE_BASE,support_in_base
EUW1_7697385339,100,6,6.001083333333334,1130.0,580.0,BLUE_BASE,support_in_base
EUW1_7697385339,200,5,5.001016666666667,13612.0,3590.0,BOT_LANE_CORE,support_dead_with_xy
EUW1_7697385413,100,9,9.004,13618.0,2191.0,BOT_LANE_CORE,support_dead_with_xy
EUW1_7697386431,100,7,7.003716666666667,2430.0,2526.0,BLUE_BASE,support_in_base
EUW1_7697386431,200,9,9.004416666666666,13997.0,4779.0,BOT_LANE_CORE,support_dead_with_xy
EUW1_7697387931,100,5,5.001116666666666,11456.0,8465.0,RED_BOT_JUNGLE,support_dead_with_xy
EUW1_7697388508,100,11,11.003916666666667,394.0,461.0,BLUE_BASE,support_in_base
EUW1_7697388508,200,6,6.002916666666667,13294.0,10937.0,RED_BASE,support_in_base
EUW1_7697388931,100,5,5.002583333333333,8205.0,6664.0,RIVER_BOT,support_dead_with_xy
EUW1_7697388931,100,6,6.003033333333334,13203.0,5570.0,BOT_LANE_CORE,support_dead_with_xy
EUW1_7697388931,100,10,10.004066666666667,10582.0,3062.0,BOT_SIDE_NEAR,support_dead_with_xy
EUW1_7697388939,200,6,6.00325,14165.0,13353.0,RED_BASE,support_in_base
EUW1_7697388939,200,7,7.0034833333333335,14345.0,14272.0,RED_BASE,support_in_base
EUW1_7697389936,100,5,5.003233333333333,1256.0,504.0,BLUE_BASE,support_in_base
EUW1_7697392112,100,6,6.0012,3059.0,904.0,BLUE_BASE,support_in_base
EUW1_7697392112,200,11,11.004,13951.0,11456.0,RED_BASE,support_in_base
EUW1_7697392234,100,10,10.004066666666667,895.0,711.0,BLUE_BASE,support_in_base
EUW1_7697392945,100,8,8.0036,3461.0,776.0,BLUE_BASE,support_in_base
EUW1_7697392945,200,8,8.0036,12294.0,2225.0,BOT_LANE_CORE,support_dead_with_xy
EUW1_7697392945,200,10,10.004216666666666,9696.0,4257.0,DRAGON_AREA,support_dead_with_xy
EUW1_7697393646,100,6,6.0033666666666665,10075.0,911.0,BOT_LANE_CORE,support_dead_with_xy
EUW1_7697393703,200,10,10.005183333333333,13696.0,13104.0,RED_BASE,support_in_base
EUW1_7697393954,100,8,8.00335,2133.0,657.0,BLUE_BASE,support_in_base
EUW1_7697393954,200,5,5.001316666666667,14130.0,12993.0,RED_BASE,support_in_base
EUW1_7697394137,200,5,5.00125,14253.0,13650.0,RED_BASE,support_in_base
EUW1_7697394137,200,6,6.001683333333333,13989.0,13945.0,RED_BASE,support_in_base
EUW1_7697394137,200,9,9.002133333333333,12245.0,2766.0,BOT_LANE_CORE,support_dead_with_xy
EUW1_7697395200,100,6,6.003433333333334,394.0,461.0,BLUE_BASE,support_in_base
EUW1_7697395200,100,8,8.0037,2439.0,1548.0,BLUE_BASE,support_in_base
EUW1_7697397569,100,8,8.001366666666666,12408.0,1511.0,BOT_LANE_CORE,support_dead_with_xy
EUW1_7697397569,200,7,7.0011,13692.0,12696.0,RED_BASE,support_in_base
EUW1_7697398281,100,5,5.003316666666667,1267.0,682.0,BLUE_BASE,support_in_base
EUW1_7697398281,100,7,7.003716666666667,10582.0,866.0,BOT_LANE_CORE,support_dead_with_xy
EUW1_7697398281,100,9,9.004333333333333,1257.0,843.0,BLUE_BASE,support_in_base
EUW1_7697398768,100,11,11.004533333333333,10057.0,866.0,BOT_LANE_CORE,support_dead_with_xy
EUW1_7697398768,200,6,6.0033,13410.0,2541.0,BOT_LANE_CORE,support_dead_with_xy
EUW1_7697399241,100,5,5.002866666666667,2761.0,664.0,BLUE_BASE,support_in_base
EUW1_7697399241,100,7,7.003166666666667,3430.0,828.0,BLUE_BASE,support_in_base
EUW1_7697399241,100,10,10.003683333333333,11562.0,2071.0,BOT_SIDE_NEAR,support_dead_with_xy
EUW1_7697399241,200,8,8.003283333333334,14036.0,4154.0,BOT_LANE_CORE,support_dead_with_xy
EUW1_7697399664,100,11,11.004633333333333,569.0,509.0,BLUE_BASE,support_in_base
EUW1_7697400142,100,9,9.003,1511.0,2643.0,BLUE_BASE,support_in_base
EUW1_7697400815,100,6,6.001666666666667,3057.0,837.0,BLUE_BASE,support_in_base
EUW1_7697400815,200,9,9.003966666666667,13681.0,12275.0,RED_BASE,support_in_base
EUW1_7697401520,100,6,6.00065,1224.0,535.0,BLUE_BASE,support_in_base
EUW1_7697402022,200,9,9.003183333333334,11900.0,12940.0,RED_BASE,support_in_base
EUW1_7697402022,200,10,10.003266666666667,1670.0,11539.0,TOP_LANE_CORE,support_dead_with_xy
EUW1_7697402596,100,8,8.003883333333333,394.0,461.0,BLUE_BASE,support_in_base
EUW1_7697402596,200,7,7.003516666666667,13651.0,3650.0,BOT_LANE_CORE,support_dead_with_xy
EUW1_7697402596,200,8,8.003883333333333,14340.0,14391.0,RED_BASE,support_in_base
EUW1_7697402785,200,8,8.002616666666666,8895.0,4431.0,BOT_SIDE_NEAR,support_dead_with_xy
EUW1_7697403113,100,8,8.004233333333334,1126.0,828.0,BLUE_BASE,support_in_base
EUW1_7697403113,200,5,5.00335,14269.0,13993.0,RED_BASE,support_in_base
EUW1_7697403113,200,9,9.0043,11774.0,13061.0,RED_BASE,support_in_base
EUW1_7697403215,100,6,6.000766666666666,10722.0,858.0,BOT_LANE_CORE,support_dead_with_xy
EUW1_7697403215,100,10,10.003116666666667,10974.0,975.0,BOT_LANE_CORE,support_dead_with_xy
EUW1_7697403215,200,5,5.00055,14340.0,14391.0,RED_BASE,support_in_base
EUW1_7697403710,100,10,10.004133333333334,10341.0,5472.0,BOT_SIDE_NEAR,support_dead_with_xy
EUW1_7697403748,100,6,6.0031,394.0,461.0,BLUE_BASE,support_in_base
EUW1_7697403748,100,8,8.003433333333334,13620.0,1863.0,BOT_LANE_CORE,support_dead_with_xy
EUW1_7697403954,200,7,7.003516666666667,14340.0,14391.0,RED_BASE,support_in_base
EUW1_7697404330,100,6,6.002383333333333,1691.0,592.0,BLUE_BASE,support_in_base
EUW1_7697404330,100,8,8.002816666666666,13817.0,3401.0,BOT_LANE_CORE,support_dead_with_xy
EUW1_7697404330,200,7,7.002683333333334,11532.0,7069.0,RED_BOT_JUNGLE,support_dead_with_xy
EUW1_7697404419,100,10,10.003716666666667,10782.0,1950.0,BOT_SIDE_NEAR,support_dead_with_xy
EUW1_7697405005,100,10,10.00345,394.0,461.0,BLUE_BASE,support_in_base
EUW1_7697405005,200,8,8.003116666666667,13561.0,2899.0,BOT_LANE_CORE,support_dead_with_xy
EUW1_7697405495,100,9,9.004033333333334,2210.0,958.0,BLUE_BASE,support_in_base
EUW1_7697405598,100,8,8.003316666666667,2186.0,443.0,BLUE_BASE,support_in_base
EUW1_7697406673,100,10,10.00485,12234.0,4400.0,BOT_SIDE_NEAR,support_dead_with_xy
EUW1_7697406673,200,10,10.00485,12501.0,4557.0,BOT_SIDE_NEAR,support_dead_with_xy
EUW1_7697406810,100,7,7.00125,394.0,461.0,BLUE_BASE,support_in_base
EUW1_7697406810,100,9,9.0016,394.0,461.0,BLUE_BASE,support_in_base
EUW1_7697406810,100,11,11.001833333333334,1803.0,657.0,BLUE_BASE,support_in_base
EUW1_7697407012,100,7,7.0011,8021.0,8312.0,MID_LANE,support_dead_with_xy
EUW1_7697410684,100,8,8.003933333333332,1557.0,1170.0,BLUE_BASE,support_in_base
EUW1_7697410749,200,9,9.004283333333333,3797.0,10879.0,TOP_SIDE_NEAR,support_dead_with_xy
EUW1_7697410945,100,9,9.004516666666667,2403.0,2436.0,BLUE_BASE,support_in_base
EUW1_7697410945,200,6,6.003283333333333,13941.0,11876.0,RED_BASE,support_in_base
EUW1_7697410945,200,10,10.004633333333333,14230.0,13423.0,RED_BASE,support_in_base
EUW1_7697411047,200,8,8.004016666666667,13023.0,11758.0,RED_BASE,support_in_base
EUW1_7697411234,100,10,10.004883333333334,11601.0,4634.0,BOT_SIDE_NEAR,support_dead_with_xy
EUW1_7697411234,200,7,7.003566666666667,6190.0,9280.0,RIVER_TOP,support_dead_with_xy
EUW1_7697411234,200,10,10.004883333333334,13948.0,13801.0,RED_BASE,support_in_base
EUW1_7697411283,100,11,11.0047,1896.0,842.0,BLUE_BASE,support_in_base
EUW1_7697411283,200,7,7.001383333333333,13982.0,11355.0,RED_BASE,support_in_base
EUW1_7697411283,200,10,10.00415,14090.0,12267.0,RED_BASE,support_in_base
EUW1_7697411378,200,9,9.0018,13572.0,12879.0,RED_BASE,support_in_base
EUW1_7697412809,100,10,10.003716666666667,2235.0,1497.0,BLUE_BASE,support_in_base
EUW1_7697412809,200,7,7.0027333333333335,13845.0,3821.0,BOT_LANE_CORE,support_dead_with_xy
EUW1_7697413774,100,7,7.0015833333333335,700.0,717.0,BLUE_BASE,support_in_base
EUW1_7697413774,100,10,10.00205,394.0,461.0,BLUE_BASE,support_in_base
EUW1_7697414405,100,6,6.001416666666667,12403.0,1928.0,BOT_LANE_CORE,support_dead_with_xy
EUW1_7697414405,100,11,11.003916666666667,7986.0,1146.0,BOT_LANE_CORE,support_dead_with_xy
EUW1_7697414593,200,7,7.003116666666667,14000.0,13603.0,RED_BASE,support_in_base
EUW1_7697414861,200,7,7.003216666666667,14050.0,11989.0,RED_BASE,support_in_base
EUW1_7697415215,200,6,6.003783333333334,12373.0,2015.0,BOT_LANE_CORE,support_dead_with_xy
EUW1_7697415220,100,7,7.003833333333334,11636.0,4183.0,BOT_SIDE_NEAR,support_dead_with_xy
EUW1_7697416415,100,7,7.0033,2056.0,1149.0,BLUE_BASE,support_in_base
EUW1_7697416415,100,8,8.003666666666666,10270.0,1270.0,BOT_LANE_CORE,support_dead_with_xy
EUW1_7697416415,200,8,8.003666666666666,14340.0,14391.0,RED_BASE,support_in_base
EUW1_7697416415,200,9,9.00395,7568.0,5958.0,BLUE_BOT_JUNGLE,support_dead_with_xy
EUW1_7697416758,100,9,9.0036,2569.0,2716.0,BLUE_BASE,support_in_base
EUW1_7697416758,200,5,5.002566666666667,13883.0,11310.0,RED_BASE,support_in_base
EUW1_7697416758,200,9,9.0036,14340.0,14391.0,RED_BASE,support_in_base
EUW1_7697417058,100,5,5.001,9378.0,5379.0,BOT_SIDE_NEAR,support_dead_with_xy
EUW1_7697417058,100,8,8.003866666666667,809.0,597.0,BLUE_BASE,support_in_base
EUW1_7697417058,200,5,5.001,11459.0,3743.0,BOT_SIDE_NEAR,support_dead_with_xy
EUW1_7697417058,200,6,6.001483333333334,12389.0,2647.0,BOT_LANE_CORE,support_dead_with_xy
EUW1_7697417058,200,10,10.0047,14146.0,13939.0,RED_BASE,support_in_base
EUW1_7697417173,200,7,7.003933333333333,13334.0,11682.0,RED_BASE,support_in_base
EUW1_7697417173,200,9,9.004233333333334,14277.0,14099.0,RED_BASE,support_in_base
EUW1_7697417237,200,8,8.0035,14304.0,13920.0,RED_BASE,support_in_base
EUW1_7697417237,200,10,10.004066666666667,14034.0,12108.0,RED_BASE,support_in_base
EUW1_7697417237,200,11,11.004116666666667,14352.0,14126.0,RED_BASE,support_in_base
EUW1_7697417495,100,11,11.0049,3480.0,867.0,BLUE_BASE,support_in_base
EUW1_7697419769,100,10,10.004166666666666,3096.0,977.0,BLUE_BASE,support_in_base
EUW1_7697419769,100,11,11.0044,1927.0,575.0,BLUE_BASE,support_in_base
EUW1_7697419769,200,10,10.004166666666666,11882.0,13147.0,RED_BASE,support_in_base
EUW1_7697421671,100,10,10.004833333333334,4216.0,9215.0,TOP_SIDE_NEAR,support_dead_with_xy
EUW1_7697421671,200,7,7.00355,14204.0,12248.0,RED_BASE,support_in_base
EUW1_7697423199,200,11,11.0047,13367.0,5065.0,BOT_LANE_CORE,support_dead_with_xy
EUW1_7697423816,200,5,5.002883333333333,14311.0,14510.0,RED_BASE,support_in_base
EUW1_7697423816,200,7,7.003683333333333,14340.0,14391.0,RED_BASE,support_in_base
EUW1_7697423816,200,11,11.0049,14340.0,14391.0,RED_BASE,support_in_base
EUW1_7697424143,100,5,5.002233333333334,1867.0,589.0,BLUE_BASE,support_in_base
EUW1_7697424143,100,7,7.0027,1277.0,765.0,BLUE_BASE,support_in_base
EUW1_7697424143,100,8,8.00275,550.0,647.0,BLUE_BASE,support_in_base
EUW1_7697425702,100,6,6.00225,10640.0,1682.0,BOT_LANE_CORE,support_dead_with_xy
EUW1_7697426247,200,6,6.0014666666666665,13022.0,12381.0,RED_BASE,support_in_base
EUW1_7697426247,200,11,11.003866666666667,8940.0,1578.0,BOT_LANE_CORE,support_dead_with_xy
EUW1_7697426293,200,6,6.002666666666666,13954.0,4359.0,BOT_LANE_CORE,support_dead_with_xy
EUW1_7697426293,200,9,9.003416666666666,11873.0,12968.0,RED_BASE,support_in_base
EUW1_7697426293,200,10,10.003866666666667,14340.0,14391.0,RED_BASE,support_in_base
EUW1_7697426600,100,5,5.002766666666667,12265.0,1341.0,BOT_LANE_CORE,support_dead_with_xy
EUW1_7697426600,100,8,8.003283333333334,394.0,461.0,BLUE_BASE,support_in_base
EUW1_7697426600,200,8,8.003283333333334,14225.0,13723.0,RED_BASE,support_in_base
EUW1_7697426600,200,9,9.003516666666666,9197.0,6567.0,RIVER_BOT,support_dead_with_xy
EUW1_7697426764,100,5,5.00275,2980.0,741.0,BLUE_BASE,support_in_base
EUW1_7697426764,200,10,10.004733333333334,14204.0,13715.0,RED_BASE,support_in_base
EUW1_7697428057,100,8,8.003233333333334,10045.0,1603.0,BOT_LANE_CORE,support_dead_with_xy
EUW1_7697428057,100,10,10.00345,394.0,461.0,BLUE_BASE,support_in_base
EUW1_7697428057,100,11,11.003566666666666,394.0,461.0,BLUE_BASE,support_in_base
EUW1_7697428057,200,6,6.002666666666666,13947.0,12806.0,RED_BASE,support_in_base
EUW1_7697430767,100,11,11.003516666666666,1307.0,665.0,BLUE_BASE,support_in_base
EUW1_7697431251,100,8,8.003933333333332,12102.0,1983.0,BOT_LANE_CORE,support_dead_with_xy
EUW1_7697431900,100,11,11.00455,2991.0,915.0,BLUE_BASE,support_in_base
EUW1_7697431900,200,10,10.004166666666666,14120.0,11982.0,RED_BASE,support_in_base
EUW1_7697432078,200,6,6.002833333333333,13587.0,4444.0,BOT_LANE_CORE,support_dead_with_xy
EUW1_7697432078,200,9,9.003533333333333,12549.0,2487.0,BOT_LANE_CORE,support_dead_with_xy
EUW1_7697432078,200,11,11.0043,13132.0,2241.0,BOT_LANE_CORE,support_dead_with_xy
EUW1_7697432222,100,11,11.005283333333333,1431.0,1116.0,BLUE_BASE,support_in_base
EUW1_7697432446,100,5,5.000866666666667,2996.0,669.0,BLUE_BASE,support_in_base
EUW1_7697432446,200,9,9.003233333333334,13881.0,14001.0,RED_BASE,support_in_base
EUW1_7697432805,100,6,6.001683333333333,1028.0,604.0,BLUE_BASE,support_in_base
EUW1_7697432805,200,7,7.00305,14217.0,13945.0,RED_BASE,support_in_base
EUW1_7697433250,200,11,11.004416666666666,14340.0,14391.0,RED_BASE,support_in_base
EUW1_7697433586,200,5,5.003183333333333,13333.0,3045.0,BOT_LANE_CORE,support_dead_with_xy
EUW1_7697433586,200,8,8.003983333333334,14303.0,14496.0,RED_BASE,support_in_base
EUW1_7697433586,200,10,10.0049,13371.0,3804.0,BOT_LANE_CORE,support_dead_with_xy
EUW1_7697433857,100,8,8.003783333333333,3156.0,890.0,BLUE_BASE,support_in_base
EUW1_7697433857,100,10,10.003833333333333,2220.0,11544.0,TOP_SIDE_NEAR,support_dead_with_xy
EUW1_7697433857,200,6,6.00305,12513.0,13346.0,RED_BASE,support_in_base
EUW1_7697433943,100,9,9.0039,2210.0,801.0,BLUE_BASE,support_in_base
EUW1_7697433943,100,10,10.004316666666666,562.0,507.0,BLUE_BASE,support_in_base
EUW1_7697433943,200,10,10.004316666666666,13697.0,13264.0,RED_BASE,support_in_base
EUW1_7697434280,100,6,6.00105,11795.0,2036.0,BOT_LANE_CORE,support_dead_with_xy
EUW1_7697434280,100,10,10.0037,11630.0,2166.0,BOT_SIDE_NEAR,support_dead_with_xy
EUW1_7697434280,200,8,8.001633333333332,13785.0,4716.0,BOT_LANE_CORE,support_dead_with_xy
EUW1_7697434658,100,11,11.004033333333334,8953.0,3520.0,BOT_SIDE_NEAR,support_dead_with_xy
EUW1_7697434658,200,9,9.003116666666667,13482.0,5162.0,BOT_LANE_CORE,support_dead_with_xy
EUW1_7697435239,200,8,8.00345,14368.0,14112.0,RED_BASE,support_in_base
EUW1_7697435389,200,11,11.004833333333334,11931.0,2434.0,BOT_LANE_CORE,support_dead_with_xy
EUW1_7697436207,200,6,6.00155,14340.0,14391.0,RED_BASE,support_in_base
EUW1_7697436338,100,5,5.002483333333333,1008.0,511.0,BLUE_BASE,support_in_base
EUW1_7697436338,100,10,10.004216666666666,10974.0,5133.0,BOT_SIDE_NEAR,support_dead_with_xy
EUW1_7697436338,200,5,5.002483333333333,13858.0,11085.0,RED_BASE,support_in_base
EUW1_7697436843,100,8,8.00215,10689.0,2409.0,BOT_SIDE_NEAR,support_dead_with_xy
EUW1_7697436843,200,9,9.003583333333333,14356.0,14345.0,RED_BASE,support_in_base
EUW1_7697437571,100,9,9.003666666666666,1271.0,1925.0,BLUE_BASE,support_in_base
EUW1_7697438169,100,6,6.0029,3256.0,1910.0,BLUE_BASE,support_in_base
EUW1_7697438169,100,9,9.0043,8458.0,912.0,BOT_LANE_CORE,support_dead_with_xy
EUW1_7697438169,100,11,11.004883333333334,10536.0,1219.0,BOT_LANE_CORE,support_dead_with_xy
EUW1_7697438169,200,9,9.0043,11063.0,1849.0,BOT_LANE_CORE,support_dead_with_xy
EUW1_7697438169,200,11,11.004883333333334,11002.0,2000.0,BOT_SIDE_NEAR,support_dead_with_xy
EUW1_7697438439,100,5,5.00225,1600.0,552.0,BLUE_BASE,support_in_base
EUW1_7697438439,100,8,8.003633333333333,1878.0,1149.0,BLUE_BASE,support_in_base
EUW1_7697438439,100,10,10.0042,256.0,331.0,BLUE_BASE,support_in_base
EUW1_7697438497,100,8,8.0035,2591.0,1946.0,BLUE_BASE,support_in_base
EUW1_7697438497,100,11,11.004783333333334,2342.0,1259.0,BLUE_BASE,support_in_base
EUW1_7697438497,200,10,10.004383333333333,11629.0,1793.0,BOT_LANE_CORE,support_dead_with_xy
EUW1_7697438660,200,11,11.004733333333334,7642.0,2583.0,BLUE_BOT_JUNGLE,support_dead_with_xy
EUW1_7697438906,100,9,9.00365,1434.0,622.0,BLUE_BASE,support_in_base
EUW1_7697438906,100,11,11.0045,649.0,512.0,BLUE_BASE,support_in_base
EUW1_7697438906,200,9,9.00365,13923.0,13660.0,RED_BASE,support_in_base
EUW1_7697438976,200,6,6.0034,13583.0,12031.0,RED_BASE,support_in_base
EUW1_7697438976,200,7,7.00355,14340.0,14391.0,RED_BASE,support_in_base
EUW1_7697439156,200,11,11.0045,14170.0,13367.0,RED_BASE,support_in_base
EUW1_7697439634,100,9,9.003816666666667,858.0,1892.0,BLUE_BASE,support_in_base
EUW1_7697439698,200,5,5.0024,10777.0,1893.0,BOT_LANE_CORE,support_dead_with_xy
EUW1_7697439698,200,7,7.0027333333333335,14224.0,13915.0,RED_BASE,support_in_base
EUW1_7697440468,200,5,5.002716666666666,14340.0,14391.0,RED_BASE,support_in_base
EUW1_7697440468,200,10,10.003533333333333,14064.0,4684.0,BOT_LANE_CORE,support_dead_with_xy
EUW1_7697440774,200,6,6.0023333333333335,14211.0,13921.0,RED_BASE,support_in_base
EUW1_7697440805,100,11,11.005983333333333,1232.0,2603.0,BLUE_BASE,support_in_base
EUW1_7697440805,200,7,7.001333333333333,14340.0,14391.0,RED_BASE,support_in_base
EUW1_7697440805,200,9,9.005066666666666,14340.0,14391.0,RED_BASE,support_in_base
EUW1_7697442550,100,11,11.004766666666667,9233.0,843.0,BOT_LANE_CORE,support_dead_with_xy
EUW1_7697442550,200,8,8.003766666666667,8496.0,8661.0,MID_LANE,support_dead_with_xy
EUW1_7697442550,200,10,10.004233333333334,14235.0,13560.0,RED_BASE,support_in_base
EUW1_7697445676,100,11,11.003966666666667,11387.0,1557.0,BOT_LANE_CORE,support_dead_with_xy
EUW1_7697445676,200,11,11.003966666666667,12764.0,2752.0,BOT_LANE_CORE,support_dead_with_xy
EUW1_7697445901,100,8,8.003483333333334,394.0,461.0,BLUE_BASE,support_in_base
EUW1_7697445901,200,11,11.00375,14192.0,13792.0,RED_BASE,support_in_base
EUW1_7697445971,100,7,7.001316666666667,759.0,612.0,BLUE_BASE,support_in_base
EUW1_7697446049,100,10,10.004983333333334,2657.0,1771.0,BLUE_BASE,support_in_base
EUW1_7697446049,200,10,10.004983333333334,14200.0,13813.0,RED_BASE,support_in_base
EUW1_7697446212,100,7,7.003333333333333,1183.0,662.0,BLUE_BASE,support_in_base
EUW1_7697446212,200,6,6.00285,12571.0,4476.0,BOT_SIDE_NEAR,support_dead_with_xy
EUW1_7697446212,200,8,8.003516666666666,13474.0,3947.0,BOT_LANE_CORE,support_dead_with_xy
EUW1_7697447711,100,7,7.003516666666667,1043.0,707.0,BLUE_BASE,support_in_base
EUW1_7697447711,200,6,6.003283333333333,11008.0,1944.0,BOT_LANE_CORE,support_dead_with_xy
EUW1_7697447711,200,8,8.00385,12476.0,1450.0,BOT_LANE_CORE,support_dead_with_xy
EUW1_7697448205,100,8,8.004233333333334,980.0,598.0,BLUE_BASE,support_in_base
EUW1_7697448205,100,9,9.004316666666666,3398.0,1927.0,BLUE_BASE,support_in_base
EUW1_7697448205,200,8,8.004233333333334,14099.0,13831.0,RED_BASE,support_in_base
EUW1_7697448205,200,10,10.004433333333333,14142.0,13782.0,RED_BASE,support_in_base
EUW1_7697448205,200,11,11.00455,14057.0,5554.0,BOT_LANE_CORE,support_dead_with_xy
EUW1_7697448212,200,8,8.003616666666666,13822.0,11624.0,RED_BASE,support_in_base
EUW1_7697448620,200,10,10.004016666666667,11510.0,5796.0,BOT_SIDE_NEAR,support_dead_with_xy
EUW1_7697449764,200,11,11.0047,13981.0,5822.0,BOT_LANE_CORE,support_dead_with_xy
EUW1_7697450412,100,8,8.002833333333333,9612.0,1580.0,BOT_LANE_CORE,support_dead_with_xy
EUW1_7697450571,100,9,9.004233333333334,789.0,611.0,BLUE_BASE,support_in_base
EUW1_7697450597,100,7,7.003316666666667,2905.0,886.0,BLUE_BASE,support_in_base
EUW1_7697450597,100,9,9.00375,5230.0,7345.0,BLUE_TOP_JUNGLE,support_dead_with_xy
EUW1_7697452453,100,6,6.003566666666667,2920.0,739.0,BLUE_BASE,support_in_base
EUW1_7697452453,100,11,11.005233333333333,7659.0,4928.0,BLUE_BOT_JUNGLE,support_dead_with_xy
EUW1_7697452453,200,5,5.00305,13079.0,1445.0,BOT_LANE_CORE,support_dead_with_xy
EUW1_7697452453,200,10,10.004883333333334,14321.0,14216.0,RED_BASE,support_in_base
EUW1_7697452854,200,7,7.00415,13908.0,13018.0,RED_BASE,support_in_base
EUW1_7697452891,100,8,8.003383333333334,2568.0,2017.0,BLUE_BASE,support_in_base
EUW1_7697452891,100,11,11.00445,11240.0,5939.0,BOT_SIDE_NEAR,support_dead_with_xy
EUW1_7697452891,200,9,9.003883333333333,4225.0,9597.0,TOP_SIDE_NEAR,support_dead_with_xy
EUW1_7697453075,200,10,10.00395,9236.0,1974.0,BOT_SIDE_NEAR,support_dead_with_xy
EUW1_7697453075,200,11,11.00425,12124.0,4679.0,BOT_SIDE_NEAR,support_dead_with_xy
EUW1_7697453304,100,10,10.003616666666666,12467.0,1953.0,BOT_LANE_CORE,support_dead_with_xy
EUW1_7697453304,200,6,6.0018,14178.0,11830.0,RED_BASE,support_in_base
EUW1_7697453304,200,8,8.0035,13537.0,3814.0,BOT_LANE_CORE,support_dead_with_xy
EUW1_7697453494,200,5,5.002416666666667,12422.0,2635.0,BOT_LANE_CORE,support_dead_with_xy
EUW1_7697453524,100,7,7.00405,10111.0,1592.0,BOT_LANE_CORE,support_dead_with_xy
EUW1_7697453524,100,10,10.00465,1479.0,571.0,BLUE_BASE,support_in_base
EUW1_7697453524,100,11,11.00505,744.0,502.0,BLUE_BASE,support_in_base
EUW1_7697453524,200,10,10.00465,14340.0,14391.0,RED_BASE,support_in_base
EUW1_7697453588,100,11,11.004466666666668,11320.0,1620.0,BOT_LANE_CORE,support_dead_with_xy
EUW1_7697453588,200,7,7.003283333333333,13471.0,12924.0,RED_BASE,support_in_base
EUW1_7697453588,200,11,11.004466666666668,12736.0,3005.0,BOT_LANE_CORE,support_dead_with_xy
EUW1_7697453616,100,5,5.0026166666666665,2382.0,658.0,BLUE_BASE,support_in_base
EUW1_7697453616,100,7,7.003316666666667,10258.0,1059.0,BOT_LANE_CORE,support_dead_with_xy
EUW1_7697455132,200,10,10.003966666666667,13301.0,13624.0,RED_BASE,support_in_base
EUW1_7697455495,200,5,5.002866666666667,14028.0,13890.0,RED_BASE,support_in_base
EUW1_7697455495,200,7,7.003433333333334,14057.0,4803.0,BOT_LANE_CORE,support_dead_with_xy
EUW1_7697456084,100,7,7.003183333333333,554.0,490.0,BLUE_BASE,support_in_base
EUW1_7697456084,200,7,7.003183333333333,14264.0,13955.0,RED_BASE,support_in_base
EUW1_7697456084,200,9,9.00395,14201.0,12552.0,RED_BASE,support_in_base
EUW1_7697456565,100,7,7.00265,13507.0,2504.0,BOT_LANE_CORE,support_dead_with_xy
EUW1_7697456720,200,5,5.002866666666667,13968.0,12980.0,RED_BASE,support_in_base
EUW1_7697457082,200,11,11.004566666666667,10030.0,2581.0,BOT_SIDE_NEAR,support_dead_with_xy
EUW1_7697458152,100,5,5.0007166666666665,3124.0,1926.0,BLUE_BASE,support_in_base
EUW1_7697458152,200,8,8.003216666666667,13476.0,12283.0,RED_BASE,support_in_base
EUW1_7697458162,100,8,8.0034,394.0,461.0,BLUE_BASE,support_in_base
EUW1_7697458590,100,8,8.003183333333334,1827.0,739.0,BLUE_BASE,support_in_base
EUW1_7697458590,200,5,5.000866666666667,14481.0,14564.0,RED_BASE,support_in_base
EUW1_7697459103,100,5,5.002466666666667,394.0,461.0,BLUE_BASE,support_in_base
EUW1_7697459103,100,8,8.003266666666667,3413.0,766.0,BLUE_BASE,support_in_base
EUW1_7697459103,100,9,9.00365,358.0,543.0,BLUE_BASE,support_in_base
EUW1_7697459103,200,6,6.002816666666667,13972.0,11397.0,RED_BASE,support_in_base
EUW1_7697459103,200,10,10.004083333333334,13800.0,3753.0,BOT_LANE_CORE,support_dead_with_xy
EUW1_7697459529,200,6,6.0014666666666665,13736.0,13261.0,RED_BASE,support_in_base
EUW1_7697459529,200,10,10.003883333333333,10937.0,6915.0,RED_BOT_JUNGLE,support_dead_with_xy
EUW1_7697459904,100,7,7.0035,10643.0,872.0,BOT_LANE_CORE,support_dead_with_xy
EUW1_7697459904,100,9,9.003916666666667,10212.0,809.0,BOT_LANE_CORE,support_dead_with_xy
EUW1_7697460878,200,6,6.002783333333333,14269.0,13471.0,RED_BASE,support_in_base
EUW1_7697460878,200,7,7.003266666666667,12702.0,1502.0,BOT_LANE_CORE,support_dead_with_xy
EUW1_7697460878,200,10,10.004083333333334,14256.0,13378.0,RED_BASE,support_in_base
EUW1_7697461088,100,5,5.003,3473.0,882.0,BLUE_BASE,support_in_base
EUW1_7697461088,200,7,7.00395,13104.0,2754.0,BOT_LANE_CORE,support_dead_with_xy
EUW1_7697461291,100,7,7.003433333333334,2927.0,1376.0,BLUE_BASE,support_in_base
EUW1_7697461291,100,11,11.004716666666667,1448.0,994.0,BLUE_BASE,support_in_base
EUW1_7697461291,200,6,6.00315,12998.0,4008.0,BOT_SIDE_NEAR,support_dead_with_xy
EUW1_7697461774,100,7,7.001666666666667,786.0,837.0,BLUE_BASE,support_in_base
EUW1_7697461925,100,8,8.0043,1592.0,713.0,BLUE_BASE,support_in_base
EUW1_7697461925,200,8,8.0043,14340.0,14391.0,RED_BASE,support_in_base
EUW1_7697462002,100,9,9.00405,3256.0,1361.0,BLUE_BASE,support_in_base
EUW1_7697462002,200,7,7.003816666666666,14044.0,12436.0,RED_BASE,support_in_base
EUW1_7697463012,100,7,7.003116666666667,439.0,491.0,BLUE_BASE,support_in_base
EUW1_7697463012,100,8,8.0033,6363.0,6242.0,MID_LANE,support_dead_with_xy
EUW1_7697463012,100,9,9.00385,11835.0,1958.0,BOT_LANE_CORE,support_dead_with_xy
EUW1_7697463537,100,7,7.004166666666666,1626.0,1233.0,BLUE_BASE,support_in_base
EUW1_7697463543,100,11,11.004416666666666,2259.0,764.0,BLUE_BASE,support_in_base
EUW1_7697463543,200,5,5.00325,13702.0,4799.0,BOT_LANE_CORE,support_dead_with_xy
EUW1_7697463657,200,8,8.003833333333333,13935.0,5040.0,BOT_LANE_CORE,support_dead_with_xy
EUW1_7697463938,200,5,5.0028,13735.0,3080.0,BOT_LANE_CORE,support_dead_with_xy
EUW1_7697463938,200,8,8.003616666666666,12128.0,2206.0,BOT_LANE_CORE,support_dead_with_xy
EUW1_7697463938,200,9,9.003833333333333,14302.0,14291.0,RED_BASE,support_in_base
EUW1_7697463997,100,11,11.00375,394.0,461.0,BLUE_BASE,support_in_base
EUW1_7697464240,200,6,6.003033333333334,9503.0,2426.0,BOT_SIDE_NEAR,support_dead_with_xy
EUW1_7697464240,200,7,7.00325,8580.0,6542.0,RIVER_BOT,support_dead_with_xy
EUW1_7697464365,100,5,5.0038,800.0,876.0,BLUE_BASE,support_in_base
EUW1_7697464365,100,11,11.005066666666666,394.0,461.0,BLUE_BASE,support_in_base
EUW1_7697465168,200,7,7.00385,8962.0,4636.0,BOT_SIDE_NEAR,support_dead_with_xy
EUW1_7697465194,100,5,5.002166666666667,10464.0,1676.0,BOT_LANE_CORE,support_dead_with_xy
EUW1_7697465194,200,10,10.003566666666666,14168.0,14099.0,RED_BASE,support_in_base
EUW1_7697465337,100,9,9.0017,1495.0,2106.0,BLUE_BASE,support_in_base
EUW1_7697465337,200,8,8.001533333333333,13968.0,14154.0,RED_BASE,support_in_base
EUW1_7697465337,200,11,11.0036,13071.0,3628.0,BOT_LANE_CORE,support_dead_with_xy
EUW1_7697465846,100,11,11.00405,1493.0,601.0,BLUE_BASE,support_in_base
EUW1_7697465846,200,6,6.00315,11497.0,1378.0,BOT_LANE_CORE,support_dead_with_xy
EUW1_7697466147,100,11,11.004066666666667,12141.0,2323.0,BOT_LANE_CORE,support_dead_with_xy
EUW1_7697466147,200,10,10.003783333333333,13455.0,11950.0,RED_BASE,support_in_base
EUW1_7697466705,100,11,11.004483333333333,13562.0,2298.0,BOT_LANE_CORE,support_dead_with_xy
EUW1_7697466705,200,6,6.0027333333333335,14340.0,14391.0,RED_BASE,support_in_base
EUW1_7697466705,200,10,10.0041,14340.0,14391.0,RED_BASE,support_in_base
EUW1_7697467578,200,8,8.0036,10664.0,3278.0,BOT_SIDE_NEAR,support_dead_with_xy
EUW1_7697467586,200,8,8.003716666666667,14007.0,11753.0,RED_BASE,support_in_base
EUW1_7697467839,100,7,7.003316666666667,835.0,516.0,BLUE_BASE,support_in_base
EUW1_7697468069,100,6,6.002916666666667,11147.0,1291.0,BOT_LANE_CORE,support_dead_with_xy
EUW1_7697468805,100,9,9.0045,394.0,461.0,BLUE_BASE,support_in_base
EUW1_7697468805,200,8,8.0042,13967.0,12808.0,RED_BASE,support_in_base
EUW1_7697469421,200,7,7.004316666666667,10296.0,7348.0,RED_BOT_JUNGLE,support_dead_with_xy
EUW1_7697469688,100,10,10.00395,11870.0,5176.0,BOT_SIDE_NEAR,support_dead_with_xy
EUW1_7697469688,200,5,5.002766666666667,13947.0,11405.0,RED_BASE,support_in_base
EUW1_7697469688,200,8,8.003566666666666,13356.0,11197.0,RED_BASE,support_in_base
EUW1_7697471295,100,6,6.002966666666667,12976.0,4161.0,BOT_SIDE_NEAR,support_dead_with_xy
EUW1_7697471295,200,11,11.004633333333333,12308.0,7741.0,RED_BOT_JUNGLE,support_dead_with_xy
EUW1_7697471581,100,6,6.000683333333333,5851.0,6687.0,MID_LANE,support_dead_with_xy
EUW1_7697471581,200,11,11.00335,12520.0,2926.0,BOT_LANE_CORE,support_dead_with_xy
EUW1_7697471893,100,11,11.00395,9950.0,1065.0,BOT_LANE_CORE,support_dead_with_xy
EUW1_7697471893,200,9,9.003483333333334,12742.0,2486.0,BOT_LANE_CORE,support_dead_with_xy
EUW1_7697472349,200,6,6.002983333333333,13232.0,11289.0,RED_BASE,support_in_base
EUW1_7697472349,200,9,9.004266666666666,13465.0,3292.0,BOT_LANE_CORE,support_dead_with_xy
EUW1_7697472937,100,11,11.004583333333333,11551.0,1062.0,BOT_LANE_CORE,support_dead_with_xy
EUW1_7697472937,200,9,9.0039,14001.0,13699.0,RED_BASE,support_in_base
EUW1_7697473346,100,11,11.003733333333333,875.0,758.0,BLUE_BASE,support_in_base
EUW1_7697473362,100,6,6.001783333333333,1407.0,659.0,BLUE_BASE,support_in_base
EUW1_7697473362,100,7,7.003466666666666,394.0,461.0,BLUE_BASE,support_in_base
EUW1_7697473362,100,11,11.0047,13109.0,5787.0,BOT_LANE_CORE,support_dead_with_xy
EUW1_7697473362,200,11,11.0047,14114.0,4868.0,BOT_LANE_CORE,support_dead_with_xy
EUW1_7697474003,100,5,5.003233333333333,10887.0,1254.0,BOT_LANE_CORE,support_dead_with_xy
EUW1_7697474003,100,7,7.003666666666667,10185.0,1246.0,BOT_LANE_CORE,support_dead_with_xy
EUW1_7697474003,100,11,11.005133333333333,10492.0,1689.0,BOT_LANE_CORE,support_dead_with_xy
EUW1_7697474003,200,5,5.003233333333333,13942.0,12017.0,RED_BASE,support_in_base
EUW1_7697474093,200,6,6.002816666666667,14272.0,14302.0,RED_BASE,support_in_base
EUW1_7697474093,200,7,7.003283333333333,14005.0,11728.0,RED_BASE,support_in_base
EUW1_7697474525,100,9,9.004,5206.0,8157.0,BLUE_TOP_JUNGLE,support_dead_with_xy
EUW1_7697474525,100,11,11.004783333333334,578.0,476.0,BLUE_BASE,support_in_base
EUW1_7697474725,200,11,11.0051,14245.0,14159.0,RED_BASE,support_in_base
EUW1_7697475181,200,9,9.004283333333333,14009.0,12094.0,RED_BASE,support_in_base
EUW1_7697475533,200,11,11.005066666666666,13937.0,14125.0,RED_BASE,support_in_base
EUW1_7697475594,200,9,9.004033333333334,14233.0,13064.0,RED_BASE,support_in_base
EUW1_7697476568,100,10,10.003766666666667,3741.0,1519.0,BLUE_BASE,support_in_base
EUW1_7697476568,200,6,6.002716666666666,14338.0,14322.0,RED_BASE,support_in_base
EUW1_7697478417,200,6,6.003033333333334,14094.0,13588.0,RED_BASE,support_in_base
EUW1_7697478518,100,10,10.004316666666666,10180.0,2949.0,BOT_SIDE_NEAR,support_dead_with_xy
EUW1_7697478518,200,11,11.004566666666667,7319.0,6164.0,MID_LANE,support_dead_with_xy
EUW1_7697478612,100,11,11.004433333333333,394.0,461.0,BLUE_BASE,support_in_base
EUW1_7697478612,200,9,9.0038,14151.0,13346.0,RED_BASE,support_in_base
EUW1_7697478612,200,11,11.004433333333333,14224.0,14046.0,RED_BASE,support_in_base
EUW1_7697478788,100,6,6.0031,3341.0,651.0,BLUE_BASE,support_in_base
EUW1_7697478788,100,9,9.003666666666666,10322.0,808.0,BOT_LANE_CORE,support_dead_with_xy
EUW1_7697478788,200,9,9.003666666666666,13212.0,12836.0,RED_BASE,support_in_base
EUW1_7697478788,200,10,10.004,14291.0,13910.0,RED_BASE,support_in_base
EUW1_7697478974,200,9,9.0038,13856.0,3805.0,BOT_LANE_CORE,support_dead_with_xy
EUW1_7697478974,200,10,10.004066666666667,14340.0,14391.0,RED_BASE,support_in_base
EUW1_7697479097,200,7,7.00335,12487.0,1347.0,BOT_LANE_CORE,support_dead_with_xy
EUW1_7697479097,200,9,9.003783333333333,13397.0,3323.0,BOT_LANE_CORE,support_dead_with_xy
EUW1_7697479175,100,8,8.003616666666666,2385.0,805.0,BLUE_BASE,support_in_base
EUW1_7697479474,200,9,9.00505,13481.0,4479.0,BOT_LANE_CORE,support_dead_with_xy
EUW1_7697479557,200,5,5.002533333333333,13096.0,6822.0,BOT_LANE_CORE,support_dead_with_xy
EUW1_7697479557,200,10,10.003366666666667,13568.0,4804.0,BOT_LANE_CORE,support_dead_with_xy
EUW1_7697479624,100,8,8.00385,3653.0,1575.0,BLUE_BASE,support_in_base
EUW1_7697479624,200,5,5.002933333333333,13618.0,12104.0,RED_BASE,support_in_base
EUW1_7697479624,200,9,9.004,14145.0,13967.0,RED_BASE,support_in_base
EUW1_7697479947,100,9,9.00415,3080.0,818.0,BLUE_BASE,support_in_base
EUW1_7697479947,100,10,10.004566666666667,12045.0,1136.0,BOT_LANE_CORE,support_dead_with_xy
EUW1_7697479947,200,10,10.004566666666667,13323.0,1369.0,BOT_LANE_CORE,support_dead_with_xy
EUW1_7697480381,100,10,10.00375,12297.0,4389.0,BOT_SIDE_NEAR,support_dead_with_xy
EUW1_7697480381,200,5,5.002783333333333,12827.0,3114.0,BOT_LANE_CORE,support_dead_with_xy
EUW1_7697480381,200,9,9.003633333333333,14158.0,14063.0,RED_BASE,support_in_base
EUW1_7697480381,200,10,10.00375,14339.0,14374.0,RED_BASE,support_in_base
EUW1_7697480755,100,11,11.003916666666667,8806.0,5739.0,RIVER_BOT,support_dead_with_xy
EUW1_7697480755,200,7,7.002966666666667,14340.0,14391.0,RED_BASE,support_in_base
EUW1_7697480784,100,5,5.002933333333333,1375.0,1125.0,BLUE_BASE,support_in_base
EUW1_7697480784,200,5,5.002933333333333,13529.0,12961.0,RED_BASE,support_in_base
EUW1_7697480790,200,7,7.0030166666666664,11768.0,1718.0,BOT_LANE_CORE,support_dead_with_xy
EUW1_7697480790,200,11,11.004266666666666,13920.0,14259.0,RED_BASE,support_in_base
EUW1_7697483050,100,5,5.002766666666667,1568.0,603.0,BLUE_BASE,support_in_base
EUW1_7697483599,100,5,5.0027,1390.0,570.0,BLUE_BASE,support_in_base
EUW1_7697483599,100,6,6.0027333333333335,12791.0,5777.0,BOT_SIDE_NEAR,support_dead_with_xy
EUW1_7697483599,100,7,7.0030833333333335,11460.0,3901.0,BOT_SIDE_NEAR,support_dead_with_xy
EUW1_7697483599,100,9,9.003566666666666,7066.0,10072.0,RED_TOP_JUNGLE,support_dead_with_xy
EUW1_7697483599,200,6,6.0027333333333335,13859.0,6403.0,BOT_LANE_CORE,support_dead_with_xy
EUW1_7697483599,200,10,10.00405,12799.0,11984.0,RED_BASE,support_in_base
EUW1_7697484327,200,6,6.0027,13029.0,12115.0,RED_BASE,support_in_base
EUW1_7697484988,100,11,11.005066666666666,394.0,461.0,BLUE_BASE,support_in_base
EUW1_7697485447,100,10,10.00425,2297.0,2281.0,BLUE_BASE,support_in_base
EUW1_7697486150,100,5,5.0026,11929.0,2853.0,BOT_SIDE_NEAR,support_dead_with_xy
EUW1_7697486150,100,9,9.00365,394.0,461.0,BLUE_BASE,support_in_base
EUW1_7697486150,200,6,6.0027,14365.0,14241.0,RED_BASE,support_in_base
EUW1_7697486273,100,6,6.003033333333334,3112.0,794.0,BLUE_BASE,support_in_base
EUW1_7697486273,200,6,6.003033333333334,11576.0,13163.0,RED_BASE,support_in_base
