case_id,case_group,case_rank,match_id,team_id,minute,event_type,killer,victim,assists,killer_relation,victim_relation,assist_relations,monster_type,building_type,lane_type,ally_support_involved,ally_adc_involved,ally_support_died,ally_adc_died,ally_support_assist,ally_adc_assist,x,y
top_error_01_EUW1_7831489390_200,top_error,1,EUW1_7831489390,200,1.3617,CHAMPION_KILL,"Velkoz(BOTTOM,T100,pid4)","Yuumi(UTILITY,T200,pid10)","Pyke(UTILITY,T100,pid5)",enemy_bottom,ally_support,enemy_utility,,,,True,False,True,False,False,False,11828,2970
top_error_01_EUW1_7831489390_200,top_error,1,EUW1_7831489390,200,1.3928666666666667,CHAMPION_KILL,"Smolder(BOTTOM,T200,pid9)","Pyke(UTILITY,T100,pid5)","Yuumi(UTILITY,T200,pid10)",ally_adc,enemy_utility,ally_support,,,,True,True,False,False,True,False,11771,2537
top_error_01_EUW1_7831489390_200,top_error,1,EUW1_7831489390,200,1.4841666666666666,CHAMPION_KILL,"Velkoz(BOTTOM,T100,pid4)","Smolder(BOTTOM,T200,pid9)","Pyke(UTILITY,T100,pid5)",enemy_bottom,ally_adc,enemy_utility,,,,False,True,False,True,False,False,11694,3533
top_error_01_EUW1_7831489390_200,top_error,1,EUW1_7831489390,200,2.2477666666666667,CHAMPION_KILL,"Talon(JUNGLE,T200,pid7)","Azir(MIDDLE,T100,pid3)","KogMaw(MIDDLE,T200,pid8)",ally_jungle,enemy_middle,ally_middle,,,,False,False,False,False,False,False,7229,6503
top_error_01_EUW1_7831489390_200,top_error,1,EUW1_7831489390,200,3.0292333333333334,CHAMPION_KILL,"Shaco(JUNGLE,T100,pid2)","Smolder(BOTTOM,T200,pid9)","Velkoz(BOTTOM,T100,pid4); Pyke(UTILITY,T100,pid5)",enemy_jungle,ally_adc,enemy_bottom; enemy_utility,,,,False,True,False,True,False,False,13529,4595
top_error_01_EUW1_7831489390_200,top_error,1,EUW1_7831489390,200,3.8714666666666666,CHAMPION_KILL,"Velkoz(BOTTOM,T100,pid4)","Smolder(BOTTOM,T200,pid9)","Shaco(JUNGLE,T100,pid2); Pyke(UTILITY,T100,pid5)",enemy_bottom,ally_adc,enemy_jungle; enemy_utility,,,,False,True,False,True,False,False,11862,4642
top_error_01_EUW1_7831489390_200,top_error,1,EUW1_7831489390,200,3.9906,CHAMPION_KILL,"Velkoz(BOTTOM,T100,pid4)","Yuumi(UTILITY,T200,pid10)","Pyke(UTILITY,T100,pid5)",enemy_bottom,ally_support,enemy_utility,,,,True,False,True,False,False,False,12811,4224
top_error_01_EUW1_7831489390_200,top_error,1,EUW1_7831489390,200,4.2396666666666665,CHAMPION_KILL,"Jayce(TOP,T100,pid1)","Sion(TOP,T200,pid6)","Shaco(JUNGLE,T100,pid2)",enemy_top,ally_top,enemy_jungle,,,,False,False,False,False,False,False,4602,13722
top_error_01_EUW1_7831489390_200,top_error,1,EUW1_7831489390,200,4.657416666666666,CHAMPION_KILL,"Yuumi(UTILITY,T200,pid10)","Shaco(JUNGLE,T100,pid2)","Sion(TOP,T200,pid6); Talon(JUNGLE,T200,pid7)",ally_support,enemy_jungle,ally_top; ally_jungle,,,,True,False,False,False,False,False,5192,12918
top_error_01_EUW1_7831489390_200,top_error,1,EUW1_7831489390,200,5.189133333333333,TURRET_PLATE_DESTROYED,,,,,,,,,MID_LANE,False,False,False,False,False,False,8955,8510
top_error_01_EUW1_7831489390_200,top_error,1,EUW1_7831489390,200,5.377866666666667,CHAMPION_KILL,"Sion(TOP,T200,pid6)","Pyke(UTILITY,T100,pid5)",,ally_top,enemy_utility,,,,,False,False,False,False,False,False,3148,13745
top_error_01_EUW1_7831489390_200,top_error,1,EUW1_7831489390,200,5.4027,CHAMPION_KILL,"Pyke(UTILITY,T100,pid5)","Sion(TOP,T200,pid6)","Jayce(TOP,T100,pid1)",enemy_utility,ally_top,enemy_top,,,,False,False,False,False,False,False,3372,13525
top_error_01_EUW1_7831489390_200,top_error,1,EUW1_7831489390,200,6.140016666666667,TURRET_PLATE_DESTROYED,"Velkoz(BOTTOM,T100,pid4)",,,enemy_bottom,,,,,BOT_LANE,False,False,False,False,False,False,13866,4505
top_error_01_EUW1_7831489390_200,top_error,1,EUW1_7831489390,200,6.64795,CHAMPION_KILL,"Velkoz(BOTTOM,T100,pid4)","Smolder(BOTTOM,T200,pid9)",,enemy_bottom,ally_adc,,,,,False,True,False,True,False,False,13509,4661
top_error_01_EUW1_7831489390_200,top_error,1,EUW1_7831489390,200,7.192616666666667,TURRET_PLATE_DESTROYED,,,,,,,,,BOT_LANE,False,False,False,False,False,False,13866,4505
top_error_01_EUW1_7831489390_200,top_error,1,EUW1_7831489390,200,7.357383333333333,CHAMPION_KILL,"Velkoz(BOTTOM,T100,pid4)","Smolder(BOTTOM,T200,pid9)",,enemy_bottom,ally_adc,,,,,False,True,False,True,False,False,13584,3598
top_error_01_EUW1_7831489390_200,top_error,1,EUW1_7831489390,200,7.5337,CHAMPION_KILL,"Jayce(TOP,T100,pid1)","Talon(JUNGLE,T200,pid7)",,enemy_top,ally_jungle,,,,,False,False,False,False,False,False,7209,14089
top_error_01_EUW1_7831489390_200,top_error,1,EUW1_7831489390,200,7.630566666666667,CHAMPION_KILL,"Sion(TOP,T200,pid6)","Pyke(UTILITY,T100,pid5)","Yuumi(UTILITY,T200,pid10)",ally_top,enemy_utility,ally_support,,,,True,False,False,False,True,False,6898,12886
top_error_01_EUW1_7831489390_200,top_error,1,EUW1_7831489390,200,7.705916666666667,CHAMPION_KILL,"Jayce(TOP,T100,pid1)","Sion(TOP,T200,pid6)","Shaco(JUNGLE,T100,pid2); Pyke(UTILITY,T100,pid5)",enemy_top,ally_top,enemy_jungle; enemy_utility,,,,False,False,False,False,False,False,7858,13546
top_error_01_EUW1_7831489390_200,top_error,1,EUW1_7831489390,200,7.77215,TURRET_PLATE_DESTROYED,"Azir(MIDDLE,T100,pid3)",,,enemy_middle,,,,,MID_LANE,False,False,False,False,False,False,8955,8510
top_error_01_EUW1_7831489390_200,top_error,1,EUW1_7831489390,200,8.264683333333334,CHAMPION_KILL,"Velkoz(BOTTOM,T100,pid4)","Smolder(BOTTOM,T200,pid9)",,enemy_bottom,ally_adc,,,,,False,True,False,True,False,False,13368,3286
top_error_01_EUW1_7831489390_200,top_error,1,EUW1_7831489390,200,8.271366666666667,TURRET_PLATE_DESTROYED,"Jayce(TOP,T100,pid1)",,,enemy_top,,,,,TOP_LANE,False,False,False,False,False,False,4318,13875
top_error_01_EUW1_7831489390_200,top_error,1,EUW1_7831489390,200,8.38735,TURRET_PLATE_DESTROYED,,,,,,,,,TOP_LANE,False,False,False,False,False,False,4318,13875
top_error_01_EUW1_7831489390_200,top_error,1,EUW1_7831489390,200,8.680166666666667,TURRET_PLATE_DESTROYED,,,,,,,,,MID_LANE,False,False,False,False,False,False,5846,6396
top_error_01_EUW1_7831489390_200,top_error,1,EUW1_7831489390,200,8.782116666666667,CHAMPION_KILL,"Shaco(JUNGLE,T100,pid2)","Talon(JUNGLE,T200,pid7)",,enemy_jungle,ally_jungle,,,,,False,False,False,False,False,False,8872,4517
top_error_01_EUW1_7831489390_200,top_error,1,EUW1_7831489390,200,8.937116666666666,CHAMPION_KILL,"Velkoz(BOTTOM,T100,pid4)","KogMaw(MIDDLE,T200,pid8)","Azir(MIDDLE,T100,pid3); Pyke(UTILITY,T100,pid5)",enemy_bottom,ally_middle,enemy_middle; enemy_utility,,,,False,False,False,False,False,False,10505,6147
top_error_01_EUW1_7831489390_200,top_error,1,EUW1_7831489390,200,9.049666666666667,CHAMPION_KILL,"Azir(MIDDLE,T100,pid3)","Yuumi(UTILITY,T200,pid10)","Shaco(JUNGLE,T100,pid2); Velkoz(BOTTOM,T100,pid4); Pyke(UTILITY,T100,pid5)",enemy_middle,ally_support,enemy_jungle; enemy_bottom; enemy_utility,,,,True,False,True,False,False,False,10621,6264
top_error_01_EUW1_7831489390_200,top_error,1,EUW1_7831489390,200,9.244633333333333,CHAMPION_KILL,"Velkoz(BOTTOM,T100,pid4)","Smolder(BOTTOM,T200,pid9)",,enemy_bottom,ally_adc,,,,,False,True,False,True,False,False,13396,3923
top_error_01_EUW1_7831489390_200,top_error,1,EUW1_7831489390,200,9.652266666666666,TURRET_PLATE_DESTROYED,,,,,,,,,BOT_LANE,False,False,False,False,False,False,13866,4505
top_error_01_EUW1_7831489390_200,top_error,1,EUW1_7831489390,200,10.27385,CHAMPION_KILL,"Talon(JUNGLE,T200,pid7)","Jayce(TOP,T100,pid1)","Sion(TOP,T200,pid6); Yuumi(UTILITY,T200,pid10)",ally_jungle,enemy_top,ally_top; ally_support,,,,True,False,False,False,True,False,3812,13260
top_error_01_EUW1_7831489390_200,top_error,1,EUW1_7831489390,200,10.507166666666667,CHAMPION_KILL,"Azir(MIDDLE,T100,pid3)","Talon(JUNGLE,T200,pid7)","Jayce(TOP,T100,pid1); Shaco(JUNGLE,T100,pid2)",enemy_middle,ally_jungle,enemy_top; enemy_jungle,,,,False,False,False,False,False,False,6083,12671
top_error_01_EUW1_7831489390_200,top_error,1,EUW1_7831489390,200,10.635433333333333,CHAMPION_KILL,"Azir(MIDDLE,T100,pid3)","Yuumi(UTILITY,T200,pid10)","Shaco(JUNGLE,T100,pid2)",enemy_middle,ally_support,enemy_jungle,,,,True,False,True,False,False,False,6380,12571
top_error_01_EUW1_7831489390_200,top_error,1,EUW1_7831489390,200,10.643783333333333,TURRET_PLATE_DESTROYED,"KogMaw(MIDDLE,T200,pid8)",,,ally_middle,,,,,MID_LANE,False,False,False,False,False,False,5846,6396
top_error_01_EUW1_7831489390_200,top_error,1,EUW1_7831489390,200,10.989933333333333,ELITE_MONSTER_KILL,"Shaco(JUNGLE,T100,pid2)",,"Pyke(UTILITY,T100,pid5)",enemy_jungle,,enemy_utility,HORDE,,,False,False,False,False,False,False,4766,10157
top_error_01_EUW1_7831489390_200,top_error,1,EUW1_7831489390,200,11.115216666666667,ELITE_MONSTER_KILL,"Shaco(JUNGLE,T100,pid2)",,"Pyke(UTILITY,T100,pid5)",enemy_jungle,,enemy_utility,HORDE,,,False,False,False,False,False,False,4901,9992
top_error_01_EUW1_7831489390_200,top_error,1,EUW1_7831489390,200,11.1514,TURRET_PLATE_DESTROYED,"Velkoz(BOTTOM,T100,pid4)",,,enemy_bottom,,,,,BOT_LANE,False,False,False,False,False,False,13866,4505
top_error_01_EUW1_7831489390_200,top_error,1,EUW1_7831489390,200,11.153633333333334,ELITE_MONSTER_KILL,"Shaco(JUNGLE,T100,pid2)",,"Pyke(UTILITY,T100,pid5)",enemy_jungle,,enemy_utility,HORDE,,,False,False,False,False,False,False,4609,10232
top_error_01_EUW1_7831489390_200,top_error,1,EUW1_7831489390,200,11.543733333333334,CHAMPION_KILL,"Azir(MIDDLE,T100,pid3)","KogMaw(MIDDLE,T200,pid8)","Pyke(UTILITY,T100,pid5)",enemy_middle,ally_middle,enemy_utility,,,,False,False,False,False,False,False,8428,7194
top_error_01_EUW1_7831489390_200,top_error,1,EUW1_7831489390,200,11.611083333333333,CHAMPION_KILL,"KogMaw(MIDDLE,T200,pid8)","Pyke(UTILITY,T100,pid5)",,ally_middle,enemy_utility,,,,,False,False,False,False,False,False,8471,6222
top_error_02_EUW1_7706461344_100,top_error,2,EUW1_7706461344,100,1.8107833333333334,CHAMPION_KILL,"Sona(UTILITY,T200,pid10)","Zeri(BOTTOM,T100,pid4)","Lucian(BOTTOM,T200,pid9)",enemy_utility,ally_adc,enemy_bottom,,,,False,True,False,True,False,False,10393,828
top_error_02_EUW1_7706461344_100,top_error,2,EUW1_7706461344,100,3.0143666666666666,CHAMPION_KILL,"Graves(JUNGLE,T200,pid7)","Viego(JUNGLE,T100,pid2)",,enemy_jungle,ally_jungle,,,,,False,False,False,False,False,False,1756,6935
top_error_02_EUW1_7706461344_100,top_error,2,EUW1_7706461344,100,3.4949,CHAMPION_KILL,"Sona(UTILITY,T200,pid10)","Zeri(BOTTOM,T100,pid4)","Lucian(BOTTOM,T200,pid9)",enemy_utility,ally_adc,enemy_bottom,,,,False,True,False,True,False,False,11603,1565
top_error_02_EUW1_7706461344_100,top_error,2,EUW1_7706461344,100,3.9084666666666665,CHAMPION_KILL,"KSante(TOP,T100,pid1)","Camille(TOP,T200,pid6)",,ally_top,enemy_top,,,,,False,False,False,False,False,False,3488,11938
top_error_02_EUW1_7706461344_100,top_error,2,EUW1_7706461344,100,4.1691,TURRET_PLATE_DESTROYED,"TwistedFate(MIDDLE,T200,pid8)",,,enemy_middle,,,,,MID_LANE,False,False,False,False,False,False,5846,6396
top_error_02_EUW1_7706461344_100,top_error,2,EUW1_7706461344,100,4.2114,CHAMPION_KILL,"TwistedFate(MIDDLE,T200,pid8)","Viego(JUNGLE,T100,pid2)","Graves(JUNGLE,T200,pid7)",enemy_middle,ally_jungle,enemy_jungle,,,,False,False,False,False,False,False,4973,5953
top_error_02_EUW1_7706461344_100,top_error,2,EUW1_7706461344,100,4.28655,TURRET_PLATE_DESTROYED,,,,,,,,,BOT_LANE,False,False,False,False,False,False,10504,1029
top_error_02_EUW1_7706461344_100,top_error,2,EUW1_7706461344,100,4.3372,CHAMPION_KILL,"Lucian(BOTTOM,T200,pid9)","Zeri(BOTTOM,T100,pid4)","Sona(UTILITY,T200,pid10)",enemy_bottom,ally_adc,enemy_utility,,,,False,True,False,True,False,False,11432,949
top_error_02_EUW1_7706461344_100,top_error,2,EUW1_7706461344,100,4.995233333333333,CHAMPION_KILL,"TwistedFate(MIDDLE,T200,pid8)","Cassiopeia(MIDDLE,T100,pid3)",,enemy_middle,ally_middle,,,,,False,False,False,False,False,False,6713,6694
top_error_02_EUW1_7706461344_100,top_error,2,EUW1_7706461344,100,5.69625,CHAMPION_KILL,"Lucian(BOTTOM,T200,pid9)","Yuumi(UTILITY,T100,pid5)","Sona(UTILITY,T200,pid10)",enemy_bottom,ally_support,enemy_utility,,,,True,False,True,False,False,False,10671,878
top_error_02_EUW1_7706461344_100,top_error,2,EUW1_7706461344,100,5.868266666666667,TURRET_PLATE_DESTROYED,,,,,,,,,BOT_LANE,False,False,False,False,False,False,10504,1029
top_error_02_EUW1_7706461344_100,top_error,2,EUW1_7706461344,100,6.185266666666666,CHAMPION_KILL,"KSante(TOP,T100,pid1)","Camille(TOP,T200,pid6)",,ally_top,enemy_top,,,,,False,False,False,False,False,False,3424,13203
top_error_02_EUW1_7706461344_100,top_error,2,EUW1_7706461344,100,6.1897166666666665,CHAMPION_KILL,"Lucian(BOTTOM,T200,pid9)","Zeri(BOTTOM,T100,pid4)","Sona(UTILITY,T200,pid10)",enemy_bottom,ally_adc,enemy_utility,,,,False,True,False,True,False,False,10294,1681
top_error_02_EUW1_7706461344_100,top_error,2,EUW1_7706461344,100,6.437416666666667,CHAMPION_KILL,"Graves(JUNGLE,T200,pid7)","KSante(TOP,T100,pid1)",,enemy_jungle,ally_top,,,,,False,False,False,False,False,False,5129,13303
top_error_02_EUW1_7706461344_100,top_error,2,EUW1_7706461344,100,6.5098,CHAMPION_KILL,"Cassiopeia(MIDDLE,T100,pid3)","TwistedFate(MIDDLE,T200,pid8)","Viego(JUNGLE,T100,pid2)",ally_middle,enemy_middle,ally_jungle,,,,False,False,False,False,False,False,8697,7072
top_error_02_EUW1_7706461344_100,top_error,2,EUW1_7706461344,100,6.834966666666666,TURRET_PLATE_DESTROYED,,,,,,,,,MID_LANE,False,False,False,False,False,False,8955,8510
top_error_02_EUW1_7706461344_100,top_error,2,EUW1_7706461344,100,7.048416666666666,CHAMPION_KILL,"Lucian(BOTTOM,T200,pid9)","Viego(JUNGLE,T100,pid2)","Sona(UTILITY,T200,pid10)",enemy_bottom,ally_jungle,enemy_utility,,,,False,False,False,False,False,False,7451,3273
top_error_02_EUW1_7706461344_100,top_error,2,EUW1_7706461344,100,7.307366666666667,TURRET_PLATE_DESTROYED,,,,,,,,,BOT_LANE,False,False,False,False,False,False,13866,4505
top_error_02_EUW1_7706461344_100,top_error,2,EUW1_7706461344,100,7.467133333333333,CHAMPION_KILL,"Graves(JUNGLE,T200,pid7)","Yuumi(UTILITY,T100,pid5)",,enemy_jungle,ally_support,,,,,True,False,True,False,False,False,5652,5454
top_error_02_EUW1_7706461344_100,top_error,2,EUW1_7706461344,100,7.91035,CHAMPION_KILL,"Graves(JUNGLE,T200,pid7)","Zeri(BOTTOM,T100,pid4)","Lucian(BOTTOM,T200,pid9); Sona(UTILITY,T200,pid10)",enemy_jungle,ally_adc,enemy_bottom; enemy_utility,,,,False,True,False,True,False,False,9644,856
top_error_02_EUW1_7706461344_100,top_error,2,EUW1_7706461344,100,8.24795,TURRET_PLATE_DESTROYED,"KSante(TOP,T100,pid1)",,,ally_top,,,,,TOP_LANE,False,False,False,False,False,False,4318,13875
top_error_02_EUW1_7706461344_100,top_error,2,EUW1_7706461344,100,8.288033333333333,TURRET_PLATE_DESTROYED,,,,,,,,,BOT_LANE,False,False,False,False,False,False,10504,1029
top_error_02_EUW1_7706461344_100,top_error,2,EUW1_7706461344,100,9.096533333333333,ELITE_MONSTER_KILL,"Graves(JUNGLE,T200,pid7)",,,enemy_jungle,,,DRAGON,,,False,False,False,False,False,False,9837,4397
top_error_02_EUW1_7706461344_100,top_error,2,EUW1_7706461344,100,9.252383333333333,ELITE_MONSTER_KILL,"Viego(JUNGLE,T100,pid2)",,,ally_jungle,,,HORDE,,,False,False,False,False,False,False,4790,10182
top_error_02_EUW1_7706461344_100,top_error,2,EUW1_7706461344,100,9.2702,CHAMPION_KILL,"Graves(JUNGLE,T200,pid7)","Zeri(BOTTOM,T100,pid4)","TwistedFate(MIDDLE,T200,pid8); Sona(UTILITY,T200,pid10)",enemy_jungle,ally_adc,enemy_middle; enemy_utility,,,,False,True,False,True,False,False,8519,4735
top_error_02_EUW1_7706461344_100,top_error,2,EUW1_7706461344,100,9.324183333333334,CHAMPION_KILL,"Lucian(BOTTOM,T200,pid9)","Cassiopeia(MIDDLE,T100,pid3)","Graves(JUNGLE,T200,pid7); TwistedFate(MIDDLE,T200,pid8); Sona(UTILITY,T200,pid10)",enemy_bottom,ally_middle,enemy_jungle; enemy_middle; enemy_utility,,,,False,False,False,False,False,False,8873,4310
top_error_02_EUW1_7706461344_100,top_error,2,EUW1_7706461344,100,9.421666666666667,CHAMPION_KILL,"Lucian(BOTTOM,T200,pid9)","Yuumi(UTILITY,T100,pid5)","Graves(JUNGLE,T200,pid7); TwistedFate(MIDDLE,T200,pid8); Sona(UTILITY,T200,pid10)",enemy_bottom,ally_support,enemy_jungle; enemy_middle; enemy_utility,,,,True,False,True,False,False,False,7592,5761
top_error_02_EUW1_7706461344_100,top_error,2,EUW1_7706461344,100,9.460083333333333,ELITE_MONSTER_KILL,"Viego(JUNGLE,T100,pid2)",,,ally_jungle,,,HORDE,,,False,False,False,False,False,False,4756,10426
top_error_02_EUW1_7706461344_100,top_error,2,EUW1_7706461344,100,9.559716666666667,ELITE_MONSTER_KILL,"Viego(JUNGLE,T100,pid2)",,,ally_jungle,,,HORDE,,,False,False,False,False,False,False,5091,10302
top_error_02_EUW1_7706461344_100,top_error,2,EUW1_7706461344,100,9.695083333333333,TURRET_PLATE_DESTROYED,"Lucian(BOTTOM,T200,pid9)",,,enemy_bottom,,,,,MID_LANE,False,False,False,False,False,False,5846,6396
top_error_02_EUW1_7706461344_100,top_error,2,EUW1_7706461344,100,10.269566666666666,TURRET_PLATE_DESTROYED,"KSante(TOP,T100,pid1)",,,ally_top,,,,,TOP_LANE,False,False,False,False,False,False,4318,13875
top_error_02_EUW1_7706461344_100,top_error,2,EUW1_7706461344,100,10.5765,CHAMPION_KILL,"KSante(TOP,T100,pid1)","Camille(TOP,T200,pid6)",,ally_top,enemy_top,,,,,False,False,False,False,False,False,4311,13467
top_error_02_EUW1_7706461344_100,top_error,2,EUW1_7706461344,100,10.762516666666667,CHAMPION_KILL,"TwistedFate(MIDDLE,T200,pid8)","KSante(TOP,T100,pid1)","Camille(TOP,T200,pid6); Graves(JUNGLE,T200,pid7)",enemy_middle,ally_top,enemy_top; enemy_jungle,,,,False,False,False,False,False,False,3537,11564
top_error_02_EUW1_7706461344_100,top_error,2,EUW1_7706461344,100,11.115216666666667,TURRET_PLATE_DESTROYED,"Cassiopeia(MIDDLE,T100,pid3)",,,ally_middle,,,,,MID_LANE,False,False,False,False,False,False,8955,8510
top_error_02_EUW1_7706461344_100,top_error,2,EUW1_7706461344,100,11.161416666666666,TURRET_PLATE_DESTROYED,"TwistedFate(MIDDLE,T200,pid8)",,,enemy_middle,,,,,TOP_LANE,False,False,False,False,False,False,981,10441
top_error_02_EUW1_7706461344_100,top_error,2,EUW1_7706461344,100,11.2065,TURRET_PLATE_DESTROYED,,,,,,,,,BOT_LANE,False,False,False,False,False,False,10504,1029
top_error_02_EUW1_7706461344_100,top_error,2,EUW1_7706461344,100,11.310033333333333,TURRET_PLATE_DESTROYED,,,,,,,,,TOP_LANE,False,False,False,False,False,False,981,10441
top_error_02_EUW1_7706461344_100,top_error,2,EUW1_7706461344,100,11.464783333333333,TURRET_PLATE_DESTROYED,,,,,,,,,BOT_LANE,False,False,False,False,False,False,10504,1029
top_error_02_EUW1_7706461344_100,top_error,2,EUW1_7706461344,100,11.464783333333333,BUILDING_KILL,"Sona(UTILITY,T200,pid10)",,"Lucian(BOTTOM,T200,pid9)",enemy_utility,,enemy_bottom,,TOWER_BUILDING,BOT_LANE,False,False,False,False,False,False,10504,1029
top_error_02_EUW1_7706461344_100,top_error,2,EUW1_7706461344,100,11.880016666666666,TURRET_PLATE_DESTROYED,"KSante(TOP,T100,pid1)",,,ally_top,,,,,TOP_LANE,False,False,False,False,False,False,4318,13875
top_error_03_EUW1_7708715292_200,top_error,3,EUW1_7708715292,200,1.6661333333333332,CHAMPION_KILL,"Teemo(TOP,T200,pid6)","Swain(TOP,T100,pid1)",,ally_top,enemy_top,,,,,False,False,False,False,False,False,1047,10285
top_error_03_EUW1_7708715292_200,top_error,3,EUW1_7708715292,200,2.3575,TURRET_PLATE_DESTROYED,,,,,,,,,BOT_LANE,False,False,False,False,False,False,10504,1029
top_error_03_EUW1_7708715292_200,top_error,3,EUW1_7708715292,200,2.5401,CHAMPION_KILL,"Qiyana(MIDDLE,T100,pid3)","Yasuo(MIDDLE,T200,pid8)",,enemy_middle,ally_middle,,,,,False,False,False,False,False,False,8057,7449
top_error_03_EUW1_7708715292_200,top_error,3,EUW1_7708715292,200,2.6258166666666667,CHAMPION_KILL,"Tristana(BOTTOM,T100,pid4)","Senna(UTILITY,T200,pid10)","Blitzcrank(UTILITY,T100,pid5)",enemy_bottom,ally_support,enemy_utility,,,,True,False,True,False,False,False,11832,2035
top_error_03_EUW1_7708715292_200,top_error,3,EUW1_7708715292,200,2.7087666666666665,CHAMPION_KILL,"Caitlyn(BOTTOM,T200,pid9)","Tristana(BOTTOM,T100,pid4)","Senna(UTILITY,T200,pid10)",ally_adc,enemy_bottom,ally_support,,,,True,True,False,False,True,False,12713,2723
top_error_03_EUW1_7708715292_200,top_error,3,EUW1_7708715292,200,3.4646666666666666,CHAMPION_KILL,"Nidalee(JUNGLE,T100,pid2)","Diana(JUNGLE,T200,pid7)","Qiyana(MIDDLE,T100,pid3)",enemy_jungle,ally_jungle,enemy_middle,,,,False,False,False,False,False,False,5693,8826
top_error_03_EUW1_7708715292_200,top_error,3,EUW1_7708715292,200,4.212783333333333,CHAMPION_KILL,"Tristana(BOTTOM,T100,pid4)","Caitlyn(BOTTOM,T200,pid9)","Blitzcrank(UTILITY,T100,pid5)",enemy_bottom,ally_adc,enemy_utility,,,,False,True,False,True,False,False,12079,4383
top_error_03_EUW1_7708715292_200,top_error,3,EUW1_7708715292,200,4.5145,CHAMPION_KILL,"Tristana(BOTTOM,T100,pid4)","Senna(UTILITY,T200,pid10)","Blitzcrank(UTILITY,T100,pid5)",enemy_bottom,ally_support,enemy_utility,,,,True,False,True,False,False,False,13404,3554
top_error_03_EUW1_7708715292_200,top_error,3,EUW1_7708715292,200,4.666616666666667,CHAMPION_KILL,"Diana(JUNGLE,T200,pid7)","Qiyana(MIDDLE,T100,pid3)",,ally_jungle,enemy_middle,,,,,False,False,False,False,False,False,7145,6353
top_error_03_EUW1_7708715292_200,top_error,3,EUW1_7708715292,200,4.6844166666666665,TURRET_PLATE_DESTROYED,,,,,,,,,MID_LANE,False,False,False,False,False,False,8955,8510
top_error_03_EUW1_7708715292_200,top_error,3,EUW1_7708715292,200,4.6927666666666665,CHAMPION_KILL,"Teemo(TOP,T200,pid6)","Swain(TOP,T100,pid1)",,ally_top,enemy_top,,,,,False,False,False,False,False,False,1058,10819
top_error_03_EUW1_7708715292_200,top_error,3,EUW1_7708715292,200,4.693883333333333,TURRET_PLATE_DESTROYED,,,,,,,,,BOT_LANE,False,False,False,False,False,False,13866,4505
top_error_03_EUW1_7708715292_200,top_error,3,EUW1_7708715292,200,4.916033333333333,CHAMPION_KILL,"Nidalee(JUNGLE,T100,pid2)","Teemo(TOP,T200,pid6)","Swain(TOP,T100,pid1)",enemy_jungle,ally_top,enemy_top,,,,False,False,False,False,False,False,1323,12320
top_error_03_EUW1_7708715292_200,top_error,3,EUW1_7708715292,200,5.1997,TURRET_PLATE_DESTROYED,,,,,,,,,MID_LANE,False,False,False,False,False,False,5846,6396
top_error_03_EUW1_7708715292_200,top_error,3,EUW1_7708715292,200,5.9374,CHAMPION_KILL,"Diana(JUNGLE,T200,pid7)","Blitzcrank(UTILITY,T100,pid5)","Caitlyn(BOTTOM,T200,pid9)",ally_jungle,enemy_utility,ally_adc,,,,False,True,False,False,False,True,11675,1731
top_error_03_EUW1_7708715292_200,top_error,3,EUW1_7708715292,200,5.960216666666667,CHAMPION_KILL,"Qiyana(MIDDLE,T100,pid3)","Senna(UTILITY,T200,pid10)",,enemy_middle,ally_support,,,,,True,False,True,False,False,False,7275,7966
top_error_03_EUW1_7708715292_200,top_error,3,EUW1_7708715292,200,6.18195,CHAMPION_KILL,"Diana(JUNGLE,T200,pid7)","Tristana(BOTTOM,T100,pid4)","Caitlyn(BOTTOM,T200,pid9)",ally_jungle,enemy_bottom,ally_adc,,,,False,True,False,False,False,True,10153,1355
top_error_03_EUW1_7708715292_200,top_error,3,EUW1_7708715292,200,6.1852833333333335,CHAMPION_KILL,"Nidalee(JUNGLE,T100,pid2)","Diana(JUNGLE,T200,pid7)","Tristana(BOTTOM,T100,pid4)",enemy_jungle,ally_jungle,enemy_bottom,,,,False,False,False,False,False,False,10295,1273
top_error_03_EUW1_7708715292_200,top_error,3,EUW1_7708715292,200,6.2142333333333335,CHAMPION_KILL,"Yasuo(MIDDLE,T200,pid8)","Qiyana(MIDDLE,T100,pid3)",,ally_middle,enemy_middle,,,,,False,False,False,False,False,False,6083,6157
top_error_03_EUW1_7708715292_200,top_error,3,EUW1_7708715292,200,6.384016666666667,TURRET_PLATE_DESTROYED,,,,,,,,,BOT_LANE,False,False,False,False,False,False,10504,1029
top_error_03_EUW1_7708715292_200,top_error,3,EUW1_7708715292,200,6.874083333333333,TURRET_PLATE_DESTROYED,,,,,,,,,TOP_LANE,False,False,False,False,False,False,981,10441
top_error_03_EUW1_7708715292_200,top_error,3,EUW1_7708715292,200,7.303833333333333,TURRET_PLATE_DESTROYED,,,,,,,,,BOT_LANE,False,False,False,False,False,False,13866,4505
top_error_03_EUW1_7708715292_200,top_error,3,EUW1_7708715292,200,7.672366666666667,CHAMPION_KILL,"Teemo(TOP,T200,pid6)","Swain(TOP,T100,pid1)",,ally_top,enemy_top,,,,,False,False,False,False,False,False,1913,12273
top_error_03_EUW1_7708715292_200,top_error,3,EUW1_7708715292,200,7.7158,CHAMPION_KILL,"Qiyana(MIDDLE,T100,pid3)","Senna(UTILITY,T200,pid10)",,enemy_middle,ally_support,,,,,True,False,True,False,False,False,6716,7246
top_error_03_EUW1_7708715292_200,top_error,3,EUW1_7708715292,200,8.144916666666667,CHAMPION_KILL,"Yasuo(MIDDLE,T200,pid8)","Qiyana(MIDDLE,T100,pid3)",,ally_middle,enemy_middle,,,,,False,False,False,False,False,False,5867,6873
top_error_03_EUW1_7708715292_200,top_error,3,EUW1_7708715292,200,8.161616666666667,CHAMPION_KILL,"Qiyana(MIDDLE,T100,pid3)","Yasuo(MIDDLE,T200,pid8)",,enemy_middle,ally_middle,,,,,False,False,False,False,False,False,6460,7024
top_error_03_EUW1_7708715292_200,top_error,3,EUW1_7708715292,200,8.79305,CHAMPION_KILL,"Nidalee(JUNGLE,T100,pid2)","Senna(UTILITY,T200,pid10)","Qiyana(MIDDLE,T100,pid3); Blitzcrank(UTILITY,T100,pid5)",enemy_jungle,ally_support,enemy_middle; enemy_utility,,,,True,False,True,False,False,False,6756,7361
top_error_03_EUW1_7708715292_200,top_error,3,EUW1_7708715292,200,8.849833333333333,ELITE_MONSTER_KILL,"Diana(JUNGLE,T200,pid7)",,,ally_jungle,,,DRAGON,,,False,False,False,False,False,False,9957,5211
top_error_03_EUW1_7708715292_200,top_error,3,EUW1_7708715292,200,8.870433333333333,TURRET_PLATE_DESTROYED,"Swain(TOP,T100,pid1)",,,enemy_top,,,,,TOP_LANE,False,False,False,False,False,False,4318,13875
top_error_03_EUW1_7708715292_200,top_error,3,EUW1_7708715292,200,8.967583333333334,ELITE_MONSTER_KILL,"Nidalee(JUNGLE,T100,pid2)",,,enemy_jungle,,,HORDE,,,False,False,False,False,False,False,4758,9925
top_error_03_EUW1_7708715292_200,top_error,3,EUW1_7708715292,200,8.980933333333333,CHAMPION_KILL,"Teemo(TOP,T200,pid6)","Swain(TOP,T100,pid1)",,ally_top,enemy_top,,,,,False,False,False,False,False,False,3340,12350
top_error_03_EUW1_7708715292_200,top_error,3,EUW1_7708715292,200,9.11925,ELITE_MONSTER_KILL,"Nidalee(JUNGLE,T100,pid2)",,,enemy_jungle,,,HORDE,,,False,False,False,False,False,False,4809,10035
top_error_03_EUW1_7708715292_200,top_error,3,EUW1_7708715292,200,9.24685,ELITE_MONSTER_KILL,"Nidalee(JUNGLE,T100,pid2)",,"Qiyana(MIDDLE,T100,pid3)",enemy_jungle,,enemy_middle,HORDE,,,False,False,False,False,False,False,4654,10048
top_error_03_EUW1_7708715292_200,top_error,3,EUW1_7708715292,200,9.308083333333334,TURRET_PLATE_DESTROYED,"Teemo(TOP,T200,pid6)",,,ally_top,,,,,TOP_LANE,False,False,False,False,False,False,981,10441
top_error_03_EUW1_7708715292_200,top_error,3,EUW1_7708715292,200,9.630516666666667,TURRET_PLATE_DESTROYED,"Yasuo(MIDDLE,T200,pid8)",,,ally_middle,,,,,MID_LANE,False,False,False,False,False,False,5846,6396
top_error_03_EUW1_7708715292_200,top_error,3,EUW1_7708715292,200,9.707883333333333,TURRET_PLATE_DESTROYED,"Tristana(BOTTOM,T100,pid4)",,,enemy_bottom,,,,,BOT_LANE,False,False,False,False,False,False,13866,4505
top_error_03_EUW1_7708715292_200,top_error,3,EUW1_7708715292,200,9.885666666666667,TURRET_PLATE_DESTROYED,"Yasuo(MIDDLE,T200,pid8)",,,ally_middle,,,,,MID_LANE,False,False,False,False,False,False,5846,6396
top_error_03_EUW1_7708715292_200,top_error,3,EUW1_7708715292,200,9.88955,TURRET_PLATE_DESTROYED,"Tristana(BOTTOM,T100,pid4)",,,enemy_bottom,,,,,BOT_LANE,False,False,False,False,False,False,13866,4505
top_error_03_EUW1_7708715292_200,top_error,3,EUW1_7708715292,200,10.134316666666667,CHAMPION_KILL,"Teemo(TOP,T200,pid6)","Qiyana(MIDDLE,T100,pid3)","Diana(JUNGLE,T200,pid7); Yasuo(MIDDLE,T200,pid8); Senna(UTILITY,T200,pid10)",ally_top,enemy_middle,ally_jungle; ally_middle; ally_support,,,,True,False,False,False,True,False,3477,11262
top_error_03_EUW1_7708715292_200,top_error,3,EUW1_7708715292,200,10.331383333333333,TURRET_PLATE_DESTROYED,"Tristana(BOTTOM,T100,pid4)",,,enemy_bottom,,,,,BOT_LANE,False,False,False,False,False,False,13866,4505
top_error_03_EUW1_7708715292_200,top_error,3,EUW1_7708715292,200,10.331383333333333,BUILDING_KILL,"Tristana(BOTTOM,T100,pid4)",,"Blitzcrank(UTILITY,T100,pid5)",enemy_bottom,,enemy_utility,,TOWER_BUILDING,BOT_LANE,False,False,False,False,False,False,13866,4505
top_error_03_EUW1_7708715292_200,top_error,3,EUW1_7708715292,200,11.260566666666668,TURRET_PLATE_DESTROYED,,,,,,,,,MID_LANE,False,False,False,False,False,False,8955,8510
top_error_03_EUW1_7708715292_200,top_error,3,EUW1_7708715292,200,11.357433333333333,CHAMPION_KILL,"Nidalee(JUNGLE,T100,pid2)","Diana(JUNGLE,T200,pid7)","Qiyana(MIDDLE,T100,pid3); Tristana(BOTTOM,T100,pid4); Blitzcrank(UTILITY,T100,pid5)",enemy_jungle,ally_jungle,enemy_middle; enemy_bottom; enemy_utility,,,,False,False,False,False,False,False,7531,7327
top_error_03_EUW1_7708715292_200,top_error,3,EUW1_7708715292,200,11.3934,CHAMPION_KILL,"Qiyana(MIDDLE,T100,pid3)","Yasuo(MIDDLE,T200,pid8)","Nidalee(JUNGLE,T100,pid2); Tristana(BOTTOM,T100,pid4); Blitzcrank(UTILITY,T100,pid5)",enemy_middle,ally_middle,enemy_jungle; enemy_bottom; enemy_utility,,,,False,False,False,False,False,False,7187,7449
top_error_03_EUW1_7708715292_200,top_error,3,EUW1_7708715292,200,11.447966666666666,CHAMPION_KILL,"Nidalee(JUNGLE,T100,pid2)","Senna(UTILITY,T200,pid10)","Qiyana(MIDDLE,T100,pid3); Tristana(BOTTOM,T100,pid4)",enemy_jungle,ally_support,enemy_middle; enemy_bottom,,,,True,False,True,False,False,False,7909,8112
top_error_03_EUW1_7708715292_200,top_error,3,EUW1_7708715292,200,11.603816666666667,TURRET_PLATE_DESTROYED,"Tristana(BOTTOM,T100,pid4)",,,enemy_bottom,,,,,MID_LANE,False,False,False,False,False,False,8955,8510
top_error_03_EUW1_7708715292_200,top_error,3,EUW1_7708715292,200,11.909633333333334,TURRET_PLATE_DESTROYED,,,,,,,,,TOP_LANE,False,False,False,False,False,False,4318,13875
top_error_04_EUW1_7783266689_200,top_error,4,EUW1_7783266689,200,1.8814833333333334,CHAMPION_KILL,"Twitch(BOTTOM,T100,pid4)","Ashe(BOTTOM,T200,pid9)","Lulu(UTILITY,T100,pid5)",enemy_bottom,ally_adc,enemy_utility,,,,False,True,False,True,False,False,13468,2886
top_error_04_EUW1_7783266689_200,top_error,4,EUW1_7783266689,200,2.0029,CHAMPION_KILL,"Nidalee(JUNGLE,T200,pid7)","Twitch(BOTTOM,T100,pid4)","Ashe(BOTTOM,T200,pid9); Senna(UTILITY,T200,pid10)",ally_jungle,enemy_bottom,ally_adc; ally_support,,,,True,True,False,False,True,True,12328,2756
top_error_04_EUW1_7783266689_200,top_error,4,EUW1_7783266689,200,2.1517666666666666,CHAMPION_KILL,"Senna(UTILITY,T200,pid10)","Lulu(UTILITY,T100,pid5)","Nidalee(JUNGLE,T200,pid7)",ally_support,enemy_utility,ally_jungle,,,,True,False,False,False,False,False,13623,2205
top_error_04_EUW1_7783266689_200,top_error,4,EUW1_7783266689,200,3.348333333333333,CHAMPION_KILL,"Briar(JUNGLE,T100,pid2)","Leblanc(MIDDLE,T200,pid8)",,enemy_jungle,ally_middle,,,,,False,False,False,False,False,False,8208,8210
top_error_04_EUW1_7783266689_200,top_error,4,EUW1_7783266689,200,3.7838333333333334,CHAMPION_KILL,"Garen(TOP,T200,pid6)","FiddleSticks(TOP,T100,pid1)",,ally_top,enemy_top,,,,,False,False,False,False,False,False,1680,12516
top_error_04_EUW1_7783266689_200,top_error,4,EUW1_7783266689,200,4.0416,CHAMPION_KILL,"KogMaw(MIDDLE,T100,pid3)","Nidalee(JUNGLE,T200,pid7)","Briar(JUNGLE,T100,pid2)",enemy_middle,ally_jungle,enemy_jungle,,,,False,False,False,False,False,False,7811,5332
top_error_04_EUW1_7783266689_200,top_error,4,EUW1_7783266689,200,4.36745,TURRET_PLATE_DESTROYED,"Senna(UTILITY,T200,pid10)",,,ally_support,,,,,BOT_LANE,True,False,False,False,False,False,10504,1029
top_error_04_EUW1_7783266689_200,top_error,4,EUW1_7783266689,200,4.555866666666667,CHAMPION_KILL,"Briar(JUNGLE,T100,pid2)","Senna(UTILITY,T200,pid10)","Lulu(UTILITY,T100,pid5)",enemy_jungle,ally_support,enemy_utility,,,,True,False,True,False,False,False,13469,2506
top_error_04_EUW1_7783266689_200,top_error,4,EUW1_7783266689,200,4.750383333333334,CHAMPION_KILL,"Ashe(BOTTOM,T200,pid9)","Briar(JUNGLE,T100,pid2)","Senna(UTILITY,T200,pid10)",ally_adc,enemy_jungle,ally_support,,,,True,True,False,False,True,False,13508,2736
top_error_04_EUW1_7783266689_200,top_error,4,EUW1_7783266689,200,4.794933333333334,CHAMPION_KILL,"Twitch(BOTTOM,T100,pid4)","Ashe(BOTTOM,T200,pid9)","Lulu(UTILITY,T100,pid5)",enemy_bottom,ally_adc,enemy_utility,,,,False,True,False,True,False,False,13350,2608
top_error_04_EUW1_7783266689_200,top_error,4,EUW1_7783266689,200,5.97315,CHAMPION_KILL,"Senna(UTILITY,T200,pid10)","Briar(JUNGLE,T100,pid2)","Nidalee(JUNGLE,T200,pid7)",ally_support,enemy_jungle,ally_jungle,,,,True,False,False,False,False,False,2861,7045
top_error_04_EUW1_7783266689_200,top_error,4,EUW1_7783266689,200,6.339733333333333,CHAMPION_KILL,"Garen(TOP,T200,pid6)","FiddleSticks(TOP,T100,pid1)","Nidalee(JUNGLE,T200,pid7); Senna(UTILITY,T200,pid10)",ally_top,enemy_top,ally_jungle; ally_support,,,,True,False,False,False,True,False,1481,11224
top_error_04_EUW1_7783266689_200,top_error,4,EUW1_7783266689,200,6.3514333333333335,CHAMPION_KILL,"FiddleSticks(TOP,T100,pid1)","Senna(UTILITY,T200,pid10)",,enemy_top,ally_support,,,,,True,False,True,False,False,False,1871,11284
top_error_04_EUW1_7783266689_200,top_error,4,EUW1_7783266689,200,6.668233333333333,TURRET_PLATE_DESTROYED,"Garen(TOP,T200,pid6)",,,ally_top,,,,,TOP_LANE,False,False,False,False,False,False,981,10441
top_error_04_EUW1_7783266689_200,top_error,4,EUW1_7783266689,200,6.91665,TURRET_PLATE_DESTROYED,,,,,,,,,TOP_LANE,False,False,False,False,False,False,981,10441
top_error_04_EUW1_7783266689_200,top_error,4,EUW1_7783266689,200,7.1847666666666665,TURRET_PLATE_DESTROYED,"Twitch(BOTTOM,T100,pid4)",,,enemy_bottom,,,,,BOT_LANE,False,False,False,False,False,False,13866,4505
top_error_04_EUW1_7783266689_200,top_error,4,EUW1_7783266689,200,7.698766666666667,CHAMPION_KILL,"Briar(JUNGLE,T100,pid2)","Senna(UTILITY,T200,pid10)",,enemy_jungle,ally_support,,,,,True,False,True,False,False,False,11718,6856
top_error_04_EUW1_7783266689_200,top_error,4,EUW1_7783266689,200,7.867683333333333,TURRET_PLATE_DESTROYED,"Twitch(BOTTOM,T100,pid4)",,,enemy_bottom,,,,,BOT_LANE,False,False,False,False,False,False,13866,4505
top_error_04_EUW1_7783266689_200,top_error,4,EUW1_7783266689,200,8.394933333333332,TURRET_PLATE_DESTROYED,"Twitch(BOTTOM,T100,pid4)",,,enemy_bottom,,,,,BOT_LANE,False,False,False,False,False,False,13866,4505
top_error_04_EUW1_7783266689_200,top_error,4,EUW1_7783266689,200,8.422766666666666,ELITE_MONSTER_KILL,"Nidalee(JUNGLE,T200,pid7)",,"Senna(UTILITY,T200,pid10)",ally_jungle,,ally_support,HORDE,,,True,False,False,False,True,False,4811,9974
top_error_04_EUW1_7783266689_200,top_error,4,EUW1_7783266689,200,8.543966666666666,ELITE_MONSTER_KILL,"Senna(UTILITY,T200,pid10)",,"Nidalee(JUNGLE,T200,pid7)",ally_support,,ally_jungle,HORDE,,,True,False,False,False,False,False,4700,10092
top_error_04_EUW1_7783266689_200,top_error,4,EUW1_7783266689,200,8.6696,ELITE_MONSTER_KILL,"Nidalee(JUNGLE,T200,pid7)",,"Senna(UTILITY,T200,pid10)",ally_jungle,,ally_support,HORDE,,,True,False,False,False,True,False,4816,10208
top_error_04_EUW1_7783266689_200,top_error,4,EUW1_7783266689,200,10.187933333333334,CHAMPION_KILL,"Garen(TOP,T200,pid6)","FiddleSticks(TOP,T100,pid1)",,ally_top,enemy_top,,,,,False,False,False,False,False,False,2405,12903
top_error_04_EUW1_7783266689_200,top_error,4,EUW1_7783266689,200,10.196283333333334,CHAMPION_KILL,"FiddleSticks(TOP,T100,pid1)","Garen(TOP,T200,pid6)",,enemy_top,ally_top,,,,,False,False,False,False,False,False,2431,12947
top_error_04_EUW1_7783266689_200,top_error,4,EUW1_7783266689,200,10.66425,CHAMPION_KILL,"Twitch(BOTTOM,T100,pid4)","Senna(UTILITY,T200,pid10)","Lulu(UTILITY,T100,pid5)",enemy_bottom,ally_support,enemy_utility,,,,True,False,True,False,False,False,8607,7862
top_error_04_EUW1_7783266689_200,top_error,4,EUW1_7783266689,200,10.76445,TURRET_PLATE_DESTROYED,"KogMaw(MIDDLE,T100,pid3)",,,enemy_middle,,,,,MID_LANE,False,False,False,False,False,False,8955,8510
top_error_04_EUW1_7783266689_200,top_error,4,EUW1_7783266689,200,10.829266666666667,CHAMPION_KILL,"Twitch(BOTTOM,T100,pid4)","Leblanc(MIDDLE,T200,pid8)","KogMaw(MIDDLE,T100,pid3); Lulu(UTILITY,T100,pid5)",enemy_bottom,ally_middle,enemy_middle; enemy_utility,,,,False,False,False,False,False,False,8166,8613
top_error_04_EUW1_7783266689_200,top_error,4,EUW1_7783266689,200,11.059,CHAMPION_KILL,"Nidalee(JUNGLE,T200,pid7)","KogMaw(MIDDLE,T100,pid3)",,ally_jungle,enemy_middle,,,,,False,False,False,False,False,False,7534,7578
top_error_04_EUW1_7783266689_200,top_error,4,EUW1_7783266689,200,11.256283333333334,TURRET_PLATE_DESTROYED,,,,,,,,,BOT_LANE,False,False,False,False,False,False,10504,1029
top_error_04_EUW1_7783266689_200,top_error,4,EUW1_7783266689,200,11.349833333333333,CHAMPION_KILL,"Lulu(UTILITY,T100,pid5)","Ashe(BOTTOM,T200,pid9)","Briar(JUNGLE,T100,pid2)",enemy_utility,ally_adc,enemy_jungle,,,,False,True,False,True,False,False,13660,3358
top_error_04_EUW1_7783266689_200,top_error,4,EUW1_7783266689,200,11.7567,TURRET_PLATE_DESTROYED,"Twitch(BOTTOM,T100,pid4)",,,enemy_bottom,,,,,BOT_LANE,False,False,False,False,False,False,13866,4505
top_error_04_EUW1_7783266689_200,top_error,4,EUW1_7783266689,200,11.893733333333333,CHAMPION_KILL,"Nidalee(JUNGLE,T200,pid7)","Twitch(BOTTOM,T100,pid4)","Senna(UTILITY,T200,pid10)",ally_jungle,enemy_bottom,ally_support,,,,True,False,False,False,True,False,13055,2990
top_error_05_EUW1_7714775914_200,top_error,5,EUW1_7714775914,200,1.2244,CHAMPION_KILL,"Ezreal(BOTTOM,T100,pid4)","Kaisa(BOTTOM,T200,pid9)","Rell(UTILITY,T100,pid5)",enemy_bottom,ally_adc,enemy_utility,,,,False,True,False,True,False,False,13744,3994
top_error_05_EUW1_7714775914_200,top_error,5,EUW1_7714775914,200,2.5411,CHAMPION_KILL,"Rell(UTILITY,T100,pid5)","Senna(UTILITY,T200,pid10)","Ezreal(BOTTOM,T100,pid4)",enemy_utility,ally_support,enemy_bottom,,,,True,False,True,False,False,False,13097,2941
top_error_05_EUW1_7714775914_200,top_error,5,EUW1_7714775914,200,3.3337666666666665,CHAMPION_KILL,"Irelia(MIDDLE,T200,pid8)","Naafiri(JUNGLE,T100,pid2)","Kayn(JUNGLE,T200,pid7)",ally_middle,enemy_jungle,ally_jungle,,,,False,False,False,False,False,False,10196,6119
top_error_05_EUW1_7714775914_200,top_error,5,EUW1_7714775914,200,3.430066666666667,CHAMPION_KILL,"Kayn(JUNGLE,T200,pid7)","Rell(UTILITY,T100,pid5)","Irelia(MIDDLE,T200,pid8); Kaisa(BOTTOM,T200,pid9); Senna(UTILITY,T200,pid10)",ally_jungle,enemy_utility,ally_middle; ally_adc; ally_support,,,,True,True,False,False,True,True,8853,5484
top_error_05_EUW1_7714775914_200,top_error,5,EUW1_7714775914,200,4.190016666666667,TURRET_PLATE_DESTROYED,"Senna(UTILITY,T200,pid10)",,,ally_support,,,,,BOT_LANE,True,False,False,False,False,False,10504,1029
top_error_05_EUW1_7714775914_200,top_error,5,EUW1_7714775914,200,4.33645,TURRET_PLATE_DESTROYED,"Cassiopeia(TOP,T100,pid1)",,,enemy_top,,,,,TOP_LANE,False,False,False,False,False,False,4318,13875
top_error_05_EUW1_7714775914_200,top_error,5,EUW1_7714775914,200,5.1769,CHAMPION_KILL,"Ezreal(BOTTOM,T100,pid4)","Kaisa(BOTTOM,T200,pid9)","Rell(UTILITY,T100,pid5)",enemy_bottom,ally_adc,enemy_utility,,,,False,True,False,True,False,False,13825,4769
top_error_05_EUW1_7714775914_200,top_error,5,EUW1_7714775914,200,5.622983333333333,TURRET_PLATE_DESTROYED,"Ezreal(BOTTOM,T100,pid4)",,,enemy_bottom,,,,,BOT_LANE,False,False,False,False,False,False,13866,4505
top_error_05_EUW1_7714775914_200,top_error,5,EUW1_7714775914,200,5.6864333333333335,CHAMPION_KILL,"Irelia(MIDDLE,T200,pid8)","TwistedFate(MIDDLE,T100,pid3)","Kayn(JUNGLE,T200,pid7); Senna(UTILITY,T200,pid10)",ally_middle,enemy_middle,ally_jungle; ally_support,,,,True,False,False,False,True,False,6195,6680
top_error_05_EUW1_7714775914_200,top_error,5,EUW1_7714775914,200,6.366183333333334,CHAMPION_KILL,"TwistedFate(MIDDLE,T100,pid3)","Irelia(MIDDLE,T200,pid8)","Naafiri(JUNGLE,T100,pid2); Rell(UTILITY,T100,pid5)",enemy_middle,ally_middle,enemy_jungle; enemy_utility,,,,False,False,False,False,False,False,8320,7496
top_error_05_EUW1_7714775914_200,top_error,5,EUW1_7714775914,200,6.49255,CHAMPION_KILL,"Kaisa(BOTTOM,T200,pid9)","Naafiri(JUNGLE,T100,pid2)","Irelia(MIDDLE,T200,pid8); Senna(UTILITY,T200,pid10)",ally_adc,enemy_jungle,ally_middle; ally_support,,,,True,True,False,False,True,False,8882,8047
top_error_05_EUW1_7714775914_200,top_error,5,EUW1_7714775914,200,7.163,CHAMPION_KILL,"DrMundo(TOP,T200,pid6)","Cassiopeia(TOP,T100,pid1)","Kayn(JUNGLE,T200,pid7); Senna(UTILITY,T200,pid10)",ally_top,enemy_top,ally_jungle; ally_support,,,,True,False,False,False,True,False,1520,13537
top_error_05_EUW1_7714775914_200,top_error,5,EUW1_7714775914,200,7.207533333333333,TURRET_PLATE_DESTROYED,"Irelia(MIDDLE,T200,pid8)",,,ally_middle,,,,,MID_LANE,False,False,False,False,False,False,5846,6396
top_error_05_EUW1_7714775914_200,top_error,5,EUW1_7714775914,200,7.455383333333334,CHAMPION_KILL,"TwistedFate(MIDDLE,T100,pid3)","Kayn(JUNGLE,T200,pid7)","Rell(UTILITY,T100,pid5)",enemy_middle,ally_jungle,enemy_utility,,,,False,False,False,False,False,False,3442,13931
top_error_05_EUW1_7714775914_200,top_error,5,EUW1_7714775914,200,7.5862,TURRET_PLATE_DESTROYED,"Irelia(MIDDLE,T200,pid8)",,,ally_middle,,,,,MID_LANE,False,False,False,False,False,False,5846,6396
top_error_05_EUW1_7714775914_200,top_error,5,EUW1_7714775914,200,7.601233333333333,CHAMPION_KILL,"Naafiri(JUNGLE,T100,pid2)","DrMundo(TOP,T200,pid6)",,enemy_jungle,ally_top,,,,,False,False,False,False,False,False,6220,13541
top_error_05_EUW1_7714775914_200,top_error,5,EUW1_7714775914,200,7.6402,CHAMPION_KILL,"Naafiri(JUNGLE,T100,pid2)","Senna(UTILITY,T200,pid10)",,enemy_jungle,ally_support,,,,,True,False,True,False,False,False,8091,13456
top_error_05_EUW1_7714775914_200,top_error,5,EUW1_7714775914,200,7.88635,TURRET_PLATE_DESTROYED,"TwistedFate(MIDDLE,T100,pid3)",,,enemy_middle,,,,,TOP_LANE,False,False,False,False,False,False,4318,13875
top_error_05_EUW1_7714775914_200,top_error,5,EUW1_7714775914,200,8.049616666666667,CHAMPION_KILL,"Kaisa(BOTTOM,T200,pid9)","Ezreal(BOTTOM,T100,pid4)",,ally_adc,enemy_bottom,,,,,False,True,False,False,False,False,11922,1571
top_error_05_EUW1_7714775914_200,top_error,5,EUW1_7714775914,200,8.195466666666666,TURRET_PLATE_DESTROYED,"Cassiopeia(TOP,T100,pid1)",,,enemy_top,,,,,MID_LANE,False,False,False,False,False,False,8955,8510
top_error_05_EUW1_7714775914_200,top_error,5,EUW1_7714775914,200,9.029483333333333,ELITE_MONSTER_KILL,"Kayn(JUNGLE,T200,pid7)",,,ally_jungle,,,HORDE,,,False,False,False,False,False,False,5210,10424
top_error_05_EUW1_7714775914_200,top_error,5,EUW1_7714775914,200,9.1514,ELITE_MONSTER_KILL,"Kayn(JUNGLE,T200,pid7)",,"Senna(UTILITY,T200,pid10)",ally_jungle,,ally_support,HORDE,,,True,False,False,False,True,False,4916,10303
top_error_05_EUW1_7714775914_200,top_error,5,EUW1_7714775914,200,9.1965,ELITE_MONSTER_KILL,"Kayn(JUNGLE,T200,pid7)",,"Senna(UTILITY,T200,pid10)",ally_jungle,,ally_support,HORDE,,,True,False,False,False,True,False,4871,10622
top_error_05_EUW1_7714775914_200,top_error,5,EUW1_7714775914,200,9.2544,TURRET_PLATE_DESTROYED,"Ezreal(BOTTOM,T100,pid4)",,,enemy_bottom,,,,,BOT_LANE,False,False,False,False,False,False,13866,4505
top_error_05_EUW1_7714775914_200,top_error,5,EUW1_7714775914,200,9.328433333333333,TURRET_PLATE_DESTROYED,"DrMundo(TOP,T200,pid6)",,,ally_top,,,,,TOP_LANE,False,False,False,False,False,False,981,10441
top_error_05_EUW1_7714775914_200,top_error,5,EUW1_7714775914,200,9.66455,CHAMPION_KILL,"Naafiri(JUNGLE,T100,pid2)","DrMundo(TOP,T200,pid6)","Cassiopeia(TOP,T100,pid1)",enemy_jungle,ally_top,enemy_top,,,,False,False,False,False,False,False,2887,12108
top_error_05_EUW1_7714775914_200,top_error,5,EUW1_7714775914,200,10.175666666666666,TURRET_PLATE_DESTROYED,,,,,,,,,MID_LANE,False,False,False,False,False,False,5846,6396
top_error_05_EUW1_7714775914_200,top_error,5,EUW1_7714775914,200,10.4175,ELITE_MONSTER_KILL,"Naafiri(JUNGLE,T100,pid2)",,"TwistedFate(MIDDLE,T100,pid3); Rell(UTILITY,T100,pid5); Kayn(JUNGLE,T200,pid7); Irelia(MIDDLE,T200,pid8); Senna(UTILITY,T200,pid10)",enemy_jungle,,enemy_middle; enemy_utility; ally_jungle; ally_middle; ally_support,DRAGON,,,True,False,False,False,True,False,10157,5099
top_error_05_EUW1_7714775914_200,top_error,5,EUW1_7714775914,200,10.507116666666667,CHAMPION_KILL,"Kaisa(BOTTOM,T200,pid9)","Naafiri(JUNGLE,T100,pid2)","Kayn(JUNGLE,T200,pid7); Irelia(MIDDLE,T200,pid8); Senna(UTILITY,T200,pid10)",ally_adc,enemy_jungle,ally_jungle; ally_middle; ally_support,,,,True,True,False,False,True,False,9718,4792
top_error_05_EUW1_7714775914_200,top_error,5,EUW1_7714775914,200,10.544416666666667,CHAMPION_KILL,"Kaisa(BOTTOM,T200,pid9)","Ezreal(BOTTOM,T100,pid4)","Kayn(JUNGLE,T200,pid7); Irelia(MIDDLE,T200,pid8); Senna(UTILITY,T200,pid10)",ally_adc,enemy_bottom,ally_jungle; ally_middle; ally_support,,,,True,True,False,False,True,False,9876,4363
top_error_05_EUW1_7714775914_200,top_error,5,EUW1_7714775914,200,10.636816666666666,CHAMPION_KILL,"Kayn(JUNGLE,T200,pid7)","TwistedFate(MIDDLE,T100,pid3)","Irelia(MIDDLE,T200,pid8); Kaisa(BOTTOM,T200,pid9); Senna(UTILITY,T200,pid10)",ally_jungle,enemy_middle,ally_middle; ally_adc; ally_support,,,,True,True,False,False,True,True,8593,2268
top_error_05_EUW1_7714775914_200,top_error,5,EUW1_7714775914,200,10.937966666666666,CHAMPION_KILL,,"Senna(UTILITY,T200,pid10)",,,ally_support,,,,,True,False,True,False,False,False,8533,1332
top_error_05_EUW1_7714775914_200,top_error,5,EUW1_7714775914,200,11.056266666666666,TURRET_PLATE_DESTROYED,"Kaisa(BOTTOM,T200,pid9)",,,ally_adc,,,,,BOT_LANE,False,True,False,False,False,False,10504,1029
top_error_05_EUW1_7714775914_200,top_error,5,EUW1_7714775914,200,11.756283333333334,TURRET_PLATE_DESTROYED,,,,,,,,,BOT_LANE,False,False,False,False,False,False,13866,4505
top_error_06_EUW1_7705744974_100,top_error,6,EUW1_7705744974,100,2.4982,CHAMPION_KILL,"Kled(TOP,T100,pid1)","Volibear(TOP,T200,pid6)",,ally_top,enemy_top,,,,,False,False,False,False,False,False,1630,11812
top_error_06_EUW1_7705744974_100,top_error,6,EUW1_7705744974,100,3.205,CHAMPION_KILL,"Caitlyn(BOTTOM,T100,pid4)","Ashe(BOTTOM,T200,pid9)","Karma(UTILITY,T100,pid5)",ally_adc,enemy_bottom,ally_support,,,,True,True,False,False,True,False,12955,2339
top_error_06_EUW1_7705744974_100,top_error,6,EUW1_7705744974,100,3.313,CHAMPION_KILL,"Kled(TOP,T100,pid1)","Volibear(TOP,T200,pid6)","FiddleSticks(JUNGLE,T100,pid2)",ally_top,enemy_top,ally_jungle,,,,False,False,False,False,False,False,4039,13909
top_error_06_EUW1_7705744974_100,top_error,6,EUW1_7705744974,100,3.3207833333333334,CHAMPION_KILL,"Naafiri(JUNGLE,T200,pid7)","Karma(UTILITY,T100,pid5)","Ashe(BOTTOM,T200,pid9); Lulu(UTILITY,T200,pid10)",enemy_jungle,ally_support,enemy_bottom; enemy_utility,,,,True,False,True,False,False,False,11698,1515
top_error_06_EUW1_7705744974_100,top_error,6,EUW1_7705744974,100,3.4037333333333333,CHAMPION_KILL,"Naafiri(JUNGLE,T200,pid7)","Caitlyn(BOTTOM,T100,pid4)",,enemy_jungle,ally_adc,,,,,False,True,False,True,False,False,13605,2620
top_error_06_EUW1_7705744974_100,top_error,6,EUW1_7705744974,100,5.18875,CHAMPION_KILL,"Kled(TOP,T100,pid1)","Volibear(TOP,T200,pid6)","FiddleSticks(JUNGLE,T100,pid2)",ally_top,enemy_top,ally_jungle,,,,False,False,False,False,False,False,2434,13147
top_error_06_EUW1_7705744974_100,top_error,6,EUW1_7705744974,100,5.4272,TURRET_PLATE_DESTROYED,"Ashe(BOTTOM,T200,pid9)",,,enemy_bottom,,,,,BOT_LANE,False,False,False,False,False,False,10504,1029
top_error_06_EUW1_7705744974_100,top_error,6,EUW1_7705744974,100,5.630933333333333,TURRET_PLATE_DESTROYED,,,,,,,,,MID_LANE,False,False,False,False,False,False,8955,8510
top_error_06_EUW1_7705744974_100,top_error,6,EUW1_7705744974,100,5.642066666666667,ELITE_MONSTER_KILL,"Naafiri(JUNGLE,T200,pid7)",,"Lulu(UTILITY,T200,pid10)",enemy_jungle,,enemy_utility,DRAGON,,,False,False,False,False,False,False,9837,4397
top_error_06_EUW1_7705744974_100,top_error,6,EUW1_7705744974,100,5.991833333333333,CHAMPION_KILL,"Naafiri(JUNGLE,T200,pid7)","Caitlyn(BOTTOM,T100,pid4)","Ashe(BOTTOM,T200,pid9)",enemy_jungle,ally_adc,enemy_bottom,,,,False,True,False,True,False,False,9657,1135
top_error_06_EUW1_7705744974_100,top_error,6,EUW1_7705744974,100,6.329583333333333,TURRET_PLATE_DESTROYED,,,,,,,,,BOT_LANE,False,False,False,False,False,False,10504,1029
top_error_06_EUW1_7705744974_100,top_error,6,EUW1_7705744974,100,6.746433333333333,CHAMPION_KILL,"Kled(TOP,T100,pid1)","Volibear(TOP,T200,pid6)","FiddleSticks(JUNGLE,T100,pid2); Karma(UTILITY,T100,pid5)",ally_top,enemy_top,ally_jungle; ally_support,,,,True,False,False,False,True,False,4356,13645
top_error_06_EUW1_7705744974_100,top_error,6,EUW1_7705744974,100,6.7675833333333335,TURRET_PLATE_DESTROYED,"Kled(TOP,T100,pid1)",,,ally_top,,,,,TOP_LANE,False,False,False,False,False,False,4318,13875
top_error_06_EUW1_7705744974_100,top_error,6,EUW1_7705744974,100,6.87055,TURRET_PLATE_DESTROYED,,,,,,,,,TOP_LANE,False,False,False,False,False,False,4318,13875
top_error_06_EUW1_7705744974_100,top_error,6,EUW1_7705744974,100,6.9613,CHAMPION_KILL,"Naafiri(JUNGLE,T200,pid7)","Caitlyn(BOTTOM,T100,pid4)","Lulu(UTILITY,T200,pid10)",enemy_jungle,ally_adc,enemy_utility,,,,False,True,False,True,False,False,6249,6098
top_error_06_EUW1_7705744974_100,top_error,6,EUW1_7705744974,100,7.118333333333333,TURRET_PLATE_DESTROYED,"Kled(TOP,T100,pid1)",,,ally_top,,,,,TOP_LANE,False,False,False,False,False,False,4318,13875
top_error_06_EUW1_7705744974_100,top_error,6,EUW1_7705744974,100,7.464716666666667,CHAMPION_KILL,"Naafiri(JUNGLE,T200,pid7)","Karma(UTILITY,T100,pid5)","Ashe(BOTTOM,T200,pid9)",enemy_jungle,ally_support,enemy_bottom,,,,True,False,True,False,False,False,7722,2058
top_error_06_EUW1_7705744974_100,top_error,6,EUW1_7705744974,100,7.5471,CHAMPION_KILL,"Kled(TOP,T100,pid1)","Volibear(TOP,T200,pid6)","FiddleSticks(JUNGLE,T100,pid2)",ally_top,enemy_top,ally_jungle,,,,False,False,False,False,False,False,4010,13747
top_error_06_EUW1_7705744974_100,top_error,6,EUW1_7705744974,100,7.6145,TURRET_PLATE_DESTROYED,"Kled(TOP,T100,pid1)",,,ally_top,,,,,TOP_LANE,False,False,False,False,False,False,4318,13875
top_error_06_EUW1_7705744974_100,top_error,6,EUW1_7705744974,100,7.73585,TURRET_PLATE_DESTROYED,,,,,,,,,MID_LANE,False,False,False,False,False,False,8955,8510
top_error_06_EUW1_7705744974_100,top_error,6,EUW1_7705744974,100,7.795483333333333,CHAMPION_KILL,"Galio(MIDDLE,T200,pid8)","FiddleSticks(JUNGLE,T100,pid2)",,enemy_middle,ally_jungle,,,,,False,False,False,False,False,False,3506,13086
top_error_06_EUW1_7705744974_100,top_error,6,EUW1_7705744974,100,7.829633333333334,TURRET_PLATE_DESTROYED,"Ashe(BOTTOM,T200,pid9)",,,enemy_bottom,,,,,BOT_LANE,False,False,False,False,False,False,10504,1029
top_error_06_EUW1_7705744974_100,top_error,6,EUW1_7705744974,100,8.762466666666667,TURRET_PLATE_DESTROYED,,,,,,,,,BOT_LANE,False,False,False,False,False,False,10504,1029
top_error_06_EUW1_7705744974_100,top_error,6,EUW1_7705744974,100,8.9563,ELITE_MONSTER_KILL,"FiddleSticks(JUNGLE,T100,pid2)",,,ally_jungle,,,HORDE,,,False,False,False,False,False,False,4789,10483
top_error_06_EUW1_7705744974_100,top_error,6,EUW1_7705744974,100,9.029483333333333,ELITE_MONSTER_KILL,"FiddleSticks(JUNGLE,T100,pid2)",,,ally_jungle,,,HORDE,,,False,False,False,False,False,False,4976,10110
top_error_06_EUW1_7705744974_100,top_error,6,EUW1_7705744974,100,9.071783333333334,ELITE_MONSTER_KILL,"FiddleSticks(JUNGLE,T100,pid2)",,,ally_jungle,,,HORDE,,,False,False,False,False,False,False,4790,10182
top_error_06_EUW1_7705744974_100,top_error,6,EUW1_7705744974,100,9.388733333333333,CHAMPION_KILL,"Zed(MIDDLE,T100,pid3)","Naafiri(JUNGLE,T200,pid7)","FiddleSticks(JUNGLE,T100,pid2); Karma(UTILITY,T100,pid5)",ally_middle,enemy_jungle,ally_jungle; ally_support,,,,True,False,False,False,True,False,3832,10736
top_error_06_EUW1_7705744974_100,top_error,6,EUW1_7705744974,100,9.7007,CHAMPION_KILL,"Zed(MIDDLE,T100,pid3)","Volibear(TOP,T200,pid6)","FiddleSticks(JUNGLE,T100,pid2); Karma(UTILITY,T100,pid5)",ally_middle,enemy_top,ally_jungle; ally_support,,,,True,False,False,False,True,False,5050,13162
top_error_06_EUW1_7705744974_100,top_error,6,EUW1_7705744974,100,9.7378,CHAMPION_KILL,"FiddleSticks(JUNGLE,T100,pid2)","Lulu(UTILITY,T200,pid10)","Kled(TOP,T100,pid1); Zed(MIDDLE,T100,pid3); Karma(UTILITY,T100,pid5)",ally_jungle,enemy_utility,ally_top; ally_middle; ally_support,,,,True,False,False,False,True,False,7401,14106
top_error_06_EUW1_7705744974_100,top_error,6,EUW1_7705744974,100,9.762283333333333,TURRET_PLATE_DESTROYED,,,,,,,,,TOP_LANE,False,False,False,False,False,False,4318,13875
top_error_06_EUW1_7705744974_100,top_error,6,EUW1_7705744974,100,9.762283333333333,BUILDING_KILL,"Kled(TOP,T100,pid1)",,,ally_top,,,,TOWER_BUILDING,TOP_LANE,False,False,False,False,False,False,4318,13875
top_error_06_EUW1_7705744974_100,top_error,6,EUW1_7705744974,100,9.98195,TURRET_PLATE_DESTROYED,"Kled(TOP,T100,pid1)",,,ally_top,,,,,TOP_LANE,False,False,False,False,False,False,7943,13411
top_error_06_EUW1_7705744974_100,top_error,6,EUW1_7705744974,100,10.017733333333334,TURRET_PLATE_DESTROYED,"Kled(TOP,T100,pid1)",,,ally_top,,,,,TOP_LANE,False,False,False,False,False,False,7943,13411
top_error_06_EUW1_7705744974_100,top_error,6,EUW1_7705744974,100,10.167516666666666,CHAMPION_KILL,"Kled(TOP,T100,pid1)","Naafiri(JUNGLE,T200,pid7)",,ally_top,enemy_jungle,,,,,False,False,False,False,False,False,6831,13877
top_error_06_EUW1_7705744974_100,top_error,6,EUW1_7705744974,100,11.065033333333334,TURRET_PLATE_DESTROYED,,,,,,,,,MID_LANE,False,False,False,False,False,False,8955,8510
top_error_06_EUW1_7705744974_100,top_error,6,EUW1_7705744974,100,11.44185,TURRET_PLATE_DESTROYED,"Kled(TOP,T100,pid1)",,,ally_top,,,,,TOP_LANE,False,False,False,False,False,False,7943,13411
top_error_06_EUW1_7705744974_100,top_error,6,EUW1_7705744974,100,11.443516666666667,CHAMPION_KILL,"Zed(MIDDLE,T100,pid3)","Lulu(UTILITY,T200,pid10)","FiddleSticks(JUNGLE,T100,pid2); Caitlyn(BOTTOM,T100,pid4); Karma(UTILITY,T100,pid5)",ally_middle,enemy_utility,ally_jungle; ally_adc; ally_support,,,,True,True,False,False,True,True,9525,6248
top_error_06_EUW1_7705744974_100,top_error,6,EUW1_7705744974,100,11.469916666666666,CHAMPION_KILL,"Ashe(BOTTOM,T200,pid9)","FiddleSticks(JUNGLE,T100,pid2)","Naafiri(JUNGLE,T200,pid7); Galio(MIDDLE,T200,pid8); Lulu(UTILITY,T200,pid10)",enemy_bottom,ally_jungle,enemy_jungle; enemy_middle; enemy_utility,,,,False,False,False,False,False,False,9624,5772
top_error_06_EUW1_7705744974_100,top_error,6,EUW1_7705744974,100,11.504416666666666,TURRET_PLATE_DESTROYED,"Kled(TOP,T100,pid1)",,,ally_top,,,,,TOP_LANE,False,False,False,False,False,False,7943,13411
top_error_06_EUW1_7705744974_100,top_error,6,EUW1_7705744974,100,11.56565,CHAMPION_KILL,"Naafiri(JUNGLE,T200,pid7)","Karma(UTILITY,T100,pid5)","Galio(MIDDLE,T200,pid8); Lulu(UTILITY,T200,pid10)",enemy_jungle,ally_support,enemy_middle; enemy_utility,,,,True,False,True,False,False,False,8918,4232
top_error_06_EUW1_7705744974_100,top_error,6,EUW1_7705744974,100,11.8264,TURRET_PLATE_DESTROYED,"Caitlyn(BOTTOM,T100,pid4)",,,ally_adc,,,,,BOT_LANE,False,True,False,False,False,False,13866,4505
top_error_06_EUW1_7705744974_100,top_error,6,EUW1_7705744974,100,11.96555,TURRET_PLATE_DESTROYED,"Galio(MIDDLE,T200,pid8)",,,enemy_middle,,,,,MID_LANE,False,False,False,False,False,False,5846,6396
top_error_06_EUW1_7705744974_100,top_error,6,EUW1_7705744974,100,11.9778,TURRET_PLATE_DESTROYED,"Caitlyn(BOTTOM,T100,pid4)",,,ally_adc,,,,,BOT_LANE,False,True,False,False,False,False,13866,4505
top_error_07_EUW1_7830670024_100,top_error,7,EUW1_7830670024,100,2.3722,TURRET_PLATE_DESTROYED,,,,,,,,,TOP_LANE,False,False,False,False,False,False,4318,13875
top_error_07_EUW1_7830670024_100,top_error,7,EUW1_7830670024,100,2.573166666666667,CHAMPION_KILL,"Jinx(BOTTOM,T200,pid9)","Ashe(BOTTOM,T100,pid4)","Blitzcrank(UTILITY,T200,pid10)",enemy_bottom,ally_adc,enemy_utility,,,,False,True,False,True,False,False,13705,2003
top_error_07_EUW1_7830670024_100,top_error,7,EUW1_7830670024,100,2.6188,CHAMPION_KILL,"Ryze(MIDDLE,T100,pid3)","Yone(MIDDLE,T200,pid8)",,ally_middle,enemy_middle,,,,,False,False,False,False,False,False,9221,8790
top_error_07_EUW1_7830670024_100,top_error,7,EUW1_7830670024,100,2.7117666666666667,CHAMPION_KILL,"Jinx(BOTTOM,T200,pid9)","Sona(UTILITY,T100,pid5)","Blitzcrank(UTILITY,T200,pid10)",enemy_bottom,ally_support,enemy_utility,,,,True,False,True,False,False,False,12828,2004
top_error_07_EUW1_7830670024_100,top_error,7,EUW1_7830670024,100,2.99405,CHAMPION_KILL,"Jayce(TOP,T100,pid1)","Sylas(TOP,T200,pid6)",,ally_top,enemy_top,,,,,False,False,False,False,False,False,4420,13679
top_error_07_EUW1_7830670024_100,top_error,7,EUW1_7830670024,100,4.21525,CHAMPION_KILL,"Udyr(JUNGLE,T200,pid7)","Sona(UTILITY,T100,pid5)",,enemy_jungle,ally_support,,,,,True,False,True,False,False,False,1191,11075
top_error_07_EUW1_7830670024_100,top_error,7,EUW1_7830670024,100,4.429583333333333,CHAMPION_KILL,"Jayce(TOP,T100,pid1)","Udyr(JUNGLE,T200,pid7)","Ryze(MIDDLE,T100,pid3); Sona(UTILITY,T100,pid5)",ally_top,enemy_jungle,ally_middle; ally_support,,,,True,False,False,False,True,False,3481,13922
top_error_07_EUW1_7830670024_100,top_error,7,EUW1_7830670024,100,4.76525,TURRET_PLATE_DESTROYED,"Jinx(BOTTOM,T200,pid9)",,,enemy_bottom,,,,,BOT_LANE,False,False,False,False,False,False,10504,1029
top_error_07_EUW1_7830670024_100,top_error,7,EUW1_7830670024,100,4.869916666666667,TURRET_PLATE_DESTROYED,,,,,,,,,TOP_LANE,False,False,False,False,False,False,4318,13875
top_error_07_EUW1_7830670024_100,top_error,7,EUW1_7830670024,100,5.79555,TURRET_PLATE_DESTROYED,,,,,,,,,MID_LANE,False,False,False,False,False,False,8955,8510
top_error_07_EUW1_7830670024_100,top_error,7,EUW1_7830670024,100,6.136983333333333,ELITE_MONSTER_KILL,"Udyr(JUNGLE,T200,pid7)",,,enemy_jungle,,,DRAGON,,,False,False,False,False,False,False,10244,4811
top_error_07_EUW1_7830670024_100,top_error,7,EUW1_7830670024,100,6.526983333333333,CHAMPION_KILL,"Shyvana(JUNGLE,T100,pid2)","Sylas(TOP,T200,pid6)","Jayce(TOP,T100,pid1); Sona(UTILITY,T100,pid5)",ally_jungle,enemy_top,ally_top; ally_support,,,,True,False,False,False,True,False,5977,13874
top_error_07_EUW1_7830670024_100,top_error,7,EUW1_7830670024,100,6.840066666666667,CHAMPION_KILL,"Jinx(BOTTOM,T200,pid9)","Jayce(TOP,T100,pid1)","Udyr(JUNGLE,T200,pid7); Blitzcrank(UTILITY,T200,pid10)",enemy_bottom,ally_top,enemy_jungle; enemy_utility,,,,False,False,False,False,False,False,5010,12945
top_error_07_EUW1_7830670024_100,top_error,7,EUW1_7830670024,100,7.159283333333334,TURRET_PLATE_DESTROYED,"Ashe(BOTTOM,T100,pid4)",,,ally_adc,,,,,BOT_LANE,False,True,False,False,False,False,13866,4505
top_error_07_EUW1_7830670024_100,top_error,7,EUW1_7830670024,100,7.334083333333333,CHAMPION_KILL,"Sona(UTILITY,T100,pid5)","Yone(MIDDLE,T200,pid8)","Ryze(MIDDLE,T100,pid3)",ally_support,enemy_middle,ally_middle,,,,True,False,False,False,False,False,9150,8862
top_error_07_EUW1_7830670024_100,top_error,7,EUW1_7830670024,100,8.3912,TURRET_PLATE_DESTROYED,,,,,,,,,TOP_LANE,False,False,False,False,False,False,4318,13875
top_error_07_EUW1_7830670024_100,top_error,7,EUW1_7830670024,100,8.423483333333333,CHAMPION_KILL,"Sylas(TOP,T200,pid6)","Ryze(MIDDLE,T100,pid3)",,enemy_top,ally_middle,,,,,False,False,False,False,False,False,4868,13206
top_error_07_EUW1_7830670024_100,top_error,7,EUW1_7830670024,100,8.43295,CHAMPION_KILL,"Sona(UTILITY,T100,pid5)","Sylas(TOP,T200,pid6)","Jayce(TOP,T100,pid1); Ryze(MIDDLE,T100,pid3)",ally_support,enemy_top,ally_top; ally_middle,,,,True,False,False,False,False,False,4879,13291
top_error_07_EUW1_7830670024_100,top_error,7,EUW1_7830670024,100,8.4797,CHAMPION_KILL,,"Sona(UTILITY,T100,pid5)",,,ally_support,,,,,True,False,True,False,False,False,3405,13390
top_error_07_EUW1_7830670024_100,top_error,7,EUW1_7830670024,100,8.5376,TURRET_PLATE_DESTROYED,"Yone(MIDDLE,T200,pid8)",,,enemy_middle,,,,,MID_LANE,False,False,False,False,False,False,5846,6396
top_error_07_EUW1_7830670024_100,top_error,7,EUW1_7830670024,100,8.7904,TURRET_PLATE_DESTROYED,,,,,,,,,TOP_LANE,False,False,False,False,False,False,4318,13875
top_error_07_EUW1_7830670024_100,top_error,7,EUW1_7830670024,100,8.865933333333333,CHAMPION_KILL,"Udyr(JUNGLE,T200,pid7)","Ashe(BOTTOM,T100,pid4)","Jinx(BOTTOM,T200,pid9); Blitzcrank(UTILITY,T200,pid10)",enemy_jungle,ally_adc,enemy_bottom; enemy_utility,,,,False,True,False,True,False,False,11304,1675
top_error_07_EUW1_7830670024_100,top_error,7,EUW1_7830670024,100,9.032333333333334,TURRET_PLATE_DESTROYED,,,,,,,,,MID_LANE,False,False,False,False,False,False,5846,6396
top_error_07_EUW1_7830670024_100,top_error,7,EUW1_7830670024,100,9.1175,TURRET_PLATE_DESTROYED,"Jinx(BOTTOM,T200,pid9)",,,enemy_bottom,,,,,BOT_LANE,False,False,False,False,False,False,10504,1029
top_error_07_EUW1_7830670024_100,top_error,7,EUW1_7830670024,100,9.256166666666667,TURRET_PLATE_DESTROYED,"Jinx(BOTTOM,T200,pid9)",,,enemy_bottom,,,,,BOT_LANE,False,False,False,False,False,False,10504,1029
top_error_07_EUW1_7830670024_100,top_error,7,EUW1_7830670024,100,9.319616666666667,ELITE_MONSTER_KILL,"Shyvana(JUNGLE,T100,pid2)",,"Sona(UTILITY,T100,pid5)",ally_jungle,,ally_support,HORDE,,,True,False,False,False,True,False,4741,9962
top_error_07_EUW1_7830670024_100,top_error,7,EUW1_7830670024,100,9.435516666666667,ELITE_MONSTER_KILL,"Shyvana(JUNGLE,T100,pid2)",,"Sona(UTILITY,T100,pid5)",ally_jungle,,ally_support,HORDE,,,True,False,False,False,True,False,4952,10093
top_error_07_EUW1_7830670024_100,top_error,7,EUW1_7830670024,100,9.4795,TURRET_PLATE_DESTROYED,"Ryze(MIDDLE,T100,pid3)",,,ally_middle,,,,,MID_LANE,False,False,False,False,False,False,8955,8510
top_error_07_EUW1_7830670024_100,top_error,7,EUW1_7830670024,100,9.5403,ELITE_MONSTER_KILL,"Shyvana(JUNGLE,T100,pid2)",,,ally_jungle,,,HORDE,,,False,False,False,False,False,False,4689,10217
top_error_07_EUW1_7830670024_100,top_error,7,EUW1_7830670024,100,9.752016666666666,TURRET_PLATE_DESTROYED,"Jinx(BOTTOM,T200,pid9)",,,enemy_bottom,,,,,BOT_LANE,False,False,False,False,False,False,10504,1029
top_error_07_EUW1_7830670024_100,top_error,7,EUW1_7830670024,100,9.956316666666666,CHAMPION_KILL,"Ashe(BOTTOM,T100,pid4)","Blitzcrank(UTILITY,T200,pid10)",,ally_adc,enemy_utility,,,,,False,True,False,False,False,False,12247,1380
top_error_07_EUW1_7830670024_100,top_error,7,EUW1_7830670024,100,10.0014,CHAMPION_KILL,"Jinx(BOTTOM,T200,pid9)","Ashe(BOTTOM,T100,pid4)",,enemy_bottom,ally_adc,,,,,False,True,False,True,False,False,10369,1124
top_error_07_EUW1_7830670024_100,top_error,7,EUW1_7830670024,100,10.054383333333334,TURRET_PLATE_DESTROYED,,,,,,,,,MID_LANE,False,False,False,False,False,False,8955,8510
top_error_07_EUW1_7830670024_100,top_error,7,EUW1_7830670024,100,10.1635,CHAMPION_KILL,"Udyr(JUNGLE,T200,pid7)","Ryze(MIDDLE,T100,pid3)","Yone(MIDDLE,T200,pid8)",enemy_jungle,ally_middle,enemy_middle,,,,False,False,False,False,False,False,6877,7861
top_error_07_EUW1_7830670024_100,top_error,7,EUW1_7830670024,100,10.249233333333333,CHAMPION_KILL,"Shyvana(JUNGLE,T100,pid2)","Udyr(JUNGLE,T200,pid7)","Ryze(MIDDLE,T100,pid3); Sona(UTILITY,T100,pid5)",ally_jungle,enemy_jungle,ally_middle; ally_support,,,,True,False,False,False,True,False,6456,7558
top_error_07_EUW1_7830670024_100,top_error,7,EUW1_7830670024,100,10.310466666666667,TURRET_PLATE_DESTROYED,,,,,,,,,BOT_LANE,False,False,False,False,False,False,10504,1029
top_error_07_EUW1_7830670024_100,top_error,7,EUW1_7830670024,100,10.310466666666667,BUILDING_KILL,"Jinx(BOTTOM,T200,pid9)",,,enemy_bottom,,,,TOWER_BUILDING,BOT_LANE,False,False,False,False,False,False,10504,1029
top_error_07_EUW1_7830670024_100,top_error,7,EUW1_7830670024,100,10.415683333333334,CHAMPION_KILL,"Jinx(BOTTOM,T200,pid9)","Sona(UTILITY,T100,pid5)","Udyr(JUNGLE,T200,pid7)",enemy_bottom,ally_support,enemy_jungle,,,,True,False,True,False,False,False,6326,6661
top_error_07_EUW1_7830670024_100,top_error,7,EUW1_7830670024,100,11.126816666666667,CHAMPION_KILL,"Jayce(TOP,T100,pid1)","Sylas(TOP,T200,pid6)","Sona(UTILITY,T100,pid5)",ally_top,enemy_top,ally_support,,,,True,False,False,False,True,False,2679,13713
top_error_07_EUW1_7830670024_100,top_error,7,EUW1_7830670024,100,11.381066666666667,TURRET_PLATE_DESTROYED,"Jayce(TOP,T100,pid1)",,,ally_top,,,,,TOP_LANE,False,False,False,False,False,False,4318,13875
top_error_07_EUW1_7830670024_100,top_error,7,EUW1_7830670024,100,11.381066666666667,BUILDING_KILL,"Jayce(TOP,T100,pid1)",,"Sona(UTILITY,T100,pid5)",ally_top,,ally_support,,TOWER_BUILDING,TOP_LANE,True,False,False,False,True,False,4318,13875
top_error_07_EUW1_7830670024_100,top_error,7,EUW1_7830670024,100,11.561466666666666,ELITE_MONSTER_KILL,"Udyr(JUNGLE,T200,pid7)",,,enemy_jungle,,,DRAGON,,,False,False,False,False,False,False,10139,5008
top_error_07_EUW1_7830670024_100,top_error,7,EUW1_7830670024,100,11.8359,TURRET_PLATE_DESTROYED,,,,,,,,,TOP_LANE,False,False,False,False,False,False,7943,13411
top_error_07_EUW1_7830670024_100,top_error,7,EUW1_7830670024,100,11.904533333333333,CHAMPION_KILL,"Udyr(JUNGLE,T200,pid7)","Ashe(BOTTOM,T100,pid4)","Yone(MIDDLE,T200,pid8)",enemy_jungle,ally_adc,enemy_middle,,,,False,True,False,True,False,False,8040,853
top_error_08_EUW1_7705182186_200,top_error,8,EUW1_7705182186,200,1.2358166666666666,CHAMPION_KILL,"Caitlyn(BOTTOM,T100,pid4)","Aphelios(BOTTOM,T200,pid9)","Velkoz(UTILITY,T100,pid5)",enemy_bottom,ally_adc,enemy_utility,,,,False,True,False,True,False,False,13560,4863
top_error_08_EUW1_7705182186_200,top_error,8,EUW1_7705182186,200,2.6228333333333333,CHAMPION_KILL,"Fizz(MIDDLE,T200,pid8)","Ekko(MIDDLE,T100,pid3)",,ally_middle,enemy_middle,,,,,False,False,False,False,False,False,6547,6497
top_error_08_EUW1_7705182186_200,top_error,8,EUW1_7705182186,200,2.6317333333333335,CHAMPION_KILL,"Ekko(MIDDLE,T100,pid3)","Fizz(MIDDLE,T200,pid8)",,enemy_middle,ally_middle,,,,,False,False,False,False,False,False,6983,6558
top_error_08_EUW1_7705182186_200,top_error,8,EUW1_7705182186,200,2.7285833333333334,CHAMPION_KILL,"Elise(JUNGLE,T100,pid2)","Diana(JUNGLE,T200,pid7)","Caitlyn(BOTTOM,T100,pid4); Velkoz(UTILITY,T100,pid5)",enemy_jungle,ally_jungle,enemy_bottom; enemy_utility,,,,False,False,False,False,False,False,13002,7324
top_error_08_EUW1_7705182186_200,top_error,8,EUW1_7705182186,200,3.29255,TURRET_PLATE_DESTROYED,,,,,,,,,BOT_LANE,False,False,False,False,False,False,13866,4505
top_error_08_EUW1_7705182186_200,top_error,8,EUW1_7705182186,200,3.4784333333333333,CHAMPION_KILL,"Velkoz(UTILITY,T100,pid5)","Aphelios(BOTTOM,T200,pid9)","Elise(JUNGLE,T100,pid2); Caitlyn(BOTTOM,T100,pid4)",enemy_utility,ally_adc,enemy_jungle; enemy_bottom,,,,False,True,False,True,False,False,14110,7886
top_error_08_EUW1_7705182186_200,top_error,8,EUW1_7705182186,200,3.8002,CHAMPION_KILL,"Fizz(MIDDLE,T200,pid8)","Ekko(MIDDLE,T100,pid3)",,ally_middle,enemy_middle,,,,,False,False,False,False,False,False,7556,7230
top_error_08_EUW1_7705182186_200,top_error,8,EUW1_7705182186,200,4.289466666666667,TURRET_PLATE_DESTROYED,"Poppy(TOP,T200,pid6)",,,ally_top,,,,,TOP_LANE,False,False,False,False,False,False,981,10441
top_error_08_EUW1_7705182186_200,top_error,8,EUW1_7705182186,200,4.763333333333334,CHAMPION_KILL,"Fizz(MIDDLE,T200,pid8)","Ekko(MIDDLE,T100,pid3)",,ally_middle,enemy_middle,,,,,False,False,False,False,False,False,8626,6285
top_error_08_EUW1_7705182186_200,top_error,8,EUW1_7705182186,200,4.793383333333334,TURRET_PLATE_DESTROYED,,,,,,,,,MID_LANE,False,False,False,False,False,False,8955,8510
top_error_08_EUW1_7705182186_200,top_error,8,EUW1_7705182186,200,5.208283333333333,TURRET_PLATE_DESTROYED,"Caitlyn(BOTTOM,T100,pid4)",,,enemy_bottom,,,,,BOT_LANE,False,False,False,False,False,False,13866,4505
top_error_08_EUW1_7705182186_200,top_error,8,EUW1_7705182186,200,5.65745,CHAMPION_KILL,"Velkoz(UTILITY,T100,pid5)","Diana(JUNGLE,T200,pid7)","Elise(JUNGLE,T100,pid2); Caitlyn(BOTTOM,T100,pid4)",enemy_utility,ally_jungle,enemy_jungle; enemy_bottom,,,,False,False,False,False,False,False,13016,7164
top_error_08_EUW1_7705182186_200,top_error,8,EUW1_7705182186,200,5.7209,CHAMPION_KILL,"Caitlyn(BOTTOM,T100,pid4)","Yuumi(UTILITY,T200,pid10)","Elise(JUNGLE,T100,pid2); Velkoz(UTILITY,T100,pid5)",enemy_bottom,ally_support,enemy_jungle; enemy_utility,,,,True,False,True,False,False,False,12385,7658
top_error_08_EUW1_7705182186_200,top_error,8,EUW1_7705182186,200,6.39555,ELITE_MONSTER_KILL,"Elise(JUNGLE,T100,pid2)",,"Caitlyn(BOTTOM,T100,pid4); Velkoz(UTILITY,T100,pid5)",enemy_jungle,,enemy_bottom; enemy_utility,DRAGON,,,False,False,False,False,False,False,9927,4486
top_error_08_EUW1_7705182186_200,top_error,8,EUW1_7705182186,200,6.825266666666667,TURRET_PLATE_DESTROYED,"Poppy(TOP,T200,pid6)",,,ally_top,,,,,TOP_LANE,False,False,False,False,False,False,981,10441
top_error_08_EUW1_7705182186_200,top_error,8,EUW1_7705182186,200,7.508733333333334,TURRET_PLATE_DESTROYED,"Ekko(MIDDLE,T100,pid3)",,,enemy_middle,,,,,MID_LANE,False,False,False,False,False,False,8955,8510
top_error_08_EUW1_7705182186_200,top_error,8,EUW1_7705182186,200,7.7164166666666665,CHAMPION_KILL,"Diana(JUNGLE,T200,pid7)","Ekko(MIDDLE,T100,pid3)","Fizz(MIDDLE,T200,pid8); Yuumi(UTILITY,T200,pid10)",ally_jungle,enemy_middle,ally_middle; ally_support,,,,True,False,False,False,True,False,6186,9177
top_error_08_EUW1_7705182186_200,top_error,8,EUW1_7705182186,200,8.091133333333334,TURRET_PLATE_DESTROYED,"Fizz(MIDDLE,T200,pid8)",,,ally_middle,,,,,MID_LANE,False,False,False,False,False,False,5846,6396
top_error_08_EUW1_7705182186_200,top_error,8,EUW1_7705182186,200,8.17415,TURRET_PLATE_DESTROYED,"Caitlyn(BOTTOM,T100,pid4)",,,enemy_bottom,,,,,BOT_LANE,False,False,False,False,False,False,13866,4505
top_error_08_EUW1_7705182186_200,top_error,8,EUW1_7705182186,200,8.309966666666666,CHAMPION_KILL,"Caitlyn(BOTTOM,T100,pid4)","Aphelios(BOTTOM,T200,pid9)","Velkoz(UTILITY,T100,pid5)",enemy_bottom,ally_adc,enemy_utility,,,,False,True,False,True,False,False,13915,4252
top_error_08_EUW1_7705182186_200,top_error,8,EUW1_7705182186,200,8.486966666666667,CHAMPION_KILL,"Elise(JUNGLE,T100,pid2)","Fizz(MIDDLE,T200,pid8)",,enemy_jungle,ally_middle,,,,,False,False,False,False,False,False,9157,8594
top_error_08_EUW1_7705182186_200,top_error,8,EUW1_7705182186,200,8.639466666666667,TURRET_PLATE_DESTROYED,,,,,,,,,BOT_LANE,False,False,False,False,False,False,13866,4505
top_error_08_EUW1_7705182186_200,top_error,8,EUW1_7705182186,200,8.720183333333333,TURRET_PLATE_DESTROYED,"Ekko(MIDDLE,T100,pid3)",,,enemy_middle,,,,,MID_LANE,False,False,False,False,False,False,8955,8510
top_error_08_EUW1_7705182186_200,top_error,8,EUW1_7705182186,200,8.875483333333333,ELITE_MONSTER_KILL,"Elise(JUNGLE,T100,pid2)",,,enemy_jungle,,,HORDE,,,False,False,False,False,False,False,4800,10081
top_error_08_EUW1_7705182186_200,top_error,8,EUW1_7705182186,200,9.021116666666666,ELITE_MONSTER_KILL,"Elise(JUNGLE,T100,pid2)",,,enemy_jungle,,,HORDE,,,False,False,False,False,False,False,4637,10140
top_error_08_EUW1_7705182186_200,top_error,8,EUW1_7705182186,200,9.148583333333333,ELITE_MONSTER_KILL,"Elise(JUNGLE,T100,pid2)",,,enemy_jungle,,,HORDE,,,False,False,False,False,False,False,4745,9872
top_error_08_EUW1_7705182186_200,top_error,8,EUW1_7705182186,200,9.457666666666666,CHAMPION_KILL,"Fizz(MIDDLE,T200,pid8)","Ekko(MIDDLE,T100,pid3)",,ally_middle,enemy_middle,,,,,False,False,False,False,False,False,7893,8083
top_error_08_EUW1_7705182186_200,top_error,8,EUW1_7705182186,200,9.796766666666667,TURRET_PLATE_DESTROYED,"Nasus(TOP,T100,pid1)",,,enemy_top,,,,,TOP_LANE,False,False,False,False,False,False,4318,13875
top_error_08_EUW1_7705182186_200,top_error,8,EUW1_7705182186,200,9.817916666666667,TURRET_PLATE_DESTROYED,,,,,,,,,MID_LANE,False,False,False,False,False,False,5846,6396
top_error_08_EUW1_7705182186_200,top_error,8,EUW1_7705182186,200,9.82405,CHAMPION_KILL,"Caitlyn(BOTTOM,T100,pid4)","Aphelios(BOTTOM,T200,pid9)","Velkoz(UTILITY,T100,pid5)",enemy_bottom,ally_adc,enemy_utility,,,,False,True,False,True,False,False,14122,5058
top_error_08_EUW1_7705182186_200,top_error,8,EUW1_7705182186,200,9.91535,TURRET_PLATE_DESTROYED,,,,,,,,,TOP_LANE,False,False,False,False,False,False,4318,13875
top_error_08_EUW1_7705182186_200,top_error,8,EUW1_7705182186,200,9.998833333333334,CHAMPION_KILL,"Aphelios(BOTTOM,T200,pid9)","Caitlyn(BOTTOM,T100,pid4)",,ally_adc,enemy_bottom,,,,,False,True,False,False,False,False,13486,7348
top_error_08_EUW1_7705182186_200,top_error,8,EUW1_7705182186,200,10.165816666666666,TURRET_PLATE_DESTROYED,"Ekko(MIDDLE,T100,pid3)",,,enemy_middle,,,,,MID_LANE,False,False,False,False,False,False,8955,8510
top_error_08_EUW1_7705182186_200,top_error,8,EUW1_7705182186,200,10.43245,CHAMPION_KILL,"Fizz(MIDDLE,T200,pid8)","Ekko(MIDDLE,T100,pid3)",,ally_middle,enemy_middle,,,,,False,False,False,False,False,False,6910,7240
top_error_08_EUW1_7705182186_200,top_error,8,EUW1_7705182186,200,10.952733333333333,CHAMPION_KILL,"Caitlyn(BOTTOM,T100,pid4)","Diana(JUNGLE,T200,pid7)","Elise(JUNGLE,T100,pid2); Velkoz(UTILITY,T100,pid5)",enemy_bottom,ally_jungle,enemy_jungle; enemy_utility,,,,False,False,False,False,False,False,11493,6914
top_error_08_EUW1_7705182186_200,top_error,8,EUW1_7705182186,200,11.017383333333333,CHAMPION_KILL,"Elise(JUNGLE,T100,pid2)","Yuumi(UTILITY,T200,pid10)","Velkoz(UTILITY,T100,pid5)",enemy_jungle,ally_support,enemy_utility,,,,True,False,True,False,False,False,11638,6774
top_error_08_EUW1_7705182186_200,top_error,8,EUW1_7705182186,200,11.276283333333334,TURRET_PLATE_DESTROYED,,,,,,,,,BOT_LANE,False,False,False,False,False,False,13866,4505
top_error_08_EUW1_7705182186_200,top_error,8,EUW1_7705182186,200,11.276283333333334,BUILDING_KILL,"Caitlyn(BOTTOM,T100,pid4)",,,enemy_bottom,,,,TOWER_BUILDING,BOT_LANE,False,False,False,False,False,False,13866,4505
top_error_08_EUW1_7705182186_200,top_error,8,EUW1_7705182186,200,11.322483333333333,CHAMPION_KILL,"Caitlyn(BOTTOM,T100,pid4)","Aphelios(BOTTOM,T200,pid9)","Elise(JUNGLE,T100,pid2); Velkoz(UTILITY,T100,pid5)",enemy_bottom,ally_adc,enemy_jungle; enemy_utility,,,,False,True,False,True,False,False,14138,4666
top_error_08_EUW1_7705182186_200,top_error,8,EUW1_7705182186,200,11.5246,CHAMPION_KILL,"Fizz(MIDDLE,T200,pid8)","Ekko(MIDDLE,T100,pid3)",,ally_middle,enemy_middle,,,,,False,False,False,False,False,False,7491,8395
top_error_08_EUW1_7705182186_200,top_error,8,EUW1_7705182186,200,11.755583333333334,ELITE_MONSTER_KILL,"Caitlyn(BOTTOM,T100,pid4)",,"Elise(JUNGLE,T100,pid2); Velkoz(UTILITY,T100,pid5)",enemy_bottom,,enemy_jungle; enemy_utility,DRAGON,,,False,False,False,False,False,False,9837,4397
top_error_08_EUW1_7705182186_200,top_error,8,EUW1_7705182186,200,11.837966666666667,TURRET_PLATE_DESTROYED,,,,,,,,,BOT_LANE,False,False,False,False,False,False,13327,8226
top_error_09_EUW1_7716308181_100,top_error,9,EUW1_7716308181,100,4.259766666666667,TURRET_PLATE_DESTROYED,"Ahri(TOP,T100,pid1)",,,ally_top,,,,,TOP_LANE,False,False,False,False,False,False,4318,13875
top_error_09_EUW1_7716308181_100,top_error,9,EUW1_7716308181,100,4.309866666666666,CHAMPION_KILL,"Velkoz(UTILITY,T100,pid5)","JarvanIV(JUNGLE,T200,pid7)","Zoe(MIDDLE,T100,pid3)",ally_support,enemy_jungle,ally_middle,,,,True,False,False,False,False,False,8243,6773
top_error_09_EUW1_7716308181_100,top_error,9,EUW1_7716308181,100,4.67755,CHAMPION_KILL,"XinZhao(JUNGLE,T100,pid2)","Nami(UTILITY,T200,pid10)",,ally_jungle,enemy_utility,,,,,False,False,False,False,False,False,11005,6973
top_error_09_EUW1_7716308181_100,top_error,9,EUW1_7716308181,100,4.75715,CHAMPION_KILL,"Mel(BOTTOM,T200,pid9)","Velkoz(UTILITY,T100,pid5)","Nami(UTILITY,T200,pid10)",enemy_bottom,ally_support,enemy_utility,,,,True,False,True,False,False,False,10135,7236
top_error_09_EUW1_7716308181_100,top_error,9,EUW1_7716308181,100,5.276883333333333,TURRET_PLATE_DESTROYED,,,,,,,,,BOT_LANE,False,False,False,False,False,False,13866,4505
top_error_09_EUW1_7716308181_100,top_error,9,EUW1_7716308181,100,5.5949333333333335,CHAMPION_KILL,"Jayce(MIDDLE,T200,pid8)","Velkoz(UTILITY,T100,pid5)","JarvanIV(JUNGLE,T200,pid7)",enemy_middle,ally_support,enemy_jungle,,,,True,False,True,False,False,False,7649,7348
top_error_09_EUW1_7716308181_100,top_error,9,EUW1_7716308181,100,5.8209333333333335,CHAMPION_KILL,"Ornn(TOP,T200,pid6)","Ahri(TOP,T100,pid1)",,enemy_top,ally_top,,,,,False,False,False,False,False,False,1556,10619
top_error_09_EUW1_7716308181_100,top_error,9,EUW1_7716308181,100,5.827616666666667,TURRET_PLATE_DESTROYED,,,,,,,,,BOT_LANE,False,False,False,False,False,False,10504,1029
top_error_09_EUW1_7716308181_100,top_error,9,EUW1_7716308181,100,5.94785,CHAMPION_KILL,"XinZhao(JUNGLE,T100,pid2)","Ornn(TOP,T200,pid6)","Ahri(TOP,T100,pid1)",ally_jungle,enemy_top,ally_top,,,,False,False,False,False,False,False,3622,13515
top_error_09_EUW1_7716308181_100,top_error,9,EUW1_7716308181,100,6.21065,TURRET_PLATE_DESTROYED,"Zoe(MIDDLE,T100,pid3)",,,ally_middle,,,,,MID_LANE,False,False,False,False,False,False,8955,8510
top_error_09_EUW1_7716308181_100,top_error,9,EUW1_7716308181,100,6.56015,CHAMPION_KILL,"Nami(UTILITY,T200,pid10)","Zoe(MIDDLE,T100,pid3)","Jayce(MIDDLE,T200,pid8)",enemy_utility,ally_middle,enemy_middle,,,,False,False,False,False,False,False,8322,6236
top_error_09_EUW1_7716308181_100,top_error,9,EUW1_7716308181,100,6.585766666666666,CHAMPION_KILL,"Velkoz(UTILITY,T100,pid5)","Jayce(MIDDLE,T200,pid8)","XinZhao(JUNGLE,T100,pid2); Zoe(MIDDLE,T100,pid3)",ally_support,enemy_middle,ally_jungle; ally_middle,,,,True,False,False,False,False,False,8370,6438
top_error_09_EUW1_7716308181_100,top_error,9,EUW1_7716308181,100,6.671483333333334,CHAMPION_KILL,"Twitch(BOTTOM,T100,pid4)","Mel(BOTTOM,T200,pid9)",,ally_adc,enemy_bottom,,,,,False,True,False,False,False,False,13032,1454
top_error_09_EUW1_7716308181_100,top_error,9,EUW1_7716308181,100,6.946783333333333,CHAMPION_KILL,"JarvanIV(JUNGLE,T200,pid7)","Velkoz(UTILITY,T100,pid5)","Nami(UTILITY,T200,pid10)",enemy_jungle,ally_support,enemy_utility,,,,True,False,True,False,False,False,7846,6526
top_error_09_EUW1_7716308181_100,top_error,9,EUW1_7716308181,100,7.010433333333333,TURRET_PLATE_DESTROYED,"Twitch(BOTTOM,T100,pid4)",,,ally_adc,,,,,BOT_LANE,False,True,False,False,False,False,13866,4505
top_error_09_EUW1_7716308181_100,top_error,9,EUW1_7716308181,100,8.155683333333334,CHAMPION_KILL,"Zoe(MIDDLE,T100,pid3)","Jayce(MIDDLE,T200,pid8)","XinZhao(JUNGLE,T100,pid2); Velkoz(UTILITY,T100,pid5)",ally_middle,enemy_middle,ally_jungle; ally_support,,,,True,False,False,False,True,False,7363,7825
top_error_09_EUW1_7716308181_100,top_error,9,EUW1_7716308181,100,8.341916666666666,TURRET_PLATE_DESTROYED,"Mel(BOTTOM,T200,pid9)",,,enemy_bottom,,,,,BOT_LANE,False,False,False,False,False,False,10504,1029
top_error_09_EUW1_7716308181_100,top_error,9,EUW1_7716308181,100,8.450366666666667,ELITE_MONSTER_KILL,"XinZhao(JUNGLE,T100,pid2)",,"Velkoz(UTILITY,T100,pid5)",ally_jungle,,ally_support,HORDE,,,True,False,False,False,True,False,4797,9812
top_error_09_EUW1_7716308181_100,top_error,9,EUW1_7716308181,100,8.5617,CHAMPION_KILL,"Ornn(TOP,T200,pid6)","Ahri(TOP,T100,pid1)","JarvanIV(JUNGLE,T200,pid7)",enemy_top,ally_top,enemy_jungle,,,,False,False,False,False,False,False,2057,12842
top_error_09_EUW1_7716308181_100,top_error,9,EUW1_7716308181,100,8.607583333333332,ELITE_MONSTER_KILL,"XinZhao(JUNGLE,T100,pid2)",,"Velkoz(UTILITY,T100,pid5)",ally_jungle,,ally_support,HORDE,,,True,False,False,False,True,False,4650,9988
top_error_09_EUW1_7716308181_100,top_error,9,EUW1_7716308181,100,8.662683333333334,ELITE_MONSTER_KILL,"XinZhao(JUNGLE,T100,pid2)",,"Velkoz(UTILITY,T100,pid5)",ally_jungle,,ally_support,HORDE,,,True,False,False,False,True,False,4818,9977
top_error_09_EUW1_7716308181_100,top_error,9,EUW1_7716308181,100,9.468383333333334,CHAMPION_KILL,"Zoe(MIDDLE,T100,pid3)","Jayce(MIDDLE,T200,pid8)",,ally_middle,enemy_middle,,,,,False,False,False,False,False,False,8182,7508
top_error_09_EUW1_7716308181_100,top_error,9,EUW1_7716308181,100,9.82375,CHAMPION_KILL,"Velkoz(UTILITY,T100,pid5)","Nami(UTILITY,T200,pid10)","Zoe(MIDDLE,T100,pid3)",ally_support,enemy_utility,ally_middle,,,,True,False,False,False,False,False,9494,8070
top_error_09_EUW1_7716308181_100,top_error,9,EUW1_7716308181,100,9.87385,TURRET_PLATE_DESTROYED,"Velkoz(UTILITY,T100,pid5)",,,ally_support,,,,,MID_LANE,True,False,False,False,False,False,8955,8510
top_error_09_EUW1_7716308181_100,top_error,9,EUW1_7716308181,100,10.002583333333334,CHAMPION_KILL,"JarvanIV(JUNGLE,T200,pid7)","Ahri(TOP,T100,pid1)","Ornn(TOP,T200,pid6)",enemy_jungle,ally_top,enemy_top,,,,False,False,False,False,False,False,1609,11191
top_error_09_EUW1_7716308181_100,top_error,9,EUW1_7716308181,100,10.078166666666666,CHAMPION_KILL,"XinZhao(JUNGLE,T100,pid2)","JarvanIV(JUNGLE,T200,pid7)","Ahri(TOP,T100,pid1)",ally_jungle,enemy_jungle,ally_top,,,,False,False,False,False,False,False,1797,12000
top_error_09_EUW1_7716308181_100,top_error,9,EUW1_7716308181,100,10.1639,CHAMPION_KILL,"XinZhao(JUNGLE,T100,pid2)","Ornn(TOP,T200,pid6)","Ahri(TOP,T100,pid1)",ally_jungle,enemy_top,ally_top,,,,False,False,False,False,False,False,2401,11552
top_error_09_EUW1_7716308181_100,top_error,9,EUW1_7716308181,100,10.6323,TURRET_PLATE_DESTROYED,,,,,,,,,MID_LANE,False,False,False,False,False,False,5846,6396
top_error_09_EUW1_7716308181_100,top_error,9,EUW1_7716308181,100,10.879016666666667,TURRET_PLATE_DESTROYED,,,,,,,,,BOT_LANE,False,False,False,False,False,False,10504,1029
top_error_09_EUW1_7716308181_100,top_error,9,EUW1_7716308181,100,11.147533333333334,CHAMPION_KILL,"Zoe(MIDDLE,T100,pid3)","Jayce(MIDDLE,T200,pid8)",,ally_middle,enemy_middle,,,,,False,False,False,False,False,False,6262,7355
top_error_09_EUW1_7716308181_100,top_error,9,EUW1_7716308181,100,11.3058,CHAMPION_KILL,"Velkoz(UTILITY,T100,pid5)","Nami(UTILITY,T200,pid10)","Zoe(MIDDLE,T100,pid3)",ally_support,enemy_utility,ally_middle,,,,True,False,False,False,False,False,8789,8776
top_error_09_EUW1_7716308181_100,top_error,9,EUW1_7716308181,100,11.48165,TURRET_PLATE_DESTROYED,"Zoe(MIDDLE,T100,pid3)",,,ally_middle,,,,,MID_LANE,False,False,False,False,False,False,8955,8510
top_error_10_EUW1_7708270762_200,top_error,10,EUW1_7708270762,200,2.3021,CHAMPION_KILL,"Caitlyn(BOTTOM,T200,pid9)","Jhin(BOTTOM,T100,pid4)","Lux(UTILITY,T200,pid10)",ally_adc,enemy_bottom,ally_support,,,,True,True,False,False,True,False,11773,1183
top_error_10_EUW1_7708270762_200,top_error,10,EUW1_7708270762,200,2.3705666666666665,CHAMPION_KILL,"Karma(UTILITY,T100,pid5)","Caitlyn(BOTTOM,T200,pid9)","Jhin(BOTTOM,T100,pid4)",enemy_utility,ally_adc,enemy_bottom,,,,False,True,False,True,False,False,12213,2442
top_error_10_EUW1_7708270762_200,top_error,10,EUW1_7708270762,200,3.2422833333333334,CHAMPION_KILL,"Ambessa(JUNGLE,T100,pid2)","Nidalee(JUNGLE,T200,pid7)",,enemy_jungle,ally_jungle,,,,,False,False,False,False,False,False,11637,5936
top_error_10_EUW1_7708270762_200,top_error,10,EUW1_7708270762,200,3.32355,CHAMPION_KILL,"Gwen(TOP,T200,pid6)","Sion(TOP,T100,pid1)",,ally_top,enemy_top,,,,,False,False,False,False,False,False,1826,11692
top_error_10_EUW1_7708270762_200,top_error,10,EUW1_7708270762,200,3.9720666666666666,CHAMPION_KILL,"Akali(MIDDLE,T100,pid3)","Nidalee(JUNGLE,T200,pid7)","Ambessa(JUNGLE,T100,pid2)",enemy_middle,ally_jungle,enemy_jungle,,,,False,False,False,False,False,False,7216,9223
top_error_10_EUW1_7708270762_200,top_error,10,EUW1_7708270762,200,3.988766666666667,CHAMPION_KILL,"Quinn(MIDDLE,T200,pid8)","Ambessa(JUNGLE,T100,pid2)","Nidalee(JUNGLE,T200,pid7)",ally_middle,enemy_jungle,ally_jungle,,,,False,False,False,False,False,False,7087,9765
top_error_10_EUW1_7708270762_200,top_error,10,EUW1_7708270762,200,4.361166666666667,TURRET_PLATE_DESTROYED,,,,,,,,,MID_LANE,False,False,False,False,False,False,8955,8510
top_error_10_EUW1_7708270762_200,top_error,10,EUW1_7708270762,200,4.428516666666667,CHAMPION_KILL,"Karma(UTILITY,T100,pid5)","Caitlyn(BOTTOM,T200,pid9)","Jhin(BOTTOM,T100,pid4)",enemy_utility,ally_adc,enemy_bottom,,,,False,True,False,True,False,False,13464,4334
top_error_10_EUW1_7708270762_200,top_error,10,EUW1_7708270762,200,4.7505,CHAMPION_KILL,"Karma(UTILITY,T100,pid5)","Lux(UTILITY,T200,pid10)","Jhin(BOTTOM,T100,pid4)",enemy_utility,ally_support,enemy_bottom,,,,True,False,True,False,False,False,13918,7098
top_error_10_EUW1_7708270762_200,top_error,10,EUW1_7708270762,200,5.89285,CHAMPION_KILL,"Ambessa(JUNGLE,T100,pid2)","Lux(UTILITY,T200,pid10)","Jhin(BOTTOM,T100,pid4); Karma(UTILITY,T100,pid5)",enemy_jungle,ally_support,enemy_bottom; enemy_utility,,,,True,False,True,False,False,False,13661,3928
top_error_10_EUW1_7708270762_200,top_error,10,EUW1_7708270762,200,6.145183333333334,CHAMPION_KILL,"Akali(MIDDLE,T100,pid3)","Nidalee(JUNGLE,T200,pid7)","Ambessa(JUNGLE,T100,pid2); Jhin(BOTTOM,T100,pid4); Karma(UTILITY,T100,pid5)",enemy_middle,ally_jungle,enemy_jungle; enemy_bottom; enemy_utility,,,,False,False,False,False,False,False,13889,5154
top_error_10_EUW1_7708270762_200,top_error,10,EUW1_7708270762,200,6.21365,CHAMPION_KILL,"Caitlyn(BOTTOM,T200,pid9)","Karma(UTILITY,T100,pid5)","Quinn(MIDDLE,T200,pid8)",ally_adc,enemy_utility,ally_middle,,,,False,True,False,False,False,False,13129,5657
top_error_10_EUW1_7708270762_200,top_error,10,EUW1_7708270762,200,6.2815666666666665,CHAMPION_KILL,"Jhin(BOTTOM,T100,pid4)","Caitlyn(BOTTOM,T200,pid9)","Akali(MIDDLE,T100,pid3); Karma(UTILITY,T100,pid5)",enemy_bottom,ally_adc,enemy_middle; enemy_utility,,,,False,True,False,True,False,False,14080,5085
top_error_10_EUW1_7708270762_200,top_error,10,EUW1_7708270762,200,6.3016,CHAMPION_KILL,"Jhin(BOTTOM,T100,pid4)","Quinn(MIDDLE,T200,pid8)","Ambessa(JUNGLE,T100,pid2); Akali(MIDDLE,T100,pid3); Karma(UTILITY,T100,pid5)",enemy_bottom,ally_middle,enemy_jungle; enemy_middle; enemy_utility,,,,False,False,False,False,False,False,14070,4345
top_error_10_EUW1_7708270762_200,top_error,10,EUW1_7708270762,200,6.340016666666667,TURRET_PLATE_DESTROYED,"Jhin(BOTTOM,T100,pid4)",,,enemy_bottom,,,,,BOT_LANE,False,False,False,False,False,False,13866,4505
top_error_10_EUW1_7708270762_200,top_error,10,EUW1_7708270762,200,6.780516666666666,TURRET_PLATE_DESTROYED,"Gwen(TOP,T200,pid6)",,,ally_top,,,,,TOP_LANE,False,False,False,False,False,False,981,10441
top_error_10_EUW1_7708270762_200,top_error,10,EUW1_7708270762,200,6.794433333333333,CHAMPION_KILL,"Jhin(BOTTOM,T100,pid4)","Lux(UTILITY,T200,pid10)",,enemy_bottom,ally_support,,,,,True,False,True,False,False,False,13302,2394
top_error_10_EUW1_7708270762_200,top_error,10,EUW1_7708270762,200,7.341316666666667,CHAMPION_KILL,"Gwen(TOP,T200,pid6)","Sion(TOP,T100,pid1)",,ally_top,enemy_top,,,,,False,False,False,False,False,False,2896,13128
top_error_10_EUW1_7708270762_200,top_error,10,EUW1_7708270762,200,7.40255,CHAMPION_KILL,"Akali(MIDDLE,T100,pid3)","Gwen(TOP,T200,pid6)","Sion(TOP,T100,pid1); Ambessa(JUNGLE,T100,pid2)",enemy_middle,ally_top,enemy_top; enemy_jungle,,,,False,False,False,False,False,False,3402,11843
top_error_10_EUW1_7708270762_200,top_error,10,EUW1_7708270762,200,7.4253833333333334,CHAMPION_KILL,"Nidalee(JUNGLE,T200,pid7)","Ambessa(JUNGLE,T100,pid2)","Quinn(MIDDLE,T200,pid8)",ally_jungle,enemy_jungle,ally_middle,,,,False,False,False,False,False,False,2711,12867
top_error_10_EUW1_7708270762_200,top_error,10,EUW1_7708270762,200,7.528366666666667,CHAMPION_KILL,"Akali(MIDDLE,T100,pid3)","Nidalee(JUNGLE,T200,pid7)","Sion(TOP,T100,pid1)",enemy_middle,ally_jungle,enemy_top,,,,False,False,False,False,False,False,1657,13644
top_error_10_EUW1_7708270762_200,top_error,10,EUW1_7708270762,200,7.854583333333333,CHAMPION_KILL,"Akali(MIDDLE,T100,pid3)","Quinn(MIDDLE,T200,pid8)","Karma(UTILITY,T100,pid5)",enemy_middle,ally_middle,enemy_utility,,,,False,False,False,False,False,False,2962,12818
top_error_10_EUW1_7708270762_200,top_error,10,EUW1_7708270762,200,7.987633333333333,CHAMPION_KILL,"Karma(UTILITY,T100,pid5)","Lux(UTILITY,T200,pid10)","Akali(MIDDLE,T100,pid3)",enemy_utility,ally_support,enemy_middle,,,,True,False,True,False,False,False,4485,13566
top_error_10_EUW1_7708270762_200,top_error,10,EUW1_7708270762,200,8.707683333333334,TURRET_PLATE_DESTROYED,"Jhin(BOTTOM,T100,pid4)",,,enemy_bottom,,,,,BOT_LANE,False,False,False,False,False,False,13866,4505
top_error_10_EUW1_7708270762_200,top_error,10,EUW1_7708270762,200,8.76335,TURRET_PLATE_DESTROYED,"Quinn(MIDDLE,T200,pid8)",,,ally_middle,,,,,MID_LANE,False,False,False,False,False,False,5846,6396
top_error_10_EUW1_7708270762_200,top_error,10,EUW1_7708270762,200,8.972983333333334,CHAMPION_KILL,"Akali(MIDDLE,T100,pid3)","Quinn(MIDDLE,T200,pid8)",,enemy_middle,ally_middle,,,,,False,False,False,False,False,False,7171,7136
top_error_10_EUW1_7708270762_200,top_error,10,EUW1_7708270762,200,9.154166666666667,CHAMPION_KILL,"Caitlyn(BOTTOM,T200,pid9)","Karma(UTILITY,T100,pid5)","Nidalee(JUNGLE,T200,pid7)",ally_adc,enemy_utility,ally_jungle,,,,False,True,False,False,False,False,13599,6256
top_error_10_EUW1_7708270762_200,top_error,10,EUW1_7708270762,200,9.190366666666666,CHAMPION_KILL,"Nidalee(JUNGLE,T200,pid7)","Ambessa(JUNGLE,T100,pid2)","Caitlyn(BOTTOM,T200,pid9)",ally_jungle,enemy_jungle,ally_adc,,,,False,True,False,False,False,True,13906,5792
top_error_10_EUW1_7708270762_200,top_error,10,EUW1_7708270762,200,9.19815,CHAMPION_KILL,"Jhin(BOTTOM,T100,pid4)","Nidalee(JUNGLE,T200,pid7)","Ambessa(JUNGLE,T100,pid2); Karma(UTILITY,T100,pid5)",enemy_bottom,ally_jungle,enemy_jungle; enemy_utility,,,,False,False,False,False,False,False,14080,5702
top_error_10_EUW1_7708270762_200,top_error,10,EUW1_7708270762,200,9.253816666666667,TURRET_PLATE_DESTROYED,"Akali(MIDDLE,T100,pid3)",,,enemy_middle,,,,,MID_LANE,False,False,False,False,False,False,8955,8510
top_error_10_EUW1_7708270762_200,top_error,10,EUW1_7708270762,200,9.925433333333334,CHAMPION_KILL,"Karma(UTILITY,T100,pid5)","Gwen(TOP,T200,pid6)","Sion(TOP,T100,pid1)",enemy_utility,ally_top,enemy_top,,,,False,False,False,False,False,False,1440,11796
top_error_10_EUW1_7708270762_200,top_error,10,EUW1_7708270762,200,9.969983333333333,CHAMPION_KILL,"Quinn(MIDDLE,T200,pid8)","Sion(TOP,T100,pid1)","Gwen(TOP,T200,pid6)",ally_middle,enemy_top,ally_top,,,,False,False,False,False,False,False,1145,11466
top_error_10_EUW1_7708270762_200,top_error,10,EUW1_7708270762,200,10.299916666666666,CHAMPION_KILL,"Ambessa(JUNGLE,T100,pid2)","Quinn(MIDDLE,T200,pid8)","Karma(UTILITY,T100,pid5)",enemy_jungle,ally_middle,enemy_utility,,,,False,False,False,False,False,False,1172,12033
top_error_10_EUW1_7708270762_200,top_error,10,EUW1_7708270762,200,10.3606,CHAMPION_KILL,"Akali(MIDDLE,T100,pid3)","Nidalee(JUNGLE,T200,pid7)",,enemy_middle,ally_jungle,,,,,False,False,False,False,False,False,4328,14052
top_error_10_EUW1_7708270762_200,top_error,10,EUW1_7708270762,200,10.682966666666667,ELITE_MONSTER_KILL,"Ambessa(JUNGLE,T100,pid2)",,,enemy_jungle,,,HORDE,,,False,False,False,False,False,False,4790,10182
top_error_10_EUW1_7708270762_200,top_error,10,EUW1_7708270762,200,10.791483333333334,ELITE_MONSTER_KILL,"Ambessa(JUNGLE,T100,pid2)",,,enemy_jungle,,,HORDE,,,False,False,False,False,False,False,4978,10129
top_error_10_EUW1_7708270762_200,top_error,10,EUW1_7708270762,200,10.866633333333333,ELITE_MONSTER_KILL,"Ambessa(JUNGLE,T100,pid2)",,,enemy_jungle,,,HORDE,,,False,False,False,False,False,False,4693,10361
top_error_10_EUW1_7708270762_200,top_error,10,EUW1_7708270762,200,11.30845,TURRET_PLATE_DESTROYED,"Jhin(BOTTOM,T100,pid4)",,,enemy_bottom,,,,,BOT_LANE,False,False,False,False,False,False,13866,4505
top_error_10_EUW1_7708270762_200,top_error,10,EUW1_7708270762,200,11.640416666666667,CHAMPION_KILL,"Akali(MIDDLE,T100,pid3)","Quinn(MIDDLE,T200,pid8)",,enemy_middle,ally_middle,,,,,False,False,False,False,False,False,10376,6673
top_error_10_EUW1_7708270762_200,top_error,10,EUW1_7708270762,200,11.666033333333333,CHAMPION_KILL,"Nidalee(JUNGLE,T200,pid7)","Akali(MIDDLE,T100,pid3)","Quinn(MIDDLE,T200,pid8)",ally_jungle,enemy_middle,ally_middle,,,,False,False,False,False,False,False,10240,7266
top_error_10_EUW1_7708270762_200,top_error,10,EUW1_7708270762,200,11.76345,CHAMPION_KILL,"Caitlyn(BOTTOM,T200,pid9)","Karma(UTILITY,T100,pid5)",,ally_adc,enemy_utility,,,,,False,True,False,False,False,False,13452,3476
top_error_11_EUW1_7830110048_100,top_error,11,EUW1_7830110048,100,2.7159166666666668,CHAMPION_KILL,"Smolder(BOTTOM,T200,pid9)","Yasuo(BOTTOM,T100,pid4)","Soraka(UTILITY,T200,pid10)",enemy_bottom,ally_adc,enemy_utility,,,,False,True,False,True,False,False,13503,3455
top_error_11_EUW1_7830110048_100,top_error,11,EUW1_7830110048,100,2.7832833333333333,CHAMPION_KILL,"Smolder(BOTTOM,T200,pid9)","Nami(UTILITY,T100,pid5)","Soraka(UTILITY,T200,pid10)",enemy_bottom,ally_support,enemy_utility,,,,True,False,True,False,False,False,11917,2349
top_error_11_EUW1_7830110048_100,top_error,11,EUW1_7830110048,100,2.7921833333333335,TURRET_PLATE_DESTROYED,,,,,,,,,TOP_LANE,False,False,False,False,False,False,4318,13875
top_error_11_EUW1_7830110048_100,top_error,11,EUW1_7830110048,100,2.9298166666666665,CHAMPION_KILL,"Zaahen(TOP,T200,pid6)","Sion(TOP,T100,pid1)",,enemy_top,ally_top,,,,,False,False,False,False,False,False,2899,13496
top_error_11_EUW1_7830110048_100,top_error,11,EUW1_7830110048,100,3.05205,CHAMPION_KILL,"Naafiri(JUNGLE,T100,pid2)","Soraka(UTILITY,T200,pid10)",,ally_jungle,enemy_utility,,,,,False,False,False,False,False,False,12899,1907
top_error_11_EUW1_7830110048_100,top_error,11,EUW1_7830110048,100,3.09325,CHAMPION_KILL,"Sion(TOP,T100,pid1)","Zaahen(TOP,T200,pid6)",,ally_top,enemy_top,,,,,False,False,False,False,False,False,1292,11581
top_error_11_EUW1_7830110048_100,top_error,11,EUW1_7830110048,100,3.95,CHAMPION_KILL,"Kassadin(MIDDLE,T200,pid8)","Nami(UTILITY,T100,pid5)","Gwen(JUNGLE,T200,pid7); Soraka(UTILITY,T200,pid10)",enemy_middle,ally_support,enemy_jungle; enemy_utility,,,,True,False,True,False,False,False,10627,6460
top_error_11_EUW1_7830110048_100,top_error,11,EUW1_7830110048,100,5.002666666666666,CHAMPION_KILL,"Sion(TOP,T100,pid1)","Zaahen(TOP,T200,pid6)","Nami(UTILITY,T100,pid5)",ally_top,enemy_top,ally_support,,,,True,False,False,False,True,False,3358,13726
top_error_11_EUW1_7830110048_100,top_error,11,EUW1_7830110048,100,5.258933333333333,CHAMPION_KILL,"Yasuo(BOTTOM,T100,pid4)","Soraka(UTILITY,T200,pid10)",,ally_adc,enemy_utility,,,,,False,True,False,False,False,False,12944,1879
top_error_11_EUW1_7830110048_100,top_error,11,EUW1_7830110048,100,5.299683333333333,TURRET_PLATE_DESTROYED,,,,,,,,,TOP_LANE,False,False,False,False,False,False,4318,13875
top_error_11_EUW1_7830110048_100,top_error,11,EUW1_7830110048,100,5.389316666666667,CHAMPION_KILL,"Smolder(BOTTOM,T200,pid9)","Yasuo(BOTTOM,T100,pid4)","Soraka(UTILITY,T200,pid10)",enemy_bottom,ally_adc,enemy_utility,,,,False,True,False,True,False,False,11751,2117
top_error_11_EUW1_7830110048_100,top_error,11,EUW1_7830110048,100,5.61835,CHAMPION_KILL,"Naafiri(JUNGLE,T100,pid2)","Smolder(BOTTOM,T200,pid9)",,ally_jungle,enemy_bottom,,,,,False,False,False,False,False,False,11535,1057
top_error_11_EUW1_7830110048_100,top_error,11,EUW1_7830110048,100,6.322233333333333,TURRET_PLATE_DESTROYED,"Azir(MIDDLE,T100,pid3)",,,ally_middle,,,,,MID_LANE,False,False,False,False,False,False,8955,8510
top_error_11_EUW1_7830110048_100,top_error,11,EUW1_7830110048,100,6.448883333333334,ELITE_MONSTER_KILL,"Gwen(JUNGLE,T200,pid7)",,"Soraka(UTILITY,T200,pid10)",enemy_jungle,,enemy_utility,DRAGON,,,False,False,False,False,False,False,9837,4397
top_error_11_EUW1_7830110048_100,top_error,11,EUW1_7830110048,100,6.62165,CHAMPION_KILL,"Sion(TOP,T100,pid1)","Zaahen(TOP,T200,pid6)",,ally_top,enemy_top,,,,,False,False,False,False,False,False,3786,13414
top_error_11_EUW1_7830110048_100,top_error,11,EUW1_7830110048,100,6.992016666666666,TURRET_PLATE_DESTROYED,"Nami(UTILITY,T100,pid5)",,,ally_support,,,,,TOP_LANE,True,False,False,False,False,False,4318,13875
top_error_11_EUW1_7830110048_100,top_error,11,EUW1_7830110048,100,7.128683333333333,CHAMPION_KILL,"Smolder(BOTTOM,T200,pid9)","Yasuo(BOTTOM,T100,pid4)","Soraka(UTILITY,T200,pid10)",enemy_bottom,ally_adc,enemy_utility,,,,False,True,False,True,False,False,10944,958
top_error_11_EUW1_7830110048_100,top_error,11,EUW1_7830110048,100,7.327366666666666,TURRET_PLATE_DESTROYED,,,,,,,,,BOT_LANE,False,False,False,False,False,False,10504,1029
top_error_11_EUW1_7830110048_100,top_error,11,EUW1_7830110048,100,8.23715,TURRET_PLATE_DESTROYED,"Azir(MIDDLE,T100,pid3)",,,ally_middle,,,,,MID_LANE,False,False,False,False,False,False,8955,8510
top_error_11_EUW1_7830110048_100,top_error,11,EUW1_7830110048,100,8.466883333333334,ELITE_MONSTER_KILL,"Naafiri(JUNGLE,T100,pid2)",,"Nami(UTILITY,T100,pid5)",ally_jungle,,ally_support,HORDE,,,True,False,False,False,True,False,5210,10424
top_error_11_EUW1_7830110048_100,top_error,11,EUW1_7830110048,100,8.569333333333333,TURRET_PLATE_DESTROYED,"Kassadin(MIDDLE,T200,pid8)",,,enemy_middle,,,,,MID_LANE,False,False,False,False,False,False,5846,6396
top_error_11_EUW1_7830110048_100,top_error,11,EUW1_7830110048,100,8.626166666666666,ELITE_MONSTER_KILL,"Naafiri(JUNGLE,T100,pid2)",,"Sion(TOP,T100,pid1)",ally_jungle,,ally_top,HORDE,,,False,False,False,False,False,False,4841,10638
top_error_11_EUW1_7830110048_100,top_error,11,EUW1_7830110048,100,8.70855,ELITE_MONSTER_KILL,"Naafiri(JUNGLE,T100,pid2)",,"Sion(TOP,T100,pid1)",ally_jungle,,ally_top,HORDE,,,False,False,False,False,False,False,4840,10230
top_error_11_EUW1_7830110048_100,top_error,11,EUW1_7830110048,100,9.1426,TURRET_PLATE_DESTROYED,"Smolder(BOTTOM,T200,pid9)",,,enemy_bottom,,,,,BOT_LANE,False,False,False,False,False,False,10504,1029
top_error_11_EUW1_7830110048_100,top_error,11,EUW1_7830110048,100,9.454383333333332,CHAMPION_KILL,"Gwen(JUNGLE,T200,pid7)","Yasuo(BOTTOM,T100,pid4)","Smolder(BOTTOM,T200,pid9); Soraka(UTILITY,T200,pid10)",enemy_jungle,ally_adc,enemy_bottom; enemy_utility,,,,False,True,False,True,False,False,10854,1767
top_error_11_EUW1_7830110048_100,top_error,11,EUW1_7830110048,100,9.730633333333333,CHAMPION_KILL,"Sion(TOP,T100,pid1)","Zaahen(TOP,T200,pid6)","Nami(UTILITY,T100,pid5)",ally_top,enemy_top,ally_support,,,,True,False,False,False,True,False,3926,11547
top_error_11_EUW1_7830110048_100,top_error,11,EUW1_7830110048,100,10.597416666666666,CHAMPION_KILL,"Naafiri(JUNGLE,T100,pid2)","Gwen(JUNGLE,T200,pid7)","Sion(TOP,T100,pid1)",ally_jungle,enemy_jungle,ally_top,,,,False,False,False,False,False,False,8056,10178
top_error_11_EUW1_7830110048_100,top_error,11,EUW1_7830110048,100,10.644983333333334,TURRET_PLATE_DESTROYED,,,,,,,,,MID_LANE,False,False,False,False,False,False,8955,8510
top_error_11_EUW1_7830110048_100,top_error,11,EUW1_7830110048,100,10.810333333333332,TURRET_PLATE_DESTROYED,"Zaahen(TOP,T200,pid6)",,,enemy_top,,,,,TOP_LANE,False,False,False,False,False,False,981,10441
top_error_11_EUW1_7830110048_100,top_error,11,EUW1_7830110048,100,10.9562,TURRET_PLATE_DESTROYED,"Zaahen(TOP,T200,pid6)",,,enemy_top,,,,,TOP_LANE,False,False,False,False,False,False,981,10441
top_error_11_EUW1_7830110048_100,top_error,11,EUW1_7830110048,100,11.158433333333333,TURRET_PLATE_DESTROYED,,,,,,,,,BOT_LANE,False,False,False,False,False,False,10504,1029
top_error_11_EUW1_7830110048_100,top_error,11,EUW1_7830110048,100,11.228016666666667,CHAMPION_KILL,"Naafiri(JUNGLE,T100,pid2)","Zaahen(TOP,T200,pid6)",,ally_jungle,enemy_top,,,,,False,False,False,False,False,False,3971,13494
top_error_11_EUW1_7830110048_100,top_error,11,EUW1_7830110048,100,11.658316666666666,CHAMPION_KILL,"Smolder(BOTTOM,T200,pid9)","Yasuo(BOTTOM,T100,pid4)","Soraka(UTILITY,T200,pid10)",enemy_bottom,ally_adc,enemy_utility,,,,False,True,False,True,False,False,10065,1229
top_error_11_EUW1_7830110048_100,top_error,11,EUW1_7830110048,100,11.6642,TURRET_PLATE_DESTROYED,"Sion(TOP,T100,pid1)",,,ally_top,,,,,TOP_LANE,False,False,False,False,False,False,4318,13875
top_error_11_EUW1_7830110048_100,top_error,11,EUW1_7830110048,100,11.76775,TURRET_PLATE_DESTROYED,"Smolder(BOTTOM,T200,pid9)",,,enemy_bottom,,,,,BOT_LANE,False,False,False,False,False,False,10504,1029
top_error_11_EUW1_7830110048_100,top_error,11,EUW1_7830110048,100,11.818416666666666,ELITE_MONSTER_KILL,"Gwen(JUNGLE,T200,pid7)",,,enemy_jungle,,,DRAGON,,,False,False,False,False,False,False,9837,4397
top_error_11_EUW1_7830110048_100,top_error,11,EUW1_7830110048,100,11.9684,TURRET_PLATE_DESTROYED,"Sion(TOP,T100,pid1)",,,ally_top,,,,,TOP_LANE,False,False,False,False,False,False,4318,13875
top_error_11_EUW1_7830110048_100,top_error,11,EUW1_7830110048,100,11.9684,BUILDING_KILL,"Sion(TOP,T100,pid1)",,,ally_top,,,,TOWER_BUILDING,TOP_LANE,False,False,False,False,False,False,4318,13875
top_error_12_EUW1_7806861902_200,top_error,12,EUW1_7806861902,200,2.1482666666666668,CHAMPION_KILL,"Corki(BOTTOM,T100,pid4)","Sona(UTILITY,T200,pid10)","Camille(UTILITY,T100,pid5)",enemy_bottom,ally_support,enemy_utility,,,,True,False,True,False,False,False,13943,4165
top_error_12_EUW1_7806861902_200,top_error,12,EUW1_7806861902,200,2.3742666666666667,TURRET_PLATE_DESTROYED,"Vayne(TOP,T200,pid6)",,,ally_top,,,,,TOP_LANE,False,False,False,False,False,False,981,10441
top_error_12_EUW1_7806861902_200,top_error,12,EUW1_7806861902,200,4.4496,CHAMPION_KILL,"Ekko(JUNGLE,T100,pid2)","Vladimir(MIDDLE,T200,pid8)","Ryze(MIDDLE,T100,pid3); Corki(BOTTOM,T100,pid4)",enemy_jungle,ally_middle,enemy_middle; enemy_bottom,,,,False,False,False,False,False,False,10663,4520
top_error_12_EUW1_7806861902_200,top_error,12,EUW1_7806861902,200,4.494133333333333,CHAMPION_KILL,"Ekko(JUNGLE,T100,pid2)","Sona(UTILITY,T200,pid10)","Corki(BOTTOM,T100,pid4); Camille(UTILITY,T100,pid5)",enemy_jungle,ally_support,enemy_bottom; enemy_utility,,,,True,False,True,False,False,False,11305,4885
top_error_12_EUW1_7806861902_200,top_error,12,EUW1_7806861902,200,4.8422833333333335,TURRET_PLATE_DESTROYED,,,,,,,,,BOT_LANE,False,False,False,False,False,False,13866,4505
top_error_12_EUW1_7806861902_200,top_error,12,EUW1_7806861902,200,4.855083333333333,CHAMPION_KILL,"Ekko(JUNGLE,T100,pid2)","Yunara(BOTTOM,T200,pid9)","Corki(BOTTOM,T100,pid4); Camille(UTILITY,T100,pid5)",enemy_jungle,ally_adc,enemy_bottom; enemy_utility,,,,False,True,False,True,False,False,14118,4778
top_error_12_EUW1_7806861902_200,top_error,12,EUW1_7806861902,200,5.30545,CHAMPION_KILL,"Aatrox(JUNGLE,T200,pid7)","Camille(UTILITY,T100,pid5)","Sona(UTILITY,T200,pid10)",ally_jungle,enemy_utility,ally_support,,,,True,False,False,False,True,False,13058,5862
top_error_12_EUW1_7806861902_200,top_error,12,EUW1_7806861902,200,5.3678,CHAMPION_KILL,"Corki(BOTTOM,T100,pid4)","Aatrox(JUNGLE,T200,pid7)","Ekko(JUNGLE,T100,pid2); Camille(UTILITY,T100,pid5)",enemy_bottom,ally_jungle,enemy_jungle; enemy_utility,,,,False,False,False,False,False,False,13657,7021
top_error_12_EUW1_7806861902_200,top_error,12,EUW1_7806861902,200,5.6123,CHAMPION_KILL,"Ekko(JUNGLE,T100,pid2)","Sona(UTILITY,T200,pid10)",,enemy_jungle,ally_support,,,,,True,False,True,False,False,False,12633,5430
top_error_12_EUW1_7806861902_200,top_error,12,EUW1_7806861902,200,5.705983333333333,CHAMPION_KILL,"Shen(TOP,T100,pid1)","Vladimir(MIDDLE,T200,pid8)","Ekko(JUNGLE,T100,pid2); Corki(BOTTOM,T100,pid4)",enemy_top,ally_middle,enemy_jungle; enemy_bottom,,,,False,False,False,False,False,False,12976,5917
top_error_12_EUW1_7806861902_200,top_error,12,EUW1_7806861902,200,5.7716666666666665,TURRET_PLATE_DESTROYED,"Ryze(MIDDLE,T100,pid3)",,,enemy_middle,,,,,MID_LANE,False,False,False,False,False,False,8955,8510
top_error_12_EUW1_7806861902_200,top_error,12,EUW1_7806861902,200,7.328,TURRET_PLATE_DESTROYED,"Corki(BOTTOM,T100,pid4)",,,enemy_bottom,,,,,BOT_LANE,False,False,False,False,False,False,13866,4505
top_error_12_EUW1_7806861902_200,top_error,12,EUW1_7806861902,200,7.769666666666667,CHAMPION_KILL,"Corki(BOTTOM,T100,pid4)","Sona(UTILITY,T200,pid10)","Camille(UTILITY,T100,pid5)",enemy_bottom,ally_support,enemy_utility,,,,True,False,True,False,False,False,10058,7490
top_error_12_EUW1_7806861902_200,top_error,12,EUW1_7806861902,200,7.8721,CHAMPION_KILL,"Corki(BOTTOM,T100,pid4)","Aatrox(JUNGLE,T200,pid7)","Ekko(JUNGLE,T100,pid2); Camille(UTILITY,T100,pid5)",enemy_bottom,ally_jungle,enemy_jungle; enemy_utility,,,,False,False,False,False,False,False,9377,8413
top_error_12_EUW1_7806861902_200,top_error,12,EUW1_7806861902,200,8.136633333333334,CHAMPION_KILL,"Camille(UTILITY,T100,pid5)","Vladimir(MIDDLE,T200,pid8)",,enemy_utility,ally_middle,,,,,False,False,False,False,False,False,9054,8790
top_error_12_EUW1_7806861902_200,top_error,12,EUW1_7806861902,200,8.185633333333334,TURRET_PLATE_DESTROYED,,,,,,,,,MID_LANE,False,False,False,False,False,False,8955,8510
top_error_12_EUW1_7806861902_200,top_error,12,EUW1_7806861902,200,8.62935,TURRET_PLATE_DESTROYED,,,,,,,,,MID_LANE,False,False,False,False,False,False,8955,8510
top_error_12_EUW1_7806861902_200,top_error,12,EUW1_7806861902,200,8.8742,TURRET_PLATE_DESTROYED,"Corki(BOTTOM,T100,pid4)",,,enemy_bottom,,,,,BOT_LANE,False,False,False,False,False,False,13866,4505
top_error_12_EUW1_7806861902_200,top_error,12,EUW1_7806861902,200,9.017333333333333,ELITE_MONSTER_KILL,"Ekko(JUNGLE,T100,pid2)",,,enemy_jungle,,,HORDE,,,False,False,False,False,False,False,4503,9935
top_error_12_EUW1_7806861902_200,top_error,12,EUW1_7806861902,200,9.09805,TURRET_PLATE_DESTROYED,"Vladimir(MIDDLE,T200,pid8)",,,ally_middle,,,,,MID_LANE,False,False,False,False,False,False,5846,6396
top_error_12_EUW1_7806861902_200,top_error,12,EUW1_7806861902,200,9.13925,CHAMPION_KILL,"Vayne(TOP,T200,pid6)","Shen(TOP,T100,pid1)",,ally_top,enemy_top,,,,,False,False,False,False,False,False,758,10538
top_error_12_EUW1_7806861902_200,top_error,12,EUW1_7806861902,200,9.207716666666666,CHAMPION_KILL,"Ryze(MIDDLE,T100,pid3)","Vladimir(MIDDLE,T200,pid8)","Camille(UTILITY,T100,pid5)",enemy_middle,ally_middle,enemy_utility,,,,False,False,False,False,False,False,7439,7268
top_error_12_EUW1_7806861902_200,top_error,12,EUW1_7806861902,200,9.525566666666666,CHAMPION_KILL,"Aatrox(JUNGLE,T200,pid7)","Ekko(JUNGLE,T100,pid2)","Vayne(TOP,T200,pid6); Sona(UTILITY,T200,pid10)",ally_jungle,enemy_jungle,ally_top; ally_support,,,,True,False,False,False,True,False,2639,13758
top_error_12_EUW1_7806861902_200,top_error,12,EUW1_7806861902,200,10.105133333333333,TURRET_PLATE_DESTROYED,,,,,,,,,MID_LANE,False,False,False,False,False,False,8955,8510
top_error_12_EUW1_7806861902_200,top_error,12,EUW1_7806861902,200,10.178616666666667,CHAMPION_KILL,"Sona(UTILITY,T200,pid10)","Camille(UTILITY,T100,pid5)","Aatrox(JUNGLE,T200,pid7); Yunara(BOTTOM,T200,pid9)",ally_support,enemy_utility,ally_jungle; ally_adc,,,,True,True,False,False,False,True,13794,6706
top_error_12_EUW1_7806861902_200,top_error,12,EUW1_7806861902,200,10.458166666666667,CHAMPION_KILL,"Aatrox(JUNGLE,T200,pid7)","Corki(BOTTOM,T100,pid4)","Yunara(BOTTOM,T200,pid9); Sona(UTILITY,T200,pid10)",ally_jungle,enemy_bottom,ally_adc; ally_support,,,,True,True,False,False,True,True,13148,3553
top_error_12_EUW1_7806861902_200,top_error,12,EUW1_7806861902,200,10.653116666666667,ELITE_MONSTER_KILL,"Ekko(JUNGLE,T100,pid2)",,,enemy_jungle,,,HORDE,,,False,False,False,False,False,False,5210,10424
top_error_12_EUW1_7806861902_200,top_error,12,EUW1_7806861902,200,10.776883333333334,ELITE_MONSTER_KILL,"Ekko(JUNGLE,T100,pid2)",,,enemy_jungle,,,HORDE,,,False,False,False,False,False,False,4929,10533
top_error_12_EUW1_7806861902_200,top_error,12,EUW1_7806861902,200,10.981816666666667,ELITE_MONSTER_KILL,"Aatrox(JUNGLE,T200,pid7)",,,ally_jungle,,,DRAGON,,,False,False,False,False,False,False,9837,4397
top_error_12_EUW1_7806861902_200,top_error,12,EUW1_7806861902,200,11.099266666666667,CHAMPION_KILL,"Ekko(JUNGLE,T100,pid2)","Sona(UTILITY,T200,pid10)","Camille(UTILITY,T100,pid5)",enemy_jungle,ally_support,enemy_utility,,,,True,False,True,False,False,False,9493,8443
top_error_12_EUW1_7806861902_200,top_error,12,EUW1_7806861902,200,11.589533333333334,TURRET_PLATE_DESTROYED,"Corki(BOTTOM,T100,pid4)",,,enemy_bottom,,,,,BOT_LANE,False,False,False,False,False,False,13866,4505
top_error_12_EUW1_7806861902_200,top_error,12,EUW1_7806861902,200,11.932516666666666,TURRET_PLATE_DESTROYED,"Vayne(TOP,T200,pid6)",,,ally_top,,,,,TOP_LANE,False,False,False,False,False,False,981,10441
top_error_13_EUW1_7708834871_200,top_error,13,EUW1_7708834871,200,2.519633333333333,CHAMPION_KILL,"Vladimir(TOP,T100,pid1)","Warwick(TOP,T200,pid6)",,enemy_top,ally_top,,,,,False,False,False,False,False,False,3786,13510
top_error_13_EUW1_7708834871_200,top_error,13,EUW1_7708834871,200,2.74435,TURRET_PLATE_DESTROYED,,,,,,,,,BOT_LANE,False,False,False,False,False,False,13866,4505
top_error_13_EUW1_7708834871_200,top_error,13,EUW1_7708834871,200,4.337516666666667,CHAMPION_KILL,"Ekko(JUNGLE,T200,pid7)","Vladimir(TOP,T100,pid1)","Warwick(TOP,T200,pid6)",ally_jungle,enemy_top,ally_top,,,,False,False,False,False,False,False,1966,11814
top_error_13_EUW1_7708834871_200,top_error,13,EUW1_7708834871,200,4.6937,TURRET_PLATE_DESTROYED,"Lucian(BOTTOM,T100,pid4)",,,enemy_bottom,,,,,BOT_LANE,False,False,False,False,False,False,13866,4505
top_error_13_EUW1_7708834871_200,top_error,13,EUW1_7708834871,200,4.97095,CHAMPION_KILL,"Lucian(BOTTOM,T100,pid4)","Tristana(BOTTOM,T200,pid9)","Milio(UTILITY,T100,pid5)",enemy_bottom,ally_adc,enemy_utility,,,,False,True,False,True,False,False,12132,3482
top_error_13_EUW1_7708834871_200,top_error,13,EUW1_7708834871,200,6.340133333333333,CHAMPION_KILL,"Vladimir(TOP,T100,pid1)","Warwick(TOP,T200,pid6)",,enemy_top,ally_top,,,,,False,False,False,False,False,False,2566,11551
top_error_13_EUW1_7708834871_200,top_error,13,EUW1_7708834871,200,6.7294,CHAMPION_KILL,"Lucian(BOTTOM,T100,pid4)","Tristana(BOTTOM,T200,pid9)",,enemy_bottom,ally_adc,,,,,False,True,False,True,False,False,13771,3925
top_error_13_EUW1_7708834871_200,top_error,13,EUW1_7708834871,200,6.8994333333333335,TURRET_PLATE_DESTROYED,,,,,,,,,TOP_LANE,False,False,False,False,False,False,4318,13875
top_error_13_EUW1_7708834871_200,top_error,13,EUW1_7708834871,200,6.997866666666667,CHAMPION_KILL,"Naafiri(MIDDLE,T200,pid8)","Lucian(BOTTOM,T100,pid4)","Ekko(JUNGLE,T200,pid7); Yuumi(UTILITY,T200,pid10)",ally_middle,enemy_bottom,ally_jungle; ally_support,,,,True,False,False,False,True,False,13051,2422
top_error_13_EUW1_7708834871_200,top_error,13,EUW1_7708834871,200,7.07165,CHAMPION_KILL,"Khazix(JUNGLE,T100,pid2)","Ekko(JUNGLE,T200,pid7)","Lucian(BOTTOM,T100,pid4); Milio(UTILITY,T100,pid5)",enemy_jungle,ally_jungle,enemy_bottom; enemy_utility,,,,False,False,False,False,False,False,12220,1883
top_error_13_EUW1_7708834871_200,top_error,13,EUW1_7708834871,200,7.1379,CHAMPION_KILL,"Naafiri(MIDDLE,T200,pid8)","Milio(UTILITY,T100,pid5)","Yuumi(UTILITY,T200,pid10)",ally_middle,enemy_utility,ally_support,,,,True,False,False,False,True,False,9921,1654
top_error_13_EUW1_7708834871_200,top_error,13,EUW1_7708834871,200,7.22655,CHAMPION_KILL,"Ambessa(MIDDLE,T100,pid3)","Naafiri(MIDDLE,T200,pid8)","Khazix(JUNGLE,T100,pid2); Lucian(BOTTOM,T100,pid4); Milio(UTILITY,T100,pid5)",enemy_middle,ally_middle,enemy_jungle; enemy_bottom; enemy_utility,,,,False,False,False,False,False,False,10012,3272
top_error_13_EUW1_7708834871_200,top_error,13,EUW1_7708834871,200,7.291133333333334,CHAMPION_KILL,"Khazix(JUNGLE,T100,pid2)","Yuumi(UTILITY,T200,pid10)","Ambessa(MIDDLE,T100,pid3)",enemy_jungle,ally_support,enemy_middle,,,,True,False,True,False,False,False,10510,3310
top_error_13_EUW1_7708834871_200,top_error,13,EUW1_7708834871,200,7.310616666666666,TURRET_PLATE_DESTROYED,"Warwick(TOP,T200,pid6)",,,ally_top,,,,,TOP_LANE,False,False,False,False,False,False,981,10441
top_error_13_EUW1_7708834871_200,top_error,13,EUW1_7708834871,200,7.534133333333333,CHAMPION_KILL,"Vladimir(TOP,T100,pid1)","Warwick(TOP,T200,pid6)",,enemy_top,ally_top,,,,,False,False,False,False,False,False,2519,8342
top_error_13_EUW1_7708834871_200,top_error,13,EUW1_7708834871,200,7.728133333333333,TURRET_PLATE_DESTROYED,"Ambessa(MIDDLE,T100,pid3)",,,enemy_middle,,,,,MID_LANE,False,False,False,False,False,False,8955,8510
top_error_13_EUW1_7708834871_200,top_error,13,EUW1_7708834871,200,7.886783333333334,ELITE_MONSTER_KILL,"Khazix(JUNGLE,T100,pid2)",,,enemy_jungle,,,DRAGON,,,False,False,False,False,False,False,9836,4398
top_error_13_EUW1_7708834871_200,top_error,13,EUW1_7708834871,200,8.542316666666666,CHAMPION_KILL,"Ekko(JUNGLE,T200,pid7)","Vladimir(TOP,T100,pid1)","Warwick(TOP,T200,pid6); Yuumi(UTILITY,T200,pid10)",ally_jungle,enemy_top,ally_top; ally_support,,,,True,False,False,False,True,False,2134,12086
top_error_13_EUW1_7708834871_200,top_error,13,EUW1_7708834871,200,8.81035,TURRET_PLATE_DESTROYED,"Warwick(TOP,T200,pid6)",,,ally_top,,,,,TOP_LANE,False,False,False,False,False,False,981,10441
top_error_13_EUW1_7708834871_200,top_error,13,EUW1_7708834871,200,8.847483333333333,CHAMPION_KILL,"Lucian(BOTTOM,T100,pid4)","Tristana(BOTTOM,T200,pid9)",,enemy_bottom,ally_adc,,,,,False,True,False,True,False,False,13116,4867
top_error_13_EUW1_7708834871_200,top_error,13,EUW1_7708834871,200,8.9205,CHAMPION_KILL,"Khazix(JUNGLE,T100,pid2)","Naafiri(MIDDLE,T200,pid8)","Ambessa(MIDDLE,T100,pid3); Milio(UTILITY,T100,pid5)",enemy_jungle,ally_middle,enemy_middle; enemy_utility,,,,False,False,False,False,False,False,4594,8500
top_error_13_EUW1_7708834871_200,top_error,13,EUW1_7708834871,200,9.227883333333333,TURRET_PLATE_DESTROYED,,,,,,,,,BOT_LANE,False,False,False,False,False,False,13866,4505
top_error_13_EUW1_7708834871_200,top_error,13,EUW1_7708834871,200,9.322766666666666,ELITE_MONSTER_KILL,"Khazix(JUNGLE,T100,pid2)",,"Milio(UTILITY,T100,pid5)",enemy_jungle,,enemy_utility,HORDE,,,False,False,False,False,False,False,4790,10182
top_error_13_EUW1_7708834871_200,top_error,13,EUW1_7708834871,200,9.470566666666667,ELITE_MONSTER_KILL,"Khazix(JUNGLE,T100,pid2)",,"Milio(UTILITY,T100,pid5)",enemy_jungle,,enemy_utility,HORDE,,,False,False,False,False,False,False,4841,10638
top_error_13_EUW1_7708834871_200,top_error,13,EUW1_7708834871,200,9.534033333333333,ELITE_MONSTER_KILL,"Khazix(JUNGLE,T100,pid2)",,"Milio(UTILITY,T100,pid5)",enemy_jungle,,enemy_utility,HORDE,,,False,False,False,False,False,False,5210,10424
top_error_13_EUW1_7708834871_200,top_error,13,EUW1_7708834871,200,9.609183333333334,TURRET_PLATE_DESTROYED,,,,,,,,,MID_LANE,False,False,False,False,False,False,8955,8510
top_error_13_EUW1_7708834871_200,top_error,13,EUW1_7708834871,200,9.851716666666666,TURRET_PLATE_DESTROYED,,,,,,,,,BOT_LANE,False,False,False,False,False,False,10504,1029
top_error_13_EUW1_7708834871_200,top_error,13,EUW1_7708834871,200,9.9618,TURRET_PLATE_DESTROYED,"Vladimir(TOP,T100,pid1)",,,enemy_top,,,,,TOP_LANE,False,False,False,False,False,False,4318,13875
top_error_13_EUW1_7708834871_200,top_error,13,EUW1_7708834871,200,9.997983333333334,TURRET_PLATE_DESTROYED,"Naafiri(MIDDLE,T200,pid8)",,,ally_middle,,,,,MID_LANE,False,False,False,False,False,False,5846,6396
top_error_13_EUW1_7708834871_200,top_error,13,EUW1_7708834871,200,10.349016666666667,CHAMPION_KILL,"Vladimir(TOP,T100,pid1)","Warwick(TOP,T200,pid6)",,enemy_top,ally_top,,,,,False,False,False,False,False,False,3749,13381
top_error_13_EUW1_7708834871_200,top_error,13,EUW1_7708834871,200,10.633983333333333,TURRET_PLATE_DESTROYED,"Ambessa(MIDDLE,T100,pid3)",,,enemy_middle,,,,,MID_LANE,False,False,False,False,False,False,8955,8510
top_error_13_EUW1_7708834871_200,top_error,13,EUW1_7708834871,200,10.780366666666668,TURRET_PLATE_DESTROYED,"Milio(UTILITY,T100,pid5)",,,enemy_utility,,,,,BOT_LANE,False,False,False,False,False,False,13866,4505
top_error_13_EUW1_7708834871_200,top_error,13,EUW1_7708834871,200,11.04255,CHAMPION_KILL,"Milio(UTILITY,T100,pid5)","Tristana(BOTTOM,T200,pid9)","Khazix(JUNGLE,T100,pid2)",enemy_utility,ally_adc,enemy_jungle,,,,False,True,False,True,False,False,14115,4741
top_error_13_EUW1_7708834871_200,top_error,13,EUW1_7708834871,200,11.246833333333333,CHAMPION_KILL,"Yuumi(UTILITY,T200,pid10)","Khazix(JUNGLE,T100,pid2)","Ekko(JUNGLE,T200,pid7)",ally_support,enemy_jungle,ally_jungle,,,,True,False,False,False,False,False,14009,5550
top_error_13_EUW1_7708834871_200,top_error,13,EUW1_7708834871,200,11.297616666666666,CHAMPION_KILL,"Warwick(TOP,T200,pid6)","Vladimir(TOP,T100,pid1)",,ally_top,enemy_top,,,,,False,False,False,False,False,False,3693,13155
top_error_13_EUW1_7708834871_200,top_error,13,EUW1_7708834871,200,11.4672,CHAMPION_KILL,"Lucian(BOTTOM,T100,pid4)","Ekko(JUNGLE,T200,pid7)","Khazix(JUNGLE,T100,pid2); Milio(UTILITY,T100,pid5)",enemy_bottom,ally_jungle,enemy_jungle; enemy_utility,,,,False,False,False,False,False,False,13891,6723
top_error_13_EUW1_7708834871_200,top_error,13,EUW1_7708834871,200,11.563816666666666,CHAMPION_KILL,"Naafiri(MIDDLE,T200,pid8)","Lucian(BOTTOM,T100,pid4)",,ally_middle,enemy_bottom,,,,,False,False,False,False,False,False,14110,6766
top_error_13_EUW1_7708834871_200,top_error,13,EUW1_7708834871,200,11.631183333333333,TURRET_PLATE_DESTROYED,"Warwick(TOP,T200,pid6)",,,ally_top,,,,,TOP_LANE,False,False,False,False,False,False,981,10441
top_error_13_EUW1_7708834871_200,top_error,13,EUW1_7708834871,200,11.759283333333334,TURRET_PLATE_DESTROYED,"Ambessa(MIDDLE,T100,pid3)",,,enemy_middle,,,,,MID_LANE,False,False,False,False,False,False,8955,8510
top_error_14_EUW1_7705296763_200,top_error,14,EUW1_7705296763,200,2.381883333333333,TURRET_PLATE_DESTROYED,,,,,,,,,BOT_LANE,False,False,False,False,False,False,13866,4505
top_error_14_EUW1_7705296763_200,top_error,14,EUW1_7705296763,200,2.85575,CHAMPION_KILL,"Sylas(MIDDLE,T200,pid8)","Orianna(MIDDLE,T100,pid3)",,ally_middle,enemy_middle,,,,,False,False,False,False,False,False,7224,7448
top_error_14_EUW1_7705296763_200,top_error,14,EUW1_7705296763,200,3.119083333333333,CHAMPION_KILL,"Aatrox(TOP,T100,pid1)","Irelia(TOP,T200,pid6)",,enemy_top,ally_top,,,,,False,False,False,False,False,False,3642,13171
top_error_14_EUW1_7705296763_200,top_error,14,EUW1_7705296763,200,3.361866666666667,CHAMPION_KILL,"Varus(BOTTOM,T100,pid4)","Vayne(BOTTOM,T200,pid9)","Karma(UTILITY,T100,pid5)",enemy_bottom,ally_adc,enemy_utility,,,,False,True,False,True,False,False,11909,1331
top_error_14_EUW1_7705296763_200,top_error,14,EUW1_7705296763,200,3.433666666666667,CHAMPION_KILL,"Varus(BOTTOM,T100,pid4)","DrMundo(JUNGLE,T200,pid7)","Karma(UTILITY,T100,pid5)",enemy_bottom,ally_jungle,enemy_utility,,,,False,False,False,False,False,False,10770,1086
top_error_14_EUW1_7705296763_200,top_error,14,EUW1_7705296763,200,5.65915,CHAMPION_KILL,"Varus(BOTTOM,T100,pid4)","Braum(UTILITY,T200,pid10)","Karma(UTILITY,T100,pid5)",enemy_bottom,ally_support,enemy_utility,,,,True,False,True,False,False,False,10326,5647
top_error_14_EUW1_7705296763_200,top_error,14,EUW1_7705296763,200,5.7562,CHAMPION_KILL,"Aatrox(TOP,T100,pid1)","Irelia(TOP,T200,pid6)",,enemy_top,ally_top,,,,,False,False,False,False,False,False,2042,12206
top_error_14_EUW1_7705296763_200,top_error,14,EUW1_7705296763,200,5.845816666666667,CHAMPION_KILL,"DrMundo(JUNGLE,T200,pid7)","Aatrox(TOP,T100,pid1)","Irelia(TOP,T200,pid6)",ally_jungle,enemy_top,ally_top,,,,False,False,False,False,False,False,1574,11232
top_error_14_EUW1_7705296763_200,top_error,14,EUW1_7705296763,200,6.226683333333333,ELITE_MONSTER_KILL,"JarvanIV(JUNGLE,T100,pid2)",,"Varus(BOTTOM,T100,pid4); Karma(UTILITY,T100,pid5)",enemy_jungle,,enemy_bottom; enemy_utility,DRAGON,,,False,False,False,False,False,False,10307,4724
top_error_14_EUW1_7705296763_200,top_error,14,EUW1_7705296763,200,6.614183333333333,CHAMPION_KILL,"Orianna(MIDDLE,T100,pid3)","Braum(UTILITY,T200,pid10)",,enemy_middle,ally_support,,,,,True,False,True,False,False,False,7054,6244
top_error_14_EUW1_7705296763_200,top_error,14,EUW1_7705296763,200,6.687666666666667,CHAMPION_KILL,"Irelia(TOP,T200,pid6)","Aatrox(TOP,T100,pid1)",,ally_top,enemy_top,,,,,False,False,False,False,False,False,2732,12102
top_error_14_EUW1_7705296763_200,top_error,14,EUW1_7705296763,200,6.914983333333334,TURRET_PLATE_DESTROYED,"Irelia(TOP,T200,pid6)",,,ally_top,,,,,TOP_LANE,False,False,False,False,False,False,981,10441
top_error_14_EUW1_7705296763_200,top_error,14,EUW1_7705296763,200,6.993666666666667,CHAMPION_KILL,"Sylas(MIDDLE,T200,pid8)","Orianna(MIDDLE,T100,pid3)",,ally_middle,enemy_middle,,,,,False,False,False,False,False,False,6724,7057
top_error_14_EUW1_7705296763_200,top_error,14,EUW1_7705296763,200,7.038883333333334,CHAMPION_KILL,"Varus(BOTTOM,T100,pid4)","DrMundo(JUNGLE,T200,pid7)","JarvanIV(JUNGLE,T100,pid2); Karma(UTILITY,T100,pid5)",enemy_bottom,ally_jungle,enemy_jungle; enemy_utility,,,,False,False,False,False,False,False,6854,4796
top_error_14_EUW1_7705296763_200,top_error,14,EUW1_7705296763,200,7.113483333333333,TURRET_PLATE_DESTROYED,,,,,,,,,TOP_LANE,False,False,False,False,False,False,981,10441
top_error_14_EUW1_7705296763_200,top_error,14,EUW1_7705296763,200,7.242783333333334,TURRET_PLATE_DESTROYED,"Vayne(BOTTOM,T200,pid9)",,,ally_adc,,,,,BOT_LANE,False,True,False,False,False,False,10504,1029
top_error_14_EUW1_7705296763_200,top_error,14,EUW1_7705296763,200,7.266166666666667,CHAMPION_KILL,"Sylas(MIDDLE,T200,pid8)","JarvanIV(JUNGLE,T100,pid2)","DrMundo(JUNGLE,T200,pid7); Braum(UTILITY,T200,pid10)",ally_middle,enemy_jungle,ally_jungle; ally_support,,,,True,False,False,False,True,False,6268,7921
top_error_14_EUW1_7705296763_200,top_error,14,EUW1_7705296763,200,7.7912333333333335,CHAMPION_KILL,"Varus(BOTTOM,T100,pid4)","Vayne(BOTTOM,T200,pid9)",,enemy_bottom,ally_adc,,,,,False,True,False,True,False,False,13013,2466
top_error_14_EUW1_7705296763_200,top_error,14,EUW1_7705296763,200,8.12135,TURRET_PLATE_DESTROYED,,,,,,,,,MID_LANE,False,False,False,False,False,False,8955,8510
top_error_14_EUW1_7705296763_200,top_error,14,EUW1_7705296763,200,8.173116666666667,TURRET_PLATE_DESTROYED,"Varus(BOTTOM,T100,pid4)",,,enemy_bottom,,,,,BOT_LANE,False,False,False,False,False,False,13866,4505
top_error_14_EUW1_7705296763_200,top_error,14,EUW1_7705296763,200,8.182016666666666,CHAMPION_KILL,"Irelia(TOP,T200,pid6)","Aatrox(TOP,T100,pid1)","Braum(UTILITY,T200,pid10)",ally_top,enemy_top,ally_support,,,,True,False,False,False,True,False,1317,10610
top_error_14_EUW1_7705296763_200,top_error,14,EUW1_7705296763,200,8.5991,CHAMPION_KILL,"Orianna(MIDDLE,T100,pid3)","Braum(UTILITY,T200,pid10)","JarvanIV(JUNGLE,T100,pid2); Karma(UTILITY,T100,pid5)",enemy_middle,ally_support,enemy_jungle; enemy_utility,,,,True,False,True,False,False,False,3612,11113
top_error_14_EUW1_7705296763_200,top_error,14,EUW1_7705296763,200,8.603,CHAMPION_KILL,"JarvanIV(JUNGLE,T100,pid2)","Irelia(TOP,T200,pid6)","Orianna(MIDDLE,T100,pid3); Karma(UTILITY,T100,pid5)",enemy_jungle,ally_top,enemy_middle; enemy_utility,,,,False,False,False,False,False,False,3456,11138
top_error_14_EUW1_7705296763_200,top_error,14,EUW1_7705296763,200,8.68015,TURRET_PLATE_DESTROYED,,,,,,,,,MID_LANE,False,False,False,False,False,False,5846,6396
top_error_14_EUW1_7705296763_200,top_error,14,EUW1_7705296763,200,8.70575,CHAMPION_KILL,"DrMundo(JUNGLE,T200,pid7)","JarvanIV(JUNGLE,T100,pid2)","Irelia(TOP,T200,pid6); Sylas(MIDDLE,T200,pid8); Braum(UTILITY,T200,pid10)",ally_jungle,enemy_jungle,ally_top; ally_middle; ally_support,,,,True,False,False,False,True,False,2568,11414
top_error_14_EUW1_7705296763_200,top_error,14,EUW1_7705296763,200,8.955816666666667,CHAMPION_KILL,"Sylas(MIDDLE,T200,pid8)","Orianna(MIDDLE,T100,pid3)",,ally_middle,enemy_middle,,,,,False,False,False,False,False,False,2293,11413
top_error_14_EUW1_7705296763_200,top_error,14,EUW1_7705296763,200,9.5695,CHAMPION_KILL,"Braum(UTILITY,T200,pid10)","Aatrox(TOP,T100,pid1)","Irelia(TOP,T200,pid6)",ally_support,enemy_top,ally_top,,,,True,False,False,False,False,False,984,10142
top_error_14_EUW1_7705296763_200,top_error,14,EUW1_7705296763,200,9.763766666666667,TURRET_PLATE_DESTROYED,"Irelia(TOP,T200,pid6)",,,ally_top,,,,,TOP_LANE,False,False,False,False,False,False,981,10441
top_error_14_EUW1_7705296763_200,top_error,14,EUW1_7705296763,200,10.174683333333334,CHAMPION_KILL,"JarvanIV(JUNGLE,T100,pid2)","Vayne(BOTTOM,T200,pid9)","Varus(BOTTOM,T100,pid4); Karma(UTILITY,T100,pid5)",enemy_jungle,ally_adc,enemy_bottom; enemy_utility,,,,False,True,False,True,False,False,14120,4620
top_error_14_EUW1_7705296763_200,top_error,14,EUW1_7705296763,200,10.189716666666667,TURRET_PLATE_DESTROYED,"Varus(BOTTOM,T100,pid4)",,,enemy_bottom,,,,,BOT_LANE,False,False,False,False,False,False,13866,4505
top_error_14_EUW1_7705296763_200,top_error,14,EUW1_7705296763,200,10.372433333333333,TURRET_PLATE_DESTROYED,"Varus(BOTTOM,T100,pid4)",,,enemy_bottom,,,,,BOT_LANE,False,False,False,False,False,False,13866,4505
top_error_14_EUW1_7705296763_200,top_error,14,EUW1_7705296763,200,10.598033333333333,TURRET_PLATE_DESTROYED,"Sylas(MIDDLE,T200,pid8)",,,ally_middle,,,,,MID_LANE,False,False,False,False,False,False,5846,6396
top_error_14_EUW1_7705296763_200,top_error,14,EUW1_7705296763,200,10.932066666666667,ELITE_MONSTER_KILL,"Irelia(TOP,T200,pid6)",,"Braum(UTILITY,T200,pid10)",ally_top,,ally_support,HORDE,,,True,False,False,False,True,False,4760,10176
top_error_14_EUW1_7705296763_200,top_error,14,EUW1_7705296763,200,11.101066666666666,ELITE_MONSTER_KILL,"Irelia(TOP,T200,pid6)",,"Braum(UTILITY,T200,pid10)",ally_top,,ally_support,HORDE,,,True,False,False,False,True,False,4796,10479
top_error_14_EUW1_7705296763_200,top_error,14,EUW1_7705296763,200,11.67975,ELITE_MONSTER_KILL,"DrMundo(JUNGLE,T200,pid7)",,,ally_jungle,,,HORDE,,,False,False,False,False,False,False,5065,10282
top_error_14_EUW1_7705296763_200,top_error,14,EUW1_7705296763,200,11.8896,TURRET_PLATE_DESTROYED,"Varus(BOTTOM,T100,pid4)",,,enemy_bottom,,,,,BOT_LANE,False,False,False,False,False,False,13866,4505
top_error_14_EUW1_7705296763_200,top_error,14,EUW1_7705296763,200,11.8896,BUILDING_KILL,"Varus(BOTTOM,T100,pid4)",,"Karma(UTILITY,T100,pid5)",enemy_bottom,,enemy_utility,,TOWER_BUILDING,BOT_LANE,False,False,False,False,False,False,13866,4505
top_error_15_EUW1_7831144335_200,top_error,15,EUW1_7831144335,200,2.0588333333333333,CHAMPION_KILL,"Zeri(BOTTOM,T100,pid4)","Lucian(BOTTOM,T200,pid9)","Yuumi(UTILITY,T100,pid5)",enemy_bottom,ally_adc,enemy_utility,,,,False,True,False,True,False,False,11614,2144
top_error_15_EUW1_7831144335_200,top_error,15,EUW1_7831144335,200,2.17855,CHAMPION_KILL,"Zeri(BOTTOM,T100,pid4)","Taric(UTILITY,T200,pid10)","Yuumi(UTILITY,T100,pid5)",enemy_bottom,ally_support,enemy_utility,,,,True,False,True,False,False,False,12455,2735
top_error_15_EUW1_7831144335_200,top_error,15,EUW1_7831144335,200,2.72185,CHAMPION_KILL,"Jax(TOP,T100,pid1)","Malphite(TOP,T200,pid6)",,enemy_top,ally_top,,,,,False,False,False,False,False,False,2182,11612
top_error_15_EUW1_7831144335_200,top_error,15,EUW1_7831144335,200,2.7986833333333334,CHAMPION_KILL,"Khazix(JUNGLE,T200,pid7)","Jax(TOP,T100,pid1)","Malphite(TOP,T200,pid6)",ally_jungle,enemy_top,ally_top,,,,False,False,False,False,False,False,1591,10967
top_error_15_EUW1_7831144335_200,top_error,15,EUW1_7831144335,200,3.2429333333333332,TURRET_PLATE_DESTROYED,,,,,,,,,TOP_LANE,False,False,False,False,False,False,981,10441
top_error_15_EUW1_7831144335_200,top_error,15,EUW1_7831144335,200,3.4906333333333333,CHAMPION_KILL,"Viktor(MIDDLE,T200,pid8)","Qiyana(MIDDLE,T100,pid3)",,ally_middle,enemy_middle,,,,,False,False,False,False,False,False,6910,7066
top_error_15_EUW1_7831144335_200,top_error,15,EUW1_7831144335,200,4.7824,TURRET_PLATE_DESTROYED,"Jax(TOP,T100,pid1)",,,enemy_top,,,,,TOP_LANE,False,False,False,False,False,False,4318,13875
top_error_15_EUW1_7831144335_200,top_error,15,EUW1_7831144335,200,5.088,CHAMPION_KILL,"Qiyana(MIDDLE,T100,pid3)","Viktor(MIDDLE,T200,pid8)",,enemy_middle,ally_middle,,,,,False,False,False,False,False,False,7333,8740
top_error_15_EUW1_7831144335_200,top_error,15,EUW1_7831144335,200,5.1086,CHAMPION_KILL,"Khazix(JUNGLE,T200,pid7)","Qiyana(MIDDLE,T100,pid3)","Viktor(MIDDLE,T200,pid8)",ally_jungle,enemy_middle,ally_middle,,,,False,False,False,False,False,False,7071,8857
top_error_15_EUW1_7831144335_200,top_error,15,EUW1_7831144335,200,5.3307166666666665,TURRET_PLATE_DESTROYED,"Zeri(BOTTOM,T100,pid4)",,,enemy_bottom,,,,,BOT_LANE,False,False,False,False,False,False,13866,4505
top_error_15_EUW1_7831144335_200,top_error,15,EUW1_7831144335,200,5.4421,CHAMPION_KILL,"Diana(JUNGLE,T100,pid2)","Khazix(JUNGLE,T200,pid7)",,enemy_jungle,ally_jungle,,,,,False,False,False,False,False,False,8203,7508
top_error_15_EUW1_7831144335_200,top_error,15,EUW1_7831144335,200,6.076316666666667,ELITE_MONSTER_KILL,"Diana(JUNGLE,T100,pid2)",,"Zeri(BOTTOM,T100,pid4); Yuumi(UTILITY,T100,pid5)",enemy_jungle,,enemy_bottom; enemy_utility,DRAGON,,,False,False,False,False,False,False,9857,4421
top_error_15_EUW1_7831144335_200,top_error,15,EUW1_7831144335,200,6.3119,CHAMPION_KILL,"Jax(TOP,T100,pid1)","Malphite(TOP,T200,pid6)",,enemy_top,ally_top,,,,,False,False,False,False,False,False,4580,13759
top_error_15_EUW1_7831144335_200,top_error,15,EUW1_7831144335,200,6.462816666666667,CHAMPION_KILL,"Khazix(JUNGLE,T200,pid7)","Jax(TOP,T100,pid1)","Malphite(TOP,T200,pid6); Taric(UTILITY,T200,pid10)",ally_jungle,enemy_top,ally_top; ally_support,,,,True,False,False,False,True,False,2919,12748
top_error_15_EUW1_7831144335_200,top_error,15,EUW1_7831144335,200,7.464166666666666,CHAMPION_KILL,"Lucian(BOTTOM,T200,pid9)","Zeri(BOTTOM,T100,pid4)","Taric(UTILITY,T200,pid10)",ally_adc,enemy_bottom,ally_support,,,,True,True,False,False,True,False,11218,1396
top_error_15_EUW1_7831144335_200,top_error,15,EUW1_7831144335,200,7.531516666666667,CHAMPION_KILL,"Taric(UTILITY,T200,pid10)","Yuumi(UTILITY,T100,pid5)","Lucian(BOTTOM,T200,pid9)",ally_support,enemy_utility,ally_adc,,,,True,True,False,False,False,True,10830,1373
top_error_15_EUW1_7831144335_200,top_error,15,EUW1_7831144335,200,7.655266666666667,TURRET_PLATE_DESTROYED,"Lucian(BOTTOM,T200,pid9)",,,ally_adc,,,,,BOT_LANE,False,True,False,False,False,False,10504,1029
top_error_15_EUW1_7831144335_200,top_error,15,EUW1_7831144335,200,7.894783333333334,CHAMPION_KILL,"Diana(JUNGLE,T100,pid2)","Khazix(JUNGLE,T200,pid7)",,enemy_jungle,ally_jungle,,,,,False,False,False,False,False,False,8463,10117
top_error_15_EUW1_7831144335_200,top_error,15,EUW1_7831144335,200,7.93375,CHAMPION_KILL,"Viktor(MIDDLE,T200,pid8)","Diana(JUNGLE,T100,pid2)","Khazix(JUNGLE,T200,pid7)",ally_middle,enemy_jungle,ally_jungle,,,,False,False,False,False,False,False,8252,10094
top_error_15_EUW1_7831144335_200,top_error,15,EUW1_7831144335,200,8.992316666666667,CHAMPION_KILL,"Khazix(JUNGLE,T200,pid7)","Qiyana(MIDDLE,T100,pid3)","Malphite(TOP,T200,pid6); Viktor(MIDDLE,T200,pid8); Taric(UTILITY,T200,pid10)",ally_jungle,enemy_middle,ally_top; ally_middle; ally_support,,,,True,False,False,False,True,False,6170,8502
top_error_15_EUW1_7831144335_200,top_error,15,EUW1_7831144335,200,9.0628,CHAMPION_KILL,"Malphite(TOP,T200,pid6)","Diana(JUNGLE,T100,pid2)","Khazix(JUNGLE,T200,pid7); Viktor(MIDDLE,T200,pid8); Taric(UTILITY,T200,pid10)",ally_top,enemy_jungle,ally_jungle; ally_middle; ally_support,,,,True,False,False,False,True,False,5477,8629
top_error_15_EUW1_7831144335_200,top_error,15,EUW1_7831144335,200,9.115116666666667,CHAMPION_KILL,"Khazix(JUNGLE,T200,pid7)","Yuumi(UTILITY,T100,pid5)","Malphite(TOP,T200,pid6); Viktor(MIDDLE,T200,pid8); Taric(UTILITY,T200,pid10)",ally_jungle,enemy_utility,ally_top; ally_middle; ally_support,,,,True,False,False,False,True,False,4803,8509
top_error_15_EUW1_7831144335_200,top_error,15,EUW1_7831144335,200,9.273916666666667,TURRET_PLATE_DESTROYED,"Viktor(MIDDLE,T200,pid8)",,,ally_middle,,,,,MID_LANE,False,False,False,False,False,False,5846,6396
top_error_15_EUW1_7831144335_200,top_error,15,EUW1_7831144335,200,9.321783333333334,ELITE_MONSTER_KILL,"Khazix(JUNGLE,T200,pid7)",,,ally_jungle,,,HORDE,,,False,False,False,False,False,False,4790,10182
top_error_15_EUW1_7831144335_200,top_error,15,EUW1_7831144335,200,9.4433,ELITE_MONSTER_KILL,"Khazix(JUNGLE,T200,pid7)",,,ally_jungle,,,HORDE,,,False,False,False,False,False,False,4841,10638
top_error_15_EUW1_7831144335_200,top_error,15,EUW1_7831144335,200,9.576516666666667,ELITE_MONSTER_KILL,"Khazix(JUNGLE,T200,pid7)",,,ally_jungle,,,HORDE,,,False,False,False,False,False,False,5210,10424
top_error_15_EUW1_7831144335_200,top_error,15,EUW1_7831144335,200,10.1814,CHAMPION_KILL,"Lucian(BOTTOM,T200,pid9)","Yuumi(UTILITY,T100,pid5)","Taric(UTILITY,T200,pid10)",ally_adc,enemy_utility,ally_support,,,,True,True,False,False,True,False,12095,2662
top_error_15_EUW1_7831144335_200,top_error,15,EUW1_7831144335,200,10.79595,TURRET_PLATE_DESTROYED,,,,,,,,,BOT_LANE,False,False,False,False,False,False,10504,1029
top_error_15_EUW1_7831144335_200,top_error,15,EUW1_7831144335,200,11.288133333333333,CHAMPION_KILL,"Malphite(TOP,T200,pid6)","Jax(TOP,T100,pid1)","Taric(UTILITY,T200,pid10)",ally_top,enemy_top,ally_support,,,,True,False,False,False,True,False,910,11480
top_error_15_EUW1_7831144335_200,top_error,15,EUW1_7831144335,200,11.349816666666667,ELITE_MONSTER_KILL,"Khazix(JUNGLE,T200,pid7)",,"Viktor(MIDDLE,T200,pid8)",ally_jungle,,ally_middle,DRAGON,,,False,False,False,False,False,False,10050,5096
top_error_15_EUW1_7831144335_200,top_error,15,EUW1_7831144335,200,11.393233333333333,TURRET_PLATE_DESTROYED,,,,,,,,,TOP_LANE,False,False,False,False,False,False,981,10441
top_error_15_EUW1_7831144335_200,top_error,15,EUW1_7831144335,200,11.5029,CHAMPION_KILL,"Malphite(TOP,T200,pid6)","Diana(JUNGLE,T100,pid2)","Taric(UTILITY,T200,pid10)",ally_top,enemy_jungle,ally_support,,,,True,False,False,False,True,False,1199,12502
top_error_15_EUW1_7831144335_200,top_error,15,EUW1_7831144335,200,11.54075,TURRET_PLATE_DESTROYED,"Viktor(MIDDLE,T200,pid8)",,,ally_middle,,,,,MID_LANE,False,False,False,False,False,False,5846,6396
top_error_15_EUW1_7831144335_200,top_error,15,EUW1_7831144335,200,11.618133333333333,CHAMPION_KILL,"Qiyana(MIDDLE,T100,pid3)","Malphite(TOP,T200,pid6)","Diana(JUNGLE,T100,pid2)",enemy_middle,ally_top,enemy_jungle,,,,False,False,False,False,False,False,1719,13034
top_error_15_EUW1_7831144335_200,top_error,15,EUW1_7831144335,200,11.774033333333334,TURRET_PLATE_DESTROYED,"Viktor(MIDDLE,T200,pid8)",,,ally_middle,,,,,MID_LANE,False,False,False,False,False,False,5846,6396
top_error_16_EUW1_7719808217_100,top_error,16,EUW1_7719808217,100,2.7192666666666665,CHAMPION_KILL,"Xerath(BOTTOM,T200,pid9)","Senna(UTILITY,T100,pid5)","Blitzcrank(UTILITY,T200,pid10)",enemy_bottom,ally_support,enemy_utility,,,,True,False,True,False,False,False,11141,1378
top_error_16_EUW1_7719808217_100,top_error,16,EUW1_7719808217,100,2.9347,CHAMPION_KILL,"Khazix(JUNGLE,T200,pid7)","Veigar(BOTTOM,T100,pid4)","Xerath(BOTTOM,T200,pid9); Blitzcrank(UTILITY,T200,pid10)",enemy_jungle,ally_adc,enemy_bottom; enemy_utility,,,,False,True,False,True,False,False,11037,987
top_error_16_EUW1_7719808217_100,top_error,16,EUW1_7719808217,100,4.035233333333333,CHAMPION_KILL,"Blitzcrank(UTILITY,T200,pid10)","Senna(UTILITY,T100,pid5)","Xerath(BOTTOM,T200,pid9)",enemy_utility,ally_support,enemy_bottom,,,,True,False,True,False,False,False,11227,4374
top_error_16_EUW1_7719808217_100,top_error,16,EUW1_7719808217,100,4.7206166666666665,TURRET_PLATE_DESTROYED,,,,,,,,,BOT_LANE,False,False,False,False,False,False,10504,1029
top_error_16_EUW1_7719808217_100,top_error,16,EUW1_7719808217,100,5.805266666666666,CHAMPION_KILL,"Ambessa(MIDDLE,T100,pid3)","Urgot(TOP,T200,pid6)","Zaahen(TOP,T100,pid1); Senna(UTILITY,T100,pid5)",ally_middle,enemy_top,ally_top; ally_support,,,,True,False,False,False,True,False,4405,14028
top_error_16_EUW1_7719808217_100,top_error,16,EUW1_7719808217,100,5.840333333333334,TURRET_PLATE_DESTROYED,,,,,,,,,TOP_LANE,False,False,False,False,False,False,4318,13875
top_error_16_EUW1_7719808217_100,top_error,16,EUW1_7719808217,100,5.87875,CHAMPION_KILL,"Kassadin(MIDDLE,T200,pid8)","Zaahen(TOP,T100,pid1)","Urgot(TOP,T200,pid6); Blitzcrank(UTILITY,T200,pid10)",enemy_middle,ally_top,enemy_top; enemy_utility,,,,False,False,False,False,False,False,5202,13144
top_error_16_EUW1_7719808217_100,top_error,16,EUW1_7719808217,100,6.09305,ELITE_MONSTER_KILL,"Kayn(JUNGLE,T100,pid2)",,"Khazix(JUNGLE,T200,pid7); Xerath(BOTTOM,T200,pid9)",ally_jungle,,enemy_jungle; enemy_bottom,DRAGON,,,False,False,False,False,False,False,10506,5041
top_error_16_EUW1_7719808217_100,top_error,16,EUW1_7719808217,100,6.158166666666666,CHAMPION_KILL,"Xerath(BOTTOM,T200,pid9)","Kayn(JUNGLE,T100,pid2)","Khazix(JUNGLE,T200,pid7)",enemy_bottom,ally_jungle,enemy_jungle,,,,False,False,False,False,False,False,9816,5332
top_error_16_EUW1_7719808217_100,top_error,16,EUW1_7719808217,100,6.4885,CHAMPION_KILL,"Khazix(JUNGLE,T200,pid7)","Senna(UTILITY,T100,pid5)",,enemy_jungle,ally_support,,,,,True,False,True,False,False,False,6322,5831
top_error_16_EUW1_7719808217_100,top_error,16,EUW1_7719808217,100,6.72025,CHAMPION_KILL,"Kassadin(MIDDLE,T200,pid8)","Ambessa(MIDDLE,T100,pid3)","Blitzcrank(UTILITY,T200,pid10)",enemy_middle,ally_middle,enemy_utility,,,,False,False,False,False,False,False,6758,6470
top_error_16_EUW1_7719808217_100,top_error,16,EUW1_7719808217,100,7.25785,CHAMPION_KILL,"Senna(UTILITY,T100,pid5)","Urgot(TOP,T200,pid6)","Zaahen(TOP,T100,pid1)",ally_support,enemy_top,ally_top,,,,True,False,False,False,False,False,2594,13399
top_error_16_EUW1_7719808217_100,top_error,16,EUW1_7719808217,100,7.668333333333333,CHAMPION_KILL,"Khazix(JUNGLE,T200,pid7)","Ambessa(MIDDLE,T100,pid3)","Kassadin(MIDDLE,T200,pid8); Blitzcrank(UTILITY,T200,pid10)",enemy_jungle,ally_middle,enemy_middle; enemy_utility,,,,False,False,False,False,False,False,6321,7334
top_error_16_EUW1_7719808217_100,top_error,16,EUW1_7719808217,100,7.7702,CHAMPION_KILL,"Xerath(BOTTOM,T200,pid9)","Senna(UTILITY,T100,pid5)",,enemy_bottom,ally_support,,,,,True,False,True,False,False,False,4694,13428
top_error_16_EUW1_7719808217_100,top_error,16,EUW1_7719808217,100,7.78245,TURRET_PLATE_DESTROYED,"Zaahen(TOP,T100,pid1)",,,ally_top,,,,,TOP_LANE,False,False,False,False,False,False,4318,13875
top_error_16_EUW1_7719808217_100,top_error,16,EUW1_7719808217,100,8.095316666666667,TURRET_PLATE_DESTROYED,"Kassadin(MIDDLE,T200,pid8)",,,enemy_middle,,,,,MID_LANE,False,False,False,False,False,False,5846,6396
top_error_16_EUW1_7719808217_100,top_error,16,EUW1_7719808217,100,8.242433333333333,TURRET_PLATE_DESTROYED,,,,,,,,,MID_LANE,False,False,False,False,False,False,5846,6396
top_error_16_EUW1_7719808217_100,top_error,16,EUW1_7719808217,100,8.42025,CHAMPION_KILL,"Kayn(JUNGLE,T100,pid2)","Blitzcrank(UTILITY,T200,pid10)","Zaahen(TOP,T100,pid1)",ally_jungle,enemy_utility,ally_top,,,,False,False,False,False,False,False,2366,13296
top_error_16_EUW1_7719808217_100,top_error,16,EUW1_7719808217,100,8.775683333333333,TURRET_PLATE_DESTROYED,"Veigar(BOTTOM,T100,pid4)",,,ally_adc,,,,,BOT_LANE,False,True,False,False,False,False,13866,4505
top_error_16_EUW1_7719808217_100,top_error,16,EUW1_7719808217,100,8.910016666666667,ELITE_MONSTER_KILL,"Kayn(JUNGLE,T100,pid2)",,"Senna(UTILITY,T100,pid5)",ally_jungle,,ally_support,HORDE,,,True,False,False,False,True,False,4790,10182
top_error_16_EUW1_7719808217_100,top_error,16,EUW1_7719808217,100,9.019116666666667,ELITE_MONSTER_KILL,"Kayn(JUNGLE,T100,pid2)",,"Senna(UTILITY,T100,pid5)",ally_jungle,,ally_support,HORDE,,,True,False,False,False,True,False,4748,10402
top_error_16_EUW1_7719808217_100,top_error,16,EUW1_7719808217,100,9.06755,ELITE_MONSTER_KILL,"Kayn(JUNGLE,T100,pid2)",,"Senna(UTILITY,T100,pid5)",ally_jungle,,ally_support,HORDE,,,True,False,False,False,True,False,5054,10248
top_error_16_EUW1_7719808217_100,top_error,16,EUW1_7719808217,100,9.359866666666667,TURRET_PLATE_DESTROYED,,,,,,,,,TOP_LANE,False,False,False,False,False,False,981,10441
top_error_16_EUW1_7719808217_100,top_error,16,EUW1_7719808217,100,9.917633333333333,TURRET_PLATE_DESTROYED,,,,,,,,,BOT_LANE,False,False,False,False,False,False,10504,1029
top_error_16_EUW1_7719808217_100,top_error,16,EUW1_7719808217,100,10.091433333333333,CHAMPION_KILL,"Senna(UTILITY,T100,pid5)","Urgot(TOP,T200,pid6)","Zaahen(TOP,T100,pid1)",ally_support,enemy_top,ally_top,,,,True,False,False,False,False,False,4174,14013
top_error_16_EUW1_7719808217_100,top_error,16,EUW1_7719808217,100,10.137083333333333,CHAMPION_KILL,"Urgot(TOP,T200,pid6)","Zaahen(TOP,T100,pid1)",,enemy_top,ally_top,,,,,False,False,False,False,False,False,3818,13962
top_error_16_EUW1_7719808217_100,top_error,16,EUW1_7719808217,100,10.16435,CHAMPION_KILL,"Xerath(BOTTOM,T200,pid9)","Veigar(BOTTOM,T100,pid4)",,enemy_bottom,ally_adc,,,,,False,True,False,True,False,False,9907,1372
top_error_16_EUW1_7719808217_100,top_error,16,EUW1_7719808217,100,10.25565,TURRET_PLATE_DESTROYED,,,,,,,,,TOP_LANE,False,False,False,False,False,False,4318,13875
top_error_16_EUW1_7719808217_100,top_error,16,EUW1_7719808217,100,10.25955,CHAMPION_KILL,"Khazix(JUNGLE,T200,pid7)","Kayn(JUNGLE,T100,pid2)","Xerath(BOTTOM,T200,pid9); Blitzcrank(UTILITY,T200,pid10)",enemy_jungle,ally_jungle,enemy_bottom; enemy_utility,,,,False,False,False,False,False,False,10193,1443
top_error_16_EUW1_7719808217_100,top_error,16,EUW1_7719808217,100,10.740533333333333,TURRET_PLATE_DESTROYED,"Xerath(BOTTOM,T200,pid9)",,,enemy_bottom,,,,,BOT_LANE,False,False,False,False,False,False,10504,1029
top_error_16_EUW1_7719808217_100,top_error,16,EUW1_7719808217,100,11.228,TURRET_PLATE_DESTROYED,"Veigar(BOTTOM,T100,pid4)",,,ally_adc,,,,,BOT_LANE,False,True,False,False,False,False,13866,4505
top_error_16_EUW1_7719808217_100,top_error,16,EUW1_7719808217,100,11.308716666666667,CHAMPION_KILL,"Senna(UTILITY,T100,pid5)","Blitzcrank(UTILITY,T200,pid10)","Kayn(JUNGLE,T100,pid2)",ally_support,enemy_utility,ally_jungle,,,,True,False,False,False,False,False,4831,9848
top_error_16_EUW1_7719808217_100,top_error,16,EUW1_7719808217,100,11.3154,TURRET_PLATE_DESTROYED,,,,,,,,,TOP_LANE,False,False,False,False,False,False,4318,13875
top_error_16_EUW1_7719808217_100,top_error,16,EUW1_7719808217,100,11.48045,CHAMPION_KILL,"Zaahen(TOP,T100,pid1)","Urgot(TOP,T200,pid6)","Kayn(JUNGLE,T100,pid2); Senna(UTILITY,T100,pid5)",ally_top,enemy_top,ally_jungle; ally_support,,,,True,False,False,False,True,False,4086,13908
top_error_16_EUW1_7719808217_100,top_error,16,EUW1_7719808217,100,11.6901,TURRET_PLATE_DESTROYED,"Zaahen(TOP,T100,pid1)",,,ally_top,,,,,TOP_LANE,False,False,False,False,False,False,4318,13875
top_error_16_EUW1_7719808217_100,top_error,16,EUW1_7719808217,100,11.6901,BUILDING_KILL,"Zaahen(TOP,T100,pid1)",,"Kayn(JUNGLE,T100,pid2); Senna(UTILITY,T100,pid5)",ally_top,,ally_jungle; ally_support,,TOWER_BUILDING,TOP_LANE,True,False,False,False,True,False,4318,13875
top_error_16_EUW1_7719808217_100,top_error,16,EUW1_7719808217,100,11.858683333333333,ELITE_MONSTER_KILL,"Khazix(JUNGLE,T200,pid7)",,,enemy_jungle,,,DRAGON,,,False,False,False,False,False,False,9983,4824
top_error_16_EUW1_7719808217_100,top_error,16,EUW1_7719808217,100,11.99395,TURRET_PLATE_DESTROYED,"Zaahen(TOP,T100,pid1)",,,ally_top,,,,,TOP_LANE,False,False,False,False,False,False,7943,13411
top_error_17_EUW1_7765827606_200,top_error,17,EUW1_7765827606,200,3.1587,CHAMPION_KILL,"Akali(TOP,T200,pid6)","Aatrox(TOP,T100,pid1)",,ally_top,enemy_top,,,,,False,False,False,False,False,False,1040,11196
top_error_17_EUW1_7765827606_200,top_error,17,EUW1_7765827606,200,3.215533333333333,CHAMPION_KILL,"DrMundo(JUNGLE,T200,pid7)","Senna(UTILITY,T100,pid5)",,ally_jungle,enemy_utility,,,,,False,False,False,False,False,False,11718,7154
top_error_17_EUW1_7765827606_200,top_error,17,EUW1_7765827606,200,3.2227833333333336,CHAMPION_KILL,"FiddleSticks(JUNGLE,T100,pid2)","DrMundo(JUNGLE,T200,pid7)","Senna(UTILITY,T100,pid5)",enemy_jungle,ally_jungle,enemy_utility,,,,False,False,False,False,False,False,11636,7535
top_error_17_EUW1_7765827606_200,top_error,17,EUW1_7765827606,200,3.4972333333333334,CHAMPION_KILL,"Kennen(MIDDLE,T100,pid3)","Akshan(MIDDLE,T200,pid8)","FiddleSticks(JUNGLE,T100,pid2)",enemy_middle,ally_middle,enemy_jungle,,,,False,False,False,False,False,False,8195,8766
top_error_17_EUW1_7765827606_200,top_error,17,EUW1_7765827606,200,3.5384333333333333,CHAMPION_KILL,"Akshan(MIDDLE,T200,pid8)","Kennen(MIDDLE,T100,pid3)","Ivern(UTILITY,T200,pid10)",ally_middle,enemy_middle,ally_support,,,,True,False,False,False,True,False,7838,8425
top_error_17_EUW1_7765827606_200,top_error,17,EUW1_7765827606,200,4.290233333333333,CHAMPION_KILL,"FiddleSticks(JUNGLE,T100,pid2)","Ivern(UTILITY,T200,pid10)","Kennen(MIDDLE,T100,pid3)",enemy_jungle,ally_support,enemy_middle,,,,True,False,True,False,False,False,4912,8516
top_error_17_EUW1_7765827606_200,top_error,17,EUW1_7765827606,200,5.296633333333333,TURRET_PLATE_DESTROYED,,,,,,,,,TOP_LANE,False,False,False,False,False,False,981,10441
top_error_17_EUW1_7765827606_200,top_error,17,EUW1_7765827606,200,6.1521,ELITE_MONSTER_KILL,"DrMundo(JUNGLE,T200,pid7)",,"FiddleSticks(JUNGLE,T100,pid2); Jhin(BOTTOM,T100,pid4); Senna(UTILITY,T100,pid5)",ally_jungle,,enemy_jungle; enemy_bottom; enemy_utility,DRAGON,,,False,False,False,False,False,False,10481,4703
top_error_17_EUW1_7765827606_200,top_error,17,EUW1_7765827606,200,6.40445,CHAMPION_KILL,"Akshan(MIDDLE,T200,pid8)","FiddleSticks(JUNGLE,T100,pid2)","DrMundo(JUNGLE,T200,pid7)",ally_middle,enemy_jungle,ally_jungle,,,,False,False,False,False,False,False,8858,5668
top_error_17_EUW1_7765827606_200,top_error,17,EUW1_7765827606,200,6.425316666666666,CHAMPION_KILL,"Kennen(MIDDLE,T100,pid3)","Akshan(MIDDLE,T200,pid8)","FiddleSticks(JUNGLE,T100,pid2); Senna(UTILITY,T100,pid5)",enemy_middle,ally_middle,enemy_jungle; enemy_utility,,,,False,False,False,False,False,False,8686,6204
top_error_17_EUW1_7765827606_200,top_error,17,EUW1_7765827606,200,6.4809833333333335,CHAMPION_KILL,"Akali(TOP,T200,pid6)","Aatrox(TOP,T100,pid1)",,ally_top,enemy_top,,,,,False,False,False,False,False,False,1867,13336
top_error_17_EUW1_7765827606_200,top_error,17,EUW1_7765827606,200,6.596283333333333,CHAMPION_KILL,"Jhin(BOTTOM,T100,pid4)","DrMundo(JUNGLE,T200,pid7)","FiddleSticks(JUNGLE,T100,pid2); Kennen(MIDDLE,T100,pid3); Senna(UTILITY,T100,pid5)",enemy_bottom,ally_jungle,enemy_jungle; enemy_middle; enemy_utility,,,,False,False,False,False,False,False,8612,7017
top_error_17_EUW1_7765827606_200,top_error,17,EUW1_7765827606,200,6.667533333333333,CHAMPION_KILL,"Kennen(MIDDLE,T100,pid3)","Ivern(UTILITY,T200,pid10)","Jhin(BOTTOM,T100,pid4); Senna(UTILITY,T100,pid5)",enemy_middle,ally_support,enemy_bottom; enemy_utility,,,,True,False,True,False,False,False,8847,7968
top_error_17_EUW1_7765827606_200,top_error,17,EUW1_7765827606,200,7.1865,TURRET_PLATE_DESTROYED,,,,,,,,,BOT_LANE,False,False,False,False,False,False,10504,1029
top_error_17_EUW1_7765827606_200,top_error,17,EUW1_7765827606,200,7.51105,TURRET_PLATE_DESTROYED,"Akshan(MIDDLE,T200,pid8)",,,ally_middle,,,,,MID_LANE,False,False,False,False,False,False,5846,6396
top_error_17_EUW1_7765827606_200,top_error,17,EUW1_7765827606,200,7.75105,TURRET_PLATE_DESTROYED,"Jhin(BOTTOM,T100,pid4)",,,enemy_bottom,,,,,BOT_LANE,False,False,False,False,False,False,13866,4505
top_error_17_EUW1_7765827606_200,top_error,17,EUW1_7765827606,200,8.0882,CHAMPION_KILL,"Kennen(MIDDLE,T100,pid3)","Ivern(UTILITY,T200,pid10)",,enemy_middle,ally_support,,,,,True,False,True,False,False,False,7276,6963
top_error_17_EUW1_7765827606_200,top_error,17,EUW1_7765827606,200,8.505433333333333,CHAMPION_KILL,"Jhin(BOTTOM,T100,pid4)","DrMundo(JUNGLE,T200,pid7)","FiddleSticks(JUNGLE,T100,pid2); Senna(UTILITY,T100,pid5)",enemy_bottom,ally_jungle,enemy_jungle; enemy_utility,,,,False,False,False,False,False,False,8931,6135
top_error_17_EUW1_7765827606_200,top_error,17,EUW1_7765827606,200,8.663583333333333,CHAMPION_KILL,"Akali(TOP,T200,pid6)","Aatrox(TOP,T100,pid1)",,ally_top,enemy_top,,,,,False,False,False,False,False,False,1279,10952
top_error_17_EUW1_7765827606_200,top_error,17,EUW1_7765827606,200,8.707016666666666,CHAMPION_KILL,"Aatrox(TOP,T100,pid1)","Akali(TOP,T200,pid6)",,enemy_top,ally_top,,,,,False,False,False,False,False,False,1560,11008
top_error_17_EUW1_7765827606_200,top_error,17,EUW1_7765827606,200,8.865133333333333,CHAMPION_KILL,"Jhin(BOTTOM,T100,pid4)","Lucian(BOTTOM,T200,pid9)","Senna(UTILITY,T100,pid5)",enemy_bottom,ally_adc,enemy_utility,,,,False,True,False,True,False,False,11651,1505
top_error_17_EUW1_7765827606_200,top_error,17,EUW1_7765827606,200,9.1792,CHAMPION_KILL,"Kennen(MIDDLE,T100,pid3)","Ivern(UTILITY,T200,pid10)","FiddleSticks(JUNGLE,T100,pid2)",enemy_middle,ally_support,enemy_jungle,,,,True,False,True,False,False,False,6558,7968
top_error_17_EUW1_7765827606_200,top_error,17,EUW1_7765827606,200,9.5905,CHAMPION_KILL,"Kennen(MIDDLE,T100,pid3)","Akshan(MIDDLE,T200,pid8)","Senna(UTILITY,T100,pid5)",enemy_middle,ally_middle,enemy_utility,,,,False,False,False,False,False,False,8230,7747
top_error_17_EUW1_7765827606_200,top_error,17,EUW1_7765827606,200,9.5905,ELITE_MONSTER_KILL,"FiddleSticks(JUNGLE,T100,pid2)",,,enemy_jungle,,,HORDE,,,False,False,False,False,False,False,4660,10309
top_error_17_EUW1_7765827606_200,top_error,17,EUW1_7765827606,200,9.660633333333333,ELITE_MONSTER_KILL,"FiddleSticks(JUNGLE,T100,pid2)",,,enemy_jungle,,,HORDE,,,False,False,False,False,False,False,4667,10070
top_error_17_EUW1_7765827606_200,top_error,17,EUW1_7765827606,200,9.6957,ELITE_MONSTER_KILL,"FiddleSticks(JUNGLE,T100,pid2)",,,enemy_jungle,,,HORDE,,,False,False,False,False,False,False,4962,10151
top_error_17_EUW1_7765827606_200,top_error,17,EUW1_7765827606,200,10.316,TURRET_PLATE_DESTROYED,,,,,,,,,TOP_LANE,False,False,False,False,False,False,981,10441
top_error_17_EUW1_7765827606_200,top_error,17,EUW1_7765827606,200,10.88445,CHAMPION_KILL,"Jhin(BOTTOM,T100,pid4)","Lucian(BOTTOM,T200,pid9)",,enemy_bottom,ally_adc,,,,,False,True,False,True,False,False,11728,1677
top_error_17_EUW1_7765827606_200,top_error,17,EUW1_7765827606,200,11.11095,CHAMPION_KILL,"Akshan(MIDDLE,T200,pid8)","Senna(UTILITY,T100,pid5)","DrMundo(JUNGLE,T200,pid7); Ivern(UTILITY,T200,pid10)",ally_middle,enemy_utility,ally_jungle; ally_support,,,,True,False,False,False,True,False,5838,6232
top_error_17_EUW1_7765827606_200,top_error,17,EUW1_7765827606,200,11.157433333333334,CHAMPION_KILL,"Kennen(MIDDLE,T100,pid3)","Akshan(MIDDLE,T200,pid8)","FiddleSticks(JUNGLE,T100,pid2); Senna(UTILITY,T100,pid5)",enemy_middle,ally_middle,enemy_jungle; enemy_utility,,,,False,False,False,False,False,False,6708,6307
top_error_17_EUW1_7765827606_200,top_error,17,EUW1_7765827606,200,11.1758,CHAMPION_KILL,"FiddleSticks(JUNGLE,T100,pid2)","Ivern(UTILITY,T200,pid10)","Kennen(MIDDLE,T100,pid3); Senna(UTILITY,T100,pid5)",enemy_jungle,ally_support,enemy_middle; enemy_utility,,,,True,False,True,False,False,False,7631,6853
top_error_17_EUW1_7765827606_200,top_error,17,EUW1_7765827606,200,11.211433333333334,CHAMPION_KILL,"Akali(TOP,T200,pid6)","Aatrox(TOP,T100,pid1)",,ally_top,enemy_top,,,,,False,False,False,False,False,False,779,10350
top_error_17_EUW1_7765827606_200,top_error,17,EUW1_7765827606,200,11.218116666666667,CHAMPION_KILL,"Aatrox(TOP,T100,pid1)","Akali(TOP,T200,pid6)",,enemy_top,ally_top,,,,,False,False,False,False,False,False,2311,9920
top_error_17_EUW1_7765827606_200,top_error,17,EUW1_7765827606,200,11.53285,TURRET_PLATE_DESTROYED,"Kennen(MIDDLE,T100,pid3)",,,enemy_middle,,,,,MID_LANE,False,False,False,False,False,False,8955,8510
top_error_17_EUW1_7765827606_200,top_error,17,EUW1_7765827606,200,11.7071,TURRET_PLATE_DESTROYED,,,,,,,,,MID_LANE,False,False,False,False,False,False,8955,8510
top_error_17_EUW1_7765827606_200,top_error,17,EUW1_7765827606,200,11.802916666666667,ELITE_MONSTER_KILL,"DrMundo(JUNGLE,T200,pid7)",,,ally_jungle,,,DRAGON,,,False,False,False,False,False,False,10129,4684
top_error_18_EUW1_7804333236_200,top_error,18,EUW1_7804333236,200,2.914,CHAMPION_KILL,"Karthus(JUNGLE,T100,pid2)","Braum(UTILITY,T200,pid10)","Aphelios(BOTTOM,T100,pid4); Nautilus(UTILITY,T100,pid5)",enemy_jungle,ally_support,enemy_bottom; enemy_utility,,,,True,False,True,False,False,False,11617,2048
top_error_18_EUW1_7804333236_200,top_error,18,EUW1_7804333236,200,2.9151166666666666,CHAMPION_KILL,"Aphelios(BOTTOM,T100,pid4)","Varus(BOTTOM,T200,pid9)","Karthus(JUNGLE,T100,pid2); Nautilus(UTILITY,T100,pid5)",enemy_bottom,ally_adc,enemy_jungle; enemy_utility,,,,False,True,False,True,False,False,11685,1101
top_error_18_EUW1_7804333236_200,top_error,18,EUW1_7804333236,200,3.043416666666667,CHAMPION_KILL,"Qiyana(JUNGLE,T200,pid7)","Karthus(JUNGLE,T100,pid2)","Braum(UTILITY,T200,pid10)",ally_jungle,enemy_jungle,ally_support,,,,True,False,False,False,True,False,11841,2449
top_error_18_EUW1_7804333236_200,top_error,18,EUW1_7804333236,200,3.4878833333333334,CHAMPION_KILL,"Pantheon(TOP,T100,pid1)","Kennen(TOP,T200,pid6)",,enemy_top,ally_top,,,,,False,False,False,False,False,False,4817,12516
top_error_18_EUW1_7804333236_200,top_error,18,EUW1_7804333236,200,4.2374,TURRET_PLATE_DESTROYED,,,,,,,,,TOP_LANE,False,False,False,False,False,False,981,10441
top_error_18_EUW1_7804333236_200,top_error,18,EUW1_7804333236,200,4.800216666666667,CHAMPION_KILL,"Aphelios(BOTTOM,T100,pid4)","Varus(BOTTOM,T200,pid9)",,enemy_bottom,ally_adc,,,,,False,True,False,True,False,False,11970,1631
top_error_18_EUW1_7804333236_200,top_error,18,EUW1_7804333236,200,4.893916666666667,CHAMPION_KILL,"Aphelios(BOTTOM,T100,pid4)","Braum(UTILITY,T200,pid10)","Nautilus(UTILITY,T100,pid5)",enemy_bottom,ally_support,enemy_utility,,,,True,False,True,False,False,False,12822,2525
top_error_18_EUW1_7804333236_200,top_error,18,EUW1_7804333236,200,6.01095,CHAMPION_KILL,"Pantheon(TOP,T100,pid1)","Kennen(TOP,T200,pid6)",,enemy_top,ally_top,,,,,False,False,False,False,False,False,4229,14011
top_error_18_EUW1_7804333236_200,top_error,18,EUW1_7804333236,200,7.175666666666666,TURRET_PLATE_DESTROYED,"Ekko(MIDDLE,T100,pid3)",,,enemy_middle,,,,,MID_LANE,False,False,False,False,False,False,8955,8510
top_error_18_EUW1_7804333236_200,top_error,18,EUW1_7804333236,200,8.166283333333332,TURRET_PLATE_DESTROYED,"Pantheon(TOP,T100,pid1)",,,enemy_top,,,,,TOP_LANE,False,False,False,False,False,False,4318,13875
top_error_18_EUW1_7804333236_200,top_error,18,EUW1_7804333236,200,8.317266666666667,TURRET_PLATE_DESTROYED,,,,,,,,,TOP_LANE,False,False,False,False,False,False,4318,13875
top_error_18_EUW1_7804333236_200,top_error,18,EUW1_7804333236,200,8.405783333333334,TURRET_PLATE_DESTROYED,,,,,,,,,BOT_LANE,False,False,False,False,False,False,13866,4505
top_error_18_EUW1_7804333236_200,top_error,18,EUW1_7804333236,200,8.79895,ELITE_MONSTER_KILL,"Karthus(JUNGLE,T100,pid2)",,"Aphelios(BOTTOM,T100,pid4)",enemy_jungle,,enemy_bottom,DRAGON,,,False,False,False,False,False,False,9858,4420
top_error_18_EUW1_7804333236_200,top_error,18,EUW1_7804333236,200,9.515683333333333,ELITE_MONSTER_KILL,"Karthus(JUNGLE,T100,pid2)",,"Pantheon(TOP,T100,pid1)",enemy_jungle,,enemy_top,HORDE,,,False,False,False,False,False,False,4663,10069
top_error_18_EUW1_7804333236_200,top_error,18,EUW1_7804333236,200,9.613533333333333,ELITE_MONSTER_KILL,"Karthus(JUNGLE,T100,pid2)",,"Pantheon(TOP,T100,pid1)",enemy_jungle,,enemy_top,HORDE,,,False,False,False,False,False,False,4609,10224
top_error_18_EUW1_7804333236_200,top_error,18,EUW1_7804333236,200,9.68035,ELITE_MONSTER_KILL,"Karthus(JUNGLE,T100,pid2)",,"Pantheon(TOP,T100,pid1)",enemy_jungle,,enemy_top,HORDE,,,False,False,False,False,False,False,4728,10364
top_error_18_EUW1_7804333236_200,top_error,18,EUW1_7804333236,200,9.783,CHAMPION_KILL,"Karthus(JUNGLE,T100,pid2)","Ahri(MIDDLE,T200,pid8)","Ekko(MIDDLE,T100,pid3); Nautilus(UTILITY,T100,pid5)",enemy_jungle,ally_middle,enemy_middle; enemy_utility,,,,False,False,False,False,False,False,7033,9432
top_error_18_EUW1_7804333236_200,top_error,18,EUW1_7804333236,200,10.3196,CHAMPION_KILL,"Pantheon(TOP,T100,pid1)","Kennen(TOP,T200,pid6)",,enemy_top,ally_top,,,,,False,False,False,False,False,False,3269,13122
top_error_18_EUW1_7804333236_200,top_error,18,EUW1_7804333236,200,10.371933333333333,CHAMPION_KILL,"Braum(UTILITY,T200,pid10)","Pantheon(TOP,T100,pid1)","Kennen(TOP,T200,pid6)",ally_support,enemy_top,ally_top,,,,True,False,False,False,False,False,3314,13220
top_error_18_EUW1_7804333236_200,top_error,18,EUW1_7804333236,200,10.724083333333333,TURRET_PLATE_DESTROYED,"Aphelios(BOTTOM,T100,pid4)",,,enemy_bottom,,,,,BOT_LANE,False,False,False,False,False,False,13866,4505
top_error_18_EUW1_7804333236_200,top_error,18,EUW1_7804333236,200,11.044466666666667,CHAMPION_KILL,"Aphelios(BOTTOM,T100,pid4)","Varus(BOTTOM,T200,pid9)","Nautilus(UTILITY,T100,pid5)",enemy_bottom,ally_adc,enemy_utility,,,,False,True,False,True,False,False,12300,4428
top_error_18_EUW1_7804333236_200,top_error,18,EUW1_7804333236,200,11.331316666666666,TURRET_PLATE_DESTROYED,,,,,,,,,BOT_LANE,False,False,False,False,False,False,13866,4505
top_error_18_EUW1_7804333236_200,top_error,18,EUW1_7804333236,200,11.548016666666667,CHAMPION_KILL,"Qiyana(JUNGLE,T200,pid7)","Ekko(MIDDLE,T100,pid3)","Ahri(MIDDLE,T200,pid8)",ally_jungle,enemy_middle,ally_middle,,,,False,False,False,False,False,False,5670,6252
top_error_18_EUW1_7804333236_200,top_error,18,EUW1_7804333236,200,11.556933333333333,TURRET_PLATE_DESTROYED,"Ahri(MIDDLE,T200,pid8)",,,ally_middle,,,,,MID_LANE,False,False,False,False,False,False,5846,6396
top_error_18_EUW1_7804333236_200,top_error,18,EUW1_7804333236,200,11.62675,TURRET_PLATE_DESTROYED,"Aphelios(BOTTOM,T100,pid4)",,,enemy_bottom,,,,,BOT_LANE,False,False,False,False,False,False,13866,4505
top_error_18_EUW1_7804333236_200,top_error,18,EUW1_7804333236,200,11.852866666666667,CHAMPION_KILL,"Pantheon(TOP,T100,pid1)","Qiyana(JUNGLE,T200,pid7)","Karthus(JUNGLE,T100,pid2)",enemy_top,ally_jungle,enemy_jungle,,,,False,False,False,False,False,False,4056,7337
top_error_18_EUW1_7804333236_200,top_error,18,EUW1_7804333236,200,11.960633333333334,TURRET_PLATE_DESTROYED,"Aphelios(BOTTOM,T100,pid4)",,,enemy_bottom,,,,,BOT_LANE,False,False,False,False,False,False,13866,4505
top_error_18_EUW1_7804333236_200,top_error,18,EUW1_7804333236,200,11.960633333333334,BUILDING_KILL,"Aphelios(BOTTOM,T100,pid4)",,,enemy_bottom,,,,TOWER_BUILDING,BOT_LANE,False,False,False,False,False,False,13866,4505
top_error_19_EUW1_7803978812_100,top_error,19,EUW1_7803978812,100,2.1855,CHAMPION_KILL,"Nunu(JUNGLE,T200,pid7)","Corki(BOTTOM,T100,pid4)","Zed(BOTTOM,T200,pid9); Sona(UTILITY,T200,pid10)",enemy_jungle,ally_adc,enemy_bottom; enemy_utility,,,,False,True,False,True,False,False,12788,3200
top_error_19_EUW1_7803978812_100,top_error,19,EUW1_7803978812,100,2.259533333333333,CHAMPION_KILL,"Zed(BOTTOM,T200,pid9)","Yuumi(UTILITY,T100,pid5)","Nunu(JUNGLE,T200,pid7); Sona(UTILITY,T200,pid10)",enemy_bottom,ally_support,enemy_jungle; enemy_utility,,,,True,False,True,False,False,False,12637,3099
top_error_19_EUW1_7803978812_100,top_error,19,EUW1_7803978812,100,3.2335166666666666,TURRET_PLATE_DESTROYED,"Vayne(TOP,T200,pid6)",,,enemy_top,,,,,TOP_LANE,False,False,False,False,False,False,981,10441
top_error_19_EUW1_7803978812_100,top_error,19,EUW1_7803978812,100,4.01165,CHAMPION_KILL,"Sona(UTILITY,T200,pid10)","Irelia(TOP,T100,pid1)","Vayne(TOP,T200,pid6); Nunu(JUNGLE,T200,pid7)",enemy_utility,ally_top,enemy_top; enemy_jungle,,,,False,False,False,False,False,False,1226,10468
top_error_19_EUW1_7803978812_100,top_error,19,EUW1_7803978812,100,4.02725,CHAMPION_KILL,"Irelia(TOP,T100,pid1)","Nunu(JUNGLE,T200,pid7)",,ally_top,enemy_jungle,,,,,False,False,False,False,False,False,1185,11083
top_error_19_EUW1_7803978812_100,top_error,19,EUW1_7803978812,100,5.172083333333333,TURRET_PLATE_DESTROYED,"Orianna(MIDDLE,T200,pid8)",,,enemy_middle,,,,,MID_LANE,False,False,False,False,False,False,5846,6396
top_error_19_EUW1_7803978812_100,top_error,19,EUW1_7803978812,100,5.7115,CHAMPION_KILL,"Gwen(JUNGLE,T100,pid2)","Sona(UTILITY,T200,pid10)","Corki(BOTTOM,T100,pid4)",ally_jungle,enemy_utility,ally_adc,,,,False,True,False,False,False,True,9457,1747
top_error_19_EUW1_7803978812_100,top_error,19,EUW1_7803978812,100,5.7153833333333335,CHAMPION_KILL,"Zed(BOTTOM,T200,pid9)","Corki(BOTTOM,T100,pid4)","Sona(UTILITY,T200,pid10)",enemy_bottom,ally_adc,enemy_utility,,,,False,True,False,True,False,False,9453,2458
top_error_19_EUW1_7803978812_100,top_error,19,EUW1_7803978812,100,5.776066666666667,TURRET_PLATE_DESTROYED,,,,,,,,,BOT_LANE,False,False,False,False,False,False,10504,1029
top_error_19_EUW1_7803978812_100,top_error,19,EUW1_7803978812,100,5.80335,ELITE_MONSTER_KILL,"Nunu(JUNGLE,T200,pid7)",,,enemy_jungle,,,DRAGON,,,False,False,False,False,False,False,10286,4867
top_error_19_EUW1_7803978812_100,top_error,19,EUW1_7803978812,100,5.831733333333333,CHAMPION_KILL,"Akali(MIDDLE,T100,pid3)","Zed(BOTTOM,T200,pid9)","Gwen(JUNGLE,T100,pid2); Corki(BOTTOM,T100,pid4); Yuumi(UTILITY,T100,pid5)",ally_middle,enemy_bottom,ally_jungle; ally_adc; ally_support,,,,True,True,False,False,True,True,9355,2386
top_error_19_EUW1_7803978812_100,top_error,19,EUW1_7803978812,100,6.3791166666666665,CHAMPION_KILL,"Akali(MIDDLE,T100,pid3)","Nunu(JUNGLE,T200,pid7)","Gwen(JUNGLE,T100,pid2)",ally_middle,enemy_jungle,ally_jungle,,,,False,False,False,False,False,False,9314,7993
top_error_19_EUW1_7803978812_100,top_error,19,EUW1_7803978812,100,6.7278,TURRET_PLATE_DESTROYED,"Vayne(TOP,T200,pid6)",,,enemy_top,,,,,TOP_LANE,False,False,False,False,False,False,981,10441
top_error_19_EUW1_7803978812_100,top_error,19,EUW1_7803978812,100,6.8202,TURRET_PLATE_DESTROYED,,,,,,,,,BOT_LANE,False,False,False,False,False,False,13866,4505
top_error_19_EUW1_7803978812_100,top_error,19,EUW1_7803978812,100,7.129883333333333,TURRET_PLATE_DESTROYED,,,,,,,,,MID_LANE,False,False,False,False,False,False,5846,6396
top_error_19_EUW1_7803978812_100,top_error,19,EUW1_7803978812,100,7.800316666666666,CHAMPION_KILL,"Zed(BOTTOM,T200,pid9)","Corki(BOTTOM,T100,pid4)","Sona(UTILITY,T200,pid10)",enemy_bottom,ally_adc,enemy_utility,,,,False,True,False,True,False,False,10262,1654
top_error_19_EUW1_7803978812_100,top_error,19,EUW1_7803978812,100,7.891066666666666,TURRET_PLATE_DESTROYED,,,,,,,,,BOT_LANE,False,False,False,False,False,False,10504,1029
top_error_19_EUW1_7803978812_100,top_error,19,EUW1_7803978812,100,7.951733333333333,CHAMPION_KILL,"Vayne(TOP,T200,pid6)","Irelia(TOP,T100,pid1)",,enemy_top,ally_top,,,,,False,False,False,False,False,False,1211,12079
top_error_19_EUW1_7803978812_100,top_error,19,EUW1_7803978812,100,8.0486,CHAMPION_KILL,"Vayne(TOP,T200,pid6)","Gwen(JUNGLE,T100,pid2)","Nunu(JUNGLE,T200,pid7)",enemy_top,ally_jungle,enemy_jungle,,,,False,False,False,False,False,False,890,10968
top_error_19_EUW1_7803978812_100,top_error,19,EUW1_7803978812,100,8.25135,TURRET_PLATE_DESTROYED,"Vayne(TOP,T200,pid6)",,,enemy_top,,,,,TOP_LANE,False,False,False,False,False,False,981,10441
top_error_19_EUW1_7803978812_100,top_error,19,EUW1_7803978812,100,8.27695,ELITE_MONSTER_KILL,"Nunu(JUNGLE,T200,pid7)",,,enemy_jungle,,,HORDE,,,False,False,False,False,False,False,4790,10182
top_error_19_EUW1_7803978812_100,top_error,19,EUW1_7803978812,100,8.344866666666666,TURRET_PLATE_DESTROYED,,,,,,,,,BOT_LANE,False,False,False,False,False,False,10504,1029
top_error_19_EUW1_7803978812_100,top_error,19,EUW1_7803978812,100,8.45075,ELITE_MONSTER_KILL,"Nunu(JUNGLE,T200,pid7)",,,enemy_jungle,,,HORDE,,,False,False,False,False,False,False,4606,10188
top_error_19_EUW1_7803978812_100,top_error,19,EUW1_7803978812,100,8.5788,ELITE_MONSTER_KILL,"Nunu(JUNGLE,T200,pid7)",,,enemy_jungle,,,HORDE,,,False,False,False,False,False,False,4657,9977
top_error_19_EUW1_7803978812_100,top_error,19,EUW1_7803978812,100,9.800283333333333,CHAMPION_KILL,"Zed(BOTTOM,T200,pid9)","Corki(BOTTOM,T100,pid4)","Sona(UTILITY,T200,pid10)",enemy_bottom,ally_adc,enemy_utility,,,,False,True,False,True,False,False,10923,1007
top_error_19_EUW1_7803978812_100,top_error,19,EUW1_7803978812,100,9.94955,TURRET_PLATE_DESTROYED,,,,,,,,,BOT_LANE,False,False,False,False,False,False,10504,1029
top_error_19_EUW1_7803978812_100,top_error,19,EUW1_7803978812,100,10.094283333333333,CHAMPION_KILL,"Akali(MIDDLE,T100,pid3)","Sona(UTILITY,T200,pid10)","Gwen(JUNGLE,T100,pid2); Yuumi(UTILITY,T100,pid5)",ally_middle,enemy_utility,ally_jungle; ally_support,,,,True,False,False,False,True,False,13563,3862
top_error_19_EUW1_7803978812_100,top_error,19,EUW1_7803978812,100,10.1249,CHAMPION_KILL,"Zed(BOTTOM,T200,pid9)","Akali(MIDDLE,T100,pid3)","Orianna(MIDDLE,T200,pid8); Sona(UTILITY,T200,pid10)",enemy_bottom,ally_middle,enemy_middle; enemy_utility,,,,False,False,False,False,False,False,13525,3553
top_error_19_EUW1_7803978812_100,top_error,19,EUW1_7803978812,100,10.152183333333333,CHAMPION_KILL,"Gwen(JUNGLE,T100,pid2)","Zed(BOTTOM,T200,pid9)","Akali(MIDDLE,T100,pid3); Yuumi(UTILITY,T100,pid5)",ally_jungle,enemy_bottom,ally_middle; ally_support,,,,True,False,False,False,True,False,13531,4028
top_error_19_EUW1_7803978812_100,top_error,19,EUW1_7803978812,100,10.15885,CHAMPION_KILL,"Orianna(MIDDLE,T200,pid8)","Gwen(JUNGLE,T100,pid2)","Zed(BOTTOM,T200,pid9); Sona(UTILITY,T200,pid10)",enemy_middle,ally_jungle,enemy_bottom; enemy_utility,,,,False,False,False,False,False,False,13465,4067
top_error_19_EUW1_7803978812_100,top_error,19,EUW1_7803978812,100,10.21635,CHAMPION_KILL,"Orianna(MIDDLE,T200,pid8)","Yuumi(UTILITY,T100,pid5)","Nunu(JUNGLE,T200,pid7); Zed(BOTTOM,T200,pid9); Sona(UTILITY,T200,pid10)",enemy_middle,ally_support,enemy_jungle; enemy_bottom; enemy_utility,,,,True,False,True,False,False,False,13382,3472
top_error_19_EUW1_7803978812_100,top_error,19,EUW1_7803978812,100,11.052733333333334,CHAMPION_KILL,"Vayne(TOP,T200,pid6)","Irelia(TOP,T100,pid1)","Sona(UTILITY,T200,pid10)",enemy_top,ally_top,enemy_utility,,,,False,False,False,False,False,False,1288,11990
top_error_19_EUW1_7803978812_100,top_error,19,EUW1_7803978812,100,11.240383333333334,CHAMPION_KILL,"Orianna(MIDDLE,T200,pid8)","Corki(BOTTOM,T100,pid4)",,enemy_middle,ally_adc,,,,,False,True,False,True,False,False,13761,4344
top_error_19_EUW1_7803978812_100,top_error,19,EUW1_7803978812,100,11.486166666666668,TURRET_PLATE_DESTROYED,"Zed(BOTTOM,T200,pid9)",,,enemy_bottom,,,,,MID_LANE,False,False,False,False,False,False,5846,6396
top_error_19_EUW1_7803978812_100,top_error,19,EUW1_7803978812,100,11.4923,ELITE_MONSTER_KILL,"Nunu(JUNGLE,T200,pid7)",,,enemy_jungle,,,DRAGON,,,False,False,False,False,False,False,10046,4788
top_error_19_EUW1_7803978812_100,top_error,19,EUW1_7803978812,100,11.83335,TURRET_PLATE_DESTROYED,,,,,,,,,BOT_LANE,False,False,False,False,False,False,10504,1029
top_error_19_EUW1_7803978812_100,top_error,19,EUW1_7803978812,100,11.83335,BUILDING_KILL,"Orianna(MIDDLE,T200,pid8)",,,enemy_middle,,,,TOWER_BUILDING,BOT_LANE,False,False,False,False,False,False,10504,1029
top_error_19_EUW1_7803978812_100,top_error,19,EUW1_7803978812,100,11.877883333333333,CHAMPION_KILL,"Irelia(TOP,T100,pid1)","Orianna(MIDDLE,T200,pid8)",,ally_top,enemy_middle,,,,,False,False,False,False,False,False,11856,2520
top_error_19_EUW1_7803978812_100,top_error,19,EUW1_7803978812,100,11.998733333333334,CHAMPION_KILL,"Nunu(JUNGLE,T200,pid7)","Corki(BOTTOM,T100,pid4)",,enemy_jungle,ally_adc,,,,,False,True,False,True,False,False,10837,1585
top_error_20_EUW1_7831462570_200,top_error,20,EUW1_7831462570,200,2.1568666666666667,CHAMPION_KILL,"Jinx(BOTTOM,T100,pid4)","Ashe(BOTTOM,T200,pid9)","Sylas(JUNGLE,T100,pid2); Thresh(UTILITY,T100,pid5)",enemy_bottom,ally_adc,enemy_jungle; enemy_utility,,,,False,True,False,True,False,False,11750,1967
top_error_20_EUW1_7831462570_200,top_error,20,EUW1_7831462570,200,2.2437,CHAMPION_KILL,"Sylas(JUNGLE,T100,pid2)","Zyra(UTILITY,T200,pid10)","Jinx(BOTTOM,T100,pid4); Thresh(UTILITY,T100,pid5)",enemy_jungle,ally_support,enemy_bottom; enemy_utility,,,,True,False,True,False,False,False,12150,1477
top_error_20_EUW1_7831462570_200,top_error,20,EUW1_7831462570,200,2.2977,CHAMPION_KILL,"Vex(MIDDLE,T100,pid3)","Lissandra(MIDDLE,T200,pid8)",,enemy_middle,ally_middle,,,,,False,False,False,False,False,False,8769,8576
top_error_20_EUW1_7831462570_200,top_error,20,EUW1_7831462570,200,2.3973333333333335,CHAMPION_KILL,"Sejuani(JUNGLE,T200,pid7)","Darius(TOP,T100,pid1)","DrMundo(TOP,T200,pid6)",ally_jungle,enemy_top,ally_top,,,,False,False,False,False,False,False,2376,13679
top_error_20_EUW1_7831462570_200,top_error,20,EUW1_7831462570,200,4.27065,CHAMPION_KILL,"Zyra(UTILITY,T200,pid10)","Thresh(UTILITY,T100,pid5)","Ashe(BOTTOM,T200,pid9)",ally_support,enemy_utility,ally_adc,,,,True,True,False,False,False,True,12691,3091
top_error_20_EUW1_7831462570_200,top_error,20,EUW1_7831462570,200,4.3002,CHAMPION_KILL,"Jinx(BOTTOM,T100,pid4)","Ashe(BOTTOM,T200,pid9)","Thresh(UTILITY,T100,pid5)",enemy_bottom,ally_adc,enemy_utility,,,,False,True,False,True,False,False,13935,3823
top_error_20_EUW1_7831462570_200,top_error,20,EUW1_7831462570,200,4.746133333333334,TURRET_PLATE_DESTROYED,,,,,,,,,BOT_LANE,False,False,False,False,False,False,13866,4505
top_error_20_EUW1_7831462570_200,top_error,20,EUW1_7831462570,200,5.0781,CHAMPION_KILL,"Sylas(JUNGLE,T100,pid2)","Sejuani(JUNGLE,T200,pid7)","Vex(MIDDLE,T100,pid3)",enemy_jungle,ally_jungle,enemy_middle,,,,False,False,False,False,False,False,6054,8926
top_error_20_EUW1_7831462570_200,top_error,20,EUW1_7831462570,200,5.2384,CHAMPION_KILL,"DrMundo(TOP,T200,pid6)","Sylas(JUNGLE,T100,pid2)","Zyra(UTILITY,T200,pid10)",ally_top,enemy_jungle,ally_support,,,,True,False,False,False,True,False,6106,10888
top_error_20_EUW1_7831462570_200,top_error,20,EUW1_7831462570,200,5.390366666666667,CHAMPION_KILL,"Jinx(BOTTOM,T100,pid4)","Ashe(BOTTOM,T200,pid9)","Thresh(UTILITY,T100,pid5)",enemy_bottom,ally_adc,enemy_utility,,,,False,True,False,True,False,False,13004,4131
top_error_20_EUW1_7831462570_200,top_error,20,EUW1_7831462570,200,5.415966666666667,TURRET_PLATE_DESTROYED,"Darius(TOP,T100,pid1)",,,enemy_top,,,,,TOP_LANE,False,False,False,False,False,False,4318,13875
top_error_20_EUW1_7831462570_200,top_error,20,EUW1_7831462570,200,5.938666666666666,TURRET_PLATE_DESTROYED,"Jinx(BOTTOM,T100,pid4)",,,enemy_bottom,,,,,BOT_LANE,False,False,False,False,False,False,13866,4505
top_error_20_EUW1_7831462570_200,top_error,20,EUW1_7831462570,200,5.9793,TURRET_PLATE_DESTROYED,"Lissandra(MIDDLE,T200,pid8)",,,ally_middle,,,,,MID_LANE,False,False,False,False,False,False,5846,6396
top_error_20_EUW1_7831462570_200,top_error,20,EUW1_7831462570,200,6.161333333333333,CHAMPION_KILL,"Jinx(BOTTOM,T100,pid4)","Ashe(BOTTOM,T200,pid9)","Thresh(UTILITY,T100,pid5)",enemy_bottom,ally_adc,enemy_utility,,,,False,True,False,True,False,False,13785,3252
top_error_20_EUW1_7831462570_200,top_error,20,EUW1_7831462570,200,6.16355,TURRET_PLATE_DESTROYED,"DrMundo(TOP,T200,pid6)",,,ally_top,,,,,TOP_LANE,False,False,False,False,False,False,981,10441
top_error_20_EUW1_7831462570_200,top_error,20,EUW1_7831462570,200,6.51655,CHAMPION_KILL,"Lissandra(MIDDLE,T200,pid8)","Sylas(JUNGLE,T100,pid2)","Sejuani(JUNGLE,T200,pid7)",ally_middle,enemy_jungle,ally_jungle,,,,False,False,False,False,False,False,8592,5474
top_error_20_EUW1_7831462570_200,top_error,20,EUW1_7831462570,200,6.580566666666667,CHAMPION_KILL,"Vex(MIDDLE,T100,pid3)","Sejuani(JUNGLE,T200,pid7)","Sylas(JUNGLE,T100,pid2); Thresh(UTILITY,T100,pid5)",enemy_middle,ally_jungle,enemy_jungle; enemy_utility,,,,False,False,False,False,False,False,8728,5460
top_error_20_EUW1_7831462570_200,top_error,20,EUW1_7831462570,200,6.68355,CHAMPION_KILL,"Vex(MIDDLE,T100,pid3)","Lissandra(MIDDLE,T200,pid8)","Sylas(JUNGLE,T100,pid2); Thresh(UTILITY,T100,pid5)",enemy_middle,ally_middle,enemy_jungle; enemy_utility,,,,False,False,False,False,False,False,8926,5883
top_error_20_EUW1_7831462570_200,top_error,20,EUW1_7831462570,200,6.716383333333333,CHAMPION_KILL,"DrMundo(TOP,T200,pid6)","Darius(TOP,T100,pid1)",,ally_top,enemy_top,,,,,False,False,False,False,False,False,2559,12277
top_error_20_EUW1_7831462570_200,top_error,20,EUW1_7831462570,200,6.852216666666667,CHAMPION_KILL,"Vex(MIDDLE,T100,pid3)","Zyra(UTILITY,T200,pid10)","Thresh(UTILITY,T100,pid5)",enemy_middle,ally_support,enemy_utility,,,,True,False,True,False,False,False,10998,6078
top_error_20_EUW1_7831462570_200,top_error,20,EUW1_7831462570,200,7.142616666666667,TURRET_PLATE_DESTROYED,"Vex(MIDDLE,T100,pid3)",,,enemy_middle,,,,,MID_LANE,False,False,False,False,False,False,8955,8510
top_error_20_EUW1_7831462570_200,top_error,20,EUW1_7831462570,200,7.219983333333333,TURRET_PLATE_DESTROYED,"DrMundo(TOP,T200,pid6)",,,ally_top,,,,,TOP_LANE,False,False,False,False,False,False,981,10441
top_error_20_EUW1_7831462570_200,top_error,20,EUW1_7831462570,200,7.355283333333333,TURRET_PLATE_DESTROYED,"Ashe(BOTTOM,T200,pid9)",,,ally_adc,,,,,BOT_LANE,False,True,False,False,False,False,10504,1029
top_error_20_EUW1_7831462570_200,top_error,20,EUW1_7831462570,200,7.3608666666666664,CHAMPION_KILL,"Jinx(BOTTOM,T100,pid4)","Ashe(BOTTOM,T200,pid9)","Thresh(UTILITY,T100,pid5)",enemy_bottom,ally_adc,enemy_utility,,,,False,True,False,True,False,False,10838,1523
top_error_20_EUW1_7831462570_200,top_error,20,EUW1_7831462570,200,7.721566666666667,CHAMPION_KILL,"Jinx(BOTTOM,T100,pid4)","Zyra(UTILITY,T200,pid10)","Thresh(UTILITY,T100,pid5)",enemy_bottom,ally_support,enemy_utility,,,,True,False,True,False,False,False,13992,4957
top_error_20_EUW1_7831462570_200,top_error,20,EUW1_7831462570,200,7.85355,TURRET_PLATE_DESTROYED,"Jinx(BOTTOM,T100,pid4)",,,enemy_bottom,,,,,BOT_LANE,False,False,False,False,False,False,13866,4505
top_error_20_EUW1_7831462570_200,top_error,20,EUW1_7831462570,200,8.20145,CHAMPION_KILL,"Jinx(BOTTOM,T100,pid4)","Ashe(BOTTOM,T200,pid9)","Thresh(UTILITY,T100,pid5)",enemy_bottom,ally_adc,enemy_utility,,,,False,True,False,True,False,False,12862,4345
top_error_20_EUW1_7831462570_200,top_error,20,EUW1_7831462570,200,8.29885,CHAMPION_KILL,"Darius(TOP,T100,pid1)","Sejuani(JUNGLE,T200,pid7)",,enemy_top,ally_jungle,,,,,False,False,False,False,False,False,3729,11048
top_error_20_EUW1_7831462570_200,top_error,20,EUW1_7831462570,200,8.31945,CHAMPION_KILL,"Lissandra(MIDDLE,T200,pid8)","Darius(TOP,T100,pid1)","DrMundo(TOP,T200,pid6); Sejuani(JUNGLE,T200,pid7)",ally_middle,enemy_top,ally_top; ally_jungle,,,,False,False,False,False,False,False,3731,10873
top_error_20_EUW1_7831462570_200,top_error,20,EUW1_7831462570,200,8.37905,CHAMPION_KILL,"Sylas(JUNGLE,T100,pid2)","DrMundo(TOP,T200,pid6)","Vex(MIDDLE,T100,pid3)",enemy_jungle,ally_top,enemy_middle,,,,False,False,False,False,False,False,3507,11551
top_error_20_EUW1_7831462570_200,top_error,20,EUW1_7831462570,200,8.423583333333333,CHAMPION_KILL,"Zyra(UTILITY,T200,pid10)","Sylas(JUNGLE,T100,pid2)","DrMundo(TOP,T200,pid6); Lissandra(MIDDLE,T200,pid8)",ally_support,enemy_jungle,ally_top; ally_middle,,,,True,False,False,False,False,False,3243,11002
top_error_20_EUW1_7831462570_200,top_error,20,EUW1_7831462570,200,8.427466666666668,TURRET_PLATE_DESTROYED,"Jinx(BOTTOM,T100,pid4)",,,enemy_bottom,,,,,BOT_LANE,False,False,False,False,False,False,13866,4505
top_error_20_EUW1_7831462570_200,top_error,20,EUW1_7831462570,200,8.445283333333334,CHAMPION_KILL,"Vex(MIDDLE,T100,pid3)","Lissandra(MIDDLE,T200,pid8)","Sylas(JUNGLE,T100,pid2)",enemy_middle,ally_middle,enemy_jungle,,,,False,False,False,False,False,False,5121,11609
top_error_20_EUW1_7831462570_200,top_error,20,EUW1_7831462570,200,9.1653,TURRET_PLATE_DESTROYED,"Lissandra(MIDDLE,T200,pid8)",,,ally_middle,,,,,MID_LANE,False,False,False,False,False,False,5846,6396
top_error_20_EUW1_7831462570_200,top_error,20,EUW1_7831462570,200,9.424216666666666,CHAMPION_KILL,"Jinx(BOTTOM,T100,pid4)","Ashe(BOTTOM,T200,pid9)","Thresh(UTILITY,T100,pid5)",enemy_bottom,ally_adc,enemy_utility,,,,False,True,False,True,False,False,13814,4774
top_error_20_EUW1_7831462570_200,top_error,20,EUW1_7831462570,200,9.488233333333334,CHAMPION_KILL,"Sejuani(JUNGLE,T200,pid7)","Darius(TOP,T100,pid1)","DrMundo(TOP,T200,pid6); Zyra(UTILITY,T200,pid10)",ally_jungle,enemy_top,ally_top; ally_support,,,,True,False,False,False,True,False,1977,12123
top_error_20_EUW1_7831462570_200,top_error,20,EUW1_7831462570,200,9.780516666666667,ELITE_MONSTER_KILL,"Sejuani(JUNGLE,T200,pid7)",,"Zyra(UTILITY,T200,pid10)",ally_jungle,,ally_support,HORDE,,,True,False,False,False,True,False,4790,10182
top_error_20_EUW1_7831462570_200,top_error,20,EUW1_7831462570,200,9.8078,TURRET_PLATE_DESTROYED,"DrMundo(TOP,T200,pid6)",,,ally_top,,,,,TOP_LANE,False,False,False,False,False,False,981,10441
top_error_20_EUW1_7831462570_200,top_error,20,EUW1_7831462570,200,9.842866666666668,TURRET_PLATE_DESTROYED,,,,,,,,,BOT_LANE,False,False,False,False,False,False,13866,4505
top_error_20_EUW1_7831462570_200,top_error,20,EUW1_7831462570,200,9.842866666666668,BUILDING_KILL,"Jinx(BOTTOM,T100,pid4)",,,enemy_bottom,,,,TOWER_BUILDING,BOT_LANE,False,False,False,False,False,False,13866,4505
top_error_20_EUW1_7831462570_200,top_error,20,EUW1_7831462570,200,9.844533333333333,CHAMPION_KILL,"Sylas(JUNGLE,T100,pid2)","Lissandra(MIDDLE,T200,pid8)","Vex(MIDDLE,T100,pid3)",enemy_jungle,ally_middle,enemy_middle,,,,False,False,False,False,False,False,5412,8551
top_error_20_EUW1_7831462570_200,top_error,20,EUW1_7831462570,200,9.857333333333333,CHAMPION_KILL,"Sejuani(JUNGLE,T200,pid7)","Vex(MIDDLE,T100,pid3)","Lissandra(MIDDLE,T200,pid8); Zyra(UTILITY,T200,pid10)",ally_jungle,enemy_middle,ally_middle; ally_support,,,,True,False,False,False,True,False,5638,8282
top_error_20_EUW1_7831462570_200,top_error,20,EUW1_7831462570,200,10.144,TURRET_PLATE_DESTROYED,"Jinx(BOTTOM,T100,pid4)",,,enemy_bottom,,,,,BOT_LANE,False,False,False,False,False,False,13327,8226
top_error_20_EUW1_7831462570_200,top_error,20,EUW1_7831462570,200,10.159033333333333,CHAMPION_KILL,"DrMundo(TOP,T200,pid6)","Sylas(JUNGLE,T100,pid2)","Sejuani(JUNGLE,T200,pid7); Ashe(BOTTOM,T200,pid9); Zyra(UTILITY,T200,pid10)",ally_top,enemy_jungle,ally_jungle; ally_adc; ally_support,,,,True,True,False,False,True,True,4644,8362
top_error_20_EUW1_7831462570_200,top_error,20,EUW1_7831462570,200,10.2314,TURRET_PLATE_DESTROYED,"Jinx(BOTTOM,T100,pid4)",,,enemy_bottom,,,,,BOT_LANE,False,False,False,False,False,False,13327,8226
top_error_20_EUW1_7831462570_200,top_error,20,EUW1_7831462570,200,10.322133333333333,ELITE_MONSTER_KILL,"Sejuani(JUNGLE,T200,pid7)",,"DrMundo(TOP,T200,pid6); Zyra(UTILITY,T200,pid10)",ally_jungle,,ally_top; ally_support,HORDE,,,True,False,False,False,True,False,5140,10349
top_error_20_EUW1_7831462570_200,top_error,20,EUW1_7831462570,200,10.410083333333333,TURRET_PLATE_DESTROYED,"Jinx(BOTTOM,T100,pid4)",,,enemy_bottom,,,,,BOT_LANE,False,False,False,False,False,False,13327,8226
top_error_20_EUW1_7831462570_200,top_error,20,EUW1_7831462570,200,10.427333333333333,ELITE_MONSTER_KILL,"Zyra(UTILITY,T200,pid10)",,"DrMundo(TOP,T200,pid6); Sejuani(JUNGLE,T200,pid7)",ally_support,,ally_top; ally_jungle,HORDE,,,True,False,False,False,False,False,4842,10506
top_error_20_EUW1_7831462570_200,top_error,20,EUW1_7831462570,200,11.031216666666667,CHAMPION_KILL,"DrMundo(TOP,T200,pid6)","Darius(TOP,T100,pid1)","Ashe(BOTTOM,T200,pid9)",ally_top,enemy_top,ally_adc,,,,False,True,False,False,False,True,3093,12314
top_error_20_EUW1_7831462570_200,top_error,20,EUW1_7831462570,200,11.0802,TURRET_PLATE_DESTROYED,,,,,,,,,MID_LANE,False,False,False,False,False,False,8955,8510
top_error_20_EUW1_7831462570_200,top_error,20,EUW1_7831462570,200,11.126533333333333,CHAMPION_KILL,"Sejuani(JUNGLE,T200,pid7)","Thresh(UTILITY,T100,pid5)","Zyra(UTILITY,T200,pid10)",ally_jungle,enemy_utility,ally_support,,,,True,False,False,False,True,False,8572,8068
top_error_20_EUW1_7831462570_200,top_error,20,EUW1_7831462570,200,11.281283333333333,CHAMPION_KILL,"Sejuani(JUNGLE,T200,pid7)","Jinx(BOTTOM,T100,pid4)","Zyra(UTILITY,T200,pid10)",ally_jungle,enemy_bottom,ally_support,,,,True,False,False,False,True,False,6848,6286
top_error_20_EUW1_7831462570_200,top_error,20,EUW1_7831462570,200,11.3542,CHAMPION_KILL,"Sylas(JUNGLE,T100,pid2)","Ashe(BOTTOM,T200,pid9)",,enemy_jungle,ally_adc,,,,,False,True,False,True,False,False,964,11479
top_error_20_EUW1_7831462570_200,top_error,20,EUW1_7831462570,200,11.364216666666668,TURRET_PLATE_DESTROYED,"Ashe(BOTTOM,T200,pid9)",,,ally_adc,,,,,TOP_LANE,False,True,False,False,False,False,981,10441
top_error_20_EUW1_7831462570_200,top_error,20,EUW1_7831462570,200,11.728883333333334,CHAMPION_KILL,"DrMundo(TOP,T200,pid6)","Sylas(JUNGLE,T100,pid2)",,ally_top,enemy_jungle,,,,,False,False,False,False,False,False,1578,11066
top_error_20_EUW1_7831462570_200,top_error,20,EUW1_7831462570,200,11.832966666666668,ELITE_MONSTER_KILL,"Sejuani(JUNGLE,T200,pid7)",,"Lissandra(MIDDLE,T200,pid8); Zyra(UTILITY,T200,pid10)",ally_jungle,,ally_middle; ally_support,DRAGON,,,True,False,False,False,True,False,9837,4397
top_error_20_EUW1_7831462570_200,top_error,20,EUW1_7831462570,200,11.845766666666666,TURRET_PLATE_DESTROYED,,,,,,,,,TOP_LANE,False,False,False,False,False,False,981,10441
top_error_20_EUW1_7831462570_200,top_error,20,EUW1_7831462570,200,11.845766666666666,BUILDING_KILL,"DrMundo(TOP,T200,pid6)",,,ally_top,,,,TOWER_BUILDING,TOP_LANE,False,False,False,False,False,False,981,10441
bottom_error_01_EUW1_7739311514_200,bottom_error,1,EUW1_7739311514,200,5.483333333333333,CHAMPION_KILL,"Ornn(TOP,T200,pid6)","Ryze(TOP,T100,pid1)",,ally_top,enemy_top,,,,,False,False,False,False,False,False,2963,13515
bottom_error_01_EUW1_7739311514_200,bottom_error,1,EUW1_7739311514,200,5.796616666666667,CHAMPION_KILL,"Lucian(BOTTOM,T200,pid9)","Senna(UTILITY,T100,pid5)","Yuumi(UTILITY,T200,pid10)",ally_adc,enemy_utility,ally_support,,,,True,True,False,False,True,False,11372,3108
bottom_error_01_EUW1_7739311514_200,bottom_error,1,EUW1_7739311514,200,5.84505,CHAMPION_KILL,"Volibear(JUNGLE,T100,pid2)","Diana(JUNGLE,T200,pid7)","Zilean(BOTTOM,T100,pid4); Senna(UTILITY,T100,pid5)",enemy_jungle,ally_jungle,enemy_bottom; enemy_utility,,,,False,False,False,False,False,False,13544,4592
bottom_error_01_EUW1_7739311514_200,bottom_error,1,EUW1_7739311514,200,5.9074,CHAMPION_KILL,"Lucian(BOTTOM,T200,pid9)","Volibear(JUNGLE,T100,pid2)","Diana(JUNGLE,T200,pid7); Yuumi(UTILITY,T200,pid10)",ally_adc,enemy_jungle,ally_jungle; ally_support,,,,True,True,False,False,True,False,12719,4147
bottom_error_01_EUW1_7739311514_200,bottom_error,1,EUW1_7739311514,200,6.8346,TURRET_PLATE_DESTROYED,"Ryze(TOP,T100,pid1)",,,enemy_top,,,,,TOP_LANE,False,False,False,False,False,False,4318,13875
bottom_error_01_EUW1_7739311514_200,bottom_error,1,EUW1_7739311514,200,6.9534,ELITE_MONSTER_KILL,"Volibear(JUNGLE,T100,pid2)",,"Senna(UTILITY,T100,pid5)",enemy_jungle,,enemy_utility,DRAGON,,,False,False,False,False,False,False,10049,4961
bottom_error_01_EUW1_7739311514_200,bottom_error,1,EUW1_7739311514,200,7.0168333333333335,CHAMPION_KILL,"Ornn(TOP,T200,pid6)","Ryze(TOP,T100,pid1)",,ally_top,enemy_top,,,,,False,False,False,False,False,False,2342,13424
bottom_error_01_EUW1_7739311514_200,bottom_error,1,EUW1_7739311514,200,7.1922,CHAMPION_KILL,"Yuumi(UTILITY,T200,pid10)","Zilean(BOTTOM,T100,pid4)","Lucian(BOTTOM,T200,pid9)",ally_support,enemy_bottom,ally_adc,,,,True,True,False,False,False,True,10255,874
bottom_error_01_EUW1_7739311514_200,bottom_error,1,EUW1_7739311514,200,7.3211,TURRET_PLATE_DESTROYED,"Lucian(BOTTOM,T200,pid9)",,,ally_adc,,,,,BOT_LANE,False,True,False,False,False,False,10504,1029
bottom_error_01_EUW1_7739311514_200,bottom_error,1,EUW1_7739311514,200,7.385683333333334,TURRET_PLATE_DESTROYED,,,,,,,,,TOP_LANE,False,False,False,False,False,False,981,10441
bottom_error_01_EUW1_7739311514_200,bottom_error,1,EUW1_7739311514,200,7.4124,CHAMPION_KILL,"Volibear(JUNGLE,T100,pid2)","Diana(JUNGLE,T200,pid7)","Naafiri(MIDDLE,T100,pid3)",enemy_jungle,ally_jungle,enemy_middle,,,,False,False,False,False,False,False,6571,8636
bottom_error_01_EUW1_7739311514_200,bottom_error,1,EUW1_7739311514,200,7.436616666666667,CHAMPION_KILL,"Yone(MIDDLE,T200,pid8)","Naafiri(MIDDLE,T100,pid3)","Diana(JUNGLE,T200,pid7)",ally_middle,enemy_middle,ally_jungle,,,,False,False,False,False,False,False,6802,8494
bottom_error_01_EUW1_7739311514_200,bottom_error,1,EUW1_7739311514,200,7.4717,CHAMPION_KILL,"Volibear(JUNGLE,T100,pid2)","Yone(MIDDLE,T200,pid8)","Naafiri(MIDDLE,T100,pid3)",enemy_jungle,ally_middle,enemy_middle,,,,False,False,False,False,False,False,7161,8135
bottom_error_01_EUW1_7739311514_200,bottom_error,1,EUW1_7739311514,200,7.7244166666666665,TURRET_PLATE_DESTROYED,"Lucian(BOTTOM,T200,pid9)",,,ally_adc,,,,,BOT_LANE,False,True,False,False,False,False,10504,1029
bottom_error_01_EUW1_7739311514_200,bottom_error,1,EUW1_7739311514,200,8.340816666666667,TURRET_PLATE_DESTROYED,,,,,,,,,MID_LANE,False,False,False,False,False,False,5846,6396
bottom_error_01_EUW1_7739311514_200,bottom_error,1,EUW1_7739311514,200,8.562033333333334,ELITE_MONSTER_KILL,"Volibear(JUNGLE,T100,pid2)",,,enemy_jungle,,,HORDE,,,False,False,False,False,False,False,4783,9738
bottom_error_01_EUW1_7739311514_200,bottom_error,1,EUW1_7739311514,200,8.66675,ELITE_MONSTER_KILL,"Volibear(JUNGLE,T100,pid2)",,,enemy_jungle,,,HORDE,,,False,False,False,False,False,False,4685,10090
bottom_error_01_EUW1_7739311514_200,bottom_error,1,EUW1_7739311514,200,8.76695,ELITE_MONSTER_KILL,"Volibear(JUNGLE,T100,pid2)",,,enemy_jungle,,,HORDE,,,False,False,False,False,False,False,4808,9988
bottom_error_01_EUW1_7739311514_200,bottom_error,1,EUW1_7739311514,200,10.012516666666667,TURRET_PLATE_DESTROYED,"Ornn(TOP,T200,pid6)",,,ally_top,,,,,TOP_LANE,False,False,False,False,False,False,981,10441
bottom_error_01_EUW1_7739311514_200,bottom_error,1,EUW1_7739311514,200,10.262933333333333,CHAMPION_KILL,"Volibear(JUNGLE,T100,pid2)","Diana(JUNGLE,T200,pid7)","Zilean(BOTTOM,T100,pid4); Senna(UTILITY,T100,pid5)",enemy_jungle,ally_jungle,enemy_bottom; enemy_utility,,,,False,False,False,False,False,False,13333,5182
bottom_error_01_EUW1_7739311514_200,bottom_error,1,EUW1_7739311514,200,10.26405,CHAMPION_KILL,"Volibear(JUNGLE,T100,pid2)","Lucian(BOTTOM,T200,pid9)","Zilean(BOTTOM,T100,pid4); Senna(UTILITY,T100,pid5)",enemy_jungle,ally_adc,enemy_bottom; enemy_utility,,,,False,True,False,True,False,False,13484,5265
bottom_error_01_EUW1_7739311514_200,bottom_error,1,EUW1_7739311514,200,10.333633333333333,TURRET_PLATE_DESTROYED,"Zilean(BOTTOM,T100,pid4)",,,enemy_bottom,,,,,BOT_LANE,False,False,False,False,False,False,13866,4505
bottom_error_01_EUW1_7739311514_200,bottom_error,1,EUW1_7739311514,200,10.33865,CHAMPION_KILL,"Zilean(BOTTOM,T100,pid4)","Yuumi(UTILITY,T200,pid10)","Volibear(JUNGLE,T100,pid2); Senna(UTILITY,T100,pid5)",enemy_bottom,ally_support,enemy_jungle; enemy_utility,,,,True,False,True,False,False,False,14115,4664
bottom_error_01_EUW1_7739311514_200,bottom_error,1,EUW1_7739311514,200,10.51905,CHAMPION_KILL,"Yone(MIDDLE,T200,pid8)","Senna(UTILITY,T100,pid5)",,ally_middle,enemy_utility,,,,,False,False,False,False,False,False,13127,3326
bottom_error_01_EUW1_7739311514_200,bottom_error,1,EUW1_7739311514,200,10.745916666666666,CHAMPION_KILL,"Volibear(JUNGLE,T100,pid2)","Yone(MIDDLE,T200,pid8)","Zilean(BOTTOM,T100,pid4)",enemy_jungle,ally_middle,enemy_bottom,,,,False,False,False,False,False,False,10747,5484
bottom_error_01_EUW1_7739311514_200,bottom_error,1,EUW1_7739311514,200,11.579233333333333,TURRET_PLATE_DESTROYED,,,,,,,,,MID_LANE,False,False,False,False,False,False,8955,8510
bottom_error_02_EUW1_7827297324_100,bottom_error,2,EUW1_7827297324,100,0.84895,CHAMPION_KILL,"Yuumi(UTILITY,T100,pid5)","Vayne(BOTTOM,T200,pid9)","Twitch(BOTTOM,T100,pid4)",ally_support,enemy_bottom,ally_adc,,,,True,True,False,False,False,True,12638,2908
bottom_error_02_EUW1_7827297324_100,bottom_error,2,EUW1_7827297324,100,1.0193166666666666,CHAMPION_KILL,"Rell(UTILITY,T200,pid10)","Twitch(BOTTOM,T100,pid4)","Vayne(BOTTOM,T200,pid9)",enemy_utility,ally_adc,enemy_bottom,,,,False,True,False,True,False,False,11990,1654
bottom_error_02_EUW1_7827297324_100,bottom_error,2,EUW1_7827297324,100,1.6937333333333333,CHAMPION_KILL,"Vayne(BOTTOM,T200,pid9)","Yuumi(UTILITY,T100,pid5)","Rell(UTILITY,T200,pid10)",enemy_bottom,ally_support,enemy_utility,,,,True,False,True,False,False,False,11265,1081
bottom_error_02_EUW1_7827297324_100,bottom_error,2,EUW1_7827297324,100,2.3401833333333335,CHAMPION_KILL,"Naafiri(JUNGLE,T200,pid7)","Viktor(MIDDLE,T100,pid3)","Ahri(MIDDLE,T200,pid8)",enemy_jungle,ally_middle,enemy_middle,,,,False,False,False,False,False,False,7651,7580
bottom_error_02_EUW1_7827297324_100,bottom_error,2,EUW1_7827297324,100,5.196833333333333,CHAMPION_KILL,"Naafiri(JUNGLE,T200,pid7)","Viktor(MIDDLE,T100,pid3)","Ahri(MIDDLE,T200,pid8)",enemy_jungle,ally_middle,enemy_middle,,,,False,False,False,False,False,False,4980,7395
bottom_error_02_EUW1_7827297324_100,bottom_error,2,EUW1_7827297324,100,5.266,TURRET_PLATE_DESTROYED,"Ahri(MIDDLE,T200,pid8)",,,enemy_middle,,,,,MID_LANE,False,False,False,False,False,False,5846,6396
bottom_error_02_EUW1_7827297324_100,bottom_error,2,EUW1_7827297324,100,5.682083333333333,CHAMPION_KILL,"Twitch(BOTTOM,T100,pid4)","Vayne(BOTTOM,T200,pid9)","Yuumi(UTILITY,T100,pid5)",ally_adc,enemy_bottom,ally_support,,,,True,True,False,False,True,False,13249,3886
bottom_error_02_EUW1_7827297324_100,bottom_error,2,EUW1_7827297324,100,5.746316666666667,CHAMPION_KILL,"Rell(UTILITY,T200,pid10)","Twitch(BOTTOM,T100,pid4)","Vayne(BOTTOM,T200,pid9)",enemy_utility,ally_adc,enemy_bottom,,,,False,True,False,True,False,False,13513,2921
bottom_error_02_EUW1_7827297324_100,bottom_error,2,EUW1_7827297324,100,6.011033333333334,CHAMPION_KILL,"Naafiri(JUNGLE,T200,pid7)","Yuumi(UTILITY,T100,pid5)","Rell(UTILITY,T200,pid10)",enemy_jungle,ally_support,enemy_utility,,,,True,False,True,False,False,False,12863,2655
bottom_error_02_EUW1_7827297324_100,bottom_error,2,EUW1_7827297324,100,6.7298,TURRET_PLATE_DESTROYED,"Twitch(BOTTOM,T100,pid4)",,,ally_adc,,,,,BOT_LANE,False,True,False,False,False,False,13866,4505
bottom_error_02_EUW1_7827297324_100,bottom_error,2,EUW1_7827297324,100,7.16795,CHAMPION_KILL,"Vayne(BOTTOM,T200,pid9)","Yuumi(UTILITY,T100,pid5)","Rell(UTILITY,T200,pid10)",enemy_bottom,ally_support,enemy_utility,,,,True,False,True,False,False,False,12100,2262
bottom_error_02_EUW1_7827297324_100,bottom_error,2,EUW1_7827297324,100,7.198016666666667,CHAMPION_KILL,"Rell(UTILITY,T200,pid10)","Twitch(BOTTOM,T100,pid4)","Vayne(BOTTOM,T200,pid9)",enemy_utility,ally_adc,enemy_bottom,,,,False,True,False,True,False,False,12101,2256
bottom_error_02_EUW1_7827297324_100,bottom_error,2,EUW1_7827297324,100,7.64015,TURRET_PLATE_DESTROYED,"Rell(UTILITY,T200,pid10)",,,enemy_utility,,,,,BOT_LANE,False,False,False,False,False,False,10504,1029
bottom_error_02_EUW1_7827297324_100,bottom_error,2,EUW1_7827297324,100,8.125183333333334,CHAMPION_KILL,"Ahri(MIDDLE,T200,pid8)","Viktor(MIDDLE,T100,pid3)","Naafiri(JUNGLE,T200,pid7)",enemy_middle,ally_middle,enemy_jungle,,,,False,False,False,False,False,False,6035,6681
bottom_error_02_EUW1_7827297324_100,bottom_error,2,EUW1_7827297324,100,8.31365,TURRET_PLATE_DESTROYED,,,,,,,,,MID_LANE,False,False,False,False,False,False,5846,6396
bottom_error_02_EUW1_7827297324_100,bottom_error,2,EUW1_7827297324,100,8.5027,CHAMPION_KILL,"Twitch(BOTTOM,T100,pid4)","Vayne(BOTTOM,T200,pid9)","Yuumi(UTILITY,T100,pid5)",ally_adc,enemy_bottom,ally_support,,,,True,True,False,False,True,False,13107,3005
bottom_error_02_EUW1_7827297324_100,bottom_error,2,EUW1_7827297324,100,8.54835,CHAMPION_KILL,"Rell(UTILITY,T200,pid10)","Twitch(BOTTOM,T100,pid4)","Vayne(BOTTOM,T200,pid9)",enemy_utility,ally_adc,enemy_bottom,,,,False,True,False,True,False,False,12068,3130
bottom_error_02_EUW1_7827297324_100,bottom_error,2,EUW1_7827297324,100,8.6427,CHAMPION_KILL,"Naafiri(JUNGLE,T200,pid7)","Yuumi(UTILITY,T100,pid5)","Vayne(BOTTOM,T200,pid9); Rell(UTILITY,T200,pid10)",enemy_jungle,ally_support,enemy_bottom; enemy_utility,,,,True,False,True,False,False,False,11753,1974
bottom_error_02_EUW1_7827297324_100,bottom_error,2,EUW1_7827297324,100,8.9252,CHAMPION_KILL,"Rengar(JUNGLE,T100,pid2)","Yasuo(TOP,T200,pid6)","Azir(TOP,T100,pid1)",ally_jungle,enemy_top,ally_top,,,,False,False,False,False,False,False,2062,12037
bottom_error_02_EUW1_7827297324_100,bottom_error,2,EUW1_7827297324,100,9.003816666666667,CHAMPION_KILL,"Ahri(MIDDLE,T200,pid8)","Rengar(JUNGLE,T100,pid2)","Yasuo(TOP,T200,pid6)",enemy_middle,ally_jungle,enemy_top,,,,False,False,False,False,False,False,1708,11377
bottom_error_02_EUW1_7827297324_100,bottom_error,2,EUW1_7827297324,100,9.0629,TURRET_PLATE_DESTROYED,,,,,,,,,MID_LANE,False,False,False,False,False,False,8955,8510
bottom_error_02_EUW1_7827297324_100,bottom_error,2,EUW1_7827297324,100,9.1247,ELITE_MONSTER_KILL,"Naafiri(JUNGLE,T200,pid7)",,,enemy_jungle,,,DRAGON,,,False,False,False,False,False,False,9837,4397
bottom_error_02_EUW1_7827297324_100,bottom_error,2,EUW1_7827297324,100,9.2569,TURRET_PLATE_DESTROYED,"Ahri(MIDDLE,T200,pid8)",,,enemy_middle,,,,,TOP_LANE,False,False,False,False,False,False,981,10441
bottom_error_02_EUW1_7827297324_100,bottom_error,2,EUW1_7827297324,100,9.79385,TURRET_PLATE_DESTROYED,,,,,,,,,MID_LANE,False,False,False,False,False,False,8955,8510
bottom_error_02_EUW1_7827297324_100,bottom_error,2,EUW1_7827297324,100,9.891,CHAMPION_KILL,"Rengar(JUNGLE,T100,pid2)","Vayne(BOTTOM,T200,pid9)","Twitch(BOTTOM,T100,pid4); Yuumi(UTILITY,T100,pid5)",ally_jungle,enemy_bottom,ally_adc; ally_support,,,,True,True,False,False,True,True,12719,2830
bottom_error_02_EUW1_7827297324_100,bottom_error,2,EUW1_7827297324,100,10.209883333333334,CHAMPION_KILL,"Naafiri(JUNGLE,T200,pid7)","Twitch(BOTTOM,T100,pid4)","Rell(UTILITY,T200,pid10)",enemy_jungle,ally_adc,enemy_utility,,,,False,True,False,True,False,False,12522,2607
bottom_error_02_EUW1_7827297324_100,bottom_error,2,EUW1_7827297324,100,10.299516666666667,CHAMPION_KILL,"Naafiri(JUNGLE,T200,pid7)","Yuumi(UTILITY,T100,pid5)","Rell(UTILITY,T200,pid10)",enemy_jungle,ally_support,enemy_utility,,,,True,False,True,False,False,False,12054,1794
bottom_error_02_EUW1_7827297324_100,bottom_error,2,EUW1_7827297324,100,11.367933333333333,TURRET_PLATE_DESTROYED,"Twitch(BOTTOM,T100,pid4)",,,ally_adc,,,,,BOT_LANE,False,True,False,False,False,False,13866,4505
bottom_error_02_EUW1_7827297324_100,bottom_error,2,EUW1_7827297324,100,11.4264,ELITE_MONSTER_KILL,"Naafiri(JUNGLE,T200,pid7)",,"Ahri(MIDDLE,T200,pid8)",enemy_jungle,,enemy_middle,HORDE,,,False,False,False,False,False,False,4790,10182
bottom_error_02_EUW1_7827297324_100,bottom_error,2,EUW1_7827297324,100,11.5591,ELITE_MONSTER_KILL,"Ahri(MIDDLE,T200,pid8)",,"Naafiri(JUNGLE,T200,pid7)",enemy_middle,,enemy_jungle,HORDE,,,False,False,False,False,False,False,5117,10327
bottom_error_02_EUW1_7827297324_100,bottom_error,2,EUW1_7827297324,100,11.601966666666666,ELITE_MONSTER_KILL,"Naafiri(JUNGLE,T200,pid7)",,"Ahri(MIDDLE,T200,pid8)",enemy_jungle,,enemy_middle,HORDE,,,False,False,False,False,False,False,4818,10536
bottom_error_02_EUW1_7827297324_100,bottom_error,2,EUW1_7827297324,100,11.761766666666666,CHAMPION_KILL,"Twitch(BOTTOM,T100,pid4)","Vayne(BOTTOM,T200,pid9)","Yuumi(UTILITY,T100,pid5)",ally_adc,enemy_bottom,ally_support,,,,True,True,False,False,True,False,13920,4657
bottom_error_02_EUW1_7827297324_100,bottom_error,2,EUW1_7827297324,100,11.769016666666667,CHAMPION_KILL,,"Yuumi(UTILITY,T100,pid5)",,,ally_support,,,,,True,False,True,False,False,False,12980,4287
bottom_error_02_EUW1_7827297324_100,bottom_error,2,EUW1_7827297324,100,11.851966666666666,TURRET_PLATE_DESTROYED,,,,,,,,,BOT_LANE,False,False,False,False,False,False,13866,4505
bottom_error_02_EUW1_7827297324_100,bottom_error,2,EUW1_7827297324,100,11.858633333333334,CHAMPION_KILL,"Naafiri(JUNGLE,T200,pid7)","Viktor(MIDDLE,T100,pid3)","Ahri(MIDDLE,T200,pid8); Rell(UTILITY,T200,pid10)",enemy_jungle,ally_middle,enemy_middle; enemy_utility,,,,False,False,False,False,False,False,5928,5923
bottom_error_03_EUW1_7737055177_200,bottom_error,3,EUW1_7737055177,200,1.83565,CHAMPION_KILL,"Hecarim(JUNGLE,T200,pid7)","DrMundo(JUNGLE,T100,pid2)","Sylas(MIDDLE,T200,pid8)",ally_jungle,enemy_jungle,ally_middle,,,,False,False,False,False,False,False,5162,8342
bottom_error_03_EUW1_7737055177_200,bottom_error,3,EUW1_7737055177,200,2.282016666666667,TURRET_PLATE_DESTROYED,"Lux(UTILITY,T100,pid5)",,,enemy_utility,,,,,BOT_LANE,False,False,False,False,False,False,13866,4505
bottom_error_03_EUW1_7737055177_200,bottom_error,3,EUW1_7737055177,200,2.7017,CHAMPION_KILL,"Lux(UTILITY,T100,pid5)","Vayne(BOTTOM,T200,pid9)","Jhin(BOTTOM,T100,pid4)",enemy_utility,ally_adc,enemy_bottom,,,,False,True,False,True,False,False,11844,2093
bottom_error_03_EUW1_7737055177_200,bottom_error,3,EUW1_7737055177,200,2.7635,CHAMPION_KILL,"Yuumi(UTILITY,T200,pid10)","Jhin(BOTTOM,T100,pid4)","Vayne(BOTTOM,T200,pid9)",ally_support,enemy_bottom,ally_adc,,,,True,True,False,False,False,True,12496,1381
bottom_error_03_EUW1_7737055177_200,bottom_error,3,EUW1_7737055177,200,2.811933333333333,CHAMPION_KILL,"Lux(UTILITY,T100,pid5)","Yuumi(UTILITY,T200,pid10)","Jhin(BOTTOM,T100,pid4)",enemy_utility,ally_support,enemy_bottom,,,,True,False,True,False,False,False,12843,1664
bottom_error_03_EUW1_7737055177_200,bottom_error,3,EUW1_7737055177,200,3.4727333333333332,CHAMPION_KILL,"Sylas(MIDDLE,T200,pid8)","Kassadin(MIDDLE,T100,pid3)",,ally_middle,enemy_middle,,,,,False,False,False,False,False,False,5722,6456
bottom_error_03_EUW1_7737055177_200,bottom_error,3,EUW1_7737055177,200,4.485283333333333,CHAMPION_KILL,"DrMundo(JUNGLE,T100,pid2)","Yone(TOP,T200,pid6)","Sion(TOP,T100,pid1)",enemy_jungle,ally_top,enemy_top,,,,False,False,False,False,False,False,1444,12210
bottom_error_03_EUW1_7737055177_200,bottom_error,3,EUW1_7737055177,200,5.5247166666666665,TURRET_PLATE_DESTROYED,"Sylas(MIDDLE,T200,pid8)",,,ally_middle,,,,,MID_LANE,False,False,False,False,False,False,5846,6396
bottom_error_03_EUW1_7737055177_200,bottom_error,3,EUW1_7737055177,200,5.659416666666667,CHAMPION_KILL,"Sion(TOP,T100,pid1)","Yone(TOP,T200,pid6)",,enemy_top,ally_top,,,,,False,False,False,False,False,False,3412,13157
bottom_error_03_EUW1_7737055177_200,bottom_error,3,EUW1_7737055177,200,6.09915,ELITE_MONSTER_KILL,"Hecarim(JUNGLE,T200,pid7)",,"Yuumi(UTILITY,T200,pid10)",ally_jungle,,ally_support,DRAGON,,,True,False,False,False,True,False,9837,4397
bottom_error_03_EUW1_7737055177_200,bottom_error,3,EUW1_7737055177,200,6.12085,TURRET_PLATE_DESTROYED,,,,,,,,,TOP_LANE,False,False,False,False,False,False,4318,13875
bottom_error_03_EUW1_7737055177_200,bottom_error,3,EUW1_7737055177,200,6.983066666666667,CHAMPION_KILL,"Sylas(MIDDLE,T200,pid8)","DrMundo(JUNGLE,T100,pid2)","Hecarim(JUNGLE,T200,pid7)",ally_middle,enemy_jungle,ally_jungle,,,,False,False,False,False,False,False,5514,4974
bottom_error_03_EUW1_7737055177_200,bottom_error,3,EUW1_7737055177,200,7.1594,CHAMPION_KILL,"Kassadin(MIDDLE,T100,pid3)","Hecarim(JUNGLE,T200,pid7)","DrMundo(JUNGLE,T100,pid2)",enemy_middle,ally_jungle,enemy_jungle,,,,False,False,False,False,False,False,4802,4953
bottom_error_03_EUW1_7737055177_200,bottom_error,3,EUW1_7737055177,200,7.265716666666667,CHAMPION_KILL,"Sylas(MIDDLE,T200,pid8)","Jhin(BOTTOM,T100,pid4)","Vayne(BOTTOM,T200,pid9); Yuumi(UTILITY,T200,pid10)",ally_middle,enemy_bottom,ally_adc; ally_support,,,,True,True,False,False,True,True,6738,4459
bottom_error_03_EUW1_7737055177_200,bottom_error,3,EUW1_7737055177,200,7.371466666666667,CHAMPION_KILL,"Sylas(MIDDLE,T200,pid8)","Lux(UTILITY,T100,pid5)","Vayne(BOTTOM,T200,pid9); Yuumi(UTILITY,T200,pid10)",ally_middle,enemy_utility,ally_adc; ally_support,,,,True,True,False,False,True,True,5666,5856
bottom_error_03_EUW1_7737055177_200,bottom_error,3,EUW1_7737055177,200,7.7588333333333335,TURRET_PLATE_DESTROYED,,,,,,,,,TOP_LANE,False,False,False,False,False,False,4318,13875
bottom_error_03_EUW1_7737055177_200,bottom_error,3,EUW1_7737055177,200,8.29525,TURRET_PLATE_DESTROYED,"Lux(UTILITY,T100,pid5)",,,enemy_utility,,,,,BOT_LANE,False,False,False,False,False,False,13866,4505
bottom_error_03_EUW1_7737055177_200,bottom_error,3,EUW1_7737055177,200,8.403783333333333,ELITE_MONSTER_KILL,"Hecarim(JUNGLE,T200,pid7)",,,ally_jungle,,,HORDE,,,False,False,False,False,False,False,4790,10182
bottom_error_03_EUW1_7737055177_200,bottom_error,3,EUW1_7737055177,200,8.461116666666667,CHAMPION_KILL,"Jhin(BOTTOM,T100,pid4)","Yuumi(UTILITY,T200,pid10)","Lux(UTILITY,T100,pid5)",enemy_bottom,ally_support,enemy_utility,,,,True,False,True,False,False,False,13233,4566
bottom_error_03_EUW1_7737055177_200,bottom_error,3,EUW1_7737055177,200,8.512316666666667,CHAMPION_KILL,"Jhin(BOTTOM,T100,pid4)","Vayne(BOTTOM,T200,pid9)","Lux(UTILITY,T100,pid5)",enemy_bottom,ally_adc,enemy_utility,,,,False,True,False,True,False,False,13514,4660
bottom_error_03_EUW1_7737055177_200,bottom_error,3,EUW1_7737055177,200,8.516766666666667,ELITE_MONSTER_KILL,"Hecarim(JUNGLE,T200,pid7)",,,ally_jungle,,,HORDE,,,False,False,False,False,False,False,4815,10617
bottom_error_03_EUW1_7737055177_200,bottom_error,3,EUW1_7737055177,200,8.5329,ELITE_MONSTER_KILL,"Hecarim(JUNGLE,T200,pid7)",,,ally_jungle,,,HORDE,,,False,False,False,False,False,False,5115,10329
bottom_error_03_EUW1_7737055177_200,bottom_error,3,EUW1_7737055177,200,8.886483333333333,CHAMPION_KILL,"Hecarim(JUNGLE,T200,pid7)","DrMundo(JUNGLE,T100,pid2)","Sylas(MIDDLE,T200,pid8)",ally_jungle,enemy_jungle,ally_middle,,,,False,False,False,False,False,False,11098,5180
bottom_error_03_EUW1_7737055177_200,bottom_error,3,EUW1_7737055177,200,8.904283333333334,CHAMPION_KILL,"Kassadin(MIDDLE,T100,pid3)","Sylas(MIDDLE,T200,pid8)","DrMundo(JUNGLE,T100,pid2); Jhin(BOTTOM,T100,pid4); Lux(UTILITY,T100,pid5)",enemy_middle,ally_middle,enemy_jungle; enemy_bottom; enemy_utility,,,,False,False,False,False,False,False,10394,6506
bottom_error_03_EUW1_7737055177_200,bottom_error,3,EUW1_7737055177,200,9.022933333333333,CHAMPION_KILL,"Hecarim(JUNGLE,T200,pid7)","Lux(UTILITY,T100,pid5)","Sylas(MIDDLE,T200,pid8)",ally_jungle,enemy_utility,ally_middle,,,,False,False,False,False,False,False,10166,5151
bottom_error_03_EUW1_7737055177_200,bottom_error,3,EUW1_7737055177,200,9.537233333333333,TURRET_PLATE_DESTROYED,"Kassadin(MIDDLE,T100,pid3)",,,enemy_middle,,,,,MID_LANE,False,False,False,False,False,False,8955,8510
bottom_error_03_EUW1_7737055177_200,bottom_error,3,EUW1_7737055177,200,9.991966666666666,TURRET_PLATE_DESTROYED,"Sylas(MIDDLE,T200,pid8)",,,ally_middle,,,,,MID_LANE,False,False,False,False,False,False,5846,6396
bottom_error_03_EUW1_7737055177_200,bottom_error,3,EUW1_7737055177,200,10.17395,TURRET_PLATE_DESTROYED,"Sylas(MIDDLE,T200,pid8)",,,ally_middle,,,,,MID_LANE,False,False,False,False,False,False,5846,6396
bottom_error_03_EUW1_7737055177_200,bottom_error,3,EUW1_7737055177,200,11.10155,CHAMPION_KILL,"Kassadin(MIDDLE,T100,pid3)","Yone(TOP,T200,pid6)","Sion(TOP,T100,pid1)",enemy_middle,ally_top,enemy_top,,,,False,False,False,False,False,False,923,10559
bottom_error_03_EUW1_7737055177_200,bottom_error,3,EUW1_7737055177,200,11.16405,CHAMPION_KILL,"Sylas(MIDDLE,T200,pid8)","Kassadin(MIDDLE,T100,pid3)","Yone(TOP,T200,pid6); Hecarim(JUNGLE,T200,pid7)",ally_middle,enemy_middle,ally_top; ally_jungle,,,,False,False,False,False,False,False,1553,10876
bottom_error_03_EUW1_7737055177_200,bottom_error,3,EUW1_7737055177,200,11.1991,TURRET_PLATE_DESTROYED,"Yone(TOP,T200,pid6)",,,ally_top,,,,,TOP_LANE,False,False,False,False,False,False,981,10441
bottom_error_03_EUW1_7737055177_200,bottom_error,3,EUW1_7737055177,200,11.27925,CHAMPION_KILL,"Sylas(MIDDLE,T200,pid8)","Sion(TOP,T100,pid1)","Yone(TOP,T200,pid6); Hecarim(JUNGLE,T200,pid7)",ally_middle,enemy_top,ally_top; ally_jungle,,,,False,False,False,False,False,False,781,10422
bottom_error_03_EUW1_7737055177_200,bottom_error,3,EUW1_7737055177,200,11.562583333333333,ELITE_MONSTER_KILL,"DrMundo(JUNGLE,T100,pid2)",,,enemy_jungle,,,DRAGON,,,False,False,False,False,False,False,9837,4397
bottom_error_03_EUW1_7737055177_200,bottom_error,3,EUW1_7737055177,200,11.686683333333333,TURRET_PLATE_DESTROYED,"Yone(TOP,T200,pid6)",,,ally_top,,,,,TOP_LANE,False,False,False,False,False,False,981,10441
bottom_error_03_EUW1_7737055177_200,bottom_error,3,EUW1_7737055177,200,11.803016666666666,TURRET_PLATE_DESTROYED,,,,,,,,,BOT_LANE,False,False,False,False,False,False,13866,4505
bottom_error_03_EUW1_7737055177_200,bottom_error,3,EUW1_7737055177,200,11.860333333333333,TURRET_PLATE_DESTROYED,,,,,,,,,TOP_LANE,False,False,False,False,False,False,981,10441
bottom_error_04_EUW1_7753025529_100,bottom_error,4,EUW1_7753025529,100,1.0536833333333333,CHAMPION_KILL,"Ahri(MIDDLE,T100,pid3)","Orianna(MIDDLE,T200,pid8)",,ally_middle,enemy_middle,,,,,False,False,False,False,False,False,8451,8935
bottom_error_04_EUW1_7753025529_100,bottom_error,4,EUW1_7753025529,100,3.2402333333333333,CHAMPION_KILL,"Nilah(BOTTOM,T100,pid4)","Smolder(BOTTOM,T200,pid9)","Senna(UTILITY,T100,pid5)",ally_adc,enemy_bottom,ally_support,,,,True,True,False,False,True,False,9663,1229
bottom_error_04_EUW1_7753025529_100,bottom_error,4,EUW1_7753025529,100,3.2881,CHAMPION_KILL,"Braum(UTILITY,T200,pid10)","Nilah(BOTTOM,T100,pid4)","FiddleSticks(JUNGLE,T200,pid7); Smolder(BOTTOM,T200,pid9)",enemy_utility,ally_adc,enemy_jungle; enemy_bottom,,,,False,True,False,True,False,False,10641,839
bottom_error_04_EUW1_7753025529_100,bottom_error,4,EUW1_7753025529,100,3.3326333333333333,CHAMPION_KILL,"Braum(UTILITY,T200,pid10)","Senna(UTILITY,T100,pid5)","FiddleSticks(JUNGLE,T200,pid7); Smolder(BOTTOM,T200,pid9)",enemy_utility,ally_support,enemy_jungle; enemy_bottom,,,,True,False,True,False,False,False,9094,1210
bottom_error_04_EUW1_7753025529_100,bottom_error,4,EUW1_7753025529,100,4.854633333333333,CHAMPION_KILL,"FiddleSticks(JUNGLE,T200,pid7)","Senna(UTILITY,T100,pid5)","Smolder(BOTTOM,T200,pid9); Braum(UTILITY,T200,pid10)",enemy_jungle,ally_support,enemy_bottom; enemy_utility,,,,True,False,True,False,False,False,13387,1431
bottom_error_04_EUW1_7753025529_100,bottom_error,4,EUW1_7753025529,100,5.2354666666666665,TURRET_PLATE_DESTROYED,,,,,,,,,BOT_LANE,False,False,False,False,False,False,10504,1029
bottom_error_04_EUW1_7753025529_100,bottom_error,4,EUW1_7753025529,100,5.680466666666667,CHAMPION_KILL,"Jax(TOP,T200,pid6)","Olaf(TOP,T100,pid1)",,enemy_top,ally_top,,,,,False,False,False,False,False,False,2384,12950
bottom_error_04_EUW1_7753025529_100,bottom_error,4,EUW1_7753025529,100,6.06955,TURRET_PLATE_DESTROYED,"Ahri(MIDDLE,T100,pid3)",,,ally_middle,,,,,MID_LANE,False,False,False,False,False,False,8955,8510
bottom_error_04_EUW1_7753025529_100,bottom_error,4,EUW1_7753025529,100,6.106333333333334,TURRET_PLATE_DESTROYED,"Jax(TOP,T200,pid6)",,,enemy_top,,,,,TOP_LANE,False,False,False,False,False,False,981,10441
bottom_error_04_EUW1_7753025529_100,bottom_error,4,EUW1_7753025529,100,6.1185833333333335,CHAMPION_KILL,"Smolder(BOTTOM,T200,pid9)","Nilah(BOTTOM,T100,pid4)","Braum(UTILITY,T200,pid10)",enemy_bottom,ally_adc,enemy_utility,,,,False,True,False,True,False,False,13444,2743
bottom_error_04_EUW1_7753025529_100,bottom_error,4,EUW1_7753025529,100,6.148633333333334,CHAMPION_KILL,"FiddleSticks(JUNGLE,T200,pid7)","Senna(UTILITY,T100,pid5)","Smolder(BOTTOM,T200,pid9); Braum(UTILITY,T200,pid10)",enemy_jungle,ally_support,enemy_bottom; enemy_utility,,,,True,False,True,False,False,False,13596,2064
bottom_error_04_EUW1_7753025529_100,bottom_error,4,EUW1_7753025529,100,7.83085,ELITE_MONSTER_KILL,"FiddleSticks(JUNGLE,T200,pid7)",,"Nocturne(JUNGLE,T100,pid2); Orianna(MIDDLE,T200,pid8)",enemy_jungle,,ally_jungle; enemy_middle,DRAGON,,,False,False,False,False,False,False,10055,4597
bottom_error_04_EUW1_7753025529_100,bottom_error,4,EUW1_7753025529,100,8.194016666666666,TURRET_PLATE_DESTROYED,,,,,,,,,MID_LANE,False,False,False,False,False,False,5846,6396
bottom_error_04_EUW1_7753025529_100,bottom_error,4,EUW1_7753025529,100,8.245233333333333,CHAMPION_KILL,"Nilah(BOTTOM,T100,pid4)","Smolder(BOTTOM,T200,pid9)","Nocturne(JUNGLE,T100,pid2); Senna(UTILITY,T100,pid5)",ally_adc,enemy_bottom,ally_jungle; ally_support,,,,True,True,False,False,True,False,8171,8449
bottom_error_04_EUW1_7753025529_100,bottom_error,4,EUW1_7753025529,100,8.264333333333333,CHAMPION_KILL,"Nocturne(JUNGLE,T100,pid2)","Orianna(MIDDLE,T200,pid8)","Ahri(MIDDLE,T100,pid3)",ally_jungle,enemy_middle,ally_middle,,,,False,False,False,False,False,False,7492,7571
bottom_error_04_EUW1_7753025529_100,bottom_error,4,EUW1_7753025529,100,8.673366666666666,TURRET_PLATE_DESTROYED,,,,,,,,,MID_LANE,False,False,False,False,False,False,8955,8510
bottom_error_04_EUW1_7753025529_100,bottom_error,4,EUW1_7753025529,100,8.691733333333334,ELITE_MONSTER_KILL,"Nocturne(JUNGLE,T100,pid2)",,,ally_jungle,,,HORDE,,,False,False,False,False,False,False,4889,10379
bottom_error_04_EUW1_7753025529_100,bottom_error,4,EUW1_7753025529,100,8.779266666666667,ELITE_MONSTER_KILL,"Nocturne(JUNGLE,T100,pid2)",,,ally_jungle,,,HORDE,,,False,False,False,False,False,False,4793,10148
bottom_error_04_EUW1_7753025529_100,bottom_error,4,EUW1_7753025529,100,8.837166666666667,ELITE_MONSTER_KILL,"Nocturne(JUNGLE,T100,pid2)",,,ally_jungle,,,HORDE,,,False,False,False,False,False,False,5096,10299
bottom_error_04_EUW1_7753025529_100,bottom_error,4,EUW1_7753025529,100,8.86055,CHAMPION_KILL,"Jax(TOP,T200,pid6)","Olaf(TOP,T100,pid1)",,enemy_top,ally_top,,,,,False,False,False,False,False,False,1069,10930
bottom_error_04_EUW1_7753025529_100,bottom_error,4,EUW1_7753025529,100,8.897066666666667,CHAMPION_KILL,"Olaf(TOP,T100,pid1)","Jax(TOP,T200,pid6)",,ally_top,enemy_top,,,,,False,False,False,False,False,False,1342,11441
bottom_error_04_EUW1_7753025529_100,bottom_error,4,EUW1_7753025529,100,9.32985,CHAMPION_KILL,"FiddleSticks(JUNGLE,T200,pid7)","Ahri(MIDDLE,T100,pid3)","Orianna(MIDDLE,T200,pid8)",enemy_jungle,ally_middle,enemy_middle,,,,False,False,False,False,False,False,7211,6194
bottom_error_04_EUW1_7753025529_100,bottom_error,4,EUW1_7753025529,100,9.5025,TURRET_PLATE_DESTROYED,"Orianna(MIDDLE,T200,pid8)",,,enemy_middle,,,,,MID_LANE,False,False,False,False,False,False,5846,6396
bottom_error_04_EUW1_7753025529_100,bottom_error,4,EUW1_7753025529,100,9.898633333333333,TURRET_PLATE_DESTROYED,,,,,,,,,BOT_LANE,False,False,False,False,False,False,10504,1029
bottom_error_04_EUW1_7753025529_100,bottom_error,4,EUW1_7753025529,100,10.021666666666667,CHAMPION_KILL,"Braum(UTILITY,T200,pid10)","Senna(UTILITY,T100,pid5)","Smolder(BOTTOM,T200,pid9)",enemy_utility,ally_support,enemy_bottom,,,,True,False,True,False,False,False,10844,881
bottom_error_04_EUW1_7753025529_100,bottom_error,4,EUW1_7753025529,100,10.2121,CHAMPION_KILL,"FiddleSticks(JUNGLE,T200,pid7)","Nilah(BOTTOM,T100,pid4)",,enemy_jungle,ally_adc,,,,,False,True,False,True,False,False,13469,1234
bottom_error_04_EUW1_7753025529_100,bottom_error,4,EUW1_7753025529,100,10.37155,CHAMPION_KILL,"Ahri(MIDDLE,T100,pid3)","Braum(UTILITY,T200,pid10)","Nocturne(JUNGLE,T100,pid2)",ally_middle,enemy_utility,ally_jungle,,,,False,False,False,False,False,False,13385,3199
bottom_error_04_EUW1_7753025529_100,bottom_error,4,EUW1_7753025529,100,10.507516666666668,TURRET_PLATE_DESTROYED,"Orianna(MIDDLE,T200,pid8)",,,enemy_middle,,,,,MID_LANE,False,False,False,False,False,False,5846,6396
bottom_error_04_EUW1_7753025529_100,bottom_error,4,EUW1_7753025529,100,10.7063,TURRET_PLATE_DESTROYED,"Ahri(MIDDLE,T100,pid3)",,,ally_middle,,,,,BOT_LANE,False,False,False,False,False,False,13866,4505
bottom_error_04_EUW1_7753025529_100,bottom_error,4,EUW1_7753025529,100,10.90635,CHAMPION_KILL,"Nocturne(JUNGLE,T100,pid2)","Orianna(MIDDLE,T200,pid8)","Senna(UTILITY,T100,pid5)",ally_jungle,enemy_middle,ally_support,,,,True,False,False,False,True,False,7981,8170
bottom_error_04_EUW1_7753025529_100,bottom_error,4,EUW1_7753025529,100,11.1905,TURRET_PLATE_DESTROYED,"Ahri(MIDDLE,T100,pid3)",,,ally_middle,,,,,MID_LANE,False,False,False,False,False,False,8955,8510
bottom_error_04_EUW1_7753025529_100,bottom_error,4,EUW1_7753025529,100,11.414466666666666,TURRET_PLATE_DESTROYED,,,,,,,,,BOT_LANE,False,False,False,False,False,False,10504,1029
bottom_error_05_EUW1_7740461495_100,bottom_error,5,EUW1_7740461495,100,3.2736833333333335,CHAMPION_KILL,"Zoe(MIDDLE,T100,pid3)","Katarina(MIDDLE,T200,pid8)",,ally_middle,enemy_middle,,,,,False,False,False,False,False,False,8281,8645
bottom_error_05_EUW1_7740461495_100,bottom_error,5,EUW1_7740461495,100,4.6696333333333335,TURRET_PLATE_DESTROYED,"Nilah(BOTTOM,T200,pid9)",,,enemy_bottom,,,,,BOT_LANE,False,False,False,False,False,False,10504,1029
bottom_error_05_EUW1_7740461495_100,bottom_error,5,EUW1_7740461495,100,4.7575666666666665,TURRET_PLATE_DESTROYED,"Zoe(MIDDLE,T100,pid3)",,,ally_middle,,,,,MID_LANE,False,False,False,False,False,False,8955,8510
bottom_error_05_EUW1_7740461495_100,bottom_error,5,EUW1_7740461495,100,4.79265,TURRET_PLATE_DESTROYED,"Darius(TOP,T200,pid6)",,,enemy_top,,,,,TOP_LANE,False,False,False,False,False,False,981,10441
bottom_error_05_EUW1_7740461495_100,bottom_error,5,EUW1_7740461495,100,5.090533333333333,CHAMPION_KILL,"Darius(TOP,T200,pid6)","Ornn(TOP,T100,pid1)","Talon(JUNGLE,T200,pid7)",enemy_top,ally_top,enemy_jungle,,,,False,False,False,False,False,False,1192,9577
bottom_error_05_EUW1_7740461495_100,bottom_error,5,EUW1_7740461495,100,5.398883333333333,TURRET_PLATE_DESTROYED,,,,,,,,,TOP_LANE,False,False,False,False,False,False,981,10441
bottom_error_05_EUW1_7740461495_100,bottom_error,5,EUW1_7740461495,100,5.495166666666667,CHAMPION_KILL,"Zoe(MIDDLE,T100,pid3)","Darius(TOP,T200,pid6)",,ally_middle,enemy_top,,,,,False,False,False,False,False,False,1123,13221
bottom_error_05_EUW1_7740461495_100,bottom_error,5,EUW1_7740461495,100,5.723366666666666,TURRET_PLATE_DESTROYED,,,,,,,,,MID_LANE,False,False,False,False,False,False,5846,6396
bottom_error_05_EUW1_7740461495_100,bottom_error,5,EUW1_7740461495,100,6.6874,TURRET_PLATE_DESTROYED,"Zoe(MIDDLE,T100,pid3)",,,ally_middle,,,,,MID_LANE,False,False,False,False,False,False,8955,8510
bottom_error_05_EUW1_7740461495_100,bottom_error,5,EUW1_7740461495,100,7.290066666666666,CHAMPION_KILL,"Ornn(TOP,T100,pid1)","Darius(TOP,T200,pid6)",,ally_top,enemy_top,,,,,False,False,False,False,False,False,1473,11750
bottom_error_05_EUW1_7740461495_100,bottom_error,5,EUW1_7740461495,100,7.323466666666667,CHAMPION_KILL,"Darius(TOP,T200,pid6)","Ornn(TOP,T100,pid1)","Senna(UTILITY,T200,pid10)",enemy_top,ally_top,enemy_utility,,,,False,False,False,False,False,False,1307,11450
bottom_error_05_EUW1_7740461495_100,bottom_error,5,EUW1_7740461495,100,7.392483333333334,CHAMPION_KILL,"Talon(JUNGLE,T200,pid7)","Khazix(JUNGLE,T100,pid2)",,enemy_jungle,ally_jungle,,,,,False,False,False,False,False,False,9816,3320
bottom_error_05_EUW1_7740461495_100,bottom_error,5,EUW1_7740461495,100,7.467616666666666,ELITE_MONSTER_KILL,"Talon(JUNGLE,T200,pid7)",,"Khazix(JUNGLE,T100,pid2); Ezreal(BOTTOM,T100,pid4); Yuumi(UTILITY,T100,pid5)",enemy_jungle,,ally_jungle; ally_adc; ally_support,DRAGON,,,True,True,False,False,True,True,9837,4397
bottom_error_05_EUW1_7740461495_100,bottom_error,5,EUW1_7740461495,100,7.911816666666667,TURRET_PLATE_DESTROYED,"Ornn(TOP,T100,pid1)",,,ally_top,,,,,TOP_LANE,False,False,False,False,False,False,4318,13875
bottom_error_05_EUW1_7740461495_100,bottom_error,5,EUW1_7740461495,100,8.305416666666666,TURRET_PLATE_DESTROYED,,,,,,,,,BOT_LANE,False,False,False,False,False,False,10504,1029
bottom_error_05_EUW1_7740461495_100,bottom_error,5,EUW1_7740461495,100,8.45025,ELITE_MONSTER_KILL,"Talon(JUNGLE,T200,pid7)",,,enemy_jungle,,,HORDE,,,False,False,False,False,False,False,4790,10182
bottom_error_05_EUW1_7740461495_100,bottom_error,5,EUW1_7740461495,100,8.559333333333333,ELITE_MONSTER_KILL,"Talon(JUNGLE,T200,pid7)",,,enemy_jungle,,,HORDE,,,False,False,False,False,False,False,4832,10606
bottom_error_05_EUW1_7740461495_100,bottom_error,5,EUW1_7740461495,100,8.571016666666667,CHAMPION_KILL,"Katarina(MIDDLE,T200,pid8)","Zoe(MIDDLE,T100,pid3)",,enemy_middle,ally_middle,,,,,False,False,False,False,False,False,6819,6314
bottom_error_05_EUW1_7740461495_100,bottom_error,5,EUW1_7740461495,100,8.609983333333334,ELITE_MONSTER_KILL,"Khazix(JUNGLE,T100,pid2)",,"Talon(JUNGLE,T200,pid7)",ally_jungle,,enemy_jungle,HORDE,,,False,False,False,False,False,False,5210,10424
bottom_error_05_EUW1_7740461495_100,bottom_error,5,EUW1_7740461495,100,8.673433333333334,TURRET_PLATE_DESTROYED,"Katarina(MIDDLE,T200,pid8)",,,enemy_middle,,,,,MID_LANE,False,False,False,False,False,False,5846,6396
bottom_error_05_EUW1_7740461495_100,bottom_error,5,EUW1_7740461495,100,9.877116666666666,CHAMPION_KILL,"Zoe(MIDDLE,T100,pid3)","Katarina(MIDDLE,T200,pid8)",,ally_middle,enemy_middle,,,,,False,False,False,False,False,False,8955,9213
bottom_error_05_EUW1_7740461495_100,bottom_error,5,EUW1_7740461495,100,10.033516666666667,CHAMPION_KILL,"Ornn(TOP,T100,pid1)","Darius(TOP,T200,pid6)",,ally_top,enemy_top,,,,,False,False,False,False,False,False,1011,12289
bottom_error_05_EUW1_7740461495_100,bottom_error,5,EUW1_7740461495,100,11.1509,CHAMPION_KILL,"Talon(JUNGLE,T200,pid7)","Zoe(MIDDLE,T100,pid3)","Katarina(MIDDLE,T200,pid8)",enemy_jungle,ally_middle,enemy_middle,,,,False,False,False,False,False,False,5733,6771
bottom_error_05_EUW1_7740461495_100,bottom_error,5,EUW1_7740461495,100,11.186516666666666,TURRET_PLATE_DESTROYED,"Darius(TOP,T200,pid6)",,,enemy_top,,,,,TOP_LANE,False,False,False,False,False,False,981,10441
bottom_error_05_EUW1_7740461495_100,bottom_error,5,EUW1_7740461495,100,11.30235,TURRET_PLATE_DESTROYED,"Nilah(BOTTOM,T200,pid9)",,,enemy_bottom,,,,,BOT_LANE,False,False,False,False,False,False,10504,1029
bottom_error_06_EUW1_7717169345_200,bottom_error,6,EUW1_7717169345,200,2.4476833333333334,TURRET_PLATE_DESTROYED,,,,,,,,,TOP_LANE,False,False,False,False,False,False,4318,13875
bottom_error_06_EUW1_7717169345_200,bottom_error,6,EUW1_7717169345,200,2.4727166666666665,CHAMPION_KILL,"Varus(BOTTOM,T200,pid9)","Braum(UTILITY,T100,pid5)","Lulu(UTILITY,T200,pid10)",ally_adc,enemy_utility,ally_support,,,,True,True,False,False,True,False,10534,1626
bottom_error_06_EUW1_7717169345_200,bottom_error,6,EUW1_7717169345,200,2.5189166666666667,CHAMPION_KILL,"Katarina(MIDDLE,T100,pid3)","Lulu(UTILITY,T200,pid10)","Hwei(BOTTOM,T100,pid4); Braum(UTILITY,T100,pid5)",enemy_middle,ally_support,enemy_bottom; enemy_utility,,,,True,False,True,False,False,False,10953,2286
bottom_error_06_EUW1_7717169345_200,bottom_error,6,EUW1_7717169345,200,2.5690166666666667,CHAMPION_KILL,"Katarina(MIDDLE,T100,pid3)","Varus(BOTTOM,T200,pid9)","Hwei(BOTTOM,T100,pid4); Braum(UTILITY,T100,pid5)",enemy_middle,ally_adc,enemy_bottom; enemy_utility,,,,False,True,False,True,False,False,10796,2204
bottom_error_06_EUW1_7717169345_200,bottom_error,6,EUW1_7717169345,200,3.8569833333333334,CHAMPION_KILL,"Rengar(JUNGLE,T100,pid2)","Zaahen(TOP,T200,pid6)","Vayne(TOP,T100,pid1); Katarina(MIDDLE,T100,pid3)",enemy_jungle,ally_top,enemy_top; enemy_middle,,,,False,False,False,False,False,False,4264,13742
bottom_error_06_EUW1_7717169345_200,bottom_error,6,EUW1_7717169345,200,4.054016666666667,TURRET_PLATE_DESTROYED,"Zed(MIDDLE,T200,pid8)",,,ally_middle,,,,,MID_LANE,False,False,False,False,False,False,5846,6396
bottom_error_06_EUW1_7717169345_200,bottom_error,6,EUW1_7717169345,200,5.172716666666667,CHAMPION_KILL,"Vayne(TOP,T100,pid1)","Zaahen(TOP,T200,pid6)",,enemy_top,ally_top,,,,,False,False,False,False,False,False,1420,12443
bottom_error_06_EUW1_7717169345_200,bottom_error,6,EUW1_7717169345,200,5.7271833333333335,TURRET_PLATE_DESTROYED,"Vayne(TOP,T100,pid1)",,,enemy_top,,,,,TOP_LANE,False,False,False,False,False,False,4318,13875
bottom_error_06_EUW1_7717169345_200,bottom_error,6,EUW1_7717169345,200,6.733716666666667,TURRET_PLATE_DESTROYED,,,,,,,,,BOT_LANE,False,False,False,False,False,False,13866,4505
bottom_error_06_EUW1_7717169345_200,bottom_error,6,EUW1_7717169345,200,6.878433333333334,CHAMPION_KILL,"Varus(BOTTOM,T200,pid9)","Braum(UTILITY,T100,pid5)","Lulu(UTILITY,T200,pid10)",ally_adc,enemy_utility,ally_support,,,,True,True,False,False,True,False,14007,4875
bottom_error_06_EUW1_7717169345_200,bottom_error,6,EUW1_7717169345,200,7.074466666666667,CHAMPION_KILL,"Lulu(UTILITY,T200,pid10)","Katarina(MIDDLE,T100,pid3)","Varus(BOTTOM,T200,pid9)",ally_support,enemy_middle,ally_adc,,,,True,True,False,False,False,True,13399,6746
bottom_error_06_EUW1_7717169345_200,bottom_error,6,EUW1_7717169345,200,7.120666666666667,TURRET_PLATE_DESTROYED,,,,,,,,,MID_LANE,False,False,False,False,False,False,5846,6396
bottom_error_06_EUW1_7717169345_200,bottom_error,6,EUW1_7717169345,200,8.124083333333333,TURRET_PLATE_DESTROYED,,,,,,,,,MID_LANE,False,False,False,False,False,False,8955,8510
bottom_error_06_EUW1_7717169345_200,bottom_error,6,EUW1_7717169345,200,8.2354,TURRET_PLATE_DESTROYED,,,,,,,,,TOP_LANE,False,False,False,False,False,False,4318,13875
bottom_error_06_EUW1_7717169345_200,bottom_error,6,EUW1_7717169345,200,8.376233333333333,ELITE_MONSTER_KILL,"Rengar(JUNGLE,T100,pid2)",,,enemy_jungle,,,HORDE,,,False,False,False,False,False,False,4790,10182
bottom_error_06_EUW1_7717169345_200,bottom_error,6,EUW1_7717169345,200,8.470316666666667,CHAMPION_KILL,"Vayne(TOP,T100,pid1)","Zaahen(TOP,T200,pid6)",,enemy_top,ally_top,,,,,False,False,False,False,False,False,4491,14034
bottom_error_06_EUW1_7717169345_200,bottom_error,6,EUW1_7717169345,200,8.58775,ELITE_MONSTER_KILL,"Rengar(JUNGLE,T100,pid2)",,,enemy_jungle,,,HORDE,,,False,False,False,False,False,False,5114,10328
bottom_error_06_EUW1_7717169345_200,bottom_error,6,EUW1_7717169345,200,8.686833333333333,ELITE_MONSTER_KILL,"Rengar(JUNGLE,T100,pid2)",,,enemy_jungle,,,HORDE,,,False,False,False,False,False,False,4807,10319
bottom_error_06_EUW1_7717169345_200,bottom_error,6,EUW1_7717169345,200,8.704633333333334,TURRET_PLATE_DESTROYED,"Vayne(TOP,T100,pid1)",,,enemy_top,,,,,TOP_LANE,False,False,False,False,False,False,4318,13875
bottom_error_06_EUW1_7717169345_200,bottom_error,6,EUW1_7717169345,200,8.783683333333334,CHAMPION_KILL,,"Vayne(TOP,T100,pid1)",,,enemy_top,,,,,False,False,False,False,False,False,3280,13212
bottom_error_06_EUW1_7717169345_200,bottom_error,6,EUW1_7717169345,200,9.1296,CHAMPION_KILL,"Evelynn(JUNGLE,T200,pid7)","Hwei(BOTTOM,T100,pid4)","Varus(BOTTOM,T200,pid9); Lulu(UTILITY,T200,pid10)",ally_jungle,enemy_bottom,ally_adc; ally_support,,,,True,True,False,False,True,True,11385,1573
bottom_error_06_EUW1_7717169345_200,bottom_error,6,EUW1_7717169345,200,9.621766666666666,ELITE_MONSTER_KILL,"Lulu(UTILITY,T200,pid10)",,"Evelynn(JUNGLE,T200,pid7); Varus(BOTTOM,T200,pid9)",ally_support,,ally_jungle; ally_adc,DRAGON,,,True,True,False,False,False,True,9896,4502
bottom_error_06_EUW1_7717169345_200,bottom_error,6,EUW1_7717169345,200,9.845033333333333,CHAMPION_KILL,"Vayne(TOP,T100,pid1)","Zaahen(TOP,T200,pid6)",,enemy_top,ally_top,,,,,False,False,False,False,False,False,3604,11165
bottom_error_06_EUW1_7717169345_200,bottom_error,6,EUW1_7717169345,200,9.890116666666666,TURRET_PLATE_DESTROYED,"Hwei(BOTTOM,T100,pid4)",,,enemy_bottom,,,,,BOT_LANE,False,False,False,False,False,False,13866,4505
bottom_error_06_EUW1_7717169345_200,bottom_error,6,EUW1_7717169345,200,10.2472,TURRET_PLATE_DESTROYED,"Hwei(BOTTOM,T100,pid4)",,,enemy_bottom,,,,,BOT_LANE,False,False,False,False,False,False,13866,4505
bottom_error_06_EUW1_7717169345_200,bottom_error,6,EUW1_7717169345,200,10.753316666666667,TURRET_PLATE_DESTROYED,"Varus(BOTTOM,T200,pid9)",,,ally_adc,,,,,BOT_LANE,False,True,False,False,False,False,10504,1029
bottom_error_06_EUW1_7717169345_200,bottom_error,6,EUW1_7717169345,200,10.7689,CHAMPION_KILL,"Evelynn(JUNGLE,T200,pid7)","Vayne(TOP,T100,pid1)","Zaahen(TOP,T200,pid6)",ally_jungle,enemy_top,ally_top,,,,False,False,False,False,False,False,2138,13262
bottom_error_06_EUW1_7717169345_200,bottom_error,6,EUW1_7717169345,200,10.841833333333334,CHAMPION_KILL,"Rengar(JUNGLE,T100,pid2)","Evelynn(JUNGLE,T200,pid7)","Vayne(TOP,T100,pid1)",enemy_jungle,ally_jungle,enemy_top,,,,False,False,False,False,False,False,2754,12678
bottom_error_06_EUW1_7717169345_200,bottom_error,6,EUW1_7717169345,200,11.302266666666666,CHAMPION_KILL,"Rengar(JUNGLE,T100,pid2)","Zaahen(TOP,T200,pid6)",,enemy_jungle,ally_top,,,,,False,False,False,False,False,False,5993,12530
bottom_error_06_EUW1_7717169345_200,bottom_error,6,EUW1_7717169345,200,11.62065,TURRET_PLATE_DESTROYED,,,,,,,,,MID_LANE,False,False,False,False,False,False,5846,6396
bottom_error_06_EUW1_7717169345_200,bottom_error,6,EUW1_7717169345,200,11.781033333333333,CHAMPION_KILL,"Varus(BOTTOM,T200,pid9)","Braum(UTILITY,T100,pid5)","Lulu(UTILITY,T200,pid10)",ally_adc,enemy_utility,ally_support,,,,True,True,False,False,True,False,10851,1067
bottom_error_06_EUW1_7717169345_200,bottom_error,6,EUW1_7717169345,200,11.973633333333334,CHAMPION_KILL,"Evelynn(JUNGLE,T200,pid7)","Hwei(BOTTOM,T100,pid4)","Lulu(UTILITY,T200,pid10)",ally_jungle,enemy_bottom,ally_support,,,,True,False,False,False,True,False,9729,889
bottom_error_06_EUW1_7717169345_200,bottom_error,6,EUW1_7717169345,200,11.986016666666666,TURRET_PLATE_DESTROYED,"Vayne(TOP,T100,pid1)",,,enemy_top,,,,,TOP_LANE,False,False,False,False,False,False,4318,13875
bottom_error_06_EUW1_7717169345_200,bottom_error,6,EUW1_7717169345,200,11.986016666666666,BUILDING_KILL,"Vayne(TOP,T100,pid1)",,,enemy_top,,,,TOWER_BUILDING,TOP_LANE,False,False,False,False,False,False,4318,13875
bottom_error_07_EUW1_7711409386_100,bottom_error,7,EUW1_7711409386,100,1.3982333333333334,CHAMPION_KILL,"Sylas(MIDDLE,T100,pid3)","Karthus(JUNGLE,T200,pid7)","Kindred(JUNGLE,T100,pid2)",ally_middle,enemy_jungle,ally_jungle,,,,False,False,False,False,False,False,9067,9087
bottom_error_07_EUW1_7711409386_100,bottom_error,7,EUW1_7711409386,100,1.5518833333333333,CHAMPION_KILL,"Ryze(MIDDLE,T200,pid8)","Sylas(MIDDLE,T100,pid3)","Karthus(JUNGLE,T200,pid7); Nami(UTILITY,T200,pid10)",enemy_middle,ally_middle,enemy_jungle; enemy_utility,,,,False,False,False,False,False,False,11713,7926
bottom_error_07_EUW1_7711409386_100,bottom_error,7,EUW1_7711409386,100,2.2978,CHAMPION_KILL,"Sylas(MIDDLE,T100,pid3)","Karthus(JUNGLE,T200,pid7)","Kindred(JUNGLE,T100,pid2); Senna(UTILITY,T100,pid5)",ally_middle,enemy_jungle,ally_jungle; ally_support,,,,True,False,False,False,True,False,12035,7102
bottom_error_07_EUW1_7711409386_100,bottom_error,7,EUW1_7711409386,100,2.3829833333333332,CHAMPION_KILL,"Lucian(BOTTOM,T100,pid4)","Nami(UTILITY,T200,pid10)","Senna(UTILITY,T100,pid5)",ally_adc,enemy_utility,ally_support,,,,True,True,False,False,True,False,13210,5429
bottom_error_07_EUW1_7711409386_100,bottom_error,7,EUW1_7711409386,100,2.7893666666666665,CHAMPION_KILL,"Jayce(TOP,T100,pid1)","Olaf(TOP,T200,pid6)",,ally_top,enemy_top,,,,,False,False,False,False,False,False,2375,12180
bottom_error_07_EUW1_7711409386_100,bottom_error,7,EUW1_7711409386,100,3.2161333333333335,CHAMPION_KILL,"Draven(BOTTOM,T200,pid9)","Lucian(BOTTOM,T100,pid4)","Nami(UTILITY,T200,pid10)",enemy_bottom,ally_adc,enemy_utility,,,,False,True,False,True,False,False,12554,3223
bottom_error_07_EUW1_7711409386_100,bottom_error,7,EUW1_7711409386,100,3.2217,CHAMPION_KILL,"Senna(UTILITY,T100,pid5)","Draven(BOTTOM,T200,pid9)","Lucian(BOTTOM,T100,pid4)",ally_support,enemy_bottom,ally_adc,,,,True,True,False,False,False,True,12947,3919
bottom_error_07_EUW1_7711409386_100,bottom_error,7,EUW1_7711409386,100,3.2584333333333335,TURRET_PLATE_DESTROYED,,,,,,,,,TOP_LANE,False,False,False,False,False,False,4318,13875
bottom_error_07_EUW1_7711409386_100,bottom_error,7,EUW1_7711409386,100,3.946283333333333,CHAMPION_KILL,"Kindred(JUNGLE,T100,pid2)","Karthus(JUNGLE,T200,pid7)",,ally_jungle,enemy_jungle,,,,,False,False,False,False,False,False,3430,10827
bottom_error_07_EUW1_7711409386_100,bottom_error,7,EUW1_7711409386,100,4.121883333333333,CHAMPION_KILL,"Sylas(MIDDLE,T100,pid3)","Ryze(MIDDLE,T200,pid8)",,ally_middle,enemy_middle,,,,,False,False,False,False,False,False,8305,8587
bottom_error_07_EUW1_7711409386_100,bottom_error,7,EUW1_7711409386,100,4.413566666666667,CHAMPION_KILL,"Draven(BOTTOM,T200,pid9)","Senna(UTILITY,T100,pid5)","Nami(UTILITY,T200,pid10)",enemy_bottom,ally_support,enemy_utility,,,,True,False,True,False,False,False,10346,1693
bottom_error_07_EUW1_7711409386_100,bottom_error,7,EUW1_7711409386,100,4.764333333333333,TURRET_PLATE_DESTROYED,"Draven(BOTTOM,T200,pid9)",,,enemy_bottom,,,,,BOT_LANE,False,False,False,False,False,False,10504,1029
bottom_error_07_EUW1_7711409386_100,bottom_error,7,EUW1_7711409386,100,5.27485,CHAMPION_KILL,"Kindred(JUNGLE,T100,pid2)","Draven(BOTTOM,T200,pid9)","Lucian(BOTTOM,T100,pid4); Senna(UTILITY,T100,pid5)",ally_jungle,enemy_bottom,ally_adc; ally_support,,,,True,True,False,False,True,True,11862,1940
bottom_error_07_EUW1_7711409386_100,bottom_error,7,EUW1_7711409386,100,5.33775,TURRET_PLATE_DESTROYED,"Jayce(TOP,T100,pid1)",,,ally_top,,,,,TOP_LANE,False,False,False,False,False,False,4318,13875
bottom_error_07_EUW1_7711409386_100,bottom_error,7,EUW1_7711409386,100,5.40065,CHAMPION_KILL,"Kindred(JUNGLE,T100,pid2)","Nami(UTILITY,T200,pid10)","Senna(UTILITY,T100,pid5)",ally_jungle,enemy_utility,ally_support,,,,True,False,False,False,True,False,14012,4241
bottom_error_07_EUW1_7711409386_100,bottom_error,7,EUW1_7711409386,100,5.5528,CHAMPION_KILL,"Sylas(MIDDLE,T100,pid3)","Ryze(MIDDLE,T200,pid8)",,ally_middle,enemy_middle,,,,,False,False,False,False,False,False,8694,8092
bottom_error_07_EUW1_7711409386_100,bottom_error,7,EUW1_7711409386,100,5.799633333333333,TURRET_PLATE_DESTROYED,,,,,,,,,MID_LANE,False,False,False,False,False,False,8955,8510
bottom_error_07_EUW1_7711409386_100,bottom_error,7,EUW1_7711409386,100,6.41225,CHAMPION_KILL,"Jayce(TOP,T100,pid1)","Olaf(TOP,T200,pid6)",,ally_top,enemy_top,,,,,False,False,False,False,False,False,2712,13396
bottom_error_07_EUW1_7711409386_100,bottom_error,7,EUW1_7711409386,100,6.5002,CHAMPION_KILL,"Karthus(JUNGLE,T200,pid7)","Jayce(TOP,T100,pid1)","Olaf(TOP,T200,pid6); Nami(UTILITY,T200,pid10)",enemy_jungle,ally_top,enemy_top; enemy_utility,,,,False,False,False,False,False,False,2262,13671
bottom_error_07_EUW1_7711409386_100,bottom_error,7,EUW1_7711409386,100,6.590933333333333,CHAMPION_KILL,"Kindred(JUNGLE,T100,pid2)","Karthus(JUNGLE,T200,pid7)","Jayce(TOP,T100,pid1)",ally_jungle,enemy_jungle,ally_top,,,,False,False,False,False,False,False,1670,13410
bottom_error_07_EUW1_7711409386_100,bottom_error,7,EUW1_7711409386,100,6.686683333333334,CHAMPION_KILL,"Kindred(JUNGLE,T100,pid2)","Nami(UTILITY,T200,pid10)",,ally_jungle,enemy_utility,,,,,False,False,False,False,False,False,3497,13641
bottom_error_07_EUW1_7711409386_100,bottom_error,7,EUW1_7711409386,100,6.692816666666666,CHAMPION_KILL,"Nami(UTILITY,T200,pid10)","Kindred(JUNGLE,T100,pid2)","Karthus(JUNGLE,T200,pid7)",enemy_utility,ally_jungle,enemy_jungle,,,,False,False,False,False,False,False,3105,13137
bottom_error_07_EUW1_7711409386_100,bottom_error,7,EUW1_7711409386,100,6.914633333333334,CHAMPION_KILL,"Ryze(MIDDLE,T200,pid8)","Lucian(BOTTOM,T100,pid4)","Draven(BOTTOM,T200,pid9)",enemy_middle,ally_adc,enemy_bottom,,,,False,True,False,True,False,False,13623,3229
bottom_error_07_EUW1_7711409386_100,bottom_error,7,EUW1_7711409386,100,7.42225,CHAMPION_KILL,"Karthus(JUNGLE,T200,pid7)","Senna(UTILITY,T100,pid5)","Ryze(MIDDLE,T200,pid8); Draven(BOTTOM,T200,pid9); Nami(UTILITY,T200,pid10)",enemy_jungle,ally_support,enemy_middle; enemy_bottom; enemy_utility,,,,True,False,True,False,False,False,13234,1116
bottom_error_07_EUW1_7711409386_100,bottom_error,7,EUW1_7711409386,100,7.5394,CHAMPION_KILL,"Lucian(BOTTOM,T100,pid4)","Karthus(JUNGLE,T200,pid7)","Kindred(JUNGLE,T100,pid2); Sylas(MIDDLE,T100,pid3)",ally_adc,enemy_jungle,ally_jungle; ally_middle,,,,False,True,False,False,False,False,11659,1920
bottom_error_07_EUW1_7711409386_100,bottom_error,7,EUW1_7711409386,100,7.657416666666666,CHAMPION_KILL,"Olaf(TOP,T200,pid6)","Jayce(TOP,T100,pid1)",,enemy_top,ally_top,,,,,False,False,False,False,False,False,2413,11850
bottom_error_07_EUW1_7711409386_100,bottom_error,7,EUW1_7711409386,100,7.825166666666667,CHAMPION_KILL,"Ryze(MIDDLE,T200,pid8)","Lucian(BOTTOM,T100,pid4)","Nami(UTILITY,T200,pid10)",enemy_middle,ally_adc,enemy_utility,,,,False,True,False,True,False,False,11834,1530
bottom_error_07_EUW1_7711409386_100,bottom_error,7,EUW1_7711409386,100,7.846866666666667,TURRET_PLATE_DESTROYED,"Olaf(TOP,T200,pid6)",,,enemy_top,,,,,TOP_LANE,False,False,False,False,False,False,981,10441
bottom_error_07_EUW1_7711409386_100,bottom_error,7,EUW1_7711409386,100,8.033466666666667,CHAMPION_KILL,,"Olaf(TOP,T200,pid6)",,,enemy_top,,,,,False,False,False,False,False,False,1184,9926
bottom_error_07_EUW1_7711409386_100,bottom_error,7,EUW1_7711409386,100,8.603316666666666,ELITE_MONSTER_KILL,"Kindred(JUNGLE,T100,pid2)",,,ally_jungle,,,DRAGON,,,False,False,False,False,False,False,9837,4397
bottom_error_07_EUW1_7711409386_100,bottom_error,7,EUW1_7711409386,100,8.631716666666666,TURRET_PLATE_DESTROYED,"Jayce(TOP,T100,pid1)",,,ally_top,,,,,TOP_LANE,False,False,False,False,False,False,4318,13875
bottom_error_07_EUW1_7711409386_100,bottom_error,7,EUW1_7711409386,100,8.834633333333333,TURRET_PLATE_DESTROYED,"Lucian(BOTTOM,T100,pid4)",,,ally_adc,,,,,BOT_LANE,False,True,False,False,False,False,13866,4505
bottom_error_07_EUW1_7711409386_100,bottom_error,7,EUW1_7711409386,100,8.965633333333333,CHAMPION_KILL,"Sylas(MIDDLE,T100,pid3)","Karthus(JUNGLE,T200,pid7)","Kindred(JUNGLE,T100,pid2); Senna(UTILITY,T100,pid5)",ally_middle,enemy_jungle,ally_jungle; ally_support,,,,True,False,False,False,True,False,8582,5545
bottom_error_07_EUW1_7711409386_100,bottom_error,7,EUW1_7711409386,100,8.968966666666667,CHAMPION_KILL,"Karthus(JUNGLE,T200,pid7)","Kindred(JUNGLE,T100,pid2)","Ryze(MIDDLE,T200,pid8); Nami(UTILITY,T200,pid10)",enemy_jungle,ally_jungle,enemy_middle; enemy_utility,,,,False,False,False,False,False,False,8410,5146
bottom_error_07_EUW1_7711409386_100,bottom_error,7,EUW1_7711409386,100,9.516,CHAMPION_KILL,"Senna(UTILITY,T100,pid5)","Nami(UTILITY,T200,pid10)","Sylas(MIDDLE,T100,pid3)",ally_support,enemy_utility,ally_middle,,,,True,False,False,False,False,False,13215,6249
bottom_error_07_EUW1_7711409386_100,bottom_error,7,EUW1_7711409386,100,9.7075,TURRET_PLATE_DESTROYED,"Ryze(MIDDLE,T200,pid8)",,,enemy_middle,,,,,MID_LANE,False,False,False,False,False,False,5846,6396
bottom_error_07_EUW1_7711409386_100,bottom_error,7,EUW1_7711409386,100,9.879566666666667,TURRET_PLATE_DESTROYED,,,,,,,,,TOP_LANE,False,False,False,False,False,False,4318,13875
bottom_error_07_EUW1_7711409386_100,bottom_error,7,EUW1_7711409386,100,9.8907,CHAMPION_KILL,"Kindred(JUNGLE,T100,pid2)","Karthus(JUNGLE,T200,pid7)","Jayce(TOP,T100,pid1)",ally_jungle,enemy_jungle,ally_top,,,,False,False,False,False,False,False,1270,12185
bottom_error_07_EUW1_7711409386_100,bottom_error,7,EUW1_7711409386,100,9.921316666666666,CHAMPION_KILL,"Kindred(JUNGLE,T100,pid2)","Olaf(TOP,T200,pid6)","Jayce(TOP,T100,pid1)",ally_jungle,enemy_top,ally_top,,,,False,False,False,False,False,False,1210,12185
bottom_error_07_EUW1_7711409386_100,bottom_error,7,EUW1_7711409386,100,10.20625,ELITE_MONSTER_KILL,"Kindred(JUNGLE,T100,pid2)",,,ally_jungle,,,HORDE,,,False,False,False,False,False,False,4765,10157
bottom_error_07_EUW1_7711409386_100,bottom_error,7,EUW1_7711409386,100,10.27,TURRET_PLATE_DESTROYED,,,,,,,,,BOT_LANE,False,False,False,False,False,False,13866,4505
bottom_error_07_EUW1_7711409386_100,bottom_error,7,EUW1_7711409386,100,10.272783333333333,TURRET_PLATE_DESTROYED,,,,,,,,,MID_LANE,False,False,False,False,False,False,8955,8510
bottom_error_07_EUW1_7711409386_100,bottom_error,7,EUW1_7711409386,100,10.42475,ELITE_MONSTER_KILL,"Kindred(JUNGLE,T100,pid2)",,,ally_jungle,,,HORDE,,,False,False,False,False,False,False,4593,10141
bottom_error_07_EUW1_7711409386_100,bottom_error,7,EUW1_7711409386,100,10.482433333333333,ELITE_MONSTER_KILL,"Kindred(JUNGLE,T100,pid2)",,,ally_jungle,,,HORDE,,,False,False,False,False,False,False,4929,10033
bottom_error_07_EUW1_7711409386_100,bottom_error,7,EUW1_7711409386,100,10.494683333333333,CHAMPION_KILL,"Karthus(JUNGLE,T200,pid7)","Jayce(TOP,T100,pid1)",,enemy_jungle,ally_top,,,,,False,False,False,False,False,False,3047,13370
bottom_error_07_EUW1_7711409386_100,bottom_error,7,EUW1_7711409386,100,11.3245,TURRET_PLATE_DESTROYED,"Draven(BOTTOM,T200,pid9)",,,enemy_bottom,,,,,BOT_LANE,False,False,False,False,False,False,10504,1029
bottom_error_07_EUW1_7711409386_100,bottom_error,7,EUW1_7711409386,100,11.380216666666668,CHAMPION_KILL,"Kindred(JUNGLE,T100,pid2)","Olaf(TOP,T200,pid6)","Jayce(TOP,T100,pid1)",ally_jungle,enemy_top,ally_top,,,,False,False,False,False,False,False,1320,13414
bottom_error_07_EUW1_7711409386_100,bottom_error,7,EUW1_7711409386,100,11.59525,TURRET_PLATE_DESTROYED,"Jayce(TOP,T100,pid1)",,,ally_top,,,,,TOP_LANE,False,False,False,False,False,False,4318,13875
bottom_error_07_EUW1_7711409386_100,bottom_error,7,EUW1_7711409386,100,11.59525,BUILDING_KILL,"Jayce(TOP,T100,pid1)",,,ally_top,,,,TOWER_BUILDING,TOP_LANE,False,False,False,False,False,False,4318,13875
bottom_error_07_EUW1_7711409386_100,bottom_error,7,EUW1_7711409386,100,11.887983333333333,TURRET_PLATE_DESTROYED,"Jayce(TOP,T100,pid1)",,,ally_top,,,,,TOP_LANE,False,False,False,False,False,False,7943,13411
bottom_error_07_EUW1_7711409386_100,bottom_error,7,EUW1_7711409386,100,11.960366666666667,TURRET_PLATE_DESTROYED,"Jayce(TOP,T100,pid1)",,,ally_top,,,,,TOP_LANE,False,False,False,False,False,False,7943,13411
bottom_error_08_EUW1_7822907738_100,bottom_error,8,EUW1_7822907738,100,0.8084333333333333,CHAMPION_KILL,"Yasuo(BOTTOM,T200,pid9)","Velkoz(BOTTOM,T100,pid4)","Rakan(UTILITY,T200,pid10)",enemy_bottom,ally_adc,enemy_utility,,,,False,True,False,True,False,False,11157,1624
bottom_error_08_EUW1_7822907738_100,bottom_error,8,EUW1_7822907738,100,0.9309166666666666,CHAMPION_KILL,"Sona(UTILITY,T100,pid5)","Yasuo(BOTTOM,T200,pid9)","Velkoz(BOTTOM,T100,pid4)",ally_support,enemy_bottom,ally_adc,,,,True,True,False,False,False,True,11804,1553
bottom_error_08_EUW1_7822907738_100,bottom_error,8,EUW1_7822907738,100,2.4513,TURRET_PLATE_DESTROYED,,,,,,,,,TOP_LANE,False,False,False,False,False,False,981,10441
bottom_error_08_EUW1_7822907738_100,bottom_error,8,EUW1_7822907738,100,3.8643,CHAMPION_KILL,"Aatrox(TOP,T100,pid1)","Vladimir(TOP,T200,pid6)",,ally_top,enemy_top,,,,,False,False,False,False,False,False,4608,13857
bottom_error_08_EUW1_7822907738_100,bottom_error,8,EUW1_7822907738,100,3.9645166666666665,CHAMPION_KILL,"Qiyana(JUNGLE,T200,pid7)","Aatrox(TOP,T100,pid1)","Vladimir(TOP,T200,pid6)",enemy_jungle,ally_top,enemy_top,,,,False,False,False,False,False,False,6421,12405
bottom_error_08_EUW1_7822907738_100,bottom_error,8,EUW1_7822907738,100,5.222683333333333,TURRET_PLATE_DESTROYED,,,,,,,,,MID_LANE,False,False,False,False,False,False,8955,8510
bottom_error_08_EUW1_7822907738_100,bottom_error,8,EUW1_7822907738,100,5.870933333333333,TURRET_PLATE_DESTROYED,,,,,,,,,TOP_LANE,False,False,False,False,False,False,4318,13875
bottom_error_08_EUW1_7822907738_100,bottom_error,8,EUW1_7822907738,100,6.85575,CHAMPION_KILL,"Ekko(JUNGLE,T100,pid2)","Vladimir(TOP,T200,pid6)","Aatrox(TOP,T100,pid1)",ally_jungle,enemy_top,ally_top,,,,False,False,False,False,False,False,2296,12008
bottom_error_08_EUW1_7822907738_100,bottom_error,8,EUW1_7822907738,100,6.892483333333334,CHAMPION_KILL,"Velkoz(BOTTOM,T100,pid4)","Yasuo(BOTTOM,T200,pid9)",,ally_adc,enemy_bottom,,,,,False,True,False,False,False,False,11905,1551
bottom_error_08_EUW1_7822907738_100,bottom_error,8,EUW1_7822907738,100,7.298866666666667,TURRET_PLATE_DESTROYED,"Sona(UTILITY,T100,pid5)",,,ally_support,,,,,BOT_LANE,True,False,False,False,False,False,13866,4505
bottom_error_08_EUW1_7822907738_100,bottom_error,8,EUW1_7822907738,100,7.66125,CHAMPION_KILL,"Aatrox(TOP,T100,pid1)","Qiyana(JUNGLE,T200,pid7)","Ekko(JUNGLE,T100,pid2)",ally_top,enemy_jungle,ally_jungle,,,,False,False,False,False,False,False,3932,9498
bottom_error_08_EUW1_7822907738_100,bottom_error,8,EUW1_7822907738,100,8.2553,ELITE_MONSTER_KILL,"Chogath(MIDDLE,T100,pid3)",,"Ekko(JUNGLE,T100,pid2)",ally_middle,,ally_jungle,HORDE,,,False,False,False,False,False,False,4693,10081
bottom_error_08_EUW1_7822907738_100,bottom_error,8,EUW1_7822907738,100,8.2681,CHAMPION_KILL,"Yasuo(BOTTOM,T200,pid9)","Sona(UTILITY,T100,pid5)","Rakan(UTILITY,T200,pid10)",enemy_bottom,ally_support,enemy_utility,,,,True,False,True,False,False,False,11630,1188
bottom_error_08_EUW1_7822907738_100,bottom_error,8,EUW1_7822907738,100,8.370133333333333,TURRET_PLATE_DESTROYED,,,,,,,,,TOP_LANE,False,False,False,False,False,False,981,10441
bottom_error_08_EUW1_7822907738_100,bottom_error,8,EUW1_7822907738,100,8.403533333333334,ELITE_MONSTER_KILL,"Ekko(JUNGLE,T100,pid2)",,"Chogath(MIDDLE,T100,pid3)",ally_jungle,,ally_middle,HORDE,,,False,False,False,False,False,False,4907,10104
bottom_error_08_EUW1_7822907738_100,bottom_error,8,EUW1_7822907738,100,8.504083333333334,ELITE_MONSTER_KILL,"Ekko(JUNGLE,T100,pid2)",,"Chogath(MIDDLE,T100,pid3)",ally_jungle,,ally_middle,HORDE,,,False,False,False,False,False,False,4637,10258
bottom_error_08_EUW1_7822907738_100,bottom_error,8,EUW1_7822907738,100,8.926883333333333,CHAMPION_KILL,"Vladimir(TOP,T200,pid6)","Aatrox(TOP,T100,pid1)","Qiyana(JUNGLE,T200,pid7)",enemy_top,ally_top,enemy_jungle,,,,False,False,False,False,False,False,3364,11707
bottom_error_08_EUW1_7822907738_100,bottom_error,8,EUW1_7822907738,100,9.25135,TURRET_PLATE_DESTROYED,,,,,,,,,MID_LANE,False,False,False,False,False,False,8955,8510
bottom_error_08_EUW1_7822907738_100,bottom_error,8,EUW1_7822907738,100,9.795766666666667,TURRET_PLATE_DESTROYED,,,,,,,,,BOT_LANE,False,False,False,False,False,False,13866,4505
bottom_error_08_EUW1_7822907738_100,bottom_error,8,EUW1_7822907738,100,10.286983333333334,CHAMPION_KILL,"Velkoz(BOTTOM,T100,pid4)","Yasuo(BOTTOM,T200,pid9)","Sona(UTILITY,T100,pid5)",ally_adc,enemy_bottom,ally_support,,,,True,True,False,False,True,False,12075,1893
bottom_error_08_EUW1_7822907738_100,bottom_error,8,EUW1_7822907738,100,10.424333333333333,CHAMPION_KILL,"Aatrox(TOP,T100,pid1)","Vladimir(TOP,T200,pid6)",,ally_top,enemy_top,,,,,False,False,False,False,False,False,3548,13812
bottom_error_08_EUW1_7822907738_100,bottom_error,8,EUW1_7822907738,100,10.435466666666667,CHAMPION_KILL,"Vladimir(TOP,T200,pid6)","Aatrox(TOP,T100,pid1)",,enemy_top,ally_top,,,,,False,False,False,False,False,False,3585,13791
bottom_error_08_EUW1_7822907738_100,bottom_error,8,EUW1_7822907738,100,10.863733333333334,CHAMPION_KILL,"Sona(UTILITY,T100,pid5)","Qiyana(JUNGLE,T200,pid7)","Ekko(JUNGLE,T100,pid2)",ally_support,enemy_jungle,ally_jungle,,,,True,False,False,False,False,False,13524,5061
bottom_error_08_EUW1_7822907738_100,bottom_error,8,EUW1_7822907738,100,10.880433333333333,CHAMPION_KILL,"Qiyana(JUNGLE,T200,pid7)","Ekko(JUNGLE,T100,pid2)","Rakan(UTILITY,T200,pid10)",enemy_jungle,ally_jungle,enemy_utility,,,,False,False,False,False,False,False,13954,5105
bottom_error_08_EUW1_7822907738_100,bottom_error,8,EUW1_7822907738,100,10.921083333333334,CHAMPION_KILL,"Yasuo(BOTTOM,T200,pid9)","Sona(UTILITY,T100,pid5)","Qiyana(JUNGLE,T200,pid7); Rakan(UTILITY,T200,pid10)",enemy_bottom,ally_support,enemy_jungle; enemy_utility,,,,True,False,True,False,False,False,14010,5566
bottom_error_08_EUW1_7822907738_100,bottom_error,8,EUW1_7822907738,100,11.03485,CHAMPION_KILL,"Veigar(MIDDLE,T200,pid8)","Velkoz(BOTTOM,T100,pid4)","Rakan(UTILITY,T200,pid10)",enemy_middle,ally_adc,enemy_utility,,,,False,True,False,True,False,False,11920,5132
bottom_error_08_EUW1_7822907738_100,bottom_error,8,EUW1_7822907738,100,11.360266666666666,TURRET_PLATE_DESTROYED,"Yasuo(BOTTOM,T200,pid9)",,,enemy_bottom,,,,,BOT_LANE,False,False,False,False,False,False,10504,1029
bottom_error_08_EUW1_7822907738_100,bottom_error,8,EUW1_7822907738,100,11.507283333333334,TURRET_PLATE_DESTROYED,"Yasuo(BOTTOM,T200,pid9)",,,enemy_bottom,,,,,BOT_LANE,False,False,False,False,False,False,10504,1029
bottom_error_08_EUW1_7822907738_100,bottom_error,8,EUW1_7822907738,100,11.8725,CHAMPION_KILL,"Velkoz(BOTTOM,T100,pid4)","Yasuo(BOTTOM,T200,pid9)","Ekko(JUNGLE,T100,pid2); Sona(UTILITY,T100,pid5)",ally_adc,enemy_bottom,ally_jungle; ally_support,,,,True,True,False,False,True,False,11174,1675
bottom_error_08_EUW1_7822907738_100,bottom_error,8,EUW1_7822907738,100,11.897916666666667,CHAMPION_KILL,"Vladimir(TOP,T200,pid6)","Aatrox(TOP,T100,pid1)",,enemy_top,ally_top,,,,,False,False,False,False,False,False,2914,11829
bottom_error_09_EUW1_7760148189_200,bottom_error,9,EUW1_7760148189,200,1.3329,CHAMPION_KILL,"Gwen(MIDDLE,T100,pid3)","Galio(MIDDLE,T200,pid8)",,enemy_middle,ally_middle,,,,,False,False,False,False,False,False,7478,8582
bottom_error_09_EUW1_7760148189_200,bottom_error,9,EUW1_7760148189,200,2.6476,CHAMPION_KILL,"Nidalee(JUNGLE,T200,pid7)","RekSai(JUNGLE,T100,pid2)","Kaisa(BOTTOM,T200,pid9)",ally_jungle,enemy_jungle,ally_adc,,,,False,True,False,False,False,True,12650,5807
bottom_error_09_EUW1_7760148189_200,bottom_error,9,EUW1_7760148189,200,3.1000833333333335,CHAMPION_KILL,"Jinx(BOTTOM,T100,pid4)","Nautilus(UTILITY,T200,pid10)","Bard(UTILITY,T100,pid5)",enemy_bottom,ally_support,enemy_utility,,,,True,False,True,False,False,False,12684,1549
bottom_error_09_EUW1_7760148189_200,bottom_error,9,EUW1_7760148189,200,3.1357166666666667,CHAMPION_KILL,"Kaisa(BOTTOM,T200,pid9)","Jinx(BOTTOM,T100,pid4)","Nautilus(UTILITY,T200,pid10)",ally_adc,enemy_bottom,ally_support,,,,True,True,False,False,True,False,12572,1265
bottom_error_09_EUW1_7760148189_200,bottom_error,9,EUW1_7760148189,200,3.18525,CHAMPION_KILL,"Bard(UTILITY,T100,pid5)","Kaisa(BOTTOM,T200,pid9)","Jinx(BOTTOM,T100,pid4)",enemy_utility,ally_adc,enemy_bottom,,,,False,True,False,True,False,False,12675,1282
bottom_error_09_EUW1_7760148189_200,bottom_error,9,EUW1_7760148189,200,3.2609666666666666,CHAMPION_KILL,"Gwen(MIDDLE,T100,pid3)","Galio(MIDDLE,T200,pid8)",,enemy_middle,ally_middle,,,,,False,False,False,False,False,False,5513,11181
bottom_error_09_EUW1_7760148189_200,bottom_error,9,EUW1_7760148189,200,3.5055,CHAMPION_KILL,"Nidalee(JUNGLE,T200,pid7)","Gwen(MIDDLE,T100,pid3)",,ally_jungle,enemy_middle,,,,,False,False,False,False,False,False,6602,11408
bottom_error_09_EUW1_7760148189_200,bottom_error,9,EUW1_7760148189,200,3.8679833333333336,CHAMPION_KILL,"Nidalee(JUNGLE,T200,pid7)","RekSai(JUNGLE,T100,pid2)","LeeSin(TOP,T200,pid6); Galio(MIDDLE,T200,pid8)",ally_jungle,enemy_jungle,ally_top; ally_middle,,,,False,False,False,False,False,False,5201,10755
bottom_error_09_EUW1_7760148189_200,bottom_error,9,EUW1_7760148189,200,3.9799333333333333,CHAMPION_KILL,"Bard(UTILITY,T100,pid5)","Nidalee(JUNGLE,T200,pid7)","Irelia(TOP,T100,pid1)",enemy_utility,ally_jungle,enemy_top,,,,False,False,False,False,False,False,5016,10728
bottom_error_09_EUW1_7760148189_200,bottom_error,9,EUW1_7760148189,200,4.056216666666667,CHAMPION_KILL,"Irelia(TOP,T100,pid1)","LeeSin(TOP,T200,pid6)","RekSai(JUNGLE,T100,pid2); Gwen(MIDDLE,T100,pid3); Bard(UTILITY,T100,pid5)",enemy_top,ally_top,enemy_jungle; enemy_middle; enemy_utility,,,,False,False,False,False,False,False,4816,10002
bottom_error_09_EUW1_7760148189_200,bottom_error,9,EUW1_7760148189,200,4.218916666666667,CHAMPION_KILL,"Galio(MIDDLE,T200,pid8)","Irelia(TOP,T100,pid1)","LeeSin(TOP,T200,pid6); Nidalee(JUNGLE,T200,pid7)",ally_middle,enemy_top,ally_top; ally_jungle,,,,False,False,False,False,False,False,2784,11183
bottom_error_09_EUW1_7760148189_200,bottom_error,9,EUW1_7760148189,200,4.2551,CHAMPION_KILL,"Jinx(BOTTOM,T100,pid4)","Nautilus(UTILITY,T200,pid10)",,enemy_bottom,ally_support,,,,,True,False,True,False,False,False,9502,966
bottom_error_09_EUW1_7760148189_200,bottom_error,9,EUW1_7760148189,200,4.269566666666667,CHAMPION_KILL,"Kaisa(BOTTOM,T200,pid9)","Jinx(BOTTOM,T100,pid4)","Nautilus(UTILITY,T200,pid10)",ally_adc,enemy_bottom,ally_support,,,,True,True,False,False,True,False,10485,1339
bottom_error_09_EUW1_7760148189_200,bottom_error,9,EUW1_7760148189,200,4.3515,TURRET_PLATE_DESTROYED,,,,,,,,,BOT_LANE,False,False,False,False,False,False,10504,1029
bottom_error_09_EUW1_7760148189_200,bottom_error,9,EUW1_7760148189,200,4.667916666666667,TURRET_PLATE_DESTROYED,,,,,,,,,MID_LANE,False,False,False,False,False,False,8955,8510
bottom_error_09_EUW1_7760148189_200,bottom_error,9,EUW1_7760148189,200,5.71595,CHAMPION_KILL,"Nidalee(JUNGLE,T200,pid7)","Gwen(MIDDLE,T100,pid3)","Galio(MIDDLE,T200,pid8)",ally_jungle,enemy_middle,ally_middle,,,,False,False,False,False,False,False,9195,7938
bottom_error_09_EUW1_7760148189_200,bottom_error,9,EUW1_7760148189,200,6.0064166666666665,ELITE_MONSTER_KILL,"RekSai(JUNGLE,T100,pid2)",,"Bard(UTILITY,T100,pid5)",enemy_jungle,,enemy_utility,DRAGON,,,False,False,False,False,False,False,9855,4459
bottom_error_09_EUW1_7760148189_200,bottom_error,9,EUW1_7760148189,200,6.470416666666667,CHAMPION_KILL,"Irelia(TOP,T100,pid1)","LeeSin(TOP,T200,pid6)",,enemy_top,ally_top,,,,,False,False,False,False,False,False,1108,11863
bottom_error_09_EUW1_7760148189_200,bottom_error,9,EUW1_7760148189,200,6.764433333333334,TURRET_PLATE_DESTROYED,"Irelia(TOP,T100,pid1)",,,enemy_top,,,,,TOP_LANE,False,False,False,False,False,False,4318,13875
bottom_error_09_EUW1_7760148189_200,bottom_error,9,EUW1_7760148189,200,6.898183333333333,CHAMPION_KILL,"Nidalee(JUNGLE,T200,pid7)","Gwen(MIDDLE,T100,pid3)","Galio(MIDDLE,T200,pid8)",ally_jungle,enemy_middle,ally_middle,,,,False,False,False,False,False,False,8697,5653
bottom_error_09_EUW1_7760148189_200,bottom_error,9,EUW1_7760148189,200,6.983366666666667,TURRET_PLATE_DESTROYED,,,,,,,,,TOP_LANE,False,False,False,False,False,False,4318,13875
bottom_error_09_EUW1_7760148189_200,bottom_error,9,EUW1_7760148189,200,7.102816666666667,TURRET_PLATE_DESTROYED,"Galio(MIDDLE,T200,pid8)",,,ally_middle,,,,,MID_LANE,False,False,False,False,False,False,5846,6396
bottom_error_09_EUW1_7760148189_200,bottom_error,9,EUW1_7760148189,200,7.876016666666667,TURRET_PLATE_DESTROYED,"Bard(UTILITY,T100,pid5)",,,enemy_utility,,,,,BOT_LANE,False,False,False,False,False,False,13866,4505
bottom_error_09_EUW1_7760148189_200,bottom_error,9,EUW1_7760148189,200,8.044833333333333,CHAMPION_KILL,"Kaisa(BOTTOM,T200,pid9)","Bard(UTILITY,T100,pid5)","Nautilus(UTILITY,T200,pid10)",ally_adc,enemy_utility,ally_support,,,,True,True,False,False,True,False,13518,2836
bottom_error_09_EUW1_7760148189_200,bottom_error,9,EUW1_7760148189,200,8.15135,CHAMPION_KILL,"Kaisa(BOTTOM,T200,pid9)","Jinx(BOTTOM,T100,pid4)","Nautilus(UTILITY,T200,pid10)",ally_adc,enemy_bottom,ally_support,,,,True,True,False,False,True,False,11596,1148
bottom_error_09_EUW1_7760148189_200,bottom_error,9,EUW1_7760148189,200,8.182533333333334,TURRET_PLATE_DESTROYED,,,,,,,,,MID_LANE,False,False,False,False,False,False,8955,8510
bottom_error_09_EUW1_7760148189_200,bottom_error,9,EUW1_7760148189,200,8.331883333333334,CHAMPION_KILL,"Galio(MIDDLE,T200,pid8)","Gwen(MIDDLE,T100,pid3)","Nidalee(JUNGLE,T200,pid7)",ally_middle,enemy_middle,ally_jungle,,,,False,False,False,False,False,False,8108,4936
bottom_error_09_EUW1_7760148189_200,bottom_error,9,EUW1_7760148189,200,8.34525,ELITE_MONSTER_KILL,"RekSai(JUNGLE,T100,pid2)",,,enemy_jungle,,,HORDE,,,False,False,False,False,False,False,4810,9976
bottom_error_09_EUW1_7760148189_200,bottom_error,9,EUW1_7760148189,200,8.425616666666667,ELITE_MONSTER_KILL,"RekSai(JUNGLE,T100,pid2)",,,enemy_jungle,,,HORDE,,,False,False,False,False,False,False,4945,10132
bottom_error_09_EUW1_7760148189_200,bottom_error,9,EUW1_7760148189,200,8.602733333333333,ELITE_MONSTER_KILL,"RekSai(JUNGLE,T100,pid2)",,,enemy_jungle,,,HORDE,,,False,False,False,False,False,False,4787,10214
bottom_error_09_EUW1_7760148189_200,bottom_error,9,EUW1_7760148189,200,8.617216666666666,TURRET_PLATE_DESTROYED,"Kaisa(BOTTOM,T200,pid9)",,,ally_adc,,,,,BOT_LANE,False,True,False,False,False,False,10504,1029
bottom_error_09_EUW1_7760148189_200,bottom_error,9,EUW1_7760148189,200,8.673433333333334,TURRET_PLATE_DESTROYED,"Galio(MIDDLE,T200,pid8)",,,ally_middle,,,,,MID_LANE,False,False,False,False,False,False,5846,6396
bottom_error_09_EUW1_7760148189_200,bottom_error,9,EUW1_7760148189,200,9.080933333333334,CHAMPION_KILL,"Galio(MIDDLE,T200,pid8)","RekSai(JUNGLE,T100,pid2)","Nidalee(JUNGLE,T200,pid7)",ally_middle,enemy_jungle,ally_jungle,,,,False,False,False,False,False,False,8986,6832
bottom_error_09_EUW1_7760148189_200,bottom_error,9,EUW1_7760148189,200,9.51115,CHAMPION_KILL,"Kaisa(BOTTOM,T200,pid9)","Jinx(BOTTOM,T100,pid4)","Nidalee(JUNGLE,T200,pid7); Nautilus(UTILITY,T200,pid10)",ally_adc,enemy_bottom,ally_jungle; ally_support,,,,True,True,False,False,True,False,13725,3381
bottom_error_09_EUW1_7760148189_200,bottom_error,9,EUW1_7760148189,200,10.204383333333332,CHAMPION_KILL,"Nidalee(JUNGLE,T200,pid7)","RekSai(JUNGLE,T100,pid2)","Galio(MIDDLE,T200,pid8); Nautilus(UTILITY,T200,pid10)",ally_jungle,enemy_jungle,ally_middle; ally_support,,,,True,False,False,False,True,False,8116,9980
bottom_error_09_EUW1_7760148189_200,bottom_error,9,EUW1_7760148189,200,10.677216666666666,CHAMPION_KILL,"Nautilus(UTILITY,T200,pid10)","Jinx(BOTTOM,T100,pid4)","Kaisa(BOTTOM,T200,pid9)",ally_support,enemy_bottom,ally_adc,,,,True,True,False,False,False,True,12857,3962
bottom_error_09_EUW1_7760148189_200,bottom_error,9,EUW1_7760148189,200,11.185383333333334,TURRET_PLATE_DESTROYED,,,,,,,,,BOT_LANE,False,False,False,False,False,False,10504,1029
bottom_error_09_EUW1_7760148189_200,bottom_error,9,EUW1_7760148189,200,11.5639,TURRET_PLATE_DESTROYED,"Kaisa(BOTTOM,T200,pid9)",,,ally_adc,,,,,BOT_LANE,False,True,False,False,False,False,10504,1029
bottom_error_09_EUW1_7760148189_200,bottom_error,9,EUW1_7760148189,200,11.659316666666667,TURRET_PLATE_DESTROYED,"Irelia(TOP,T100,pid1)",,,enemy_top,,,,,TOP_LANE,False,False,False,False,False,False,4318,13875
bottom_error_09_EUW1_7760148189_200,bottom_error,9,EUW1_7760148189,200,11.805466666666666,CHAMPION_KILL,"RekSai(JUNGLE,T100,pid2)","LeeSin(TOP,T200,pid6)","Irelia(TOP,T100,pid1); Bard(UTILITY,T100,pid5)",enemy_jungle,ally_top,enemy_top; enemy_utility,,,,False,False,False,False,False,False,4328,14047
bottom_error_09_EUW1_7760148189_200,bottom_error,9,EUW1_7760148189,200,11.818266666666666,ELITE_MONSTER_KILL,"Nidalee(JUNGLE,T200,pid7)",,"Kaisa(BOTTOM,T200,pid9)",ally_jungle,,ally_adc,DRAGON,,,False,True,False,False,False,True,9837,4397
bottom_error_09_EUW1_7760148189_200,bottom_error,9,EUW1_7760148189,200,11.888966666666667,TURRET_PLATE_DESTROYED,"Irelia(TOP,T100,pid1)",,,enemy_top,,,,,TOP_LANE,False,False,False,False,False,False,4318,13875
bottom_error_10_EUW1_7747844563_200,bottom_error,10,EUW1_7747844563,200,1.8389166666666668,CHAMPION_KILL,"Diana(MIDDLE,T200,pid8)","Evelynn(JUNGLE,T100,pid2)","Talon(JUNGLE,T200,pid7)",ally_middle,enemy_jungle,ally_jungle,,,,False,False,False,False,False,False,2894,7691
bottom_error_10_EUW1_7747844563_200,bottom_error,10,EUW1_7747844563,200,1.9647166666666667,CHAMPION_KILL,"Talon(JUNGLE,T200,pid7)","Zaahen(MIDDLE,T100,pid3)","Diana(MIDDLE,T200,pid8)",ally_jungle,enemy_middle,ally_middle,,,,False,False,False,False,False,False,3936,7798
bottom_error_10_EUW1_7747844563_200,bottom_error,10,EUW1_7747844563,200,3.3968,CHAMPION_KILL,"Fiora(TOP,T200,pid6)","Sion(TOP,T100,pid1)",,ally_top,enemy_top,,,,,False,False,False,False,False,False,1744,10820
bottom_error_10_EUW1_7747844563_200,bottom_error,10,EUW1_7747844563,200,3.5776833333333333,CHAMPION_KILL,"MissFortune(BOTTOM,T200,pid9)","Evelynn(JUNGLE,T100,pid2)","Leona(UTILITY,T200,pid10)",ally_adc,enemy_jungle,ally_support,,,,True,True,False,False,True,False,12608,1560
bottom_error_10_EUW1_7747844563_200,bottom_error,10,EUW1_7747844563,200,3.62055,CHAMPION_KILL,"MissFortune(BOTTOM,T200,pid9)","Janna(UTILITY,T100,pid5)","Talon(JUNGLE,T200,pid7); Leona(UTILITY,T200,pid10)",ally_adc,enemy_utility,ally_jungle; ally_support,,,,True,True,False,False,True,False,11460,1062
bottom_error_10_EUW1_7747844563_200,bottom_error,10,EUW1_7747844563,200,4.582416666666667,CHAMPION_KILL,"Diana(MIDDLE,T200,pid8)","Evelynn(JUNGLE,T100,pid2)",,ally_middle,enemy_jungle,,,,,False,False,False,False,False,False,5131,7654
bottom_error_10_EUW1_7747844563_200,bottom_error,10,EUW1_7747844563,200,5.1375,TURRET_PLATE_DESTROYED,,,,,,,,,BOT_LANE,False,False,False,False,False,False,10504,1029
bottom_error_10_EUW1_7747844563_200,bottom_error,10,EUW1_7747844563,200,5.569,CHAMPION_KILL,"Talon(JUNGLE,T200,pid7)","Zaahen(MIDDLE,T100,pid3)","Diana(MIDDLE,T200,pid8)",ally_jungle,enemy_middle,ally_middle,,,,False,False,False,False,False,False,5812,5771
bottom_error_10_EUW1_7747844563_200,bottom_error,10,EUW1_7747844563,200,5.607966666666667,TURRET_PLATE_DESTROYED,"Diana(MIDDLE,T200,pid8)",,,ally_middle,,,,,MID_LANE,False,False,False,False,False,False,5846,6396
bottom_error_10_EUW1_7747844563_200,bottom_error,10,EUW1_7747844563,200,6.64825,ELITE_MONSTER_KILL,"Talon(JUNGLE,T200,pid7)",,,ally_jungle,,,DRAGON,,,False,False,False,False,False,False,9837,4397
bottom_error_10_EUW1_7747844563_200,bottom_error,10,EUW1_7747844563,200,6.997816666666667,CHAMPION_KILL,"Diana(MIDDLE,T200,pid8)","Zaahen(MIDDLE,T100,pid3)",,ally_middle,enemy_middle,,,,,False,False,False,False,False,False,6218,6622
bottom_error_10_EUW1_7747844563_200,bottom_error,10,EUW1_7747844563,200,7.172383333333333,TURRET_PLATE_DESTROYED,,,,,,,,,MID_LANE,False,False,False,False,False,False,5846,6396
bottom_error_10_EUW1_7747844563_200,bottom_error,10,EUW1_7747844563,200,7.736266666666666,CHAMPION_KILL,"Senna(BOTTOM,T100,pid4)","MissFortune(BOTTOM,T200,pid9)","Janna(UTILITY,T100,pid5)",enemy_bottom,ally_adc,enemy_utility,,,,False,True,False,True,False,False,13366,3584
bottom_error_10_EUW1_7747844563_200,bottom_error,10,EUW1_7747844563,200,7.761866666666666,TURRET_PLATE_DESTROYED,"Fiora(TOP,T200,pid6)",,,ally_top,,,,,TOP_LANE,False,False,False,False,False,False,981,10441
bottom_error_10_EUW1_7747844563_200,bottom_error,10,EUW1_7747844563,200,8.259183333333333,ELITE_MONSTER_KILL,"Talon(JUNGLE,T200,pid7)",,,ally_jungle,,,HORDE,,,False,False,False,False,False,False,4790,10182
bottom_error_10_EUW1_7747844563_200,bottom_error,10,EUW1_7747844563,200,8.4017,ELITE_MONSTER_KILL,"Talon(JUNGLE,T200,pid7)",,,ally_jungle,,,HORDE,,,False,False,False,False,False,False,5095,10302
bottom_error_10_EUW1_7747844563_200,bottom_error,10,EUW1_7747844563,200,8.470166666666668,ELITE_MONSTER_KILL,"Talon(JUNGLE,T200,pid7)",,,ally_jungle,,,HORDE,,,False,False,False,False,False,False,4775,10523
bottom_error_10_EUW1_7747844563_200,bottom_error,10,EUW1_7747844563,200,8.525833333333333,CHAMPION_KILL,"Diana(MIDDLE,T200,pid8)","Zaahen(MIDDLE,T100,pid3)",,ally_middle,enemy_middle,,,,,False,False,False,False,False,False,8180,7410
bottom_error_10_EUW1_7747844563_200,bottom_error,10,EUW1_7747844563,200,8.563116666666666,CHAMPION_KILL,"MissFortune(BOTTOM,T200,pid9)","Janna(UTILITY,T100,pid5)","Leona(UTILITY,T200,pid10)",ally_adc,enemy_utility,ally_support,,,,True,True,False,False,True,False,10763,1585
bottom_error_10_EUW1_7747844563_200,bottom_error,10,EUW1_7747844563,200,8.57425,CHAMPION_KILL,"Evelynn(JUNGLE,T100,pid2)","Diana(MIDDLE,T200,pid8)","Zaahen(MIDDLE,T100,pid3)",enemy_jungle,ally_middle,enemy_middle,,,,False,False,False,False,False,False,8568,8185
bottom_error_10_EUW1_7747844563_200,bottom_error,10,EUW1_7747844563,200,8.677233333333334,TURRET_PLATE_DESTROYED,"Sion(TOP,T100,pid1)",,,enemy_top,,,,,TOP_LANE,False,False,False,False,False,False,4318,13875
bottom_error_10_EUW1_7747844563_200,bottom_error,10,EUW1_7747844563,200,8.795266666666667,TURRET_PLATE_DESTROYED,"MissFortune(BOTTOM,T200,pid9)",,,ally_adc,,,,,BOT_LANE,False,True,False,False,False,False,10504,1029
bottom_error_10_EUW1_7747844563_200,bottom_error,10,EUW1_7747844563,200,9.0289,TURRET_PLATE_DESTROYED,,,,,,,,,BOT_LANE,False,False,False,False,False,False,10504,1029
bottom_error_10_EUW1_7747844563_200,bottom_error,10,EUW1_7747844563,200,9.07455,CHAMPION_KILL,"MissFortune(BOTTOM,T200,pid9)","Senna(BOTTOM,T100,pid4)","Leona(UTILITY,T200,pid10)",ally_adc,enemy_bottom,ally_support,,,,True,True,False,False,True,False,11176,944
bottom_error_10_EUW1_7747844563_200,bottom_error,10,EUW1_7747844563,200,9.114616666666667,CHAMPION_KILL,"Senna(BOTTOM,T100,pid4)","Leona(UTILITY,T200,pid10)",,enemy_bottom,ally_support,,,,,True,False,True,False,False,False,11915,1181
bottom_error_10_EUW1_7747844563_200,bottom_error,10,EUW1_7747844563,200,9.17195,TURRET_PLATE_DESTROYED,"Fiora(TOP,T200,pid6)",,,ally_top,,,,,TOP_LANE,False,False,False,False,False,False,981,10441
bottom_error_10_EUW1_7747844563_200,bottom_error,10,EUW1_7747844563,200,9.32725,CHAMPION_KILL,"Talon(JUNGLE,T200,pid7)","Evelynn(JUNGLE,T100,pid2)",,ally_jungle,enemy_jungle,,,,,False,False,False,False,False,False,7930,3381
bottom_error_10_EUW1_7747844563_200,bottom_error,10,EUW1_7747844563,200,9.386816666666666,CHAMPION_KILL,"Janna(UTILITY,T100,pid5)","Talon(JUNGLE,T200,pid7)","Evelynn(JUNGLE,T100,pid2)",enemy_utility,ally_jungle,enemy_jungle,,,,False,False,False,False,False,False,9363,3348
bottom_error_10_EUW1_7747844563_200,bottom_error,10,EUW1_7747844563,200,9.46975,TURRET_PLATE_DESTROYED,"MissFortune(BOTTOM,T200,pid9)",,,ally_adc,,,,,BOT_LANE,False,True,False,False,False,False,10504,1029
bottom_error_10_EUW1_7747844563_200,bottom_error,10,EUW1_7747844563,200,9.909633333333334,CHAMPION_KILL,"Senna(BOTTOM,T100,pid4)","MissFortune(BOTTOM,T200,pid9)","Janna(UTILITY,T100,pid5)",enemy_bottom,ally_adc,enemy_utility,,,,False,True,False,True,False,False,14080,4603
bottom_error_10_EUW1_7747844563_200,bottom_error,10,EUW1_7747844563,200,9.924116666666666,CHAMPION_KILL,"Fiora(TOP,T200,pid6)","Evelynn(JUNGLE,T100,pid2)",,ally_top,enemy_jungle,,,,,False,False,False,False,False,False,1427,4355
bottom_error_10_EUW1_7747844563_200,bottom_error,10,EUW1_7747844563,200,10.10725,TURRET_PLATE_DESTROYED,"Diana(MIDDLE,T200,pid8)",,,ally_middle,,,,,MID_LANE,False,False,False,False,False,False,5846,6396
bottom_error_10_EUW1_7747844563_200,bottom_error,10,EUW1_7747844563,200,10.1696,CHAMPION_KILL,"Zaahen(MIDDLE,T100,pid3)","Fiora(TOP,T200,pid6)",,enemy_middle,ally_top,,,,,False,False,False,False,False,False,1178,5462
bottom_error_10_EUW1_7747844563_200,bottom_error,10,EUW1_7747844563,200,10.5272,TURRET_PLATE_DESTROYED,"Diana(MIDDLE,T200,pid8)",,,ally_middle,,,,,MID_LANE,False,False,False,False,False,False,5846,6396
bottom_error_10_EUW1_7747844563_200,bottom_error,10,EUW1_7747844563,200,10.70755,TURRET_PLATE_DESTROYED,,,,,,,,,TOP_LANE,False,False,False,False,False,False,4318,13875
bottom_error_10_EUW1_7747844563_200,bottom_error,10,EUW1_7747844563,200,11.25075,TURRET_PLATE_DESTROYED,,,,,,,,,BOT_LANE,False,False,False,False,False,False,10504,1029
bottom_error_10_EUW1_7747844563_200,bottom_error,10,EUW1_7747844563,200,11.25075,BUILDING_KILL,"Leona(UTILITY,T200,pid10)",,"MissFortune(BOTTOM,T200,pid9)",ally_support,,ally_adc,,TOWER_BUILDING,BOT_LANE,True,True,False,False,False,True,10504,1029
bottom_error_10_EUW1_7747844563_200,bottom_error,10,EUW1_7747844563,200,11.302016666666667,TURRET_PLATE_DESTROYED,"Fiora(TOP,T200,pid6)",,,ally_top,,,,,TOP_LANE,False,False,False,False,False,False,981,10441
bottom_error_10_EUW1_7747844563_200,bottom_error,10,EUW1_7747844563,200,11.510233333333334,TURRET_PLATE_DESTROYED,,,,,,,,,BOT_LANE,False,False,False,False,False,False,6919,1483
bottom_error_10_EUW1_7747844563_200,bottom_error,10,EUW1_7747844563,200,11.8107,CHAMPION_KILL,"Zaahen(MIDDLE,T100,pid3)","Diana(MIDDLE,T200,pid8)","Evelynn(JUNGLE,T100,pid2)",enemy_middle,ally_middle,enemy_jungle,,,,False,False,False,False,False,False,7062,6900
bottom_error_11_EUW1_7728913380_200,bottom_error,11,EUW1_7728913380,200,2.8466666666666667,CHAMPION_KILL,"Volibear(TOP,T200,pid6)","Riven(TOP,T100,pid1)",,ally_top,enemy_top,,,,,False,False,False,False,False,False,3253,12073
bottom_error_11_EUW1_7728913380_200,bottom_error,11,EUW1_7728913380,200,3.36425,CHAMPION_KILL,"Veigar(BOTTOM,T100,pid4)","Alistar(UTILITY,T200,pid10)","Zaahen(JUNGLE,T100,pid2); Karma(UTILITY,T100,pid5)",enemy_bottom,ally_support,enemy_jungle; enemy_utility,,,,True,False,True,False,False,False,13209,4586
bottom_error_11_EUW1_7728913380_200,bottom_error,11,EUW1_7728913380,200,4.350966666666666,CHAMPION_KILL,"Karma(UTILITY,T100,pid5)","Ekko(BOTTOM,T200,pid9)","Veigar(BOTTOM,T100,pid4)",enemy_utility,ally_adc,enemy_bottom,,,,False,True,False,True,False,False,10251,1006
bottom_error_11_EUW1_7728913380_200,bottom_error,11,EUW1_7728913380,200,4.399383333333334,CHAMPION_KILL,"Jayce(JUNGLE,T200,pid7)","Veigar(BOTTOM,T100,pid4)","Ekko(BOTTOM,T200,pid9)",ally_jungle,enemy_bottom,ally_adc,,,,False,True,False,False,False,True,10086,835
bottom_error_11_EUW1_7728913380_200,bottom_error,11,EUW1_7728913380,200,4.61375,CHAMPION_KILL,,"Alistar(UTILITY,T200,pid10)",,,ally_support,,,,,True,False,True,False,False,False,11413,1075
bottom_error_11_EUW1_7728913380_200,bottom_error,11,EUW1_7728913380,200,4.624333333333333,CHAMPION_KILL,"Jayce(JUNGLE,T200,pid7)","Karma(UTILITY,T100,pid5)","Alistar(UTILITY,T200,pid10)",ally_jungle,enemy_utility,ally_support,,,,True,False,False,False,True,False,10635,862
bottom_error_11_EUW1_7728913380_200,bottom_error,11,EUW1_7728913380,200,4.66775,CHAMPION_KILL,"Karma(UTILITY,T100,pid5)","Jayce(JUNGLE,T200,pid7)",,enemy_utility,ally_jungle,,,,,False,False,False,False,False,False,11710,1245
bottom_error_11_EUW1_7728913380_200,bottom_error,11,EUW1_7728913380,200,5.75555,TURRET_PLATE_DESTROYED,,,,,,,,,BOT_LANE,False,False,False,False,False,False,13866,4505
bottom_error_11_EUW1_7728913380_200,bottom_error,11,EUW1_7728913380,200,6.609966666666667,CHAMPION_KILL,"Ekko(BOTTOM,T200,pid9)","Karma(UTILITY,T100,pid5)","Alistar(UTILITY,T200,pid10)",ally_adc,enemy_utility,ally_support,,,,True,True,False,False,True,False,13045,1210
bottom_error_11_EUW1_7728913380_200,bottom_error,11,EUW1_7728913380,200,7.158333333333333,TURRET_PLATE_DESTROYED,"Volibear(TOP,T200,pid6)",,,ally_top,,,,,TOP_LANE,False,False,False,False,False,False,981,10441
bottom_error_11_EUW1_7728913380_200,bottom_error,11,EUW1_7728913380,200,8.153883333333333,TURRET_PLATE_DESTROYED,"Ekko(BOTTOM,T200,pid9)",,,ally_adc,,,,,BOT_LANE,False,True,False,False,False,False,10504,1029
bottom_error_11_EUW1_7728913380_200,bottom_error,11,EUW1_7728913380,200,8.421233333333333,TURRET_PLATE_DESTROYED,,,,,,,,,BOT_LANE,False,False,False,False,False,False,10504,1029
bottom_error_11_EUW1_7728913380_200,bottom_error,11,EUW1_7728913380,200,8.55985,CHAMPION_KILL,"Alistar(UTILITY,T200,pid10)","Irelia(MIDDLE,T100,pid3)","Vladimir(MIDDLE,T200,pid8)",ally_support,enemy_middle,ally_middle,,,,True,False,False,False,False,False,6791,7272
bottom_error_11_EUW1_7728913380_200,bottom_error,11,EUW1_7728913380,200,8.599366666666667,ELITE_MONSTER_KILL,"Volibear(TOP,T200,pid6)",,"Jayce(JUNGLE,T200,pid7)",ally_top,,ally_jungle,HORDE,,,False,False,False,False,False,False,4790,10182
bottom_error_11_EUW1_7728913380_200,bottom_error,11,EUW1_7728913380,200,8.73575,ELITE_MONSTER_KILL,"Jayce(JUNGLE,T200,pid7)",,"Volibear(TOP,T200,pid6)",ally_jungle,,ally_top,HORDE,,,False,False,False,False,False,False,5001,10157
bottom_error_11_EUW1_7728913380_200,bottom_error,11,EUW1_7728913380,200,8.802583333333333,ELITE_MONSTER_KILL,"Jayce(JUNGLE,T200,pid7)",,"Volibear(TOP,T200,pid6)",ally_jungle,,ally_top,HORDE,,,False,False,False,False,False,False,4755,10538
bottom_error_11_EUW1_7728913380_200,bottom_error,11,EUW1_7728913380,200,9.08075,CHAMPION_KILL,"Zaahen(JUNGLE,T100,pid2)","Alistar(UTILITY,T200,pid10)",,enemy_jungle,ally_support,,,,,True,False,True,False,False,False,11171,6811
bottom_error_11_EUW1_7728913380_200,bottom_error,11,EUW1_7728913380,200,9.2306,TURRET_PLATE_DESTROYED,"Volibear(TOP,T200,pid6)",,,ally_top,,,,,TOP_LANE,False,False,False,False,False,False,981,10441
bottom_error_11_EUW1_7728913380_200,bottom_error,11,EUW1_7728913380,200,9.265683333333333,TURRET_PLATE_DESTROYED,,,,,,,,,BOT_LANE,False,False,False,False,False,False,13866,4505
bottom_error_11_EUW1_7728913380_200,bottom_error,11,EUW1_7728913380,200,9.426833333333333,CHAMPION_KILL,"Jayce(JUNGLE,T200,pid7)","Zaahen(JUNGLE,T100,pid2)","Ekko(BOTTOM,T200,pid9)",ally_jungle,enemy_jungle,ally_adc,,,,False,True,False,False,False,True,10144,4598
bottom_error_11_EUW1_7728913380_200,bottom_error,11,EUW1_7728913380,200,9.873933333333333,TURRET_PLATE_DESTROYED,,,,,,,,,BOT_LANE,False,False,False,False,False,False,13866,4505
bottom_error_11_EUW1_7728913380_200,bottom_error,11,EUW1_7728913380,200,10.2205,ELITE_MONSTER_KILL,"Jayce(JUNGLE,T200,pid7)",,,ally_jungle,,,DRAGON,,,False,False,False,False,False,False,10329,4735
bottom_error_11_EUW1_7728913380_200,bottom_error,11,EUW1_7728913380,200,11.157866666666667,TURRET_PLATE_DESTROYED,"Vladimir(MIDDLE,T200,pid8)",,,ally_middle,,,,,MID_LANE,False,False,False,False,False,False,5846,6396
bottom_error_11_EUW1_7728913380_200,bottom_error,11,EUW1_7728913380,200,11.612316666666667,TURRET_PLATE_DESTROYED,"Vladimir(MIDDLE,T200,pid8)",,,ally_middle,,,,,MID_LANE,False,False,False,False,False,False,5846,6396
bottom_error_11_EUW1_7728913380_200,bottom_error,11,EUW1_7728913380,200,11.621233333333333,TURRET_PLATE_DESTROYED,"Jayce(JUNGLE,T200,pid7)",,,ally_jungle,,,,,TOP_LANE,False,False,False,False,False,False,981,10441
bottom_error_11_EUW1_7728913380_200,bottom_error,11,EUW1_7728913380,200,11.7523,TURRET_PLATE_DESTROYED,"Volibear(TOP,T200,pid6)",,,ally_top,,,,,TOP_LANE,False,False,False,False,False,False,981,10441
bottom_error_11_EUW1_7728913380_200,bottom_error,11,EUW1_7728913380,200,11.95715,TURRET_PLATE_DESTROYED,"Jayce(JUNGLE,T200,pid7)",,,ally_jungle,,,,,TOP_LANE,False,False,False,False,False,False,981,10441
bottom_error_11_EUW1_7728913380_200,bottom_error,11,EUW1_7728913380,200,11.95715,BUILDING_KILL,"Jayce(JUNGLE,T200,pid7)",,"Volibear(TOP,T200,pid6)",ally_jungle,,ally_top,,TOWER_BUILDING,TOP_LANE,False,False,False,False,False,False,981,10441
bottom_error_12_EUW1_7758367754_100,bottom_error,12,EUW1_7758367754,100,2.47335,CHAMPION_KILL,"Elise(UTILITY,T100,pid5)","Galio(MIDDLE,T200,pid8)",,ally_support,enemy_middle,,,,,True,False,False,False,False,False,8757,8739
bottom_error_12_EUW1_7758367754_100,bottom_error,12,EUW1_7758367754,100,2.5312833333333336,CHAMPION_KILL,"Galio(MIDDLE,T200,pid8)","Elise(UTILITY,T100,pid5)",,enemy_middle,ally_support,,,,,True,False,True,False,False,False,8054,8504
bottom_error_12_EUW1_7758367754_100,bottom_error,12,EUW1_7758367754,100,3.3539333333333334,CHAMPION_KILL,"Yasuo(TOP,T100,pid1)","Aatrox(TOP,T200,pid6)","Elise(UTILITY,T100,pid5)",ally_top,enemy_top,ally_support,,,,True,False,False,False,True,False,2051,12226
bottom_error_12_EUW1_7758367754_100,bottom_error,12,EUW1_7758367754,100,3.7432666666666665,CHAMPION_KILL,"Ornn(MIDDLE,T100,pid3)","Galio(MIDDLE,T200,pid8)","Elise(UTILITY,T100,pid5)",ally_middle,enemy_middle,ally_support,,,,True,False,False,False,True,False,8883,7964
bottom_error_12_EUW1_7758367754_100,bottom_error,12,EUW1_7758367754,100,4.0616,TURRET_PLATE_DESTROYED,"Ornn(MIDDLE,T100,pid3)",,,ally_middle,,,,,MID_LANE,False,False,False,False,False,False,8955,8510
bottom_error_12_EUW1_7758367754_100,bottom_error,12,EUW1_7758367754,100,4.20745,CHAMPION_KILL,"Yasuo(TOP,T100,pid1)","Aatrox(TOP,T200,pid6)","Vi(JUNGLE,T100,pid2)",ally_top,enemy_top,ally_jungle,,,,False,False,False,False,False,False,1649,12046
bottom_error_12_EUW1_7758367754_100,bottom_error,12,EUW1_7758367754,100,4.3495333333333335,CHAMPION_KILL,"Shaco(JUNGLE,T200,pid7)","Vi(JUNGLE,T100,pid2)","Aatrox(TOP,T200,pid6)",enemy_jungle,ally_jungle,enemy_top,,,,False,False,False,False,False,False,1958,11426
bottom_error_12_EUW1_7758367754_100,bottom_error,12,EUW1_7758367754,100,4.397966666666667,CHAMPION_KILL,"Elise(UTILITY,T100,pid5)","Braum(UTILITY,T200,pid10)","Jhin(BOTTOM,T100,pid4)",ally_support,enemy_utility,ally_adc,,,,True,True,False,False,False,True,12970,2697
bottom_error_12_EUW1_7758367754_100,bottom_error,12,EUW1_7758367754,100,6.75135,TURRET_PLATE_DESTROYED,"Elise(UTILITY,T100,pid5)",,,ally_support,,,,,BOT_LANE,True,False,False,False,False,False,13866,4505
bottom_error_12_EUW1_7758367754_100,bottom_error,12,EUW1_7758367754,100,7.239983333333333,CHAMPION_KILL,"Yasuo(TOP,T100,pid1)","Aatrox(TOP,T200,pid6)","Vi(JUNGLE,T100,pid2)",ally_top,enemy_top,ally_jungle,,,,False,False,False,False,False,False,2271,13052
bottom_error_12_EUW1_7758367754_100,bottom_error,12,EUW1_7758367754,100,7.2567,CHAMPION_KILL,"Yasuo(TOP,T100,pid1)","Shaco(JUNGLE,T200,pid7)","Vi(JUNGLE,T100,pid2)",ally_top,enemy_jungle,ally_jungle,,,,False,False,False,False,False,False,2510,12925
bottom_error_12_EUW1_7758367754_100,bottom_error,12,EUW1_7758367754,100,7.56685,TURRET_PLATE_DESTROYED,"Yasuo(TOP,T100,pid1)",,,ally_top,,,,,TOP_LANE,False,False,False,False,False,False,4318,13875
bottom_error_12_EUW1_7758367754_100,bottom_error,12,EUW1_7758367754,100,8.25035,ELITE_MONSTER_KILL,"Vi(JUNGLE,T100,pid2)",,,ally_jungle,,,DRAGON,,,False,False,False,False,False,False,9836,4398
bottom_error_12_EUW1_7758367754_100,bottom_error,12,EUW1_7758367754,100,8.630166666666666,TURRET_PLATE_DESTROYED,"Jhin(BOTTOM,T100,pid4)",,,ally_adc,,,,,BOT_LANE,False,True,False,False,False,False,13866,4505
bottom_error_12_EUW1_7758367754_100,bottom_error,12,EUW1_7758367754,100,8.7054,CHAMPION_KILL,"Vi(JUNGLE,T100,pid2)","Braum(UTILITY,T200,pid10)","Jhin(BOTTOM,T100,pid4); Elise(UTILITY,T100,pid5)",ally_jungle,enemy_utility,ally_adc; ally_support,,,,True,True,False,False,True,True,13766,4596
bottom_error_12_EUW1_7758367754_100,bottom_error,12,EUW1_7758367754,100,8.7466,CHAMPION_KILL,"Vi(JUNGLE,T100,pid2)","Smolder(BOTTOM,T200,pid9)","Jhin(BOTTOM,T100,pid4); Elise(UTILITY,T100,pid5)",ally_jungle,enemy_bottom,ally_adc; ally_support,,,,True,True,False,False,True,True,14058,4271
bottom_error_12_EUW1_7758367754_100,bottom_error,12,EUW1_7758367754,100,9.696966666666667,CHAMPION_KILL,"Yasuo(TOP,T100,pid1)","Aatrox(TOP,T200,pid6)","Vi(JUNGLE,T100,pid2); Elise(UTILITY,T100,pid5)",ally_top,enemy_top,ally_jungle; ally_support,,,,True,False,False,False,True,False,2429,12039
bottom_error_12_EUW1_7758367754_100,bottom_error,12,EUW1_7758367754,100,9.713666666666667,TURRET_PLATE_DESTROYED,,,,,,,,,MID_LANE,False,False,False,False,False,False,8955,8510
bottom_error_12_EUW1_7758367754_100,bottom_error,12,EUW1_7758367754,100,9.771016666666666,TURRET_PLATE_DESTROYED,,,,,,,,,TOP_LANE,False,False,False,False,False,False,4318,13875
bottom_error_12_EUW1_7758367754_100,bottom_error,12,EUW1_7758367754,100,9.9637,ELITE_MONSTER_KILL,"Yasuo(TOP,T100,pid1)",,"Vi(JUNGLE,T100,pid2)",ally_top,,ally_jungle,HORDE,,,False,False,False,False,False,False,4790,10182
bottom_error_12_EUW1_7758367754_100,bottom_error,12,EUW1_7758367754,100,10.070216666666667,ELITE_MONSTER_KILL,"Vi(JUNGLE,T100,pid2)",,"Yasuo(TOP,T100,pid1)",ally_jungle,,ally_top,HORDE,,,False,False,False,False,False,False,5170,10365
bottom_error_12_EUW1_7758367754_100,bottom_error,12,EUW1_7758367754,100,10.198966666666667,ELITE_MONSTER_KILL,"Vi(JUNGLE,T100,pid2)",,"Yasuo(TOP,T100,pid1)",ally_jungle,,ally_top,HORDE,,,False,False,False,False,False,False,4841,10638
bottom_error_12_EUW1_7758367754_100,bottom_error,12,EUW1_7758367754,100,10.8513,CHAMPION_KILL,"Ornn(MIDDLE,T100,pid3)","Braum(UTILITY,T200,pid10)","Jhin(BOTTOM,T100,pid4); Elise(UTILITY,T100,pid5)",ally_middle,enemy_utility,ally_adc; ally_support,,,,True,True,False,False,True,True,13261,3805
bottom_error_12_EUW1_7758367754_100,bottom_error,12,EUW1_7758367754,100,11.12335,CHAMPION_KILL,"Vi(JUNGLE,T100,pid2)","Galio(MIDDLE,T200,pid8)","Ornn(MIDDLE,T100,pid3); Jhin(BOTTOM,T100,pid4)",ally_jungle,enemy_middle,ally_middle; ally_adc,,,,False,True,False,False,False,True,13968,6364
bottom_error_12_EUW1_7758367754_100,bottom_error,12,EUW1_7758367754,100,11.20685,CHAMPION_KILL,"Jhin(BOTTOM,T100,pid4)","Smolder(BOTTOM,T200,pid9)","Vi(JUNGLE,T100,pid2); Elise(UTILITY,T100,pid5)",ally_adc,enemy_bottom,ally_jungle; ally_support,,,,True,True,False,False,True,False,14109,6302
bottom_error_12_EUW1_7758367754_100,bottom_error,12,EUW1_7758367754,100,11.219666666666667,CHAMPION_KILL,"Shaco(JUNGLE,T200,pid7)","Vi(JUNGLE,T100,pid2)","Galio(MIDDLE,T200,pid8); Smolder(BOTTOM,T200,pid9)",enemy_jungle,ally_jungle,enemy_middle; enemy_bottom,,,,False,False,False,False,False,False,13919,6272
bottom_error_12_EUW1_7758367754_100,bottom_error,12,EUW1_7758367754,100,11.32765,CHAMPION_KILL,"Yasuo(TOP,T100,pid1)","Aatrox(TOP,T200,pid6)",,ally_top,enemy_top,,,,,False,False,False,False,False,False,2941,10937
bottom_error_12_EUW1_7758367754_100,bottom_error,12,EUW1_7758367754,100,11.337683333333333,TURRET_PLATE_DESTROYED,"Elise(UTILITY,T100,pid5)",,,ally_support,,,,,BOT_LANE,True,False,False,False,False,False,13866,4505
bottom_error_12_EUW1_7758367754_100,bottom_error,12,EUW1_7758367754,100,11.66085,TURRET_PLATE_DESTROYED,"Yasuo(TOP,T100,pid1)",,,ally_top,,,,,TOP_LANE,False,False,False,False,False,False,4318,13875
bottom_error_12_EUW1_7758367754_100,bottom_error,12,EUW1_7758367754,100,11.776333333333334,TURRET_PLATE_DESTROYED,,,,,,,,,MID_LANE,False,False,False,False,False,False,8955,8510
bottom_error_12_EUW1_7758367754_100,bottom_error,12,EUW1_7758367754,100,11.84425,TURRET_PLATE_DESTROYED,"Yasuo(TOP,T100,pid1)",,,ally_top,,,,,TOP_LANE,False,False,False,False,False,False,4318,13875
bottom_error_13_EUW1_7808656114_100,bottom_error,13,EUW1_7808656114,100,1.02005,CHAMPION_KILL,"Bard(UTILITY,T100,pid5)","Yasuo(BOTTOM,T200,pid9)","Seraphine(BOTTOM,T100,pid4)",ally_support,enemy_bottom,ally_adc,,,,True,True,False,False,False,True,11747,3714
bottom_error_13_EUW1_7808656114_100,bottom_error,13,EUW1_7808656114,100,1.54895,CHAMPION_KILL,"Seraphine(BOTTOM,T100,pid4)","Janna(UTILITY,T200,pid10)","Bard(UTILITY,T100,pid5)",ally_adc,enemy_utility,ally_support,,,,True,True,False,False,True,False,14024,4505
bottom_error_13_EUW1_7808656114_100,bottom_error,13,EUW1_7808656114,100,3.3305333333333333,CHAMPION_KILL,"Aatrox(JUNGLE,T100,pid2)","MonkeyKing(JUNGLE,T200,pid7)","Bard(UTILITY,T100,pid5)",ally_jungle,enemy_jungle,ally_support,,,,True,False,False,False,True,False,11170,6072
bottom_error_13_EUW1_7808656114_100,bottom_error,13,EUW1_7808656114,100,3.4970166666666667,CHAMPION_KILL,"Akali(MIDDLE,T200,pid8)","Aatrox(JUNGLE,T100,pid2)","MonkeyKing(JUNGLE,T200,pid7); Yasuo(BOTTOM,T200,pid9)",enemy_middle,ally_jungle,enemy_jungle; enemy_bottom,,,,False,False,False,False,False,False,11713,5257
bottom_error_13_EUW1_7808656114_100,bottom_error,13,EUW1_7808656114,100,3.5823666666666667,CHAMPION_KILL,"Seraphine(BOTTOM,T100,pid4)","Janna(UTILITY,T200,pid10)",,ally_adc,enemy_utility,,,,,False,True,False,False,False,False,13400,4627
bottom_error_13_EUW1_7808656114_100,bottom_error,13,EUW1_7808656114,100,5.23945,CHAMPION_KILL,"Akali(MIDDLE,T200,pid8)","Aatrox(JUNGLE,T100,pid2)","MonkeyKing(JUNGLE,T200,pid7); Yasuo(BOTTOM,T200,pid9); Janna(UTILITY,T200,pid10)",enemy_middle,ally_jungle,enemy_jungle; enemy_bottom; enemy_utility,,,,False,False,False,False,False,False,9975,5493
bottom_error_13_EUW1_7808656114_100,bottom_error,13,EUW1_7808656114,100,5.361916666666667,TURRET_PLATE_DESTROYED,"Vladimir(TOP,T200,pid6)",,,enemy_top,,,,,TOP_LANE,False,False,False,False,False,False,981,10441
bottom_error_13_EUW1_7808656114_100,bottom_error,13,EUW1_7808656114,100,5.71615,TURRET_PLATE_DESTROYED,"Seraphine(BOTTOM,T100,pid4)",,,ally_adc,,,,,BOT_LANE,False,True,False,False,False,False,13866,4505
bottom_error_13_EUW1_7808656114_100,bottom_error,13,EUW1_7808656114,100,6.2247,CHAMPION_KILL,"Akali(MIDDLE,T200,pid8)","Aatrox(JUNGLE,T100,pid2)","MonkeyKing(JUNGLE,T200,pid7)",enemy_middle,ally_jungle,enemy_jungle,,,,False,False,False,False,False,False,5749,11332
bottom_error_13_EUW1_7808656114_100,bottom_error,13,EUW1_7808656114,100,6.230833333333333,TURRET_PLATE_DESTROYED,"Yone(MIDDLE,T100,pid3)",,,ally_middle,,,,,MID_LANE,False,False,False,False,False,False,8955,8510
bottom_error_13_EUW1_7808656114_100,bottom_error,13,EUW1_7808656114,100,7.1117333333333335,TURRET_PLATE_DESTROYED,,,,,,,,,MID_LANE,False,False,False,False,False,False,5846,6396
bottom_error_13_EUW1_7808656114_100,bottom_error,13,EUW1_7808656114,100,7.1729666666666665,CHAMPION_KILL,"Gangplank(TOP,T100,pid1)","Vladimir(TOP,T200,pid6)",,ally_top,enemy_top,,,,,False,False,False,False,False,False,3793,13280
bottom_error_13_EUW1_7808656114_100,bottom_error,13,EUW1_7808656114,100,7.2715,TURRET_PLATE_DESTROYED,,,,,,,,,TOP_LANE,False,False,False,False,False,False,4318,13875
bottom_error_13_EUW1_7808656114_100,bottom_error,13,EUW1_7808656114,100,8.112633333333333,CHAMPION_KILL,"Aatrox(JUNGLE,T100,pid2)","MonkeyKing(JUNGLE,T200,pid7)","Yone(MIDDLE,T100,pid3)",ally_jungle,enemy_jungle,ally_middle,,,,False,False,False,False,False,False,8780,4058
bottom_error_13_EUW1_7808656114_100,bottom_error,13,EUW1_7808656114,100,8.188916666666668,TURRET_PLATE_DESTROYED,,,,,,,,,BOT_LANE,False,False,False,False,False,False,10504,1029
bottom_error_13_EUW1_7808656114_100,bottom_error,13,EUW1_7808656114,100,9.386966666666666,CHAMPION_KILL,"MonkeyKing(JUNGLE,T200,pid7)","Bard(UTILITY,T100,pid5)","Akali(MIDDLE,T200,pid8); Janna(UTILITY,T200,pid10)",enemy_jungle,ally_support,enemy_middle; enemy_utility,,,,True,False,True,False,False,False,7760,5365
bottom_error_13_EUW1_7808656114_100,bottom_error,13,EUW1_7808656114,100,9.721983333333334,CHAMPION_KILL,"Aatrox(JUNGLE,T100,pid2)","Janna(UTILITY,T200,pid10)","Gangplank(TOP,T100,pid1); Yone(MIDDLE,T100,pid3)",ally_jungle,enemy_utility,ally_top; ally_middle,,,,False,False,False,False,False,False,8705,8530
bottom_error_13_EUW1_7808656114_100,bottom_error,13,EUW1_7808656114,100,9.895166666666666,CHAMPION_KILL,"Aatrox(JUNGLE,T100,pid2)","Akali(MIDDLE,T200,pid8)",,ally_jungle,enemy_middle,,,,,False,False,False,False,False,False,7764,6668
bottom_error_13_EUW1_7808656114_100,bottom_error,13,EUW1_7808656114,100,10.00205,CHAMPION_KILL,"Aatrox(JUNGLE,T100,pid2)","MonkeyKing(JUNGLE,T200,pid7)","Yone(MIDDLE,T100,pid3)",ally_jungle,enemy_jungle,ally_middle,,,,False,False,False,False,False,False,9309,9543
bottom_error_13_EUW1_7808656114_100,bottom_error,13,EUW1_7808656114,100,10.093933333333334,TURRET_PLATE_DESTROYED,"Yone(MIDDLE,T100,pid3)",,,ally_middle,,,,,MID_LANE,False,False,False,False,False,False,8955,8510
bottom_error_13_EUW1_7808656114_100,bottom_error,13,EUW1_7808656114,100,10.24775,CHAMPION_KILL,"Gangplank(TOP,T100,pid1)","Vladimir(TOP,T200,pid6)",,ally_top,enemy_top,,,,,False,False,False,False,False,False,1902,11306
bottom_error_13_EUW1_7808656114_100,bottom_error,13,EUW1_7808656114,100,10.687883333333334,ELITE_MONSTER_KILL,"Aatrox(JUNGLE,T100,pid2)",,,ally_jungle,,,HORDE,,,False,False,False,False,False,False,4643,10091
bottom_error_13_EUW1_7808656114_100,bottom_error,13,EUW1_7808656114,100,10.729633333333334,CHAMPION_KILL,"Yasuo(BOTTOM,T200,pid9)","Seraphine(BOTTOM,T100,pid4)","Janna(UTILITY,T200,pid10)",enemy_bottom,ally_adc,enemy_utility,,,,False,True,False,True,False,False,11629,2933
bottom_error_13_EUW1_7808656114_100,bottom_error,13,EUW1_7808656114,100,10.755233333333333,TURRET_PLATE_DESTROYED,,,,,,,,,TOP_LANE,False,False,False,False,False,False,4318,13875
bottom_error_13_EUW1_7808656114_100,bottom_error,13,EUW1_7808656114,100,10.792533333333333,ELITE_MONSTER_KILL,"Aatrox(JUNGLE,T100,pid2)",,,ally_jungle,,,HORDE,,,False,False,False,False,False,False,4709,9899
bottom_error_13_EUW1_7808656114_100,bottom_error,13,EUW1_7808656114,100,10.831666666666667,ELITE_MONSTER_KILL,"Aatrox(JUNGLE,T100,pid2)",,,ally_jungle,,,HORDE,,,False,False,False,False,False,False,4787,10099
bottom_error_13_EUW1_7808656114_100,bottom_error,13,EUW1_7808656114,100,11.39675,CHAMPION_KILL,"Akali(MIDDLE,T200,pid8)","Aatrox(JUNGLE,T100,pid2)",,enemy_middle,ally_jungle,,,,,False,False,False,False,False,False,7382,9853
bottom_error_13_EUW1_7808656114_100,bottom_error,13,EUW1_7808656114,100,11.5409,CHAMPION_KILL,"Yone(MIDDLE,T100,pid3)","Akali(MIDDLE,T200,pid8)","Aatrox(JUNGLE,T100,pid2)",ally_middle,enemy_middle,ally_jungle,,,,False,False,False,False,False,False,7688,11647
bottom_error_13_EUW1_7808656114_100,bottom_error,13,EUW1_7808656114,100,11.61885,CHAMPION_KILL,"Vladimir(TOP,T200,pid6)","Gangplank(TOP,T100,pid1)",,enemy_top,ally_top,,,,,False,False,False,False,False,False,998,11422
bottom_error_13_EUW1_7808656114_100,bottom_error,13,EUW1_7808656114,100,11.772133333333333,TURRET_PLATE_DESTROYED,"Vladimir(TOP,T200,pid6)",,,enemy_top,,,,,TOP_LANE,False,False,False,False,False,False,981,10441
bottom_error_13_EUW1_7808656114_100,bottom_error,13,EUW1_7808656114,100,11.796616666666667,TURRET_PLATE_DESTROYED,"Yone(MIDDLE,T100,pid3)",,,ally_middle,,,,,MID_LANE,False,False,False,False,False,False,8955,8510
bottom_error_13_EUW1_7808656114_100,bottom_error,13,EUW1_7808656114,100,11.938083333333333,CHAMPION_KILL,"MonkeyKing(JUNGLE,T200,pid7)","Yone(MIDDLE,T100,pid3)","Janna(UTILITY,T200,pid10)",enemy_jungle,ally_middle,enemy_utility,,,,False,False,False,False,False,False,7010,8376
bottom_error_14_EUW1_7753745474_200,bottom_error,14,EUW1_7753745474,200,1.7089666666666667,CHAMPION_KILL,"Jhin(BOTTOM,T100,pid4)","Shaco(UTILITY,T200,pid10)","Bard(UTILITY,T100,pid5)",enemy_bottom,ally_support,enemy_utility,,,,True,False,True,False,False,False,13726,3764
bottom_error_14_EUW1_7753745474_200,bottom_error,14,EUW1_7753745474,200,1.71175,CHAMPION_KILL,"Caitlyn(BOTTOM,T200,pid9)","Bard(UTILITY,T100,pid5)","Shaco(UTILITY,T200,pid10)",ally_adc,enemy_utility,ally_support,,,,True,True,False,False,True,False,13745,3141
bottom_error_14_EUW1_7753745474_200,bottom_error,14,EUW1_7753745474,200,2.3944833333333335,TURRET_PLATE_DESTROYED,,,,,,,,,TOP_LANE,False,False,False,False,False,False,981,10441
bottom_error_14_EUW1_7753745474_200,bottom_error,14,EUW1_7753745474,200,2.5827166666666668,CHAMPION_KILL,"Fizz(MIDDLE,T200,pid8)","Yone(MIDDLE,T100,pid3)",,ally_middle,enemy_middle,,,,,False,False,False,False,False,False,6168,6926
bottom_error_14_EUW1_7753745474_200,bottom_error,14,EUW1_7753745474,200,3.0397666666666665,CHAMPION_KILL,"Kayn(JUNGLE,T200,pid7)","Bard(UTILITY,T100,pid5)","Shaco(UTILITY,T200,pid10)",ally_jungle,enemy_utility,ally_support,,,,True,False,False,False,True,False,7068,3103
bottom_error_14_EUW1_7753745474_200,bottom_error,14,EUW1_7753745474,200,4.49335,CHAMPION_KILL,"Gnar(TOP,T200,pid6)","Zaahen(TOP,T100,pid1)","Kayn(JUNGLE,T200,pid7)",ally_top,enemy_top,ally_jungle,,,,False,False,False,False,False,False,1521,9258
bottom_error_14_EUW1_7753745474_200,bottom_error,14,EUW1_7753745474,200,4.542333333333334,CHAMPION_KILL,"Ekko(JUNGLE,T100,pid2)","Kayn(JUNGLE,T200,pid7)","Zaahen(TOP,T100,pid1)",enemy_jungle,ally_jungle,enemy_top,,,,False,False,False,False,False,False,1232,9090
bottom_error_14_EUW1_7753745474_200,bottom_error,14,EUW1_7753745474,200,4.542883333333333,CHAMPION_KILL,"Gnar(TOP,T200,pid6)","Ekko(JUNGLE,T100,pid2)","Kayn(JUNGLE,T200,pid7)",ally_top,enemy_jungle,ally_jungle,,,,False,False,False,False,False,False,1166,9254
bottom_error_14_EUW1_7753745474_200,bottom_error,14,EUW1_7753745474,200,4.825316666666667,TURRET_PLATE_DESTROYED,,,,,,,,,TOP_LANE,False,False,False,False,False,False,981,10441
bottom_error_14_EUW1_7753745474_200,bottom_error,14,EUW1_7753745474,200,5.11485,CHAMPION_KILL,"Shaco(UTILITY,T200,pid10)","Bard(UTILITY,T100,pid5)","Caitlyn(BOTTOM,T200,pid9)",ally_support,enemy_utility,ally_adc,,,,True,True,False,False,False,True,11993,2957
bottom_error_14_EUW1_7753745474_200,bottom_error,14,EUW1_7753745474,200,5.7523333333333335,CHAMPION_KILL,"Kayn(JUNGLE,T200,pid7)","Yone(MIDDLE,T100,pid3)","Fizz(MIDDLE,T200,pid8)",ally_jungle,enemy_middle,ally_middle,,,,False,False,False,False,False,False,6192,7045
bottom_error_14_EUW1_7753745474_200,bottom_error,14,EUW1_7753745474,200,5.876483333333334,CHAMPION_KILL,"Jhin(BOTTOM,T100,pid4)","Caitlyn(BOTTOM,T200,pid9)","Ekko(JUNGLE,T100,pid2); Bard(UTILITY,T100,pid5)",enemy_bottom,ally_adc,enemy_jungle; enemy_utility,,,,False,True,False,True,False,False,13945,4158
bottom_error_14_EUW1_7753745474_200,bottom_error,14,EUW1_7753745474,200,6.0318,TURRET_PLATE_DESTROYED,,,,,,,,,MID_LANE,False,False,False,False,False,False,5846,6396
bottom_error_14_EUW1_7753745474_200,bottom_error,14,EUW1_7753745474,200,6.180483333333333,TURRET_PLATE_DESTROYED,"Bard(UTILITY,T100,pid5)",,,enemy_utility,,,,,BOT_LANE,False,False,False,False,False,False,13866,4505
bottom_error_14_EUW1_7753745474_200,bottom_error,14,EUW1_7753745474,200,6.43275,CHAMPION_KILL,"Zaahen(TOP,T100,pid1)","Gnar(TOP,T200,pid6)",,enemy_top,ally_top,,,,,False,False,False,False,False,False,1512,11040
bottom_error_14_EUW1_7753745474_200,bottom_error,14,EUW1_7753745474,200,6.75955,CHAMPION_KILL,"Kayn(JUNGLE,T200,pid7)","Zaahen(TOP,T100,pid1)",,ally_jungle,enemy_top,,,,,False,False,False,False,False,False,836,10431
bottom_error_14_EUW1_7753745474_200,bottom_error,14,EUW1_7753745474,200,7.68105,TURRET_PLATE_DESTROYED,"Caitlyn(BOTTOM,T200,pid9)",,,ally_adc,,,,,BOT_LANE,False,True,False,False,False,False,10504,1029
bottom_error_14_EUW1_7753745474_200,bottom_error,14,EUW1_7753745474,200,7.8906,CHAMPION_KILL,"Jhin(BOTTOM,T100,pid4)","Caitlyn(BOTTOM,T200,pid9)","Bard(UTILITY,T100,pid5)",enemy_bottom,ally_adc,enemy_utility,,,,False,True,False,True,False,False,12631,2642
bottom_error_14_EUW1_7753745474_200,bottom_error,14,EUW1_7753745474,200,9.186233333333334,CHAMPION_KILL,"Ekko(JUNGLE,T100,pid2)","Gnar(TOP,T200,pid6)","Zaahen(TOP,T100,pid1); Bard(UTILITY,T100,pid5)",enemy_jungle,ally_top,enemy_top; enemy_utility,,,,False,False,False,False,False,False,3702,13374
bottom_error_14_EUW1_7753745474_200,bottom_error,14,EUW1_7753745474,200,9.270866666666667,TURRET_PLATE_DESTROYED,"Zaahen(TOP,T100,pid1)",,,enemy_top,,,,,TOP_LANE,False,False,False,False,False,False,4318,13875
bottom_error_14_EUW1_7753745474_200,bottom_error,14,EUW1_7753745474,200,9.4068,TURRET_PLATE_DESTROYED,"Zaahen(TOP,T100,pid1)",,,enemy_top,,,,,TOP_LANE,False,False,False,False,False,False,4318,13875
bottom_error_14_EUW1_7753745474_200,bottom_error,14,EUW1_7753745474,200,9.483066666666666,ELITE_MONSTER_KILL,"Shaco(UTILITY,T200,pid10)",,"Kayn(JUNGLE,T200,pid7); Fizz(MIDDLE,T200,pid8)",ally_support,,ally_jungle; ally_middle,DRAGON,,,True,False,False,False,False,False,9837,4397
bottom_error_14_EUW1_7753745474_200,bottom_error,14,EUW1_7753745474,200,9.488066666666667,CHAMPION_KILL,"Kayn(JUNGLE,T200,pid7)","Jhin(BOTTOM,T100,pid4)","Caitlyn(BOTTOM,T200,pid9)",ally_jungle,enemy_bottom,ally_adc,,,,False,True,False,False,False,True,11658,1101
bottom_error_14_EUW1_7753745474_200,bottom_error,14,EUW1_7753745474,200,9.5054,CHAMPION_KILL,"Jhin(BOTTOM,T100,pid4)","Kayn(JUNGLE,T200,pid7)",,enemy_bottom,ally_jungle,,,,,False,False,False,False,False,False,11331,1039
bottom_error_14_EUW1_7753745474_200,bottom_error,14,EUW1_7753745474,200,9.5182,ELITE_MONSTER_KILL,"Ekko(JUNGLE,T100,pid2)",,,enemy_jungle,,,HORDE,,,False,False,False,False,False,False,4389,10088
bottom_error_14_EUW1_7753745474_200,bottom_error,14,EUW1_7753745474,200,9.54325,TURRET_PLATE_DESTROYED,"Yone(MIDDLE,T100,pid3)",,,enemy_middle,,,,,MID_LANE,False,False,False,False,False,False,8955,8510
bottom_error_14_EUW1_7753745474_200,bottom_error,14,EUW1_7753745474,200,9.628983333333334,ELITE_MONSTER_KILL,"Ekko(JUNGLE,T100,pid2)",,,enemy_jungle,,,HORDE,,,False,False,False,False,False,False,4731,10045
bottom_error_14_EUW1_7753745474_200,bottom_error,14,EUW1_7753745474,200,9.709316666666666,ELITE_MONSTER_KILL,"Ekko(JUNGLE,T100,pid2)",,,enemy_jungle,,,HORDE,,,False,False,False,False,False,False,4633,10226
bottom_error_14_EUW1_7753745474_200,bottom_error,14,EUW1_7753745474,200,9.793933333333333,CHAMPION_KILL,"Bard(UTILITY,T100,pid5)","Caitlyn(BOTTOM,T200,pid9)",,enemy_utility,ally_adc,,,,,False,True,False,True,False,False,12475,1624
bottom_error_14_EUW1_7753745474_200,bottom_error,14,EUW1_7753745474,200,10.427333333333333,TURRET_PLATE_DESTROYED,"Jhin(BOTTOM,T100,pid4)",,,enemy_bottom,,,,,BOT_LANE,False,False,False,False,False,False,13866,4505
bottom_error_14_EUW1_7753745474_200,bottom_error,14,EUW1_7753745474,200,10.809433333333333,CHAMPION_KILL,"Shaco(UTILITY,T200,pid10)","Zaahen(TOP,T100,pid1)","Gnar(TOP,T200,pid6)",ally_support,enemy_top,ally_top,,,,True,False,False,False,False,False,2096,11661
bottom_error_14_EUW1_7753745474_200,bottom_error,14,EUW1_7753745474,200,10.889666666666667,TURRET_PLATE_DESTROYED,"Gnar(TOP,T200,pid6)",,,ally_top,,,,,TOP_LANE,False,False,False,False,False,False,981,10441
bottom_error_14_EUW1_7753745474_200,bottom_error,14,EUW1_7753745474,200,10.92315,CHAMPION_KILL,"Jhin(BOTTOM,T100,pid4)","Caitlyn(BOTTOM,T200,pid9)","Bard(UTILITY,T100,pid5)",enemy_bottom,ally_adc,enemy_utility,,,,False,True,False,True,False,False,11820,3416
bottom_error_14_EUW1_7753745474_200,bottom_error,14,EUW1_7753745474,200,11.35135,TURRET_PLATE_DESTROYED,,,,,,,,,BOT_LANE,False,False,False,False,False,False,13866,4505
bottom_error_14_EUW1_7753745474_200,bottom_error,14,EUW1_7753745474,200,11.501233333333333,TURRET_PLATE_DESTROYED,,,,,,,,,TOP_LANE,False,False,False,False,False,False,981,10441
bottom_error_14_EUW1_7753745474_200,bottom_error,14,EUW1_7753745474,200,11.55755,TURRET_PLATE_DESTROYED,"Yone(MIDDLE,T100,pid3)",,,enemy_middle,,,,,MID_LANE,False,False,False,False,False,False,8955,8510
bottom_error_14_EUW1_7753745474_200,bottom_error,14,EUW1_7753745474,200,11.788716666666666,CHAMPION_KILL,"Jhin(BOTTOM,T100,pid4)","Caitlyn(BOTTOM,T200,pid9)","Ekko(JUNGLE,T100,pid2); Bard(UTILITY,T100,pid5)",enemy_bottom,ally_adc,enemy_jungle; enemy_utility,,,,False,True,False,True,False,False,14053,4715
bottom_error_14_EUW1_7753745474_200,bottom_error,14,EUW1_7753745474,200,11.83215,TURRET_PLATE_DESTROYED,"Jhin(BOTTOM,T100,pid4)",,,enemy_bottom,,,,,BOT_LANE,False,False,False,False,False,False,13866,4505
bottom_error_15_EUW1_7748838971_200,bottom_error,15,EUW1_7748838971,200,2.914066666666667,TURRET_PLATE_DESTROYED,,,,,,,,,TOP_LANE,False,False,False,False,False,False,981,10441
bottom_error_15_EUW1_7748838971_200,bottom_error,15,EUW1_7748838971,200,2.9664,CHAMPION_KILL,"Rell(UTILITY,T200,pid10)","AurelionSol(BOTTOM,T100,pid4)","Seraphine(BOTTOM,T200,pid9)",ally_support,enemy_bottom,ally_adc,,,,True,True,False,False,False,True,11951,4051
bottom_error_15_EUW1_7748838971_200,bottom_error,15,EUW1_7748838971,200,3.0024333333333333,CHAMPION_KILL,"Shaco(UTILITY,T100,pid5)","Rell(UTILITY,T200,pid10)","AurelionSol(BOTTOM,T100,pid4)",enemy_utility,ally_support,enemy_bottom,,,,True,False,True,False,False,False,12000,3550
bottom_error_15_EUW1_7748838971_200,bottom_error,15,EUW1_7748838971,200,3.1109833333333334,CHAMPION_KILL,"Shaco(UTILITY,T100,pid5)","Seraphine(BOTTOM,T200,pid9)",,enemy_utility,ally_adc,,,,,False,True,False,True,False,False,13000,3454
bottom_error_15_EUW1_7748838971_200,bottom_error,15,EUW1_7748838971,200,3.198383333333333,CHAMPION_KILL,"Fiora(TOP,T100,pid1)","Jayce(TOP,T200,pid6)",,enemy_top,ally_top,,,,,False,False,False,False,False,False,1201,10623
bottom_error_15_EUW1_7748838971_200,bottom_error,15,EUW1_7748838971,200,3.2022666666666666,CHAMPION_KILL,"Jayce(TOP,T200,pid6)","Fiora(TOP,T100,pid1)",,ally_top,enemy_top,,,,,False,False,False,False,False,False,766,9881
bottom_error_15_EUW1_7748838971_200,bottom_error,15,EUW1_7748838971,200,4.22155,CHAMPION_KILL,"Zed(JUNGLE,T200,pid7)","Irelia(MIDDLE,T100,pid3)","Ryze(MIDDLE,T200,pid8); Rell(UTILITY,T200,pid10)",ally_jungle,enemy_middle,ally_middle; ally_support,,,,True,False,False,False,True,False,7772,7160
bottom_error_15_EUW1_7748838971_200,bottom_error,15,EUW1_7748838971,200,4.3599,CHAMPION_KILL,"Zed(JUNGLE,T200,pid7)","Naafiri(JUNGLE,T100,pid2)","Ryze(MIDDLE,T200,pid8); Rell(UTILITY,T200,pid10)",ally_jungle,enemy_jungle,ally_middle; ally_support,,,,True,False,False,False,True,False,6810,7228
bottom_error_15_EUW1_7748838971_200,bottom_error,15,EUW1_7748838971,200,5.674516666666666,CHAMPION_KILL,"Shaco(UTILITY,T100,pid5)","Ryze(MIDDLE,T200,pid8)","Naafiri(JUNGLE,T100,pid2); Irelia(MIDDLE,T100,pid3)",enemy_utility,ally_middle,enemy_jungle; enemy_middle,,,,False,False,False,False,False,False,8822,8718
bottom_error_15_EUW1_7748838971_200,bottom_error,15,EUW1_7748838971,200,5.6823,CHAMPION_KILL,"Ryze(MIDDLE,T200,pid8)","Irelia(MIDDLE,T100,pid3)",,ally_middle,enemy_middle,,,,,False,False,False,False,False,False,8821,8653
bottom_error_15_EUW1_7748838971_200,bottom_error,15,EUW1_7748838971,200,5.700116666666666,TURRET_PLATE_DESTROYED,"Shaco(UTILITY,T100,pid5)",,,enemy_utility,,,,,MID_LANE,False,False,False,False,False,False,8955,8510
bottom_error_15_EUW1_7748838971_200,bottom_error,15,EUW1_7748838971,200,5.957966666666667,CHAMPION_KILL,"Zed(JUNGLE,T200,pid7)","Naafiri(JUNGLE,T100,pid2)",,ally_jungle,enemy_jungle,,,,,False,False,False,False,False,False,6195,9994
bottom_error_15_EUW1_7748838971_200,bottom_error,15,EUW1_7748838971,200,6.1341,CHAMPION_KILL,"Seraphine(BOTTOM,T200,pid9)","Shaco(UTILITY,T100,pid5)","Rell(UTILITY,T200,pid10)",ally_adc,enemy_utility,ally_support,,,,True,True,False,False,True,False,11305,3672
bottom_error_15_EUW1_7748838971_200,bottom_error,15,EUW1_7748838971,200,6.4508833333333335,CHAMPION_KILL,"Jayce(TOP,T200,pid6)","Fiora(TOP,T100,pid1)",,ally_top,enemy_top,,,,,False,False,False,False,False,False,2671,12063
bottom_error_15_EUW1_7748838971_200,bottom_error,15,EUW1_7748838971,200,6.724383333333333,TURRET_PLATE_DESTROYED,"Ryze(MIDDLE,T200,pid8)",,,ally_middle,,,,,MID_LANE,False,False,False,False,False,False,5846,6396
bottom_error_15_EUW1_7748838971_200,bottom_error,15,EUW1_7748838971,200,6.786716666666667,CHAMPION_KILL,"Shaco(UTILITY,T100,pid5)","Jayce(TOP,T200,pid6)",,enemy_utility,ally_top,,,,,False,False,False,False,False,False,1253,12099
bottom_error_15_EUW1_7748838971_200,bottom_error,15,EUW1_7748838971,200,7.367116666666667,TURRET_PLATE_DESTROYED,"Fiora(TOP,T100,pid1)",,,enemy_top,,,,,TOP_LANE,False,False,False,False,False,False,4318,13875
bottom_error_15_EUW1_7748838971_200,bottom_error,15,EUW1_7748838971,200,8.300716666666666,TURRET_PLATE_DESTROYED,,,,,,,,,BOT_LANE,False,False,False,False,False,False,10504,1029
bottom_error_15_EUW1_7748838971_200,bottom_error,15,EUW1_7748838971,200,8.967966666666667,CHAMPION_KILL,"Ryze(MIDDLE,T200,pid8)","Fiora(TOP,T100,pid1)",,ally_middle,enemy_top,,,,,False,False,False,False,False,False,3160,12591
bottom_error_15_EUW1_7748838971_200,bottom_error,15,EUW1_7748838971,200,9.171366666666666,ELITE_MONSTER_KILL,"Ryze(MIDDLE,T200,pid8)",,"Zed(JUNGLE,T200,pid7)",ally_middle,,ally_jungle,HORDE,,,False,False,False,False,False,False,4787,10530
bottom_error_15_EUW1_7748838971_200,bottom_error,15,EUW1_7748838971,200,9.278466666666667,ELITE_MONSTER_KILL,"Zed(JUNGLE,T200,pid7)",,"Ryze(MIDDLE,T200,pid8)",ally_jungle,,ally_middle,HORDE,,,False,False,False,False,False,False,4724,10327
bottom_error_15_EUW1_7748838971_200,bottom_error,15,EUW1_7748838971,200,9.347483333333333,ELITE_MONSTER_KILL,"Zed(JUNGLE,T200,pid7)",,"Rell(UTILITY,T200,pid10)",ally_jungle,,ally_support,HORDE,,,True,False,False,False,True,False,5071,10404
bottom_error_15_EUW1_7748838971_200,bottom_error,15,EUW1_7748838971,200,9.405566666666667,CHAMPION_KILL,"Irelia(MIDDLE,T100,pid3)","Rell(UTILITY,T200,pid10)","Naafiri(JUNGLE,T100,pid2)",enemy_middle,ally_support,enemy_jungle,,,,True,False,True,False,False,False,4014,9408
bottom_error_15_EUW1_7748838971_200,bottom_error,15,EUW1_7748838971,200,9.447316666666667,CHAMPION_KILL,"Naafiri(JUNGLE,T100,pid2)","Zed(JUNGLE,T200,pid7)","Irelia(MIDDLE,T100,pid3)",enemy_jungle,ally_jungle,enemy_middle,,,,False,False,False,False,False,False,3732,8535
bottom_error_15_EUW1_7748838971_200,bottom_error,15,EUW1_7748838971,200,9.842066666666666,TURRET_PLATE_DESTROYED,"AurelionSol(BOTTOM,T100,pid4)",,,enemy_bottom,,,,,BOT_LANE,False,False,False,False,False,False,13866,4505
bottom_error_15_EUW1_7748838971_200,bottom_error,15,EUW1_7748838971,200,10.055533333333333,CHAMPION_KILL,"Seraphine(BOTTOM,T200,pid9)","AurelionSol(BOTTOM,T100,pid4)",,ally_adc,enemy_bottom,,,,,False,True,False,False,False,False,11410,1081
bottom_error_15_EUW1_7748838971_200,bottom_error,15,EUW1_7748838971,200,10.262766666666666,TURRET_PLATE_DESTROYED,"Ryze(MIDDLE,T200,pid8)",,,ally_middle,,,,,MID_LANE,False,False,False,False,False,False,5846,6396
bottom_error_15_EUW1_7748838971_200,bottom_error,15,EUW1_7748838971,200,10.44535,TURRET_PLATE_DESTROYED,"Seraphine(BOTTOM,T200,pid9)",,,ally_adc,,,,,BOT_LANE,False,True,False,False,False,False,10504,1029
bottom_error_15_EUW1_7748838971_200,bottom_error,15,EUW1_7748838971,200,10.6363,CHAMPION_KILL,"Zed(JUNGLE,T200,pid7)","Irelia(MIDDLE,T100,pid3)","Ryze(MIDDLE,T200,pid8)",ally_jungle,enemy_middle,ally_middle,,,,False,False,False,False,False,False,6466,6790
bottom_error_15_EUW1_7748838971_200,bottom_error,15,EUW1_7748838971,200,10.669133333333333,TURRET_PLATE_DESTROYED,"Jayce(TOP,T200,pid6)",,,ally_top,,,,,TOP_LANE,False,False,False,False,False,False,981,10441
bottom_error_15_EUW1_7748838971_200,bottom_error,15,EUW1_7748838971,200,11.189333333333334,ELITE_MONSTER_KILL,"Zed(JUNGLE,T200,pid7)",,"Rell(UTILITY,T200,pid10)",ally_jungle,,ally_support,DRAGON,,,True,False,False,False,True,False,9837,4397
bottom_error_15_EUW1_7748838971_200,bottom_error,15,EUW1_7748838971,200,11.2912,CHAMPION_KILL,"Jayce(TOP,T200,pid6)","Fiora(TOP,T100,pid1)",,ally_top,enemy_top,,,,,False,False,False,False,False,False,1644,11165
bottom_error_15_EUW1_7748838971_200,bottom_error,15,EUW1_7748838971,200,11.292866666666667,CHAMPION_KILL,"Shaco(UTILITY,T100,pid5)","Jayce(TOP,T200,pid6)","Fiora(TOP,T100,pid1)",enemy_utility,ally_top,enemy_top,,,,False,False,False,False,False,False,1548,11192
bottom_error_16_EUW1_7712893387_100,bottom_error,16,EUW1_7712893387,100,3.3655333333333335,TURRET_PLATE_DESTROYED,,,,,,,,,TOP_LANE,False,False,False,False,False,False,4318,13875
bottom_error_16_EUW1_7712893387_100,bottom_error,16,EUW1_7712893387,100,3.3905833333333333,CHAMPION_KILL,"Jayce(TOP,T100,pid1)","Teemo(TOP,T200,pid6)",,ally_top,enemy_top,,,,,False,False,False,False,False,False,4492,13708
bottom_error_16_EUW1_7712893387_100,bottom_error,16,EUW1_7712893387,100,4.8176,CHAMPION_KILL,"Jayce(TOP,T100,pid1)","Teemo(TOP,T200,pid6)",,ally_top,enemy_top,,,,,False,False,False,False,False,False,1473,11180
bottom_error_16_EUW1_7712893387_100,bottom_error,16,EUW1_7712893387,100,5.2152666666666665,TURRET_PLATE_DESTROYED,"Jayce(TOP,T100,pid1)",,,ally_top,,,,,TOP_LANE,False,False,False,False,False,False,4318,13875
bottom_error_16_EUW1_7712893387_100,bottom_error,16,EUW1_7712893387,100,5.473333333333334,CHAMPION_KILL,"AurelionSol(UTILITY,T100,pid5)","Hecarim(JUNGLE,T200,pid7)","Diana(JUNGLE,T100,pid2)",ally_support,enemy_jungle,ally_jungle,,,,True,False,False,False,False,False,10972,4642
bottom_error_16_EUW1_7712893387_100,bottom_error,16,EUW1_7712893387,100,5.523433333333333,CHAMPION_KILL,"KogMaw(BOTTOM,T200,pid9)","AurelionSol(UTILITY,T100,pid5)","Hecarim(JUNGLE,T200,pid7); Leona(UTILITY,T200,pid10)",enemy_bottom,ally_support,enemy_jungle; enemy_utility,,,,True,False,True,False,False,False,11117,4063
bottom_error_16_EUW1_7712893387_100,bottom_error,16,EUW1_7712893387,100,5.58355,CHAMPION_KILL,"Diana(JUNGLE,T100,pid2)","KogMaw(BOTTOM,T200,pid9)","Jhin(BOTTOM,T100,pid4)",ally_jungle,enemy_bottom,ally_adc,,,,False,True,False,False,False,True,11372,4656
bottom_error_16_EUW1_7712893387_100,bottom_error,16,EUW1_7712893387,100,5.654283333333334,CHAMPION_KILL,"KogMaw(BOTTOM,T200,pid9)","Diana(JUNGLE,T100,pid2)","Hecarim(JUNGLE,T200,pid7); Leona(UTILITY,T200,pid10)",enemy_bottom,ally_jungle,enemy_jungle; enemy_utility,,,,False,False,False,False,False,False,11077,5106
bottom_error_16_EUW1_7712893387_100,bottom_error,16,EUW1_7712893387,100,5.756383333333333,ELITE_MONSTER_KILL,"Yone(MIDDLE,T200,pid8)",,"Jhin(BOTTOM,T100,pid4); AurelionSol(UTILITY,T100,pid5); KogMaw(BOTTOM,T200,pid9); Leona(UTILITY,T200,pid10)",enemy_middle,,ally_adc; ally_support; enemy_bottom; enemy_utility,DRAGON,,,True,True,False,False,True,True,10664,4753
bottom_error_16_EUW1_7712893387_100,bottom_error,16,EUW1_7712893387,100,6.01815,CHAMPION_KILL,"Jayce(TOP,T100,pid1)","Teemo(TOP,T200,pid6)",,ally_top,enemy_top,,,,,False,False,False,False,False,False,1775,11123
bottom_error_16_EUW1_7712893387_100,bottom_error,16,EUW1_7712893387,100,6.723883333333333,CHAMPION_KILL,"Diana(JUNGLE,T100,pid2)","KogMaw(BOTTOM,T200,pid9)","AurelionSol(UTILITY,T100,pid5)",ally_jungle,enemy_bottom,ally_support,,,,True,False,False,False,True,False,13588,3587
bottom_error_16_EUW1_7712893387_100,bottom_error,16,EUW1_7712893387,100,6.802933333333334,TURRET_PLATE_DESTROYED,,,,,,,,,TOP_LANE,False,False,False,False,False,False,4318,13875
bottom_error_16_EUW1_7712893387_100,bottom_error,16,EUW1_7712893387,100,7.217966666666666,TURRET_PLATE_DESTROYED,"Jhin(BOTTOM,T100,pid4)",,,ally_adc,,,,,BOT_LANE,False,True,False,False,False,False,13866,4505
bottom_error_16_EUW1_7712893387_100,bottom_error,16,EUW1_7712893387,100,7.673966666666667,TURRET_PLATE_DESTROYED,"Varus(MIDDLE,T100,pid3)",,,ally_middle,,,,,MID_LANE,False,False,False,False,False,False,8955,8510
bottom_error_16_EUW1_7712893387_100,bottom_error,16,EUW1_7712893387,100,7.7832333333333334,CHAMPION_KILL,"Jayce(TOP,T100,pid1)","Teemo(TOP,T200,pid6)",,ally_top,enemy_top,,,,,False,False,False,False,False,False,3686,13295
bottom_error_16_EUW1_7712893387_100,bottom_error,16,EUW1_7712893387,100,7.917,CHAMPION_KILL,"Hecarim(JUNGLE,T200,pid7)","Varus(MIDDLE,T100,pid3)","Yone(MIDDLE,T200,pid8)",enemy_jungle,ally_middle,enemy_middle,,,,False,False,False,False,False,False,8608,7106
bottom_error_16_EUW1_7712893387_100,bottom_error,16,EUW1_7712893387,100,8.277266666666666,CHAMPION_KILL,"Hecarim(JUNGLE,T200,pid7)","Diana(JUNGLE,T100,pid2)","Yone(MIDDLE,T200,pid8); Leona(UTILITY,T200,pid10)",enemy_jungle,ally_jungle,enemy_middle; enemy_utility,,,,False,False,False,False,False,False,4724,7322
bottom_error_16_EUW1_7712893387_100,bottom_error,16,EUW1_7712893387,100,8.328483333333333,TURRET_PLATE_DESTROYED,"KogMaw(BOTTOM,T200,pid9)",,,enemy_bottom,,,,,BOT_LANE,False,False,False,False,False,False,10504,1029
bottom_error_16_EUW1_7712893387_100,bottom_error,16,EUW1_7712893387,100,8.64085,ELITE_MONSTER_KILL,"Hecarim(JUNGLE,T200,pid7)",,,enemy_jungle,,,HORDE,,,False,False,False,False,False,False,4790,10182
bottom_error_16_EUW1_7712893387_100,bottom_error,16,EUW1_7712893387,100,8.672033333333333,CHAMPION_KILL,"Varus(MIDDLE,T100,pid3)","Yone(MIDDLE,T200,pid8)","AurelionSol(UTILITY,T100,pid5)",ally_middle,enemy_middle,ally_support,,,,True,False,False,False,True,False,7536,7643
bottom_error_16_EUW1_7712893387_100,bottom_error,16,EUW1_7712893387,100,8.75245,ELITE_MONSTER_KILL,"Hecarim(JUNGLE,T200,pid7)",,,enemy_jungle,,,HORDE,,,False,False,False,False,False,False,4964,10148
bottom_error_16_EUW1_7712893387_100,bottom_error,16,EUW1_7712893387,100,8.862666666666666,ELITE_MONSTER_KILL,"Jayce(TOP,T100,pid1)",,"Hecarim(JUNGLE,T200,pid7)",ally_top,,enemy_jungle,HORDE,,,False,False,False,False,False,False,4811,9857
bottom_error_16_EUW1_7712893387_100,bottom_error,16,EUW1_7712893387,100,8.885483333333333,TURRET_PLATE_DESTROYED,"KogMaw(BOTTOM,T200,pid9)",,,enemy_bottom,,,,,BOT_LANE,False,False,False,False,False,False,10504,1029
bottom_error_16_EUW1_7712893387_100,bottom_error,16,EUW1_7712893387,100,8.91165,TURRET_PLATE_DESTROYED,"Teemo(TOP,T200,pid6)",,,enemy_top,,,,,TOP_LANE,False,False,False,False,False,False,981,10441
bottom_error_16_EUW1_7712893387_100,bottom_error,16,EUW1_7712893387,100,9.1435,TURRET_PLATE_DESTROYED,,,,,,,,,MID_LANE,False,False,False,False,False,False,8955,8510
bottom_error_16_EUW1_7712893387_100,bottom_error,16,EUW1_7712893387,100,9.684916666666666,CHAMPION_KILL,"AurelionSol(UTILITY,T100,pid5)","Yone(MIDDLE,T200,pid8)","Varus(MIDDLE,T100,pid3)",ally_support,enemy_middle,ally_middle,,,,True,False,False,False,False,False,8324,8670
bottom_error_16_EUW1_7712893387_100,bottom_error,16,EUW1_7712893387,100,9.816833333333333,TURRET_PLATE_DESTROYED,,,,,,,,,TOP_LANE,False,False,False,False,False,False,4318,13875
bottom_error_16_EUW1_7712893387_100,bottom_error,16,EUW1_7712893387,100,9.8391,CHAMPION_KILL,"Jayce(TOP,T100,pid1)","Teemo(TOP,T200,pid6)",,ally_top,enemy_top,,,,,False,False,False,False,False,False,4826,13847
bottom_error_16_EUW1_7712893387_100,bottom_error,16,EUW1_7712893387,100,10.004716666666667,CHAMPION_KILL,"AurelionSol(UTILITY,T100,pid5)","Hecarim(JUNGLE,T200,pid7)","Diana(JUNGLE,T100,pid2)",ally_support,enemy_jungle,ally_jungle,,,,True,False,False,False,False,False,10054,8691
bottom_error_16_EUW1_7712893387_100,bottom_error,16,EUW1_7712893387,100,10.13505,TURRET_PLATE_DESTROYED,"Varus(MIDDLE,T100,pid3)",,,ally_middle,,,,,MID_LANE,False,False,False,False,False,False,8955,8510
bottom_error_16_EUW1_7712893387_100,bottom_error,16,EUW1_7712893387,100,10.263266666666667,TURRET_PLATE_DESTROYED,"Jayce(TOP,T100,pid1)",,,ally_top,,,,,TOP_LANE,False,False,False,False,False,False,4318,13875
bottom_error_16_EUW1_7712893387_100,bottom_error,16,EUW1_7712893387,100,10.263266666666667,BUILDING_KILL,"Jayce(TOP,T100,pid1)",,,ally_top,,,,TOWER_BUILDING,TOP_LANE,False,False,False,False,False,False,4318,13875
bottom_error_16_EUW1_7712893387_100,bottom_error,16,EUW1_7712893387,100,10.3479,TURRET_PLATE_DESTROYED,"KogMaw(BOTTOM,T200,pid9)",,,enemy_bottom,,,,,BOT_LANE,False,False,False,False,False,False,10504,1029
bottom_error_16_EUW1_7712893387_100,bottom_error,16,EUW1_7712893387,100,10.710416666666667,CHAMPION_KILL,"Diana(JUNGLE,T100,pid2)","Yone(MIDDLE,T200,pid8)","Varus(MIDDLE,T100,pid3)",ally_jungle,enemy_middle,ally_middle,,,,False,False,False,False,False,False,8303,7923
bottom_error_16_EUW1_7712893387_100,bottom_error,16,EUW1_7712893387,100,11.16475,ELITE_MONSTER_KILL,"Diana(JUNGLE,T100,pid2)",,"AurelionSol(UTILITY,T100,pid5)",ally_jungle,,ally_support,DRAGON,,,True,False,False,False,True,False,10023,5057
bottom_error_16_EUW1_7712893387_100,bottom_error,16,EUW1_7712893387,100,11.2455,CHAMPION_KILL,"Hecarim(JUNGLE,T200,pid7)","Jayce(TOP,T100,pid1)","Teemo(TOP,T200,pid6)",enemy_jungle,ally_top,enemy_top,,,,False,False,False,False,False,False,3516,13088
bottom_error_16_EUW1_7712893387_100,bottom_error,16,EUW1_7712893387,100,11.36315,TURRET_PLATE_DESTROYED,"Varus(MIDDLE,T100,pid3)",,,ally_middle,,,,,MID_LANE,False,False,False,False,False,False,8955,8510
bottom_error_16_EUW1_7712893387_100,bottom_error,16,EUW1_7712893387,100,11.445616666666666,TURRET_PLATE_DESTROYED,,,,,,,,,TOP_LANE,False,False,False,False,False,False,981,10441
bottom_error_16_EUW1_7712893387_100,bottom_error,16,EUW1_7712893387,100,11.553783333333334,CHAMPION_KILL,"KogMaw(BOTTOM,T200,pid9)","Jhin(BOTTOM,T100,pid4)","Leona(UTILITY,T200,pid10)",enemy_bottom,ally_adc,enemy_utility,,,,False,True,False,True,False,False,11180,1571
bottom_error_16_EUW1_7712893387_100,bottom_error,16,EUW1_7712893387,100,11.829533333333334,CHAMPION_KILL,"Varus(MIDDLE,T100,pid3)","KogMaw(BOTTOM,T200,pid9)","AurelionSol(UTILITY,T100,pid5)",ally_middle,enemy_bottom,ally_support,,,,True,False,False,False,True,False,9963,2572
bottom_error_16_EUW1_7712893387_100,bottom_error,16,EUW1_7712893387,100,11.959116666666667,CHAMPION_KILL,"Diana(JUNGLE,T100,pid2)","Teemo(TOP,T200,pid6)",,ally_jungle,enemy_top,,,,,False,False,False,False,False,False,1093,12344
bottom_error_17_EUW1_7827524842_100,bottom_error,17,EUW1_7827524842,100,1.8247666666666666,CHAMPION_KILL,"Irelia(TOP,T200,pid6)","Zed(TOP,T100,pid1)",,enemy_top,ally_top,,,,,False,False,False,False,False,False,1380,10682
bottom_error_17_EUW1_7827524842_100,bottom_error,17,EUW1_7827524842,100,1.86985,CHAMPION_KILL,"Zed(TOP,T100,pid1)","Irelia(TOP,T200,pid6)",,ally_top,enemy_top,,,,,False,False,False,False,False,False,2019,11556
bottom_error_17_EUW1_7827524842_100,bottom_error,17,EUW1_7827524842,100,2.310766666666667,TURRET_PLATE_DESTROYED,,,,,,,,,BOT_LANE,False,False,False,False,False,False,13866,4505
bottom_error_17_EUW1_7827524842_100,bottom_error,17,EUW1_7827524842,100,3.04365,CHAMPION_KILL,"Shaco(UTILITY,T100,pid5)","Viego(JUNGLE,T200,pid7)","Naafiri(JUNGLE,T100,pid2)",ally_support,enemy_jungle,ally_jungle,,,,True,False,False,False,False,False,3974,6608
bottom_error_17_EUW1_7827524842_100,bottom_error,17,EUW1_7827524842,100,3.1171166666666665,CHAMPION_KILL,"Zed(TOP,T100,pid1)","Irelia(TOP,T200,pid6)",,ally_top,enemy_top,,,,,False,False,False,False,False,False,5090,7959
bottom_error_17_EUW1_7827524842_100,bottom_error,17,EUW1_7827524842,100,3.88835,CHAMPION_KILL,"AurelionSol(BOTTOM,T100,pid4)","Veigar(BOTTOM,T200,pid9)","Shaco(UTILITY,T100,pid5)",ally_adc,enemy_bottom,ally_support,,,,True,True,False,False,True,False,12643,2432
bottom_error_17_EUW1_7827524842_100,bottom_error,17,EUW1_7827524842,100,4.2616,TURRET_PLATE_DESTROYED,"Karma(MIDDLE,T200,pid8)",,,enemy_middle,,,,,MID_LANE,False,False,False,False,False,False,5846,6396
bottom_error_17_EUW1_7827524842_100,bottom_error,17,EUW1_7827524842,100,4.5674166666666665,CHAMPION_KILL,"Shaco(UTILITY,T100,pid5)","Irelia(TOP,T200,pid6)","Zed(TOP,T100,pid1)",ally_support,enemy_top,ally_top,,,,True,False,False,False,False,False,2377,13211
bottom_error_17_EUW1_7827524842_100,bottom_error,17,EUW1_7827524842,100,4.89555,TURRET_PLATE_DESTROYED,"Zed(TOP,T100,pid1)",,,ally_top,,,,,TOP_LANE,False,False,False,False,False,False,4318,13875
bottom_error_17_EUW1_7827524842_100,bottom_error,17,EUW1_7827524842,100,5.24005,CHAMPION_KILL,"Veigar(BOTTOM,T200,pid9)","AurelionSol(BOTTOM,T100,pid4)","Viego(JUNGLE,T200,pid7)",enemy_bottom,ally_adc,enemy_jungle,,,,False,True,False,True,False,False,10953,908
bottom_error_17_EUW1_7827524842_100,bottom_error,17,EUW1_7827524842,100,5.661,CHAMPION_KILL,"Sylas(MIDDLE,T100,pid3)","Karma(MIDDLE,T200,pid8)","Shaco(UTILITY,T100,pid5)",ally_middle,enemy_middle,ally_support,,,,True,False,False,False,True,False,8147,7959
bottom_error_17_EUW1_7827524842_100,bottom_error,17,EUW1_7827524842,100,5.7122166666666665,TURRET_PLATE_DESTROYED,,,,,,,,,TOP_LANE,False,False,False,False,False,False,981,10441
bottom_error_17_EUW1_7827524842_100,bottom_error,17,EUW1_7827524842,100,5.863816666666667,TURRET_PLATE_DESTROYED,,,,,,,,,BOT_LANE,False,False,False,False,False,False,10504,1029
bottom_error_17_EUW1_7827524842_100,bottom_error,17,EUW1_7827524842,100,5.988533333333334,CHAMPION_KILL,,"Sylas(MIDDLE,T100,pid3)",,,ally_middle,,,,,False,False,False,False,False,False,8278,8590
bottom_error_17_EUW1_7827524842_100,bottom_error,17,EUW1_7827524842,100,7.253283333333333,CHAMPION_KILL,"Irelia(TOP,T200,pid6)","Shaco(UTILITY,T100,pid5)",,enemy_top,ally_support,,,,,True,False,True,False,False,False,3085,13895
bottom_error_17_EUW1_7827524842_100,bottom_error,17,EUW1_7827524842,100,7.281116666666667,ELITE_MONSTER_KILL,"Naafiri(JUNGLE,T100,pid2)",,"AurelionSol(BOTTOM,T100,pid4); Viego(JUNGLE,T200,pid7)",ally_jungle,,ally_adc; enemy_jungle,DRAGON,,,False,True,False,False,False,True,10002,4509
bottom_error_17_EUW1_7827524842_100,bottom_error,17,EUW1_7827524842,100,7.32965,CHAMPION_KILL,"Zed(TOP,T100,pid1)","Irelia(TOP,T200,pid6)","Shaco(UTILITY,T100,pid5)",ally_top,enemy_top,ally_support,,,,True,False,False,False,True,False,3754,13946
bottom_error_17_EUW1_7827524842_100,bottom_error,17,EUW1_7827524842,100,7.331333333333333,CHAMPION_KILL,"AurelionSol(BOTTOM,T100,pid4)","Viego(JUNGLE,T200,pid7)","Naafiri(JUNGLE,T100,pid2)",ally_adc,enemy_jungle,ally_jungle,,,,False,True,False,False,False,False,10046,5139
bottom_error_17_EUW1_7827524842_100,bottom_error,17,EUW1_7827524842,100,7.545683333333334,CHAMPION_KILL,"Naafiri(JUNGLE,T100,pid2)","Alistar(UTILITY,T200,pid10)","Sylas(MIDDLE,T100,pid3); AurelionSol(BOTTOM,T100,pid4)",ally_jungle,enemy_utility,ally_middle; ally_adc,,,,False,True,False,False,False,True,10425,4990
bottom_error_17_EUW1_7827524842_100,bottom_error,17,EUW1_7827524842,100,7.59355,TURRET_PLATE_DESTROYED,"Zed(TOP,T100,pid1)",,,ally_top,,,,,TOP_LANE,False,False,False,False,False,False,4318,13875
bottom_error_17_EUW1_7827524842_100,bottom_error,17,EUW1_7827524842,100,7.620266666666667,CHAMPION_KILL,"Karma(MIDDLE,T200,pid8)","Naafiri(JUNGLE,T100,pid2)","Alistar(UTILITY,T200,pid10)",enemy_middle,ally_jungle,enemy_utility,,,,False,False,False,False,False,False,8782,5457
bottom_error_17_EUW1_7827524842_100,bottom_error,17,EUW1_7827524842,100,7.7006,CHAMPION_KILL,"Veigar(BOTTOM,T200,pid9)","Sylas(MIDDLE,T100,pid3)","Karma(MIDDLE,T200,pid8); Alistar(UTILITY,T200,pid10)",enemy_bottom,ally_middle,enemy_middle; enemy_utility,,,,False,False,False,False,False,False,9821,3991
bottom_error_17_EUW1_7827524842_100,bottom_error,17,EUW1_7827524842,100,7.731216666666667,CHAMPION_KILL,"AurelionSol(BOTTOM,T100,pid4)","Veigar(BOTTOM,T200,pid9)","Sylas(MIDDLE,T100,pid3)",ally_adc,enemy_bottom,ally_middle,,,,False,True,False,False,False,False,11142,4211
bottom_error_17_EUW1_7827524842_100,bottom_error,17,EUW1_7827524842,100,7.81415,CHAMPION_KILL,"Karma(MIDDLE,T200,pid8)","AurelionSol(BOTTOM,T100,pid4)",,enemy_middle,ally_adc,,,,,False,True,False,True,False,False,10047,4410
bottom_error_17_EUW1_7827524842_100,bottom_error,17,EUW1_7827524842,100,7.879283333333333,CHAMPION_KILL,"Shaco(UTILITY,T100,pid5)","Karma(MIDDLE,T200,pid8)","Naafiri(JUNGLE,T100,pid2); AurelionSol(BOTTOM,T100,pid4)",ally_support,enemy_middle,ally_jungle; ally_adc,,,,True,True,False,False,False,True,9312,5648
bottom_error_17_EUW1_7827524842_100,bottom_error,17,EUW1_7827524842,100,8.66945,TURRET_PLATE_DESTROYED,"Irelia(TOP,T200,pid6)",,,enemy_top,,,,,TOP_LANE,False,False,False,False,False,False,981,10441
bottom_error_17_EUW1_7827524842_100,bottom_error,17,EUW1_7827524842,100,8.80655,CHAMPION_KILL,"Shaco(UTILITY,T100,pid5)","Veigar(BOTTOM,T200,pid9)","AurelionSol(BOTTOM,T100,pid4)",ally_support,enemy_bottom,ally_adc,,,,True,True,False,False,False,True,13326,3851
bottom_error_17_EUW1_7827524842_100,bottom_error,17,EUW1_7827524842,100,8.860166666666666,CHAMPION_KILL,"AurelionSol(BOTTOM,T100,pid4)","Alistar(UTILITY,T200,pid10)","Shaco(UTILITY,T100,pid5)",ally_adc,enemy_utility,ally_support,,,,True,True,False,False,True,False,13541,3805
bottom_error_17_EUW1_7827524842_100,bottom_error,17,EUW1_7827524842,100,9.123066666666666,ELITE_MONSTER_KILL,"Naafiri(JUNGLE,T100,pid2)",,,ally_jungle,,,HORDE,,,False,False,False,False,False,False,4803,10114
bottom_error_17_EUW1_7827524842_100,bottom_error,17,EUW1_7827524842,100,9.1587,TURRET_PLATE_DESTROYED,,,,,,,,,BOT_LANE,False,False,False,False,False,False,13866,4505
bottom_error_17_EUW1_7827524842_100,bottom_error,17,EUW1_7827524842,100,9.192283333333334,CHAMPION_KILL,"AurelionSol(BOTTOM,T100,pid4)","Viego(JUNGLE,T200,pid7)","Shaco(UTILITY,T100,pid5)",ally_adc,enemy_jungle,ally_support,,,,True,True,False,False,True,False,14081,4548
bottom_error_17_EUW1_7827524842_100,bottom_error,17,EUW1_7827524842,100,9.304166666666667,ELITE_MONSTER_KILL,"Naafiri(JUNGLE,T100,pid2)",,,ally_jungle,,,HORDE,,,False,False,False,False,False,False,5116,10328
bottom_error_17_EUW1_7827524842_100,bottom_error,17,EUW1_7827524842,100,9.4184,CHAMPION_KILL,"Zed(TOP,T100,pid1)","Irelia(TOP,T200,pid6)",,ally_top,enemy_top,,,,,False,False,False,False,False,False,3648,13386
bottom_error_17_EUW1_7827524842_100,bottom_error,17,EUW1_7827524842,100,9.449566666666666,ELITE_MONSTER_KILL,"Naafiri(JUNGLE,T100,pid2)",,,ally_jungle,,,HORDE,,,False,False,False,False,False,False,4829,10473
bottom_error_17_EUW1_7827524842_100,bottom_error,17,EUW1_7827524842,100,9.608766666666666,CHAMPION_KILL,"Sylas(MIDDLE,T100,pid3)","Karma(MIDDLE,T200,pid8)",,ally_middle,enemy_middle,,,,,False,False,False,False,False,False,8470,8014
bottom_error_17_EUW1_7827524842_100,bottom_error,17,EUW1_7827524842,100,9.705083333333333,TURRET_PLATE_DESTROYED,"Zed(TOP,T100,pid1)",,,ally_top,,,,,TOP_LANE,False,False,False,False,False,False,4318,13875
bottom_error_17_EUW1_7827524842_100,bottom_error,17,EUW1_7827524842,100,9.976366666666667,CHAMPION_KILL,"AurelionSol(BOTTOM,T100,pid4)","Veigar(BOTTOM,T200,pid9)",,ally_adc,enemy_bottom,,,,,False,True,False,False,False,False,12463,2033
bottom_error_17_EUW1_7827524842_100,bottom_error,17,EUW1_7827524842,100,10.05485,CHAMPION_KILL,"Viego(JUNGLE,T200,pid7)","Sylas(MIDDLE,T100,pid3)","Alistar(UTILITY,T200,pid10)",enemy_jungle,ally_middle,enemy_utility,,,,False,False,False,False,False,False,7006,6797
bottom_error_17_EUW1_7827524842_100,bottom_error,17,EUW1_7827524842,100,10.504166666666666,CHAMPION_KILL,"Karma(MIDDLE,T200,pid8)","Naafiri(JUNGLE,T100,pid2)","Alistar(UTILITY,T200,pid10)",enemy_middle,ally_jungle,enemy_utility,,,,False,False,False,False,False,False,4548,12211
bottom_error_17_EUW1_7827524842_100,bottom_error,17,EUW1_7827524842,100,10.74705,CHAMPION_KILL,"Shaco(UTILITY,T100,pid5)","Veigar(BOTTOM,T200,pid9)","AurelionSol(BOTTOM,T100,pid4)",ally_support,enemy_bottom,ally_adc,,,,True,True,False,False,False,True,13923,7857
bottom_error_17_EUW1_7827524842_100,bottom_error,17,EUW1_7827524842,100,10.810583333333334,CHAMPION_KILL,"Sylas(MIDDLE,T100,pid3)","Viego(JUNGLE,T200,pid7)",,ally_middle,enemy_jungle,,,,,False,False,False,False,False,False,7394,5058
bottom_error_17_EUW1_7827524842_100,bottom_error,17,EUW1_7827524842,100,10.900766666666666,TURRET_PLATE_DESTROYED,"Shaco(UTILITY,T100,pid5)",,,ally_support,,,,,BOT_LANE,True,False,False,False,False,False,13866,4505
bottom_error_17_EUW1_7827524842_100,bottom_error,17,EUW1_7827524842,100,10.955333333333334,CHAMPION_KILL,"Irelia(TOP,T200,pid6)","Zed(TOP,T100,pid1)","Alistar(UTILITY,T200,pid10)",enemy_top,ally_top,enemy_utility,,,,False,False,False,False,False,False,784,10079
bottom_error_17_EUW1_7827524842_100,bottom_error,17,EUW1_7827524842,100,11.109166666666667,TURRET_PLATE_DESTROYED,"Karma(MIDDLE,T200,pid8)",,,enemy_middle,,,,,MID_LANE,False,False,False,False,False,False,5846,6396
bottom_error_17_EUW1_7827524842_100,bottom_error,17,EUW1_7827524842,100,11.23175,TURRET_PLATE_DESTROYED,,,,,,,,,TOP_LANE,False,False,False,False,False,False,981,10441
bottom_error_17_EUW1_7827524842_100,bottom_error,17,EUW1_7827524842,100,11.447533333333332,CHAMPION_KILL,"Sylas(MIDDLE,T100,pid3)","Alistar(UTILITY,T200,pid10)","Shaco(UTILITY,T100,pid5)",ally_middle,enemy_utility,ally_support,,,,True,False,False,False,True,False,3440,6776
bottom_error_17_EUW1_7827524842_100,bottom_error,17,EUW1_7827524842,100,11.468133333333334,CHAMPION_KILL,"Naafiri(JUNGLE,T100,pid2)","Irelia(TOP,T200,pid6)","AurelionSol(BOTTOM,T100,pid4)",ally_jungle,enemy_top,ally_adc,,,,False,True,False,False,False,True,3190,13744
bottom_error_17_EUW1_7827524842_100,bottom_error,17,EUW1_7827524842,100,11.6218,TURRET_PLATE_DESTROYED,"AurelionSol(BOTTOM,T100,pid4)",,,ally_adc,,,,,TOP_LANE,False,True,False,False,False,False,4318,13875
bottom_error_17_EUW1_7827524842_100,bottom_error,17,EUW1_7827524842,100,11.93655,CHAMPION_KILL,"Zed(TOP,T100,pid1)","Veigar(BOTTOM,T200,pid9)",,ally_top,enemy_bottom,,,,,False,False,False,False,False,False,13049,3633
bottom_error_18_EUW1_7736622895_100,bottom_error,18,EUW1_7736622895,100,3.657566666666667,CHAMPION_KILL,"Zac(JUNGLE,T200,pid7)","Katarina(MIDDLE,T100,pid3)","Yone(MIDDLE,T200,pid8)",enemy_jungle,ally_middle,enemy_middle,,,,False,False,False,False,False,False,6128,8706
bottom_error_18_EUW1_7736622895_100,bottom_error,18,EUW1_7736622895,100,4.8177,CHAMPION_KILL,"Renekton(TOP,T100,pid1)","Aurora(TOP,T200,pid6)",,ally_top,enemy_top,,,,,False,False,False,False,False,False,3944,13170
bottom_error_18_EUW1_7736622895_100,bottom_error,18,EUW1_7736622895,100,5.100533333333333,TURRET_PLATE_DESTROYED,,,,,,,,,MID_LANE,False,False,False,False,False,False,5846,6396
bottom_error_18_EUW1_7736622895_100,bottom_error,18,EUW1_7736622895,100,5.1473,TURRET_PLATE_DESTROYED,,,,,,,,,TOP_LANE,False,False,False,False,False,False,4318,13875
bottom_error_18_EUW1_7736622895_100,bottom_error,18,EUW1_7736622895,100,5.669333333333333,CHAMPION_KILL,"Bard(UTILITY,T100,pid5)","Nautilus(UTILITY,T200,pid10)","Ambessa(JUNGLE,T100,pid2); Sivir(BOTTOM,T100,pid4)",ally_support,enemy_utility,ally_jungle; ally_adc,,,,True,True,False,False,False,True,13686,3141
bottom_error_18_EUW1_7736622895_100,bottom_error,18,EUW1_7736622895,100,5.85415,TURRET_PLATE_DESTROYED,"Aurora(TOP,T200,pid6)",,,enemy_top,,,,,TOP_LANE,False,False,False,False,False,False,981,10441
bottom_error_18_EUW1_7736622895_100,bottom_error,18,EUW1_7736622895,100,6.643416666666667,CHAMPION_KILL,"Ambessa(JUNGLE,T100,pid2)","Aurora(TOP,T200,pid6)",,ally_jungle,enemy_top,,,,,False,False,False,False,False,False,1155,11760
bottom_error_18_EUW1_7736622895_100,bottom_error,18,EUW1_7736622895,100,6.743616666666667,CHAMPION_KILL,"Yone(MIDDLE,T200,pid8)","Katarina(MIDDLE,T100,pid3)","Nautilus(UTILITY,T200,pid10)",enemy_middle,ally_middle,enemy_utility,,,,False,False,False,False,False,False,6595,6468
bottom_error_18_EUW1_7736622895_100,bottom_error,18,EUW1_7736622895,100,6.756966666666667,CHAMPION_KILL,"Renekton(TOP,T100,pid1)","Zac(JUNGLE,T200,pid7)","Bard(UTILITY,T100,pid5)",ally_top,enemy_jungle,ally_support,,,,True,False,False,False,True,False,5013,9476
bottom_error_18_EUW1_7736622895_100,bottom_error,18,EUW1_7736622895,100,7.1688,TURRET_PLATE_DESTROYED,,,,,,,,,TOP_LANE,False,False,False,False,False,False,4318,13875
bottom_error_18_EUW1_7736622895_100,bottom_error,18,EUW1_7736622895,100,8.25545,ELITE_MONSTER_KILL,"Ambessa(JUNGLE,T100,pid2)",,,ally_jungle,,,HORDE,,,False,False,False,False,False,False,4790,10182
bottom_error_18_EUW1_7736622895_100,bottom_error,18,EUW1_7736622895,100,8.364566666666667,CHAMPION_KILL,"Katarina(MIDDLE,T100,pid3)","Aurora(TOP,T200,pid6)","Renekton(TOP,T100,pid1); Bard(UTILITY,T100,pid5)",ally_middle,enemy_top,ally_top; ally_support,,,,True,False,False,False,True,False,4573,14063
bottom_error_18_EUW1_7736622895_100,bottom_error,18,EUW1_7736622895,100,8.381816666666667,CHAMPION_KILL,"Aurora(TOP,T200,pid6)","Renekton(TOP,T100,pid1)",,enemy_top,ally_top,,,,,False,False,False,False,False,False,5534,13752
bottom_error_18_EUW1_7736622895_100,bottom_error,18,EUW1_7736622895,100,8.487583333333333,ELITE_MONSTER_KILL,"Yone(MIDDLE,T200,pid8)",,"Ambessa(JUNGLE,T100,pid2); Zac(JUNGLE,T200,pid7)",enemy_middle,,ally_jungle; enemy_jungle,HORDE,,,False,False,False,False,False,False,4841,10638
bottom_error_18_EUW1_7736622895_100,bottom_error,18,EUW1_7736622895,100,8.5221,ELITE_MONSTER_KILL,"Zac(JUNGLE,T200,pid7)",,"Yone(MIDDLE,T200,pid8)",enemy_jungle,,enemy_middle,HORDE,,,False,False,False,False,False,False,5210,10424
bottom_error_18_EUW1_7736622895_100,bottom_error,18,EUW1_7736622895,100,8.708183333333332,CHAMPION_KILL,"Katarina(MIDDLE,T100,pid3)","Nautilus(UTILITY,T200,pid10)","Ambessa(JUNGLE,T100,pid2); Bard(UTILITY,T100,pid5)",ally_middle,enemy_utility,ally_jungle; ally_support,,,,True,False,False,False,True,False,6210,10300
bottom_error_18_EUW1_7736622895_100,bottom_error,18,EUW1_7736622895,100,8.741016666666667,CHAMPION_KILL,"Katarina(MIDDLE,T100,pid3)","Zac(JUNGLE,T200,pid7)",,ally_middle,enemy_jungle,,,,,False,False,False,False,False,False,6293,9989
bottom_error_18_EUW1_7736622895_100,bottom_error,18,EUW1_7736622895,100,8.744916666666667,CHAMPION_KILL,"Yone(MIDDLE,T200,pid8)","Ambessa(JUNGLE,T100,pid2)","Nautilus(UTILITY,T200,pid10)",enemy_middle,ally_jungle,enemy_utility,,,,False,False,False,False,False,False,5769,9386
bottom_error_18_EUW1_7736622895_100,bottom_error,18,EUW1_7736622895,100,8.9121,CHAMPION_KILL,"Katarina(MIDDLE,T100,pid3)","Yone(MIDDLE,T200,pid8)","Ambessa(JUNGLE,T100,pid2); Bard(UTILITY,T100,pid5)",ally_middle,enemy_middle,ally_jungle; ally_support,,,,True,False,False,False,True,False,5917,10485
bottom_error_18_EUW1_7736622895_100,bottom_error,18,EUW1_7736622895,100,9.143983333333333,TURRET_PLATE_DESTROYED,"Sivir(BOTTOM,T100,pid4)",,,ally_adc,,,,,BOT_LANE,False,True,False,False,False,False,13866,4505
bottom_error_18_EUW1_7736622895_100,bottom_error,18,EUW1_7736622895,100,9.197416666666667,TURRET_PLATE_DESTROYED,,,,,,,,,MID_LANE,False,False,False,False,False,False,8955,8510
bottom_error_18_EUW1_7736622895_100,bottom_error,18,EUW1_7736622895,100,9.830116666666667,TURRET_PLATE_DESTROYED,,,,,,,,,TOP_LANE,False,False,False,False,False,False,981,10441
bottom_error_18_EUW1_7736622895_100,bottom_error,18,EUW1_7736622895,100,9.980566666666666,TURRET_PLATE_DESTROYED,"Yone(MIDDLE,T200,pid8)",,,enemy_middle,,,,,MID_LANE,False,False,False,False,False,False,5846,6396
bottom_error_18_EUW1_7736622895_100,bottom_error,18,EUW1_7736622895,100,10.265283333333333,TURRET_PLATE_DESTROYED,"Sivir(BOTTOM,T100,pid4)",,,ally_adc,,,,,BOT_LANE,False,True,False,False,False,False,13866,4505
bottom_error_18_EUW1_7736622895_100,bottom_error,18,EUW1_7736622895,100,10.449183333333334,CHAMPION_KILL,"Katarina(MIDDLE,T100,pid3)","Nautilus(UTILITY,T200,pid10)","Sivir(BOTTOM,T100,pid4); Bard(UTILITY,T100,pid5)",ally_middle,enemy_utility,ally_adc; ally_support,,,,True,True,False,False,True,True,14028,4922
bottom_error_18_EUW1_7736622895_100,bottom_error,18,EUW1_7736622895,100,10.467,CHAMPION_KILL,"Katarina(MIDDLE,T100,pid3)","Seraphine(BOTTOM,T200,pid9)","Sivir(BOTTOM,T100,pid4); Bard(UTILITY,T100,pid5)",ally_middle,enemy_bottom,ally_adc; ally_support,,,,True,True,False,False,True,True,14045,4744
bottom_error_18_EUW1_7736622895_100,bottom_error,18,EUW1_7736622895,100,10.6847,TURRET_PLATE_DESTROYED,,,,,,,,,TOP_LANE,False,False,False,False,False,False,4318,13875
bottom_error_18_EUW1_7736622895_100,bottom_error,18,EUW1_7736622895,100,10.891016666666667,CHAMPION_KILL,"Ambessa(JUNGLE,T100,pid2)","Zac(JUNGLE,T200,pid7)","Katarina(MIDDLE,T100,pid3); Bard(UTILITY,T100,pid5)",ally_jungle,enemy_jungle,ally_middle; ally_support,,,,True,False,False,False,True,False,6352,8225
bottom_error_18_EUW1_7736622895_100,bottom_error,18,EUW1_7736622895,100,10.89325,CHAMPION_KILL,"Bard(UTILITY,T100,pid5)","Yone(MIDDLE,T200,pid8)","Ambessa(JUNGLE,T100,pid2); Katarina(MIDDLE,T100,pid3)",ally_support,enemy_middle,ally_jungle; ally_middle,,,,True,False,False,False,False,False,6662,8354
bottom_error_18_EUW1_7736622895_100,bottom_error,18,EUW1_7736622895,100,11.0039,TURRET_PLATE_DESTROYED,"Sivir(BOTTOM,T100,pid4)",,,ally_adc,,,,,BOT_LANE,False,True,False,False,False,False,13866,4505
bottom_error_18_EUW1_7736622895_100,bottom_error,18,EUW1_7736622895,100,11.4605,ELITE_MONSTER_KILL,"Ambessa(JUNGLE,T100,pid2)",,"Bard(UTILITY,T100,pid5)",ally_jungle,,ally_support,DRAGON,,,True,False,False,False,True,False,9837,4397
bottom_error_19_EUW1_7772199297_100,bottom_error,19,EUW1_7772199297,100,2.58935,CHAMPION_KILL,"Garen(TOP,T200,pid6)","Ambessa(TOP,T100,pid1)",,enemy_top,ally_top,,,,,False,False,False,False,False,False,3037,11149
bottom_error_19_EUW1_7772199297_100,bottom_error,19,EUW1_7772199297,100,2.754166666666667,CHAMPION_KILL,"Graves(JUNGLE,T100,pid2)","Garen(TOP,T200,pid6)","Ambessa(TOP,T100,pid1)",ally_jungle,enemy_top,ally_top,,,,False,False,False,False,False,False,1871,11815
bottom_error_19_EUW1_7772199297_100,bottom_error,19,EUW1_7772199297,100,3.7655166666666666,TURRET_PLATE_DESTROYED,,,,,,,,,BOT_LANE,False,False,False,False,False,False,10504,1029
bottom_error_19_EUW1_7772199297_100,bottom_error,19,EUW1_7772199297,100,3.839,CHAMPION_KILL,"XinZhao(JUNGLE,T200,pid7)","Ambessa(TOP,T100,pid1)","Garen(TOP,T200,pid6)",enemy_jungle,ally_top,enemy_top,,,,False,False,False,False,False,False,1587,12011
bottom_error_19_EUW1_7772199297_100,bottom_error,19,EUW1_7772199297,100,4.24965,CHAMPION_KILL,"Ezreal(BOTTOM,T200,pid9)","Graves(JUNGLE,T100,pid2)","Galio(MIDDLE,T200,pid8); Karma(UTILITY,T200,pid10)",enemy_bottom,ally_jungle,enemy_middle; enemy_utility,,,,False,False,False,False,False,False,13032,5925
bottom_error_19_EUW1_7772199297_100,bottom_error,19,EUW1_7772199297,100,5.703,CHAMPION_KILL,"Garen(TOP,T200,pid6)","Ambessa(TOP,T100,pid1)",,enemy_top,ally_top,,,,,False,False,False,False,False,False,1348,11758
bottom_error_19_EUW1_7772199297_100,bottom_error,19,EUW1_7772199297,100,6.102816666666667,ELITE_MONSTER_KILL,"XinZhao(JUNGLE,T200,pid7)",,"Ezreal(BOTTOM,T200,pid9); Karma(UTILITY,T200,pid10)",enemy_jungle,,enemy_bottom; enemy_utility,DRAGON,,,False,False,False,False,False,False,9846,4427
bottom_error_19_EUW1_7772199297_100,bottom_error,19,EUW1_7772199297,100,7.309283333333333,CHAMPION_KILL,"Ziggs(BOTTOM,T100,pid4)","Ezreal(BOTTOM,T200,pid9)","Bard(UTILITY,T100,pid5)",ally_adc,enemy_bottom,ally_support,,,,True,True,False,False,True,False,14133,4554
bottom_error_19_EUW1_7772199297_100,bottom_error,19,EUW1_7772199297,100,8.299966666666666,TURRET_PLATE_DESTROYED,"Smolder(MIDDLE,T100,pid3)",,,ally_middle,,,,,MID_LANE,False,False,False,False,False,False,8955,8510
bottom_error_19_EUW1_7772199297_100,bottom_error,19,EUW1_7772199297,100,8.461566666666666,CHAMPION_KILL,"Garen(TOP,T200,pid6)","Ambessa(TOP,T100,pid1)","XinZhao(JUNGLE,T200,pid7)",enemy_top,ally_top,enemy_jungle,,,,False,False,False,False,False,False,1868,9806
bottom_error_19_EUW1_7772199297_100,bottom_error,19,EUW1_7772199297,100,9.017033333333334,TURRET_PLATE_DESTROYED,"Galio(MIDDLE,T200,pid8)",,,enemy_middle,,,,,MID_LANE,False,False,False,False,False,False,5846,6396
bottom_error_19_EUW1_7772199297_100,bottom_error,19,EUW1_7772199297,100,9.27785,CHAMPION_KILL,"Ziggs(BOTTOM,T100,pid4)","Ezreal(BOTTOM,T200,pid9)","Bard(UTILITY,T100,pid5)",ally_adc,enemy_bottom,ally_support,,,,True,True,False,False,True,False,13643,4028
bottom_error_19_EUW1_7772199297_100,bottom_error,19,EUW1_7772199297,100,9.6084,CHAMPION_KILL,"XinZhao(JUNGLE,T200,pid7)","Bard(UTILITY,T100,pid5)","Karma(UTILITY,T200,pid10)",enemy_jungle,ally_support,enemy_utility,,,,True,False,True,False,False,False,13836,1783
bottom_error_19_EUW1_7772199297_100,bottom_error,19,EUW1_7772199297,100,10.124216666666667,ELITE_MONSTER_KILL,"Graves(JUNGLE,T100,pid2)",,,ally_jungle,,,HORDE,,,False,False,False,False,False,False,5210,10424
bottom_error_19_EUW1_7772199297_100,bottom_error,19,EUW1_7772199297,100,10.21035,ELITE_MONSTER_KILL,"Graves(JUNGLE,T100,pid2)",,,ally_jungle,,,HORDE,,,False,False,False,False,False,False,4889,10277
bottom_error_19_EUW1_7772199297_100,bottom_error,19,EUW1_7772199297,100,11.151083333333334,TURRET_PLATE_DESTROYED,,,,,,,,,MID_LANE,False,False,False,False,False,False,5846,6396
bottom_error_19_EUW1_7772199297_100,bottom_error,19,EUW1_7772199297,100,11.304733333333333,TURRET_PLATE_DESTROYED,"Garen(TOP,T200,pid6)",,,enemy_top,,,,,TOP_LANE,False,False,False,False,False,False,981,10441
bottom_error_19_EUW1_7772199297_100,bottom_error,19,EUW1_7772199297,100,11.546266666666666,TURRET_PLATE_DESTROYED,,,,,,,,,MID_LANE,False,False,False,False,False,False,8955,8510
bottom_error_19_EUW1_7772199297_100,bottom_error,19,EUW1_7772199297,100,11.594716666666667,ELITE_MONSTER_KILL,"XinZhao(JUNGLE,T200,pid7)",,"Ezreal(BOTTOM,T200,pid9); Karma(UTILITY,T200,pid10)",enemy_jungle,,enemy_bottom; enemy_utility,DRAGON,,,False,False,False,False,False,False,10406,4744
bottom_error_19_EUW1_7772199297_100,bottom_error,19,EUW1_7772199297,100,11.7452,TURRET_PLATE_DESTROYED,"Garen(TOP,T200,pid6)",,,enemy_top,,,,,TOP_LANE,False,False,False,False,False,False,981,10441
bottom_error_19_EUW1_7772199297_100,bottom_error,19,EUW1_7772199297,100,11.886216666666666,ELITE_MONSTER_KILL,"Graves(JUNGLE,T100,pid2)",,,ally_jungle,,,HORDE,,,False,False,False,False,False,False,4842,10638
bottom_error_20_EUW1_7761485723_200,bottom_error,20,EUW1_7761485723,200,0.7728333333333334,CHAMPION_KILL,"Ezreal(BOTTOM,T200,pid9)","Pantheon(UTILITY,T100,pid5)","Elise(UTILITY,T200,pid10)",ally_adc,enemy_utility,ally_support,,,,True,True,False,False,True,False,10669,1081
bottom_error_20_EUW1_7761485723_200,bottom_error,20,EUW1_7761485723,200,2.17515,CHAMPION_KILL,"Pantheon(UTILITY,T100,pid5)","Elise(UTILITY,T200,pid10)","Seraphine(BOTTOM,T100,pid4)",enemy_utility,ally_support,enemy_bottom,,,,True,False,True,False,False,False,12573,2551
bottom_error_20_EUW1_7761485723_200,bottom_error,20,EUW1_7761485723,200,3.355183333333333,CHAMPION_KILL,"Darius(TOP,T200,pid6)","Zac(TOP,T100,pid1)",,ally_top,enemy_top,,,,,False,False,False,False,False,False,1613,10942
bottom_error_20_EUW1_7761485723_200,bottom_error,20,EUW1_7761485723,200,3.4816166666666666,CHAMPION_KILL,"Ekko(JUNGLE,T100,pid2)","Darius(TOP,T200,pid6)","Zac(TOP,T100,pid1)",enemy_jungle,ally_top,enemy_top,,,,False,False,False,False,False,False,1616,11771
bottom_error_20_EUW1_7761485723_200,bottom_error,20,EUW1_7761485723,200,3.6637833333333334,CHAMPION_KILL,"Ekko(JUNGLE,T100,pid2)","Lillia(JUNGLE,T200,pid7)","Akshan(MIDDLE,T100,pid3)",enemy_jungle,ally_jungle,enemy_middle,,,,False,False,False,False,False,False,4727,9479
bottom_error_20_EUW1_7761485723_200,bottom_error,20,EUW1_7761485723,200,3.8716666666666666,CHAMPION_KILL,"Pantheon(UTILITY,T100,pid5)","Elise(UTILITY,T200,pid10)","Seraphine(BOTTOM,T100,pid4)",enemy_utility,ally_support,enemy_bottom,,,,True,False,True,False,False,False,12315,2124
bottom_error_20_EUW1_7761485723_200,bottom_error,20,EUW1_7761485723,200,4.322816666666666,TURRET_PLATE_DESTROYED,,,,,,,,,BOT_LANE,False,False,False,False,False,False,13866,4505
bottom_error_20_EUW1_7761485723_200,bottom_error,20,EUW1_7761485723,200,4.352866666666666,CHAMPION_KILL,"Akshan(MIDDLE,T100,pid3)","Viktor(MIDDLE,T200,pid8)",,enemy_middle,ally_middle,,,,,False,False,False,False,False,False,9279,8338
bottom_error_20_EUW1_7761485723_200,bottom_error,20,EUW1_7761485723,200,4.536183333333334,CHAMPION_KILL,"Elise(UTILITY,T200,pid10)","Ekko(JUNGLE,T100,pid2)",,ally_support,enemy_jungle,,,,,True,False,False,False,False,False,7203,6281
bottom_error_20_EUW1_7761485723_200,bottom_error,20,EUW1_7761485723,200,4.7464,CHAMPION_KILL,"Akshan(MIDDLE,T100,pid3)","Elise(UTILITY,T200,pid10)","Ekko(JUNGLE,T100,pid2)",enemy_middle,ally_support,enemy_jungle,,,,True,False,True,False,False,False,5506,6074
bottom_error_20_EUW1_7761485723_200,bottom_error,20,EUW1_7761485723,200,5.13295,CHAMPION_KILL,"Ekko(JUNGLE,T100,pid2)","Lillia(JUNGLE,T200,pid7)","Pantheon(UTILITY,T100,pid5)",enemy_jungle,ally_jungle,enemy_utility,,,,False,False,False,False,False,False,7742,5088
bottom_error_20_EUW1_7761485723_200,bottom_error,20,EUW1_7761485723,200,5.78915,CHAMPION_KILL,"Darius(TOP,T200,pid6)","Zac(TOP,T100,pid1)","Elise(UTILITY,T200,pid10)",ally_top,enemy_top,ally_support,,,,True,False,False,False,True,False,881,9764
bottom_error_20_EUW1_7761485723_200,bottom_error,20,EUW1_7761485723,200,5.800283333333334,TURRET_PLATE_DESTROYED,,,,,,,,,TOP_LANE,False,False,False,False,False,False,981,10441
bottom_error_20_EUW1_7761485723_200,bottom_error,20,EUW1_7761485723,200,5.815316666666667,CHAMPION_KILL,"Zac(TOP,T100,pid1)","Darius(TOP,T200,pid6)",,enemy_top,ally_top,,,,,False,False,False,False,False,False,750,9364
bottom_error_20_EUW1_7761485723_200,bottom_error,20,EUW1_7761485723,200,6.136633333333333,TURRET_PLATE_DESTROYED,"Seraphine(BOTTOM,T100,pid4)",,,enemy_bottom,,,,,BOT_LANE,False,False,False,False,False,False,13866,4505
bottom_error_20_EUW1_7761485723_200,bottom_error,20,EUW1_7761485723,200,6.1951,CHAMPION_KILL,"Seraphine(BOTTOM,T100,pid4)","Ezreal(BOTTOM,T200,pid9)","Pantheon(UTILITY,T100,pid5)",enemy_bottom,ally_adc,enemy_utility,,,,False,True,False,True,False,False,14020,4181
bottom_error_20_EUW1_7761485723_200,bottom_error,20,EUW1_7761485723,200,6.302533333333334,TURRET_PLATE_DESTROYED,"Akshan(MIDDLE,T100,pid3)",,,enemy_middle,,,,,MID_LANE,False,False,False,False,False,False,8955,8510
bottom_error_20_EUW1_7761485723_200,bottom_error,20,EUW1_7761485723,200,6.643766666666667,CHAMPION_KILL,"Akshan(MIDDLE,T100,pid3)","Viktor(MIDDLE,T200,pid8)",,enemy_middle,ally_middle,,,,,False,False,False,False,False,False,8549,8116
bottom_error_20_EUW1_7761485723_200,bottom_error,20,EUW1_7761485723,200,6.72395,CHAMPION_KILL,"Elise(UTILITY,T200,pid10)","Akshan(MIDDLE,T100,pid3)","Viktor(MIDDLE,T200,pid8)",ally_support,enemy_middle,ally_middle,,,,True,False,False,False,False,False,7836,7125
bottom_error_20_EUW1_7761485723_200,bottom_error,20,EUW1_7761485723,200,6.888166666666667,CHAMPION_KILL,"Zac(TOP,T100,pid1)","Darius(TOP,T200,pid6)","Ekko(JUNGLE,T100,pid2)",enemy_top,ally_top,enemy_jungle,,,,False,False,False,False,False,False,2272,12902
bottom_error_20_EUW1_7761485723_200,bottom_error,20,EUW1_7761485723,200,7.1294,TURRET_PLATE_DESTROYED,"Zac(TOP,T100,pid1)",,,enemy_top,,,,,TOP_LANE,False,False,False,False,False,False,4318,13875
bottom_error_20_EUW1_7761485723_200,bottom_error,20,EUW1_7761485723,200,7.474083333333334,CHAMPION_KILL,"Elise(UTILITY,T200,pid10)","Pantheon(UTILITY,T100,pid5)","Ezreal(BOTTOM,T200,pid9)",ally_support,enemy_utility,ally_adc,,,,True,True,False,False,False,True,12614,2074
bottom_error_20_EUW1_7761485723_200,bottom_error,20,EUW1_7761485723,200,7.57165,CHAMPION_KILL,"Elise(UTILITY,T200,pid10)","Seraphine(BOTTOM,T100,pid4)","Ezreal(BOTTOM,T200,pid9)",ally_support,enemy_bottom,ally_adc,,,,True,True,False,False,False,True,11755,1758
bottom_error_20_EUW1_7761485723_200,bottom_error,20,EUW1_7761485723,200,7.800233333333333,TURRET_PLATE_DESTROYED,"Darius(TOP,T200,pid6)",,,ally_top,,,,,TOP_LANE,False,False,False,False,False,False,981,10441
bottom_error_20_EUW1_7761485723_200,bottom_error,20,EUW1_7761485723,200,7.934033333333334,CHAMPION_KILL,"Akshan(MIDDLE,T100,pid3)","Elise(UTILITY,T200,pid10)",,enemy_middle,ally_support,,,,,True,False,True,False,False,False,12934,1800
bottom_error_20_EUW1_7761485723_200,bottom_error,20,EUW1_7761485723,200,8.268133333333333,CHAMPION_KILL,"Ezreal(BOTTOM,T200,pid9)","Akshan(MIDDLE,T100,pid3)",,ally_adc,enemy_middle,,,,,False,True,False,False,False,False,13431,3591
bottom_error_20_EUW1_7761485723_200,bottom_error,20,EUW1_7761485723,200,8.431816666666666,TURRET_PLATE_DESTROYED,,,,,,,,,BOT_LANE,False,False,False,False,False,False,13866,4505
bottom_error_20_EUW1_7761485723_200,bottom_error,20,EUW1_7761485723,200,8.843116666666667,CHAMPION_KILL,"Darius(TOP,T200,pid6)","Zac(TOP,T100,pid1)","Elise(UTILITY,T200,pid10)",ally_top,enemy_top,ally_support,,,,True,False,False,False,True,False,1330,10991
bottom_error_20_EUW1_7761485723_200,bottom_error,20,EUW1_7761485723,200,8.893216666666667,CHAMPION_KILL,"Pantheon(UTILITY,T100,pid5)","Lillia(JUNGLE,T200,pid7)","Ekko(JUNGLE,T100,pid2)",enemy_utility,ally_jungle,enemy_jungle,,,,False,False,False,False,False,False,9329,8044
bottom_error_20_EUW1_7761485723_200,bottom_error,20,EUW1_7761485723,200,8.963416666666667,CHAMPION_KILL,"Pantheon(UTILITY,T100,pid5)","Viktor(MIDDLE,T200,pid8)","Ekko(JUNGLE,T100,pid2)",enemy_utility,ally_middle,enemy_jungle,,,,False,False,False,False,False,False,9662,8816
bottom_error_20_EUW1_7761485723_200,bottom_error,20,EUW1_7761485723,200,9.21285,TURRET_PLATE_DESTROYED,,,,,,,,,TOP_LANE,False,False,False,False,False,False,981,10441
bottom_error_20_EUW1_7761485723_200,bottom_error,20,EUW1_7761485723,200,9.727266666666667,TURRET_PLATE_DESTROYED,,,,,,,,,MID_LANE,False,False,False,False,False,False,8955,8510
bottom_error_20_EUW1_7761485723_200,bottom_error,20,EUW1_7761485723,200,9.7515,CHAMPION_KILL,"Ezreal(BOTTOM,T200,pid9)","Akshan(MIDDLE,T100,pid3)","Viktor(MIDDLE,T200,pid8); Elise(UTILITY,T200,pid10)",ally_adc,enemy_middle,ally_middle; ally_support,,,,True,True,False,False,True,False,7531,8511
bottom_error_20_EUW1_7761485723_200,bottom_error,20,EUW1_7761485723,200,10.05235,TURRET_PLATE_DESTROYED,"Viktor(MIDDLE,T200,pid8)",,,ally_middle,,,,,MID_LANE,False,False,False,False,False,False,5846,6396
bottom_error_20_EUW1_7761485723_200,bottom_error,20,EUW1_7761485723,200,10.102316666666667,ELITE_MONSTER_KILL,"Pantheon(UTILITY,T100,pid5)",,"Zac(TOP,T100,pid1); Ekko(JUNGLE,T100,pid2)",enemy_utility,,enemy_top; enemy_jungle,HORDE,,,False,False,False,False,False,False,4586,9819
bottom_error_20_EUW1_7761485723_200,bottom_error,20,EUW1_7761485723,200,10.1886,ELITE_MONSTER_KILL,"Ekko(JUNGLE,T100,pid2)",,"Zac(TOP,T100,pid1); Pantheon(UTILITY,T100,pid5)",enemy_jungle,,enemy_top; enemy_utility,HORDE,,,False,False,False,False,False,False,4760,9837
bottom_error_20_EUW1_7761485723_200,bottom_error,20,EUW1_7761485723,200,10.298533333333333,ELITE_MONSTER_KILL,"Ekko(JUNGLE,T100,pid2)",,"Pantheon(UTILITY,T100,pid5)",enemy_jungle,,enemy_utility,HORDE,,,False,False,False,False,False,False,4794,10146
bottom_error_20_EUW1_7761485723_200,bottom_error,20,EUW1_7761485723,200,10.319683333333334,ELITE_MONSTER_KILL,"Lillia(JUNGLE,T200,pid7)",,,ally_jungle,,,DRAGON,,,False,False,False,False,False,False,9837,4397
bottom_error_20_EUW1_7761485723_200,bottom_error,20,EUW1_7761485723,200,10.3787,CHAMPION_KILL,"Ezreal(BOTTOM,T200,pid9)","Seraphine(BOTTOM,T100,pid4)","Elise(UTILITY,T200,pid10)",ally_adc,enemy_bottom,ally_support,,,,True,True,False,False,True,False,11648,1874
bottom_error_20_EUW1_7761485723_200,bottom_error,20,EUW1_7761485723,200,10.556,CHAMPION_KILL,"Akshan(MIDDLE,T100,pid3)","Lillia(JUNGLE,T200,pid7)",,enemy_middle,ally_jungle,,,,,False,False,False,False,False,False,6438,8403
bottom_error_20_EUW1_7761485723_200,bottom_error,20,EUW1_7761485723,200,10.7586,TURRET_PLATE_DESTROYED,"Elise(UTILITY,T200,pid10)",,,ally_support,,,,,BOT_LANE,True,False,False,False,False,False,10504,1029
bottom_error_20_EUW1_7761485723_200,bottom_error,20,EUW1_7761485723,200,10.84605,CHAMPION_KILL,"Ekko(JUNGLE,T100,pid2)","Viktor(MIDDLE,T200,pid8)","Akshan(MIDDLE,T100,pid3)",enemy_jungle,ally_middle,enemy_middle,,,,False,False,False,False,False,False,8288,7772
bottom_error_20_EUW1_7761485723_200,bottom_error,20,EUW1_7761485723,200,10.890266666666667,CHAMPION_KILL,"Ezreal(BOTTOM,T200,pid9)","Pantheon(UTILITY,T100,pid5)","Elise(UTILITY,T200,pid10)",ally_adc,enemy_utility,ally_support,,,,True,True,False,False,True,False,10409,847
bottom_error_20_EUW1_7761485723_200,bottom_error,20,EUW1_7761485723,200,11.225283333333334,TURRET_PLATE_DESTROYED,,,,,,,,,MID_LANE,False,False,False,False,False,False,8955,8510
bottom_error_20_EUW1_7761485723_200,bottom_error,20,EUW1_7761485723,200,11.887233333333333,CHAMPION_KILL,"Elise(UTILITY,T200,pid10)","Seraphine(BOTTOM,T100,pid4)","Ezreal(BOTTOM,T200,pid9)",ally_support,enemy_bottom,ally_adc,,,,True,True,False,False,False,True,10743,924
bottom_error_20_EUW1_7761485723_200,bottom_error,20,EUW1_7761485723,200,11.969866666666666,CHAMPION_KILL,"Elise(UTILITY,T200,pid10)","Pantheon(UTILITY,T100,pid5)","Ezreal(BOTTOM,T200,pid9)",ally_support,enemy_utility,ally_adc,,,,True,True,False,False,False,True,10391,2270
