ally_utility_champion_name,ally_bottom_champion_name,n,mean_abs_error,median_abs_error,p90_abs_error,mean_signed_error,mean_prediction,mean_actual
Mel,Seraphine,1,0.6099823021646971,0.6099823021646971,0.6099823021646971,-0.6099823021646971,0.3740724423003742,0.9840547444650712
Sion,Smolder,1,0.5927683303547882,0.5927683303547882,0.5927683303547882,-0.5927683303547882,0.3248863524054807,0.9176546827602688
Nami,DrMundo,1,0.5772156118240055,0.5772156118240055,0.5772156118240055,-0.5772156118240055,0.3995044346318201,0.9767200464558257
Rammus,Caitlyn,1,0.5447656162106913,0.5447656162106913,0.5447656162106913,-0.5447656162106913,0.45523438378930864,1.0
Syndra,Corki,1,0.5322740634425275,0.5322740634425275,0.5322740634425275,-0.5322740634425275,0.363079260368082,0.8953533238106095
Yuumi,Sion,1,0.5320284116370447,0.5320284116370447,0.5320284116370447,-0.5320284116370447,0.21964867177453776,0.7516770834115825
Karthus,Lucian,1,0.5106081946606982,0.5106081946606982,0.5106081946606982,-0.5106081946606982,0.2981609450427708,0.808769139703469
Zac,Jinx,1,0.49801966092575184,0.49801966092575184,0.49801966092575184,-0.49801966092575184,0.38669549556938626,0.8847151564951381
Ashe,Singed,1,0.4900401631938431,0.4900401631938431,0.4900401631938431,-0.4900401631938431,0.40819296806130484,0.8982331312551479
Ashe,Zyra,1,0.4898770790854579,0.4898770790854579,0.4898770790854579,-0.4898770790854579,0.39236412776659163,0.8822412068520495
Shen,Singed,1,0.48371951120903156,0.48371951120903156,0.48371951120903156,-0.48371951120903156,0.3834782931200257,0.8671978043290572
Elise,Akshan,1,0.4833799723750757,0.4833799723750757,0.4833799723750757,-0.4833799723750757,0.5166200276249243,1.0
Singed,Ezreal,1,0.47962239320318956,0.47962239320318956,0.47962239320318956,0.47962239320318956,0.47962239320318956,0.0
Rakan,Chogath,1,0.47398196554123134,0.47398196554123134,0.47398196554123134,0.47398196554123134,0.47398196554123134,0.0
Caitlyn,Corki,1,0.4662498576652125,0.4662498576652125,0.4662498576652125,-0.4662498576652125,0.3724210264266122,0.8386708840918247
Sona,Aurora,1,0.4642358948298253,0.4642358948298253,0.4642358948298253,-0.4642358948298253,0.3920249070082532,0.8562608018380785
Braum,Aurora,1,0.4594818249251502,0.4594818249251502,0.4594818249251502,-0.4594818249251502,0.3736378098159854,0.8331196347411356
Karma,Ahri,1,0.45092294760302276,0.45092294760302276,0.45092294760302276,-0.45092294760302276,0.4281184850022207,0.8790414326052435
Seraphine,Akshan,1,0.45005424480257955,0.45005424480257955,0.45005424480257955,-0.45005424480257955,0.4127799605310534,0.862834205333633
Belveth,Yunara,1,0.44686258259915335,0.44686258259915335,0.44686258259915335,-0.44686258259915335,0.46751647630523185,0.9143790589043852
Sejuani,Fiora,1,0.4446870830017132,0.4446870830017132,0.4446870830017132,-0.4446870830017132,0.4078099303682048,0.852497013369918
Zed,Swain,1,0.4416415413130235,0.4416415413130235,0.4416415413130235,0.4416415413130235,0.4830626619154337,0.041421120602410134
Nami,Sona,1,0.4403355393938876,0.4403355393938876,0.4403355393938876,0.4403355393938876,0.45805233123448064,0.017716791840593056
JarvanIV,Singed,1,0.4365998650667436,0.4365998650667436,0.4365998650667436,-0.4365998650667436,0.4951107516428764,0.93171061670962
Twitch,Ziggs,1,0.4337446159988583,0.4337446159988583,0.4337446159988583,-0.4337446159988583,0.5662553840011417,1.0
Kalista,Renata,1,0.43054215051558553,0.43054215051558553,0.43054215051558553,0.43054215051558553,0.43054215051558553,0.0
Lissandra,Jinx,1,0.4275408191299963,0.4275408191299963,0.4275408191299963,-0.4275408191299963,0.39890960944741294,0.8264504285774092
Rakan,Irelia,1,0.4249705525186208,0.4249705525186208,0.4249705525186208,-0.4249705525186208,0.38902568993269127,0.8139962424513121
Maokai,Zed,1,0.42207625725576875,0.42207625725576875,0.42207625725576875,-0.42207625725576875,0.4631701936661738,0.8852464509219425
Anivia,Malzahar,1,0.4207129096031561,0.4207129096031561,0.4207129096031561,0.4207129096031561,0.4207129096031561,0.0
Singed,Jinx,1,0.4199071021428189,0.4199071021428189,0.4199071021428189,-0.4199071021428189,0.4775856253446451,0.897492727487464
Brand,Naafiri,1,0.41169291741387476,0.41169291741387476,0.41169291741387476,-0.41169291741387476,0.39998433001413286,0.8116772474280076
Zilean,Malzahar,1,0.40898611858951256,0.40898611858951256,0.40898611858951256,0.40898611858951256,0.40898611858951256,0.0
Nautilus,Orianna,1,0.4060634848865133,0.4060634848865133,0.4060634848865133,-0.4060634848865133,0.4246207531153184,0.8306842380018317
Soraka,Cassiopeia,1,0.3979851188098638,0.3979851188098638,0.3979851188098638,-0.3979851188098638,0.2625745871578265,0.6605597059676903
Senna,Soraka,1,0.3978634432686077,0.3978634432686077,0.3978634432686077,-0.3978634432686077,0.2811040040488042,0.6789674473174119
Pyke,Soraka,2,0.39600460037782603,0.39600460037782603,0.5194895924008858,-0.15435624002882462,0.45596879062607115,0.6103250306548957
Zed,Ashe,1,0.39407130724391937,0.39407130724391937,0.39407130724391937,0.39407130724391937,0.39407130724391937,0.0
MissFortune,Chogath,1,0.3935980688631652,0.3935980688631652,0.3935980688631652,-0.3935980688631652,0.3177469487293305,0.7113450175924957
Gangplank,Aphelios,1,0.3904187222439546,0.3904187222439546,0.3904187222439546,0.3904187222439546,0.3904187222439546,0.0
Samira,Mel,1,0.38914210727772963,0.38914210727772963,0.38914210727772963,-0.38914210727772963,0.35377806425713626,0.7429201715348659
AurelionSol,Kaisa,1,0.38855149143025314,0.38855149143025314,0.38855149143025314,-0.38855149143025314,0.6114485085697469,1.0
Taliyah,MissFortune,1,0.3856937537298478,0.3856937537298478,0.3856937537298478,-0.3856937537298478,0.43722008617120944,0.8229138399010573
LeeSin,Sylas,1,0.38139681136826653,0.38139681136826653,0.38139681136826653,0.38139681136826653,0.4810476017467272,0.09965079037846068
Elise,Zeri,1,0.3811807751285004,0.3811807751285004,0.3811807751285004,0.3811807751285004,0.4998771883145766,0.11869641318607622
Zyra,Fizz,1,0.38115220789128257,0.38115220789128257,0.38115220789128257,-0.38115220789128257,0.3180743061465541,0.6992265140378366
Zyra,Seraphine,2,0.3778449891808373,0.3778449891808373,0.5211981974805548,-0.17919151037464687,0.335188055685089,0.5143795660597359
RekSai,Veigar,1,0.37654980752757006,0.37654980752757006,0.37654980752757006,0.37654980752757006,0.5076549068495931,0.1311050993220231
Ezreal,Kaisa,1,0.375838567361654,0.375838567361654,0.375838567361654,0.375838567361654,0.375838567361654,0.0
Lux,Zoe,1,0.3744959598312489,0.3744959598312489,0.3744959598312489,-0.3744959598312489,0.3877909084531715,0.7622868682844204
Chogath,Brand,1,0.37351174446239926,0.37351174446239926,0.37351174446239926,0.37351174446239926,0.4922081576484755,0.11869641318607622
Zoe,Syndra,1,0.37153164577005915,0.37153164577005915,0.37153164577005915,0.37153164577005915,0.5076208046970366,0.13608915892697745
Elise,Viktor,1,0.3708846426445831,0.3708846426445831,0.3708846426445831,0.3708846426445831,0.5743601841436332,0.20347554149905014
FiddleSticks,Viktor,1,0.37064961620689896,0.37064961620689896,0.37064961620689896,-0.37064961620689896,0.3929392269035179,0.7635888431104169
TwistedFate,Swain,1,0.36958896317376566,0.36958896317376566,0.36958896317376566,0.36958896317376566,0.5265180897066127,0.15692912653284707
Pyke,Rengar,1,0.3687378947166008,0.3687378947166008,0.3687378947166008,-0.3687378947166008,0.520411190578307,0.8891490852949078
Trundle,Nilah,1,0.3668196490175193,0.3668196490175193,0.3668196490175193,0.3668196490175193,0.44866844853172433,0.08184879951420507
Ivern,Lucian,2,0.36634114354604475,0.36634114354604475,0.5839692345537602,-0.36634114354604475,0.3681095974279888,0.7344507409740335
Lulu,Lux,2,0.3657691645350002,0.3657691645350002,0.470478452403865,-0.13088660983608097,0.39165109089996836,0.5225377007360493
Soraka,Chogath,1,0.36522954094109034,0.36522954094109034,0.36522954094109034,-0.36522954094109034,0.3061696327312606,0.6713991736723509
Bard,Morgana,1,0.36271197702183644,0.36271197702183644,0.36271197702183644,0.36271197702183644,0.563519833611769,0.2008078565899326
Rammus,Yunara,1,0.3621161541127863,0.3621161541127863,0.3621161541127863,-0.3621161541127863,0.501561990614346,0.8636781447271323
Alistar,LeeSin,1,0.3605969551917554,0.3605969551917554,0.3605969551917554,-0.3605969551917554,0.4074201636801449,0.7680171188719003
Jax,Kalista,1,0.35990739588056797,0.35990739588056797,0.35990739588056797,-0.35990739588056797,0.5018011286956185,0.8617085245761865
Janna,Qiyana,1,0.3597506159007679,0.3597506159007679,0.3597506159007679,-0.3597506159007679,0.39931998114234685,0.7590705970431147
Neeko,Qiyana,1,0.3589904853649465,0.3589904853649465,0.3589904853649465,0.3589904853649465,0.49507964429192397,0.13608915892697745
Olaf,Vladimir,1,0.35869777237794004,0.35869777237794004,0.35869777237794004,0.35869777237794004,0.3823848781277842,0.023687105749844197
Anivia,Gnar,1,0.3586436468789701,0.3586436468789701,0.3586436468789701,0.3586436468789701,0.3586436468789701,0.0
Orianna,Xayah,1,0.35813384090751743,0.35813384090751743,0.35813384090751743,0.35813384090751743,0.35813384090751743,0.0
Lissandra,Mel,1,0.35793161789682926,0.35793161789682926,0.35793161789682926,-0.35793161789682926,0.46520474943154544,0.8231363673283747
Sylas,Taliyah,1,0.3564465354173487,0.3564465354173487,0.3564465354173487,-0.3564465354173487,0.48283326246120484,0.8392797978785536
Nami,Viego,1,0.35584656813849097,0.35584656813849097,0.35584656813849097,0.35584656813849097,0.35584656813849097,0.0
Maokai,Cassiopeia,3,0.35572786544580154,0.39525239034730897,0.49733818055119167,0.007154780044359922,0.4033128095183229,0.3961580294739629
Veigar,Lux,1,0.3546799955229164,0.3546799955229164,0.3546799955229164,0.3546799955229164,0.36735158210117225,0.01267158657825583
Zilean,LeeSin,1,0.35202462007502405,0.35202462007502405,0.35202462007502405,0.35202462007502405,0.35202462007502405,0.0
JarvanIV,Seraphine,1,0.3519757484753846,0.3519757484753846,0.3519757484753846,0.3519757484753846,0.5189094146869196,0.16693366621153505
Ekko,Samira,1,0.35032720954886176,0.35032720954886176,0.35032720954886176,0.35032720954886176,0.47854797190139226,0.1282207623525305
Lissandra,Karthus,1,0.34998617033417034,0.34998617033417034,0.34998617033417034,0.34998617033417034,0.4783287983566325,0.12834262802246219
Kennen,AurelionSol,1,0.3498627252493348,0.3498627252493348,0.3498627252493348,-0.3498627252493348,0.5063980765887437,0.8562608018380785
Nami,Olaf,1,0.34827018429130463,0.34827018429130463,0.34827018429130463,0.34827018429130463,0.34827018429130463,0.0
Karthus,Tristana,1,0.3475248961110887,0.3475248961110887,0.3475248961110887,-0.3475248961110887,0.30147859719869974,0.6490034933097885
Rumble,Ezreal,1,0.34712258801795004,0.34712258801795004,0.34712258801795004,-0.34712258801795004,0.42089453085395023,0.7680171188719003
Karma,Fiora,2,0.3458191677588698,0.3458191677588698,0.36036638629933965,0.3458191677588698,0.37020096272602165,0.024381794967151878
Zac,Sivir,2,0.3446741641371514,0.3446741641371514,0.4091444927755034,0.08058791079794003,0.43669575305639985,0.3561078422584598
Ekko,MissFortune,1,0.3440241565926849,0.3440241565926849,0.3440241565926849,0.3440241565926849,0.47196853967624525,0.1279443830835603
Zac,MissFortune,1,0.3430270033367638,0.3430270033367638,0.3430270033367638,0.3430270033367638,0.38245568765136106,0.039428684314597284
Jax,Velkoz,1,0.34278495831166067,0.34278495831166067,0.34278495831166067,-0.34278495831166067,0.5579640261414154,0.900748984453076
JarvanIV,Jinx,1,0.34191715345200124,0.34191715345200124,0.34191715345200124,-0.34191715345200124,0.38348402428839046,0.7254011777403917
Kayle,Smolder,2,0.34153860714275286,0.34153860714275286,0.39824972735596004,-0.07088890026650893,0.26542155871386663,0.33631045898037554
Lulu,Quinn,1,0.3414495583242309,0.3414495583242309,0.3414495583242309,-0.3414495583242309,0.43311489466648706,0.774564452990718
Zilean,Zyra,4,0.34138162202581074,0.31248971738853193,0.4665558812699663,-0.34138162202581074,0.39682415183403164,0.7382057738598424
Rumble,Zeri,1,0.341159662443317,0.341159662443317,0.341159662443317,0.341159662443317,0.43605840506910704,0.09489874262579
Nidalee,Kalista,1,0.34042232725051635,0.34042232725051635,0.34042232725051635,-0.34042232725051635,0.40249784428434954,0.7429201715348659
Senna,Jax,1,0.3403738277946199,0.3403738277946199,0.3403738277946199,0.3403738277946199,0.3403738277946199,0.0
RekSai,Zilean,1,0.33987404802222265,0.33987404802222265,0.33987404802222265,0.33987404802222265,0.5116772914989329,0.17180324347671028
Singed,Vayne,1,0.33912364089765024,0.33912364089765024,0.33912364089765024,-0.33912364089765024,0.5079060149460547,0.8470296558437049
Senna,Kennen,1,0.3381636081615053,0.3381636081615053,0.3381636081615053,0.3381636081615053,0.3381636081615053,0.0
Lulu,Vladimir,3,0.33654532379634433,0.2944897053066822,0.4568114299094206,0.0049507497562742515,0.3641143646673934,0.3591636149111191
Sylas,MasterYi,1,0.33546899426963395,0.33546899426963395,0.33546899426963395,0.33546899426963395,0.4963504694339947,0.16088147516436072
TwistedFate,Kalista,1,0.3343980609929237,0.3343980609929237,0.3343980609929237,-0.3343980609929237,0.40018129181551554,0.7345793528084392
AurelionSol,Senna,1,0.3332491731713283,0.3332491731713283,0.3332491731713283,-0.3332491731713283,0.6181383354357235,0.9513875086070518
Alistar,Aurora,1,0.33249948529507267,0.33249948529507267,0.33249948529507267,-0.33249948529507267,0.5237613165430058,0.8562608018380785
Taric,Veigar,1,0.33186842322541354,0.33186842322541354,0.33186842322541354,0.33186842322541354,0.3655921873521078,0.033723764126694276
Maokai,KogMaw,4,0.3314907723499805,0.3446549336291673,0.44949050687653436,0.10195974577523075,0.40701500825879744,0.3050552624835667
Bard,Camille,1,0.33127376674329917,0.33127376674329917,0.33127376674329917,0.33127376674329917,0.4499701799293754,0.11869641318607622
JarvanIV,Caitlyn,1,0.33125347310406505,0.33125347310406505,0.33125347310406505,-0.33125347310406505,0.42370829328769544,0.7549617663917605
Janna,Soraka,1,0.33010716494492104,0.33010716494492104,0.33010716494492104,-0.33010716494492104,0.45300804353509744,0.7831152084800185
Nasus,LeeSin,1,0.3300139304843853,0.3300139304843853,0.3300139304843853,0.3300139304843853,0.3300139304843853,0.0
FiddleSticks,Seraphine,1,0.32868992916929013,0.32868992916929013,0.32868992916929013,-0.32868992916929013,0.46376773423633005,0.7924576634056202
Elise,DrMundo,1,0.3278272203389526,0.3278272203389526,0.3278272203389526,-0.3278272203389526,0.5709150002195958,0.8987422205585485
Skarner,Ashe,1,0.32741400521925856,0.32741400521925856,0.32741400521925856,0.32741400521925856,0.418127198600468,0.09071319338120945
Zac,Jhin,1,0.32668736036847357,0.32668736036847357,0.32668736036847357,0.32668736036847357,0.4642119682983818,0.13752460792990823
Morgana,Kalista,1,0.32633404816508926,0.32633404816508926,0.32633404816508926,0.32633404816508926,0.32633404816508926,0.0
Morgana,Lucian,1,0.32631975639871974,0.32631975639871974,0.32631975639871974,0.32631975639871974,0.32631975639871974,0.0
Janna,Zoe,1,0.32488324706117033,0.32488324706117033,0.32488324706117033,0.32488324706117033,0.483676205532028,0.1587929584708577
Senna,Karma,4,0.3241598573469876,0.2951290122986828,0.4304710206696786,-0.02903084504830479,0.32821933599914765,0.35725018104745243
Jax,Zeri,1,0.3237422127852966,0.3237422127852966,0.3237422127852966,-0.3237422127852966,0.48291819144453774,0.8066604042298343
Taric,Gwen,1,0.3235057006620101,0.3235057006620101,0.3235057006620101,0.3235057006620101,0.360741669120116,0.0372359684581059
Anivia,Syndra,1,0.3227297716779907,0.3227297716779907,0.3227297716779907,-0.3227297716779907,0.3952064337865466,0.7179362054645373
Garen,Yunara,1,0.32249874278070106,0.32249874278070106,0.32249874278070106,-0.32249874278070106,0.44688293151175956,0.7693816742924606
Amumu,Nilah,1,0.32189643818877883,0.32189643818877883,0.32189643818877883,-0.32189643818877883,0.35615712291605156,0.6780535611048304
Mel,Aurora,1,0.32162976039740876,0.32162976039740876,0.32162976039740876,-0.32162976039740876,0.39391199240252384,0.7155417527999326
Janna,Ahri,1,0.32147649908034515,0.32147649908034515,0.32147649908034515,0.32147649908034515,0.5352042803626813,0.21372778128233613
Jax,Twitch,1,0.32133181274225975,0.32133181274225975,0.32133181274225975,0.32133181274225975,0.4669209096767203,0.1455890969344605
Zilean,Sion,1,0.31984676569838427,0.31984676569838427,0.31984676569838427,0.31984676569838427,0.41576257638054653,0.09591581068216226
Yuumi,Vladimir,2,0.31956145795151525,0.31956145795151525,0.41660954257064686,-0.31956145795151525,0.2312335615215017,0.5507950194730169
JarvanIV,Syndra,1,0.3180944494942183,0.3180944494942183,0.3180944494942183,0.3180944494942183,0.48241121674576815,0.16431676725154984
Camille,Tristana,1,0.3177789263559819,0.3177789263559819,0.3177789263559819,0.3177789263559819,0.5216850570039059,0.20390613064792393
KSante,Veigar,1,0.3175872752291027,0.3175872752291027,0.3175872752291027,-0.3175872752291027,0.3607115992250506,0.6782988744541533
Zilean,MasterYi,1,0.3173803698491001,0.3173803698491001,0.3173803698491001,0.3173803698491001,0.3173803698491001,0.0
Zac,Kalista,2,0.3171217966385525,0.3171217966385525,0.5075408820590602,-0.2380238567756347,0.3680286508145741,0.6060525075902088
Zilean,Naafiri,2,0.31658322020039975,0.31658322020039975,0.417578037175489,-0.31658322020039975,0.3860710770124193,0.702654297212819
Yuumi,Senna,1,0.31623792965379194,0.31623792965379194,0.31623792965379194,-0.31623792965379194,0.15845651077592499,0.4746944404297169
LeeSin,Vladimir,1,0.31591204667582207,0.31591204667582207,0.31591204667582207,-0.31591204667582207,0.4765456167297981,0.7924576634056202
Sona,Singed,1,0.31526822755460654,0.31526822755460654,0.31526822755460654,-0.31526822755460654,0.323395155449509,0.6386633830041155
Pantheon,Katarina,3,0.31446266588984967,0.3545889394323167,0.4340879146223219,0.07807003960163855,0.48186029744975106,0.4037902578481125
Karthus,Vayne,1,0.31329040086644844,0.31329040086644844,0.31329040086644844,0.31329040086644844,0.31329040086644844,0.0
Qiyana,Caitlyn,1,0.3125401115763843,0.3125401115763843,0.3125401115763843,0.3125401115763843,0.4675179394131173,0.15497782783673303
Senna,Irelia,1,0.31158898442510236,0.31158898442510236,0.31158898442510236,-0.31158898442510236,0.29310424335063073,0.6046932277757331
Neeko,Viktor,1,0.31134754164243544,0.31134754164243544,0.31134754164243544,-0.31134754164243544,0.4658558552963015,0.777203396938737
Pantheon,Heimerdinger,1,0.3105063912523206,0.3105063912523206,0.3105063912523206,0.3105063912523206,0.5422840226112711,0.23177763135895046
Jax,Lucian,1,0.31045569243816984,0.31045569243816984,0.31045569243816984,0.31045569243816984,0.4713371676025305,0.16088147516436072
Yuumi,Ziggs,2,0.310421292891921,0.310421292891921,0.3297894454164446,-0.310421292891921,0.24952948226413407,0.5599507751560551
Hwei,Yunara,2,0.3094585125471657,0.3094585125471657,0.3321540603960629,-0.028369434811121447,0.3065714505644602,0.33494088537558164
Nidalee,Yasuo,1,0.30934283772319654,0.30934283772319654,0.30934283772319654,-0.30934283772319654,0.4695682820570692,0.7789111197802657
Swain,Velkoz,1,0.30884459684152377,0.30884459684152377,0.30884459684152377,0.30884459684152377,0.36564016164229624,0.05679556480077247
Karma,Qiyana,3,0.30858392249027516,0.29982698903342964,0.36707624272250505,0.05265821839375926,0.39056423999911805,0.3379060216053588
Thresh,Nocturne,1,0.3078877208996923,0.3078877208996923,0.3078877208996923,-0.3078877208996923,0.4337726048315873,0.7416603257312796
Zac,Twitch,3,0.3061344909261305,0.36853796201103306,0.4029517498289286,-0.21392761493682655,0.41134089759819253,0.625268512535019
Morgana,Brand,2,0.3058648053621009,0.3058648053621009,0.31872888454118514,-0.01608009897385526,0.3965265292036293,0.4126066281774846
Shen,Jinx,2,0.30341826536449756,0.30341826536449756,0.3930954219785914,-0.1120964457676173,0.34860400494952937,0.46070045071714666
Blitzcrank,Zed,1,0.30339859926970325,0.30339859926970325,0.30339859926970325,0.30339859926970325,0.48036928183170213,0.17697068256199885
LeeSin,Lucian,1,0.3029992477544695,0.3029992477544695,0.3029992477544695,-0.3029992477544695,0.4319724657876852,0.7349717135421547
Ashe,Hwei,1,0.3025599423366944,0.3025599423366944,0.3025599423366944,0.3025599423366944,0.3987464625183208,0.09618652018162636
Ivern,MissFortune,1,0.30255225982382594,0.30255225982382594,0.30255225982382594,-0.30255225982382594,0.3717028452036061,0.674255105027432
Senna,Nidalee,1,0.30240836406895566,0.30240836406895566,0.30240836406895566,0.30240836406895566,0.30240836406895566,0.0
Heimerdinger,Sivir,1,0.3021139669970916,0.3021139669970916,0.3021139669970916,0.3021139669970916,0.3021139669970916,0.0
Jhin,Corki,1,0.30073190189823085,0.30073190189823085,0.30073190189823085,0.30073190189823085,0.30073190189823085,0.0
Shaco,Seraphine,1,0.3002311274677947,0.3002311274677947,0.3002311274677947,-0.3002311274677947,0.6017009774998741,0.9019321049676687
Amumu,Ashe,5,0.299918726166899,0.3012587475366226,0.34246534650488547,-0.21047682048119193,0.4044251435739068,0.6149019640550988
Neeko,Ahri,1,0.29927761968600153,0.29927761968600153,0.29927761968600153,-0.29927761968600153,0.45681479134224956,0.7560924110282511
Veigar,Varus,2,0.2990227909720201,0.2990227909720201,0.4531545302534211,-0.2990227909720201,0.34201366515668014,0.6410364561287003
Soraka,MasterYi,2,0.2988069511630794,0.2988069511630794,0.303355262782269,0.2988069511630794,0.2988069511630794,0.0
Ahri,Corki,1,0.29782602373316774,0.29782602373316774,0.29782602373316774,0.29782602373316774,0.49442519169163895,0.1965991679584712
Blitzcrank,Viktor,1,0.2970484115906933,0.2970484115906933,0.2970484115906933,0.2970484115906933,0.5010120962749913,0.203963684684298
Galio,Twitch,1,0.2961955149684159,0.2961955149684159,0.2961955149684159,-0.2961955149684159,0.42499768455712095,0.7211931995255368
TwistedFate,Jhin,1,0.2957038633295339,0.2957038633295339,0.2957038633295339,-0.2957038633295339,0.4617593233498063,0.7574631866793402
Velkoz,Malzahar,2,0.2947296923137684,0.2947296923137684,0.34782845782876376,-0.06637345689374417,0.41900539063179776,0.4853788475255419
Ashe,Sivir,1,0.29458589444959143,0.29458589444959143,0.29458589444959143,0.29458589444959143,0.325199483344042,0.030613588894450535
Singed,Tristana,1,0.2936844811473851,0.2936844811473851,0.2936844811473851,0.2936844811473851,0.49555060228159004,0.20186612113420496
Blitzcrank,Rengar,1,0.29357618593687795,0.29357618593687795,0.29357618593687795,-0.29357618593687795,0.4103544125877503,0.7039305985246282
Amumu,Aphelios,3,0.2935560827544694,0.19947479298846804,0.49751108686439005,-0.2207738861267563,0.3664657354497037,0.58723962157646
Nautilus,Aurora,2,0.29331895422104814,0.29331895422104814,0.3819623303962382,0.11080422021898759,0.489768861935883,0.3789646417168954
Maokai,Anivia,1,0.2921292436563853,0.2921292436563853,0.2921292436563853,-0.2921292436563853,0.46459118772001623,0.7567204313764015
Vi,Samira,2,0.2920836110969303,0.2920836110969303,0.3137575512593034,-0.02709242520296634,0.42656099304462625,0.45365341824759264
Ezreal,Swain,1,0.2918540081455376,0.2918540081455376,0.2918540081455376,-0.2918540081455376,0.3767607559686103,0.6686147641141479
Pyke,Riven,2,0.29162149782701347,0.29162149782701347,0.4175428754560566,-0.29162149782701347,0.5310132287864207,0.8226347266134342
Galio,Tristana,1,0.29154167839451856,0.29154167839451856,0.29154167839451856,-0.29154167839451856,0.4323690575663495,0.7239107359608681
Swain,Seraphine,1,0.2893453114799014,0.2893453114799014,0.2893453114799014,0.2893453114799014,0.36712179600315104,0.07777648452324962
Hwei,Swain,1,0.28815573656082266,0.28815573656082266,0.28815573656082266,-0.28815573656082266,0.3286089183825947,0.6167646549434174
Neeko,Singed,2,0.2878485681755924,0.2878485681755924,0.319399721229833,0.2878485681755924,0.49714099847347687,0.20929243029788447
Nautilus,FiddleSticks,1,0.2876242880832764,0.2876242880832764,0.2876242880832764,0.2876242880832764,0.4841837525547274,0.196559464471451
Senna,Vex,1,0.2869022575461247,0.2869022575461247,0.2869022575461247,-0.2869022575461247,0.2927705293958241,0.5796727869419488
Thresh,Zilean,2,0.2867098420797958,0.2867098420797958,0.2946896880286558,-0.2867098420797958,0.47197440231670595,0.7586842443965017
Hwei,Ashe,1,0.28581829668973996,0.28581829668973996,0.28581829668973996,0.28581829668973996,0.28581829668973996,0.0
Vladimir,Ashe,1,0.2854063655999609,0.2854063655999609,0.2854063655999609,0.2854063655999609,0.4209001141751737,0.1354937485752128
Mel,Swain,1,0.28510953207448964,0.28510953207448964,0.28510953207448964,0.28510953207448964,0.3321034926161815,0.04699396054169188
Fiora,Sivir,1,0.28309337716168065,0.28309337716168065,0.28309337716168065,0.28309337716168065,0.526088983195197,0.2429956060335164
Rengar,Vayne,1,0.2828835885579457,0.2828835885579457,0.2828835885579457,-0.2828835885579457,0.36363476548833895,0.6465183540462847
XinZhao,Tristana,1,0.28272144319297077,0.28272144319297077,0.28272144319297077,0.28272144319297077,0.4823442198962612,0.19962277670329046
Malphite,Cassiopeia,1,0.282302530929321,0.282302530929321,0.282302530929321,0.282302530929321,0.3095563866963574,0.02725385576703636
Teemo,Tristana,1,0.2799848890067022,0.2799848890067022,0.2799848890067022,-0.2799848890067022,0.39565073830621883,0.675635627312921
Zed,Varus,1,0.27941794214595106,0.27941794214595106,0.27941794214595106,-0.27941794214595106,0.37126835443210016,0.6506862965780512
Neeko,Malzahar,1,0.27882809954100696,0.27882809954100696,0.27882809954100696,-0.27882809954100696,0.5297812557304535,0.8086093552714605
Zed,Ezreal,1,0.278794728447835,0.278794728447835,0.278794728447835,-0.278794728447835,0.35938927691736383,0.6381840053651988
Janna,Pantheon,1,0.2787241309034334,0.2787241309034334,0.2787241309034334,0.2787241309034334,0.46399283819650305,0.18526870729306968
Neeko,Akshan,1,0.2786402017811629,0.2786402017811629,0.2786402017811629,0.2786402017811629,0.41216463043827656,0.13352442865711367
TwistedFate,Smolder,1,0.2779384105420036,0.2779384105420036,0.2779384105420036,-0.2779384105420036,0.4771418899530859,0.7550803004950895
Kayle,Tristana,1,0.27736415539692216,0.27736415539692216,0.27736415539692216,-0.27736415539692216,0.24960637055983229,0.5269705259567544
AurelionSol,Seraphine,1,0.27732862186195295,0.27732862186195295,0.27732862186195295,-0.27732862186195295,0.6954291624021884,0.9727577842641414
Vex,Draven,1,0.2767239332272938,0.2767239332272938,0.2767239332272938,-0.2767239332272938,0.32994279550987177,0.6066667287371655
Shaco,Lissandra,1,0.2763278511929264,0.2763278511929264,0.2763278511929264,0.2763278511929264,0.5485687680156621,0.2722409168227357
Amumu,AurelionSol,2,0.27619845551803746,0.27619845551803746,0.448419198426414,0.27619845551803746,0.4531451011808479,0.1769466456628104
Jax,Jhin,2,0.2759232764403401,0.2759232764403401,0.35940274435705905,0.1043493348958987,0.5185106658837433,0.4141613309878446
Anivia,Swain,5,0.2748178314725895,0.23950067487881965,0.4137435727256376,-0.047393871203271314,0.39817904264489934,0.4455729138481706
Senna,Heimerdinger,4,0.2748095109662071,0.3287321892728472,0.3399651579160508,0.2748095109662071,0.3448655743745287,0.07005606340832161
Ryze,Chogath,1,0.27453988295024534,0.27453988295024534,0.27453988295024534,0.27453988295024534,0.3574114983400497,0.08287161538980438
Taliyah,Smolder,2,0.2744967236986645,0.2744967236986645,0.34141388648353316,0.2744967236986645,0.4523620314977215,0.17786530779905696
Pantheon,KogMaw,7,0.27392435234959134,0.2623875014062854,0.5267563117913784,-0.12803327409104365,0.4672150779506552,0.5952483520416989
Zilean,Vladimir,7,0.27317460651402764,0.22497887748934872,0.46712143332968586,-0.048739726822208916,0.4060950437739703,0.45483477059617927
Swain,KogMaw,3,0.27289741439419407,0.23678141094013522,0.35769585126387193,0.11504314043410395,0.3417635528340786,0.22672041239997473
KSante,Aphelios,1,0.27277029011351817,0.27277029011351817,0.27277029011351817,0.27277029011351817,0.3297694623596976,0.05699917224617946
Yuumi,TwistedFate,1,0.27210563474207045,0.27210563474207045,0.27210563474207045,-0.27210563474207045,0.2223991992528419,0.49450483399491235
Rengar,Yasuo,1,0.2719508368104394,0.2719508368104394,0.2719508368104394,-0.2719508368104394,0.37606314813361663,0.648013984944056
LeeSin,Smolder,1,0.27192456708396406,0.27192456708396406,0.27192456708396406,-0.27192456708396406,0.4590992670651771,0.7310238341491412
Blitzcrank,Viego,1,0.2718343321447156,0.2718343321447156,0.2718343321447156,0.2718343321447156,0.41819837403297916,0.14636404188826357
Nidalee,Corki,3,0.27150040687802585,0.29020152840438596,0.3726636292500579,-0.27150040687802585,0.43317810092513737,0.7046785078031631
Shaco,Vladimir,1,0.27067715876944476,0.27067715876944476,0.27067715876944476,-0.27067715876944476,0.5921570465641882,0.862834205333633
Seraphine,Sion,1,0.2703075526946099,0.2703075526946099,0.2703075526946099,0.2703075526946099,0.3890039658806861,0.11869641318607622
Brand,Smolder,6,0.2702013518769369,0.16945328612478228,0.5978205570212052,-0.22496655288458034,0.37789113863908735,0.6028576915236677
Ahri,Jhin,2,0.26945440690476413,0.26945440690476413,0.3028195254726885,0.26945440690476413,0.3790552238161661,0.1096008169114019
MasterYi,Ezreal,1,0.26873313577498814,0.26873313577498814,0.26873313577498814,-0.26873313577498814,0.4694500189555395,0.7381831547305276
Blitzcrank,Akshan,1,0.26800333654231867,0.26800333654231867,0.26800333654231867,0.26800333654231867,0.39149935952263976,0.1234960229803211
Pantheon,Qiyana,1,0.267888757904506,0.267888757904506,0.267888757904506,0.267888757904506,0.43164535393592546,0.16375659603141945
Syndra,Senna,1,0.26753434140730215,0.26753434140730215,0.26753434140730215,0.26753434140730215,0.39842772624877637,0.13089338484147423
Poppy,Aurora,2,0.26711612752091507,0.26711612752091507,0.31370737102704005,0.0582390543826562,0.5204492599067361,0.4622102055240799
Taric,LeeSin,1,0.2670619984479872,0.2670619984479872,0.2670619984479872,0.2670619984479872,0.28598816776940267,0.018926169321415436
Xerath,KogMaw,1,0.26702849242868915,0.26702849242868915,0.26702849242868915,-0.26702849242868915,0.251331203359993,0.5183596957886821
Bard,Irelia,1,0.26615980400108424,0.26615980400108424,0.26615980400108424,-0.26615980400108424,0.4888533653160703,0.7550131693171546
Zac,Varus,1,0.26581966526214096,0.26581966526214096,0.26581966526214096,0.26581966526214096,0.4027700901751311,0.13695042491299014
Galio,AurelionSol,1,0.26566750438961073,0.26566750438961073,0.26566750438961073,0.26566750438961073,0.44959018760596636,0.18392268321635566
Aurora,Tristana,1,0.26527047405428716,0.26527047405428716,0.26527047405428716,-0.26527047405428716,0.4164611458262125,0.6817316198804997
Elise,Kennen,1,0.26495580708912764,0.26495580708912764,0.26495580708912764,0.26495580708912764,0.5375118252960538,0.27255601820692615
Shen,LeeSin,1,0.2647871368923267,0.2647871368923267,0.2647871368923267,-0.2647871368923267,0.31203107653200246,0.5768182134243292
FiddleSticks,Nilah,1,0.26355206187162084,0.26355206187162084,0.26355206187162084,-0.26355206187162084,0.35635668325599734,0.6199087451276182
Shaco,Darius,1,0.26260464870319383,0.26260464870319383,0.26260464870319383,0.26260464870319383,0.5861895875621972,0.32358493885900336
Leblanc,Jinx,4,0.2618141514608507,0.28852615607753773,0.37904159878715044,-0.10363254710628604,0.4735936001599518,0.5772261472662379
TwistedFate,Twitch,2,0.2618097429129911,0.2618097429129911,0.4288642496479935,-0.2618097429129911,0.4486249756847889,0.71043471859778
Brand,Akshan,1,0.2617781940524535,0.2617781940524535,0.2617781940524535,0.2617781940524535,0.4226596692168142,0.16088147516436072
Fiora,Corki,1,0.26126348664911175,0.26126348664911175,0.26126348664911175,-0.26126348664911175,0.4646345774059491,0.7258980640550609
Nautilus,Qiyana,5,0.2611766149584821,0.31296524536853043,0.3676108911513376,0.20961659673533015,0.4435318381994807,0.23391524146415055
Katarina,Kalista,1,0.26112066829580494,0.26112066829580494,0.26112066829580494,-0.26112066829580494,0.31972228242289147,0.5808429507186964
Milio,Cassiopeia,4,0.2610281191599451,0.29596969497219294,0.3292995601861113,-0.11880832722556993,0.28128107815211967,0.40008940537768956
Leona,Taliyah,1,0.2608978529247463,0.2608978529247463,0.2608978529247463,-0.2608978529247463,0.48264562042177517,0.7435434733465215
Akshan,Vayne,1,0.26032148144866896,0.26032148144866896,0.26032148144866896,-0.26032148144866896,0.43060423418404337,0.6909257156327123
Nidalee,Nilah,2,0.26004942482303317,0.26004942482303317,0.32013180938565927,0.07510298070328256,0.36654089939028645,0.29143791868700386
Hwei,Cassiopeia,1,0.2599623457946419,0.2599623457946419,0.2599623457946419,0.2599623457946419,0.3064718384353823,0.04650949264074037
Lulu,Trundle,1,0.2597706658184565,0.2597706658184565,0.2597706658184565,-0.2597706658184565,0.3663618427885182,0.6261325086069747
Sion,Ziggs,1,0.2593945785883012,0.2593945785883012,0.2593945785883012,-0.2593945785883012,0.3888169586431758,0.648211537231477
Syndra,Nidalee,1,0.2590691407373803,0.2590691407373803,0.2590691407373803,-0.2590691407373803,0.4249531348950375,0.6840222756324178
Sona,Neeko,1,0.25904922465462377,0.25904922465462377,0.25904922465462377,0.25904922465462377,0.42747163143121003,0.1684224067765863
Sejuani,Yasuo,1,0.2586801765238421,0.2586801765238421,0.2586801765238421,-0.2586801765238421,0.3703593126160052,0.6290394891398473
TwistedFate,Varus,2,0.258378040265532,0.258378040265532,0.3557223580687318,-0.258378040265532,0.42237952723712013,0.6807575675026522
Pyke,LeeSin,1,0.25790952015138174,0.25790952015138174,0.25790952015138174,0.25790952015138174,0.45446898462283275,0.196559464471451
Sylas,Sivir,5,0.25749006281567616,0.22912996721780254,0.3648329203048738,-0.0896899205184357,0.5229639187447044,0.61265383926314
TwistedFate,Yasuo,1,0.2572714927100719,0.2572714927100719,0.2572714927100719,-0.2572714927100719,0.49556372157041384,0.7528352142804857
Nami,Yone,1,0.25720077669698227,0.25720077669698227,0.25720077669698227,0.25720077669698227,0.3509075646090243,0.09370678791204201
Leona,Ekko,1,0.2569855404738155,0.2569855404738155,0.2569855404738155,-0.2569855404738155,0.5123961338186451,0.7693816742924606
Milio,Velkoz,1,0.2564158499295287,0.2564158499295287,0.2564158499295287,-0.2564158499295287,0.3346417669528535,0.5910576168823822
Zilean,Akshan,1,0.25639951224507784,0.25639951224507784,0.25639951224507784,0.25639951224507784,0.4211915352400361,0.16479202299495824
Morgana,Corki,13,0.25564479282887753,0.23645693128514722,0.4456540102678781,-0.08208771330388379,0.36538557601271404,0.4474732893165978
Veigar,Caitlyn,2,0.25546658666361166,0.25546658666361166,0.29409829465726506,0.25546658666361166,0.32515282200202,0.06968623533840833
Lux,Karthus,2,0.2553796868621082,0.2553796868621082,0.3276949499054176,-0.2553796868621082,0.3728186621977516,0.6281983490598599
Rumble,Corki,1,0.2552656576259412,0.2552656576259412,0.2552656576259412,0.2552656576259412,0.3913548165529187,0.13608915892697745
Lulu,Graves,1,0.2552329546185142,0.2552329546185142,0.2552329546185142,-0.2552329546185142,0.38841140512809796,0.6436443597466122
Smolder,Yunara,1,0.25519888062761276,0.25519888062761276,0.25519888062761276,0.25519888062761276,0.38138645051912495,0.12618756989151222
Veigar,Zilean,1,0.25439190874290557,0.25439190874290557,0.25439190874290557,-0.25439190874290557,0.3796105098332276,0.6340024185761332
Zac,Yunara,2,0.25400713967242067,0.25400713967242067,0.2806177121946259,0.03326321565275653,0.4206166460873016,0.38735343043454507
Velkoz,Zilean,3,0.2539829766572163,0.2699329418158151,0.2747096383098002,0.07402768211333956,0.4085400309268769,0.3345123488135373
Blitzcrank,Xerath,2,0.25374558506392614,0.25374558506392614,0.37363342578842856,-0.25374558506392614,0.4703105640719676,0.7240561491358937
KSante,Mel,1,0.25351685293867243,0.25351685293867243,0.25351685293867243,0.25351685293867243,0.3936500437280473,0.1401331907893749
Akshan,Smolder,1,0.2534795938342072,0.2534795938342072,0.2534795938342072,-0.2534795938342072,0.4835928555369508,0.737072449371158
Bard,Soraka,2,0.2529990120093637,0.2529990120093637,0.2565871549464357,0.2529990120093637,0.4652555340759802,0.2122565220666165
Lux,Zeri,2,0.2529447813205107,0.2529447813205107,0.2887611856822394,-0.2529447813205107,0.3202179478179553,0.573162729138466
Sylas,Zeri,2,0.25269882441994784,0.25269882441994784,0.3491601724188671,-0.25269882441994784,0.4992848902528624,0.7519837146728102
Chogath,Varus,1,0.2526580221294247,0.2526580221294247,0.2526580221294247,0.2526580221294247,0.3964211242544217,0.14376310212499702
Hwei,Ziggs,2,0.2521486539419363,0.2521486539419363,0.2708281100841356,-0.2521486539419363,0.3851477320736172,0.6372963860155536
Annie,Tristana,3,0.2512035704170456,0.13380926978520286,0.4454175435730302,-0.0976761709296124,0.3877397930967314,0.4854159640263438
Yuumi,AurelionSol,3,0.2506545074940553,0.15180229809470128,0.4572785374562878,-0.20631208943353518,0.23704949001807493,0.44336157945161014
Fiora,Caitlyn,1,0.2503239663887658,0.2503239663887658,0.2503239663887658,-0.2503239663887658,0.45360663213586244,0.7039305985246282
Rengar,Twitch,2,0.25011406746699805,0.25011406746699805,0.34961131911468324,-0.25011406746699805,0.36471231563487283,0.6148263831018709
Swain,Zoe,1,0.2499322515639813,0.2499322515639813,0.2499322515639813,-0.2499322515639813,0.410893658262045,0.6608259098260263
Renata,KogMaw,2,0.24949032731102505,0.24949032731102505,0.38106259356702643,0.24949032731102505,0.38106748018392345,0.13157715287289837
Blitzcrank,Karthus,8,0.24914754030898978,0.2632036105981642,0.3767808549852473,0.02968668756997382,0.4777702751381352,0.44808358756816136
Rengar,Ashe,1,0.24905680422040263,0.24905680422040263,0.24905680422040263,0.24905680422040263,0.35051824812602833,0.1014614439056257
Rammus,Twitch,1,0.24830452989359836,0.24830452989359836,0.24830452989359836,0.24830452989359836,0.4787833342667389,0.23047880437314056
Rakan,FiddleSticks,1,0.2480446090819386,0.2480446090819386,0.2480446090819386,-0.2480446090819386,0.49013854564858905,0.7381831547305276
Rumble,Xayah,1,0.24758051941936865,0.24758051941936865,0.24758051941936865,0.24758051941936865,0.3747504491817437,0.12716992976237507
Annie,Varus,3,0.24756683523687897,0.2312347843795467,0.2935984846111379,-0.11271596079550932,0.3820755571088152,0.49479151790432446
Qiyana,Ezreal,2,0.24747629745818656,0.24747629745818656,0.37092796601926115,-0.15431458570134327,0.48105987789347004,0.6353744635948133
Amumu,Jinx,2,0.24744203543689242,0.24744203543689242,0.2500838783166064,-0.24744203543689242,0.41334681438807286,0.6607888498249652
Heimerdinger,Annie,1,0.2470711314173822,0.2470711314173822,0.2470711314173822,0.2470711314173822,0.38316029034435967,0.13608915892697745
Katarina,Nilah,1,0.2469711540357551,0.2469711540357551,0.2469711540357551,-0.2469711540357551,0.35789421447919156,0.6048653685149467
JarvanIV,Zilean,1,0.24675149152812126,0.24675149152812126,0.24675149152812126,-0.24675149152812126,0.4801387792986467,0.7268902708267679
Velkoz,Yasuo,7,0.24641736262491504,0.2274620056178291,0.4162193966500151,-0.08154012601860064,0.3249262127381935,0.40646633875679417
Shen,Varus,3,0.24639565589463916,0.2407902012369233,0.3728147342965665,0.18467838997096123,0.37093887707560036,0.18626048710463916
Evelynn,Varus,1,0.2463584074867335,0.2463584074867335,0.2463584074867335,-0.2463584074867335,0.4649866101057622,0.7113450175924957
XinZhao,Ezreal,2,0.24580877717169522,0.24580877717169522,0.3227344394590016,0.24580877717169522,0.5345991869489148,0.2887904097772196
Fizz,Tristana,1,0.24579635264804378,0.24579635264804378,0.24579635264804378,-0.24579635264804378,0.5466613107575764,0.7924576634056202
Morgana,Vladimir,2,0.24556566831700385,0.24556566831700385,0.3205584233521107,0.24556566831700385,0.3925939266729809,0.147028258355977
Anivia,Lux,1,0.24555491159325632,0.24555491159325632,0.24555491159325632,-0.24555491159325632,0.47238129387128097,0.7179362054645373
Thresh,TwistedFate,1,0.24530149007649865,0.24530149007649865,0.24530149007649865,-0.24530149007649865,0.4429398440716968,0.6882413341481954
Ivern,Ashe,1,0.2448478962847932,0.2448478962847932,0.2448478962847932,0.2448478962847932,0.4798252462943491,0.23497735000955589
Camille,KogMaw,3,0.24432354195966124,0.24870172210635666,0.3611121583420007,-0.07852239388875681,0.5344827923392187,0.6130051862279755
Brand,Xayah,2,0.24416639077714414,0.24416639077714414,0.26100069268635123,0.24416639077714414,0.4028626452690698,0.15869625449192565
Galio,Hwei,1,0.24409494070007764,0.24409494070007764,0.24409494070007764,0.24409494070007764,0.5034201310722056,0.259325190372128
Trundle,Ashe,6,0.2436381505010616,0.2486908071227169,0.34689436647163807,-0.11357864228968229,0.4074055104139349,0.5209841527036172
Soraka,Naafiri,3,0.24357010371562213,0.14421162672671706,0.3931545014300372,-0.15616446083943405,0.3372871614006716,0.4934516222401057
Camille,Lucian,4,0.24348665511385648,0.21682185706446896,0.3864235545066927,-0.02666479804938751,0.47796413075705346,0.504628928806441
Veigar,Lucian,1,0.24318793012776752,0.24318793012776752,0.24318793012776752,-0.24318793012776752,0.30667928927428234,0.5498672194020499
Hwei,Jinx,2,0.2430809763519141,0.2430809763519141,0.30482475466066106,0.2430809763519141,0.32059247313785133,0.0775114967859372
Yorick,Draven,1,0.24307160054687604,0.24307160054687604,0.24307160054687604,0.24307160054687604,0.3320311508858479,0.08895955033897185
Blitzcrank,Taliyah,2,0.24256147034155634,0.24256147034155634,0.35034509605372216,0.24256147034155634,0.4728247622178407,0.23026329187628436
Zyra,Vladimir,1,0.24212478865539339,0.24212478865539339,0.24212478865539339,-0.24212478865539339,0.34353722991845953,0.5856620185738529
Kayle,Ezreal,1,0.2419808216958985,0.2419808216958985,0.2419808216958985,0.2419808216958985,0.2479805862744825,0.005999764578584003
Taric,Sylas,1,0.2418257939375682,0.2418257939375682,0.2418257939375682,0.2418257939375682,0.3167991719771157,0.07497337803954753
Seraphine,Yasuo,3,0.24173933212297305,0.31779564678736966,0.3522840906439789,-0.21072856680736085,0.3219382204154127,0.5326667872227736
Morgana,Tristana,5,0.24172789907349207,0.17871643202140747,0.37162660755631616,-0.05333218661998498,0.36385704084180726,0.41718922746179227
Leona,Zilean,5,0.24166211432254953,0.20782005524775865,0.43657502814500926,-0.1783747729299857,0.5020630250276413,0.680437797957627
XinZhao,Samira,1,0.24150735361714876,0.24150735361714876,0.24150735361714876,0.24150735361714876,0.47330423479990047,0.2317968811827517
Taliyah,Twitch,1,0.2414210167403288,0.2414210167403288,0.2414210167403288,-0.2414210167403288,0.4403106031401709,0.6817316198804997
Sona,Samira,4,0.24133176809591375,0.23671269203003853,0.29219989915982175,0.004619076065875222,0.3273236210745085,0.32270454500863327
Neeko,Xerath,2,0.2408348870084367,0.2408348870084367,0.24439434461745185,-0.2408348870084367,0.4317967080688951,0.6726315950773318
Karma,Leblanc,1,0.24070424961621376,0.24070424961621376,0.24070424961621376,0.24070424961621376,0.38908663046889275,0.148382380852679
Ivern,Trundle,1,0.24064152918761347,0.24064152918761347,0.24064152918761347,0.24064152918761347,0.39608171697196587,0.1554401877843524
Sett,Xayah,1,0.240434220297357,0.240434220297357,0.240434220297357,0.240434220297357,0.3591306334834332,0.11869641318607622
Karma,Orianna,1,0.23939027163296128,0.23939027163296128,0.23939027163296128,-0.23939027163296128,0.4061172925144481,0.6455075641474094
Karthus,Ashe,1,0.23913533724201214,0.23913533724201214,0.23913533724201214,0.23913533724201214,0.34404636277010714,0.10491102552809502
Yone,Yasuo,1,0.23879839291003563,0.23879839291003563,0.23879839291003563,0.23879839291003563,0.3538860880731718,0.11508769516313615
FiddleSticks,Vayne,2,0.23870830342748936,0.23870830342748936,0.30944345114015953,-0.23870830342748936,0.36299660075278706,0.6017049041802764
Shaco,Cassiopeia,1,0.23861134248676563,0.23861134248676563,0.23861134248676563,0.23861134248676563,0.5108651543596332,0.27225381187286757
Shen,Xerath,1,0.23857741544484393,0.23857741544484393,0.23857741544484393,0.23857741544484393,0.4235446241053025,0.1849672086604586
Sett,Yunara,1,0.23814412553734496,0.23814412553734496,0.23814412553734496,0.23814412553734496,0.381460544368,0.14331641883065502
Blitzcrank,Heimerdinger,2,0.23803281070948315,0.23803281070948315,0.38673730843222953,-0.23803281070948315,0.46974817920660705,0.7077809899160902
Nasus,Samira,1,0.23753634269440044,0.23753634269440044,0.23753634269440044,0.23753634269440044,0.34284809387462795,0.10531175118022752
Karma,Ekko,2,0.23738652868721632,0.23738652868721632,0.34902374164069505,0.23738652868721632,0.4506299508755911,0.2132434221883748
Amumu,Yunara,3,0.2373420518060689,0.19738497241927902,0.3497068375911077,0.15277279906282704,0.39230367613882805,0.239530877076001
Elise,Veigar,5,0.23707009072439716,0.2177455752705476,0.3591547030869063,-0.23707009072439716,0.5622626286607579,0.7993327193851552
Pantheon,Akali,1,0.23617928203504834,0.23617928203504834,0.23617928203504834,0.23617928203504834,0.5003355546621946,0.26415627262714625
Mel,Zeri,1,0.2360007386318125,0.2360007386318125,0.2360007386318125,0.2360007386318125,0.34901686969285534,0.11301613106104283
Pantheon,Naafiri,1,0.23588507560101213,0.23588507560101213,0.23588507560101213,-0.23588507560101213,0.5215781110783281,0.7574631866793402
Lux,Aphelios,10,0.23585193233394747,0.2333005494640134,0.4228444633209667,0.02376401669417486,0.3608847991680887,0.33712078247391386
Gragas,Senna,2,0.2356762686193464,0.2356762686193464,0.37948588511455933,0.17976202061901617,0.38403097494198624,0.2042689543229701
FiddleSticks,Akshan,2,0.23564995284994117,0.23564995284994117,0.34806212817480897,0.14051521915608478,0.38415178662769817,0.24363656747161339
Veigar,Corki,3,0.23542399535432526,0.24574151601131788,0.3078016970871499,0.0715963180134467,0.33686766676159335,0.2652713487481467
Qiyana,Yunara,1,0.2353916936870815,0.2353916936870815,0.2353916936870815,0.2353916936870815,0.4421671368117609,0.2067754431246794
Seraphine,Morgana,1,0.23510527103413384,0.23510527103413384,0.23510527103413384,0.23510527103413384,0.38310123810995356,0.14799596707581972
Bard,Aurora,3,0.2348567532371555,0.1853332385911669,0.33576476475101436,-0.13761383668427324,0.531814753521225,0.6694285902054982
Briar,Anivia,1,0.2347584870299425,0.2347584870299425,0.2347584870299425,0.2347584870299425,0.5150672639405505,0.28030877691060796
Trundle,Xayah,1,0.2343808038745981,0.2343808038745981,0.2343808038745981,-0.2343808038745981,0.4054383605597525,0.6398191644343506
KSante,Samira,1,0.23436750803546808,0.23436750803546808,0.23436750803546808,-0.23436750803546808,0.3561312597150688,0.5904987677505369
Senna,Bard,3,0.2341096857906031,0.23684121446563056,0.3285055386701434,-0.2341096857906031,0.31003933298965153,0.5441490187802547
Malphite,Caitlyn,1,0.23399600354352987,0.23399600354352987,0.23399600354352987,0.23399600354352987,0.2719489304725549,0.03795292692902505
Brand,Vayne,1,0.23376477074808866,0.23376477074808866,0.23376477074808866,-0.23376477074808866,0.377314718588899,0.6110794893369876
Zac,Hwei,1,0.2336527856386421,0.2336527856386421,0.2336527856386421,0.2336527856386421,0.4853315206525534,0.2516787350139113
TahmKench,Vayne,2,0.23355502055151306,0.23355502055151306,0.3190530188389691,0.10687249785932001,0.3555545246566749,0.2486820267973549
Singed,Yunara,1,0.23333086643167406,0.23333086643167406,0.23333086643167406,0.23333086643167406,0.5156715788703609,0.2823407124386868
Mel,Kaisa,2,0.23287607902598134,0.23287607902598134,0.2988276545055581,0.23287607902598134,0.3343417955131608,0.10146571648717946
Kled,Jhin,1,0.2326755197604525,0.2326755197604525,0.2326755197604525,0.2326755197604525,0.40871730621519947,0.17604178645474697
Soraka,Seraphine,8,0.23242666525906444,0.2367779547217468,0.3493996639693416,-0.05906002901512203,0.36751007804108077,0.4265701070562028
Neeko,Zoe,1,0.23225701676394073,0.23225701676394073,0.23225701676394073,0.23225701676394073,0.41485378383690624,0.18259676707296552
Bard,Akshan,1,0.231750347557176,0.231750347557176,0.231750347557176,-0.231750347557176,0.48518849329240726,0.7169388408495833
Leblanc,Viego,4,0.2317388748387854,0.2655593175642347,0.30530912221215734,0.2317388748387854,0.5142333491488829,0.2824944743100974
Camille,Yasuo,2,0.23172762719755993,0.23172762719755993,0.24307541134549246,-0.23172762719755993,0.49723860437154,0.7289662315690999
Mel,Katarina,1,0.231676467484555,0.231676467484555,0.231676467484555,-0.231676467484555,0.35185857852762353,0.5835350460121785
Belveth,Syndra,1,0.23076770518261547,0.23076770518261547,0.23076770518261547,0.23076770518261547,0.5351518981618106,0.30438419297919517
Sion,Karthus,1,0.23066727616598343,0.23066727616598343,0.23066727616598343,0.23066727616598343,0.4103743074991059,0.1797070313331225
Kennen,Yunara,2,0.2306305979096639,0.2306305979096639,0.29171479771668263,-0.2306305979096639,0.3990755622723469,0.6297061601820109
Elise,Nilah,6,0.23060035707925328,0.22543736902804215,0.44726423221376616,-0.06157191955639434,0.49247658674387845,0.5540485063002728
Singed,Zilean,1,0.23041001095311353,0.23041001095311353,0.23041001095311353,0.23041001095311353,0.5874400041038206,0.35702999315070705
Teemo,Smolder,3,0.2301825488499172,0.24685020671431496,0.3883162437084808,0.05227261978809761,0.41403981160735975,0.3617671918192622
Ornn,Kalista,1,0.22992903237852755,0.22992903237852755,0.22992903237852755,0.22992903237852755,0.3049306111054699,0.07500157872694233
Trundle,Seraphine,2,0.22991226589749447,0.22991226589749447,0.3417815607589747,0.13983661857685026,0.45815615116196584,0.3183195325851155
Rell,Pantheon,1,0.22988358866910735,0.22988358866910735,0.22988358866910735,-0.22988358866910735,0.45184803121139233,0.6817316198804997
Shaco,KogMaw,2,0.22982059814112607,0.22982059814112607,0.2935581693959905,0.07967196406858054,0.5797445837459527,0.5000726196773723
Galio,Cassiopeia,1,0.22961452000387456,0.22961452000387456,0.22961452000387456,-0.22961452000387456,0.48832168546066274,0.7179362054645373
Shaco,Velkoz,3,0.22948659188852413,0.19374892461526338,0.3827596085484345,-0.18635421087613632,0.5660105343511032,0.7523647452272394
Velkoz,Ornn,2,0.22947320634262075,0.22947320634262075,0.2819450833419085,-0.06558984624910967,0.32418115409348913,0.38977100034259876
JarvanIV,Jhin,2,0.22940355175993038,0.22940355175993038,0.2601495476932261,0.22940355175993038,0.43702485865803964,0.20762130689810926
Ahri,Swain,1,0.22937882894547193,0.22937882894547193,0.22937882894547193,0.22937882894547193,0.43512850430636957,0.20574967536089764
Braum,Karthus,4,0.22925227835174522,0.264367075948674,0.2839986363722923,-0.22925227835174522,0.3903479857981691,0.6196002641499143
Brand,Seraphine,4,0.2288732203666817,0.22022710362628276,0.34816224191403156,0.2288732203666817,0.4118323734535993,0.1829591530869176
Elise,Vayne,5,0.2286618400199568,0.24058726909170242,0.3609768800818178,-0.13242693238327585,0.502746133448931,0.6351730658322069
Janna,Hwei,7,0.22853533106886245,0.24033844504776558,0.33367566374031116,0.014491602561828743,0.5144502919225079,0.49995868936067916
Bard,Anivia,7,0.22833955904998882,0.22371849761261442,0.37208376829325807,-0.21894909074581187,0.5209495547212327,0.7398986454670446
Alistar,Viktor,3,0.22810249542547192,0.2310002061843931,0.24915877987159069,0.07410235796920984,0.5150492241546544,0.4409468661854446
Yasuo,Caitlyn,1,0.2278973820591746,0.2278973820591746,0.2278973820591746,0.2278973820591746,0.2943586065698973,0.06646122451072271
Brand,AurelionSol,4,0.22782655831214366,0.23313716452299907,0.28030454309354613,0.005310606210855426,0.40733799294950873,0.40202738673865335
Fiora,Vayne,1,0.22771364033073543,0.22771364033073543,0.22771364033073543,-0.22771364033073543,0.45394689998750587,0.6816605403182413
AurelionSol,Anivia,1,0.2271770627903359,0.2271770627903359,0.2271770627903359,-0.2271770627903359,0.5652806006152843,0.7924576634056202
Braum,Xerath,1,0.2271592386654462,0.2271592386654462,0.2271592386654462,0.2271592386654462,0.404138876819018,0.1769796381535718
Lux,Mel,5,0.22700061968019924,0.2407957128446913,0.3482014423509463,-0.21914721382348246,0.41175783796845355,0.630905051791936
Nasus,Draven,1,0.2269727178924048,0.2269727178924048,0.2269727178924048,-0.2269727178924048,0.3462519210166498,0.5732246389090546
Taric,AurelionSol,4,0.22696839186460474,0.17075124949873527,0.33618050986340015,0.06316674343833528,0.3794643329668385,0.31629758952850323
Xerath,Twitch,3,0.22684816923514406,0.21254939783583765,0.2827512862990583,-0.11505260159865666,0.2946644188416632,0.4097170204403198
Qiyana,Ashe,2,0.22665675601618812,0.22665675601618812,0.31321282753194624,0.10819508939469763,0.42759045776132604,0.3193953683666284
Nidalee,KogMaw,1,0.2264757823949532,0.2264757823949532,0.2264757823949532,0.2264757823949532,0.44113843156113375,0.21466264916618055
Shaco,Jhin,24,0.22647255540122194,0.20082643915435122,0.3621650659879569,0.013994270959069632,0.5282435336260726,0.514249262667003
TwistedFate,Corki,1,0.22608903047376794,0.22608903047376794,0.22608903047376794,0.22608903047376794,0.42176434654500594,0.195675316071238
Janna,Diana,1,0.22605542776561338,0.22605542776561338,0.22605542776561338,0.22605542776561338,0.5034980793130499,0.2774426515474365
MasterYi,Sivir,1,0.22599604979658358,0.22599604979658358,0.22599604979658358,0.22599604979658358,0.45860434197918865,0.23260829218260506
JarvanIV,Mel,3,0.22595399896705928,0.21256967513685587,0.25015434479181575,-0.08424088220915538,0.4833764694107156,0.5676173516198709
Maokai,Ekko,1,0.22592509624444135,0.22592509624444135,0.22592509624444135,0.22592509624444135,0.5141704685161952,0.28824537227175384
Pantheon,Viktor,3,0.22569362835948403,0.28927635227952175,0.2970029219006938,0.026403918822159533,0.5397993749772007,0.5133954561550411
Lux,TwistedFate,1,0.22542726244770794,0.22542726244770794,0.22542726244770794,0.22542726244770794,0.4080115918708728,0.18258432942316488
Morgana,KogMaw,2,0.22517104649932088,0.22517104649932088,0.29403794924321586,0.08608362842986875,0.364770718212485,0.27868708978261625
Anivia,Taliyah,1,0.2251366166764474,0.2251366166764474,0.2251366166764474,-0.2251366166764474,0.44185412290914133,0.6669907395855887
Zed,Velkoz,1,0.22513585778960815,0.22513585778960815,0.22513585778960815,-0.22513585778960815,0.4238676355201803,0.6490034933097885
Galio,Yasuo,2,0.22510200171624623,0.22510200171624623,0.2391158111164066,0.22510200171624623,0.4190268684430709,0.19392486672682463
Seraphine,Orianna,1,0.2249215747119953,0.2249215747119953,0.2249215747119953,-0.2249215747119953,0.35207493985993815,0.5769965145719335
Morgana,Samira,5,0.22483844311506312,0.22954202946370206,0.2981019233979257,0.22483844311506312,0.33483181803030765,0.10999337491524455
Naafiri,Zyra,1,0.22474303954848646,0.22474303954848646,0.22474303954848646,-0.22474303954848646,0.45531677801135156,0.680059817559838
Karthus,Twitch,2,0.22433379251157015,0.22433379251157015,0.25152631733904157,-0.033990656034339276,0.32416129585907805,0.3581519518934173
Braum,Naafiri,4,0.2242730169575699,0.2256513216197828,0.33422173580930126,-0.10129239909122095,0.4018615248734229,0.5031539239646439
Karma,Olaf,2,0.2237707386459851,0.2237707386459851,0.3231576709813339,0.12423366541918604,0.3796396856053137,0.2554060201861277
Teemo,Varus,1,0.2236749223203376,0.2236749223203376,0.2236749223203376,-0.2236749223203376,0.3723634937569239,0.5960384160772615
Veigar,Kaisa,1,0.22347217292122537,0.22347217292122537,0.22347217292122537,0.22347217292122537,0.358623659512721,0.13515148659149565
Qiyana,Twitch,1,0.22335163204935787,0.22335163204935787,0.22335163204935787,-0.22335163204935787,0.4805789664752704,0.7039305985246282
Vayne,Ezreal,1,0.22330932402794185,0.22330932402794185,0.22330932402794185,0.22330932402794185,0.40227324635641576,0.1789639223284739
Nidalee,Varus,7,0.22306247930102674,0.2268494888171943,0.3995659935261866,-0.10176120480583885,0.4515078582400422,0.5532690630458811
Rell,DrMundo,1,0.22303246360415402,0.22303246360415402,0.22303246360415402,-0.22303246360415402,0.4534657473213943,0.6764982109255483
Nami,Karma,1,0.22294546588102332,0.22294546588102332,0.22294546588102332,-0.22294546588102332,0.38963215265427337,0.6125776185352967
Brand,Varus,7,0.22293237256378778,0.20463074275975696,0.3216703328282972,-0.12825029284146508,0.39213221345641663,0.5203825062978817
Blitzcrank,Teemo,1,0.22279454304949747,0.22279454304949747,0.22279454304949747,-0.22279454304949747,0.42514873340544906,0.6479432764549465
Senna,Nautilus,1,0.2227539787074056,0.2227539787074056,0.2227539787074056,0.2227539787074056,0.29002499772101087,0.06727101901360526
Karma,Yone,5,0.22240460344357765,0.1895797443608228,0.36389474916183795,-0.01397868159740514,0.3981483322979644,0.41212701389536954
Darius,Galio,1,0.22229303607895795,0.22229303607895795,0.22229303607895795,0.22229303607895795,0.5524454506731667,0.3301524145942088
Lulu,Velkoz,5,0.22222993060266388,0.2742702679790953,0.30701015882704247,-0.22222993060266388,0.3959788111016279,0.6182087417042919
Vi,Kalista,1,0.22189316035612475,0.22189316035612475,0.22189316035612475,0.22189316035612475,0.42177747398821963,0.19988431363209488
Sona,Anivia,2,0.22180462997577197,0.22180462997577197,0.3335693461819571,-0.13970589525773144,0.3804131264256009,0.5201190216833323
Poppy,Hwei,3,0.22124589106753056,0.31253605746681046,0.31685623315294353,0.01288851942299026,0.5679205834052962,0.5550320639823059
Braum,Kennen,1,0.2211976664392022,0.2211976664392022,0.2211976664392022,-0.2211976664392022,0.3622218662016479,0.5834195326408501
Morgana,Seraphine,1,0.22111911565127745,0.22111911565127745,0.22111911565127745,-0.22111911565127745,0.38618097446213234,0.6073000901134098
Singed,Xayah,1,0.22110614085905111,0.22110614085905111,0.22110614085905111,0.22110614085905111,0.5392988204795574,0.31819267962050624
Brand,Swain,2,0.22110257283161316,0.22110257283161316,0.24250130464794137,0.22110257283161316,0.3983136531927247,0.17721108036111155
Quinn,Seraphine,1,0.22065033086697178,0.22065033086697178,0.22065033086697178,-0.22065033086697178,0.49907996829775053,0.7197302991647223
RekSai,Ezreal,1,0.2205969412914939,0.2205969412914939,0.2205969412914939,0.2205969412914939,0.43505407496836046,0.21445713367686656
Pantheon,Anivia,3,0.22057454914694088,0.16831685769629984,0.33938924316561403,-0.10836331068274101,0.4984236492377618,0.6067869599205028
Maokai,Yunara,13,0.22054794692893578,0.18029041502750814,0.4027032924128298,0.018384254706212785,0.4316671562603344,0.4132829015541217
Zac,Corki,3,0.2200601943648979,0.257809312729431,0.2883101819898959,0.2200601943648979,0.41290401959614687,0.192843825231249
Skarner,Varus,1,0.21989200067821285,0.21989200067821285,0.21989200067821285,-0.21989200067821285,0.45371754442645923,0.6736095451046721
TahmKench,Twitch,3,0.2197595041357596,0.1991574363064521,0.3480371612188466,0.037078557495537234,0.36768239088310434,0.3306038333875671
Ekko,Tristana,1,0.2196612209180438,0.2196612209180438,0.2196612209180438,0.2196612209180438,0.426872157010275,0.20721093609223118
Rell,Ahri,1,0.21965743678941924,0.21965743678941924,0.21965743678941924,-0.21965743678941924,0.4874825760731026,0.7071400128625218
Jax,Xayah,2,0.219638184807171,0.219638184807171,0.29744326571727653,0.09725635113763187,0.4808088516560712,0.3835525005184393
JarvanIV,Aphelios,1,0.2194257024437816,0.2194257024437816,0.2194257024437816,0.2194257024437816,0.36233322970652965,0.14290752726274805
Milio,Lux,1,0.2190718280095001,0.2190718280095001,0.2190718280095001,0.2190718280095001,0.3497837112079704,0.13071188319847032
Senna,DrMundo,3,0.21890447621539147,0.22226779470367497,0.2874749171151844,0.01638667773668362,0.3585549097016267,0.34216823196494306
Zed,Jinx,1,0.2186681876120465,0.2186681876120465,0.2186681876120465,0.2186681876120465,0.38614687427552113,0.16747868666347462
Camille,Karthus,2,0.21856966526490856,0.21856966526490856,0.2786279300381471,-0.21856966526490856,0.5390502997777817,0.7576199650426904
Vayne,Yunara,1,0.21845712100923054,0.21845712100923054,0.21845712100923054,-0.21845712100923054,0.40659135894771015,0.6250484799569407
Velkoz,MonkeyKing,1,0.2184471174781636,0.2184471174781636,0.2184471174781636,0.2184471174781636,0.31878801800712336,0.10034090052895978
Leona,Vladimir,5,0.21823515460877335,0.23814597139851149,0.26559510286534105,0.21823515460877335,0.44590754376356667,0.22767238915479332
Velkoz,Kindred,1,0.21813496215433525,0.21813496215433525,0.21813496215433525,-0.21813496215433525,0.30529088556142625,0.5234258477157615
Senna,Diana,1,0.21796895460026044,0.21796895460026044,0.21796895460026044,-0.21796895460026044,0.3700958981329231,0.5880648527331835
Qiyana,Sivir,1,0.21782529613811952,0.21782529613811952,0.21782529613811952,0.21782529613811952,0.49316210836620455,0.27533681222808504
Thresh,Zyra,3,0.21771534354928668,0.24573284551902347,0.2729932845046917,-0.031176414048547485,0.44751237713118597,0.47868879117973345
JarvanIV,Senna,1,0.21763734563135506,0.21763734563135506,0.21763734563135506,0.21763734563135506,0.41352827844150575,0.1958909328101507
Syndra,Smolder,2,0.21763517199375396,0.21763517199375396,0.2735957831491603,-0.0699507639442579,0.4244875432307206,0.4944383071749785
Neeko,Nilah,4,0.21758080844330013,0.11391849473761118,0.4087278414848006,-0.21758080844330013,0.3672313362077552,0.5848121446510555
Nidalee,Lux,1,0.21737038360274208,0.21737038360274208,0.21737038360274208,0.21737038360274208,0.4641642922903272,0.2467939086875851
Kennen,Ezreal,3,0.21698924832999691,0.23981366997895864,0.24866022803717752,-0.11013444335713034,0.4346696907552772,0.5448041341124076
Braum,Zilean,2,0.2168462610636235,0.2168462610636235,0.25192804599233226,0.04385223116088596,0.4255562369256972,0.3817040057648113
Anivia,Senna,6,0.2166737815918199,0.2091270464406433,0.3565569993205443,0.15670663216665376,0.36398652850993996,0.20727989634328617
Maokai,Katarina,1,0.21660580078096575,0.21660580078096575,0.21660580078096575,-0.21660580078096575,0.37942000204176635,0.5960258028227321
Thresh,Akshan,3,0.21606197106340477,0.26299805594241255,0.2713584127339257,0.14156906751940626,0.43097511658622234,0.2894060490668161
Veigar,AurelionSol,1,0.21604338157775582,0.21604338157775582,0.21604338157775582,0.21604338157775582,0.34571726175452094,0.12967388017676512
Janna,Katarina,9,0.215989841563048,0.22287942681977477,0.2830607326400239,-0.1464731758437573,0.4192625260726833,0.5657357019164405
Blitzcrank,Hwei,6,0.2159285382534992,0.2044530350868375,0.3411039871214258,-0.06689987250668362,0.5310189037544091,0.5979187762610927
Lux,Bard,1,0.21575482631091703,0.21575482631091703,0.21575482631091703,-0.21575482631091703,0.3858828203877952,0.6016376466987122
Velkoz,Pantheon,1,0.21567760369268135,0.21567760369268135,0.21567760369268135,0.21567760369268135,0.3423084631902113,0.12663085949752995
AurelionSol,Sivir,1,0.21538133711272178,0.21538133711272178,0.21538133711272178,-0.21538133711272178,0.6289799734702636,0.8443613105829854
Nunu,Zac,1,0.21518857052506324,0.21518857052506324,0.21518857052506324,-0.21518857052506324,0.5964886769029444,0.8116772474280076
Vayne,Velkoz,1,0.21518565358968578,0.21518565358968578,0.21518565358968578,0.21518565358968578,0.5113002663267637,0.29611461273707795
Trundle,Heimerdinger,1,0.21514045075255944,0.21514045075255944,0.21514045075255944,0.21514045075255944,0.4976883962280283,0.28254794547546885
RekSai,Kalista,1,0.2148867994022634,0.2148867994022634,0.2148867994022634,0.2148867994022634,0.4502048174984545,0.23531801809619107
Amumu,MissFortune,3,0.21462020293263673,0.1831636283870146,0.3044524103924092,0.21462020293263673,0.39972107623883507,0.18510087330619832
Amumu,Varus,4,0.21458991673437255,0.24293684258860349,0.30861088690937727,-0.21458991673437255,0.45372488483135837,0.668314801565731
Rakan,Kennen,1,0.21454158616052954,0.21454158616052954,0.21454158616052954,-0.21454158616052954,0.4610940411523915,0.675635627312921
AurelionSol,Jinx,1,0.2144975044518017,0.2144975044518017,0.2144975044518017,-0.2144975044518017,0.5774905190615149,0.7919880235133167
Alistar,Sion,1,0.2142976992807506,0.2142976992807506,0.2142976992807506,0.2142976992807506,0.5120633513330449,0.2977656520522943
Ekko,Kaisa,2,0.21427085831176193,0.21427085831176193,0.2979798034463283,-0.10463618141820794,0.45367308922307337,0.5583092706412813
FiddleSticks,Ashe,5,0.21417465191677137,0.1366669697253483,0.4130856144062523,-0.19502521779097445,0.3792265277590338,0.5742517455500084
Rakan,Vladimir,7,0.21392118197692492,0.21000275460426499,0.35987701439767955,-0.021641363381267893,0.4625050458776088,0.4841464092588767
Lux,Zyra,2,0.21381795436384285,0.21381795436384285,0.3601072109434946,0.21381795436384285,0.41400413779507045,0.2001861834312276
Orianna,Ezreal,5,0.21378273957331312,0.16690985022157617,0.33662046548491986,-0.039780499753192186,0.3335783814027327,0.37335888115592486
Brand,Lucian,3,0.2137155754031328,0.23503647228171987,0.23840933268805428,-0.10247710464443904,0.37329738808576707,0.47577449273020617
Fiora,Hwei,1,0.21350573211588753,0.21350573211588753,0.21350573211588753,0.21350573211588753,0.5679538773475384,0.3544481452316509
Rakan,Zilean,5,0.21320925422669404,0.20195297293569214,0.3720605614844454,-0.17421441250873868,0.5075572685135465,0.6817716810222851
Maokai,Mel,2,0.21305110648020165,0.21305110648020165,0.3195293726303745,0.13309783268771608,0.4520238269206083,0.3189259942328922
Rell,Quinn,1,0.21297988846829585,0.21297988846829585,0.21297988846829585,-0.21297988846829585,0.49122712905649757,0.7042070175247934
Zed,Qiyana,1,0.21264759655369123,0.21264759655369123,0.21264759655369123,0.21264759655369123,0.3843066250189733,0.17165902846528205
Shaco,Syndra,1,0.21235678319524864,0.21235678319524864,0.21235678319524864,0.21235678319524864,0.5755628005580379,0.36320601736278924
LeeSin,Sivir,2,0.21232121015310065,0.21232121015310065,0.32444283350582687,0.14015202919090777,0.5132862056398687,0.37313417644896096
Ivern,Nilah,1,0.2122963004290373,0.2122963004290373,0.2122963004290373,-0.2122963004290373,0.36475512741276556,0.5770514278418029
Jax,Senna,1,0.21198471878090408,0.21198471878090408,0.21198471878090408,0.21198471878090408,0.546511177157405,0.33452645837650097
Taliyah,Sivir,1,0.21173072600691617,0.21173072600691617,0.21173072600691617,0.21173072600691617,0.46382895317817757,0.2520982271712614
Lulu,Jhin,27,0.21164129555656183,0.14365586574876854,0.4232439702169921,-0.08509110457865983,0.3430054861938521,0.42809659077251194
Vex,KogMaw,1,0.21159658192487635,0.21159658192487635,0.21159658192487635,-0.21159658192487635,0.3965956359078549,0.6081922178327313
Amumu,Swain,4,0.21130982407760962,0.21437795348075706,0.3519428763650645,0.0030681294031474488,0.4163376090032743,0.4132694796001269
Galio,Lucian,1,0.2110865247102399,0.2110865247102399,0.2110865247102399,0.2110865247102399,0.39753742390947655,0.18645089919923666
Teemo,Veigar,2,0.21104620715218458,0.21104620715218458,0.3781825030104053,0.2089203698227759,0.4711623179961323,0.2622419481733564
Renata,Zeri,6,0.2108879837370746,0.21590475309859383,0.37047082223673117,-0.10756470517059825,0.3727542194256537,0.48031892459625186
Varus,Karthus,1,0.21087301614934328,0.21087301614934328,0.21087301614934328,0.21087301614934328,0.4627010563596354,0.2518280402102921
Zilean,Lulu,1,0.21083875425295823,0.21083875425295823,0.21083875425295823,-0.21083875425295823,0.3926617427275209,0.6035004969804791
Gragas,Jhin,6,0.21071400000812845,0.20846802902268377,0.3932178341836683,-0.06781514961164317,0.4151616769267395,0.4829768265383827
Hwei,Twitch,1,0.21055838444529218,0.21055838444529218,0.21055838444529218,0.21055838444529218,0.3162955107893486,0.10573712634405641
Swain,Varus,3,0.21009955991076415,0.1567631181211241,0.2900805324855328,0.21009955991076415,0.3351888495336639,0.1250892896228997
Xerath,Xayah,2,0.21008223620871647,0.21008223620871647,0.2349947455494625,-0.031140636675932518,0.3055993678576688,0.3367400045336013
Zed,Sivir,2,0.2100026945086507,0.2100026945086507,0.22655169693392094,-0.020686253031587803,0.39260474491189307,0.4132909979434809
FiddleSticks,Xayah,1,0.20967750184544842,0.20967750184544842,0.20967750184544842,-0.20967750184544842,0.36570953767498515,0.5753870395204336
Shen,KogMaw,3,0.20964473421693508,0.16239837167176746,0.33933122576019575,-0.04606489197126681,0.3719396180521993,0.4180045100234661
Yuumi,Smolder,15,0.20963418852554455,0.1853207980184821,0.34057531743566144,-0.06043265059441403,0.18762484686507988,0.2480574974594939
Shen,Caitlyn,5,0.20943472269771424,0.18656685839749643,0.3540528000316061,-0.1704355687924246,0.34149525617821463,0.5119308249706392
Janna,Vex,1,0.20892247235673556,0.20892247235673556,0.20892247235673556,-0.20892247235673556,0.4890406725794747,0.6979631449362103
Brand,Syndra,1,0.20847660758309533,0.20847660758309533,0.20847660758309533,0.20847660758309533,0.46338416009859,0.2549075525154947
Zac,Zeri,1,0.2084639913801478,0.2084639913801478,0.2084639913801478,0.2084639913801478,0.41567768586530174,0.20721369448515395
Anivia,Zyra,1,0.20840925491658568,0.20840925491658568,0.20840925491658568,0.20840925491658568,0.3941954337410773,0.1857861788244916
FiddleSticks,Velkoz,2,0.20834023203960697,0.20834023203960697,0.28039493809595784,0.09006838257043856,0.4657142224628015,0.3756458398923629
Taliyah,Jhin,4,0.20829995360557335,0.1698206034637007,0.3684298674545994,0.10150910711395521,0.4457222053481262,0.344213098234171
Bard,Fiora,2,0.2082887008215505,0.2082887008215505,0.3290263377335907,-0.2082887008215505,0.5051030861688335,0.713391786990384
Yuumi,Veigar,4,0.20806203436579448,0.18284837477041302,0.2607395386371422,-0.02521365959538146,0.18778828160848288,0.21300194120386434
Ivern,Varus,1,0.20802141622204795,0.20802141622204795,0.20802141622204795,0.20802141622204795,0.39938795613874756,0.1913665399166996
Camille,Jhin,5,0.20761202429247075,0.14232641665251333,0.3936783235420508,0.19126201369183002,0.49623772198836436,0.30497570829653436
TahmKench,Zeri,5,0.20751978166588256,0.22214760481780615,0.3142260715994525,-0.0673650955465055,0.354114898496498,0.4214799940430035
Skarner,Swain,1,0.20751333671562927,0.20751333671562927,0.20751333671562927,0.20751333671562927,0.4293443996485519,0.22183106293292265
Morgana,MissFortune,5,0.20746951596598312,0.24462567918872608,0.2988360367956139,0.0396512401342574,0.38460905010268853,0.3449578099684311
Poppy,Nilah,4,0.20718882739743838,0.21151747679949665,0.22343985255292945,0.01381231967124856,0.4441566547074953,0.4303443350362468
Nasus,Veigar,1,0.20686424090280398,0.20686424090280398,0.20686424090280398,0.20686424090280398,0.3960515655212353,0.18918732461843135
Shen,MissFortune,12,0.20683813407293153,0.2095567798852513,0.3464270836082517,0.014755087987817347,0.3774148618397597,0.36265977385194237
Rell,Taliyah,1,0.20677503919751522,0.20677503919751522,0.20677503919751522,-0.20677503919751522,0.4498429069237924,0.6566179461213076
Annie,Karthus,1,0.2067412035152093,0.2067412035152093,0.2067412035152093,0.2067412035152093,0.4411989044217069,0.2344577009064976
Galio,Katarina,1,0.20671101908135192,0.20671101908135192,0.20671101908135192,-0.20671101908135192,0.41005363586206545,0.6167646549434174
Thresh,Rengar,1,0.2066932327615124,0.2066932327615124,0.2066932327615124,-0.2066932327615124,0.3334580452273669,0.5401512779888793
Rakan,Malzahar,1,0.2065491354096357,0.2065491354096357,0.2065491354096357,-0.2065491354096357,0.5484640339075189,0.7550131693171546
Skarner,Nilah,1,0.20653391168841317,0.20653391168841317,0.20653391168841317,-0.20653391168841317,0.37282196075288065,0.5793558724412938
Xerath,Kalista,1,0.20632742262612166,0.20632742262612166,0.20632742262612166,-0.20632742262612166,0.2442343868467289,0.45056180947285057
Xerath,Zeri,2,0.2062396047449144,0.2062396047449144,0.27554524338071107,0.2062396047449144,0.304593731835172,0.09835412709025759
Janna,Sona,1,0.2061163966370524,0.2061163966370524,0.2061163966370524,-0.2061163966370524,0.5531928241393996,0.759309220776452
Sylas,Mel,3,0.2060780032091851,0.11480191391977912,0.36933945211146885,-0.12954339392933234,0.561777640051022,0.6913210339803544
Anivia,Smolder,3,0.20603124618639468,0.11916168430981539,0.35932373163220965,-0.1265901233131844,0.4213008697342237,0.5478909930474081
Shen,Fiora,1,0.2059682230137691,0.2059682230137691,0.2059682230137691,-0.2059682230137691,0.3638143794852176,0.5697826024989867
Gragas,Vayne,1,0.20570677437575954,0.20570677437575954,0.20570677437575954,0.20570677437575954,0.36621034018892124,0.1605035658131617
Brand,Veigar,2,0.20552280460015576,0.20552280460015576,0.23995459405088418,0.04303973681341054,0.40386527789722027,0.3608255410838097
Zoe,Vex,1,0.20546025054137362,0.20546025054137362,0.20546025054137362,-0.20546025054137362,0.43325805184193455,0.6387183023833082
Galio,Velkoz,2,0.20545981299185082,0.20545981299185082,0.2551149208603057,0.06206888483556858,0.46148172816904887,0.39941284333348026
Teemo,Jinx,1,0.20541274706585305,0.20541274706585305,0.20541274706585305,0.20541274706585305,0.4272438099987757,0.22183106293292265
Twitch,Varus,5,0.20539740243606416,0.19674033299700688,0.28146511387414425,-0.20539740243606416,0.5378194677335733,0.7432168701696373
Rammus,Aphelios,2,0.20525467319653615,0.20525467319653615,0.27438897684670666,-0.20525467319653615,0.43494349336031235,0.6401981665568485
Trundle,Vayne,2,0.20521247075924667,0.20521247075924667,0.24523157834251152,-0.05002388447908104,0.424009716820371,0.47403360129945205
Xerath,Corki,5,0.2051752678787126,0.1613197786853526,0.31276339803481396,-0.02219197217835182,0.31823001156850583,0.3404219837468576
Pantheon,Zyra,3,0.20508096670895823,0.2046796368318614,0.22834356806049472,-0.08754515842405142,0.5197440815289973,0.6072892399530487
Amumu,Draven,3,0.20501412381409648,0.12130151664276795,0.3597101622727744,0.07452742530608752,0.4072926313643575,0.33276520605827004
Rammus,Draven,2,0.20484483005374404,0.20484483005374404,0.3231676759670253,-0.14790355739160155,0.44459881779772703,0.5925023751893286
Ashe,Veigar,1,0.20465058964014649,0.20465058964014649,0.20465058964014649,0.20465058964014649,0.35755089409993396,0.15290030445978747
Alistar,Xerath,2,0.20453916283994547,0.20453916283994547,0.2988613764905188,-0.11790276706321665,0.5122179809270613,0.6301207479902778
MissFortune,Zeri,1,0.20446954812100276,0.20446954812100276,0.20446954812100276,0.20446954812100276,0.30869230295247174,0.10422275483146899
Shen,Draven,3,0.20446772214889922,0.183198844397323,0.290778644368224,0.12944723702328229,0.3388395671086533,0.20939233008537106
Braum,AurelionSol,6,0.2044363484735001,0.17772505828815777,0.33608401431388213,-0.013115125144101444,0.40149347429197607,0.41460859943607753
Ekko,Ashe,2,0.20439777108345228,0.20439777108345228,0.3097508709897642,-0.13169137488288993,0.48961810809949413,0.6213094829823841
Brand,Yunara,11,0.2042501497157274,0.22186870981896162,0.26479546638444834,0.006693105872151086,0.3648988061228147,0.3582057002506636
Nautilus,Malzahar,2,0.20420997862008874,0.20420997862008874,0.25235181037138227,-0.20420997862008874,0.4957523840832673,0.699962362703356
Lulu,Veigar,4,0.20415906943650264,0.18781822816403992,0.3576524559626075,-0.19237314780480974,0.3795012932336427,0.5718744410384524
KogMaw,Yunara,1,0.2041163861431265,0.2041163861431265,0.2041163861431265,-0.2041163861431265,0.28060105843830074,0.48471744458142724
Janna,Neeko,1,0.2040170424969508,0.2040170424969508,0.2040170424969508,-0.2040170424969508,0.4771640521735753,0.6811810946705261
Neeko,Brand,4,0.20396573662643042,0.18457878046766457,0.36291626513686065,0.10892466783228247,0.46096396777787285,0.3520392999455904
Zyra,Elise,1,0.2039347570173341,0.2039347570173341,0.2039347570173341,0.2039347570173341,0.2813409292066526,0.07740617218931851
Ashe,Mel,3,0.20388396249574967,0.1642802358822824,0.2807125802887958,0.0026631484311997653,0.38758656828290244,0.3849234198517027
Yuumi,Corki,11,0.2038147223055014,0.10655354324544006,0.5621851209395313,-0.06293213451146631,0.18803896204970857,0.2509710965611749
Pantheon,Mel,11,0.20379155156716874,0.187738098454729,0.29237616309034775,-0.039376661588823594,0.5287406448757084,0.5681173064645321
Heimerdinger,Ashe,4,0.20363634268622333,0.20350833631078943,0.2146710714637683,0.20363634268622333,0.318598453436189,0.11496211074996564
LeeSin,KogMaw,1,0.2035873474474834,0.2035873474474834,0.2035873474474834,-0.2035873474474834,0.5272729728928706,0.730860320340354
Morgana,Senna,4,0.2032776675811333,0.21610040667898564,0.36400719968728507,0.16062217267184975,0.35120992825766056,0.19058775558581081
Taliyah,Mel,1,0.20320880046871975,0.20320880046871975,0.20320880046871975,0.20320880046871975,0.5655646994675433,0.36235589899882353
Syndra,Jhin,1,0.2031753434814412,0.2031753434814412,0.2031753434814412,0.2031753434814412,0.39517801168705474,0.19200266820561354
Morgana,Smolder,8,0.2031090939375374,0.20105326752371955,0.31366513648919,-0.03866190084704247,0.370992279765782,0.40965418061282444
Lux,Jinx,8,0.20303170112120786,0.14956818215631718,0.45132737541529594,-0.15173752882600988,0.34069432607679484,0.4924318549028047
Rakan,Qiyana,3,0.20301786032096678,0.2132555156187913,0.23555960652506858,-0.20301786032096678,0.44121397426837916,0.644231834589346
Lissandra,Jhin,2,0.202880417602822,0.202880417602822,0.21008386739797513,0.202880417602822,0.4371213372310353,0.23424091962821336
Zoe,Corki,11,0.20278413724746383,0.1947797643929003,0.397562978566448,-0.06077906090869017,0.4415685246670993,0.5023475855757894
Sona,Zilean,4,0.20256943141868328,0.18071994621153264,0.3276833943888551,-0.20256943141868328,0.3876903308048459,0.5902597622235292
Sona,KogMaw,17,0.20251062499451414,0.1620000032873764,0.3820507743797116,-0.049878097379015995,0.3111422426209447,0.36102033999996075
Zeri,Lulu,1,0.20222801456944564,0.20222801456944564,0.20222801456944564,0.20222801456944564,0.41875357233943766,0.21652555776999202
Gwen,Ziggs,1,0.20217277100375747,0.20217277100375747,0.20217277100375747,-0.20217277100375747,0.4490639304985565,0.6512367015023139
Galio,Seraphine,1,0.20212884243882906,0.20212884243882906,0.20212884243882906,-0.20212884243882906,0.45171742731271497,0.653846269751544
TahmKench,Kaisa,19,0.20205654744258075,0.23001354951042255,0.373890392182918,0.033195365999541315,0.3549638057116371,0.3217684397120958
Leblanc,Tristana,7,0.20190777551317643,0.20234772744381196,0.3329679813864902,0.06941988068588803,0.5057546168985751,0.43633473621268715
Jax,Ziggs,2,0.201795471472536,0.201795471472536,0.240730983886364,0.201795471472536,0.5497919852130976,0.3479965137405616
Senna,Rengar,3,0.20177178799573728,0.1671824260493705,0.2724800770480731,-0.10888615590234223,0.30855256769319434,0.4174387235955366
Ekko,Cassiopeia,1,0.2015987111372124,0.2015987111372124,0.2015987111372124,-0.2015987111372124,0.5292616092031416,0.730860320340354
Elise,Rengar,1,0.20150462059627383,0.20150462059627383,0.20150462059627383,-0.20150462059627383,0.530742970527093,0.7322475911233668
Senna,Twitch,12,0.2014390188355564,0.18964324817283543,0.41100936387353604,-0.1330447242937468,0.29588959897016726,0.428934323263914
Leblanc,Xayah,1,0.20137949329802107,0.20137949329802107,0.20137949329802107,0.20137949329802107,0.5094887481466759,0.3081092548486548
Nautilus,Sylas,2,0.20132617232447203,0.20132617232447203,0.23461219661103938,0.20132617232447203,0.4124902240082442,0.2111640516837722
Soraka,Vladimir,4,0.20130909323885432,0.20347151522013912,0.3082957647999219,-0.08613458202086433,0.34041840101650445,0.42655298303736877
Singed,Sivir,1,0.20100079284252464,0.20100079284252464,0.20100079284252464,0.20100079284252464,0.5633566918413482,0.36235589899882353
Gragas,Mel,2,0.20084344844947186,0.20084344844947186,0.28017581610424724,-0.0991654595684692,0.48322086884924587,0.5823863284177151
Leona,Zed,2,0.20068575583002088,0.20068575583002088,0.3339462053761686,-0.20068575583002088,0.4502659947863352,0.6509517506163561
Shaco,Anivia,1,0.20062222415079856,0.20062222415079856,0.20062222415079856,-0.20062222415079856,0.5687594501416621,0.7693816742924606
XinZhao,MissFortune,1,0.20002923482820772,0.20002923482820772,0.20002923482820772,0.20002923482820772,0.4838952479529154,0.28386601312470766
Senna,Xerath,10,0.19997655323754698,0.15712703318602503,0.4872072937965083,-0.057668711486792604,0.3294683254631562,0.3871370369499488
Blitzcrank,Nilah,11,0.19996516008319468,0.14822383956989926,0.4534726614440466,-0.07090952127105035,0.3829164550072264,0.4538259762782768
Teemo,Hwei,1,0.19993687090275608,0.19993687090275608,0.19993687090275608,-0.19993687090275608,0.47477192091113446,0.6747087918138905
Taric,Senna,7,0.1997639170998795,0.21427839758081815,0.29772553180958544,0.03565798214330073,0.3276212408968603,0.29196325875355955
Hwei,Aphelios,3,0.19957227168655192,0.14961107774762764,0.28756675137047427,0.11487222666265713,0.3113559766933543,0.19648375003069718
Bard,Kindred,2,0.19942901366058713,0.19942901366058713,0.2778133944303488,-0.09798047596220211,0.5337769038867931,0.6317573798489953
Galio,Corki,6,0.19934792810939092,0.2127523039880757,0.30787925469447464,0.007958290201742005,0.43403814194497753,0.42607985174323554
Kindred,Yunara,1,0.19924031161847539,0.19924031161847539,0.19924031161847539,0.19924031161847539,0.33188403040999515,0.13264371879151976
Renata,Senna,3,0.19922681579399912,0.19088396264168425,0.33561057078887446,0.1758906411842384,0.35726687976043064,0.1813762385761923
Pantheon,Ziggs,8,0.19886940527373595,0.19248896404934282,0.3418691942081019,0.007152530436148663,0.5305434354275541,0.5233909049914055
Janna,Talon,1,0.19878344251160063,0.19878344251160063,0.19878344251160063,0.19878344251160063,0.4887175800829524,0.2899341375713518
Neeko,Karthus,5,0.1983970010923319,0.21479296280123444,0.2951303543607321,-0.1983970010923319,0.4288384396068693,0.6272354406992011
LeeSin,Taric,1,0.1983403834448968,0.1983403834448968,0.1983403834448968,0.1983403834448968,0.45995415183566274,0.26161376839076594
Nautilus,Soraka,2,0.1982846323050402,0.1982846323050402,0.29992330036033177,0.12704833506911442,0.40095894690502737,0.273910611835913
Trundle,Smolder,3,0.19826727828219734,0.16850758604503213,0.3664738768190548,0.19826727828219734,0.4338060056235486,0.2355387273413513
Leblanc,AurelionSol,3,0.19823788811557783,0.19556568759198956,0.2670614839257328,0.19823788811557783,0.5410494577115424,0.3428115695959646
Varus,Yunara,1,0.1981601676837592,0.1981601676837592,0.1981601676837592,0.1981601676837592,0.3605204952041532,0.162360327520394
Trundle,MissFortune,1,0.19797609601435948,0.19797609601435948,0.19797609601435948,0.19797609601435948,0.4134806392455578,0.2155045432311983
Lissandra,Corki,2,0.19767426089500906,0.19767426089500906,0.2156337071143834,0.02244930777421794,0.47999585785961774,0.4575465500853998
Taric,Ekko,1,0.19760809400441084,0.19760809400441084,0.19760809400441084,0.19760809400441084,0.4123210999716076,0.21471300596719675
Ivern,Rengar,3,0.19760388753693184,0.1838692933049082,0.2700016771997039,-0.003247372087996636,0.3593837770947233,0.36263114918271994
Zaahen,Nilah,2,0.19759619446771132,0.19759619446771132,0.21002700115571918,0.19759619446771132,0.32852180290559174,0.1309256084378804
FiddleSticks,Tristana,4,0.1975173076661465,0.20086185723375333,0.29038455269535457,0.04538613324016112,0.3831630162770431,0.33777688303688197
Lulu,Viktor,1,0.19748903743541668,0.19748903743541668,0.19748903743541668,-0.19748903743541668,0.4112086895618876,0.6086977269973043
Orianna,Varus,1,0.1974531869624034,0.1974531869624034,0.1974531869624034,0.1974531869624034,0.37740998765907263,0.17995680069666922
Nami,Quinn,1,0.19740649657677267,0.19740649657677267,0.19740649657677267,0.19740649657677267,0.4124254900956916,0.21501899351891895
Maokai,Twitch,6,0.1973538719604766,0.23026903116284664,0.25624422716182893,0.09380503890925383,0.4022897060741067,0.3084846671648529
Poppy,Smolder,8,0.19733319601430965,0.20014918188268938,0.3387508540231004,-0.02905000613197426,0.4799778135491231,0.5090278196810974
Xerath,Akshan,1,0.19732734692065668,0.19732734692065668,0.19732734692065668,-0.19732734692065668,0.334549510863995,0.5318768577846517
Hwei,Corki,1,0.19729121631706048,0.19729121631706048,0.19729121631706048,-0.19729121631706048,0.33147839215271446,0.5287696084697749
Elise,Zoe,1,0.19705141683430394,0.19705141683430394,0.19705141683430394,0.19705141683430394,0.4961211730785481,0.29906975624424414
Lulu,Renata,1,0.19697227577890378,0.19697227577890378,0.19697227577890378,0.19697227577890378,0.33306143470588123,0.13608915892697745
Zilean,Velkoz,5,0.19690976682566624,0.20701348210682413,0.309042135384476,-0.19690976682566624,0.41076772214953844,0.6076774889752047
Soraka,Ziggs,9,0.19670461712613138,0.1365397343019657,0.3991551388695479,-0.0275488860821599,0.38562279521819903,0.4131716813003589
Fiora,Ziggs,2,0.19659940737491613,0.19659940737491613,0.229921400620834,0.19659940737491613,0.5198172629879376,0.3232178556130215
Shaco,Rengar,1,0.19654745562068443,0.19654745562068443,0.19654745562068443,-0.19654745562068443,0.5609157310586558,0.7574631866793402
XinZhao,Vayne,1,0.1965072524987842,0.1965072524987842,0.1965072524987842,-0.1965072524987842,0.4965552880337927,0.6930625405325769
Quinn,Jhin,2,0.19643986936086608,0.19643986936086608,0.2741388292213594,-0.19643986936086608,0.42973224778444874,0.6261721171453148
Amumu,Caitlyn,6,0.19640487652259986,0.22318493709508752,0.28229902292809766,0.086277330403707,0.37738419462107653,0.29110686421736953
Blitzcrank,Brand,4,0.19627336012422905,0.1988415789609577,0.227770227390906,0.12126722759234462,0.4753836813691021,0.3541164537767575
Janna,Xerath,3,0.19623875736965343,0.1943328098965013,0.2767923379194773,-0.002032722580494121,0.5036159042876613,0.5056486268681555
Janna,Kassadin,1,0.19616976271787767,0.19616976271787767,0.19616976271787767,-0.19616976271787767,0.4809517022100609,0.6771214649279386
Soraka,Syndra,2,0.19612941820360788,0.19612941820360788,0.28013134280057306,-0.19612941820360788,0.3433271105303678,0.5394565287339756
Leblanc,MissFortune,1,0.19608279690013763,0.19608279690013763,0.19608279690013763,0.19608279690013763,0.48067272771868247,0.28458993081854483
Pyke,Anivia,1,0.19597299911041943,0.19597299911041943,0.19597299911041943,-0.19597299911041943,0.5050709904059412,0.7010439895163606
Maokai,Karthus,8,0.19594829115372103,0.21031332972397995,0.28223947719243564,0.051726233625094604,0.4751912509732639,0.4234650173481693
Ahri,Samira,1,0.19565914396709316,0.19565914396709316,0.19565914396709316,-0.19565914396709316,0.34688272975776524,0.5425418737248584
Senna,KSante,4,0.19551284924290757,0.20374969968869913,0.28190699185485296,0.04442453975781975,0.2946945085517317,0.25026996879391195
Rakan,Akshan,3,0.1953437879342835,0.18881589259448905,0.23263166213140898,0.1953437879342835,0.4109259120316285,0.21558212409734492
Zac,Veigar,1,0.19520732290653603,0.19520732290653603,0.19520732290653603,0.19520732290653603,0.4459105178373279,0.25070319493079185
Ekko,Jhin,3,0.19520178090538232,0.23222947188920068,0.2662431875755042,0.19520178090538232,0.4982233887884407,0.3030216078830584
Zoe,Vayne,3,0.19491730497857365,0.24750055419678252,0.28969067398697324,-0.17024186710896197,0.38291343577866394,0.5531553028876259
Rell,Karthus,20,0.1949084292632985,0.17268088453593144,0.4183621074945712,0.05019055252818294,0.4825629574876654,0.4323724049594825
Nami,Zilean,16,0.19444558574150483,0.157282050730476,0.39871893160981475,-0.07212535574119569,0.4100577548516301,0.4821831105928258
Yuumi,Velkoz,1,0.19442396757267724,0.19442396757267724,0.19442396757267724,-0.19442396757267724,0.2020955170933593,0.39651948466603654
Sona,Kayle,1,0.1941851028599873,0.1941851028599873,0.1941851028599873,-0.1941851028599873,0.36512794243582997,0.5593130452958173
Pyke,Nilah,11,0.19411698519597084,0.1346968371737557,0.3494726952804185,0.09474468829156592,0.45603484248276355,0.3612901541911977
Morgana,Xerath,1,0.1940840932680737,0.1940840932680737,0.1940840932680737,-0.1940840932680737,0.3919988462962866,0.5860829395643603
Ivern,Smolder,4,0.19404083150033713,0.16909443779963734,0.31511962157613294,0.013444627065170953,0.40232603965370506,0.38888141258853415
Zoe,Veigar,2,0.19400061943912153,0.19400061943912153,0.24175783412086893,-0.19400061943912153,0.45076546167627574,0.6447660811153972
Zilean,Lucian,7,0.1938678644353243,0.22918232141727032,0.3161679891708633,0.10721148543979366,0.3601170995033183,0.25290561406352463
LeeSin,Jinx,1,0.19379009968295882,0.19379009968295882,0.19379009968295882,0.19379009968295882,0.42293991025985844,0.22914981057689962
Annie,Jinx,6,0.1936884334368678,0.19020250004167094,0.3519616391286353,0.11842632547826738,0.3713272711498418,0.25290094567157445
Amumu,Katarina,2,0.19363739242219596,0.19363739242219596,0.32583075959186575,0.19363739242219596,0.44489759928339123,0.25126020686119527
Xerath,Vladimir,1,0.19360024103990509,0.19360024103990509,0.19360024103990509,-0.19360024103990509,0.3233111375093373,0.5169113785492424
Nidalee,Ashe,8,0.19359497274357226,0.13638467551328623,0.3691159796201265,-0.08388081292191651,0.4644542601450764,0.5483350730669929
Zoe,MissFortune,8,0.19354880031332122,0.20157690106415208,0.30250330358420446,-0.10133271960552932,0.43300626086608374,0.534338980471613
Nami,Zoe,4,0.1934170848422161,0.1973954804828421,0.2512137984423507,0.08277736391912544,0.36486797278391037,0.2820906088647849
JarvanIV,Draven,1,0.19320017866835565,0.19320017866835565,0.19320017866835565,0.19320017866835565,0.4007021370818086,0.20750195841345292
Maokai,Ziggs,4,0.19309418614240448,0.1384433228498295,0.32415145442052473,0.19309418614240448,0.4718099239860516,0.2787157378436471
Zyra,Swain,2,0.19299689117438898,0.19299689117438898,0.291986967899003,0.12373759590576752,0.3075560478845476,0.18381845197878005
Senna,Chogath,8,0.19290093599880334,0.21851344406289638,0.28054234697555336,-0.012892135952608498,0.2949698087368682,0.3078619446894767
Gragas,Ziggs,2,0.19288785016101626,0.19288785016101626,0.27163637907735017,0.09843566114541738,0.48155744203342454,0.3831217808880072
Shaco,Katarina,1,0.19264598301429853,0.19264598301429853,0.19264598301429853,0.19264598301429853,0.5070572038525488,0.3144112208382503
Lulu,Irelia,3,0.19263202583719163,0.15643669349761838,0.2520198044592129,0.0956028246276283,0.3797886151225658,0.2841857904949375
Riven,Ashe,1,0.19242804041957376,0.19242804041957376,0.19242804041957376,0.19242804041957376,0.36328838608310365,0.1708603456635299
Taric,Vladimir,1,0.192372138851661,0.192372138851661,0.192372138851661,-0.192372138851661,0.41533396957261864,0.6077061084242796
Seraphine,Brand,2,0.1923226193505315,0.1923226193505315,0.2093013499627117,-0.1923226193505315,0.3614768098327228,0.5537994291832542
Seraphine,Samira,7,0.19212734254614114,0.23087961259290685,0.35015857455076826,-0.035990967772240375,0.3369854470306754,0.3729764148029157
Morgana,Yasuo,2,0.19205397431866728,0.19205397431866728,0.22913804460324597,0.19205397431866728,0.38190085495393383,0.18984688063526656
AurelionSol,Ezreal,5,0.19175880174060875,0.2057939429661121,0.2588272301252407,0.1165765714777169,0.618362387607691,0.5017858161299742
Amumu,Karthus,11,0.19175379281474758,0.16561445783721868,0.3457442268105564,0.10387660674641762,0.44395273059861573,0.34007612385219815
Sona,Veigar,17,0.19172735058540913,0.22072036569759962,0.32143416293707316,-0.0014155428122461183,0.3810283294800333,0.38244387229227944
Blitzcrank,Lux,5,0.19168121721488754,0.20244102901748906,0.3131107647106658,0.04208816788343393,0.49919285522802276,0.4571046873445888
JarvanIV,Corki,3,0.19154392915038163,0.16859401191661344,0.3124687964422519,-0.07914792120597268,0.47493868756568963,0.5540866087716624
Nasus,Kaisa,1,0.1910623867366973,0.1910623867366973,0.1910623867366973,-0.1910623867366973,0.4006278495610218,0.5916902362977191
Zilean,Varus,36,0.19099828855484102,0.15261593698386608,0.4058131197220907,-0.08823728619507869,0.3621320104301727,0.4503692966252513
Rammus,Ezreal,2,0.1909939276382577,0.1909939276382577,0.32637807004036457,-0.1909939276382577,0.4937474587277525,0.6847413863660101
Shaco,Tristana,7,0.1908569709773204,0.2305965264749935,0.33369509954861454,-0.10543977968914328,0.5375251735183946,0.6429649532075379
Anivia,Lulu,1,0.1908111134041941,0.1908111134041941,0.1908111134041941,0.1908111134041941,0.42578846341375,0.23497735000955589
Taliyah,Yasuo,1,0.19055481198715968,0.19055481198715968,0.19055481198715968,-0.19055481198715968,0.4262098429562577,0.6167646549434174
Seraphine,Vladimir,2,0.1904575204371834,0.1904575204371834,0.19691293696638404,-0.1904575204371834,0.35080101946866604,0.5412585399058495
Senna,Syndra,8,0.19041527446069303,0.2616543007214345,0.3121421302066798,-0.0352092486865854,0.32224431621206956,0.357453564898655
Seraphine,Karthus,3,0.1902328628425071,0.16475095459874525,0.28267186412946566,0.1277025012314202,0.3623554681393286,0.2346529669079084
Quinn,Nilah,1,0.19022311542996295,0.19022311542996295,0.19022311542996295,-0.19022311542996295,0.3922868237178929,0.5825099391478559
Brand,MissFortune,3,0.19021660780979985,0.10080337139639511,0.3535296223838257,-0.1547930965415858,0.3829427787036108,0.5377358752451966
Shaco,Yasuo,4,0.19018781989198774,0.09889633103866433,0.4103498346749838,0.19018781989198774,0.5519519815817395,0.3617641616897519
Zoe,Twitch,1,0.19017841636714944,0.19017841636714944,0.19017841636714944,-0.19017841636714944,0.39881009027965947,0.5889885066468089
Katarina,Yunara,1,0.18998429715390192,0.18998429715390192,0.18998429715390192,0.18998429715390192,0.29533739002249093,0.10535309286858902
Bard,Pantheon,2,0.1898636356644909,0.1898636356644909,0.2153526398924548,-0.03186125528495484,0.4790297282219268,0.5108909835068817
Hwei,Zyra,1,0.18979547179770312,0.18979547179770312,0.18979547179770312,0.18979547179770312,0.3386961862069986,0.14890071440929548
Ekko,Ezreal,4,0.18965299649009243,0.19618293460037803,0.2903430667878315,0.0682864822510091,0.47917130148901765,0.41088481923800857
Velkoz,Zed,1,0.18929819249376786,0.18929819249376786,0.18929819249376786,0.18929819249376786,0.3889209691970583,0.19962277670329046
Swain,Mel,1,0.18911711894895403,0.18911711894895403,0.18911711894895403,0.18911711894895403,0.3738362193512603,0.1847191004023063
Shen,Smolder,3,0.18911025944945112,0.1981516845383262,0.231009340480789,-0.029627756471847972,0.3687780611927873,0.3984058176646353
Ahri,Camille,1,0.18910645450144425,0.18910645450144425,0.18910645450144425,-0.18910645450144425,0.36416575481530566,0.5532722093167499
Rakan,Naafiri,2,0.1890490244327835,0.1890490244327835,0.21740217990908908,0.1890490244327835,0.4424630204542367,0.2534139960214532
Velkoz,Veigar,8,0.18902343650768597,0.19561613235032088,0.28948756959045036,0.1202382305952069,0.36759803333241686,0.24735980273720995
Zyra,Xayah,4,0.18895594122557197,0.10689600283800915,0.41174711368990424,-0.10899298100187746,0.32091662515292785,0.42990960615480533
Rell,Hwei,10,0.18876801473934587,0.20112167799033326,0.2717983416553397,0.006564971281701457,0.4782763367966131,0.47171136551491166
Nidalee,Yunara,7,0.1886573307746728,0.053734523594270056,0.4540750990258644,-0.032908044492523984,0.44190985226535073,0.4748178967578748
Senna,Kled,1,0.18835472015258986,0.18835472015258986,0.18835472015258986,-0.18835472015258986,0.39730729842126306,0.5856620185738529
MissFortune,Velkoz,1,0.18831608037619985,0.18831608037619985,0.18831608037619985,-0.18831608037619985,0.36938456682371446,0.5577006471999143
Karma,Malzahar,2,0.18823633464731604,0.18823633464731604,0.28148424703772257,-0.11655989048800819,0.47004804513250886,0.586607935620517
Shen,Ziggs,1,0.18798528384502755,0.18798528384502755,0.18798528384502755,-0.18798528384502755,0.4151780970946336,0.6031633809396612
Taric,Ashe,24,0.18790683834486197,0.15383606143877632,0.3361965481832616,-0.05597012437955331,0.3230886773335868,0.37905880171314016
Galio,Smolder,5,0.18789129573206567,0.16225799043816624,0.27661367956871796,-0.02812408586259878,0.44229352891285734,0.47041761477545607
Mel,Sivir,4,0.1877096873503613,0.1846085958937944,0.3472164266782346,0.01584596276932347,0.3850200069057752,0.3691740441364517
Veigar,Karthus,1,0.18761140204261195,0.18761140204261195,0.18761140204261195,0.18761140204261195,0.4082614633524035,0.22065006130979153
Milio,Xayah,16,0.18742040043395133,0.16160146204141806,0.4014707935955413,-0.0325361949267811,0.31251530037741504,0.34505149530419615
Anivia,Vayne,5,0.18738013973353682,0.219262898366538,0.31758478302728205,0.1444065817913514,0.34383752988854194,0.19943094809719053
Syndra,Ezreal,3,0.18734453068069756,0.11886881995300425,0.3117190065706326,0.10809865071202807,0.3842949697056006,0.27619631899357255
Annie,Smolder,4,0.18734015553250324,0.18031042802104724,0.22799956308458816,-0.010083829361394299,0.39971450377902823,0.4097983331404225
Taliyah,Yunara,6,0.18733410211479815,0.11471719283770618,0.3686066986011095,0.02406768522718189,0.4260598150530471,0.40199212982586524
Trundle,Jhin,2,0.1873087581206343,0.1873087581206343,0.32804818242312694,-0.1759242803781158,0.40426393743795097,0.5801882178160668
Rell,Zoe,3,0.18722041350702137,0.23954197228988416,0.2641334471025383,-0.15266177855670263,0.5213128226394551,0.6739746011961577
Bard,Kalista,13,0.18712009089166834,0.1514015840865821,0.4378775858557757,0.02495446532526566,0.4572359090305448,0.4322814437052791
Lulu,Zilean,3,0.18706168684020885,0.17410291988122117,0.23410597181498866,-0.07099307358606143,0.39388151269652316,0.46487458628258455
Velkoz,Twitch,12,0.18677610176300463,0.16060086282618302,0.2705360104406017,-0.05616423630690615,0.3118914490820977,0.36805568538900385
Leona,Heimerdinger,4,0.18676708509458162,0.20364067529049043,0.232553148090394,0.1379375681772762,0.4676561489248477,0.3297185807475715
Zilean,Aphelios,30,0.18676399534256413,0.17350302455243335,0.32879014977782545,-0.013465068121261225,0.3450801961020308,0.35854526422329197
Gragas,Aphelios,1,0.18675513455444184,0.18675513455444184,0.18675513455444184,0.18675513455444184,0.3785202332054421,0.19176509865100025
Poppy,Zeri,4,0.1867484928575108,0.21046303471711958,0.2506685890699482,-0.1867484928575108,0.4676746945705104,0.6544231874280212
Seraphine,Veigar,6,0.18661291066012983,0.20139454219278663,0.2568153506600464,0.05234988253160541,0.362813820620568,0.3104639380889626
Pyke,Velkoz,12,0.18658276191592305,0.15559884636253837,0.37020188108582414,0.0417760640393554,0.555692368432506,0.5139163043931506
Milio,Brand,2,0.18654261275086653,0.18654261275086653,0.21442267842823404,-0.03485008209670935,0.30285891442595736,0.3377089965226667
Ashe,Seraphine,7,0.1865232384610589,0.23230552598407722,0.2546342845358298,-0.031261427889847294,0.3733470657539927,0.40460849364383994
TwistedFate,Nilah,1,0.18647617567909452,0.18647617567909452,0.18647617567909452,0.18647617567909452,0.45149928234187003,0.2650231066627755
Xerath,Taliyah,1,0.18646540691167962,0.18646540691167962,0.18646540691167962,-0.18646540691167962,0.28312546716713055,0.46959087407881017
Sona,Ekko,1,0.18639309475353383,0.18639309475353383,0.18639309475353383,-0.18639309475353383,0.3842413419758385,0.5706344367293723
KSante,Ezreal,3,0.18610022302690146,0.21232455771046693,0.2314391375852508,-0.112928003816041,0.4187798050559442,0.5317078088719852
Zilean,Zeri,18,0.18604932707260485,0.1304175746962591,0.3638901503251982,-0.017890210687581582,0.3653164918295627,0.38320670251714434
Zilean,Mel,13,0.18599849175765934,0.1511747246284414,0.3260826107070126,-0.048117803737974855,0.40361289752471136,0.4517307012626862
Bard,Sion,3,0.18590804447547468,0.13520267455454804,0.26253103707472547,-0.10046915703073721,0.5737059044922564,0.6741750615229937
Pantheon,Velkoz,8,0.18577458928082055,0.15530655451439174,0.2859280782419975,-0.11846224535434566,0.5354810474346273,0.653943292788973
Diana,Yasuo,1,0.18559105804689174,0.18559105804689174,0.18559105804689174,0.18559105804689174,0.44783041400876245,0.2622393559618707
Pantheon,Draven,22,0.18543335955315526,0.18975135925883266,0.31207979384015205,-0.04885376433811451,0.43853731659791734,0.48739108093603184
Elise,Heimerdinger,3,0.18542561347580322,0.17771627736428847,0.28148506560471787,-0.019525894967413582,0.5972835479461018,0.6168094429135155
Hwei,Varus,4,0.1854023211214571,0.17353492483839028,0.2575365708195866,0.10580552605019225,0.31020830580160863,0.2044027797514164
Thresh,Naafiri,1,0.18538356407049,0.18538356407049,0.18538356407049,-0.18538356407049,0.37707300156369966,0.5624565656341897
Renata,Smolder,7,0.18529016319033267,0.1185587030789585,0.36059738879145864,-0.10447746883104381,0.3644772896797369,0.46895475851078067
Velkoz,Sivir,9,0.18513968304955106,0.21552705031781902,0.30292609951537297,-0.09204782528717448,0.3707386970049146,0.46278652229208905
Zilean,Xerath,1,0.1850277777081319,0.1850277777081319,0.1850277777081319,-0.1850277777081319,0.400634240865721,0.5856620185738529
Nami,Heimerdinger,5,0.18500087064460574,0.1843715877006891,0.26394656632235647,0.1575346346101475,0.386749812107491,0.22921517749734352
Nautilus,Viego,4,0.18496829615601504,0.12658087465912168,0.36815340421697806,-0.13248579073754913,0.39241331331034596,0.5248991040478951
Shaco,Jinx,5,0.1848820848597227,0.1356464318597868,0.2997593108893612,-0.0530313565550406,0.5051421564184146,0.5581735129734552
Sylas,XinZhao,1,0.18485611850955003,0.18485611850955003,0.18485611850955003,0.18485611850955003,0.4709266030088796,0.2860704844993296
Trundle,Draven,1,0.18480308408115304,0.18480308408115304,0.18480308408115304,0.18480308408115304,0.43861292672386776,0.2538098426427147
Morgana,Kaisa,11,0.1846470206433376,0.16929992251183784,0.3404875669510258,-0.10980683149355067,0.3611325088858633,0.470939340379414
Nami,Syndra,20,0.18458768125794098,0.16465787895212125,0.32571133251039214,-0.01563377296645068,0.3768897050551909,0.3925234780216416
Swain,Naafiri,1,0.18453696641636502,0.18453696641636502,0.18453696641636502,-0.18453696641636502,0.31559605091265536,0.5001330173290204
Lux,Twitch,5,0.1844234132929723,0.16818783364771367,0.3107727640259884,0.07882991049932411,0.35071821425546157,0.2718883037561375
Thresh,Ziggs,18,0.1842831731502936,0.18369995232396777,0.2849677740369287,-0.09614878862375625,0.46441789892212054,0.5605666875458768
Zoe,Taliyah,1,0.18415715339956518,0.18415715339956518,0.18415715339956518,-0.18415715339956518,0.4447205811062436,0.6288777345058087
Senna,Shen,1,0.18414475111484913,0.18414475111484913,0.18414475111484913,0.18414475111484913,0.28988187745890553,0.10573712634405641
Janna,Tristana,47,0.1841351160903922,0.20182285038206133,0.3209937091292829,0.001870231535534065,0.42800440835055764,0.4261341768150235
Senna,Ashe,50,0.18400479495474784,0.16511008612865463,0.3247477060169287,0.033519299373666045,0.28977935966213686,0.2562600602884708
Camille,MissFortune,2,0.1839682198779463,0.1839682198779463,0.24445275422943974,-0.07560566793936682,0.4831896716580478,0.5587953395974146
Shaco,Orianna,1,0.18394634226354312,0.18394634226354312,0.18394634226354312,0.18394634226354312,0.5363738840699086,0.3524275418063655
Zilean,Senna,4,0.18375247341176731,0.1953986663582089,0.24739061105116741,-0.011646192946441605,0.357065788452334,0.3687119813987756
Veigar,Twitch,1,0.18370402266303934,0.18370402266303934,0.18370402266303934,0.18370402266303934,0.34532851455557373,0.1616244918925344
Sona,Swain,23,0.18362757424434978,0.14995434115901846,0.32577687713293746,0.01071145509562347,0.35785115203819495,0.34713969694257146
Rell,Irelia,1,0.18355012707630153,0.18355012707630153,0.18355012707630153,-0.18355012707630153,0.4228555185543987,0.6064056456307002
Anivia,MissFortune,5,0.1834516172352537,0.2088470842255356,0.3105310656695057,-0.013045535812672177,0.36979026337873655,0.3828357991914087
Annie,Mel,3,0.18341481589120787,0.11240882293374982,0.2978168567769758,0.10847560060204131,0.4130266365313562,0.3045510359293149
Blitzcrank,Mel,16,0.1833468644108415,0.1528967132490913,0.33814634075815075,0.10044796800106279,0.48271713449058995,0.3822691664895272
Camille,Jinx,1,0.18332788344191797,0.18332788344191797,0.18332788344191797,-0.18332788344191797,0.4984037364385817,0.6817316198804997
Kalista,Tristana,1,0.18332350158549202,0.18332350158549202,0.18332350158549202,0.18332350158549202,0.38294627828878247,0.19962277670329046
Bard,Naafiri,3,0.18316328674139673,0.21533415300325076,0.3046766797493712,0.034844920882537454,0.515992618735897,0.48114769785335954
Nautilus,Zyra,7,0.18293280598038317,0.15366026381688463,0.3327405327088352,0.07532445497627285,0.4815174687709751,0.40619301379470224
Senna,Veigar,22,0.182698774905458,0.14561580545482158,0.2815604189544264,-0.014206389050328373,0.34541955867838975,0.3596259477287181
Alistar,Vladimir,12,0.18266642172313027,0.16190361407580134,0.35937167390413927,0.033618275317687525,0.46713422969557733,0.43351595437788976
Maokai,Xayah,5,0.18241253560158296,0.09533919958101567,0.35007600905333597,-0.1442768557691767,0.40142515886035585,0.5457020146295326
Zyra,Veigar,1,0.18237984521459166,0.18237984521459166,0.18237984521459166,0.18237984521459166,0.33741743033030425,0.15503758511571258
Shaco,Ezreal,18,0.18229159318521082,0.18003310983128262,0.30123453747966744,-0.005007834900162548,0.5434209166192102,0.5484287515193728
Maokai,Vayne,5,0.18225208923210431,0.16152337254785756,0.31430489591247074,-0.012336477989464356,0.3833936486422249,0.39573012663168927
Seraphine,Yunara,34,0.18220697685685536,0.16059390652615474,0.29674461321058165,-0.029371300380855142,0.3066012496707041,0.3359725500515593
Neeko,Yasuo,26,0.18210869587270664,0.1799570844775592,0.29318364752200554,-0.009465941577420905,0.40887218737704684,0.41833812895446765
Lulu,Illaoi,1,0.1820873344768769,0.1820873344768769,0.1820873344768769,0.1820873344768769,0.31817649340385434,0.13608915892697745
Bard,Zyra,14,0.1819901943400327,0.18067564716894682,0.31822030186276273,-0.048609701353520954,0.5495129863826843,0.5981226877362052
Sett,Karthus,2,0.18179130584389064,0.18179130584389064,0.20255731000467803,0.18179130584389064,0.4130327785108448,0.23124147266695416
Brand,Kaisa,8,0.18168496971816123,0.19351389719564166,0.3007306285568911,0.11614345542955558,0.3961949568236182,0.28005150139406265
Lulu,Lucian,15,0.18166899740710743,0.16969710723912257,0.30342156630762485,-0.10015951324360309,0.31022007351540104,0.4103795867590041
Lulu,TwistedFate,2,0.18157405545535782,0.18157405545535782,0.2619159308952261,-0.18157405545535782,0.38660243283099,0.5681764882863478
Taric,Vayne,11,0.18146260264139882,0.15215759371877524,0.3115329448503069,-0.0791556250708064,0.3013994594429427,0.3805550845137491
Leona,AurelionSol,30,0.1814565741943997,0.15698410140462227,0.39001439627045587,0.05575815782756617,0.465738441678888,0.40998028385132185
Rakan,Fiora,2,0.18144977602229725,0.18144977602229725,0.19205596577750658,0.01325773719401166,0.3698548833882258,0.3565971461942141
Gragas,Kaisa,2,0.1814116208305354,0.1814116208305354,0.3204430600888687,0.17378929907291657,0.3934552318011179,0.21966593272820134
Shaco,Kaisa,19,0.18139741053806024,0.13990982725456913,0.3879624130004105,0.07271960440867119,0.5185119854558825,0.4457923810472113
Camille,Vladimir,1,0.18130914977604362,0.18130914977604362,0.18130914977604362,-0.18130914977604362,0.5469276952571686,0.7282368450332122
Karma,Annie,2,0.18126020577999666,0.18126020577999666,0.2054860606059343,0.18126020577999666,0.41837527300115257,0.2371150672211559
Xerath,Caitlyn,7,0.18119228008116287,0.21065807219455573,0.2662347175476724,-0.18119228008116287,0.2811822247149744,0.4623745047961373
Elise,KogMaw,7,0.18115290442840623,0.2183499323287016,0.26196857146300384,0.051006793306444274,0.5225614990860764,0.47155470577963216
Sylas,Samira,7,0.18114414640709045,0.14816493901945998,0.3359691901332368,-0.05862192256764747,0.43944448754902693,0.4980664101166744
Trundle,Karthus,1,0.18109872457403275,0.18109872457403275,0.18109872457403275,0.18109872457403275,0.49543961950493126,0.3143408949308985
JarvanIV,Lucian,1,0.18104037333821943,0.18104037333821943,0.18104037333821943,0.18104037333821943,0.3850599518477698,0.20401957850955038
Rell,Cassiopeia,8,0.18097451981453178,0.1999480740683736,0.28198625828458124,0.031119753351154328,0.41162727265280374,0.38050751930164944
Poppy,Veigar,13,0.18087077688024836,0.15846509766815536,0.2744940297533708,0.026730085601064893,0.49962686298548464,0.47289677738441976
Taliyah,Corki,2,0.18049607579752827,0.18049607579752827,0.25502149107709265,0.18049607579752827,0.47072068163760844,0.2902246058400802
Trundle,Lucian,1,0.18044766601475032,0.18044766601475032,0.18044766601475032,-0.18044766601475032,0.4771872669321186,0.6576349329468689
Nami,Senna,37,0.18040302366621083,0.16936779144294847,0.3323531641016747,-0.03427011259705567,0.34169888099019274,0.37596899358724845
Taric,Syndra,1,0.1802870068800672,0.1802870068800672,0.1802870068800672,-0.1802870068800672,0.4008871629878949,0.5811741698679621
Seraphine,Aurora,1,0.18015935793835613,0.18015935793835613,0.18015935793835613,-0.18015935793835613,0.3852151351998384,0.5653744931381945
Orianna,Jhin,2,0.18005572312924256,0.18005572312924256,0.25851687727287676,0.09807644267954274,0.299283609514469,0.2012071668349262
Galio,Kalista,1,0.1800216860514866,0.1800216860514866,0.1800216860514866,-0.1800216860514866,0.43988705907613157,0.6199087451276182
Renata,Tristana,8,0.17987763137053356,0.16869165322409582,0.3005638527843564,-0.021854636989741903,0.3630451013977473,0.3848997383874892
Viktor,Ezreal,1,0.17987015283615065,0.17987015283615065,0.17987015283615065,0.17987015283615065,0.463488805436339,0.28361865260018837
Blitzcrank,AurelionSol,11,0.17965343375468976,0.1385369674310425,0.2800749606513966,0.07247713347905618,0.4763115560803715,0.4038344226013153
JarvanIV,AurelionSol,3,0.17964997588190154,0.11153614244330823,0.3180255012703487,0.14113934639837647,0.4859926490019697,0.3448533026035932
Poppy,Draven,8,0.17952786964720016,0.174730504762651,0.29352022917527976,0.021297264630739752,0.4474389841826013,0.42614171955186153
Amumu,Viktor,1,0.17947191595925355,0.17947191595925355,0.17947191595925355,-0.17947191595925355,0.39591512356118,0.5753870395204336
Zilean,Xayah,18,0.17895934408803799,0.15509921135924057,0.3706900764201116,-0.0974144507954246,0.37424498692977304,0.47165943772519764
Lux,Vayne,3,0.17886553070176592,0.19860888064418147,0.2535561937603073,0.04645961027231162,0.3593350247671044,0.3128754144947927
MissFortune,Hwei,1,0.17883480630594079,0.17883480630594079,0.17883480630594079,0.17883480630594079,0.35162961597964515,0.17279480967370436
Nasus,Jinx,3,0.17875729681199526,0.18073301879531012,0.2082495315267049,-0.17875729681199526,0.31445568097280413,0.4932129777847994
Lux,Xerath,1,0.1787333193990967,0.1787333193990967,0.1787333193990967,-0.1787333193990967,0.3611513594468398,0.5398846788459365
Thresh,Katarina,6,0.17870249926311343,0.11432467713300881,0.39106891912426334,-0.15822656490840137,0.34537607254404884,0.5036026374524502
Camille,Senna,1,0.178577555494088,0.178577555494088,0.178577555494088,0.178577555494088,0.47764731173833214,0.29906975624424414
Morgana,Twitch,2,0.1783419677495341,0.1783419677495341,0.20516689436092755,0.1783419677495341,0.34407524966720193,0.1657332819176678
Galio,Mel,4,0.17828367138439763,0.1824100540439818,0.29106038989455496,0.019289942196990824,0.4580346113987155,0.43874466920172467
Lux,Brand,2,0.17821727303355855,0.17821727303355855,0.2616180523443022,0.17821727303355855,0.3255821269150534,0.14736485388149478
Seraphine,Ziggs,7,0.17814865907967128,0.1313222422104997,0.2931327983288423,-0.17814865907967128,0.35520755658514835,0.5333562156648196
Trundle,LeeSin,1,0.17801923262130642,0.17801923262130642,0.17801923262130642,-0.17801923262130642,0.4364251174973605,0.6144443501186669
Shaco,Nilah,3,0.17796720608184124,0.20471306987158072,0.23526980751721804,0.17796720608184124,0.48728880854119266,0.3093216024593515
Kennen,Jinx,1,0.17795162831614447,0.17795162831614447,0.17795162831614447,0.17795162831614447,0.39706800142229437,0.2191163731061499
Elise,Samira,10,0.17790163575076495,0.2046536049768638,0.2663801971009212,-0.09825737852281156,0.5079653151112924,0.606222693634104
Yasuo,Hwei,1,0.1778085465202932,0.1778085465202932,0.1778085465202932,-0.1778085465202932,0.39118964719992066,0.5689981937202139
Alistar,Lucian,22,0.1777807235107043,0.16012320997299415,0.34119984148760957,0.08872266428531726,0.4414742407839278,0.35275157649861055
Bard,Ryze,3,0.17775797118977843,0.1675143392818027,0.20238217042124426,0.037025219052375324,0.5153573631663431,0.4783321441139678
Pantheon,Yasuo,6,0.17769243543427124,0.12351813848489382,0.35691413512589876,0.06025032131632794,0.4770164168435247,0.41676609552719673
TahmKench,Seraphine,5,0.1776615899439053,0.1714560939130036,0.26054566731961576,-0.028494188576883673,0.39365432475964807,0.42214851333653175
Zac,Lucian,2,0.17764593233574189,0.17764593233574189,0.22046711861562487,-0.05352648284985373,0.3778760839039041,0.4314025667537578
Lux,Smolder,13,0.1776280150374978,0.18370802054004357,0.2605588475388737,0.0885349203975115,0.3505859402974654,0.26205101989995394
Neeko,Syndra,4,0.1776190646542527,0.17967067557267083,0.20700774025531468,0.0020516109184181147,0.43240578968857957,0.43035417877016147
Ekko,Kalista,2,0.17760021088013145,0.17760021088013145,0.24402744469961204,-0.17760021088013145,0.4176351824642158,0.5952353933443473
Elise,Zyra,2,0.17755630436044004,0.17755630436044004,0.245584917214425,-0.08503576606748117,0.5631584897437394,0.6481942558112206
Pyke,Zed,2,0.17743889441123673,0.17743889441123673,0.23239803975391599,0.06869893167834906,0.5768589947767686,0.5081600630984195
Nautilus,KogMaw,36,0.1774343128365276,0.18932765377943345,0.34141018433771686,-0.04026451187228638,0.4247829863575736,0.46504749822986
Thresh,Vayne,46,0.17742478140586057,0.1661858880610524,0.2870669737209828,0.017201947329618335,0.3552965720051906,0.33809462467557233
Thresh,Brand,6,0.1772594429403581,0.14489211685960032,0.3082092241836145,-0.14987955438798095,0.36447051760075566,0.5143500719887366
Yuumi,Riven,1,0.17724474916461322,0.17724474916461322,0.17724474916461322,0.17724474916461322,0.19841814965367058,0.02117340048905735
Janna,Naafiri,2,0.17722438518369696,0.17722438518369696,0.19933969975295288,0.02764414321156991,0.4715645450915461,0.44392040187997617
Darius,Sivir,1,0.17721377308357744,0.17721377308357744,0.17721377308357744,-0.17721377308357744,0.4984218542293436,0.675635627312921
Shaco,Heimerdinger,2,0.17705509803927533,0.17705509803927533,0.28342181017383894,0.17705509803927533,0.6078182589784922,0.4307631609392169
Bard,Olaf,1,0.17695651263558193,0.17695651263558193,0.17695651263558193,0.17695651263558193,0.5375649066919653,0.3606083940563834
Pantheon,Seraphine,7,0.17690653498497455,0.15503791178925996,0.2759262214589987,0.06137910150389993,0.5488540894184101,0.4874749879145101
Thresh,Yone,1,0.1767359090138197,0.1767359090138197,0.1767359090138197,0.1767359090138197,0.3792184859047654,0.20248257689094573
Nautilus,Vayne,49,0.17668201911005554,0.1664736207109745,0.3290746982733537,-0.016893441050788965,0.39772461272343806,0.41461805377422706
Teemo,Ashe,4,0.17640313425980778,0.14846579728560283,0.3019669240377016,0.17640313425980778,0.37344277779149637,0.1970396435316886
Swain,Draven,7,0.17640115513866947,0.17003964403692226,0.2991415987297971,0.03505215102561236,0.31394344734359614,0.27889129631798376
Braum,Hwei,4,0.17637308990711525,0.20200431780462874,0.24261301583643405,0.05431557177778463,0.42413521056113673,0.3698196387833521
Bard,Ekko,2,0.17635959999506784,0.17635959999506784,0.1877192275852656,-0.17635959999506784,0.5481346313301831,0.7244942313252509
Mel,Twitch,2,0.1762252640140868,0.1762252640140868,0.2687099199316308,0.11560581989693,0.3185183975245321,0.2029125776276021
Sona,Zed,1,0.17609034886807312,0.17609034886807312,0.17609034886807312,-0.17609034886807312,0.35835093570248805,0.5344412845705612
Zilean,Veigar,4,0.17601838371311135,0.17219785971653667,0.3119901036668104,-0.14626662670474128,0.39241368024420026,0.5386803069489415
Elise,Katarina,2,0.17598635878242413,0.17598635878242413,0.20938603675653011,-0.04174959746763246,0.5244598291476377,0.5662094266152702
Seraphine,Lucian,6,0.1759678695830907,0.1704559282905192,0.24721106451973163,0.1759678695830907,0.3002897817875687,0.12432191220447798
Pantheon,Sivir,18,0.17593273366731602,0.18212193056649797,0.32464614505752626,0.02393559258249859,0.4985954951156752,0.47465990253317664
Taliyah,Ezreal,6,0.175852874968341,0.13466791061419967,0.3107575029216719,-0.0313986289054114,0.4779639018151998,0.5093625307206112
Janna,Viktor,3,0.175791137204259,0.17268601675318263,0.18805047170382633,-0.047863413576600844,0.4996828003267879,0.5475462139033888
Mel,Velkoz,2,0.1756945033936594,0.1756945033936594,0.24525174495769236,-0.08694655195504117,0.3759054983510457,0.4628520503060869
Rell,Lucian,19,0.17568108493797596,0.1576078695907609,0.37577032939427024,0.08376422429770411,0.4395046988683679,0.3557404745706638
Soraka,Karma,1,0.17563494815254144,0.17563494815254144,0.17563494815254144,-0.17563494815254144,0.3380033723498511,0.5136383205023926
Lux,Viktor,1,0.17555629061516803,0.17555629061516803,0.17555629061516803,0.17555629061516803,0.4306653080907308,0.25510901747556275
Gragas,KogMaw,1,0.1754741008975027,0.1754741008975027,0.1754741008975027,-0.1754741008975027,0.4127152642353892,0.5881893651328919
Nami,Lux,29,0.17527223841779738,0.12407754392808001,0.39381305560155955,-0.059089249600234206,0.38009221915942104,0.4391814687596552
Braum,TwistedFate,2,0.17523159269184407,0.17523159269184407,0.21228630596807208,-0.046318391595285016,0.39561003259691674,0.4419284241922018
Rell,Yunara,106,0.17506171238500573,0.15301985192655965,0.31568860521078534,0.013600227893924325,0.431676383895881,0.4180761560019567
Renata,MissFortune,2,0.17493679495320552,0.17493679495320552,0.18671202317296873,0.17493679495320552,0.358781944732589,0.1838451497793835
Xerath,Senna,2,0.17493324217952555,0.17493324217952555,0.20456986283400086,0.17493324217952555,0.27062597449892084,0.09569273231939529
Mel,Caitlyn,10,0.17484221095227462,0.21460204079724826,0.3313244782119041,-0.055023451370521594,0.32626581691740547,0.3812892682879271
Rengar,Varus,2,0.17482583882261674,0.17482583882261674,0.28450462098530854,-0.17482583882261674,0.42142334836826284,0.5962491871908796
Annie,Kalista,2,0.17481567381981386,0.17481567381981386,0.26557168666920483,0.11344501606173871,0.3457964227875563,0.23235140672581756
Karma,MissFortune,51,0.17479143080762335,0.1652258539933547,0.29914378975369293,-0.010747540362588945,0.39133496419552927,0.4020825045581182
Renata,Kaisa,14,0.17473121702074165,0.17000038946876633,0.33071359728303157,-0.07329388392794607,0.341914562453041,0.41520844638098714
Seraphine,Tristana,10,0.17459598107705793,0.18979233436711673,0.3357882283359995,0.08115895611921689,0.301188976457372,0.22003002033815516
Lux,Yunara,15,0.17459050756997288,0.1733896895149465,0.3229019965815514,-0.10753393654138706,0.33776381560454716,0.4452977521459342
Taric,Jhin,26,0.17458544563681055,0.13521304211528773,0.3672603526969922,-0.08327379848063708,0.3489616524566974,0.43223545093733445
JarvanIV,Ezreal,7,0.17450344977386653,0.17200189070287836,0.27992205128750974,0.07282365433041964,0.44391138672813624,0.3710877323977166
Pyke,Viktor,2,0.174471509936609,0.174471509936609,0.2388863792547772,-0.174471509936609,0.5002961943249453,0.6747677042615543
Pantheon,Swain,9,0.17445906291874003,0.1476003457538146,0.31599465349616096,0.06931734085881389,0.5121676840071281,0.4428503431483143
FiddleSticks,AurelionSol,3,0.1744281873954215,0.07921901293034722,0.3203143071718469,-0.1744281873954215,0.43602578699223304,0.6104539743876546
Pyke,Vladimir,8,0.17426259841796338,0.16991476979868078,0.2823149786425655,-0.04249887125637514,0.532337801319938,0.5748366725763132
AurelionSol,Varus,3,0.17414261984504376,0.208752438845918,0.2761362548296205,-0.16034714526926566,0.5911667758555651,0.7515139211248307
Jax,Tristana,3,0.17413138985280394,0.1905161125279804,0.19182687003497456,-0.04712064816748366,0.5062643973435706,0.5533850455110543
Mel,Xayah,3,0.17400394131830463,0.1263572881086532,0.27965647574105945,0.12222176585357154,0.34601104282253087,0.2237892769689593
Lulu,Mel,7,0.17398204657296445,0.1579449470886885,0.33087835126458454,-0.14197709386445095,0.3681511916279575,0.5101282854924084
Janna,Kalista,9,0.17397529885644467,0.1886587211537527,0.26340756345690725,0.050018888247426875,0.3760814472321101,0.3260625589846833
Orianna,Tristana,1,0.17394238748470123,0.17394238748470123,0.17394238748470123,0.17394238748470123,0.3025724064722316,0.12863001898753038
Brand,Lux,1,0.17383884501564859,0.17383884501564859,0.17383884501564859,0.17383884501564859,0.41373382842584516,0.23989498341019658
Rengar,Kaisa,1,0.17368489862437708,0.17368489862437708,0.17368489862437708,-0.17368489862437708,0.39270256072224674,0.5663874593466238
Zoe,Smolder,7,0.17349638887667096,0.18691496718861705,0.31916944826642835,-0.04350717482351237,0.4508947635484098,0.49440193837192214
Elise,Syndra,3,0.17346849534565414,0.13715032246885678,0.23820876541884897,0.09361397040448173,0.5519449503411055,0.4583309799366237
Zyra,Teemo,1,0.17346494631587947,0.17346494631587947,0.17346494631587947,0.17346494631587947,0.31723439275000087,0.1437694464341214
Camille,Nilah,1,0.1734257143654368,0.1734257143654368,0.1734257143654368,-0.1734257143654368,0.47392706991735406,0.6473527842827909
Swain,Yasuo,2,0.1733395338127608,0.1733395338127608,0.17685445510413617,0.1733395338127608,0.3353644200243324,0.16202488621157168
Galio,Vayne,3,0.17326200806530045,0.100479178566863,0.3332164935883287,0.08767187349716299,0.3853056650923264,0.2976337915951634
Leblanc,Varus,3,0.17301242440564987,0.13059622365036105,0.23266316826986752,-0.17301242440564987,0.5187605667069954,0.6917729911126452
Yuumi,Singed,3,0.17300278659902232,0.17363880077601102,0.20892706999015823,0.057243586081681654,0.21317389170340548,0.15593030562172383
Sona,Ziggs,17,0.1730020591560859,0.15728764524408373,0.3343435214455097,0.0543562492055739,0.3840667463691709,0.32971049716359696
Alistar,Ornn,1,0.17295920366767925,0.17295920366767925,0.17295920366767925,-0.17295920366767925,0.5087724162128204,0.6817316198804997
Elise,Kaisa,63,0.1729401838916575,0.14278930612386287,0.33854645636409975,-0.03313889345088079,0.5085380442508357,0.5416769377017165
Sion,Twitch,1,0.17262873051876743,0.17262873051876743,0.17262873051876743,-0.17262873051876743,0.29846715299385357,0.471095883512621
Morgana,Lux,5,0.17260108182021666,0.13954523614630343,0.274753291423812,0.12053253115705446,0.3974043060247956,0.2768717748677411
Pyke,Twitch,42,0.17257839664267358,0.15056725199199997,0.3790830214581243,0.008560371094825596,0.4698774025512781,0.4613170314564524
Heimerdinger,Jhin,3,0.17238942221836626,0.23100178053853893,0.27466421167908617,0.1719983111168084,0.3516383611908886,0.1796400500740802
KSante,Yunara,2,0.17236087001031766,0.17236087001031766,0.2931499349308921,0.17236087001031766,0.3925075394839974,0.22014666947367978
Pyke,Zeri,18,0.17236045354015164,0.1739019723002408,0.29029205133261465,-0.11950811708293257,0.490152185224602,0.6096603023075345
Zilean,Heimerdinger,3,0.17232451984128994,0.1419141444025741,0.3068807149404899,0.15436648147707205,0.42268259703814715,0.2683161155610751
Braum,KogMaw,37,0.17224112117607576,0.15926793279828794,0.31085601911132577,-0.07028437584782118,0.3574752881098652,0.4277596639576864
Renata,Ashe,12,0.17209947384057925,0.15331057103644585,0.3481980475243309,-0.013759324504247487,0.346715141125499,0.3604744656297465
Morgana,Yunara,16,0.17201178312757345,0.15784157980280755,0.3433702772680732,0.05811580404586109,0.350302228965969,0.29218642492010793
KSante,Tristana,2,0.1720005081208725,0.1720005081208725,0.25384752396510935,0.10230876980529605,0.33550930591382466,0.2332005361085286
TahmKench,Cassiopeia,1,0.17198185020948054,0.17198185020948054,0.17198185020948054,0.17198185020948054,0.3498097912133728,0.17782794100389226
Elise,Mel,7,0.1719671117494714,0.12597034045261535,0.289407519252286,0.018538883178927164,0.5636227330637478,0.5450838498848206
Neeko,Lux,3,0.17191868004955166,0.18526192750435472,0.28779335698815167,0.16054008119275212,0.45340460896171203,0.29286452776895994
Janna,Tryndamere,1,0.1718275849514322,0.1718275849514322,0.1718275849514322,-0.1718275849514322,0.43617215433017925,0.6079997392816114
Zoe,Aphelios,5,0.1717423973533824,0.18386269288043033,0.28468228086848496,-0.04879155697521246,0.3767243350917546,0.4255158920669671
Janna,Karthus,17,0.17160838182957625,0.1002690329552931,0.37247213021711706,-0.042526479900068845,0.47510305934591784,0.5176295392459868
Lux,MissFortune,10,0.17145803527820808,0.19470673598163757,0.2714472129299651,-0.11480975720061255,0.36612495565189207,0.48093471285250466
Amumu,Samira,7,0.17120753736751038,0.12448189164230075,0.33591942032170286,-0.04366909790817438,0.3491314966109235,0.39280059451909793
Kassadin,Aphelios,1,0.17114187071338396,0.17114187071338396,0.17114187071338396,0.17114187071338396,0.3718217867208052,0.20067991600742122
Nami,Katarina,13,0.17112704871210735,0.16552704200482907,0.3016117755337298,0.09271324420803236,0.3320923018947117,0.23937905768667933
Zyra,Ezreal,15,0.17112368224112606,0.16526364552472103,0.2977210060095069,0.06171469420966005,0.31061665612158845,0.2489019619119284
Brand,Draven,4,0.1711161877402696,0.17132305657036284,0.22055762071230567,0.09347518155795537,0.35579097226505524,0.26231579070709987
Zilean,Hwei,6,0.1709047529070091,0.17518823436885841,0.27047659878427727,-0.030186594501805986,0.4535105226836935,0.4836971171854995
Sona,Ahri,1,0.17084528479125025,0.17084528479125025,0.17084528479125025,0.17084528479125025,0.3845863478286712,0.21374106303742094
Galio,MissFortune,1,0.1708120968946314,0.1708120968946314,0.1708120968946314,-0.1708120968946314,0.4887496308338266,0.659561727728458
Blitzcrank,Seraphine,6,0.17074017932928567,0.1795136009111164,0.2317914416774597,-0.05015253052950284,0.507924992877545,0.5580775234070477
Yuumi,Viktor,1,0.17068392448659608,0.17068392448659608,0.17068392448659608,-0.17068392448659608,0.2156207043595058,0.3863046288461019
Sylas,KogMaw,1,0.17065292694695383,0.17065292694695383,0.17065292694695383,0.17065292694695383,0.462434182203671,0.29178125525671716
Velkoz,Xayah,8,0.17064917134395396,0.08895902755424981,0.4288114796784785,-0.0871429444082634,0.3376188015521765,0.42476174596043986
Elise,Tristana,12,0.1706475356116168,0.1489917779768673,0.31726717553259176,-0.13426800541813222,0.5220350851311939,0.6563030905493261
LeeSin,Ashe,1,0.17058062466710622,0.17058062466710622,0.17058062466710622,0.17058062466710622,0.44153697404077286,0.27095634937366664
Sejuani,Varus,1,0.17052263371882975,0.17052263371882975,0.17052263371882975,-0.17052263371882975,0.3948518594193648,0.5653744931381945
Hwei,Veigar,1,0.17045844126814122,0.17045844126814122,0.17045844126814122,0.17045844126814122,0.3065476001951187,0.13608915892697745
Janna,Elise,1,0.17045221099747637,0.17045221099747637,0.17045221099747637,-0.17045221099747637,0.46246315270374155,0.6329153637012179
Galio,Veigar,2,0.17039383152450258,0.17039383152450258,0.20655502410370735,-0.04520149072400595,0.4822064193140248,0.5274079100380308
Brand,Vladimir,2,0.17036407298020156,0.17036407298020156,0.2259489465974554,0.17036407298020156,0.4260633030134028,0.2556992300332012
Zyra,Sivir,5,0.1702305375432296,0.1754858075838313,0.28464832242647453,0.04169653175951131,0.34730680414772896,0.30561027238821764
Janna,Kayle,2,0.17014791846204946,0.17014791846204946,0.2291856572720612,0.17014791846204946,0.40109201202233913,0.23094409356028966
Trundle,Tristana,3,0.16989244534723466,0.1129653483203843,0.25244672000482565,-0.16989244534723466,0.420337667267781,0.5902301126150157
Maokai,Caitlyn,18,0.1697723667933549,0.12777934802167043,0.36401071188601114,-0.03545661380609966,0.40681721689319555,0.44227383069929516
Sona,Lux,6,0.169763503776058,0.16031093801176893,0.2673735316146118,-0.03838961466102101,0.3827387853638811,0.4211284000249022
Seraphine,Syndra,4,0.16969235344449501,0.1756326152859633,0.22660655682170977,-0.08030945411301209,0.3311125787268335,0.4114220328398456
Karma,Brand,8,0.16964584567820365,0.12247584101925896,0.31629924097658957,-0.05535928681392293,0.38214013260075363,0.43749941941467657
Seraphine,Nilah,12,0.16962124611878812,0.18822778666670215,0.23072184708686164,0.008473309274145642,0.2812762741000765,0.27280296482593086
TwistedFate,Caitlyn,3,0.16961617106112778,0.1211161397662458,0.23758678501142969,0.16961617106112778,0.4712302832756605,0.30161411221453277
Renata,Xayah,7,0.16957466223566817,0.18035725475502548,0.29479948982728343,-0.020881412356055666,0.3556112407906796,0.37649265314673525
Gwen,Swain,1,0.16954857445040572,0.16954857445040572,0.16954857445040572,-0.16954857445040572,0.4250549830509548,0.5946035575013605
Rakan,Lucian,36,0.16954356317404504,0.15336522904606315,0.3547955642819989,0.03080970912155265,0.41144443857190954,0.3806347294503569
Velkoz,Corki,14,0.16942939856928155,0.15880002001303967,0.2787868990646547,-0.036281005117829175,0.33811965988790876,0.374400665005738
Camille,Zeri,1,0.16929445594693393,0.16929445594693393,0.16929445594693393,0.16929445594693393,0.46605223379891475,0.2967577778519808
Annie,Corki,5,0.16927153542193882,0.18788069739400434,0.21255533477188943,0.11952929638625273,0.3775453306383751,0.2580160342521224
FiddleSticks,Draven,7,0.16923158555964316,0.15603957213697395,0.29163277582459385,-0.03891706878069893,0.35188320403372514,0.3908002728144241
Pantheon,Samira,17,0.16919625205193914,0.1454909017856552,0.3410900440074372,-0.0712451863805328,0.4425097485964947,0.5137549349770275
Brand,Caitlyn,11,0.16917899416355295,0.14148297743775834,0.3127302684385409,-0.045387523169523436,0.362350995637695,0.40773851880721845
Janna,Lucian,33,0.169171496763111,0.13444509632830626,0.3258695129310307,-0.010675178202871682,0.4339226182670329,0.44459779646990455
Sona,TwistedFate,1,0.16911812111262206,0.16911812111262206,0.16911812111262206,0.16911812111262206,0.3548838065678837,0.18576568545526165
Maokai,Samira,23,0.16898618130125587,0.15648807011424426,0.31959499470302233,0.07761183983209877,0.39287025900897665,0.31525841917687786
Soraka,Qiyana,3,0.16889088854089654,0.15316915615710625,0.2779672549244891,0.13933306864139747,0.3476142918474885,0.20828122320609102
Galio,Jinx,7,0.16886002526333618,0.16951582802351034,0.28971614726113726,0.15182756494735103,0.4265655251910235,0.2747379602436724
Neeko,Lucian,9,0.16885640210016767,0.14679773712129612,0.28598070141549603,-0.03863541716843779,0.40868357416548534,0.4473189913339231
Leona,Yasuo,11,0.16883148971802586,0.14553259954809916,0.33132937013309094,-0.03661882132116058,0.4158428185981336,0.4524616399192942
Elise,Senna,6,0.16880942352436526,0.10799540510843125,0.3262132747758978,-0.048666092992899916,0.5151409148111038,0.5638070078040037
Blitzcrank,Cassiopeia,5,0.16876309877652368,0.20683280540907553,0.24450172298367864,0.1668269793517516,0.41497706189654326,0.24815008254479168
Swain,Kalista,1,0.16869754577089646,0.16869754577089646,0.16869754577089646,0.16869754577089646,0.2963666629608025,0.12766911718990603
Taric,Varus,26,0.1686813756135546,0.1481760174804957,0.2876304403533313,0.0073884318404301656,0.3489271043742868,0.34153867253385667
FiddleSticks,Corki,14,0.16866495952494912,0.1260230636663705,0.29421202862890006,-0.02963516424100643,0.40928004578867283,0.43891521002967926
Veigar,Senna,1,0.1685772221254776,0.1685772221254776,0.1685772221254776,-0.1685772221254776,0.316588799861857,0.4851660219873346
Skarner,Tristana,1,0.16853786867537318,0.16853786867537318,0.16853786867537318,-0.16853786867537318,0.44548462733743094,0.6140224960128041
KSante,Jhin,2,0.1684763505066522,0.1684763505066522,0.22519946256882478,-0.1684763505066522,0.3643707230125293,0.5328470735191815
Annie,Jhin,7,0.16843706675896947,0.14586086388634673,0.28527251612677546,0.1420218691534449,0.388818971611828,0.2467971024583831
Anivia,Cassiopeia,1,0.16836248747666077,0.16836248747666077,0.16836248747666077,-0.16836248747666077,0.4461443327200297,0.6145068201966905
Pantheon,Lucian,11,0.1682070083381727,0.18133616934668778,0.25284823967788156,-0.019824868463346502,0.4590265412094239,0.4788514096727704
Morgana,Ashe,5,0.1681652151621924,0.07298374962086596,0.35456601406234056,-0.0371597467717543,0.3488634288870661,0.3860231756588204
Amumu,Corki,5,0.16813724503521865,0.1444579628208124,0.2851365759751686,-0.005387816219534919,0.40217263863078534,0.4075604548503202
Zyra,Brand,2,0.1681167065428169,0.1681167065428169,0.1959254754803962,-0.03476096117197412,0.3311589498850368,0.3659199110570109
Galio,Kaisa,6,0.16809235744220938,0.1023939921722731,0.36786879334504874,-0.07715350478782311,0.44119585729238553,0.5183493620802087
Zoe,Yunara,20,0.1680723279572362,0.15373308623814003,0.3524021266955445,-0.06500564964222554,0.41620219504149814,0.4812078446837237
Nami,Malzahar,4,0.16795183051132212,0.10931641772841638,0.2941500934514862,-0.12574919855955113,0.42625945569710033,0.5520086542566515
Neeko,Samira,15,0.1679243719134724,0.17287194912600945,0.26660004377148755,-0.04157268562369083,0.37678709619291273,0.41835978181660355
Karma,Akshan,1,0.16788496361202485,0.16788496361202485,0.16788496361202485,0.16788496361202485,0.40985326274232525,0.2419682991303004
Lux,Senna,8,0.1678785439150228,0.14642683411207896,0.29826314777241264,0.1678785439150228,0.345883640415289,0.17800509650026622
Anivia,Jinx,8,0.167876265128799,0.16951963298250705,0.24410177899316876,-0.12637510319458045,0.36041545959938553,0.486790562793966
Alistar,Zyra,7,0.167822335239195,0.20657874424397582,0.2255403642775075,0.02391134935085138,0.4901909992346039,0.46627964988375253
Nautilus,Twitch,55,0.16775590482776162,0.1418267628787887,0.330236402166974,-0.02031281076564335,0.40956902680040597,0.4298818375660493
Elise,Ashe,21,0.16773532221683085,0.18304665501224987,0.26675157719665415,-0.04693588101393623,0.5204961482245883,0.5674320292385244
Alistar,Swain,33,0.16771218164294333,0.14450976904640178,0.31256826884300265,0.03727827455979672,0.4807016840518385,0.4434234094920418
Seraphine,MissFortune,28,0.16764936619202692,0.1668666452022259,0.3065395866021267,0.00766453548501323,0.3309524210117054,0.3232878855266922
Rell,Naafiri,2,0.16764012165593373,0.16764012165593373,0.22899809927549944,0.16764012165593373,0.49183867289008587,0.3241985512341522
Karthus,Corki,2,0.16762871823110986,0.16762871823110986,0.29532940758721776,-0.15962586169513487,0.3213735398485455,0.48099940154368037
Braum,Seraphine,12,0.16750011165058024,0.13648318082063604,0.3633820408006746,-0.04584873514603203,0.40940532762314435,0.45525406276917635
Braum,Zyra,3,0.1672822558275963,0.1247036970390541,0.24914275051784698,-0.1672822558275963,0.4144438048836081,0.5817260607112044
Janna,Ezreal,199,0.16720167876311948,0.14209274065141947,0.3352585822980266,-0.002521896068173002,0.4571475228556118,0.4596694189237848
Cassiopeia,Xayah,1,0.1671826546690943,0.1671826546690943,0.1671826546690943,0.1671826546690943,0.359564672681246,0.19238201801215168
Zyra,Varus,5,0.16714646062078095,0.19863217349241258,0.22961947768721286,-0.07025253305186654,0.30959895422225614,0.37985148727412266
Pyke,Vex,1,0.16704399374189166,0.16704399374189166,0.16704399374189166,-0.16704399374189166,0.49634419884925546,0.6633881925911471
Zyra,Vayne,3,0.16702337201629072,0.20875212500140736,0.23680744260020717,0.004475857349685984,0.298060422664233,0.293584565314547
FiddleSticks,Twitch,6,0.16700326995891945,0.16908182859765053,0.2700632149283302,-0.000749713194694084,0.3546683454078745,0.35541805860256853
Zilean,Aurora,1,0.1669844810997328,0.1669844810997328,0.1669844810997328,-0.1669844810997328,0.35986966980401885,0.5268541509037517
Leona,Katarina,6,0.16689419809379624,0.11071885956284164,0.37137881870873024,-0.03301093571837383,0.38810359126168165,0.4211145269800554
Morgana,Varus,15,0.16681743450683567,0.1460831391964002,0.30059222016510445,-0.004246570708840717,0.36309501808725947,0.36734158879610024
Lulu,Draven,22,0.1667894847956137,0.11183381870071576,0.31712210466860247,0.0029592130956411487,0.3144194330117345,0.31146021991609335
Rakan,Karma,1,0.16677536374749274,0.16677536374749274,0.16677536374749274,0.16677536374749274,0.4291960025223342,0.26242063877484145
Blitzcrank,Velkoz,11,0.16674192277176994,0.13330515831687878,0.36362717741569783,0.05817255044797815,0.49168049294100646,0.4335079424930283
Poppy,Naafiri,2,0.16666369082297616,0.16666369082297616,0.17820775317134196,-0.014430077935457253,0.5211865566376144,0.5356166345730716
Ivern,Ziggs,1,0.16660151016329094,0.16660151016329094,0.16660151016329094,0.16660151016329094,0.4379920161959872,0.27139050603269627
Annie,Ashe,1,0.1665665525587232,0.1665665525587232,0.1665665525587232,0.1665665525587232,0.39063928041724705,0.22407272785852383
Sylas,Caitlyn,12,0.16654822305632486,0.1408075189477339,0.3147264270513237,-0.005230820593478074,0.4713349026332656,0.4765657232267437
Shaco,Twitch,9,0.16654560523210143,0.08867501036725822,0.38089574389327246,0.015429655193525757,0.5306991236439043,0.5152694684503785
Soraka,Zilean,3,0.16648195028217996,0.14455266340087936,0.2487561384148187,0.16648195028217996,0.38466961092574076,0.2181876606435608
Zyra,Ashe,12,0.1664571652960988,0.14558155394780894,0.2793705418236571,-0.039344933701342164,0.30246283761079196,0.34180777131213413
Zyra,Caitlyn,18,0.16638222980970874,0.13709563917735057,0.3130354663048783,-0.014079567701407843,0.30199585573337734,0.3160754234347852
Leblanc,Smolder,3,0.16636937896239476,0.17215229486431477,0.18014216825995621,0.06982524201972612,0.5303462751547975,0.46052103313507137
Malzahar,Yasuo,1,0.16600434834260264,0.16600434834260264,0.16600434834260264,-0.16600434834260264,0.3548258070760157,0.5208301554186183
Lulu,Akshan,4,0.1659973918121172,0.15323042016104646,0.2545152837070108,0.1659973918121172,0.3776016806329463,0.2116042888208291
Milio,Samira,4,0.16599217144288447,0.16860142239913173,0.25769227398761463,0.05663502574403144,0.29655688388342216,0.23992185813939076
Alistar,Xayah,28,0.16594989849801545,0.12678612023555783,0.28259996901822687,-0.07726625761097537,0.43690508551449503,0.5141713431254704
Braum,Smolder,71,0.16590291784400024,0.16877522521827582,0.342806674734981,0.01014396921732066,0.37089467468746956,0.3607507054701489
Sylas,Brand,3,0.16589889605410713,0.16399015545660878,0.21219981214122624,0.016397411845853378,0.48630503847312295,0.46990762662726954
Taric,Yunara,43,0.1658924459538431,0.1472754220108888,0.3254494024663711,-0.047129002831608834,0.31875403642045425,0.36588303925206306
Neeko,Ashe,25,0.16578219331936805,0.126710402196285,0.2937137366663161,-0.004970898542160323,0.4080042130535581,0.4129751115957184
Sona,Zyra,4,0.1657471625504726,0.1635379219573144,0.2597559261345538,0.0751000539097414,0.3770356598495779,0.3019356059398365
Rell,Velkoz,25,0.16572806547208116,0.18102351320770455,0.30236947035271405,0.038226575582243835,0.491797050175677,0.45357047459343314
Milio,Camille,2,0.1655047718746645,0.1655047718746645,0.21191127558175432,-0.058008129633862274,0.3088407842308296,0.36684891386469193
Trundle,Qiyana,1,0.16544090293581698,0.16544090293581698,0.16544090293581698,-0.16544090293581698,0.42755041133651334,0.5929913142723303
Leblanc,Ashe,6,0.1653905585045186,0.11351345897222098,0.3141825286759947,-0.14662500338052953,0.5337309111527802,0.6803559145333097
XinZhao,Aphelios,2,0.16538587106032054,0.16538587106032054,0.27713988086019203,0.16538587106032054,0.47095088809601965,0.3055650170356991
Pyke,Ashe,50,0.1653105620853299,0.14620392926297757,0.3323134187789466,-0.023311598413169824,0.4821559193545775,0.5054675177677473
Zilean,Vayne,25,0.16525179104732385,0.19100331303907936,0.3241577977510297,-0.024920621016308733,0.3358442810455349,0.3607649020618437
Poppy,Yasuo,3,0.16509293471594397,0.11314421612759562,0.32090171832278697,0.1588972719501763,0.46988800419426324,0.31099073224408696
Pantheon,Varus,25,0.16503699836866445,0.1719053784385131,0.2724490773634492,-0.060824680557941206,0.4609464663205045,0.5217711468784457
Bard,AurelionSol,61,0.16494181429563312,0.13107013031079628,0.3168100725567981,-0.03007591061814391,0.5271811762109233,0.5572570868290673
Pantheon,Senna,10,0.16488565515045422,0.14997400433787228,0.2744164050976712,-0.010835908092685453,0.4538389402577289,0.4646748483504144
KSante,Vayne,2,0.16486333775204787,0.16486333775204787,0.21805827291206478,0.06649366895002116,0.34364723295457256,0.2771535640045514
FiddleSticks,Syndra,1,0.16484873421402296,0.16484873421402296,0.16484873421402296,-0.16484873421402296,0.40206679487092317,0.5669155290849461
Taric,Cassiopeia,4,0.16483734500097358,0.16959473617289875,0.2628561426863836,-0.11168235747766433,0.3148768612307641,0.4265592187084284
Braum,Mel,8,0.16483359202570522,0.13880366742839018,0.32312783376665966,0.014570336611839624,0.41459166928343383,0.4000213326715942
Soraka,Draven,27,0.16474194582354687,0.17242545257625655,0.28442545190058666,0.015579587416265162,0.3103180547157479,0.2947384672994828
Sona,Yunara,103,0.16473753421708684,0.141889455518421,0.29657923135310005,0.00809712265170211,0.3215824024436736,0.3134852797919715
Hwei,Jhin,10,0.16472692337709843,0.16988473036754834,0.26119931981225486,0.10186595944338632,0.3330351669774852,0.23116920753409884
Thresh,Malzahar,4,0.16468108106405716,0.11758891968837928,0.2705330645699825,-0.11921812309628617,0.44448996985370165,0.5637080929499878
Poppy,Ashe,18,0.16459322178985172,0.11534998158749199,0.3823703972105271,-0.01419977558427409,0.4822226005873211,0.49642237617159524
Senna,TahmKench,9,0.16457771548312417,0.18868642310051872,0.23509553167701844,0.11729638339004476,0.23851505513801483,0.12121867174797009
Nautilus,Chogath,2,0.16444581821438803,0.16444581821438803,0.23829573511075255,-0.09231239612045566,0.3832165943275223,0.4755289904479779
Shen,Jhin,8,0.16438507718423695,0.16328454058630337,0.2776362120468455,-0.015159037796835848,0.37621635756908106,0.3913753953659169
Morgana,Draven,9,0.164366667814482,0.13407178425588884,0.2609166598091031,-0.013828053919255935,0.3304047559870276,0.3442328099062836
Morgana,Hwei,2,0.16427185601697314,0.16427185601697314,0.2747097244086645,-0.16427185601697314,0.4511966992205769,0.6154685552375501
Sona,Seraphine,41,0.16413853976510756,0.1411841757814194,0.3010526910068226,0.022733642854565847,0.3670882150935971,0.34435457223903126
Zac,Tristana,4,0.1640991264185146,0.18472323815696667,0.27199101347539034,-0.10168477022614048,0.41105339551674414,0.5127381657428847
Orianna,Aphelios,2,0.16406037729369916,0.16406037729369916,0.2232306169651036,-0.07396279958925556,0.3087178271259019,0.38268062671515746
Rell,Samira,100,0.1640110718301527,0.144618979739279,0.30390195326816893,0.0055937083035920146,0.39403787425157555,0.38844416594798353
Akshan,Kaisa,1,0.16399929942799524,0.16399929942799524,0.16399929942799524,-0.16399929942799524,0.4778611037102389,0.6418604031382341
Nautilus,Hwei,23,0.16399737630503394,0.14904404410222216,0.2995839234863826,-0.022105705714810523,0.4884562742851539,0.5105619799999644
Rell,Zyra,6,0.16395581444872517,0.11189898082422928,0.31300178113618515,0.0555900095468557,0.5163293511988064,0.46073934165195074
Rammus,Tristana,2,0.16394679214644356,0.16394679214644356,0.23451208040844682,-0.08820661032750407,0.4546919864970842,0.5428985968245883
Soraka,Zoe,1,0.16382295346361606,0.16382295346361606,0.16382295346361606,0.16382295346361606,0.3320438058169619,0.16822085235334586
FiddleSticks,Jhin,20,0.16358742358380646,0.15888252470454284,0.2857910236629681,-0.022316957445166107,0.4090420571489056,0.43135901459407167
Ekko,Corki,3,0.1635836399043987,0.15189943380859572,0.2504079325651981,0.1635836399043987,0.46207330607620434,0.29848966617180567
Renata,Sivir,17,0.1635427403415125,0.12831110784665156,0.32247409745480593,-0.09640245898640319,0.3813876607116482,0.4777901196980514
Alistar,Irelia,1,0.16352720332568754,0.16352720332568754,0.16352720332568754,-0.16352720332568754,0.4428374313728715,0.6063646346985591
Rakan,MissFortune,48,0.16345960990952227,0.1513000267828477,0.3392881661422562,0.03611284943918706,0.41579936062401446,0.3796865111848275
Hwei,MissFortune,1,0.16343359080697326,0.16343359080697326,0.16343359080697326,0.16343359080697326,0.3353555153999661,0.17192192459299285
Akshan,Veigar,1,0.16342211404237972,0.16342211404237972,0.16342211404237972,-0.16342211404237972,0.49786318473054425,0.661285298772924
Renata,Draven,15,0.16341959454794738,0.17371270896123492,0.3015266626889484,0.03432587525718229,0.3204295987993439,0.2861037235421616
Senna,Draven,16,0.16336701327879208,0.1833037826940967,0.3027304107384159,-0.05142350897063462,0.28416661632392765,0.3355901252945623
Braum,Ziggs,8,0.16329218116814503,0.1327464067574506,0.3635238749127315,-0.1392426783710304,0.4511897233899335,0.5904324017609639
Blitzcrank,Singed,1,0.16327672813718785,0.16327672813718785,0.16327672813718785,-0.16327672813718785,0.5038312993545266,0.6671080274917145
Karma,Tristana,49,0.16325422103810613,0.1396971187454867,0.33568842791439135,0.020625865951929667,0.38533849854801444,0.3647126325960847
Seraphine,KogMaw,7,0.1632240637308491,0.1472379050137806,0.24742769489768274,-0.036709679361612756,0.2955922715212599,0.3323019508828727
Seraphine,Twitch,15,0.1631110038980557,0.1560245562265547,0.3379359632939835,-0.03192379251704238,0.3102147798450576,0.3421385723621
Sylas,Ezreal,20,0.16303007243249182,0.1436073238250335,0.3622624460105971,0.023565823959575988,0.5041604366352507,0.48059461267567477
Sylas,MissFortune,2,0.16299817286967166,0.16299817286967166,0.28950615610676483,-0.15813497904636648,0.44478699078926914,0.6029219698356356
Janna,Singed,1,0.16298685142410557,0.16298685142410557,0.16298685142410557,-0.16298685142410557,0.49992994233036064,0.6629167937544662
TahmKench,Brand,1,0.16297573299860066,0.16297573299860066,0.16297573299860066,0.16297573299860066,0.32342674214419853,0.16045100914559787
Thresh,Cassiopeia,15,0.16295060924221808,0.11288506453869157,0.3331268640219411,-0.04805476600854948,0.3781063390760997,0.4261611050846492
Swain,Caitlyn,9,0.16291147428713104,0.1761301164066798,0.26727534638937533,-0.05973139295857807,0.3225109448766986,0.3822423378352767
Taric,Samira,20,0.1628857232583245,0.1710231408451387,0.26925029567867476,0.10536302234292014,0.30094752844049866,0.19558450609757855
Thresh,Heimerdinger,10,0.1627967074960444,0.1273565704722539,0.3119012653129518,0.052272950261234755,0.43721594026631766,0.3849429900050829
Sona,Yone,1,0.1627384665091546,0.1627384665091546,0.1627384665091546,0.1627384665091546,0.3345223611150131,0.1717838946058585
Alistar,Velkoz,25,0.16266369120914845,0.13194555895802784,0.28379184845694,0.03959315469213596,0.5020962667043238,0.46250311201218786
Nami,Hwei,48,0.16266046855610874,0.15124425705875677,0.29542435546332546,-0.022641077697277624,0.3869483822055793,0.40958945990285694
Sona,Yasuo,22,0.1626037830608536,0.12087594942140895,0.30784119083737566,0.06866424287158532,0.32327389890768893,0.2546096560361036
Chogath,Ashe,1,0.1625467899698833,0.1625467899698833,0.1625467899698833,-0.1625467899698833,0.4020716863748553,0.5646184763447386
Karma,Kalista,11,0.16247868584886402,0.19074700019493676,0.21985794107487888,0.10209675569498992,0.34190761282819754,0.23981085713320763
FiddleSticks,Jinx,4,0.1623989363174186,0.1756048497555593,0.2554893767801019,-0.055720774529627114,0.38720088443340833,0.4429216589630355
Swain,Ziggs,2,0.16233006202043282,0.16233006202043282,0.20243018417971634,-0.05012515269910439,0.39319182905941297,0.4433169817585173
Hwei,Samira,1,0.1622932713450751,0.1622932713450751,0.1622932713450751,0.1622932713450751,0.23709662379374094,0.07480335244866586
Karthus,Jhin,1,0.1622723657382476,0.1622723657382476,0.1622723657382476,-0.1622723657382476,0.41311467378218597,0.5753870395204336
Elise,Sivir,24,0.16224616258234345,0.16725538364568224,0.2808116135933642,-0.06902413102602423,0.5508081584272905,0.6198322894533147
Rell,Ezreal,109,0.16219377259853038,0.1510388082469165,0.30488565638537873,-0.009062680135399761,0.4592293437534621,0.4682920238888618
Sona,Zeri,29,0.16218152389830087,0.1556504717704109,0.3079252565950845,0.04260138717873652,0.3384002604748761,0.2957988732961396
Shaco,Caitlyn,13,0.16216627203768275,0.15248823202280715,0.3500076837857633,0.021292995436151978,0.5149502086514777,0.4936572132153257
Taliyah,Caitlyn,2,0.1620850062482979,0.1620850062482979,0.19197292831513177,-0.037359902583542326,0.4256586414075133,0.4630185439910556
Trundle,Yunara,6,0.1620060008337413,0.14479781792847293,0.25426363763648974,0.006420264226469889,0.4285883057246855,0.4221680414982156
Nautilus,Zeri,35,0.1619294135276745,0.10824973392803394,0.37509003628460424,0.002854009196173832,0.4323490617894431,0.42949505259326926
Pantheon,Aphelios,12,0.16192367504096083,0.1488293101930293,0.29764298392912975,0.028923126944488713,0.46646050260480726,0.43753737566031853
Lux,Swain,7,0.1618841351048574,0.11486658019205137,0.30289950614232386,-0.0163174571057035,0.3765266162855515,0.392844073391255
Morgana,Veigar,1,0.1618526237727172,0.1618526237727172,0.1618526237727172,0.1618526237727172,0.36914188290850053,0.20728925913578333
Bard,Cassiopeia,12,0.16184636869240612,0.107013992808447,0.3739760323908371,0.025159140935775023,0.4780826290148495,0.45292348807907445
Seraphine,Lux,7,0.1618282309785682,0.18471563513426073,0.2608140555089967,0.05959262718173736,0.33455839745123733,0.2749657702695
Sona,Katarina,3,0.16175380170356798,0.2120073908870081,0.24321997623182895,0.1469332072664602,0.32320927331011867,0.17627606604365845
Yuumi,Lux,1,0.1617422948680484,0.1617422948680484,0.1617422948680484,-0.1617422948680484,0.2334409277096575,0.3951832225777059
Nautilus,Xerath,11,0.16163940617056474,0.13836884116476278,0.3544549176937785,-0.01990720367438422,0.4614878007668363,0.4813950044412205
TahmKench,Kalista,2,0.16163013824364753,0.16163013824364753,0.26055206379358786,0.12365240693742541,0.35590696637443514,0.23225455943700973
Elise,Hwei,1,0.16158636239593904,0.16158636239593904,0.16158636239593904,-0.16158636239593904,0.5692739579444149,0.730860320340354
RekSai,Corki,1,0.1615555133919533,0.1615555133919533,0.1615555133919533,0.1615555133919533,0.45053918092086676,0.28898366752891347
Sona,AurelionSol,21,0.16155322612924744,0.14902503818835205,0.30944876247492054,0.08275093655558637,0.36180156448421397,0.27905062792862756
Nami,Naafiri,8,0.1615296220739428,0.1920250031191194,0.2402183912878238,0.06327778168199291,0.36672085971866175,0.3034430780366688
Mel,Senna,2,0.161486771739901,0.161486771739901,0.22597372529366885,0.08060869194220978,0.305103388465896,0.22449469652368625
Leona,Ashe,33,0.16145832970457766,0.16669035662654394,0.3316886295029441,-0.019695144934900315,0.41593452525986657,0.43562967019476684
Gragas,Lucian,4,0.16141647841432444,0.1609680288265063,0.2013953074790848,-0.16141647841432444,0.40437132383407864,0.5657878022484031
Zoe,KogMaw,4,0.16141052967263414,0.15972150990669706,0.2563582848255843,0.0016890197659370637,0.41365170221444536,0.4119626824485083
Karma,Senna,48,0.16135603360076287,0.13130919101879054,0.35765927195593294,-0.02328126187799621,0.37417316328276,0.3974544251607562
TahmKench,Jhin,12,0.16122227165877837,0.18057725437192457,0.21889335911991575,0.053503031442095235,0.37895756324825136,0.32545453180615613
Janna,Vayne,37,0.16121628867648521,0.13846250875461974,0.3406575583479576,-0.030359157874358556,0.3999411076372163,0.43030026551157485
Pyke,Zoe,2,0.1611853556887262,0.1611853556887262,0.24456474913809295,0.1611853556887262,0.5650961455655932,0.403910789876867
Pantheon,Kindred,1,0.16113735035530735,0.16113735035530735,0.16113735035530735,-0.16113735035530735,0.4371591641911598,0.5982965145464672
Sona,Cassiopeia,5,0.16104961714749086,0.1099059391996331,0.3237138662794424,-0.024623826803450787,0.3207503154475852,0.345374142251036
Nautilus,Tristana,139,0.16093564189704898,0.14866233112997695,0.32020834011794297,0.022143147878763005,0.417084456314766,0.394941308436003
Rell,Vladimir,13,0.16091611016138027,0.1002471366088884,0.39315762363793955,-0.04249220330224509,0.4641332350945977,0.5066254383968428
Leona,Zeri,16,0.1608562714273389,0.18546417950946237,0.2925793411741175,-0.05667155389487195,0.40881218431368366,0.4654837382085556
Nautilus,Heimerdinger,6,0.16083912126952948,0.13077481833711016,0.28533393738560764,0.10953558993113881,0.48176644952447356,0.3722308595933348
Renata,Twitch,10,0.1608309711466167,0.1964479903088175,0.26111549521049837,0.01667059906438116,0.34015683562266436,0.3234862365582832
Swain,Kaisa,14,0.16080809984976177,0.16654010858170884,0.27268972936446384,-0.033940851539439224,0.34284975441676163,0.3767906059562009
Maokai,Lucian,4,0.16080361321639702,0.14541781697039693,0.2375573423065948,-0.06611993979374158,0.40625995986165014,0.47237989965539173
Rakan,Swain,23,0.16079288736834615,0.1297542678455253,0.2829034178885502,-0.03251030577501917,0.44270672490503893,0.4752170306800581
Bard,Veigar,34,0.16074442127067023,0.13785751317562678,0.31580920350533725,-0.030650996742065943,0.5385700241169198,0.5692210208589857
Shen,Karthus,2,0.16068155375905077,0.16068155375905077,0.2106362340324894,0.06244335034179829,0.40565430946726355,0.3432109591254653
Maokai,Ezreal,21,0.1606680518116025,0.1481760229736402,0.2907049386797394,-0.023461521271204055,0.43937233036582796,0.46283385163703195
Senna,Lux,19,0.16066032703347477,0.1623436278878676,0.2958279335946453,-0.009521763623398736,0.33647883518758054,0.3460005988109793
Renata,Aphelios,28,0.1606416201004896,0.15587795810624555,0.2954471553631592,0.008242634071261279,0.3312243426499392,0.3229817085786779
Renata,Karthus,2,0.1605375956702745,0.1605375956702745,0.23344452258221232,0.1605375956702745,0.377746922984819,0.21720932731454448
Taric,Draven,16,0.16053655682822057,0.16623110564457177,0.265102454749085,0.056420046117671645,0.29047462437982946,0.23405457826215784
Taric,Xayah,12,0.16050929703677194,0.15179450309550685,0.3173073497540248,-0.0010906972175033756,0.3418341051415157,0.342924802359019
Trundle,Jinx,6,0.16041829475537253,0.16752185338640765,0.28633469279164997,0.04560574164216611,0.4276920229810812,0.38208628133891515
Anivia,Varus,9,0.16033171714291394,0.12976854364276913,0.2735263710867048,-0.022441483556518385,0.38146087247863225,0.4039023560351506
Rell,Brand,11,0.16031565740146916,0.14162174112656567,0.291008625507738,0.08895205368828978,0.4725613112298292,0.3836092575415394
Rell,Xayah,29,0.16019900675147394,0.14969290776079885,0.3365964552068985,0.037448659202821755,0.4254540514247706,0.38800539222194885
Ivern,Yunara,5,0.1601663192701351,0.16727123348948947,0.1971599125239641,0.034422450954729254,0.4130897324054709,0.37866728145074163
Thresh,Seraphine,14,0.16015764633043736,0.1163203269024288,0.3116459006229361,-0.11062862430796572,0.4389817848714113,0.5496104091793771
Lux,Kaisa,14,0.1601219247487053,0.1032124072523792,0.32433633425727904,-0.021579377422864938,0.34824536339597095,0.3698247408188359
Elise,Cassiopeia,3,0.160117961988627,0.07338063317221932,0.29292257402264604,-0.1111975398738141,0.5414629609636278,0.6526605008374419
Thresh,Senna,41,0.16009949198209544,0.15045401028501754,0.2749219845308102,0.04560716851491383,0.37677149477804234,0.33116432626312853
Zilean,Jinx,40,0.16005420153865732,0.14236370557917777,0.32122813964319324,0.006765405053438381,0.3323805261534278,0.3256151210999894
Rakan,Morgana,1,0.16000946462487092,0.16000946462487092,0.16000946462487092,0.16000946462487092,0.4372748430585692,0.27726537843369825
Karma,Karthus,12,0.1599675994253825,0.1472770951137548,0.28157373701124666,0.00489951790698043,0.42962884227063847,0.424729324363658
Anivia,Karthus,4,0.1598477339678745,0.15786240489034162,0.26523228971845164,0.13744300120666986,0.41635707068636957,0.2789140694796997
Orianna,Vayne,3,0.15978619783074297,0.12364677068298807,0.26233977698206307,-0.15978619783074297,0.29579613119865195,0.45558232902939494
TahmKench,AurelionSol,5,0.15975880649137625,0.13304776066033747,0.29169235881036676,0.1175796497732993,0.39410778187868845,0.2765281321053892
Camille,Anivia,1,0.1597183755908248,0.1597183755908248,0.1597183755908248,0.1597183755908248,0.46319178682414064,0.30347341123331584
Velkoz,AurelionSol,6,0.15966242808315959,0.13493690098845024,0.26261310948945343,0.09933838423083612,0.34138020497207516,0.24204182074123906
Skarner,Sivir,1,0.1596347173732373,0.1596347173732373,0.1596347173732373,-0.1596347173732373,0.4430360988406262,0.6026708162138635
Shen,Veigar,4,0.15957581303088156,0.11044803850399003,0.320473611607322,-0.0359046766511723,0.4098566635300618,0.4457613401812341
Neeko,Taliyah,1,0.15948592862764155,0.15948592862764155,0.15948592862764155,-0.15948592862764155,0.43258755890960354,0.5920734875372451
Janna,Yunara,147,0.15923711155920503,0.14223373435387254,0.3128913770763661,0.018390874293307633,0.4246588728782943,0.4062679985849867
Sylas,Velkoz,3,0.1591982037847256,0.15362262703325813,0.24520916303214096,-0.12195407892535426,0.5310877869116375,0.6530418658369918
Zoe,Kaisa,14,0.15919719261406434,0.1557820561249195,0.28078308938032315,0.003427773007029719,0.40366577736496484,0.4002380043579351
Janna,Draven,119,0.15915681116569683,0.14065471427163986,0.31264630957212386,0.04382011157186341,0.38864463187303805,0.3448245203011746
Janna,Seraphine,17,0.15915312797466494,0.1156229350846738,0.36026622080346776,0.09110086017919984,0.510031331796837,0.41893047161763713
Veigar,Ezreal,2,0.15908313487584616,0.15908313487584616,0.21868081354886704,-0.15908313487584616,0.3271698352686948,0.486252970144541
Brand,Zeri,4,0.15903819443390418,0.13555732041155616,0.29925310986088643,0.1399259283148868,0.3886954282788339,0.24876949996394712
Lulu,Ziggs,6,0.15903174481070353,0.18109051637867657,0.2717546660687492,-0.02958011436257406,0.4004009071365542,0.42998102149912826
Thresh,Vladimir,10,0.15900333873098235,0.1340852405363476,0.30152006765448064,-0.03670744146124031,0.4326209065653834,0.46932834802662377
Nidalee,Kaisa,8,0.15897242244218604,0.15341067027731498,0.23632263272602475,-0.027037475479859872,0.41260297600647794,0.43964045148633785
Sona,Corki,63,0.1589534222684762,0.12909927984762778,0.29664354140468074,-0.01532721695926896,0.33807650600960093,0.3534037229688699
Maokai,Velkoz,3,0.1588188968832245,0.18127611082445533,0.21838609843069368,-0.1588188968832245,0.4590964234572925,0.617915320340517
Karma,Viktor,4,0.15877046236577697,0.11474261302950865,0.27809730774721747,-0.08343636173993016,0.40613054546588245,0.48956690720581264
Nautilus,Kennen,3,0.15857045486510948,0.12860019535927963,0.2747674826610821,0.0728369912922564,0.45975274602832933,0.3869157547360729
Trundle,Corki,3,0.15851016475966495,0.08083659003445204,0.28524853203434725,0.06572418026321573,0.4263069018714091,0.3605827216081934
KogMaw,Vladimir,1,0.15850051906689178,0.15850051906689178,0.15850051906689178,0.15850051906689178,0.277196932252968,0.11869641318607622
Trundle,Senna,1,0.15846309245692775,0.15846309245692775,0.15846309245692775,0.15846309245692775,0.38733686425010455,0.2288737717931768
Camille,Kaisa,10,0.1583955529013219,0.1610900750297346,0.27170398654964234,-0.008888930922502822,0.47327700681722584,0.4821659377397287
Yuumi,Samira,1,0.1583758514097283,0.1583758514097283,0.1583758514097283,0.1583758514097283,0.1583758514097283,0.0
Nautilus,Caitlyn,152,0.1583544439127539,0.14671081032298688,0.3072310657085749,0.012572659808561423,0.40667372476686536,0.39410106495830394
Thresh,Ezreal,145,0.15824609975705975,0.14227095915866272,0.3043500497426866,-0.0006748522886162835,0.39830156723283316,0.39897641952144947
Rell,Smolder,31,0.1582427922859038,0.14109836246691587,0.3044249722562754,0.051741586190739146,0.44391128210233677,0.3921696959115976
Braum,Tristana,46,0.15822095141139125,0.14261061693680138,0.28301092551475426,0.00028900355543895717,0.3455143049084652,0.34522530135302626
Seraphine,AurelionSol,9,0.15820544187419894,0.16854247469030337,0.25223676794738764,0.08834150863762098,0.3631011538627897,0.27475964522516866
Rakan,Brand,6,0.15814213907278982,0.12863976651546316,0.2760913614121596,0.011644730458615174,0.46484921753881664,0.45320448708020145
Elise,Draven,28,0.15809921971963817,0.14487888489579503,0.24780626583800336,0.04386207306819496,0.5000847778382911,0.45622270477009613
Xerath,Mel,3,0.15794090993231444,0.19313911136582654,0.21677383376701828,0.009485900354103599,0.3379884479148254,0.3285025475607218
Pyke,Tristana,53,0.15793042521595269,0.14072100993147696,0.31148076285315124,-0.04596403488241529,0.48604874425230127,0.5320127791347166
Janna,Twitch,47,0.157927926465193,0.13228805212917816,0.3095627588038225,-0.027018062512726093,0.4192628353106663,0.4462808978233925
Ezreal,Orianna,1,0.15785906681628148,0.15785906681628148,0.15785906681628148,0.15785906681628148,0.42842837830916236,0.2705693114928809
Pantheon,Twitch,15,0.15775481927657536,0.1109585588467421,0.3443113808202092,-0.008051022965949292,0.47356568711171604,0.4816167100776653
Camille,Samira,3,0.1575971448632682,0.16908142355630068,0.23637827793460162,-0.04487619582573441,0.47477540831177173,0.5196516041375062
Veigar,Jhin,7,0.1575951248802105,0.16486238997955552,0.2538722855899234,0.026319284740319037,0.3221321471043848,0.29581286236406573
Lux,Yasuo,3,0.15758634445932038,0.12288878986379367,0.24804789548644018,0.11056463004460992,0.3676110784801434,0.25704644843553354
Bard,Diana,1,0.15758586492227078,0.15758586492227078,0.15758586492227078,-0.15758586492227078,0.5853343066125951,0.7429201715348659
Alistar,Smolder,35,0.15754574032685784,0.17057162352791555,0.26861559064062407,-0.010352598185428111,0.46123244775234185,0.47158504593777
Senna,Varus,52,0.15745442636121856,0.1340092704748326,0.3349699420585453,-0.041497616650943266,0.3049536284598622,0.34645124511080544
Lissandra,Malzahar,1,0.15742515945314667,0.15742515945314667,0.15742515945314667,0.15742515945314667,0.511558838069982,0.35413367861683537
Zilean,Aatrox,1,0.15732617968870116,0.15732617968870116,0.15732617968870116,-0.15732617968870116,0.4158897436947809,0.573215923383482
Sylas,Senna,4,0.1573088991861138,0.16058862015412026,0.26334521648576364,-0.11267430792122948,0.48852570139798596,0.6012000093192154
Karma,Lucian,36,0.15730548721677154,0.1310914855659925,0.3439701900731448,-0.062075386792561776,0.3773291499517696,0.43940453674433133
Shaco,Smolder,5,0.15720911626118172,0.18511520132633863,0.26270992934248383,-0.031453515832010136,0.5346852076616815,0.5661387234936915
Nautilus,Veigar,31,0.15711693643838337,0.13054246914249928,0.2827341082116235,0.08066151117698055,0.4658538789227416,0.38519236774576104
Rakan,Annie,1,0.15703733692809646,0.15703733692809646,0.15703733692809646,0.15703733692809646,0.40581502920299045,0.248777692274894
Velkoz,Lucian,6,0.15703629143570497,0.16410880030583402,0.24444284262862565,-0.01597533681443782,0.31420438175159926,0.33017971856603706
Camille,Varus,5,0.15701297718688864,0.1142337636405017,0.3209547363424,-0.057092439714469444,0.47097798070048286,0.5280704204149522
Nami,Zeri,49,0.15700396019656995,0.15637452639840588,0.3246884220015251,-0.0103173585536494,0.3415588754907487,0.35187623404439816
Rell,Draven,63,0.15682870648453637,0.1449346442571519,0.29127319254698014,0.007736615296986323,0.40197310673935244,0.3942364914423661
Jax,Smolder,1,0.1567342895609921,0.1567342895609921,0.1567342895609921,0.1567342895609921,0.49599499414460174,0.33926070458360963
Renata,Ezreal,20,0.15663278467731284,0.13696374998546407,0.28076672243874795,-0.07368306290576798,0.37365940207996223,0.44734246498573016
Milio,Varus,39,0.15658565402327265,0.12471315462062549,0.31063674404219443,-0.04861247386298087,0.3138205045520373,0.36243297841501815
Skarner,AurelionSol,1,0.1565833751834796,0.1565833751834796,0.1565833751834796,-0.1565833751834796,0.4601812797599378,0.6167646549434174
Zaahen,MissFortune,1,0.15653141831663925,0.15653141831663925,0.15653141831663925,-0.15653141831663925,0.40657401093699636,0.5631054292536356
Sylas,Jinx,10,0.15650721747551793,0.14232431564321815,0.31776040052024895,0.0389176357062831,0.47137834365816245,0.43246070795187935
Alistar,Samira,53,0.15648072108609265,0.14396387934073157,0.27020545344236535,-0.016428281200654794,0.4046020228585464,0.4210303040592012
Yuumi,Qiyana,2,0.15643764374323574,0.15643764374323574,0.15855761178187502,0.15643764374323574,0.15643764374323574,0.0
Taric,Swain,13,0.15642352690896774,0.17552598870529268,0.25411648277276844,0.1153452456902582,0.35192846019549306,0.23658321450523487
Renata,Corki,15,0.1563904993222291,0.17348733584923537,0.23053765100685725,0.0015434201821289129,0.3602675946300044,0.3587241744478755
Zyra,Heimerdinger,3,0.15637122707730755,0.16475474768788922,0.16855740576757203,0.15637122707730755,0.3233185408327353,0.1669473137554278
Lulu,Olaf,14,0.15631709039474165,0.16295012526860825,0.22224721334508243,0.08308598935178771,0.32100711611198174,0.237921126760194
Nami,Xerath,18,0.15619519367772097,0.13938946492121734,0.3045823522636143,0.0425333315300267,0.3860219228394656,0.34348859130943893
Seraphine,Zilean,4,0.15609482207863085,0.17258230376540168,0.2614989717565273,0.15210388505136252,0.3894758913378099,0.23737200628644736
Jayce,Kaisa,1,0.15598824548302775,0.15598824548302775,0.15598824548302775,-0.15598824548302775,0.3750200939477066,0.5310083394307343
Malzahar,Naafiri,1,0.15597563597055725,0.15597563597055725,0.15597563597055725,0.15597563597055725,0.40660384155836515,0.2506282055878079
Karthus,Yunara,3,0.15590697254802707,0.12170316740390577,0.28308807871653524,-0.0747715276120899,0.31420887845396095,0.38898040606605083
Karma,KogMaw,42,0.15588850215541158,0.11679869223701742,0.29830666530044203,-0.05008340970355406,0.39047944251467565,0.44056285221822966
Thresh,Smolder,59,0.15587379019023695,0.12836920155295212,0.31973582048817073,-0.04845374685578533,0.3906574177860184,0.4391111646418038
AurelionSol,Heimerdinger,1,0.1558332225168499,0.1558332225168499,0.1558332225168499,0.1558332225168499,0.6278843486555907,0.47205112613874084
Braum,MissFortune,42,0.15577067432458971,0.1463307528838045,0.29413539810628503,0.018236839395705584,0.3679150098603521,0.3496781704646465
Poppy,Anivia,5,0.15575564778190115,0.10749784031353127,0.27071460324797575,0.05031116611525582,0.515676546921098,0.4653653808058421
Nami,Zyra,16,0.15569097291632586,0.10801954964750266,0.29488382077969316,-0.035564927044736704,0.4059367343195764,0.44150166136431307
Sona,Kaisa,57,0.1556646698323463,0.13685590208805296,0.31203718701860966,0.010377554034287103,0.3276362089734279,0.31725865493914074
JarvanIV,Tristana,4,0.15564659649876866,0.1547629028768569,0.2928608759359514,-0.13834978568909995,0.4148589698133396,0.5532087555024395
Senna,Kalista,12,0.15557471758717664,0.14573424799201473,0.2900689881571513,-0.001635274662333444,0.2675248609235928,0.2691601355859262
Ezreal,Brand,1,0.15549391249380062,0.15549391249380062,0.15549391249380062,0.15549391249380062,0.3493039297722258,0.19381001727842517
Nami,Vladimir,47,0.15538362774235137,0.12413716148604664,0.3238836123691932,0.0010983925224787778,0.38265630585614324,0.38155791333366446
Rell,Nilah,11,0.15533972071414995,0.14072205149023664,0.2882795476850478,-0.012338219327364704,0.4006896111374433,0.41302783046480795
Zilean,Ezreal,69,0.15532791000230037,0.1555899506010498,0.3105622854701106,-0.00879214291580902,0.37084865325257055,0.37964079616837954
Pantheon,Jhin,35,0.15527033864687453,0.12088609725974059,0.33219863000485494,-0.04669439902442255,0.48694634981003,0.5336407488344526
Zilean,Yunara,64,0.15525687041558028,0.1590829661400144,0.3268408194353966,0.029308908351138266,0.34606430340033173,0.3167553950491935
Pantheon,MissFortune,20,0.15521657120295027,0.10241034738290011,0.27106976227989016,0.028880428185849082,0.4590322268181038,0.43015179863225467
Annie,Lucian,2,0.15517788968537846,0.15517788968537846,0.2502302473332611,0.15517788968537846,0.34016748830438603,0.18498959861900754
Sona,Sivir,57,0.15510881651460495,0.15659789272862162,0.29225203779437525,-0.008427180107566436,0.35179958048415305,0.3602267605917195
Seraphine,Velkoz,9,0.15510626351035656,0.1567569041082674,0.23525427834078683,0.056513078540145596,0.37877621920746796,0.32226314066732237
Rakan,Samira,52,0.15505265929890774,0.13633360868161168,0.2603140110680675,0.029050857001853118,0.39070304470143136,0.36165218769957824
Neeko,Sivir,39,0.15502162205122852,0.13186611247045477,0.2921811053809959,-0.020879984382239803,0.4303060244416328,0.45118600882387266
Trundle,Varus,5,0.15490464301061618,0.08628121377641634,0.307127022268763,0.00735781993810034,0.4110223185964509,0.4036644986583505
Swain,Samira,7,0.15464401664157973,0.13201357900114663,0.27965986339219107,0.090866792397495,0.3117571568899086,0.22089036449241362
Poppy,Samira,6,0.1546301823743761,0.1318536054126117,0.2757774703714422,0.00016879261787208777,0.4427797778614284,0.4426109852435563
Nasus,Lucian,1,0.15462721892059764,0.15462721892059764,0.15462721892059764,0.15462721892059764,0.2907163778475751,0.13608915892697745
Rakan,Nilah,28,0.15452708750069447,0.11649504075400974,0.3199893075059155,0.06521973416212216,0.37387269874891216,0.30865296458679004
Shaco,Annie,1,0.15449355858208313,0.15449355858208313,0.15449355858208313,-0.15449355858208313,0.5763667617582708,0.730860320340354
Nautilus,Fizz,1,0.15447246752541893,0.15447246752541893,0.15447246752541893,-0.15447246752541893,0.4430001513290555,0.5974726188544744
Seraphine,Ezreal,52,0.15446508789300564,0.1261896117388805,0.3608463546037766,-0.02117178250842015,0.3285586340521008,0.34973041656052095
Rell,Fiora,1,0.15441473390374877,0.15441473390374877,0.15441473390374877,0.15441473390374877,0.41381593569144354,0.25940120178769477
Elise,Smolder,17,0.15433873582904667,0.14598666645480562,0.3207577426224463,-0.00868818528521114,0.5476014874561859,0.5562896727413971
Pyke,Caitlyn,61,0.15430900839358921,0.1316236681885764,0.30334289115761087,-0.039009446108075274,0.47733986922035593,0.5163493153284312
Nidalee,Brand,1,0.15430725367979858,0.15430725367979858,0.15430725367979858,0.15430725367979858,0.47329605835703165,0.31898880467723306
Senna,Jinx,50,0.15420633689241328,0.11076000309065359,0.30883443751618456,-0.026981041864243677,0.30043372917663097,0.32741477104087463
Renata,Jhin,16,0.15404863043439151,0.14940982131870595,0.3302061219872101,-0.01199862655062396,0.372903006313503,0.38490163286412693
Leona,Kled,1,0.15402791507588864,0.15402791507588864,0.15402791507588864,-0.15402791507588864,0.4238015789331434,0.577829494009032
Taric,Corki,38,0.15401899186894316,0.1408867261558094,0.3228730547515547,0.057497916443207335,0.34686639532286223,0.2893684788796549
Taliyah,Tristana,4,0.15399032573173366,0.12714495027480865,0.21468567943525593,-0.028303767261523616,0.4612756226471141,0.4895793899086377
Heimerdinger,Aphelios,2,0.15387086172076853,0.15387086172076853,0.16503944631558923,0.013960730743525884,0.2956122950091572,0.2816515642656313
Milio,Xerath,2,0.1538664318224783,0.1538664318224783,0.24845118312690417,-0.1538664318224783,0.322343360113542,0.4762097919360203
XinZhao,Kaisa,1,0.15381828392353541,0.15381828392353541,0.15381828392353541,0.15381828392353541,0.4676469700899079,0.3138286861663725
TahmKench,Ezreal,9,0.1538098143219166,0.1293009720861752,0.25844855426252894,-0.04118700390312305,0.3767938167805919,0.41798082068371495
Morgana,Ezreal,13,0.1536975665030672,0.1206145597098201,0.2850451500920353,-0.037396816276541796,0.3879165495506594,0.4253133658272012
Blitzcrank,Varus,63,0.1536277702492438,0.16344244401932762,0.27148511750879284,-0.018527056220470253,0.4369991756779033,0.4555262318983736
Neeko,Katarina,2,0.1536142813919985,0.1536142813919985,0.21445338012660717,-0.1536142813919985,0.39312617430054003,0.5467404556925386
Janna,Ziggs,29,0.15355109858082916,0.12100033146758404,0.30431812643658357,-0.02445045422112111,0.5169965226353842,0.5414469768565052
Elise,Yunara,44,0.15354920663089355,0.1409724063140112,0.296329239172895,0.00043868263890355276,0.5187956220300752,0.5183569393911717
Skarner,Kaisa,3,0.15347045682654661,0.10016993937903212,0.27454966501617456,-0.12540590037644825,0.4233378894648829,0.5487437898413311
Brand,Mel,2,0.15339391734376537,0.15339391734376537,0.22610527134366942,-0.09088919249988006,0.4102559879059108,0.5011451804057908
Teemo,Jhin,1,0.15339010111014756,0.15339010111014756,0.15339010111014756,-0.15339010111014756,0.3927938343408692,0.5461839354510167
Soraka,Twitch,31,0.15337800151795591,0.13332620260405362,0.2951837947093032,0.07782024120234642,0.3039037258582338,0.22608348465588737
Zoe,Mel,3,0.1533658806853189,0.16377392064550544,0.18793366041278914,-0.024050150448912178,0.45478484673357106,0.4788349971824832
Sona,Velkoz,20,0.15335970926376424,0.14787852430566079,0.2741431188317379,0.0181958133434581,0.376056728005267,0.3578609146618089
Senna,Kaisa,53,0.15330835877184285,0.13676679911445472,0.29855256348563697,-0.04445229894057773,0.29351247090266,0.3379647698432377
Karma,Vayne,53,0.15327536583217652,0.13853502671537105,0.3159202299738586,0.0026360996454904586,0.36695596593101104,0.36431986628552054
Lulu,Yasuo,25,0.15327169790559225,0.16317542296712248,0.25647368445663754,-0.001733545589353901,0.3327032760016861,0.33443682159104
Bard,Senna,32,0.15326858095378615,0.15173999625562165,0.2736435248309711,-0.04764896713608517,0.49393832147596806,0.5415872886120532
Braum,Ashe,145,0.15311858779695423,0.1334665988731702,0.30367223695447687,0.0016498355083989103,0.34773571016025184,0.346085874651853
Rell,Kalista,23,0.15305685920774365,0.1328234970891744,0.30147907174424543,-0.015144934376117056,0.39578580362999655,0.41093073800611357
Nami,Mel,121,0.15303833787279073,0.1385424216015933,0.27858531942244846,-0.0038530301449631447,0.38874984926597406,0.3926028794109372
Lissandra,MissFortune,1,0.15297429565359433,0.15297429565359433,0.15297429565359433,-0.15297429565359433,0.41488966998767773,0.5678639656412721
Xerath,Smolder,9,0.1529523886391778,0.14221425484042405,0.23345042878945474,0.023804917171306263,0.3019502897767123,0.278145372605406
Nami,Tristana,79,0.15289122285817994,0.1432314572052911,0.28673670243564175,0.01916644315649563,0.3293301687520092,0.3101637255955136
Shaco,Ziggs,1,0.15288253522227752,0.15288253522227752,0.15288253522227752,0.15288253522227752,0.5809552073091803,0.42807267208690275
Teemo,Kaisa,1,0.15285553822350378,0.15285553822350378,0.15285553822350378,-0.15285553822350378,0.34851616477663633,0.5013717030001401
Rell,Mel,25,0.15280277627279135,0.13766375909225131,0.30232714361773777,-0.023332492859294954,0.4767760965909613,0.5001085894502563
Zyra,Yunara,6,0.15277002854529706,0.18104602122110935,0.23552841997269172,-0.014794302231288553,0.30509435826687564,0.31988866049816417
Milio,Corki,46,0.15273987799508426,0.14810674142357266,0.2712802066087554,0.046396183537167374,0.31615829740318974,0.2697621138660224
Blitzcrank,Senna,7,0.15264830425197232,0.15332857693325813,0.2067092405149846,-0.02897988045587871,0.41991614221356166,0.4488960226694404
Seraphine,Jhin,49,0.15255630539034368,0.14530078022741486,0.3118478902488655,-0.010624836920463395,0.32179630675427234,0.33242114367473574
Gragas,Ashe,2,0.15255498068230286,0.15255498068230286,0.24080640636498513,0.11031428210335284,0.40147858828100635,0.29116430617765354
Sylas,Jhin,16,0.1525456642250126,0.09276953539024008,0.33723367033337115,0.031161991292171447,0.49176280337180395,0.4606008120796325
Sona,Syndra,8,0.15252677360230057,0.14716663679553973,0.25737646251570423,-0.06764108665241023,0.3562489905933941,0.42389007724580435
Neeko,Smolder,23,0.15247668231977934,0.1658537860663435,0.25958112386476917,0.015888756072643947,0.41435067213192744,0.39846191605928355
Sona,Karthus,10,0.15245825566377397,0.15434810606764413,0.22004540200866982,0.004971962430791762,0.3655281871149893,0.36055622468419757
Lulu,Smolder,22,0.15245278470128268,0.1664105984198409,0.2724221305872119,-0.061535243401229865,0.349930818035403,0.4114660614366328
Taric,Singed,13,0.15237881038860407,0.1300520343933177,0.32697224706123207,0.1336826393954459,0.34368031288839895,0.2099976734929531
AurelionSol,Corki,2,0.15220422539255551,0.15220422539255551,0.206659750121507,-0.06806940591118937,0.6359208634114394,0.7039902693226288
Mel,Jinx,9,0.1521389082929776,0.1243011836857193,0.2979848434264892,0.079330404607251,0.3186119134731624,0.2392815088659114
Sona,Jinx,92,0.15210599303921976,0.1422700644544817,0.28758407353069293,-0.022374246453465606,0.3172542767874082,0.33962852324087384
Poppy,Corki,29,0.15207602438322748,0.12281600518198887,0.3292155341248316,-0.006396128474193293,0.48933718802303416,0.49573331649722746
Sylas,Swain,3,0.15206401949170328,0.20206552864953742,0.2101416262047217,0.01062358576269142,0.5178829654646621,0.5072593797019707
Soraka,Aphelios,54,0.15197932479367302,0.13358648515811342,0.2989396475453421,-0.01792482801147338,0.30147618952723826,0.31940101753871164
Leona,Caitlyn,82,0.1519642084826041,0.14319481779695453,0.28224039526402733,0.0176558349091739,0.39966664470516056,0.38201080979598667
Rakan,Kayle,1,0.15190544493017313,0.15190544493017313,0.15190544493017313,0.15190544493017313,0.37817043107322046,0.22626498614304733
Renata,Nilah,5,0.15187860542051362,0.08778057815897589,0.28658592474385003,0.06241452426084988,0.32718943627228114,0.2647749120114313
Lulu,Zyra,3,0.15182930687865995,0.06356544501827055,0.3116190592065395,-0.1396359649692582,0.3766495134195012,0.5162854783887595
Senna,Velkoz,18,0.15180371698021197,0.14679659896484842,0.2865784212649095,-0.0020863803536563578,0.3514066887528904,0.3534930691065467
Morgana,Sivir,8,0.151678610491364,0.18686776507884473,0.23794246462396884,0.10243663382424462,0.4120347301841582,0.3095980963599136
Soraka,Tristana,20,0.15165931592324955,0.1679132332891895,0.21828712331847333,0.0031769733831064225,0.3017724714483149,0.2985954980652085
Senna,Karthus,29,0.15162851113338022,0.10440443898698962,0.28567010217280125,-0.037001239392387926,0.3248623435521858,0.36186358294457366
Taric,Nilah,21,0.15160713237648663,0.15206245758652068,0.2487313961402582,0.02381546024277177,0.2744499011318167,0.25063444088904496
Maokai,Yasuo,8,0.15158266466467396,0.14384002292984072,0.25670711861076406,0.11283115741582969,0.431115194829523,0.3182840374136933
Blitzcrank,Aphelios,56,0.15154131722477193,0.12743284840708596,0.29458982471106443,-0.04241085383914818,0.4116731727508598,0.45408402659000796
Elise,Jinx,28,0.15153848785820082,0.13502136451442595,0.282938547669821,-0.03817692446361433,0.5056762926732346,0.5438532171368489
Alistar,Kalista,22,0.15152928264542795,0.1259439156588748,0.3156261297214834,0.05577648229790826,0.40814510437190293,0.35236862207399466
Soraka,Senna,13,0.15147474577899647,0.1457751709753976,0.3016930180260801,-0.033618427421406374,0.3141915342480646,0.347809961669471
Senna,MasterYi,1,0.1514735275219083,0.1514735275219083,0.1514735275219083,0.1514735275219083,0.32007108812689766,0.16859756060498937
Maokai,Varus,18,0.15143249424621932,0.15011163717074566,0.28588774034145953,-0.03617420937907306,0.4257360031228107,0.46191021250188374
Ashe,Tristana,1,0.1514108061874603,0.1514108061874603,0.1514108061874603,0.1514108061874603,0.2971153643455909,0.14570455815813058
Lulu,Ashe,154,0.15139255105233596,0.13340848881311484,0.30279905053128514,-0.0414175640530536,0.31858377344276967,0.3600013374958233
Elise,Corki,51,0.15138492782686527,0.12529390320533512,0.26550573604510563,-0.029808360128297098,0.5315053141247245,0.5613136742530216
Pyke,Sion,3,0.15132302066791173,0.12138696910527536,0.2343364389917811,-0.1046508297112102,0.5439076846207059,0.6485585143319161
Bard,Zeri,40,0.15121476869901793,0.12021249441234705,0.27393907008181184,0.01025488474034434,0.47888995279248203,0.4686350680521377
Pantheon,Vayne,9,0.15120790050736563,0.15202692031683662,0.23215628678620184,0.002643492188279411,0.4508362042351066,0.4481927120468272
Velkoz,Mel,5,0.1511932531854106,0.11537866424870852,0.2913883338558642,0.11860729925879172,0.3773546419861099,0.2587473427273182
Neeko,Zeri,14,0.15117802213017287,0.12306647458151096,0.33346293326941234,-0.06729263724260699,0.4021237528823595,0.4694163901249665
Lulu,Qiyana,1,0.15116285205502236,0.15116285205502236,0.15116285205502236,0.15116285205502236,0.355467640483733,0.20430478842871067
Bard,Draven,46,0.15108417985742187,0.13298144464017014,0.28136085168890934,-0.0010199366007527914,0.4738535194910975,0.4748734560918503
Blitzcrank,Corki,77,0.1510475518024618,0.1362748714875422,0.2959514239629777,-0.0009653111141928735,0.4391123619785225,0.44007767309271534
Renata,Lucian,6,0.15104545663094626,0.15002038559173275,0.263543630513434,0.05103186623645776,0.3454716320168789,0.29443976578042114
Lux,Corki,12,0.1509540461270993,0.12516052336042074,0.3092111877376907,0.06211713942494573,0.3449389106533453,0.2828217712283995
Senna,Zilean,13,0.1509441627871381,0.12459475679169427,0.28883205518757177,-0.07669367201130212,0.3579690499918305,0.43466272200313255
Rakan,Tristana,47,0.15094379538670935,0.15444986680915965,0.2693222509470373,0.008131885163431603,0.40990868277051923,0.40177679760708757
Nami,Sivir,93,0.15092647216240238,0.11443659143454626,0.31859284410754773,-0.026038080560102296,0.3755254746256183,0.4015635551857207
Milio,Aurora,1,0.15087105152309832,0.15087105152309832,0.15087105152309832,-0.15087105152309832,0.33620412251446374,0.48707517403756206
Swain,AurelionSol,1,0.15084923766262293,0.15084923766262293,0.15084923766262293,-0.15084923766262293,0.379918119710009,0.5307673573726319
Sona,Xayah,22,0.1508097521590787,0.14644934138692584,0.2559138902575963,0.01257337164843677,0.3281312699312097,0.3155578982827729
Zoe,Lux,52,0.1507942339693617,0.14167875859452264,0.272660917168057,0.04592370414236035,0.41640566956992203,0.3704819654275617
Milio,Jhin,33,0.1507499570066796,0.12244795441044978,0.2723768572111604,-0.018005852249379783,0.31177351528429825,0.329779367533678
Sylas,Twitch,3,0.15073993317147164,0.14874928373378465,0.16958818706626122,0.15073993317147164,0.504808787432248,0.35406885426077633
Rell,Zeri,22,0.1507330205214463,0.14645544503248373,0.2856978836872688,0.02303222416246623,0.441676231448103,0.4186440072856367
Brand,Zilean,1,0.15071707921201283,0.15071707921201283,0.15071707921201283,0.15071707921201283,0.47419311170351913,0.3234760324915063
Lux,Ezreal,39,0.15071197839710995,0.13373255155192082,0.28715427511457964,-0.050034661325377684,0.37672785712422435,0.42676251844960195
Kindred,Hwei,1,0.15071096536483508,0.15071096536483508,0.15071096536483508,0.15071096536483508,0.37599626034029277,0.22528529497545768
Galio,Nilah,1,0.15068100509351434,0.15068100509351434,0.15068100509351434,-0.15068100509351434,0.35666043873347353,0.5073414438269879
Shen,Kaisa,7,0.1506315105294465,0.18380391909215055,0.2408513179714157,0.02939726919772691,0.351613322297234,0.32221605309950707
Pyke,Veigar,14,0.15060644481048488,0.098943552532166,0.3827209007762577,0.001677089288556834,0.5199896510926902,0.5183125618041334
Pantheon,Ezreal,37,0.15057519030632413,0.125144958327066,0.259585452766187,0.05088017872809801,0.5039068970018087,0.45302671827371066
Milio,Kaisa,42,0.15051948297544543,0.14326479033750453,0.2742315582604313,-0.021377379514426413,0.2928999464742256,0.31427732598865205
Anivia,KogMaw,2,0.15051420647292302,0.15051420647292302,0.16772697763752412,0.021515963955751352,0.3171280503694274,0.295612086413676
Thresh,Kalista,61,0.1504683589925111,0.13122055345411632,0.3030787116469471,0.01128081676407021,0.3387246945758734,0.32744387781180323
Taric,Heimerdinger,3,0.1503182926907792,0.15737461702545735,0.17337824360768173,0.045401881340474314,0.3734228694036687,0.32802098806319435
Nautilus,AurelionSol,67,0.15029113176201506,0.13842971752517463,0.3273057563839578,0.04246872540166451,0.459586091570718,0.4171173661690535
Alistar,Veigar,42,0.1502774416671119,0.11347066341502779,0.302990140206649,0.015545749184369594,0.4852768638172608,0.46973111463289124
Pantheon,Yone,1,0.15026743664279962,0.15026743664279962,0.15026743664279962,0.15026743664279962,0.4618907947674752,0.31162335812467556
Velkoz,Kayle,1,0.15026286112223108,0.15026286112223108,0.15026286112223108,-0.15026286112223108,0.32117260586040364,0.4714354669826347
Karma,Velkoz,40,0.1502582749966262,0.14216649036712603,0.30421519745220804,-0.03419621417641598,0.4296267750838971,0.46382298926031307
Lulu,Hwei,2,0.15022120862709798,0.15022120862709798,0.26308146029999185,-0.15022120862709798,0.3926197725845544,0.5428409812116524
Leona,Swain,45,0.15018551666677118,0.1001005619639368,0.31452510373300696,0.04067508567977512,0.43945516104563914,0.398780075365864
Nautilus,Corki,210,0.15017412030723917,0.12536517002515057,0.30202865410633434,0.021601792948541264,0.4198428956099643,0.39824110266142304
Senna,Caitlyn,100,0.1501659806824869,0.1310740587665692,0.2731802765349817,-0.014387487975761193,0.2999810951900944,0.3143685831658556
Poppy,AurelionSol,7,0.1501291803064624,0.12114553446142556,0.25386944487374796,-0.04468772684995055,0.5142056035125432,0.5588933303624938
Nami,Varus,181,0.1500251910113056,0.13497142402964957,0.307684226925744,0.004154497882491883,0.3534393774866965,0.3492848796042046
Neeko,Xayah,13,0.149891242098962,0.10916315038193147,0.30432730875756114,-0.13736516127883303,0.3939943504769552,0.5313595117557882
LeeSin,Corki,2,0.14985806571902624,0.14985806571902624,0.2516721878132994,0.14985806571902624,0.43908245107170835,0.28922438535268213
Leona,Yunara,100,0.1498494758444827,0.12543165854843621,0.3120500647266911,0.021305487158369395,0.4089502307250972,0.3876447435667278
Viego,Xayah,1,0.14982193294268276,0.14982193294268276,0.14982193294268276,-0.14982193294268276,0.4255651065777508,0.5753870395204336
Alistar,Cassiopeia,8,0.1497962526989998,0.1583703017782112,0.28627136584987883,-0.027812397932144794,0.430787845844334,0.4586002437764788
Soraka,Zeri,16,0.14978866203895058,0.1465335903254551,0.2532518524721752,0.06841924095110825,0.3475874042530844,0.27916816330197614
Shaco,Ashe,4,0.1497476575576997,0.14169256627529306,0.2164458973538915,-0.05337718980235037,0.5272659677046974,0.5806431575070476
Leona,Veigar,7,0.14971815051266574,0.10895207559539927,0.2851350249782847,-0.10387128112512298,0.46640260966011865,0.5702738907852416
Rakan,Sivir,64,0.14970091362275326,0.12453035434707022,0.28486924593441365,0.012796669251538653,0.45306942246971793,0.44027275321817927
Senna,Zeri,10,0.14965782004536782,0.10294751649076003,0.2949647542663645,-0.04330233829725959,0.3221383278904303,0.36544066618768983
Bard,Tristana,52,0.149657800418033,0.1292528506520495,0.3336592400795554,0.012001351550105203,0.5001757125772074,0.4881743610271022
Lulu,Varus,99,0.1496470078724095,0.116055949987868,0.35096611235710423,-0.01945659238362511,0.3403376758485838,0.35979426823220895
Alistar,Sivir,73,0.14964393489491712,0.1251498726076926,0.3274471380037529,0.039521563380198105,0.47568187252579486,0.4361603091455968
Rakan,Katarina,4,0.14961290822721962,0.1366459008938688,0.2230367260482458,0.03111772393756905,0.4187987574975796,0.3876810335600106
Sona,Kalista,12,0.14957136424921882,0.1827611603570034,0.23425494539910904,-0.0297210456408038,0.28240931853690693,0.31213036417771073
Seraphine,Jinx,42,0.14956387572683397,0.16109199472240202,0.240743478865162,0.011855398343768508,0.3076333100346022,0.29577791169083373
Swain,Nilah,1,0.14954152723242556,0.14954152723242556,0.14954152723242556,0.14954152723242556,0.31321854147129846,0.1636770142388729
Senna,KogMaw,22,0.14953748147246765,0.1595547403519822,0.25781970703445417,0.0543263762777062,0.2967715219372402,0.24244514565953404
Zoe,Samira,2,0.1495216066808186,0.1495216066808186,0.19225888657239018,0.1495216066808186,0.38994643504073867,0.24042482835992007
Shen,Corki,11,0.14949399789448747,0.10853200190804366,0.2822055012049609,-0.014935354453204652,0.3604983163486905,0.3754336708018951
Bard,Nilah,14,0.1494588925524249,0.13067372882464373,0.22074014483811608,0.06245809724521802,0.46779617789016453,0.40533808064494653
Pyke,Cassiopeia,10,0.1494273221749451,0.10202793010631045,0.37902873165954865,-0.014409560739970333,0.4979331406843441,0.5123427014243144
Pyke,Smolder,35,0.14916731918367876,0.10883136763613149,0.2632548752511923,-0.028942816490120687,0.50387815233911,0.5328209688292307
Rakan,KogMaw,17,0.14916018462213906,0.1273844452488957,0.2928986861212441,0.046309117487408735,0.41369284806032863,0.3673837305729199
Thresh,Velkoz,21,0.1490785043019502,0.14664302177959365,0.28659031080690756,0.07012801769182493,0.4530090824414734,0.38288106474964845
Senna,Sivir,52,0.14903530634780626,0.12688447879530187,0.33919609446193094,0.03431985440164542,0.33897687223475403,0.3046570178331086
Morgana,Jhin,22,0.14900125428350147,0.15415770011059854,0.27073644268697683,0.016708717141991656,0.3710397513160623,0.35433103417407064
Shaco,Karthus,4,0.14898881572944336,0.14166898372750902,0.2695981487825348,-0.1377906786391845,0.5934070571487033,0.7311977357878879
Alistar,Caitlyn,71,0.1489808158082349,0.1158338140325414,0.3050726203702594,-0.003065486760980001,0.43942828204395,0.44249376880493
Brand,Ziggs,2,0.14895378140683058,0.14895378140683058,0.16134117018780794,0.015484235976221686,0.40049698167034964,0.38501274569412797
Senna,Sion,22,0.14894415942455994,0.16237948803834004,0.2551876393560568,0.02250496838786201,0.3401245411337752,0.3176195727459132
Blitzcrank,Twitch,26,0.14890126670316897,0.13203040768907764,0.2937292282861854,-0.021280953188378825,0.41940088148883875,0.44068183467721755
Braum,Ezreal,178,0.14887807813393902,0.13218596865543458,0.2940925335463105,-0.0034783422666516332,0.3840279076769125,0.3875062499435641
Rell,Aphelios,51,0.14887204438980678,0.10929785430431449,0.31347060568918483,0.0118741474469711,0.4091098498194993,0.39723570237252825
Brand,Corki,8,0.14883266302618847,0.14279276204997318,0.2535044737507315,-0.13475619305340097,0.3767041708873887,0.5114603639407896
Nami,Smolder,197,0.14882603192787264,0.1345552284976499,0.29353634323460254,0.011914100239094375,0.35309457113735376,0.3411804708982594
Anivia,Draven,3,0.14881583506340773,0.08717481584183928,0.259338954692533,0.09069929116884821,0.3377781490326503,0.24707885786380204
Nautilus,Rengar,4,0.14876060910802064,0.16041393060370562,0.20684105169254874,0.06907774046216147,0.39093344590707435,0.3218557054449129
Senna,Talon,1,0.1487372522356904,0.1487372522356904,0.1487372522356904,-0.1487372522356904,0.3582724809095346,0.507009733145225
Nidalee,Caitlyn,12,0.14872716215865742,0.12304337391749937,0.2947535026016409,-0.020548433235092242,0.43701039952173987,0.4575588327568321
JarvanIV,Nilah,1,0.14869343081266412,0.14869343081266412,0.14869343081266412,-0.14869343081266412,0.4302353250283965,0.5789287558410606
Nami,Swain,56,0.14867446505017523,0.14051687553311817,0.27913359598464726,0.05317355458213787,0.3617888674307683,0.3086153128486305
FiddleSticks,Ziggs,2,0.1486669891938714,0.1486669891938714,0.2461959402178079,0.12191118877992063,0.4964440070441013,0.3745328182641806
Leblanc,Jhin,18,0.1486274700208773,0.10221300389770316,0.3126743643548118,0.09962065151921663,0.5262313685604715,0.42661071704125486
Braum,Viktor,2,0.14861179349017564,0.14861179349017564,0.21629842670650556,-0.14861179349017564,0.3876501865773879,0.5362619800675635
Soraka,Nilah,36,0.14860903034179138,0.13141045850928698,0.30067998419156555,-0.0007460764180236333,0.2716334873197971,0.2723795637378207
Braum,Akshan,6,0.14858130837788638,0.1234247148664656,0.27075375586843303,-0.05063234441165267,0.4027173288049242,0.45334967321657693
Leona,Tristana,62,0.14857771454260216,0.12025213877325455,0.3097985072592743,0.029337296837764065,0.41345266342399883,0.38411536658623474
Lissandra,Senna,2,0.14853212263722762,0.14853212263722762,0.2430177058310361,-0.14853212263722762,0.40246718420352867,0.5509993068407563
Alistar,Zilean,12,0.14852271666624,0.15790381423273986,0.24507766196751796,-0.05853701121693322,0.5245483319979674,0.5830853432149006
Nautilus,Samira,258,0.148515650995937,0.13974247578535887,0.29240018552799707,0.00740383687772107,0.3792060321299541,0.371802195252233
Anivia,Lucian,5,0.1483583377060488,0.10292490543823751,0.2801753760735737,0.02584298473729397,0.35352298003876576,0.32767999530147185
Sona,Jhin,91,0.14835476519501523,0.14473352296880387,0.30017255424988776,-0.003189640380531367,0.3469943172125834,0.35018395759311477
LeeSin,MissFortune,1,0.14824331215139586,0.14824331215139586,0.14824331215139586,-0.14824331215139586,0.45483451608891257,0.6030778282403084
Senna,Jhin,128,0.1482352586164873,0.12561556127605733,0.29475485961118125,-0.02281646023639739,0.30958324302456425,0.3323997032609617
Ekko,Smolder,2,0.1482308433310378,0.1482308433310378,0.20383092845717107,-0.1482308433310378,0.4359386102821306,0.5841694536131684
Pantheon,Lux,7,0.14822727496543206,0.13893169712912934,0.2983711291930331,-0.11989632376225792,0.5189001472460854,0.6387964710083434
Nami,Ziggs,80,0.14811715400740083,0.13605492769387825,0.2772908382490531,0.005910584398026901,0.4027748117342395,0.3968642273362126
Thresh,Anivia,1,0.14808115337581945,0.14808115337581945,0.14808115337581945,0.14808115337581945,0.42063215248720137,0.2725509991113819
Neeko,Aphelios,40,0.14797540914948407,0.13557032612445752,0.26646010907113243,0.02040427114405825,0.3812446428663977,0.36084037172233946
Senna,Vayne,19,0.14797388282370283,0.11154481027469243,0.2918777476599315,0.017404269564203594,0.2781339743797339,0.26072970481553037
Bard,Brand,13,0.14797272597557704,0.15776045233984615,0.2696792132081584,-0.011080053610998666,0.5125478051831428,0.5236278587941415
Shaco,Lux,2,0.14795080749723777,0.14795080749723777,0.198408787880531,0.06307247547911654,0.6034070872821861,0.5403346118030695
Xerath,Ziggs,1,0.14794842677957615,0.14794842677957615,0.14794842677957615,0.14794842677957615,0.3813430538233966,0.23339462704382047
Bard,Jinx,111,0.14791750042394644,0.11596855800842637,0.3094974479330037,0.003601306505101606,0.47505754017200896,0.4714562336669073
Singed,Seraphine,1,0.14773990121079783,0.14773990121079783,0.14773990121079783,0.14773990121079783,0.5972894600554274,0.44954955884462955
Leona,Karthus,28,0.14773339735679172,0.13763726324611672,0.24932701303263266,0.0258296943548684,0.45555986541791643,0.429730171063048
Alistar,Kaisa,200,0.1477305284010644,0.12992894152699888,0.2949056578002193,-0.017249441956463215,0.42800281265392287,0.4452522546103861
Taric,Naafiri,1,0.1477181126025171,0.1477181126025171,0.1477181126025171,0.1477181126025171,0.35346608837980814,0.20574797577729104
Ezreal,Ryze,1,0.14770178231144565,0.14770178231144565,0.14770178231144565,0.14770178231144565,0.4128209545380255,0.2651191722265798
Gragas,Xerath,1,0.147660854530404,0.147660854530404,0.147660854530404,0.147660854530404,0.4663786331276647,0.3187177785972607
Milio,Senna,12,0.14764497620996644,0.1175505453488574,0.2867587824177422,0.04000993070490476,0.30723083980426713,0.26722090909936236
Nami,Jhin,212,0.14755967150679974,0.14050578931567015,0.27609290892625327,0.01875405833784469,0.36090859828470134,0.3421545399468567
Nami,Kaisa,151,0.1475505916099294,0.13828607226354406,0.27348726541160234,-0.0030399664944832042,0.33659457681612437,0.3396345433106076
Karma,Smolder,85,0.14750401993282145,0.1250219070693585,0.29107642476333284,0.0004351368793700053,0.38758672876235944,0.3871515918829895
Nautilus,Vladimir,16,0.14749422630208117,0.14691423272711615,0.24747048708640776,-0.005891490901177023,0.45268228455752557,0.4585737754587026
Pantheon,Tristana,15,0.14748354747831444,0.14428114481910653,0.30655593004310183,-0.005713746567967526,0.448717919269397,0.45443166583736455
Sona,Caitlyn,76,0.14746030238295735,0.13084932932462073,0.30823989260513435,-0.020605184507671615,0.3201449586335357,0.3407501431412074
Zyra,Smolder,7,0.14745687238587454,0.14288506373653667,0.25732477986755514,-0.01199911200687212,0.3270496337563741,0.3390487457632462
Nami,AurelionSol,68,0.14742366128884316,0.13479172255514024,0.2958050931689256,0.004021337134174846,0.380771979706537,0.37675064257236207
Nautilus,Nilah,27,0.1473885676733363,0.13360574633769146,0.2798449588046581,0.026410057040777563,0.3641346905523915,0.33772463351161397
Zilean,Ashe,33,0.14737538272704254,0.1359220550495247,0.2687726169483757,-0.015180653689480749,0.3541230948911434,0.36930374858062415
Zoe,Ezreal,24,0.14726316483854804,0.12958681848835737,0.2621745060410061,0.01524618448875086,0.4386151459617631,0.42336896147301223
Jax,Kaisa,1,0.14723126807667303,0.14723126807667303,0.14723126807667303,0.14723126807667303,0.4590502775012222,0.31181900942454915
Fiora,Jhin,1,0.1472214021074736,0.1472214021074736,0.1472214021074736,-0.1472214021074736,0.47273876554696526,0.6199601676544388
Seraphine,Corki,21,0.1471868687151209,0.14622740511412852,0.28121089270561256,-0.05241542598861832,0.32401228401594867,0.37642771000456704
Thresh,AurelionSol,28,0.14714931847047588,0.1071424963104165,0.30136622523424766,-0.008394701138357235,0.4243884923841553,0.43278319352251265
Seraphine,Zeri,8,0.1471309727602751,0.1460035505438836,0.2811051071203909,-0.07395184553683803,0.33985807526390666,0.4138099208007447
Karma,Ashe,105,0.14706903140084243,0.11057423586887821,0.30465463419071726,7.511184883585418e-05,0.37785824492603415,0.3777831330771983
Janna,Taliyah,1,0.1470353184029664,0.1470353184029664,0.1470353184029664,-0.1470353184029664,0.4702124960054516,0.617247814408418
Leona,Mel,32,0.14702417446391083,0.11759594922606945,0.2942923574769895,0.0025542125383534054,0.4547894914236318,0.45223527888527837
Nami,Lucian,656,0.14701806986906243,0.1272667651319745,0.29455385339369133,0.008860189601760788,0.3234005811037102,0.3145403915019494
Leona,MissFortune,69,0.14691192744208692,0.1329744699884905,0.30696480310740976,0.0094605954724916,0.41116703909183877,0.4017064436193472
Alistar,Jinx,67,0.1468872244532057,0.11051882257414208,0.3112275507891218,0.010459122852479134,0.43126311721576593,0.4208039943632868
Renata,Swain,5,0.1468270110259435,0.14514204695573732,0.2535291333312082,-0.0887701922436486,0.37414610362668677,0.4629162958703354
Nautilus,Yasuo,64,0.14680820478844459,0.10816922497312292,0.3338717188304407,0.023602246669859557,0.42382328287298204,0.4002210362031225
Zoe,Varus,11,0.1468003043599494,0.17347585488546002,0.2474047992533201,0.033089986424260864,0.42166906303190077,0.3885790766076399
Brand,Zyra,1,0.14679706797747438,0.14679706797747438,0.14679706797747438,0.14679706797747438,0.45338726096309157,0.3065901929856172
Nidalee,Aphelios,4,0.14679115397596004,0.16333820615205671,0.23668952241191749,0.04804861139512599,0.4205385994083887,0.3724899880132627
Elise,Ezreal,53,0.14676230122072847,0.15535399955727325,0.2862070967487144,-0.00789079764838218,0.5391798273022205,0.5470706249506025
Sona,Ashe,49,0.14676221008236454,0.12731056800592236,0.2836838670846329,0.006766705354692926,0.3170177382313063,0.3102510328766134
Seraphine,Vayne,5,0.1466466940693814,0.15756012911295358,0.22693931993163408,-0.019955345168812876,0.28674723691125836,0.3067025820800712
Bard,Annie,1,0.14660379415561153,0.14660379415561153,0.14660379415561153,0.14660379415561153,0.6064290106212212,0.4598252164656097
Nami,Taliyah,9,0.14660123428615282,0.16447553144121718,0.23175311114381353,0.018454535786532545,0.36447878248120824,0.3460242466946757
Rakan,Jinx,73,0.1465171710649381,0.14727957068657477,0.27246308008307807,0.012537718129803425,0.4006179010670377,0.3880801829372343
Lux,KogMaw,3,0.14641941403980466,0.12795482960022692,0.19322207952017859,0.14641941403980466,0.33215475064737604,0.18573533660757144
Sona,Hwei,5,0.1464012806016172,0.12983124112552324,0.26683935362039923,-0.06025618420809966,0.3732736558973207,0.4335298401054204
Taric,Ziggs,5,0.14639842592413754,0.07295201946989255,0.3039769537581553,0.02265023632122526,0.38336992974881834,0.360719693427593
Thresh,Yunara,155,0.1463770393024902,0.1250641885331949,0.3176588528639587,0.010817609698541945,0.37390507972280956,0.3630874700242676
Pantheon,Syndra,3,0.14633145589010493,0.14906204399524903,0.2375198602058445,0.04695675989327225,0.5250837891045569,0.47812702921128464
Alistar,Corki,98,0.14628400905704353,0.12320034060527368,0.29686451393849855,0.0034641615583315103,0.44812840341074206,0.4446642418524106
Thresh,Tristana,54,0.14628246853060578,0.11487670768393568,0.32853991919780157,-0.003045841719901793,0.372846470580829,0.3758923123007308
Soraka,Kaisa,54,0.1462810850890276,0.1296454665687287,0.3216754894278714,0.025405473100309314,0.3224384745675337,0.29703300146722433
Shaco,Senna,2,0.14625804844756718,0.14625804844756718,0.21813805279811366,-0.14625804844756718,0.53828030277636,0.6845383512239271
Pyke,Kalista,27,0.14624108542896688,0.14583060181415397,0.29087680946550565,-0.055014150833542406,0.45333420421008064,0.5083483550436231
Lulu,Nilah,12,0.1461646761068717,0.162196608467004,0.2838357240531888,-0.028921890842464253,0.3008291852695836,0.32975107611204785
Sona,Mel,22,0.14614770836632077,0.11735297711073665,0.2902075161848385,-0.04488718251323049,0.36611182743030724,0.4109990099435377
Blitzcrank,Draven,74,0.14613605231396412,0.13214791760369332,0.2860675143230279,0.0008852818244795126,0.4050386487411968,0.4041533669167173
Leona,Ziggs,25,0.1461182080372306,0.1602354232160369,0.2592368672863857,-0.0035369050258574797,0.467861581071051,0.4713984860969085
Rell,Jinx,70,0.1461165047699402,0.10731081944987125,0.3180715230483793,0.03076872910373288,0.421016195193169,0.3902474660894361
Zoe,Ahri,1,0.14603115157852375,0.14603115157852375,0.14603115157852375,-0.14603115157852375,0.43963086699532916,0.5856620185738529
Velkoz,Ziggs,4,0.1459815053774475,0.14156956756071915,0.261583992516003,0.1459815053774475,0.3648305616115616,0.2188490562341141
Zilean,Seraphine,7,0.14594489814437303,0.1139242235606246,0.2705862507746459,-0.04140207761334041,0.4027997582699517,0.4442018358832921
Nami,Ashe,76,0.1459271917577115,0.13742882768862244,0.2639673361553101,-0.03779820589828983,0.3245291280973774,0.3623273339956672
Anivia,Samira,3,0.14589871622153192,0.11756721813234733,0.22494309235065202,0.14589871622153192,0.33482793291460294,0.18892921669307108
Leblanc,Zeri,3,0.14583330913882506,0.11979066403138933,0.20530006301977746,-0.06597286645123218,0.5282617173337365,0.5942345837849686
Shaco,Corki,10,0.14577244392271554,0.11056540506452894,0.2938483268539032,0.05828056775913808,0.5304311837634637,0.47215061600432556
Pantheon,Smolder,13,0.1457382371830887,0.10510748355477229,0.2560459083993202,-0.06268262350886511,0.4822680295581962,0.5449506530670614
Nami,Vayne,94,0.14569741280660323,0.13141064059751056,0.30657534264847913,0.00907143392233464,0.3179537929054843,0.30888235898314964
Janna,Sivir,80,0.1456967464310413,0.12363875518082662,0.3203950545554056,0.011158440744286867,0.46928924431992725,0.4581308035756403
Soraka,Malzahar,1,0.1456932727138449,0.1456932727138449,0.1456932727138449,0.1456932727138449,0.4162625842067258,0.2705693114928809
Sona,Ezreal,161,0.1456532229638511,0.12817147907715343,0.3045007341492299,0.004358845480276433,0.3452853243548823,0.3409264788746059
Pyke,Sivir,26,0.1456496005952386,0.13980180089440084,0.26902621515220143,-0.013757629040853266,0.5175199671940561,0.5312775962349094
Gragas,Ezreal,1,0.14556411705167532,0.14556411705167532,0.14556411705167532,0.14556411705167532,0.40911077208885754,0.2635466550371822
Karma,AurelionSol,32,0.14540861507704378,0.1253071207068398,0.27444461764395917,0.017579395964076913,0.4272539638181067,0.4096745678540298
TahmKench,Senna,17,0.14539672192641243,0.13388153008507947,0.25462550294209674,0.10034408147986744,0.34832758357009913,0.2479835020902317
Renata,Jinx,24,0.14534113955095665,0.13068574269771166,0.29770631794533525,0.00984075745245156,0.3322901634687241,0.32244940601627253
Lulu,Kalista,44,0.14529587398924837,0.13435433172588152,0.2629017222002549,-0.015764740107626723,0.292952742589259,0.3087174826968857
Milio,Ezreal,40,0.1452736125512338,0.15015520466479743,0.2628824751180032,-0.0393114370391522,0.3172837640994698,0.35659520113862203
Janna,Corki,98,0.14520000461841656,0.11956554938959835,0.31416577747710234,-0.0011323810969412196,0.43951006078545257,0.4406424418823938
Karma,XinZhao,1,0.14516466619776436,0.14516466619776436,0.14516466619776436,-0.14516466619776436,0.3627301023001108,0.5078947684978752
Poppy,Sivir,20,0.14507518660749835,0.1279620822760998,0.258428922377852,-0.004246284979922088,0.5112183383327034,0.5154646233126254
Zoe,Velkoz,5,0.14496634969889155,0.06390500887694334,0.31428348473916934,0.09947043121850169,0.47365470229596784,0.3741842710774662
Thresh,Mel,31,0.14493555299522076,0.1305433058024505,0.24724835239347243,-0.01575095105112403,0.43006467091284983,0.44581562196397384
Pantheon,Kaisa,54,0.14492539980153726,0.10883495089217518,0.3290317201107321,-0.05549312594758207,0.4540585399827382,0.5095516659303203
Pyke,Naafiri,3,0.14492424501004267,0.05590910351048867,0.28229722200837115,0.11827799175217761,0.5168449635945467,0.39856697184236917
Lulu,Tristana,89,0.1448841035640031,0.12442324606811522,0.30609487403818947,0.0024647918106283258,0.32020868535598224,0.31774389354535393
Leona,Smolder,31,0.14487812392983032,0.12523579844639532,0.28265253937141627,0.0020838618224392016,0.417055189865488,0.4149713280430488
Lulu,Sivir,135,0.1448520350643915,0.12439896586210608,0.28050587161456103,-0.021056029438580648,0.36455728188090564,0.3856133113194863
Janna,Smolder,69,0.14481160779763355,0.13674045887860842,0.2609423480436809,0.03345769686386405,0.4457040612901675,0.4122463644263034
Alistar,Tristana,57,0.14479647174351046,0.14279084940335024,0.28762472278266665,0.006313190705337091,0.4392991589797124,0.4329859682743753
Senna,Hwei,7,0.1447957477042777,0.07355147528119749,0.29873706211959206,-0.03113179648890274,0.3440411166215646,0.37517291311046735
Pyke,Yunara,111,0.14479245647447644,0.12645157881090285,0.27283928980701444,0.0013521778944927199,0.47706485034666585,0.4757126724521732
Senna,Sett,1,0.14478387842490906,0.14478387842490906,0.14478387842490906,0.14478387842490906,0.2982301591363945,0.15344628071148544
Alistar,Senna,43,0.14478378112133605,0.1342943210064222,0.2756455470536716,0.0446381077235959,0.43616261561826075,0.39152450789466486
Blitzcrank,Jinx,65,0.14474079292982844,0.138992862533665,0.2867935103759655,0.013253916511805236,0.4241933900911302,0.410939473579325
Maokai,Smolder,3,0.14473235454332378,0.1702763177789865,0.1777932430487181,-0.024950704965889775,0.4134641640236691,0.43841486898955884
Janna,Caitlyn,127,0.14469581662752967,0.11819659474911004,0.31787046771027366,0.018147744782130257,0.4208533870321372,0.40270564225000693
Mel,Jhin,12,0.1446706015467839,0.11720345944395291,0.2458061332613051,-0.05092777095528491,0.34341954072732966,0.39434731168261455
Thresh,KogMaw,34,0.1446679684060208,0.11636630113581208,0.2502526076570353,0.027538590915422108,0.37774656123577394,0.3502079703203518
Janna,Jinx,111,0.14462298949119676,0.13383168397553596,0.2915768800906906,0.013433458983395291,0.4169653069801185,0.40353184799672326
Nami,Yasuo,50,0.14460187296113494,0.11698172597259907,0.2967623588346673,-0.007762879782344096,0.3301978663597663,0.33796074614211036
Bard,Katarina,9,0.1445236827242444,0.11961102139094815,0.2124113182412215,-0.12928928772775167,0.5046420959947768,0.6339313837225284
Nami,KogMaw,65,0.1445118951670265,0.13900668388951187,0.2479499052283089,0.02025548568937929,0.3326465492496636,0.3123910635602843
Rell,Caitlyn,53,0.1444858541185239,0.12900879617028166,0.31353714736891186,-0.038886769413733625,0.42888670629373504,0.4677734757074687
Thresh,Varus,98,0.14442131231403804,0.11279441175256064,0.3200754573777761,0.020066704596418683,0.38772293988114126,0.3676562352847226
Milio,Twitch,49,0.14438626783505656,0.12210200404996144,0.26821754396530156,-0.00601513059698184,0.28346803766625217,0.28948316826323406
TahmKench,Aphelios,10,0.14435229111628187,0.1501189847107537,0.23251226591032798,0.014134953349946817,0.34260570272968155,0.3284707493797347
Rakan,Smolder,59,0.1443497780307189,0.13833132165620132,0.2586030110044071,0.025931180921637688,0.43097190875922653,0.4050407278375888
Braum,Vladimir,3,0.14434828644867245,0.1332345080730733,0.23154319161406797,0.026398621884205293,0.4165932340109409,0.3901946121267356
Sett,Jhin,2,0.14431591109978312,0.14431591109978312,0.1820274357227052,-0.04713940577865258,0.3831349029054162,0.43027430868406874
Thresh,Lucian,42,0.14429987969991118,0.12415942304643672,0.27592911348163535,-0.03546345961454685,0.36391064039202226,0.39937410000656903
Senna,Ezreal,116,0.1442388303885761,0.12405451811516593,0.26801118545535463,-0.022425788971083264,0.3121480472740162,0.33457383624509945
Pyke,AurelionSol,22,0.14422868918354087,0.12281883375189334,0.3447679675903787,0.068385979271166,0.5104086733886036,0.44202269411743766
Maokai,MissFortune,14,0.14407187991688422,0.12373823409279192,0.2673267831303432,-0.008896876118282989,0.4162936706831633,0.42519054680144636
Velkoz,Hwei,2,0.1440426716894222,0.1440426716894222,0.2538062668312265,-0.1440426716894222,0.329312520685887,0.4733551923753092
Poppy,Mel,8,0.14403237856780787,0.15184362611711946,0.18634617682188304,0.007715727098626779,0.5280687960860334,0.5203530689874066
Nami,Velkoz,64,0.14400590327060897,0.12475827098446449,0.29369341663910115,-0.006076992308593362,0.3912374450981372,0.39731443740673056
Zyra,Samira,4,0.14392627663242064,0.13334302687931776,0.2590951225286386,-0.14392627663242064,0.27645512258732874,0.4203813992197494
Nunu,Ezreal,1,0.143926001603086,0.143926001603086,0.143926001603086,0.143926001603086,0.6603126068578379,0.5163866052547519
Neeko,Hwei,5,0.14390533170237102,0.09176537327068424,0.32019703683554523,0.1395779548712994,0.4609858372957977,0.32140788242449825
Lulu,Corki,46,0.1439049381047977,0.11734151391891183,0.289305801239359,0.011704542029642107,0.3464009170506825,0.3346963750210404
Karma,Hwei,14,0.14389062860968466,0.10769251808089927,0.3253086198673989,0.09470148952565298,0.4401696193065443,0.3454681297808913
Janna,Quinn,2,0.14388862575181846,0.14388862575181846,0.2470258575279358,0.14388862575181846,0.502445018509095,0.35855639275727647
Brand,Aphelios,4,0.1438705159209337,0.10251218882758784,0.2711809774482927,0.11587722207192701,0.35291945004142733,0.23704222796950028
Bard,Samira,12,0.14385576972481992,0.1204851622038084,0.2783376885130725,0.09096917091213182,0.4820490248254173,0.39107985391328554
Braum,Jinx,150,0.14385014335635218,0.13641447317751162,0.28434345370615804,0.006195365596353734,0.343524171290245,0.33732880569389123
Blitzcrank,Ezreal,101,0.14379665547930937,0.11882007114314463,0.3203465202655468,0.00036852208779305265,0.46072977345609356,0.4603612513683005
Xerath,Ezreal,13,0.14374950490299077,0.10738156849831235,0.27781480768517575,-0.005157503845575496,0.29964079026084406,0.30479829410641956
Brand,Senna,3,0.14371396459043756,0.11089308847838514,0.22786591275655285,0.14371396459043756,0.3562149834490984,0.21250101885866082
Leona,Kaisa,172,0.14368494241050886,0.12494877518819433,0.2819446814445931,0.0023359983491053078,0.40000808806810423,0.39767208971899887
Thresh,Corki,118,0.14368190150109408,0.14253457847490505,0.2758865083473254,0.010001471728643888,0.3848145174766609,0.37481304574801705
Nami,Ezreal,353,0.14366112269193068,0.12676542477738256,0.2807696401030216,0.020343760782918812,0.36521844001392856,0.34487467923100973
Pantheon,Yunara,36,0.1436210394519486,0.1439697336187246,0.2149998596833149,-0.03027225455535222,0.46368696394133707,0.4939592184966892
Milio,Smolder,37,0.14356234796472164,0.14618588909678715,0.24049972016107576,0.006813063269393376,0.3079375507568002,0.3011244874874068
Soraka,Jhin,58,0.14355766198056616,0.1317054407537867,0.26988215725264003,0.011587316634924927,0.3345535740492116,0.32296625741428664
Amumu,Sivir,3,0.14349510199089646,0.09215245335371092,0.27832596030191087,-0.07308445603507745,0.42511432987739695,0.49819878591247435
Kennen,Velkoz,1,0.14348219856794564,0.14348219856794564,0.14348219856794564,0.14348219856794564,0.43315648277012647,0.28967428420218083
Seraphine,Varus,35,0.143461661067138,0.1164715405955109,0.24882617636172394,0.0038133614514961763,0.32953391681308214,0.32572055536158595
Leona,Corki,94,0.14344683771222794,0.12392862922199405,0.3101113547007665,-0.016164475699527375,0.417916443665078,0.4340809193646054
Thresh,Syndra,10,0.14344606284940736,0.13071003315113072,0.2788017996543414,-0.03540416267324646,0.4211028736246754,0.4565070362979219
Rell,MissFortune,90,0.1434076031437342,0.11707238965633854,0.31412275621400065,0.0020942991996654374,0.43663609123679203,0.4345417920371267
Blitzcrank,Zilean,3,0.14335580426962516,0.15867556736640887,0.2299894370466834,0.12763984361914874,0.5023775785295083,0.3747377349103595
Soraka,Lux,6,0.1433384109961651,0.1697173883722925,0.20764233512449176,-0.06169560934738855,0.37343620336156863,0.4351318127089572
Soraka,KogMaw,14,0.1433372669497437,0.1367991165082065,0.21614140232369466,0.019780123551887165,0.30301149608892014,0.2832313725370329
Ezreal,Varus,3,0.14323740866867227,0.150198359348311,0.22911182710090172,0.04310516910313159,0.37553633146723225,0.3324311623641007
Bard,Lulu,1,0.14322351858289617,0.14322351858289617,0.14322351858289617,-0.14322351858289617,0.507593269155566,0.6508167877384622
Senna,Anivia,6,0.1431908269906649,0.1609641552334183,0.22971489691612193,0.033601125424853794,0.3684485535146917,0.33484742808983786
Pyke,Xayah,40,0.1431336570218896,0.10277525113373903,0.31582301809399055,0.0072524572843065726,0.483725452099372,0.4764729948150654
Senna,Tristana,16,0.143086271020071,0.14202730279427264,0.2756235818765556,-0.049711607636413385,0.2961431917717584,0.34585479940817176
Anivia,Ziggs,1,0.14306723808391192,0.14306723808391192,0.14306723808391192,0.14306723808391192,0.47792855280997665,0.33486131472606473
Karma,Syndra,14,0.1430310140657126,0.13596365052970508,0.24805316479302064,0.07706474387067497,0.4304743406160183,0.35340959674534334
Leona,Twitch,26,0.14297131056948495,0.1282255469851766,0.3084049907165043,-0.019326146789271872,0.4020408645164404,0.42136701130571225
Soraka,Ekko,1,0.14290629099934712,0.14290629099934712,0.14290629099934712,0.14290629099934712,0.37337006359165875,0.23046377259231163
Nami,Brand,93,0.14288510176426086,0.12805494511215584,0.25109506101451884,0.04677813771586686,0.3587788467067922,0.31200070899092536
Thresh,Draven,133,0.14287161315618216,0.1263917850590232,0.26330896205690085,-0.004988018351506527,0.35449690784727783,0.35948492619878436
Elise,MissFortune,14,0.14275022810539978,0.133468340541603,0.24317981367100155,-0.03702571153429949,0.5302705547156331,0.5672962662499327
Zilean,Corki,35,0.14274023045260675,0.1443811507493235,0.2434677130012616,-0.0011635749909836147,0.3665705015990446,0.36773407659002816
Vi,Jhin,2,0.1426839150513863,0.1426839150513863,0.19007459460166873,-0.05923834943785303,0.45865243432583713,0.5178907837636901
Rell,Tristana,51,0.14267966468179233,0.12861767199648882,0.32204159091062123,0.013614900019654862,0.4326670839690971,0.4190521839494422
Rell,AurelionSol,25,0.14265583236308277,0.1387095694963209,0.2540296692002874,-0.04716550767728276,0.4757142633801198,0.5228797710574026
Ashe,Yunara,1,0.1426299736097914,0.1426299736097914,0.1426299736097914,-0.1426299736097914,0.3172831945085319,0.4599131681183233
Rell,Sivir,38,0.14260042566326248,0.14759772976379382,0.24109480665088218,-0.006942035833018752,0.4698104902696197,0.47675252610263846
Galio,Samira,2,0.14259860321174356,0.14259860321174356,0.17021149401352995,-0.14259860321174356,0.42415403232691035,0.5667526355386538
Elise,Varus,37,0.1425264780261881,0.12718324896955696,0.33895194922583005,-0.003248820578421022,0.5307906372764827,0.5340394578549037
Bard,Kaisa,161,0.1425216213816796,0.12811512915415257,0.2995343307357809,0.015283044362395692,0.48467259630881204,0.4693895519464164
Yuumi,Olaf,3,0.1425150126095549,0.12416968840533066,0.17904135560076698,0.1425150126095549,0.19455383680009397,0.05203882419053907
Sona,Aphelios,63,0.14250047456333126,0.12379032978260746,0.2775142811557991,0.000729862841440542,0.3105721858140356,0.3098423229725951
Poppy,Ezreal,39,0.1424960037111289,0.11172405424349136,0.2981436247535217,0.04195689039533275,0.5127251289334998,0.4707682385381669
Gragas,Karthus,2,0.14249366394225133,0.14249366394225133,0.14920575336072717,0.008390111773094788,0.44034648589510894,0.43195637412201415
Leblanc,Syndra,1,0.14246706989040392,0.14246706989040392,0.14246706989040392,0.14246706989040392,0.564602459774416,0.4221353898840121
Leblanc,Aphelios,1,0.14245804607864465,0.14245804607864465,0.14245804607864465,0.14245804607864465,0.45819749376704927,0.3157394476884046
Pyke,Kaisa,239,0.14240997825055066,0.11938560634036405,0.2824992787015746,-0.005825731000741615,0.4742248976130181,0.48005062861375974
Nami,Cassiopeia,33,0.14235762093754906,0.127020121824089,0.2909074817661229,-0.006988684722594424,0.3366473940537765,0.343636078776371
Elise,Kalista,12,0.14235472975171506,0.10874505701335241,0.2444310437477781,-0.03043392976005803,0.48565075680526776,0.5160846865653258
Poppy,Lucian,7,0.1423351520513405,0.13946665384412316,0.2454532665781911,0.06621847426371218,0.4661545218897875,0.3999360476260754
Neeko,Draven,21,0.14230926349056763,0.13289206295637068,0.26669772154065763,0.0203191773560949,0.3796853067255241,0.3593661293694292
Soraka,Ashe,47,0.14228089207681885,0.15566170831434128,0.2635827216833269,-0.028316828179073456,0.3111670284060149,0.33948385658508834
Pyke,Yasuo,27,0.1422787712748621,0.13077198236743143,0.33405721084534956,0.0004118157207652032,0.48851387717354017,0.4881020614527749
Karma,Yunara,250,0.14219559298544315,0.12621062968746039,0.2870336353384509,0.00580155054284219,0.3785420127714221,0.3727404622285799
Pantheon,Kalista,8,0.14217773735044917,0.1432754784990737,0.20158392057976568,-0.035324794640747295,0.4411541554973434,0.47647895013809066
Nami,Draven,121,0.1420884240182615,0.13168119483058452,0.285375382321788,-0.0012054968535651072,0.3192473150544675,0.32045281190803265
Brand,Ezreal,25,0.14206924902883203,0.10682933266796263,0.3148274090441206,-0.0177902786444351,0.38762780529769847,0.40541808394213363
Alistar,Lissandra,2,0.14204441571416473,0.14204441571416473,0.1710723269714432,-0.036284889071598075,0.5099948507777814,0.5462797398493795
Leona,Jinx,62,0.14198757729731928,0.12740971515028926,0.27864430152543607,-0.018705086402594807,0.40034622511142987,0.4190513115140247
Maokai,AurelionSol,10,0.14196957694385443,0.15765381675193313,0.28044211054097457,0.028014183477052423,0.45448922345478,0.42647503997772757
Maokai,Aphelios,8,0.14196131638528403,0.11065222379969478,0.2810931792841448,-0.022621147809064154,0.3902335317905803,0.41285467959964445
Maokai,Syndra,3,0.14195365816817765,0.15202544241362848,0.17652531589260953,0.02018680199327444,0.46936376044628475,0.4491769584530103
Syndra,Caitlyn,1,0.14195105062894395,0.14195105062894395,0.14195105062894395,0.14195105062894395,0.38389499124055154,0.2419439406116076
Karma,Twitch,58,0.1418473998462223,0.12912841756347046,0.2699951210002355,0.05462070254962232,0.37747895330167713,0.3228582507520549
Bard,Yunara,187,0.1418173904034519,0.11930905225691668,0.3049453447788251,0.04068765190140476,0.48911448030607163,0.44842682840466697
Nautilus,Velkoz,66,0.1418066152601577,0.1278253986150052,0.26957766243047915,0.03222060301899164,0.47743008614752647,0.4452094831285348
Karma,Singed,1,0.14179137632604538,0.14179137632604538,0.14179137632604538,0.14179137632604538,0.4883200955247619,0.34652871919871653
Nami,Aurora,9,0.14177443473975487,0.13633952926083331,0.2519610449950335,0.11057356969971763,0.39411604167225467,0.28354247197253707
Shaco,AurelionSol,7,0.14173689104827994,0.13028268589999537,0.22982394687463786,-0.0816488181713986,0.5765432932300419,0.6581921114014405
Zilean,Twitch,22,0.14173264498256674,0.11259739009305414,0.3190371539991807,-0.008802446861681294,0.3536141650140672,0.36241661187574853
Sylas,Xayah,1,0.14167612236793414,0.14167612236793414,0.14167612236793414,-0.14167612236793414,0.5186384526892609,0.660314575057195
Braum,Kalista,16,0.14164603126278133,0.14948401591291444,0.26840190081665993,-0.045336804877068516,0.33439269960313767,0.37972950448020615
Galio,Senna,3,0.14164003536580833,0.152639899449315,0.18708561613483807,0.09058459447121424,0.44279795787866133,0.3522133634074471
Thresh,Jinx,273,0.14162771414283817,0.12576190610864543,0.30617442910671006,0.00017605700773052797,0.36759086336587926,0.3674148063581487
Sylas,Corki,12,0.14162499577305085,0.1116959246963703,0.2776389036541982,-0.004067493674444839,0.4980390522499713,0.5021065459244162
Rell,Twitch,23,0.14161439365916645,0.10435646840217039,0.3037963250530062,-0.01790728788013446,0.4366271238250093,0.45453441170514375
Taric,Ezreal,40,0.14159674534557273,0.0876759090235603,0.2959984881949547,-0.01989478064969854,0.3539941851830499,0.3738889658327485
Briar,Karthus,1,0.14147363503481902,0.14147363503481902,0.14147363503481902,-0.14147363503481902,0.5402579848456807,0.6817316198804997
Sion,Ezreal,4,0.14145501568788055,0.14195075931292186,0.2659888902509429,-0.1405041026258898,0.3648591740854571,0.505363276711347
Neeko,MissFortune,53,0.14142573991757607,0.1187960725644982,0.25563410576043194,0.007519707629901744,0.40795088527712076,0.400431177647219
Karma,Taliyah,2,0.1413656952606886,0.1413656952606886,0.1774584096688158,-0.1413656952606886,0.3901968265923683,0.5315625218530569
Rakan,Yunara,145,0.14133571439577228,0.11732454421636573,0.28797954746638715,-0.007519943514831007,0.4155890351245335,0.4231089786393644
Leona,Velkoz,27,0.14131654874313665,0.12092545782313546,0.255580708211237,-0.03300701702790126,0.4607994777151689,0.4938064947430701
Velkoz,Ezreal,54,0.14131372579078394,0.12224928224470318,0.33789858334877826,-0.012621047873050791,0.3485734790186402,0.361194526891691
Nami,Corki,842,0.1412610542731201,0.12648879553242293,0.2891727019354453,0.00417993627242062,0.34512047073557517,0.3409405344631546
Karma,Varus,242,0.14125091210894886,0.12217933473309725,0.28229368274675026,0.0025537833805384788,0.3946462630199748,0.39209247963943633
Braum,Varus,110,0.1412299894297125,0.13024656107253668,0.2803479439259516,-0.004927792742634305,0.3706958322659033,0.37562362500853763
Lux,Sivir,7,0.14122266684330634,0.13919478039863004,0.2757881054173903,0.020727686482461295,0.38404179001309047,0.3633141035306292
Blitzcrank,KogMaw,7,0.1411911538190617,0.15655990315669338,0.248556860338666,0.04017272363993281,0.44622279379481766,0.40605007015488487
Bard,Aphelios,101,0.1411904580172261,0.1150347109105388,0.3122292488223661,-0.027303661184973512,0.4717424463568626,0.4990461075418361
Leona,Senna,37,0.14118220909945603,0.10753847811332429,0.27539827457000937,0.016704272940982128,0.4083941112447861,0.39168983830380394
Karma,Kaisa,141,0.14118010566923467,0.1254909126711255,0.2688631637549712,0.002228974148670978,0.37381547028835804,0.3715864961396871
Pantheon,Corki,35,0.14114134676894516,0.12545284134516782,0.29733973303213745,0.012535034929413906,0.4770675023609384,0.4645324674315245
Braum,Aphelios,126,0.14109288901005487,0.12687107254659505,0.3065208591970432,-0.0037806521570154256,0.3448932936909544,0.34867394584796985
Blitzcrank,Tristana,50,0.14108417809693508,0.10856018081477939,0.26347536484053,0.0010471742305621602,0.42833250901608927,0.42728533478552705
Twitch,Ezreal,2,0.14106406825044915,0.14106406825044915,0.2494756265889762,-0.1355144479231588,0.5553035433644742,0.690817991287633
Alistar,Aphelios,98,0.14104262460167574,0.12034119880849797,0.26507089466618733,-0.02081864222253303,0.4210992493583523,0.4419178915808853
Poppy,Brand,2,0.1410235384875252,0.1410235384875252,0.24310235984809123,-0.12759852670070754,0.5201169909386896,0.6477155176393972
Rell,Viktor,3,0.14099098989393644,0.1381998717402993,0.16309439749269466,-0.14099098989393644,0.46513000689744227,0.6061209967913787
Leona,Xayah,33,0.14094095821317407,0.10351723453754985,0.2780099258145203,0.0261594400341686,0.38769995576549227,0.3615405157313237
Pantheon,Jinx,21,0.14093620418066452,0.1395144489790215,0.2724029572734027,-0.09218168538969931,0.45730695424619633,0.5494886396358956
Braum,Katarina,32,0.14091693449548423,0.13714305495970583,0.23755877677877008,0.019930468416268922,0.3376600072583328,0.31772953884206384
Camille,Corki,9,0.14089672357859243,0.1403815424884982,0.22389492632626237,-0.10127290415431174,0.49906974752216615,0.6003426516764779
Senna,Seraphine,50,0.1408631895878406,0.1364706453132693,0.23770774356913155,-0.0007599254235767328,0.3370641894078048,0.33782411483138153
Gragas,Yunara,3,0.14084710958776067,0.09555652614473387,0.21444673747503037,-0.14084710958776067,0.4191734629236447,0.5600205725114054
JarvanIV,Varus,4,0.14082799088030373,0.10882550128799601,0.25237175351914326,-0.07537580626709318,0.41089577695714213,0.4862715832242353
Taric,Aphelios,22,0.14081349935682488,0.13070468404314312,0.292044614188006,-0.009776175799768428,0.30930193094654024,0.31907810674630865
Senna,Mel,34,0.14079790038786189,0.14100374112137137,0.24380703134454193,0.040769132444846395,0.3435750480414093,0.3028059155965629
Anivia,Ezreal,27,0.14076057924442015,0.11793568381492847,0.27811542412911555,-0.025001713611931285,0.3860461030168326,0.4110478166287639
Lulu,Zeri,128,0.14071091274100794,0.12479899466691109,0.2969491694466264,-0.005783667492596178,0.3412626151075823,0.3470462826001785
Jax,Lux,1,0.14070080339681124,0.14070080339681124,0.14070080339681124,0.14070080339681124,0.5553265073800553,0.41462570398324405
Blitzcrank,Zeri,9,0.1406885790798043,0.13119879954315988,0.3149340883279847,-0.04145275589232228,0.4415689989076603,0.48302175479998266
Nami,Yunara,252,0.14068355231421906,0.12008389351725302,0.30812199670233537,-0.005583731001271122,0.3297396196864546,0.3353233506877258
Karma,Katarina,3,0.14067810595684913,0.08918106280237181,0.22573236952088005,-0.08122406408860126,0.3371280072723928,0.41835207136099406
Leona,Lux,12,0.14063164795104083,0.1368421072585939,0.21120145340361451,0.024130330655738264,0.44185138136964613,0.4177210507139078
Pyke,Swain,29,0.14061729136208853,0.13220453522979791,0.2742058889303535,0.0024228479330959166,0.5177774592603205,0.5153546113272246
Janna,Aphelios,124,0.14058000232831425,0.1227376392955207,0.30018802319978266,0.024469415597159535,0.4021598147060848,0.3776903991089252
Shaco,Yunara,12,0.1405723018804876,0.10690301131850738,0.27282725026338894,-0.0034869791348730353,0.5288758506283825,0.5323628297632554
Lulu,Jinx,396,0.14054654868743646,0.12317300789196892,0.28402095722724735,0.005512229545483429,0.3170404685313033,0.3115282389858199
Elise,Seraphine,4,0.1405128785820869,0.12032589628555806,0.23286852081540457,0.09917818417701217,0.5848563841375926,0.4856781999605804
Bard,Varus,178,0.1404923576550689,0.1214672380887665,0.2792288557061739,-0.029479187354650296,0.4958282486977292,0.5253074360523795
Galio,Karthus,1,0.1404519676089579,0.1404519676089579,0.1404519676089579,-0.1404519676089579,0.4407222022590042,0.5811741698679621
Rakan,Xerath,3,0.14045031750552836,0.13006290070092652,0.21807991353453213,-0.14045031750552836,0.47069707040392594,0.6111473879094543
FiddleSticks,Mel,2,0.1403955875500676,0.1403955875500676,0.15381022658272855,-0.016768298790826197,0.4598624153271152,0.4766307141179414
Taric,Seraphine,4,0.14033463029359194,0.11133043179077093,0.24206442153802185,-0.10862952379611325,0.3955439505522223,0.5041734743483355
Anivia,Corki,9,0.14032043298432936,0.1778979359396825,0.20010393966691195,0.04109442733770204,0.3544564422037306,0.3133620148660286
Rakan,Jhin,120,0.1402916614706813,0.11741593338713288,0.2875173167454714,-0.01841409346056549,0.4218180280404006,0.4402321215009661
Milio,Sivir,46,0.14027796607987672,0.10542186942298111,0.3158150985593112,0.00991800333114802,0.33052400134173493,0.3206059980105869
Neeko,Varus,119,0.14026400598982033,0.11955277408498588,0.2542832995761375,-0.018354675193796903,0.4088778603637333,0.42723253555753027
Thresh,Zeri,27,0.1402182424211276,0.1118645039910306,0.28366789977901335,0.01612382764951733,0.3864234431822095,0.37029961553269214
Nami,Aphelios,111,0.14019976794820088,0.12758777335500743,0.28698428799041154,-0.0035887197541051947,0.32105116191647676,0.32463988167058194
Alistar,Twitch,33,0.14018448489088836,0.10065398271536385,0.35700552583037953,-0.012816624897750328,0.443537078370357,0.4563537032681073
LeeSin,Senna,2,0.1401560973639986,0.1401560973639986,0.21678433286028032,0.09578529437035212,0.40523607136272516,0.30945077699237306
Rakan,Cassiopeia,11,0.1401221003386671,0.11344638441685584,0.27343536035373284,0.11887861452563385,0.4192457650253367,0.3003671504997029
Teemo,Sivir,2,0.14008772318487567,0.14008772318487567,0.14807547262432072,0.009984686799306308,0.459544095797005,0.4495594089976987
Nautilus,Lux,32,0.14005154644163498,0.1273935341097794,0.27034783185609346,-0.04898266560762703,0.4435020600317646,0.49248472563939166
Rengar,Veigar,1,0.1400321698478902,0.1400321698478902,0.1400321698478902,0.1400321698478902,0.41560477986081207,0.2755726100129219
Seraphine,Aphelios,26,0.13999598306941666,0.09588673490244855,0.2735423430098491,-0.026824507321900566,0.30905475079746103,0.3358792581193616
Lulu,Ezreal,43,0.13998999712127505,0.11177661958660554,0.28699957194115727,0.01782221796626529,0.34959854734579443,0.3317763293795291
Rell,Corki,95,0.13998050872364132,0.11959882853104492,0.31360196615576164,0.01136852760939955,0.4441023756626108,0.43273384805321125
Nautilus,Draven,205,0.1399197195668924,0.12892152799575185,0.2909351794886749,0.002703587151362256,0.38683156091511695,0.3841279737637547
Senna,Swain,54,0.13987830358219924,0.11141692393314792,0.2734029160921675,-0.0071755397080259875,0.3196422399451744,0.32681777965320036
Karma,Xayah,43,0.13987604619657545,0.11599527880623103,0.30136811632917243,0.024741698620159857,0.3836158196710794,0.35887412105091954
Nami,Samira,27,0.13978747354220236,0.10330641875317431,0.3034887130412519,-0.015647661019574904,0.31783377625083925,0.3334814372704142
Heimerdinger,Senna,2,0.13975616027465185,0.13975616027465185,0.21716596562143484,0.13975616027465185,0.33235383935619034,0.1925976790815385
Trundle,Kaisa,3,0.13975516219726372,0.13362458338319,0.2270588433502578,-0.11627283228621278,0.3888713392685836,0.5051441715547963
Rakan,Xayah,262,0.13972743064871837,0.1168640567869661,0.3002866706075447,0.018114841746210766,0.3962886223174949,0.37817378057128415
Sona,Vladimir,7,0.1397238440062272,0.07414342435167431,0.26703823210128513,-0.015368460867329237,0.3841772600247543,0.3995457208920835
Leona,Draven,60,0.13964059815946064,0.11252688858302873,0.2825814364712963,0.022140310287066024,0.37698517919989694,0.3548448689128309
Janna,Jhin,157,0.13961935991849028,0.11345218338307383,0.2898455859718687,0.01760864559200943,0.4436438684771606,0.42603522288515117
TahmKench,Xayah,6,0.13947494708482047,0.10708366790795681,0.2860543188965616,0.06808583514618259,0.35743754552785306,0.28935171038167046
Bard,Swain,37,0.1394514462238095,0.12229885677428876,0.2773416244676661,-0.005352991106851898,0.5226696081297924,0.5280225992366443
Rakan,Karthus,11,0.13944799092239926,0.12834903017426824,0.2690196766308377,-0.017412875509616142,0.4677777319297853,0.4851906074394014
Nami,MissFortune,80,0.13943909110141725,0.12009525330228461,0.26485539955781945,0.009600947411458574,0.3566887251861429,0.34708777777468436
Taric,Jinx,22,0.1394204421770876,0.12651777231113204,0.2773581699912338,0.0027987240447853294,0.3209111132517595,0.31811238920697416
Alistar,Ziggs,34,0.13939046536195057,0.1164985705663926,0.28296482522102395,-0.0009243259763225656,0.5139042809684233,0.5148286069447459
Blitzcrank,Jhin,66,0.13938792978756234,0.11162629160834567,0.2651312806737983,0.0042140860917870586,0.44997584310061794,0.44576175700883086
Taliyah,Malzahar,1,0.13938749499379588,0.13938749499379588,0.13938749499379588,-0.13938749499379588,0.5050474577769213,0.6444349527707172
Nautilus,Kalista,60,0.139372518814144,0.10368731757933608,0.28104707829763237,-0.01865692567836925,0.3771213725185657,0.3957782981969349
Pyke,Samira,49,0.13932942400243323,0.10662551592451325,0.29356330664074354,-0.017039038882751656,0.4605764821470577,0.47761552102980936
MissFortune,Ashe,1,0.13929304678665996,0.13929304678665996,0.13929304678665996,0.13929304678665996,0.282609465617315,0.14331641883065502
Bard,Ezreal,448,0.13929011619217196,0.1152312355500259,0.2771362859864443,0.001835658648093439,0.5208070183426609,0.5189713596945674
Zilean,MissFortune,17,0.1392887298701783,0.1112649268337157,0.29063452373330345,-0.014486385776335079,0.3637917877644366,0.3782781735407717
Malphite,Yasuo,1,0.1392751181448758,0.1392751181448758,0.1392751181448758,-0.1392751181448758,0.29818582573521496,0.43746094388009077
Skarner,Kalista,2,0.13925622456657613,0.13925622456657613,0.23391246331821558,0.1183202984395493,0.3702018163393672,0.25188151789981794
Lissandra,Tristana,1,0.13924476246861278,0.13924476246861278,0.13924476246861278,-0.13924476246861278,0.42778980403149186,0.5670345665001046
Zilean,Jhin,96,0.13922963649134004,0.11579390665733467,0.3037211861877653,-0.0029775637647927304,0.3744900627576901,0.3774676265224828
Nautilus,Varus,199,0.13922367951874073,0.11936425420590008,0.27400093295017547,-0.009045114157676433,0.4212942252344697,0.430339339392146
Nautilus,MissFortune,98,0.13918260123370513,0.1251002329602642,0.2695818551954202,-0.02796482773428137,0.4135133772122691,0.44147820494655055
Neeko,Yunara,90,0.13907857652912442,0.12502597098432763,0.2705830295496906,0.020310595649216782,0.40448415977079616,0.3841735641215794
Lulu,Naafiri,2,0.13906654994355894,0.13906654994355894,0.21284863818538088,-0.13906654994355894,0.353376982918287,0.49244353286184595
Neeko,AurelionSol,12,0.13903245237271677,0.14587937960988973,0.24053914770577184,-0.010028160254978156,0.44711667372882785,0.457144833983806
Leona,Nilah,12,0.13895245940807968,0.13054533003282282,0.27898432969694686,0.04083597850201881,0.37022043936334725,0.3293844608613284
Blitzcrank,Kaisa,153,0.1389310799883148,0.12347443820241222,0.26681991571739183,0.00021611489110776893,0.41810473823434,0.41788862334323224
Soraka,Caitlyn,61,0.1389089327631548,0.1134553561673485,0.2888659986105347,-0.004502524876620329,0.31856455097350794,0.3230670758501283
Pantheon,Nilah,2,0.13886841830522922,0.13886841830522922,0.1462391749810671,-0.00921344584479733,0.4601366339690777,0.46935007981387505
Janna,Sion,2,0.1388047313364755,0.1388047313364755,0.20310404872221444,0.1388047313364755,0.4984717640487143,0.35966703271223877
Senna,Corki,54,0.13879059292991644,0.08959803560853984,0.3361534274834107,-0.007379105826217612,0.3217622168610139,0.32914132268723156
Zilean,Karthus,5,0.13878841595891298,0.13296462440936335,0.2367394447208912,0.056082359516664314,0.40570777765376986,0.34962541813710557
Rakan,Caitlyn,68,0.1386875448823864,0.11005122751074628,0.278899934243681,0.011931814666900142,0.4071801690949791,0.395248354428079
Yuumi,Caitlyn,5,0.13866502450705112,0.13597691050969035,0.19431959643832047,0.09109967179037007,0.18183634942242727,0.09073667763205723
Rakan,Kaisa,201,0.13865475713930078,0.11645756945883268,0.28594077267926066,-0.006628049387869711,0.40138511869504634,0.4080131680829161
Mel,Ezreal,15,0.13862912635904767,0.10210610586934693,0.27067805588378613,-0.08535407779056232,0.3486155839554706,0.43396966174603296
Ezreal,Corki,1,0.13860174459193852,0.13860174459193852,0.13860174459193852,0.13860174459193852,0.33269058000671814,0.19408883541477961
Bard,Ashe,77,0.13857209636722984,0.10127624424701664,0.3007949303671107,0.00647944255411191,0.4868018542682495,0.48032241171413764
Velkoz,MissFortune,10,0.13856304406767983,0.11608638416772846,0.23828797287416195,0.020714439061514996,0.33574232220060024,0.31502788313908525
Zilean,Qiyana,2,0.13853362835006255,0.13853362835006255,0.148466275267328,-0.13853362835006255,0.3603949453075148,0.49892857365757737
Nami,Xayah,45,0.1385168066792336,0.12636764774543288,0.27226446703085244,-0.017619600922772906,0.3442636139457881,0.36188321486856095
Thresh,Samira,75,0.13848900720661547,0.1069027396837775,0.30019253880716934,0.008412327377153651,0.3453360681875543,0.33692374081040066
Soraka,Akshan,1,0.1384787395162134,0.1384787395162134,0.1384787395162134,0.1384787395162134,0.34427250251883235,0.20579376300261895
Nami,Akali,4,0.1384066672532211,0.14820135977987975,0.23716553590952374,-0.025692344695147883,0.35215864467316826,0.3778509893683162
Pyke,Ezreal,98,0.13840364845422448,0.12169510929875277,0.286192937597284,-0.03509578837474721,0.5125537660163445,0.5476495543910918
Pantheon,Azir,1,0.13839035470330735,0.13839035470330735,0.13839035470330735,-0.13839035470330735,0.4496071204663575,0.5879974751696648
Heimerdinger,Jinx,3,0.1383851739325609,0.07402743396144515,0.2576774627699176,0.1383851739325609,0.3121310314805433,0.17374585754798236
Poppy,Jinx,20,0.1383718323269723,0.10460133390440185,0.3214620047177464,-0.06255733391314564,0.47284972084858373,0.5354070547617293
Rell,Kaisa,222,0.13832191441436945,0.12690252794006465,0.2619122413056697,0.012107516948443763,0.4149673949021949,0.4028598779537511
Taric,Twitch,39,0.13823673642289722,0.12547719695881043,0.2736781494420844,0.030780458755844127,0.3191229814518567,0.28834252269601257
Ivern,Ezreal,6,0.13822302909306958,0.1410182646168326,0.22733593563550225,-0.10734643774182033,0.44274880294353763,0.550095240685358
Milio,MissFortune,11,0.13821667058655585,0.1165938062989881,0.24263965421573028,0.08909689070850892,0.30369912560875617,0.21460223490024724
Pyke,Hwei,14,0.13820787423248446,0.12825278739439144,0.23142730791759983,0.035837616866946795,0.5578101077450125,0.5219724908780657
Nautilus,Yunara,308,0.13818038205821578,0.12322261786814814,0.27405419876304715,-0.02220662970639192,0.4124221436732257,0.43462877337961764
Rakan,Seraphine,24,0.13816107494689417,0.1319274005265626,0.23515387921853284,-0.0024637233644136058,0.47599924290845935,0.47846296627287294
TahmKench,Veigar,5,0.1381533758154099,0.10234416193744023,0.280969446397884,0.03529872849537903,0.3959881376772084,0.3606894091818294
Zoe,Caitlyn,25,0.13813461137015454,0.12585792457969336,0.245475751914921,-0.027509633717768343,0.4163127782540526,0.443822411971821
Anivia,Jhin,19,0.13813454832644026,0.1377209039955991,0.2889277026780175,0.004263325431241292,0.39067234926211863,0.38640902383087733
Milio,Swain,2,0.13806445028009215,0.13806445028009215,0.1833685091877817,0.13806445028009215,0.3377853548951061,0.19972090461501393
Neeko,Kaisa,195,0.13804538730108173,0.1060234836553891,0.2813065012993428,0.008610297259903059,0.3988485398162497,0.39023824255634665
KSante,Velkoz,2,0.1380160051276518,0.1380160051276518,0.15020724802394203,0.1380160051276518,0.40900573073002056,0.2709897256023688
Zac,Samira,5,0.13800872236932232,0.1621327755305833,0.22724929103566385,0.02552497942692534,0.37317614192273196,0.34765116249580663
Bard,Taliyah,2,0.13799417925974564,0.13799417925974564,0.15620971556848526,0.022769420385924527,0.49171805984847794,0.4689486394625534
Nautilus,Cassiopeia,27,0.13797583324857457,0.1410039629982533,0.22343379176877842,0.02075354861911578,0.397984710503999,0.3772311618848832
Karma,Ezreal,836,0.13796632313215415,0.1199276649797921,0.27754225155984547,-0.0043005280491017215,0.39838294450910827,0.40268347255820996
Lulu,Aphelios,311,0.13795371937760356,0.11947604149139168,0.28023334519408677,0.004508460190464702,0.31006449380526063,0.30555603361479594
Bard,Corki,146,0.1379530499794093,0.11387680106343676,0.29323715196416333,-0.015781728428398104,0.49815219662787136,0.5139339250562694
Lulu,Yunara,851,0.1379030166896698,0.12161880224372829,0.2753060904712214,0.008967839477800168,0.3233683797836259,0.31440054030582576
Seraphine,Kalista,6,0.1378744740402316,0.11334839840172699,0.2454831946641552,-0.03130077318052347,0.2864385511350661,0.31773932431558954
Nami,Kalista,12,0.13786293182073764,0.13249254206198952,0.22839710459662685,-0.013139996004314536,0.2915054274481515,0.304645423452466
Soraka,Xayah,25,0.1378137563827302,0.12774632447333653,0.24190742556756553,0.03754695973822979,0.3342766359669975,0.2967296762287677
Karma,Corki,139,0.13776017734551274,0.11601969990019362,0.28916056941759066,-0.018840922496381408,0.3846578788522908,0.4034988013486722
Pyke,Zyra,8,0.13775779476108307,0.11990940803454617,0.2601842698234942,-0.0016010876655412273,0.553142988208311,0.5547440758738522
Alistar,Zeri,21,0.13772991935204648,0.1375443420485889,0.29809284337264325,0.005453799076593173,0.4454316125517397,0.43997781347514653
Alistar,Varus,123,0.13772129265711777,0.123043788938963,0.27475183523386415,0.010883539758118087,0.45611024477791623,0.4452267050197981
Lux,Jhin,41,0.13769884267101923,0.1039872084808304,0.2742703023262059,0.05797988766185747,0.36637492343937755,0.30839503577752003
Soraka,Mel,10,0.13763389769328055,0.12344149914020201,0.263971997103409,0.12372899811626233,0.3508843515649155,0.22715535344865315
Karma,Swain,31,0.13762358791720802,0.1313761263146725,0.27825597510795147,-0.0114320248037406,0.395291750608197,0.40672377541193755
Morgana,Caitlyn,64,0.13761695832332435,0.12118139714264323,0.26447365717134785,0.03659399940299113,0.35086549761177555,0.3142714982087844
Janna,Yasuo,33,0.13760421265672726,0.13568420593617142,0.246558254687739,0.017065459518169273,0.4288685266502684,0.41180306713209913
Karma,Jinx,161,0.13759467390175137,0.11492359530607454,0.27565524401409286,0.0029572738963135783,0.37239556203499663,0.3694382881386831
Velkoz,Swain,4,0.13759230984403803,0.1208999977922049,0.24843222912368526,0.013236030626654335,0.3849352487116161,0.3716992180849618
Xerath,Swain,1,0.13759173528866686,0.13759173528866686,0.13759173528866686,-0.13759173528866686,0.2829042618096088,0.4204959970982757
Galio,Sivir,4,0.13755674568237294,0.1421691796776003,0.2417886658940919,-0.10108123742125805,0.44673922228617374,0.5478204597074318
Bard,Caitlyn,364,0.13754620729179798,0.11617134260566456,0.28902359560060714,0.003020840687112347,0.4824681411976263,0.47944730051051404
Chogath,Kaisa,2,0.13753715149767476,0.13753715149767476,0.16913345058881102,0.13753715149767476,0.43701882573733686,0.2994816742396621
Milio,Ashe,88,0.13753650038441054,0.11658976889099532,0.2694662749961707,0.040510532224369664,0.29398886476214536,0.25347833253777563
Heimerdinger,Corki,3,0.1375038972695005,0.13219399165509196,0.18212594669001025,0.08036472079972072,0.3408213472790152,0.26045662647929446
Soraka,Yunara,74,0.13748510865075117,0.11868355877907275,0.2836768026280988,-0.0037399558811809096,0.32060952478528165,0.3243494806664626
Pyke,Akshan,2,0.1374625083164941,0.1374625083164941,0.14465413941654787,-0.008989538875067205,0.5055481249963887,0.5145376638714558
Bard,Mel,58,0.1374424335420948,0.12998791971166507,0.2612734002396914,0.020532455341366322,0.5512627467142708,0.5307302913729044
Nami,Singed,1,0.13736181015269688,0.13736181015269688,0.13736181015269688,0.13736181015269688,0.4054834890588673,0.2681216789061704
Blitzcrank,Katarina,4,0.13734448304590552,0.13148641297279007,0.22439772804315927,-0.08180108191677561,0.4465064811498685,0.5283075630666441
Taric,Kalista,57,0.13733972062186553,0.13170420616665796,0.26999349271115947,0.04484962189045337,0.26724255599290875,0.22239293410245536
Braum,Zeri,37,0.13732188837442658,0.12641687331942766,0.29836211659272877,-0.008415010805821925,0.3476677909365337,0.3560828017423556
Leona,Jhin,120,0.13723891402579286,0.11111383788906917,0.2855468049330258,0.0023432300513066117,0.4223204689856937,0.41997723893438704
Nautilus,Aphelios,149,0.1372370523246887,0.1275585804618452,0.2640230629611826,-0.00048404456540167794,0.39603321151614335,0.39651725608154503
Soraka,Ezreal,93,0.13712681361930376,0.10913339345231213,0.29806646776236406,0.0005264420393580303,0.34390087011465864,0.3433744280753006
Rakan,Velkoz,28,0.1371210550056084,0.12112776338908246,0.2609802711290526,0.026833514986744363,0.47205309677789803,0.4452195817911537
Zyra,Jhin,44,0.13709457538958156,0.12746773999157074,0.25414765013532425,-0.000920290599882782,0.30786510475479034,0.3087853953546731
Ziggs,Veigar,2,0.13708520237845168,0.13708520237845168,0.19294506171733455,0.13708520237845168,0.35066615383665967,0.213580951458208
AurelionSol,Caitlyn,4,0.13699242488457875,0.12131280193407601,0.2607071462274047,-0.010107305724286919,0.5812917296282123,0.5913990353524992
Soraka,Jinx,82,0.13698729141717725,0.11469043453554413,0.26283078243923486,-0.0026571287186417263,0.3093198403784363,0.311976969097078
TahmKench,Hwei,1,0.13696864868444353,0.13696864868444353,0.13696864868444353,0.13696864868444353,0.3950162641527692,0.25804761546832566
Pyke,Seraphine,10,0.13694805399924959,0.1038659717962721,0.2881463250677289,0.047621668996753894,0.549770682667333,0.5021490136705791
Lulu,KogMaw,184,0.13690463325180466,0.12983854114864002,0.2801706192004477,0.02401553683036833,0.3120449418320559,0.28802940500168756
AurelionSol,Jhin,3,0.136895435509782,0.11488592004958109,0.25194406422219,-0.13050091136683353,0.6383167013202558,0.7688176126870893
Shen,Twitch,3,0.13687118751432117,0.16747584992199754,0.17508838137758043,-0.01887684468667043,0.3803408757595963,0.39921772044626674
Sona,Varus,80,0.13686652743841982,0.1208953387574446,0.24242711607491002,0.0034972338424006794,0.34149406804599197,0.3379968342035913
Poppy,Caitlyn,10,0.13685888723337722,0.08537129797053811,0.2812886857533546,-0.019706992458502555,0.45931173056684627,0.47901872302534876
Zoe,Ashe,9,0.13683061830374238,0.10396213890096828,0.2994066036167211,-0.03847331833744395,0.42299932526023704,0.461472643597681
Thresh,Taliyah,4,0.1367979297320478,0.09094400456477528,0.2530037673490031,0.059092195785493656,0.443240415727385,0.3841482199418913
Nautilus,Lucian,54,0.13678751755528828,0.11063492902023261,0.2715969488558327,-0.011001925480482606,0.4212869939442123,0.4322889194246949
Thresh,Kaisa,199,0.1366565703749178,0.11906576370152011,0.29327129625266446,-0.0016365572595407314,0.3759162280429541,0.3775527853024949
Pyke,Katarina,7,0.13663864493697356,0.11462607214723303,0.26454880548775905,0.02880581508827018,0.4748213214424522,0.4460155063541821
Sona,MissFortune,35,0.1365881475810328,0.10127383139115137,0.2710520421882083,0.017023958436375195,0.35171722160846847,0.3346932631720933
Alistar,Karthus,19,0.13657819061057158,0.12010593394988994,0.2662825014343161,-0.06936936243693811,0.46810941335881434,0.5374787757957524
Zilean,Ziggs,16,0.1364857872946663,0.10764313723987146,0.26795978774718354,-0.10128854594749556,0.40438390993566625,0.5056724558831618
Nautilus,Kaisa,616,0.1364609382340729,0.12378262633878581,0.27369536454209736,0.0006272416132087423,0.3998843683249232,0.3992571267117145
Taric,Caitlyn,24,0.1364454032506624,0.13049776249744638,0.23734734545214592,-0.01434019150173515,0.32315108577487667,0.3374912772766118
Soraka,Sivir,44,0.13638528939593428,0.11610124798355048,0.24342833643886438,-0.023319675474807944,0.35738659372020093,0.3807062691950089
Rumble,Tristana,2,0.13632978951569974,0.13632978951569974,0.15085562476510592,0.018157294061757714,0.37915417146176067,0.36099687740000297
Poppy,Aphelios,22,0.1362942619465243,0.1189841840060436,0.30699881974141224,-0.041243795412829895,0.45603838955992804,0.4972821849727579
Rell,Yasuo,46,0.136226495392758,0.11267167012455812,0.29116038614356793,-0.010828472770405457,0.4325841882608871,0.4434126610312926
Alistar,Yasuo,47,0.13621957131530055,0.12634908175368603,0.26133545554001786,0.010209528841883551,0.4357635866470951,0.4255540578052115
Janna,Xayah,38,0.13617819306810378,0.12101772316113565,0.2428622916446892,0.010097115805894993,0.41867362490397425,0.40857650909807924
MissFortune,Kaisa,1,0.13615157631848437,0.13615157631848437,0.13615157631848437,0.13615157631848437,0.30083052598778115,0.16467894966929678
Seraphine,Zyra,4,0.1361318801396568,0.13192052364472007,0.19574323795053097,0.1361318801396568,0.33895854591772456,0.20282666577806774
Nautilus,Mel,80,0.13612367082356716,0.11960326550337444,0.2668292723842715,0.009396309930063199,0.4638024803707693,0.4544061704407061
RekSai,Samira,1,0.13609714376549323,0.13609714376549323,0.13609714376549323,0.13609714376549323,0.3492241724954928,0.21312702872999958
Pyke,Lucian,31,0.1360474819786176,0.12061346959232078,0.2724094592069011,-0.0589412469962236,0.4722049796139181,0.5311462266101417
Seraphine,Caitlyn,48,0.13602051494603096,0.13578235092794183,0.22585372867616502,-0.02149942124345666,0.3085544818583043,0.330053903101761
Anivia,Aphelios,7,0.1359268345824433,0.10853383582306883,0.23428884791486704,0.025148634463867746,0.3325326733811173,0.30738403891724964
Braum,Lux,2,0.1359052399265568,0.1359052399265568,0.15524214661577032,0.024171133361516925,0.4196844613558128,0.39551332799429584
Pyke,Fiora,20,0.1358867592428367,0.10997720179808554,0.2949388800863137,0.009699232122695786,0.45691732261555246,0.44721809049285677
Mel,Hwei,2,0.1358599420526034,0.1358599420526034,0.2176989881715364,-0.10229880764866625,0.3555787984255853,0.45787760607425154
Janna,Swain,18,0.13583784941788607,0.11542277004969445,0.24564955250316717,0.005637951349544986,0.4660996457265235,0.4604616943769786
Braum,Yasuo,22,0.1358301412609545,0.13963130262473608,0.18126694134534838,0.011649622885295722,0.34835123380704824,0.3367016109217525
Karma,Sivir,126,0.1358027060998464,0.11025193780596826,0.2848662552179879,0.015616579395391761,0.40434130200527507,0.38872472260988333
Janna,KogMaw,17,0.13579613819413958,0.11017911711887962,0.2668839489498078,0.0035497928681747864,0.4363737428013276,0.4328239499331529
Braum,Corki,103,0.13570494621110127,0.11812822858547162,0.2763782651563264,-0.012040795286495666,0.36708099921120463,0.3791217944977003
Alistar,Vayne,32,0.1356999859182657,0.11592688890494998,0.2683000603598535,-0.0206957837494103,0.4229488561455118,0.44364463989492214
Rakan,Twitch,66,0.13569540092279017,0.1122602759020525,0.2885856408448408,0.014710707125597444,0.40290325400057886,0.38819254687498145
Pyke,Varus,74,0.1356742453694447,0.12493383290041132,0.2664750111247525,0.009557579142618405,0.48196417175630263,0.4724065926136843
Leona,Aphelios,48,0.1356598815887341,0.12162142444030738,0.25489829274702946,-0.026131557813893678,0.39225570053367703,0.4183872583475707
Swain,Ezreal,7,0.13565907274589414,0.14127571421189114,0.2509671454891766,-0.03310319483264713,0.3371240727695793,0.3702272676022264
Lulu,Kaisa,109,0.13564008753373036,0.10543200829297,0.2713453001036224,-0.022504970148163612,0.3199168352086159,0.3424218053567796
Rakan,Heimerdinger,2,0.13557823690389156,0.13557823690389156,0.141238468392624,-0.007075289360915532,0.4813830488701638,0.48845833823107937
Malphite,Jhin,2,0.13553915830722132,0.13553915830722132,0.20995717764312205,-0.13553915830722132,0.2926650301893393,0.4282041884965606
Janna,Kaisa,99,0.13552899203152813,0.09922299787849215,0.27655322482549144,0.018422014524996512,0.4113296089027255,0.39290759437772893
Alistar,Ashe,34,0.13552343577952683,0.12051922101512968,0.24073134667086185,0.041711496429983924,0.44460989226686837,0.4028983958368844
Swain,Sivir,8,0.1355190617132219,0.08851104165780474,0.324355531231631,0.10108660269899447,0.35548218227757955,0.25439557957858505
Galio,Varus,8,0.13550640174016898,0.12991366069042012,0.23249038499910085,-0.07299180445229965,0.4238502043345771,0.49684200878687673
Mel,Ashe,3,0.13542405871535798,0.16637531426465166,0.16711017814634987,0.02389479597084168,0.33011356140766185,0.30621876543682014
Blitzcrank,Vayne,18,0.1353506123579298,0.07866985773240096,0.28733683340626054,0.011233064160122059,0.41309253126602147,0.4018594671058995
Sylas,Draven,9,0.13534199133240557,0.07374339351217818,0.2863731361628444,-0.04063297745650454,0.46226005119877794,0.5028930286552825
Camille,Vayne,4,0.13532076069899818,0.14466247342863547,0.17630505287563514,0.04385343856848575,0.49211520184982127,0.44826176328133555
Taric,Karthus,10,0.13524222841502478,0.13392325971444494,0.22341549006272415,0.06815346803860209,0.3648721234568429,0.2967186554182408
Anivia,Twitch,5,0.13521902841745126,0.13174454538295893,0.27619163754987086,-0.13210458342582687,0.3723107437896297,0.5044153272154566
Zilean,Syndra,4,0.1351948547568092,0.08727209793795879,0.2542346875004644,0.11302921485542401,0.4006531086843528,0.2876238938289287
Lulu,Twitch,253,0.13516022708878442,0.12125037594246724,0.2612358450313719,-0.0027798363301185,0.31152067742864004,0.3143005137587585
Alistar,Nilah,12,0.1351592871391932,0.0859418643416536,0.31447213411679387,-0.07783802121177834,0.4162512789654422,0.49408930017722047
Zac,Yasuo,4,0.13510602833894417,0.1251952636127296,0.2288805970039863,0.13510602833894417,0.4004249808656487,0.2653189525267045
Renata,Yunara,22,0.1350902779391032,0.08561374578506406,0.30284870684286125,-0.016406754611022912,0.34652971082498035,0.3629364654360032
Karthus,Sivir,1,0.1350759536264653,0.1350759536264653,0.1350759536264653,-0.1350759536264653,0.4295517953533391,0.5646277489798044
Elise,Lucian,18,0.13504481796762904,0.12158340360095723,0.2640236661365042,0.0157702261957844,0.4981275253455782,0.4823572991497938
Sona,Vayne,38,0.1349870852648613,0.10393839511323212,0.277697797560178,-0.012634247721749139,0.29816601975559415,0.31080026747734324
Nami,Anivia,6,0.13496492876144411,0.10464761418645693,0.2841508666481048,0.07161271283028099,0.39212926451981583,0.32051655168953486
Seraphine,Hwei,2,0.13493412608263597,0.13493412608263597,0.15757935105822746,0.13493412608263597,0.36134295844876907,0.22640883236613307
Alistar,MissFortune,40,0.13493122335879407,0.1090803983865711,0.26206188923217705,-0.017700905117564385,0.43605049234005006,0.4537513974576144
Rell,Heimerdinger,1,0.13492692354385027,0.13492692354385027,0.13492692354385027,-0.13492692354385027,0.5153903779580274,0.6503173015018777
Thresh,LeeSin,1,0.13483945072369707,0.13483945072369707,0.13483945072369707,-0.13483945072369707,0.37106307326911214,0.5059025239928092
Elise,Caitlyn,88,0.13480703216374768,0.11573510014677857,0.2671600056375938,0.011279990709778446,0.5125221092342054,0.5012421185244269
Velkoz,Lux,2,0.13476326016861756,0.13476326016861756,0.1989964181318872,0.13476326016861756,0.4027768122541429,0.26801355208552535
Milio,Yunara,139,0.13476244479896501,0.11674926434888275,0.2713756477650011,0.00587169772273092,0.2977672759040132,0.2918955781812823
Braum,Yunara,260,0.13475788156862512,0.11513208396554184,0.26057338585072504,-0.007933742912023475,0.35391493749233227,0.36184868040435575
Yuumi,Sivir,41,0.13472924127848826,0.1406037486646875,0.19846949043119483,0.04689548115806342,0.16833053031941952,0.1214350491613561
Pyke,Corki,101,0.1347094477618019,0.11842026529219524,0.2705299284159038,0.010145290340419886,0.49117185156433363,0.48102656122391374
Janna,Varus,123,0.13465261310565552,0.11814033633310395,0.27049463258050765,-0.002419052201409122,0.43944241405171924,0.44186146625312833
Teemo,Nilah,1,0.13459635902980635,0.13459635902980635,0.13459635902980635,0.13459635902980635,0.3441835269530693,0.20958716792326296
FiddleSticks,Kaisa,25,0.13447419955395773,0.10931731077050444,0.24229556016113402,0.014728263363156796,0.38376522062090146,0.3690369572577446
Zilean,Samira,13,0.1344166340595185,0.12027388310127246,0.21717372502158655,0.03709482796923165,0.32873336579770174,0.2916385378284701
Seraphine,Ashe,484,0.13441352747556767,0.11794905913168914,0.2750102000837477,0.01690469857907195,0.30723553127643943,0.2903308326973675
Qiyana,Karthus,1,0.13440492335660265,0.13440492335660265,0.13440492335660265,0.13440492335660265,0.47905482117619963,0.344649897819597
Karma,Xerath,6,0.13436579003463398,0.10249684823916075,0.252355006450509,0.0009029819949109055,0.42315452292579714,0.42225154093088624
Bard,Velkoz,33,0.13432733455599455,0.10702827763939327,0.2560291477372837,-0.0479862712514999,0.5578393651215106,0.6058256363730105
Braum,Caitlyn,115,0.1343231801366763,0.10554168376838113,0.25689368955680725,-0.007560767987385898,0.35617150060633684,0.36373226859372276
Nami,Twitch,77,0.13431573178812628,0.12282325587681714,0.2738200357269564,-0.02020745482467261,0.3286143965964846,0.34882185142115724
Trundle,Viktor,1,0.1342872582228553,0.1342872582228553,0.1342872582228553,-0.1342872582228553,0.4971047534770155,0.6313920116998708
Leona,Sivir,27,0.1341868825907218,0.10454815153550506,0.28447314564769777,-0.07068098650818344,0.45028149565948894,0.5209624821676724
Rakan,Senna,27,0.13406328204954834,0.13634639790182307,0.2502259473685616,-0.011422167835876384,0.41047430549926506,0.4218964733351415
Rakan,Aphelios,74,0.13405865086805813,0.12589463021417852,0.2751746383875798,0.0005978379138439072,0.39294041106373945,0.3923425731498955
Blitzcrank,Xayah,25,0.13403197070189707,0.10066391787389106,0.28413224299076717,-0.004685091261111733,0.43205719239475526,0.436742283655867
Pyke,Aurora,4,0.13398946818328594,0.1306040749562235,0.20409227683945158,-0.11145609798620687,0.525079403091418,0.6365355010776248
Alistar,Draven,54,0.13395290716741176,0.10857071762305284,0.31639833481917673,-0.007111006129298634,0.41323453953680755,0.42034554566610616
Nautilus,Ziggs,52,0.13390000304755956,0.11895033961193416,0.24183187445180135,-0.01354154726301458,0.48390826265234665,0.4974498099153613
Nautilus,Smolder,66,0.13388297826812331,0.12522852529539386,0.2537096736827576,0.018702370302143136,0.42933541724388163,0.4106330469417385
Sona,Soraka,1,0.13386221426112146,0.13386221426112146,0.13386221426112146,0.13386221426112146,0.27653154823144604,0.14266933397032458
Rell,Swain,18,0.13382899718542707,0.12162085578500337,0.2813643073752837,0.009912810646992972,0.4715972573368323,0.46168444668983927
Nautilus,TahmKench,1,0.13381910805030983,0.13381910805030983,0.13381910805030983,-0.13381910805030983,0.40889444283792775,0.5427135508882376
Nami,Karthus,115,0.13379563649754436,0.11972254238133684,0.2801336180497691,0.004498882086077321,0.3798591284415261,0.3753602463554488
Morgana,Aphelios,16,0.1336150637246672,0.13961039393369823,0.22848842442094375,0.033606520585739395,0.3559573575452705,0.32235083695953115
Nautilus,Viktor,8,0.1335518952695953,0.13013701945443898,0.2075055395005938,-0.0644584965095285,0.4441546853299792,0.5086131818395077
Rakan,Yasuo,56,0.13352326188157995,0.10580733402482595,0.26771790427820885,0.037388124965166865,0.403474761702853,0.36608663673768616
Sylas,Kaisa,18,0.1334943225618933,0.11753542669779918,0.22735186664627458,-0.014781203117411327,0.4638651058405157,0.47864630895792704
Galio,Ashe,5,0.1334732178211499,0.08737320034813012,0.2991654602736915,0.13157337410071418,0.4356782768255969,0.3041049027248827
Thresh,Ashe,98,0.13342785090132928,0.11803884771508874,0.27278659637247255,-0.03384224813456981,0.3737302252500987,0.40757247338466857
Neeko,Corki,45,0.13341136208008855,0.12575550742696656,0.2513073074860545,-0.03140220478839905,0.41719478714732106,0.4485969919357201
Shaco,Draven,7,0.13340253181491415,0.05910518776090018,0.3410261981677262,0.11727356783112637,0.49851180904081727,0.3812382412096909
Alistar,Lux,10,0.13337585849118702,0.0799235673019853,0.32594163392130787,-0.09195321857229122,0.49110892892653135,0.5830621474988226
Milio,Caitlyn,72,0.13334540996894906,0.12632395890552306,0.2594120916329219,-0.0032465819894901197,0.29788512145088686,0.301131703440377
Mel,KogMaw,2,0.13334263269556637,0.13334263269556637,0.20199761240377442,-0.08581872463526005,0.2950358769998097,0.3808546016350698
Galio,Ezreal,7,0.13332304836851183,0.1420085543234797,0.19040513073690457,0.09111959321967367,0.46425481008228847,0.37313521686261486
Xerath,Olaf,1,0.13322168338985824,0.13322168338985824,0.13322168338985824,0.13322168338985824,0.2676383351740745,0.13441665178421625
Pyke,Viego,1,0.13321809815390978,0.13321809815390978,0.13321809815390978,-0.13321809815390978,0.4868890574441737,0.6201071555980835
Nautilus,Jhin,248,0.1331847119530722,0.11776735821014969,0.2757250289911146,0.00965477933570107,0.4236323945744028,0.41397761523870175
Lulu,Vayne,145,0.13318140676004178,0.12725778550719627,0.26500294426056314,0.006575897519021873,0.30897545349454564,0.30239955597552376
Pyke,Draven,73,0.13317934087950353,0.11428719497332634,0.2987477568226993,0.019729186047131635,0.46485847459071555,0.44512928854358397
Camille,Smolder,2,0.13315468745820075,0.13315468745820075,0.13566954278824944,0.13315468745820075,0.5458537827404135,0.4126990952822128
Ashe,Caitlyn,5,0.133128599030757,0.08517126314640605,0.2383950672358523,0.005299399111612179,0.32463848434731457,0.31933908523570237
Zac,Aphelios,4,0.1331226944289959,0.1362748111850277,0.21606072730774598,-0.09134311333910253,0.37999616268394804,0.4713392760230506
Nami,Caitlyn,247,0.13311497280028692,0.11501223074597045,0.2837548746590364,0.003267109092755253,0.3310619237510601,0.32779481465830484
Poppy,Tristana,10,0.13305854021607072,0.10733060010674192,0.23357038589962448,0.06488157023959437,0.48036470381618884,0.41548313357659444
Lulu,Xayah,51,0.13303789869371685,0.1133149830280561,0.25400154528624075,-0.01807651546414958,0.3436706841148062,0.3617471995789558
Janna,Akshan,2,0.13298535959236665,0.13298535959236665,0.21079529351256085,-0.13298535959236665,0.4211231514770758,0.5541085110694425
Xerath,Yunara,9,0.13297468917526079,0.08445852131885323,0.2545462774750994,0.09184820432727998,0.28926693748525223,0.19741873315797223
Bard,Zoe,3,0.13296188154078037,0.14468305189862413,0.20990376348445594,0.13296188154078037,0.5708407242035269,0.4378788426627465
Hwei,Ezreal,11,0.13294783760163417,0.1330365296292292,0.2514920740916566,-0.038140685240259105,0.346284741689233,0.38442542692949216
Veigar,Ziggs,1,0.13287671925414857,0.13287671925414857,0.13287671925414857,0.13287671925414857,0.36483966748437713,0.23196294823022856
Poppy,MissFortune,16,0.13280970258720382,0.12841901354774615,0.22107379698539648,-0.026816960535518793,0.4729511237926895,0.4997680843282083
Senna,Nasus,1,0.13280602880152642,0.13280602880152642,0.13280602880152642,0.13280602880152642,0.34320607691403754,0.21040004811251112
Soraka,Vayne,34,0.1328058726611376,0.112356001637514,0.2638872433127058,0.0010233124685886737,0.29758699161846225,0.2965636791498736
TahmKench,Smolder,6,0.132796141043912,0.1024427127293952,0.27416018661124375,0.016587180330693466,0.366510464502936,0.34992328417224255
Sona,Tristana,30,0.132732095534206,0.12005464590386648,0.23305040665346174,-0.005495129171423579,0.3181963015917931,0.3236914307632166
Rakan,Veigar,23,0.1327059064197775,0.1408883277372907,0.23693790466773257,-0.03368932963753172,0.46677262309708767,0.5004619527346194
Karma,Neeko,1,0.13268005591597415,0.13268005591597415,0.13268005591597415,0.13268005591597415,0.4231607335191713,0.2904806776031971
Bard,Karthus,43,0.13267465337406587,0.11960075019865757,0.24667672050494382,0.01232963639636343,0.5355095452395708,0.5231799088432074
Blitzcrank,Yunara,104,0.13266542921022617,0.11635058797427303,0.2870132485813572,0.0226991768774294,0.42331610339163245,0.40061692651420305
Nami,Viktor,24,0.13265714010555532,0.13359938307950653,0.22648185237129875,0.06235636183072273,0.37213568623749693,0.3097793244067742
Nautilus,Fiora,3,0.13265143859887454,0.0993016397473539,0.18131678553749925,0.06809670255605176,0.3742636259779853,0.3061669234219336
Shaco,Zeri,2,0.13259425067380026,0.13259425067380026,0.14938871053018493,0.02099307482048085,0.5098657424386126,0.4888726676181318
Blitzcrank,MissFortune,22,0.13256826961663923,0.08438654940456974,0.28056608585802656,0.004325432709044035,0.43008470375027785,0.4257592710412338
Janna,Zeri,38,0.13251701990890147,0.11543441908697205,0.23683302984988047,0.011022309389153889,0.4333313481380028,0.4223090387488489
Nautilus,Swain,48,0.13248577109466053,0.10132229113269572,0.2741563331350452,-0.041223288781363866,0.4410878815604788,0.4823111703418426
Taric,Kaisa,31,0.1324371655615153,0.12121955579280458,0.28314898294390284,0.03747293849463632,0.33148879106301166,0.29401585256837537
Elise,Aphelios,28,0.13242132770001547,0.10157052593243557,0.2285956285078598,-0.010249917110740954,0.49808704130436465,0.5083369584151056
Velkoz,Yunara,20,0.13241047654366808,0.11277969213709634,0.22293953316315676,0.013395890732313707,0.31677367028952663,0.3033777795572129
Pyke,Kennen,1,0.13231680555417913,0.13231680555417913,0.13231680555417913,-0.13231680555417913,0.5120512221311017,0.6443680276852808
Anivia,Yasuo,2,0.13231143929868822,0.13231143929868822,0.134678591086119,0.13231143929868822,0.35470920832231084,0.22239776902362263
Blitzcrank,Ashe,27,0.13229867725082714,0.1278310136515683,0.22324422078923775,0.02587811862443769,0.4333979231102261,0.40751980448578845
Zilean,Sivir,42,0.13225946772364955,0.10949709505852243,0.23087523212065642,-0.02758607981260914,0.39486814621609523,0.42245422602870436
Renata,Caitlyn,18,0.13222698815859715,0.08805202216317731,0.282122468999212,-0.06641809441445277,0.33937601227818137,0.40579410669263416
Pantheon,Hwei,3,0.13217166778781012,0.0661162161900315,0.25316755085791587,0.11185939935546885,0.5412058989515224,0.4293464995960535
Janna,Samira,26,0.13216888125583937,0.09967207079753662,0.2592186932894692,-0.004455943289620026,0.382875289633386,0.3873312329230061
Nidalee,MissFortune,2,0.1321222017577469,0.1321222017577469,0.20785834502955566,-0.09467017908976097,0.4298940647206043,0.5245642438103653
Rell,Ashe,57,0.13210040532955408,0.10437487830899717,0.2833601232746267,-0.024834667420037496,0.44111171470058624,0.4659463821206238
Neeko,Rengar,1,0.13203443363517486,0.13203443363517486,0.13203443363517486,-0.13203443363517486,0.4538195956874015,0.5858540293225764
Thresh,Jhin,141,0.132019985130404,0.10666450998746044,0.25637272463509364,0.007095302981747316,0.3904750483412962,0.3833797453595489
Blitzcrank,Caitlyn,68,0.13199930975832738,0.10917829557625164,0.2515667114075195,-0.013944142871872574,0.42862551607035293,0.44256965894222544
Alistar,Yunara,168,0.13196959747876713,0.10632082220484868,0.27858094990085824,0.002107203754491544,0.43309538356275384,0.43098817980826226
Karma,Caitlyn,508,0.13196782849038213,0.1162328722950006,0.25910026538843123,0.005018686527925983,0.37308008124529096,0.368061394717365
Velkoz,Xerath,1,0.13188212880981204,0.13188212880981204,0.13188212880981204,0.13188212880981204,0.3372306344209172,0.20534850561110518
Heimerdinger,Lucian,1,0.13179143623105805,0.13179143623105805,0.13179143623105805,0.13179143623105805,0.2931984765008732,0.16140704026981517
Lux,Samira,6,0.13176245125691521,0.12711575068587225,0.24157770662574587,-0.015417562526125602,0.3289380225861335,0.3443555851122591
Pyke,Jinx,42,0.13175501535097325,0.12995633595102085,0.22254049398768425,0.010935290328351712,0.4804548346019668,0.46951954427361514
Thresh,Twitch,48,0.13174503886672745,0.10826599481778432,0.2797747167775473,0.012110079909439733,0.37461951489440404,0.3625094349849643
Zoe,Tristana,4,0.1316700940180739,0.14320154782388173,0.19041534991742154,0.011531453805807841,0.42328254299502854,0.4117510891892207
Neeko,Caitlyn,190,0.1316238278705164,0.11567402357848867,0.25229743520725656,-0.0019030153228631126,0.3964587642832871,0.39836177960615016
Janna,Lux,5,0.13161589861125966,0.1505060523027082,0.20532054054295057,-0.02490347122990184,0.47693097268370216,0.501834443913604
Rell,Anivia,1,0.13160664199896432,0.13160664199896432,0.13160664199896432,-0.13160664199896432,0.4804871890910145,0.6120938310899788
Milio,Aphelios,64,0.1315869940015342,0.11862310337537665,0.2591081940602929,0.003797335836866556,0.2809558074622916,0.27715847162542506
Pyke,Senna,15,0.1315633833392378,0.14680679750452807,0.23179224768039317,-0.010266902444821195,0.4765675440883934,0.48683444653321467
Thresh,Swain,26,0.13155715624281572,0.1110923407883351,0.24530527078320463,-0.04853272798021672,0.40288547791879936,0.45141820589901605
Akali,Ezreal,1,0.13148223126626657,0.13148223126626657,0.13148223126626657,0.13148223126626657,0.44487512261685414,0.31339289135058757
Ivern,Caitlyn,6,0.13142352194382642,0.08817773533572197,0.27084544886599166,0.02801306388329612,0.3800432687802444,0.3520302048969483
Bard,Yasuo,20,0.13140026086284365,0.11028893072909784,0.2604511116124142,-0.026245804570092797,0.5133940390225822,0.5396398435926749
Braum,Samira,17,0.1313999720266095,0.14316884991252601,0.22511568278773003,0.042780808431868794,0.3507963737070292,0.3080155652751604
Nami,Qiyana,2,0.13135141275861695,0.13135141275861695,0.19504016296256388,-0.07961093775493366,0.36254680561245856,0.4421577433673922
Neeko,Jhin,142,0.13135134740827684,0.09169436751753118,0.28379719339325243,0.0027529567353927285,0.41611235789142775,0.41335940115603503
Neeko,Twitch,13,0.13132170007186764,0.1064429348605051,0.20829367870090218,-0.004738708725682213,0.39499161263550153,0.39973032136118375
Poppy,Kaisa,41,0.131231972165354,0.1002309633797,0.29702258157290534,0.016086009946893423,0.4654746359047102,0.4493886259578168
Rakan,Zeri,43,0.13122940047090903,0.11259612683324283,0.2521976480483359,-0.016627898698060136,0.4177255150899372,0.43435341378799736
Renata,AurelionSol,1,0.13118993676449728,0.13118993676449728,0.13118993676449728,0.13118993676449728,0.37159667055725076,0.24040673379275349
FiddleSticks,Yunara,12,0.13116513975657942,0.10477085562220823,0.29470564973483043,0.07621250841327987,0.3934151441171845,0.31720263570390467
Leona,Ezreal,170,0.13110758976624748,0.11810115803848067,0.2508266720336422,-0.01644586751010471,0.43722662730239975,0.45367249481250443
Velkoz,Aphelios,13,0.13109970633938073,0.12303389827858646,0.20940173197733336,0.0242519331724181,0.30968764896297263,0.2854357157905546
Janna,Zed,1,0.1310869882630299,0.1310869882630299,0.1310869882630299,0.1310869882630299,0.5291451090002767,0.3980581207372468
TahmKench,Jinx,14,0.13101176829581462,0.11360058615485252,0.29509548101961064,0.041685382067068656,0.36186606064738047,0.3201806785803118
Sona,Xerath,4,0.13099052691034613,0.07459908899930229,0.2671386797196212,-0.04112259571578329,0.37202582859270017,0.4131484243084835
Taric,Lucian,33,0.13093909273249418,0.1008616970769157,0.2835223402936295,0.010800721987063907,0.30819006700017904,0.29738934501311515
Twitch,Yunara,5,0.13091885473116113,0.1453590276467676,0.16087341897559246,-0.024937979092173868,0.5904343907548733,0.6153723698470472
Leona,Varus,79,0.13089806933685424,0.11070656305198456,0.2675881840189412,-0.012469632174908207,0.4194517943659722,0.4319214265408804
Pyke,Karthus,25,0.13086564354424637,0.1335998887402805,0.26460573037835755,-0.04016375169391371,0.5138025056397238,0.5539662573336376
Nidalee,Xayah,2,0.13085969819443555,0.13085969819443555,0.1664248784232194,0.04445647528597983,0.4128073520509137,0.36835087676493383
Alistar,Ezreal,139,0.13081143282223692,0.12406572279067901,0.24729067832219967,-0.02610525160395089,0.4763353474719844,0.5024405990759353
Thresh,Hwei,15,0.13057788812652107,0.10601348214504674,0.27832451416675885,0.0039893499272127,0.4409540974262319,0.43696474749901915
Swain,Jinx,9,0.1305486487920931,0.12161086279145317,0.3005105968218782,0.12974498683594873,0.31502046835412345,0.18527548151817474
Poppy,Vayne,7,0.13045105255689704,0.08092599128697969,0.26057094031179023,-0.006734175172240948,0.4489432983586109,0.4556774735308519
Velkoz,Varus,28,0.13041918273019254,0.11766357733742744,0.20948252232962103,0.06417325132767834,0.33442814467948917,0.27025489335181085
Braum,Kaisa,134,0.13041055252714853,0.11099541728412383,0.2873946458311178,0.008364153753962301,0.35621258711449066,0.34784843336052834
Taric,Zeri,10,0.13022601182456336,0.13934128896597386,0.23902345531399394,0.045916114425693974,0.3443046899330385,0.2983885755073445
Neeko,Ezreal,117,0.13017138208248596,0.12507976925019165,0.2587776834172426,0.021000505363425084,0.43435185690110123,0.41335135153767616
Malphite,Corki,2,0.13015002208980803,0.13015002208980803,0.14893092656290077,-0.02347613059136594,0.32839741491086705,0.35187354550223304
Karma,Nilah,36,0.13005340033754303,0.10463574489818601,0.28698154865106085,0.04771360081728785,0.3402272451993113,0.29251364438202343
FiddleSticks,Zeri,3,0.13002765669058036,0.05342993018750686,0.2604197748141085,0.07808383395659224,0.3940188156037163,0.3159349816471241
Skarner,Caitlyn,3,0.13002101270827862,0.10123961013466076,0.17869830706031326,-0.0020209748195389823,0.3954847415810678,0.3975057164006068
Alistar,AurelionSol,43,0.12988126849189022,0.10551400608400646,0.2518672771886802,0.054642533549016596,0.49398708953507525,0.4393445559860587
Khazix,Zeri,1,0.12983331255019004,0.12983331255019004,0.12983331255019004,-0.12983331255019004,0.4535862200906601,0.5834195326408501
Milio,Zeri,17,0.12978637156134093,0.09714071620861431,0.28305526936592257,-0.010170885733716549,0.3116854944545672,0.3218563801882837
Pyke,Taliyah,1,0.12978589331709123,0.12978589331709123,0.12978589331709123,-0.12978589331709123,0.5305286817401038,0.660314575057195
Janna,Velkoz,15,0.12976996106336858,0.13408843810944404,0.2243540042598064,0.0002617337027960409,0.49187146166538104,0.491609727962585
Senna,Brand,14,0.1297098110757974,0.10004905647505064,0.2937492742863385,0.021216039939783223,0.33457972025379945,0.31336368031401624
Lulu,Rengar,1,0.12968361024748426,0.12968361024748426,0.12968361024748426,-0.12968361024748426,0.3161947832984284,0.44587839354591263
Rell,Jhin,107,0.12960960543842986,0.13297817980779697,0.24485396962179115,-0.00993996283482432,0.44941401085833105,0.45935397369315534
Blitzcrank,Samira,26,0.1295902266460881,0.08619837404494685,0.31963309129509726,-0.04857584059257801,0.39488621009729796,0.443462050689876
Velkoz,Brand,1,0.12956725176834222,0.12956725176834222,0.12956725176834222,0.12956725176834222,0.3136224923701012,0.18405524060175898
Neeko,Seraphine,5,0.12955889181773572,0.15779362670202196,0.18657445066441772,0.015324964914725337,0.47177051548843263,0.4564455505737072
Lulu,MissFortune,13,0.1295338089818839,0.12600466540237337,0.23136085738537165,-0.03182013564748734,0.34934105052739256,0.38116118617487993
Karma,Jhin,413,0.1295152845134858,0.1145240271619255,0.2606378154090734,0.00312073344136657,0.3958458034343326,0.392725069992966
Bard,Xayah,37,0.12948409239984232,0.10176928811024,0.2530884386123106,-0.00354435325504634,0.49771192932340164,0.501256282578448
TwistedFate,Lux,1,0.1294674159789222,0.1294674159789222,0.1294674159789222,-0.1294674159789222,0.5019245957209486,0.6313920116998708
Velkoz,Vayne,9,0.12945233001680234,0.10903141207791911,0.22942826362289073,0.02178880444533242,0.31245622850123556,0.29066742405590307
Bard,Jhin,381,0.1293972526768352,0.10853869870977229,0.2740195283955047,0.003560456087118829,0.49643961683233634,0.4928791607452175
Taric,Viktor,3,0.12938693285852973,0.13695331784152004,0.13751190312284603,0.03808472096418303,0.3244470079876402,0.2863622870234572
Bard,Qiyana,1,0.12931121806359624,0.12931121806359624,0.12931121806359624,-0.12931121806359624,0.5320076562973666,0.6613188743609628
Sona,Draven,24,0.12930889817105806,0.1418272460647286,0.21941250649095775,0.03626455973866382,0.3076852718612645,0.27142071212260066
Rell,Senna,30,0.12929225741190006,0.0907765283732607,0.30114439878310284,-0.022759472903357048,0.4189827621642284,0.4417422350675855
Leona,Vayne,26,0.1292810939784274,0.11884117043084227,0.23585236433343854,0.0063832798047917935,0.38137659850985917,0.37499331870506736
Renata,Varus,29,0.12925800715469027,0.12192018065213692,0.2541907448835616,-0.0022808286926843477,0.3578762011834586,0.36015702987614295
LeeSin,Gragas,1,0.129234859154992,0.129234859154992,0.129234859154992,0.129234859154992,0.4576613952148149,0.3284265360598229
Seraphine,Smolder,31,0.12922899869451185,0.09945638302158072,0.31464528301299205,0.01447660866073263,0.3417201130722184,0.32724350441148575
Senna,Zyra,13,0.12918154379967253,0.16848622135284677,0.22775327155924133,0.02869663645080772,0.32546320519631006,0.29676656874550233
Galio,Jhin,7,0.12912940938643155,0.09395047127898637,0.26006741428220004,-0.0947539794775687,0.4453289144136526,0.5400828938912212
Sylas,Cassiopeia,1,0.12910175701459392,0.12910175701459392,0.12910175701459392,0.12910175701459392,0.5417363439214565,0.4126345869068626
Brand,Sivir,6,0.12906068772797222,0.06690370740377405,0.28889478681716607,0.07016852198239237,0.40346885458959797,0.33330033260720565
Poppy,Jhin,38,0.12904072243037024,0.11687403884079481,0.22778510742501334,-0.022033240694180885,0.49253394844563386,0.5145671891398148
Nautilus,Jinx,152,0.12900077792237713,0.11523007935093857,0.270231115011225,-0.0006507411344075686,0.40434891758105446,0.404999658715462
Lulu,Katarina,40,0.1289337475089588,0.12695685093480186,0.23247312177063462,0.04040257629367656,0.30991525561080296,0.2695126793171264
Nautilus,Sivir,81,0.12884761256471028,0.0971840574726161,0.2891128850974878,-0.004707037101123169,0.4470781388818533,0.45178517598297646
Thresh,Urgot,1,0.12884606304948615,0.12884606304948615,0.12884606304948615,0.12884606304948615,0.4563288094900028,0.32748274644051667
Annie,Senna,3,0.12881802989691504,0.12060996550135142,0.15958863401700357,0.01592916246630398,0.3622503252541774,0.34632116278787345
Velkoz,Vladimir,2,0.12881263956780054,0.12881263956780054,0.21523794981040684,0.12881263956780054,0.40711436404643875,0.27830172447863827
Soraka,Lucian,21,0.12881103728078777,0.11182324053562831,0.28002020065572636,-0.007605112233943416,0.30534143218599463,0.3129465444199381
Swain,Corki,12,0.12871964096241031,0.10669319689243408,0.24825085951641343,-0.020342249258280383,0.3385032551651341,0.35884550442341445
Thresh,Karthus,20,0.1286084969667832,0.11669171817201188,0.25707599407499243,-0.040844447963866326,0.4244913873376327,0.465335835301499
Renata,Mel,3,0.1286074933260792,0.12497856676627378,0.23160556374827782,-0.1286074933260792,0.4204923137020183,0.5490998070280975
Thresh,Sivir,52,0.12857529658307587,0.09941741135284288,0.27136922883027503,-0.007172884006608999,0.41250043609041936,0.41967332009702835
Taric,Smolder,12,0.12847522864884348,0.10130753834873643,0.2625353907952878,-0.01816790188537882,0.3391475513360869,0.35731545322146574
Morgana,Xayah,3,0.12846334011367735,0.09881202245644494,0.19262038592465897,0.08145965938509422,0.3597352948850487,0.27827563549995443
Malzahar,Lux,1,0.1284487878798352,0.1284487878798352,0.1284487878798352,-0.1284487878798352,0.3839261663624139,0.5123749542422491
Seraphine,Draven,7,0.12839489557436706,0.1438983234153091,0.167833657773033,0.03213381066321767,0.303494736258306,0.2713609255950883
Rell,Vayne,28,0.12838260011140812,0.12656675143182863,0.25231507647120444,-0.03137310452774384,0.4083948525083559,0.4397679570360998
Pantheon,Veigar,9,0.12824296207408833,0.05396486278976653,0.24946712453215986,0.05497675795641441,0.49266988928569333,0.43769313132927895
Rakan,Ezreal,163,0.12822210041538534,0.10665130212433482,0.24483573222299543,-0.0203839954134101,0.43497122202479627,0.4553552174382064
Rell,KogMaw,18,0.1282211542692303,0.11214006140857763,0.27106323474422145,0.029197819353896634,0.43714503523267423,0.40794721587877764
Braum,Viego,2,0.12818983226415237,0.12818983226415237,0.20520970516591194,0.09627484112719943,0.3772288714875801,0.2809540303603807
Teemo,Ziggs,1,0.12817508104475356,0.12817508104475356,0.12817508104475356,-0.12817508104475356,0.4341666694066835,0.5623417504514371
Braum,Sivir,59,0.12817201674413775,0.11501671464603658,0.2580852204379926,0.010645765833046529,0.3955553832159569,0.3849096173829104
Zilean,Swain,20,0.12814444126592117,0.07476360914902508,0.282283546478017,0.040220171526227456,0.38269546600432836,0.34247529447810093
Milio,Vayne,49,0.12813449096387358,0.12036670976454572,0.24326075807394826,0.03494764886818876,0.27717325489879907,0.24222560603061033
Teemo,Ezreal,2,0.12810762568307302,0.12810762568307302,0.14396362304845456,-0.019819996706726933,0.40037037171850587,0.42019036842523283
Vex,Lucian,1,0.1280765397870632,0.1280765397870632,0.1280765397870632,0.1280765397870632,0.3377134095774405,0.2096368697903773
Pyke,Mel,29,0.12806346626087442,0.09443439960899747,0.26454762753875827,0.020117162065500984,0.5486481879669111,0.5285310259014101
TahmKench,Varus,13,0.12806159546774207,0.11150821874503258,0.28647768440789984,-0.025123556935912224,0.3632855204859683,0.38840907742188047
Pantheon,Vladimir,2,0.1280055975626266,0.1280055975626266,0.2045127136083022,-0.1280055975626266,0.46914306841848497,0.5971486659811116
Nami,Ornn,1,0.1279950135773411,0.1279950135773411,0.1279950135773411,-0.1279950135773411,0.37796662990039454,0.5059616434777356
Rell,Singed,1,0.12796782358726072,0.12796782358726072,0.12796782358726072,0.12796782358726072,0.4990555147490928,0.3710876911618321
Milio,KogMaw,31,0.1279638190411496,0.10140064681762506,0.27542661037431004,-0.03671159633555021,0.28857571285148836,0.3252873091870386
Nautilus,Ezreal,249,0.12794529647643454,0.1129723006861395,0.2672864813231615,-0.00833428907110553,0.437890940233841,0.44622522930494657
Yuumi,Swain,2,0.12793517585697295,0.12793517585697295,0.1869616237763035,0.12793517585697295,0.20790097891328732,0.07996580305631437
Swain,Vayne,5,0.1279282980382555,0.12141432054845802,0.20644657855931298,0.041795961841935333,0.30855573943161685,0.2667597775896815
Blitzcrank,Lucian,23,0.1278964948512891,0.1006251368889558,0.23924051293882814,-0.00041009169277948847,0.42958197764296574,0.4299920693357452
Zilean,Caitlyn,45,0.12787953331642615,0.09993370987191358,0.2511933454572144,0.016681346412930627,0.34367067627657677,0.32698932986364615
Pyke,Jhin,98,0.12787061531760888,0.11588076189249141,0.23310536530514933,-0.013553479285917993,0.4980350460168099,0.5115885253027279
Braum,Twitch,50,0.12785603107624907,0.10329798438547687,0.27662365812943635,0.008486333627655891,0.35211382756777704,0.34362749394012115
Karma,Mel,39,0.12784920271986436,0.1165796373237093,0.22224273866756264,0.003994342682886684,0.433614588662293,0.4296202459794064
Nautilus,Ashe,70,0.12779404499354552,0.11668327187916705,0.26963859260503137,0.003456843261773988,0.42385131263777215,0.4203944693759981
Ashe,Jhin,11,0.12762764296097118,0.08905113219034652,0.2704850902013194,-0.029952391126167596,0.33910237412024546,0.36905476524641306
FiddleSticks,Sivir,7,0.12760805563611188,0.06817752890744383,0.25847915859845416,-0.08065587688761913,0.41466803346641373,0.49532391035403284
Hwei,Tristana,2,0.12752894187683128,0.12752894187683128,0.15207168598927842,-0.030678430140558932,0.31419033983493244,0.3448687699754914
Soraka,Varus,50,0.12752222257813958,0.1044188551182276,0.26345050545064436,-0.017357939529949667,0.3344650489193271,0.3518229884492768
Bard,Neeko,1,0.12749089317471457,0.12749089317471457,0.12749089317471457,0.12749089317471457,0.5763548975729282,0.44886400439821367
Janna,AurelionSol,18,0.1274856626204921,0.06162036432278792,0.28742539890780366,0.08941548622675949,0.4875937826537634,0.3981782964270039
Rell,Katarina,6,0.12748048229080125,0.10063818869466798,0.23994257604161545,-0.0647757112557202,0.4071002523900889,0.4718759636458092
Sona,Smolder,69,0.12744243657530385,0.10982179886878266,0.2527692219161054,0.022313757957891627,0.3412927101695459,0.31897895221165423
Bard,Smolder,101,0.127377188108287,0.10231115946836761,0.2475102276528205,-0.005351366770923109,0.5086556004964911,0.5140069672674141
FiddleSticks,Samira,5,0.12733848974649523,0.07580123234125685,0.24537823801247188,-0.11443469125290799,0.3491205268871477,0.4635552181400556
Zilean,Smolder,43,0.12731058320252078,0.09468594650291004,0.27570793693119583,0.008954260596569256,0.3673949471813558,0.35844068658478656
Nidalee,Draven,4,0.12727063071672912,0.10641745121746513,0.24959727496672768,-0.10613714366722095,0.4178977513544595,0.5240348950216804
Blitzcrank,Vladimir,5,0.12718866166081824,0.09450559312201612,0.23150296090268638,-0.08779121104849194,0.43567166664646156,0.5234628776949535
Hwei,Kaisa,6,0.12716563883331491,0.09653643593939987,0.2629016519999796,0.007524903529533509,0.31258497585368267,0.30506007232414917
Alistar,Brand,4,0.1271623883385562,0.12742906523982148,0.13306307747825502,0.1271623883385562,0.49256575317484186,0.36540336483628566
Velkoz,Seraphine,9,0.1271259978552963,0.14263361535593466,0.20615140485468403,-0.07924641347048686,0.36562334307447747,0.4448697565449644
Thresh,Xerath,5,0.1270313706944544,0.07610230780760013,0.2699752557579506,-0.1270313706944544,0.43249373716308454,0.559525107857539
Nautilus,Karthus,65,0.12700891348673285,0.10989233384045416,0.2602075150386583,0.002943046509161652,0.4612922265923239,0.4583491800831622
Singed,Vladimir,1,0.12700413734463073,0.12700413734463073,0.12700413734463073,0.12700413734463073,0.5703297658048996,0.44332562846026885
Milio,Jinx,136,0.12698735573584485,0.1197269406223002,0.23931069649197176,0.01816547020811052,0.29534524038545285,0.2771797701773423
Mel,Aphelios,2,0.12698389711352448,0.12698389711352448,0.1373054152454803,0.12698389711352448,0.3113514763939386,0.18436757928041414
Karma,Draven,71,0.12694631536063447,0.10748856440298665,0.2506686942797552,0.005547343909418793,0.3510782757083678,0.345530931798949
Blitzcrank,Naafiri,3,0.12692631967521198,0.11468060636297905,0.1975662955878685,-0.09505256316283461,0.48855489550286363,0.5836074586656982
Soraka,Corki,36,0.12690942728611518,0.1115262012055841,0.2550302596598558,0.040988953669613366,0.3401802585736748,0.29919130490406143
Zyra,Mel,2,0.12687598857375232,0.12687598857375232,0.1950289279146061,0.12687598857375232,0.3449906799773185,0.2181146914035662
Senna,AurelionSol,31,0.12685896577479625,0.12024640179717724,0.22875608727206542,0.004544056106191252,0.3380030104399499,0.33345895433375866
Janna,Ryze,2,0.12683126351602908,0.12683126351602908,0.12976791723378767,0.0036708171471982465,0.47856603989795415,0.4748952227507559
Janna,Darius,1,0.1267398563726171,0.1267398563726171,0.1267398563726171,-0.1267398563726171,0.4870235423172856,0.6137633986899027
Leona,KogMaw,19,0.1267226355221267,0.1216606445583539,0.22066906218788856,-0.029947653150098525,0.4073964913887302,0.4373441445388287
FiddleSticks,MissFortune,5,0.12669526887598748,0.0654866720691632,0.2699795712553568,-0.007291360814872139,0.39691675084971684,0.404208111664589
Nautilus,Syndra,11,0.12667251482084188,0.10430571695836022,0.2056887908630174,0.04683819011569917,0.46380049910691795,0.4169623089912188
Senna,MissFortune,22,0.12666103889808952,0.09628902242458075,0.20795564388649854,-0.011761982316490081,0.3105653381651061,0.3223273204815962
Rakan,Mel,29,0.12663690972345423,0.08808515238001824,0.27106113137962073,-0.005286288386384367,0.4571454780443206,0.46243176643070494
Senna,Yasuo,37,0.1266331796179817,0.12286192563107567,0.23870707886134393,0.030459591776957416,0.3062540635352694,0.275794471758312
Senna,Yunara,65,0.12656780433994402,0.12093410508757924,0.2475692459292455,0.01898094293379981,0.29870247838740227,0.2797215354536024
Xerath,Jhin,33,0.12653519253398132,0.0945824357090897,0.262538905922653,-0.0020296717583576417,0.2920256941957749,0.2940553659541325
Thresh,Xayah,39,0.1265315640644699,0.09391394767051292,0.26713759780521795,-0.013877311217292063,0.3802572557573694,0.3941345669746615
Sylas,Varus,6,0.12645621313319852,0.06033654001229655,0.3006293442222895,-0.013059876105105941,0.49724989245216317,0.5103097685572692
Shaco,Mel,3,0.12639809810918512,0.12774188222672933,0.1947452054769226,0.014599259417128807,0.5978076535407065,0.5832083941235777
Maokai,Vladimir,3,0.1263691857539571,0.12931514602122968,0.1833809701006878,0.09110586234056424,0.4413784400460212,0.35027257770545694
Maokai,Lux,2,0.12636087253559877,0.12636087253559877,0.19728811757425818,0.12636087253559877,0.4705613925061096,0.3442005199705108
Shen,Samira,7,0.12635553818274375,0.08067728735648508,0.214981151743665,0.09970154072547655,0.3150741652584594,0.2153726245329828
Zilean,AurelionSol,13,0.12630428733145227,0.11689000443561798,0.20717058959461285,0.021552953804923707,0.404225061749831,0.3826721079449073
Anivia,Briar,1,0.1262989190271449,0.1262989190271449,0.1262989190271449,0.1262989190271449,0.36527328942549847,0.23897437039835356
Bard,KogMaw,31,0.12628537502163054,0.12149383913385858,0.2619148758414067,-0.035274904991780945,0.5145671203678043,0.5498420253595852
Zyra,AurelionSol,4,0.1262167666510139,0.08260411580196991,0.2606563954241605,0.1262167666510139,0.341254274202087,0.21503750755107304
Neeko,Swain,9,0.12614943511591314,0.11129068645877771,0.21675862394875417,-0.0779475009872261,0.43035309505843045,0.5083005960456566
Singed,Samira,1,0.1260927365599569,0.1260927365599569,0.1260927365599569,-0.1260927365599569,0.5052967183345234,0.6313894548944803
Senna,Samira,11,0.12598457122373918,0.09858286778815548,0.25984366047537977,-0.019090233988188633,0.267052044949738,0.28614227893792665
Nautilus,Taliyah,6,0.1259227850011029,0.09145869272610171,0.24332310152155343,0.06495032318370177,0.44521491177988,0.38026458859617823
Nidalee,Jhin,7,0.1259108323190799,0.047510596677155126,0.27705679240401526,0.06318049724733654,0.4703103967844849,0.40712989953714834
Nasus,AurelionSol,1,0.1258682645596676,0.1258682645596676,0.1258682645596676,-0.1258682645596676,0.40914223560053853,0.5350105001602061
Janna,Nilah,10,0.1258300779718642,0.15071017963797273,0.2028005895073446,-0.05063484516124002,0.3977792311975205,0.44841407635876057
Taric,Yasuo,25,0.12574618748721958,0.13667271273083353,0.2155982043254937,0.01988820606720264,0.3240334246930105,0.3041452186258079
Milio,Draven,16,0.12570441484512124,0.1065831827975746,0.2552346989837856,-0.002835204272053693,0.27337553796840003,0.2762107422404537
Thresh,Aphelios,404,0.12568834669564172,0.10254290295563451,0.25690569517892275,0.011683426404373067,0.36566748273235167,0.35398405632797864
Neeko,Jinx,35,0.12563731132122333,0.10614410678800446,0.271727819048097,-0.019118027930258234,0.4013532588185991,0.4204712867488573
Karma,Zyra,7,0.12558390187254312,0.05632817076025576,0.2671792485516717,-0.04469970197068164,0.4253916215665286,0.4700913235372102
Zilean,Kaisa,46,0.12551841120860016,0.10073024553351526,0.27867654416360016,-0.006627527104924936,0.3519935273406297,0.35862105444555464
Nami,Bard,1,0.12550730227859896,0.12550730227859896,0.12550730227859896,-0.12550730227859896,0.32953422594545945,0.4550415282240584
Taric,MonkeyKing,1,0.12547591529797406,0.12547591529797406,0.12547591529797406,0.12547591529797406,0.2733972327601159,0.14792131746214185
Karma,Heimerdinger,6,0.12546742895725335,0.10696833708938044,0.20912549886882267,-0.0398680071096695,0.4186857118094543,0.4585537189191238
Velkoz,Cassiopeia,4,0.12536685954291985,0.11139749897561295,0.1862575808936711,0.018460118191028184,0.3114046673093575,0.29294454911832934
FiddleSticks,Brand,3,0.12535482072032456,0.0461716814429724,0.2636214245505657,0.08663441949798478,0.43475065407422986,0.348116234576245
Seraphine,Mel,8,0.12529699838139022,0.1420226646018941,0.21483174860754045,0.08755934567926016,0.35482421123345803,0.2672648655541979
Nami,Jinx,111,0.1252969548604692,0.09231584823227243,0.2575900452234222,0.009750179636277142,0.3252060245615222,0.31545584492524503
Soraka,Zyra,3,0.125242956850636,0.14886194555077517,0.20611586623849174,0.125242956850636,0.3656248020086288,0.2403818451579928
Camille,Kalista,2,0.12520515930101034,0.12520515930101034,0.12650750379269113,0.0016279306146009809,0.4502949699076812,0.4486670392930802
Shen,AurelionSol,3,0.12518529069052506,0.09276280013094834,0.17996038518859797,0.07116309703211408,0.3959500455727825,0.3247869485406684
Maokai,Seraphine,3,0.12516837748998208,0.14015515351065944,0.18253138966892474,-0.09701869065611828,0.4752948524860592,0.5723135431421774
Neeko,Kalista,24,0.12515021822839967,0.07705394139999591,0.264223707109987,-0.007733613923676483,0.3727497942061033,0.3804834081297798
Velkoz,KogMaw,6,0.12507346528806781,0.11209751768863419,0.24800909137811925,0.01694455164388718,0.33346145149232265,0.3165168998484355
FiddleSticks,Varus,6,0.12494486868930188,0.09035273141192335,0.2697949713853086,-0.0868453935770664,0.3963708341332474,0.4832162277103138
Lulu,Seraphine,4,0.12491480247405126,0.1356953311640928,0.18421196205763088,0.039020996387456104,0.41822672975836245,0.37920573337090635
Janna,Zyra,7,0.12491013892890764,0.053854523677706156,0.3231070709481218,0.003228420946710394,0.5032342638608421,0.5000058429141317
Thresh,MissFortune,53,0.1248781087406889,0.10640764763997218,0.25174004368428354,0.02538288393588885,0.3929979761447139,0.367615092208825
Shen,Lucian,3,0.12480790054328066,0.08975734811056008,0.24117895258111,-0.12105323399625771,0.3575535269950328,0.4786067609912905
Milio,Nilah,6,0.12478552575482431,0.13655989380859268,0.22833050319229647,0.03145872993356089,0.2587908136082631,0.22733208367470223
Yuumi,Gwen,2,0.12478247678316233,0.12478247678316233,0.14031716936428001,0.12478247678316233,0.23480567405028852,0.11002319726712617
Bard,Vayne,56,0.1247431175514547,0.08980437761652096,0.254142549641285,-0.019809611179029667,0.4751290153344474,0.4949386265134771
Nidalee,Zeri,3,0.1246789318632464,0.12326475807284576,0.1349490474995642,-0.03276551862575052,0.44727918375739445,0.48004470238314506
Rell,Lux,13,0.12458516968306459,0.12892839565679765,0.27188835907173664,0.0006953894548474111,0.4635654595297485,0.46287007007490105
Zyra,Nilah,1,0.12456566362487809,0.12456566362487809,0.12456566362487809,0.12456566362487809,0.29828750800259923,0.17372184437772115
Pyke,MissFortune,33,0.12456109245288532,0.11426260227239032,0.2195882214031993,-0.02656486411437289,0.4844754090121974,0.5110402731265702
Urgot,Draven,1,0.12451629989065438,0.12451629989065438,0.12451629989065438,-0.12451629989065438,0.31845267339367567,0.44296897328433005
Poppy,Swain,4,0.12447610387458787,0.13368046232268355,0.21136243680225905,-0.11808635139184252,0.5298417685688696,0.6479281199607121
Hwei,AurelionSol,3,0.1244319399405077,0.08161388717383405,0.23917861694911427,0.07002268182461834,0.3588648456657042,0.28884216384108585
Thresh,Pyke,1,0.12428767587840495,0.12428767587840495,0.12428767587840495,-0.12428767587840495,0.44033080046633366,0.5646184763447386
Taric,Tristana,22,0.12423076303328906,0.10009275228280297,0.2768304191351466,0.01719509913957908,0.3135980072482347,0.29640290810865566
Leona,Samira,73,0.1242216492459829,0.11563042800476792,0.22758879569895482,0.017250200319128463,0.372731898998102,0.3554816986789735
Nami,Veigar,38,0.12412839616777861,0.08764092371530627,0.2903072394217084,-0.0245062758965926,0.40058294880697254,0.42508922470356514
Skarner,Ezreal,2,0.12409852430687918,0.12409852430687918,0.17491779073773583,-0.12409852430687918,0.4963485775280553,0.6204471018349345
Shaco,Veigar,5,0.12406247210163308,0.13617712378916308,0.2390683436623435,-0.005555947578877496,0.5421594363585338,0.5477153839374113
Karma,Aphelios,127,0.12403865319320433,0.09757954434097293,0.2597615647236754,0.009072794338416129,0.3684777379966202,0.3594049436582041
Aatrox,Kaisa,1,0.12399691984247896,0.12399691984247896,0.12399691984247896,-0.12399691984247896,0.39173581463908047,0.5157327344815594
Thresh,Veigar,15,0.12398639521623359,0.09590871524698535,0.2639062887387491,-0.005933032119040762,0.42358772188598054,0.42952075400502127
XinZhao,Veigar,1,0.12398307271708298,0.12398307271708298,0.12398307271708298,-0.12398307271708298,0.5577485471634167,0.6817316198804997
Lissandra,Kaisa,1,0.12397129479230101,0.12397129479230101,0.12397129479230101,-0.12397129479230101,0.3927043854448801,0.5166756802371811
Neeko,Sona,1,0.12397003382708144,0.12397003382708144,0.12397003382708144,-0.12397003382708144,0.41941530509859154,0.543385338925673
Zoe,Yasuo,4,0.12396534850326014,0.10848728782840653,0.22165053485775987,-0.002558628444671515,0.4199365009328195,0.422495129377491
Shaco,Kalista,1,0.12390829697578531,0.12390829697578531,0.12390829697578531,0.12390829697578531,0.441223944282393,0.31731564730660766
Velkoz,Senna,10,0.12389934711531767,0.11995063893092694,0.18422133894181297,0.12389934711531767,0.3221687487944419,0.1982694016791242
Heimerdinger,AurelionSol,2,0.12386169150915989,0.12386169150915989,0.14495875037930311,0.12386169150915989,0.351237246613956,0.22737555510479612
Viktor,Twitch,1,0.12379361148683549,0.12379361148683549,0.12379361148683549,0.12379361148683549,0.4526855500423918,0.3288919385555563
Bard,Ziggs,62,0.12378336565503407,0.12034034848672093,0.2421001443710102,-0.016714565908627906,0.5742429637497382,0.590957529658366
Shaco,MissFortune,3,0.12371033073504127,0.05052173743269728,0.25788340741871263,-0.11645337749690121,0.5481987793366124,0.6646521568335136
Rell,Xerath,6,0.12365313190521632,0.07032410230437106,0.26221642934621436,0.11096998698568672,0.5046363425052302,0.3936663555195435
Rakan,Corki,100,0.12342803386549057,0.1019477749167417,0.23874597639484443,-0.021746393016985763,0.4182840690107946,0.4400304620277804
Janna,MissFortune,31,0.12341069853069835,0.10588230292384138,0.24548608782488532,0.02149757239075243,0.4287732519149999,0.4072756795242474
Ryze,Ezreal,1,0.12338154668877566,0.12338154668877566,0.12338154668877566,0.12338154668877566,0.4391209943771803,0.3157394476884046
Bard,Zed,2,0.12335024386194221,0.12335024386194221,0.1683796735638181,-0.12335024386194221,0.5357870809608583,0.6591373248228005
Camille,Caitlyn,3,0.12317611661788104,0.06704108926695962,0.2080912030719058,-0.07848205710657463,0.48068417060657787,0.5591662277131525
Karma,Zeri,45,0.12316166460458172,0.10317778442577868,0.26093200221823204,-0.0020059581578635763,0.38704910375422324,0.38905506191208683
Velkoz,Ahri,1,0.12314812338262715,0.12314812338262715,0.12314812338262715,-0.12314812338262715,0.3568987775220572,0.4800469009046843
Zoe,Hwei,2,0.12309258134572149,0.12309258134572149,0.16258378054056458,-0.04936399899355387,0.49775245315511985,0.5471164521486738
Soraka,Karthus,3,0.12308160572991661,0.11125670393339043,0.16611326606359467,0.0031966679991528024,0.36445877868697,0.3612621106878173
Shaco,Lucian,2,0.12296688277707862,0.12296688277707862,0.14003924682723418,0.12296688277707862,0.5420247035246866,0.41905782074760795
Velkoz,Zeri,5,0.12295820297520703,0.14071409970429774,0.1927794551345576,-0.00046264708942089783,0.33028347202595537,0.33074611911537627
Bard,Hwei,23,0.12295479470048519,0.09249275780393684,0.247266233050611,-0.01041136185524115,0.572897397073264,0.5833087589285052
Pantheon,Zeri,3,0.12288595564829397,0.11391720618074208,0.17152100586960922,0.07700681900008477,0.4555908876582368,0.37858406865815203
Elise,Karthus,5,0.1228306788673171,0.10895890062355185,0.18229445188812252,-0.024110830147238537,0.5658134281316723,0.5899242582789108
Teemo,Cassiopeia,2,0.12282624774406461,0.12282624774406461,0.13040533637052817,0.009473860783079463,0.4118704794752424,0.4023966186921629
Leona,Lucian,34,0.12279017979306518,0.11115500790813371,0.24379508427724708,-0.01834506460104266,0.40699397391609693,0.42533903851713956
Ashe,Jinx,1,0.12277572427469113,0.12277572427469113,0.12277572427469113,-0.12277572427469113,0.2991272684263557,0.4219029927010468
Brand,Jhin,26,0.12276634141482903,0.09552227578272707,0.28106387093090285,0.09203201000071132,0.3889172101293231,0.29688520012861186
Braum,Senna,39,0.12276385786000774,0.11572473855399601,0.2324115762526502,0.003581799351673478,0.3549249780046493,0.35134317865297576
Leona,Brand,8,0.12275679908441922,0.08412970892596364,0.2502459327675479,-0.04079411762026311,0.4588609405736871,0.4996550581939502
Neeko,Veigar,7,0.12253590088221157,0.12592872968405194,0.18832823339044957,-0.0762918263675082,0.4539735137666749,0.5302653401341831
Shen,Yunara,8,0.12244762337600006,0.12104808333045369,0.207237044630548,-0.050396364273015484,0.3597560396030808,0.41015240387609625
Braum,Jhin,48,0.12243542614232465,0.10823737525448149,0.23007327098035868,0.008149053866921552,0.37777530783097907,0.3696262539640575
Braum,Xayah,28,0.12234428033459992,0.1215339925903553,0.2127309622583704,0.01835914677010081,0.3563829938497984,0.33802384707969757
Janna,Ashe,60,0.12232856013124233,0.1122625120441415,0.23296085665478994,0.01287069874687015,0.4329524009221606,0.4200817021752904
Heimerdinger,Smolder,1,0.12232735999352745,0.12232735999352745,0.12232735999352745,-0.12232735999352745,0.32456399971843924,0.4468913597119667
Renata,Kalista,60,0.12230802546096696,0.12336688845148883,0.2284545292137194,0.040675815338145606,0.30962174767399364,0.26894593233584807
Nidalee,Sivir,11,0.12229794847410985,0.10326826881337503,0.31061752347586136,0.05473231558435239,0.5003398616451993,0.4456075460608469
JarvanIV,Kaisa,7,0.12229592505750567,0.11021712838141073,0.19188371496628215,-0.037435695430403114,0.40318252953488143,0.4406182249652845
Bard,Viktor,6,0.12228830482822169,0.08012304192945288,0.2263205907673562,-0.005364701037728385,0.5402028741978402,0.5455675752355685
Rakan,Ashe,43,0.12222530379060195,0.10329853842597375,0.28033653951822873,-0.022130157690253102,0.41211699939464025,0.43424715708489336
Maokai,Jhin,30,0.12218387724801037,0.10760273093730097,0.2620999445914981,0.0299395005215622,0.42377198587436554,0.39383248535280335
Leblanc,Ezreal,15,0.12211182420665581,0.11943719234342953,0.21584919522543364,-0.012771814075822984,0.5378672931139908,0.5506391071898139
Thresh,Yasuo,27,0.12209280069294605,0.08394652251555063,0.2373228638770395,-0.04036375659184728,0.37734998730922864,0.4177137439010759
Morgana,Swain,6,0.12203208004145416,0.13301311450093103,0.21209870576188464,0.011433871527315287,0.4178579628096833,0.406424091282368
Bard,Seraphine,32,0.12201891579236171,0.09149144843976606,0.2572196407149911,0.055835136239518225,0.5662960892466941,0.5104609530071759
Taric,Zyra,2,0.12196470513097099,0.12196470513097099,0.14842015133721562,-0.12196470513097099,0.3844728038236529,0.5064375089546239
Teemo,Twitch,2,0.12195874143257357,0.12195874143257357,0.17398337573308204,-0.06503079287563557,0.36297128913088006,0.42800208200651557
Leblanc,Sivir,3,0.12189054180809124,0.0515212699914267,0.2379610147373107,-0.06782342547442989,0.5542061198320551,0.622029545306485
Amumu,Brand,2,0.12188500823175812,0.12188500823175812,0.21034340046713745,0.11057299029422417,0.45488027054879226,0.3443072802545681
Camille,Ziggs,1,0.12183809439429355,0.12183809439429355,0.12183809439429355,-0.12183809439429355,0.4901996592196371,0.6120377536139306
Anivia,Sivir,9,0.12181826917223665,0.09207392475329634,0.2581911341536337,0.04880659638318768,0.39295343976376096,0.3441468433805733
Anivia,Ashe,12,0.12177663640059701,0.11005935022040639,0.20932586368252454,0.03490493909853979,0.3617719065986038,0.326866967500064
Leblanc,Kaisa,11,0.12168075434363819,0.10997273001138391,0.2504235551869899,0.0411024285799724,0.515150886567068,0.47404845798709555
Lulu,Caitlyn,41,0.12165767623461583,0.09278244491594728,0.21133168203570818,0.008716381108904792,0.3191867106602808,0.310470329551376
Soraka,MissFortune,11,0.12161735439315559,0.08547530866026504,0.2365403187891168,0.07780915545754263,0.3398742040284153,0.26206504857087265
Anivia,Yunara,13,0.12156654729207328,0.09914280981046375,0.24736893616503203,0.04914758897925691,0.35422582344414716,0.30507823446489024
Maokai,Draven,16,0.12153796838636848,0.09463467391035033,0.26831477916730195,0.0011044356294017642,0.38728385555480166,0.3861794199253999
Milio,AurelionSol,3,0.12148513741112764,0.15846963869336067,0.17595300616057485,0.0012692387262087101,0.333688361810379,0.33241912308417026
Fizz,Ashe,1,0.12146144930539043,0.12146144930539043,0.12146144930539043,0.12146144930539043,0.5174093524051901,0.3959479030997997
Neeko,Velkoz,8,0.12144587841937668,0.12807698435738657,0.16084060723789384,0.03979462382371941,0.46573266443219113,0.42593804060847174
Leona,Viktor,5,0.12138201096022994,0.11372753522143059,0.2085979493882723,0.04311802075915142,0.4320446426489661,0.38892662188981464
Orianna,MissFortune,1,0.12121428219927527,0.12121428219927527,0.12121428219927527,-0.12121428219927527,0.31887729571451445,0.4400915779137897
Thresh,Caitlyn,180,0.12114591291554103,0.11052028644803125,0.23531170030372972,0.011800344920428451,0.36828629331428014,0.3564859483938517
Soraka,Heimerdinger,1,0.12113492259729675,0.12113492259729675,0.12113492259729675,-0.12113492259729675,0.3871815287812347,0.5083164513785314
XinZhao,Corki,2,0.1211193345834018,0.1211193345834018,0.15601690541148774,-0.1211193345834018,0.4812105495111372,0.602329884094539
Sona,Senna,24,0.12111176386847304,0.09437459041466457,0.24057198851367506,0.10497883230571063,0.32874184944917356,0.22376301714346294
Nami,Ekko,4,0.12109667207154548,0.14150906944669692,0.18017333926063342,0.04933510235897635,0.4084625305906405,0.3591274282316642
Rakan,Nasus,1,0.12102239323280917,0.12102239323280917,0.12102239323280917,0.12102239323280917,0.3992261812263559,0.2782037879935467
Zed,Jhin,2,0.12095690494081765,0.12095690494081765,0.14287794574406018,0.027401301004053163,0.36774581450296506,0.34034451349891187
Yuumi,MonkeyKing,1,0.12094660795937029,0.12094660795937029,0.12094660795937029,0.12094660795937029,0.13392638903925871,0.012979781079888428
Leona,Cassiopeia,13,0.120936920240974,0.1097764411626232,0.2909731399079993,-0.0024703787354584585,0.4031820320516137,0.40565241078707215
Camille,Ashe,5,0.12091160737588616,0.07219363343812907,0.23517085141317934,0.02147270007914941,0.5098320751515293,0.4883593750723799
Seraphine,Sivir,26,0.12082333128746152,0.08554567151476108,0.27987994767303626,-0.03306670833996925,0.34845057834260695,0.38151728668257623
Lux,Varus,12,0.12078772293853261,0.11581656923492879,0.25209159895054245,0.036391133105338654,0.3430541961075426,0.306663063002204
Jax,Ezreal,4,0.12075634243802,0.12143265358464544,0.17388556714861714,-0.09045473783827077,0.5229334976375242,0.6133882354757949
Elise,Xayah,11,0.12069603978097439,0.09837445692422436,0.2331576942400121,-0.045023683601113605,0.5348570750620056,0.5798807586631192
Ashe,Kaisa,5,0.1206926569124805,0.13323947049652515,0.19988998582207948,0.11344239941121001,0.32771223406225614,0.21426983465104618
Bard,Lux,19,0.12068538853937162,0.10715134206121313,0.2179409402115287,0.0003334017723384089,0.5631955022860932,0.5628621005137548
Janna,Veigar,15,0.1206685406941366,0.1060466079532208,0.25274397652488007,-0.03602739779571853,0.49147572469602757,0.5275031224917461
Nautilus,Anivia,3,0.1204907778360641,0.1320783617495097,0.14238793839617306,0.032438536669724294,0.4947674575539763,0.462328920884252
Nami,Galio,1,0.12048041482906457,0.12048041482906457,0.12048041482906457,0.12048041482906457,0.4182803874478117,0.29779997261874713
Soraka,Velkoz,8,0.12044541350112481,0.08624137599299708,0.23371445040040184,-0.015632404776862535,0.3631504955107486,0.3787829002876112
Soraka,Jayce,1,0.12042181839968896,0.12042181839968896,0.12042181839968896,0.12042181839968896,0.38690418072194754,0.2664823623222586
Yuumi,Varus,12,0.12041066156994325,0.09845919201317117,0.2150214931327473,-0.009776369453064912,0.18450433717590253,0.19428070662896743
Lux,Ashe,12,0.1203925055769387,0.1131621535647041,0.2664568661824701,0.0725419524938145,0.3621575284403146,0.2896155759465001
Zoe,Sivir,5,0.12038522282012983,0.1190634587497379,0.23180869258283043,0.11015378691717444,0.4496984081737625,0.339544621256588
Rell,Zac,1,0.12037744010519374,0.12037744010519374,0.12037744010519374,0.12037744010519374,0.44619242668548154,0.3258149865802878
Nidalee,Ziggs,1,0.12036332733018684,0.12036332733018684,0.12036332733018684,-0.12036332733018684,0.5613682925503128,0.6817316198804997
Sylas,Xerath,1,0.1203377006279171,0.1203377006279171,0.1203377006279171,0.1203377006279171,0.5595619710269627,0.4392242703990456
Nautilus,Xayah,61,0.12029566948628677,0.10085732326488855,0.24563971690558728,-0.010567263494769857,0.39393132193741476,0.4044985854321846
Zoe,Senna,2,0.12015745666452453,0.12015745666452453,0.15705579346443346,0.12015745666452453,0.41514522230021433,0.2949877656356898
Bard,Malzahar,8,0.120090779195902,0.10521769814861107,0.2189109332729941,-0.05126314451327632,0.5761838398511436,0.62744698436442
Lux,Lucian,4,0.12009018611413866,0.10968271007360582,0.15179474773197318,0.0743063277807598,0.33345449235967534,0.25914816457891554
Zyra,Lux,2,0.12006127415671657,0.12006127415671657,0.12186061545374195,-0.002249176621281726,0.3395866194073006,0.34183579602858233
FiddleSticks,Yasuo,2,0.12004168799336305,0.12004168799336305,0.18989268133467332,0.08731374167663784,0.3835242115902891,0.29621046991365124
Sylas,Tristana,12,0.12002442261247281,0.094747005549085,0.25196412831077114,0.013868122321390822,0.4726122096585316,0.4587440873371407
Alistar,Jhin,143,0.11978025161843314,0.10010469838736796,0.24905523432013132,-0.012736133383544993,0.4553472319997667,0.46808336538331163
Bard,Twitch,51,0.11977442117863481,0.11368524021478205,0.24842053067985542,-0.006074238869608335,0.48382892072613404,0.4899031595957424
Anivia,Xayah,3,0.11974229117381778,0.10049656544565991,0.18253897467132219,-0.05274458087671118,0.3669429068488539,0.41968748772556513
Yuumi,Syndra,3,0.11972206994332628,0.08648147312414928,0.19762962760846073,0.11972206994332628,0.2135024313681683,0.09378036142484207
Renata,Vayne,12,0.1196596850997869,0.05927813655395944,0.25697666670303704,0.05632027489814643,0.3179394724155369,0.2616191975173905
Ekko,Caitlyn,1,0.11963168987314488,0.11963168987314488,0.11963168987314488,0.11963168987314488,0.47628836173026545,0.3566566718571206
Ekko,Taliyah,1,0.11960032274741106,0.11960032274741106,0.11960032274741106,0.11960032274741106,0.47822675707779544,0.3586264343303844
Swain,Anivia,1,0.11949480294249482,0.11949480294249482,0.11949480294249482,-0.11949480294249482,0.37604373349878006,0.4955385364412749
Senna,Nilah,57,0.11945690492032715,0.10559440011381835,0.23746007989684773,0.04510563954598284,0.25499823947301986,0.20989259992703702
Milio,Lucian,122,0.11938876384056338,0.09506445188799867,0.24716040054834734,0.017290377211703793,0.28538547407281334,0.2680950968611096
Blitzcrank,Kalista,17,0.11937382658267115,0.10797266505952108,0.24761237711291706,-0.02977184637752564,0.39486909427513234,0.424640940652658
Braum,Syndra,2,0.1193413100376452,0.1193413100376452,0.16066372312875984,-0.0516530163638933,0.3800948935916204,0.4317479099555137
Alistar,Ahri,1,0.11930678409006562,0.11930678409006562,0.11930678409006562,0.11930678409006562,0.5451795641201975,0.4258727800301319
Mel,Lux,2,0.11929762386532786,0.11929762386532786,0.19175128249286671,0.09056707328442357,0.36723783380613484,0.2766707605217113
Nami,Seraphine,38,0.11923843715778888,0.11688592758262617,0.2086785272141344,0.04176913900904612,0.37981359009925536,0.33804445109020925
Amumu,Tristana,3,0.11915931014343199,0.14514180243492936,0.15646445482696486,-0.02239810852014575,0.39981359086558527,0.422211699385731
Swain,Ashe,7,0.11909823337194785,0.1221856091195751,0.2072376954493939,-0.045246060283606525,0.3251638495745685,0.37040990985817507
Vi,Jinx,1,0.1190875785998684,0.1190875785998684,0.1190875785998684,0.1190875785998684,0.4675780843679571,0.3484905057680887
Rell,Varus,69,0.11907318985957582,0.11109485917663792,0.22731576165995843,0.013060742526877807,0.4418149390408153,0.42875419651393754
JarvanIV,Yunara,3,0.1188892764026589,0.08762849984031335,0.17734445798654505,0.07271202183961864,0.40561012391451395,0.3328981020748953
Orianna,Katarina,1,0.11887737402850068,0.11887737402850068,0.11887737402850068,-0.11887737402850068,0.2970642284431838,0.4159416024716845
FiddleSticks,KogMaw,2,0.1188654007820586,0.1188654007820586,0.12406372469913286,-0.1188654007820586,0.40472126804265907,0.5235866688247177
Nautilus,Seraphine,32,0.11884933044393477,0.057284941439748355,0.2798753915864873,0.07729882562549106,0.4794517779415204,0.4021529523160293
Maokai,Naafiri,3,0.11884302380174577,0.1331091993657938,0.16294057435756765,0.11884302380174577,0.45909971932679045,0.3402566955250446
KSante,Senna,4,0.11875686553548229,0.08985469575942064,0.18407630870572173,0.11875686553548229,0.34177452856141255,0.2230176630259303
Pyke,Lux,16,0.11853221047935125,0.1132187273318297,0.22034854011717725,-0.007979095790524027,0.5371209720271106,0.5451000678176348
Poppy,Velkoz,5,0.11852609689284957,0.1244702512102458,0.1773411288492349,-0.07467486864973714,0.5544699565431691,0.6291448251929064
TwistedFate,Yunara,3,0.11850181257654228,0.13862183561114094,0.1686396964745525,-0.11850181257654228,0.43799304514645726,0.5564948577229996
FiddleSticks,Ezreal,37,0.11850087703493971,0.10949311749522317,0.20157922572967102,0.017321383061835203,0.409485892171361,0.39216450910952577
Neeko,Senna,12,0.11847268083549707,0.10728094866300622,0.1787246802198185,-0.07560619833578915,0.40027443255121403,0.47588063088700316
Bard,MissFortune,90,0.11846350920384743,0.09114423258572718,0.2728115930444653,-0.019630494759398202,0.49252282678932885,0.5121533215487271
TahmKench,Yunara,13,0.11839154471579091,0.12793664760342555,0.20619599064629823,-0.026826173125649663,0.36795581854888215,0.3947819916745318
Braum,Brand,3,0.11835369376539832,0.15381588203976332,0.17048374336277283,-0.0019198879697148452,0.34762984399896313,0.34954973196867795
Blitzcrank,Smolder,37,0.11832305343787897,0.09892759133770301,0.23557100049234841,0.02822267278054836,0.45596365203891287,0.4277409792583645
Pantheon,Ashe,10,0.11831907945704198,0.09673904687747242,0.21390619035427164,-0.015831430597617862,0.4625020863339827,0.4783335169316006
Karma,Seraphine,23,0.11826908241210661,0.09540754510576,0.19085903246789346,0.00554557631640881,0.43567917813516815,0.43013360181875926
Shaco,Varus,17,0.11822333558416395,0.10514637691407996,0.23198798713980046,-0.006716504221072754,0.5329947881052651,0.5397112923263379
Velkoz,Kaisa,12,0.11819565752301603,0.08716383146088724,0.24110078011991287,0.07813191399628783,0.3142749398410705,0.23614302584478272
Anivia,Kaisa,10,0.11817493818172269,0.115921894447926,0.15670344580943527,0.05843964930525643,0.36080647268805544,0.302366823382799
TahmKench,Karthus,2,0.11812908891597934,0.11812908891597934,0.18438202806003332,-0.08281617393006746,0.39425420557482166,0.4770703795048891
Senna,Singed,6,0.1180000138215253,0.0972215973561838,0.20977505542249575,0.0021152559787471262,0.3242561751862885,0.3221409192075414
Nautilus,Brand,13,0.11794933901599844,0.09744148006151798,0.23696054126817778,0.016877957068175554,0.4561384969192315,0.4392605398510559
Senna,Cassiopeia,6,0.11784699308165288,0.11876283256159124,0.19825851661153637,-0.052741949417122375,0.28652689228474587,0.3392688417018683
Singed,Corki,2,0.11781187740319018,0.11781187740319018,0.13429363776089684,0.020602200447133318,0.5112946606418604,0.490692460194727
Sona,Lucian,69,0.11776260152369253,0.10328443221746325,0.2519145379304526,-0.018576334784211234,0.31747365460706983,0.33604998939128106
Rakan,Orianna,1,0.11773641622816833,0.11773641622816833,0.11773641622816833,-0.11773641622816833,0.3874990425832383,0.5052354588114066
Blitzcrank,Ziggs,9,0.11772015513713002,0.08691512091019138,0.21190145369465352,0.06717892684301892,0.510841237589487,0.443662310746468
Braum,Vayne,44,0.11768338424985135,0.09691111339102701,0.21775067548490645,0.0259191023482338,0.33905425606642076,0.31313515371818695
Thresh,Nilah,21,0.11767666973851013,0.09968388348342061,0.22121820884251728,0.03681503647256503,0.3393697272255219,0.3025546907529568
Karma,Cassiopeia,14,0.11758839069791913,0.09352812705552997,0.22420883884918963,0.043506955924469716,0.36166910094363575,0.31816214501916606
Skarner,Senna,2,0.11757766881927134,0.11757766881927134,0.13255203468276808,-0.11757766881927134,0.4227471387102979,0.5403248075295692
Ornn,Zeri,1,0.11754392033814792,0.11754392033814792,0.11754392033814792,0.11754392033814792,0.3582303188999227,0.24068639856177476
Taliyah,Veigar,1,0.11749025790858308,0.11749025790858308,0.11749025790858308,-0.11749025790858308,0.48558757033172534,0.6030778282403084
Neeko,Mel,10,0.11741245705137127,0.07956256066595571,0.24163809277738307,0.009601565615455688,0.46901223243433243,0.45941066681887677
Yuumi,Kaisa,14,0.11736362909539697,0.12699289035647998,0.17668147110288931,0.008778655980473558,0.16342989838608782,0.15465124240561426
Sona,Twitch,32,0.11732302622473317,0.10209583658683526,0.2506367538908298,-0.029679974329673398,0.3073849140991334,0.3370648884288068
Rakan,Lux,9,0.11731176310700812,0.11228260128299256,0.1923228410851888,-0.037001355587769715,0.42594274640925806,0.46294410199702773
Nautilus,Sion,2,0.11727276857155267,0.11727276857155267,0.16517006419369137,-0.11727276857155267,0.5269391329730495,0.6442119015446022
Ivern,Aphelios,2,0.11727264358270889,0.11727264358270889,0.20681196166804083,0.11727264358270889,0.39590235682417046,0.2786297132414616
Annie,Draven,3,0.11723624280046774,0.12405901309300038,0.15307943190255843,0.010346551730502437,0.3648359369731829,0.3544893852426805
Renata,Samira,9,0.11713673589725088,0.12705606422714705,0.17507938977769566,-0.01117067112068882,0.3328278156132359,0.3439984867339247
Seraphine,Swain,21,0.11700132390401373,0.10356466972580469,0.20753648351547083,0.038518664700167904,0.3366236536979517,0.29810498899778387
Janna,Syndra,4,0.11699342721154919,0.1115219804560302,0.1773418631441986,0.0054714467555189855,0.4643369995043662,0.4588655527488472
Trundle,Zeri,3,0.11696451435973003,0.14594530222807617,0.1741383060765156,-0.0038265236660202837,0.40838961435125176,0.412216138017272
XinZhao,Ashe,1,0.11688063386280795,0.11688063386280795,0.11688063386280795,0.11688063386280795,0.4914418643887115,0.37456123052590357
Nidalee,Ezreal,13,0.11686617394473234,0.08666597112625435,0.2302888511539048,0.020311405939227974,0.47891933734029923,0.4586079314010713
Zyra,Aphelios,10,0.11684945745761814,0.09425297589128905,0.20824153346764085,-0.021358947110090384,0.2972609475171993,0.3186198946272897
Hwei,Smolder,3,0.11679612589770101,0.1045777435944652,0.1793447735524379,0.11679612589770101,0.32343626860627356,0.20664014270857256
Rakan,Syndra,7,0.11674914086280218,0.09457190319639569,0.2388276117065937,0.0008443686223261272,0.4685089971663411,0.467664628544015
Zilean,Brand,3,0.11658695813677365,0.0705869418907441,0.22124898548335992,0.06952899687627757,0.3757116564614306,0.30618265958515306
Sion,Yasuo,1,0.11657616194767562,0.11657616194767562,0.11657616194767562,-0.11657616194767562,0.3497015254495268,0.46627768739720243
Amumu,Lux,1,0.1165536168717306,0.1165536168717306,0.1165536168717306,0.1165536168717306,0.43898217761306657,0.32242856074133597
Ivern,Kalista,2,0.11650164506037775,0.11650164506037775,0.1584545409096505,-0.05244111981159094,0.36558221471418145,0.4180233345257724
Kennen,MissFortune,1,0.11645905932386025,0.11645905932386025,0.11645905932386025,0.11645905932386025,0.4155288155681044,0.29906975624424414
Swain,Jhin,21,0.11645661301877885,0.08871160838743908,0.27697786134125885,-0.04762828993740835,0.33695270520512427,0.38458099514253263
Lux,Caitlyn,167,0.1163966266422463,0.08987529234784503,0.2369464332585164,-0.0011162130242082088,0.3442063880054953,0.3453226010297035
Maokai,Kaisa,38,0.11634827259680278,0.0908319923740194,0.24222270130520546,-0.03543378596095583,0.41552179854057664,0.4509555845015325
Nidalee,Lucian,2,0.11625567212950044,0.11625567212950044,0.18615660842731085,-0.11625567212950044,0.4930667364070438,0.6093224085365443
Milio,Zyra,3,0.11624101722400203,0.08409774735787534,0.1916368739286147,-0.029440086490197675,0.326723050791921,0.3561631372821186
Zilean,Cassiopeia,6,0.11622397239133035,0.11987441600242832,0.1594341782341073,0.009934520235258806,0.3724722266066241,0.3625377063713653
Braum,Lucian,132,0.11616657914260203,0.10179022698772633,0.23749525870335825,-0.009746792205578399,0.344014643554927,0.35376143576050534
Sejuani,Kaisa,3,0.11604861111198206,0.10440435121169805,0.16144558113503987,-0.0010886479652681598,0.40118961903472483,0.402278266999993
Maokai,Ashe,10,0.11595503108465104,0.1083992134196167,0.17747213764098696,-0.047728538127282484,0.4163349463765771,0.4640634845038596
Velkoz,Ashe,24,0.11595337852515614,0.08848584038346341,0.2794129656076662,0.01809659926956417,0.31888429172318583,0.3007876924536217
Zilean,Viktor,1,0.1159500314482253,0.1159500314482253,0.1159500314482253,0.1159500314482253,0.41058416580010537,0.2946341343518801
Veigar,Nilah,1,0.1159433571458518,0.1159433571458518,0.1159433571458518,-0.1159433571458518,0.2801907785725185,0.3961341357183703
Ekko,Brand,1,0.11575858848802123,0.11575858848802123,0.11575858848802123,-0.11575858848802123,0.5315624376473299,0.6473210261353511
Neeko,Ziggs,9,0.1157241909855356,0.1089192364963606,0.24087656087190087,0.0008522176895152975,0.4987222205010862,0.49787000281157096
Rakan,Varus,88,0.11562535019067659,0.09673667581266268,0.22734599526027074,-0.0005857634709439636,0.42405155002371997,0.42463731349466394
Braum,Kindred,1,0.11551284494737005,0.11551284494737005,0.11551284494737005,0.11551284494737005,0.3642932054564767,0.24878036050910665
Thresh,Orianna,1,0.11515227916030263,0.11515227916030263,0.11515227916030263,-0.11515227916030263,0.42733998801457035,0.542492267174873
Brand,Viktor,1,0.11511006143777053,0.11511006143777053,0.11511006143777053,0.11511006143777053,0.3916622634877042,0.2765522020499337
Karma,Lux,14,0.11510432126674673,0.09041086043196866,0.21855986598722793,0.0382746644375145,0.4086954598518283,0.3704207954143138
Ekko,Katarina,1,0.11508529330003792,0.11508529330003792,0.11508529330003792,0.11508529330003792,0.4448418014710015,0.3297565081709636
Alistar,KogMaw,20,0.11508104016578162,0.0823262493843625,0.29104156805516057,-0.006556349562476671,0.456245952999461,0.4628023025619378
Quinn,Swain,1,0.11503976401784327,0.11503976401784327,0.11503976401784327,0.11503976401784327,0.45902139328232905,0.3439816292644858
Shaco,Vayne,4,0.11502696713325376,0.11762765561135763,0.19770070303143428,-0.02481895787563755,0.5056202502795308,0.5304392081551684
Pyke,Ziggs,26,0.11498593895294247,0.09806949200762616,0.23422715950861045,0.021736433848283873,0.5535977279799,0.5318612941316162
Janna,Ekko,3,0.11492961151920478,0.1282103101369636,0.135945465392239,-0.023010108715166216,0.5056972062207107,0.5287073149358769
Neeko,Zilean,2,0.11486485522157014,0.11486485522157014,0.14635368774398785,-0.11486485522157014,0.4389501705452951,0.5538150257668653
Soraka,Veigar,9,0.11482329115106713,0.11141506193916573,0.16149804167532175,-0.05490350933906231,0.3652112037505696,0.4201147130896319
Elise,Jhin,55,0.11480572485314917,0.1009725635659679,0.2359264797590283,-0.016001027315115848,0.5240491192065903,0.5400501465217061
Zilean,KogMaw,8,0.11476048749396721,0.07630274850940386,0.23411087819100335,-0.026483368531780956,0.36991887954989805,0.396402248081679
Blitzcrank,Sivir,25,0.11472175720142402,0.1018315683373171,0.15532462994338214,-0.03512078608009416,0.46935049056806016,0.5044712766481543
Sylas,Kalista,4,0.11470405812503842,0.08401091457026452,0.23563425597157361,-0.04459246800135219,0.4169036269458328,0.46149609494718496
Bard,Lucian,34,0.11467115208557234,0.10017783182924916,0.20423707535862343,-0.05331633701185272,0.4858728927373066,0.5391892297491594
Velkoz,Tristana,9,0.11458540093331328,0.08654519747421338,0.22331278933298784,0.029548816991388505,0.3183056821259578,0.2887568651345693
Velkoz,Jhin,85,0.11453670754278779,0.09958876460025307,0.25393953518424595,0.005359783172332815,0.3394026306520208,0.33404284747968804
Rakan,Draven,42,0.11451453571399661,0.08954930223950536,0.22695691276205573,-0.026594259796126528,0.38407284499259947,0.41066710478872603
Neeko,Vladimir,5,0.11445116128163328,0.10697266824011614,0.16418862019217548,-0.008771025340641525,0.4497747526996448,0.4585457780402863
Neeko,Tristana,20,0.11436131468335353,0.12643286700400064,0.2225826437845465,-0.06162240793172781,0.4002571108092897,0.4618795187410175
Alistar,Katarina,4,0.1143591804397191,0.09182508418844293,0.18722063969415148,-0.05419082960848423,0.4202596655489709,0.47445049515745513
Velkoz,Smolder,22,0.11433087249171309,0.13513414314077787,0.2108160594921576,-0.011134842025325685,0.3352739116380125,0.34640875366333823
Maokai,Kalista,4,0.11431203851328861,0.10432251144362681,0.23437990201224682,0.011319214591831606,0.3811211093733142,0.3698018947814826
Pyke,Morgana,1,0.11430002468196887,0.11430002468196887,0.11430002468196887,-0.11430002468196887,0.5382542311952799,0.6525542558772488
Trundle,AurelionSol,2,0.114278877715185,0.114278877715185,0.17921093164117397,-0.08116506740748622,0.44890067333625305,0.5300657407437392
Renata,Vladimir,2,0.11418736017149808,0.11418736017149808,0.17484987232702315,0.07582814019440634,0.38141961666405894,0.30559147646965257
Shen,Nilah,2,0.11405603018328439,0.11405603018328439,0.12781326820429725,0.11405603018328439,0.338930051832854,0.22487402164956963
Sona,Viktor,2,0.1140485681604953,0.1140485681604953,0.1966702777068229,0.10327713693290952,0.3428233965754323,0.2395462596425228
Nidalee,Smolder,5,0.11401117704029848,0.10075633375044762,0.21754641254896379,0.09428944240886153,0.4653886624950343,0.37109922008617274
Morgana,Ziggs,4,0.11394852803856272,0.10538290144896731,0.21038959963535908,0.03653729568673948,0.4226537656863938,0.3861164699996543
Pantheon,Karthus,6,0.11393905051859617,0.0378378956274687,0.2920176660985567,-0.013408112027829258,0.5033047582619404,0.5167128702897696
Zilean,Yasuo,6,0.11392292752299109,0.12672744728356056,0.19147049602271568,0.0988880996310826,0.3551280040917897,0.25623990446070705
Soraka,Smolder,45,0.11392229626602866,0.09493355103684978,0.2524306179931015,0.021513128285522248,0.3263589380289008,0.3048458097433786
FiddleSticks,Vladimir,1,0.1138169105639234,0.1138169105639234,0.1138169105639234,0.1138169105639234,0.43985570449817035,0.32603879393424695
Skarner,Samira,2,0.11368023987782547,0.11368023987782547,0.12526640251403476,0.014482703295261606,0.39860693543067727,0.3841242321354157
Shaco,Xayah,6,0.11363448922506653,0.08309818204337222,0.23842096875919333,0.013698489343442774,0.5622316244979572,0.5485331351545144
Janna,Zilean,5,0.11363255270958217,0.06917554338169307,0.23276181711912292,0.07402982080876878,0.5232714306603523,0.44924160985158357
Anivia,Caitlyn,13,0.11345916630420863,0.0873758993883505,0.21270465613442696,0.016888711053685716,0.3488874176877227,0.33199870663403697
Ivern,Jhin,3,0.1134330012890933,0.10805655369561368,0.12231136452088845,-0.04252141265945392,0.4446126506179531,0.48713406327740705
Rell,Aurora,2,0.11341363489804818,0.11341363489804818,0.13962801555629134,0.03276797582280394,0.5367227868527982,0.5039548110299943
Velkoz,Samira,9,0.11338633258610975,0.09613665223358536,0.2940687511022726,-0.056943994728622896,0.3043071902183312,0.3612511849469542
Sylas,Nilah,2,0.11331170126236176,0.11331170126236176,0.18715524503835107,0.11331170126236176,0.39592506209892175,0.28261336083655997
Blitzcrank,Swain,11,0.11329293827191256,0.11778303660077238,0.19108911440886234,0.0349057421260155,0.4691442421972472,0.4342385000712317
Janna,Senna,20,0.11327314837339761,0.07422044321525473,0.2625890579543027,-0.0011545782024728196,0.4126941516663508,0.41384872986882354
Leona,Hwei,11,0.11322186005005945,0.06777235915295754,0.2496774957743416,0.057561695223871334,0.46403894527107475,0.40647725004720336
Swain,Lucian,6,0.11314474554353614,0.10705064409874915,0.17397737191205254,0.004144388609772773,0.3107599013410253,0.3066155127312526
Zilean,Draven,9,0.11312709142751763,0.08449728027041198,0.2248082319232691,-0.03584082631625115,0.3302673607927391,0.3661081871089902
Zac,Caitlyn,1,0.11310820791817655,0.11310820791817655,0.11310820791817655,0.11310820791817655,0.37928267834369084,0.2661744704255143
Leona,Rengar,1,0.11306381061341292,0.11306381061341292,0.11306381061341292,-0.11306381061341292,0.37942877782046924,0.49249258843388216
Zilean,Ekko,1,0.11302389176272487,0.11302389176272487,0.11302389176272487,-0.11302389176272487,0.3820698753689204,0.49509376713164527
Nautilus,Ekko,2,0.11283098189452015,0.11283098189452015,0.17149875061691253,0.11283098189452015,0.4703894107891529,0.35755842889463274
Pyke,Brand,9,0.1128305362949924,0.12336610442887597,0.2038220651581471,-0.061622030682361086,0.5288616840035303,0.5904837146858913
Yuumi,Draven,13,0.11282192970581018,0.08370317634803072,0.20756234750269828,-1.7814256069786712e-05,0.14115121138593845,0.14116902564200823
Karma,Ziggs,32,0.11281802230417601,0.0846905265760112,0.2364914220943687,-0.03171126774963945,0.44094757824545,0.47265884599508945
Sylas,Ashe,5,0.11262018959971953,0.10437923872806493,0.21659736765434381,-0.09644954135989084,0.4800600542136807,0.5765095955735715
Mel,Yunara,8,0.11257911082602087,0.09446627337120628,0.2148335740121388,-0.03424691420240724,0.32603391483347527,0.36028082903588254
Brand,Ashe,9,0.11254018489430953,0.06272504126942402,0.24206428655051684,-0.013728422396763354,0.39243630824061504,0.40616473063737846
Poppy,Yunara,31,0.11249590669630836,0.08462650226108315,0.24221121283895158,0.011882340291284852,0.4710682459949201,0.45918590570363527
Ambessa,Kaisa,1,0.11229418752521692,0.11229418752521692,0.11229418752521692,-0.11229418752521692,0.3873322600045207,0.4996264475297376
Thresh,Aurora,1,0.1122860221302257,0.1122860221302257,0.1122860221302257,0.1122860221302257,0.4352318722954462,0.3229458501652205
Maokai,Jinx,16,0.11222716270498995,0.0493487985704574,0.28047512155075,-0.042562101230329,0.41977404858399414,0.46233614981432314
Vayne,Swain,1,0.11220843397946101,0.11220843397946101,0.11220843397946101,-0.11220843397946101,0.4198704752031559,0.5320789091826169
Leona,Fiora,1,0.11220631340966547,0.11220631340966547,0.11220631340966547,0.11220631340966547,0.3675369581154682,0.25533064470580275
Rakan,Vayne,27,0.11215928444319191,0.09469672106696564,0.21992503454322027,0.010824058829410572,0.4002405118819665,0.3894164530525559
Sylas,Veigar,2,0.112108262858791,0.112108262858791,0.12831887166866063,-0.112108262858791,0.5013900746964028,0.6134983375551939
Yuumi,Zeri,91,0.11209009734919105,0.11122721720157289,0.17380734909040324,0.04426130258876738,0.15652475397162874,0.11226345138286138
Alistar,Mel,44,0.11202910072330265,0.11282652601378546,0.21180171395800412,0.002159819687964588,0.4947467186175953,0.4925868989296307
Seraphine,Senna,26,0.11202528572604314,0.10025663220040221,0.2118915897492308,-0.025567519388955826,0.31986346925066084,0.34543098863961663
Senna,Aphelios,26,0.11201126395899642,0.08905850730111517,0.2405623102913838,-0.015352062733220298,0.28155848428169544,0.29691054701491576
Yuumi,LeeSin,1,0.11196490269461998,0.11196490269461998,0.11196490269461998,-0.11196490269461998,0.15183485738350858,0.26379976007812855
Milio,Yasuo,4,0.1119272606708975,0.07322408196002465,0.24826587594445904,0.1119272606708975,0.3096716133449893,0.19774435267409182
Pyke,Vayne,30,0.11188538279289494,0.10708893023245178,0.2166146372254937,0.019121805643645,0.46377464994545986,0.44465284430181484
Rakan,Akali,1,0.11184958688259156,0.11184958688259156,0.11184958688259156,-0.11184958688259156,0.4152146907069583,0.5270642775895499
TahmKench,Lucian,3,0.11175503046805142,0.11878394725903993,0.18584478083385864,-0.023318295683657425,0.35343244841295096,0.3767507440966084
Shen,Cassiopeia,1,0.11169232089003162,0.11169232089003162,0.11169232089003162,0.11169232089003162,0.3191442072661099,0.2074518863760783
Lissandra,Yunara,2,0.11165457027981468,0.11165457027981468,0.15822914735677115,-0.11165457027981468,0.3914978405730235,0.5031524108528382
Rell,Morgana,1,0.1116368179948044,0.1116368179948044,0.1116368179948044,-0.1116368179948044,0.4861492800522518,0.5977860980470562
Neeko,Vayne,25,0.11163527042042284,0.06841294130895165,0.24602145017253121,-0.03629789910758085,0.3889004077851686,0.42519830689274946
Yuumi,Aphelios,31,0.11160872033280678,0.09354671896767719,0.1677718554086819,0.03829699458034815,0.15297644320258216,0.11467944862223402
Rakan,Zyra,9,0.111511436267062,0.09616189986189633,0.19185325130550734,0.07897554163376697,0.49049688027594385,0.41152133864217694
Sylas,Yunara,13,0.11123072154446735,0.0788330304771615,0.22379375796399636,-0.02884176336101158,0.48717153015717946,0.516013293518191
Rakan,Kalista,9,0.11111421734425847,0.0792494026647233,0.218219864732938,0.023550402034074294,0.3739600054519132,0.35040960341783894
Shaco,Chogath,1,0.11091427404366017,0.11091427404366017,0.11091427404366017,-0.11091427404366017,0.5337382847439954,0.6446525587876556
Maokai,Sivir,8,0.11073901834925087,0.09275019491006897,0.22200281141656733,0.015522296657447802,0.4441745934570494,0.4286522967996016
Pyke,Aphelios,45,0.11069439610188181,0.08620280731589319,0.22501219453298002,-0.04203125559156657,0.4672686085552184,0.509299864146785
Yuumi,Lucian,92,0.11064729684416827,0.09166813572832683,0.1740055415735193,0.01980997017794522,0.15248532043652227,0.13267535025857705
TwistedFate,Zeri,1,0.11062781179396158,0.11062781179396158,0.11062781179396158,0.11062781179396158,0.5053820840002505,0.39475427220628895
Vi,Senna,1,0.1105227827160134,0.1105227827160134,0.1105227827160134,-0.1105227827160134,0.4354244474703696,0.545947230186383
Swain,MissFortune,6,0.11044762685715322,0.05833384146741041,0.24103855636864063,0.10462273691518222,0.33279200147071675,0.22816926455553452
Taric,Hwei,2,0.11040761512958412,0.11040761512958412,0.196987082763597,0.1082243345425161,0.374596461376864,0.2663721268343479
Taric,Jax,2,0.11038096308413922,0.11038096308413922,0.15018446905207777,0.04975438245992317,0.2826642544330435,0.23290987197312032
Morgana,Jinx,14,0.11033149999266524,0.12544343488986676,0.21223022116436155,0.01647030937385299,0.35496728727649546,0.3384969779026425
Alistar,Seraphine,26,0.11028087922208361,0.08954359224290198,0.22191227052513313,0.03648057372675242,0.5103561406112953,0.47387556688454285
Yuumi,Kayn,2,0.110277802232086,0.110277802232086,0.19658955279810816,-0.1078896882075277,0.22581786131710826,0.333707549524636
Elise,Ekko,1,0.11026275410553554,0.11026275410553554,0.11026275410553554,-0.11026275410553554,0.6010822634869601,0.7113450175924957
XinZhao,Caitlyn,2,0.11022808136891224,0.11022808136891224,0.16682003764917924,-0.07073994535033376,0.4859344462890769,0.5566743916394106
Rakan,Ziggs,29,0.11020530321429799,0.10588648727536076,0.2128533121064304,0.016567877745268994,0.49721310188584994,0.4806452241405809
FiddleSticks,Senna,5,0.11018303620962107,0.04883038895016467,0.23207702892695445,-0.017772871408054586,0.3862560040853585,0.40402887549341304
Nautilus,Senna,80,0.11017248656136087,0.08979010112823174,0.22208547906311715,0.02169899008507652,0.4141466449810789,0.39244765489600236
Swain,Veigar,2,0.11016221119558013,0.11016221119558013,0.1548607557978665,0.11016221119558013,0.38226048889798114,0.272098277702401
Zoe,Jhin,28,0.110070823815443,0.10537254622561334,0.23355651887148354,-0.01512981428766373,0.4285660079345896,0.44369582222225334
Maokai,Senna,8,0.10998644234846842,0.09786900658993974,0.2219514521687322,0.06105193905349855,0.41781962037640274,0.3567676813229042
Karma,Vladimir,19,0.1098900750963223,0.08876259623588795,0.21482794548314887,0.01571333275844228,0.42238199405403454,0.40666866129559226
Velkoz,Jinx,14,0.10985290295400281,0.11698505777130298,0.20552481698749653,0.059574734067683315,0.31433545790649614,0.2547607238388128
Nidalee,Vayne,1,0.10984523498211873,0.10984523498211873,0.10984523498211873,-0.10984523498211873,0.4016109851506299,0.5114562201327486
Yuumi,Yunara,49,0.10980196530822249,0.10628066294182156,0.17661080252557435,0.040183949343752724,0.16259316023468087,0.12240921089092816
Zilean,Katarina,3,0.10978711445355517,0.13716451338864866,0.17741393608885161,-0.10664008898147882,0.34098357999783446,0.4476236689793132
Lux,Ziggs,2,0.10975922128958363,0.10975922128958363,0.11477824857888484,-0.006273784111626518,0.4208456845266534,0.4271194686382799
Gragas,Samira,2,0.1097349346695463,0.1097349346695463,0.11626363356459124,0.1097349346695463,0.36301530136278076,0.25328036669323445
Karthus,Senna,1,0.10973223713911534,0.10973223713911534,0.10973223713911534,0.10973223713911534,0.2923324108286038,0.18260017368948844
Tryndamere,Kayn,1,0.10964002552649066,0.10964002552649066,0.10964002552649066,-0.10964002552649066,0.41568598168827775,0.5253260072147684
Nautilus,Zoe,1,0.10945400432599534,0.10945400432599534,0.10945400432599534,-0.10945400432599534,0.4568920155732978,0.5663460198992931
Braum,Draven,30,0.10943195535176051,0.0773304033112456,0.22956200076782066,0.005784034194550288,0.34815974806135547,0.34237571386680515
Senna,Ziggs,38,0.10937516502937096,0.08852117989102473,0.20091723501753192,-0.0075714024267340765,0.3599071232400077,0.3674785256667418
Elise,Swain,5,0.10931602558625189,0.0800327087018145,0.22521233596594847,-0.07730294210552607,0.5474755622420135,0.6247785043475396
Poppy,Kalista,8,0.10928604269780526,0.10223186454311867,0.1870975528567008,-0.0760397792386065,0.44118282913362306,0.5172226083722296
Alistar,MasterYi,2,0.10923418088066714,0.10923418088066714,0.17974763290616047,-0.08814181503186666,0.489279662716946,0.5774214777488127
Taliyah,Jinx,1,0.10920580580728945,0.10920580580728945,0.10920580580728945,-0.10920580580728945,0.38709934638622234,0.4963051521935118
Poppy,Xerath,1,0.10900579809369582,0.10900579809369582,0.10900579809369582,-0.10900579809369582,0.5641862986545116,0.6731920967482075
Senna,Xayah,17,0.10898241150178628,0.08541425617964865,0.18901533899731662,0.01693498422189601,0.3087721345375699,0.2918371503156739
Zoe,Ziggs,4,0.1089629641032986,0.12849102316680647,0.17174461471455288,0.029460789110175897,0.47375299518985786,0.44429220607968195
Janna,Cassiopeia,8,0.10894165151830294,0.08110025877505542,0.20559104469537948,-0.08316410163594855,0.40983322813666795,0.4929973297726165
Leona,Irelia,1,0.1087596296370168,0.1087596296370168,0.1087596296370168,0.1087596296370168,0.4141250499061392,0.3053654202691224
Nami,Nilah,34,0.10875260265800878,0.0924267174054504,0.22990464600418825,0.02503060089207331,0.3020245003734617,0.2769938994813884
Swain,Cassiopeia,1,0.10870620630923411,0.10870620630923411,0.10870620630923411,-0.10870620630923411,0.31606519735340727,0.4247714036626414
Sona,Nilah,36,0.10870396702024385,0.0819962953887922,0.20870630145644442,0.028640953903266694,0.2834537680272256,0.25481281412395895
Shen,Tristana,9,0.10865586999409564,0.09119189832343805,0.1682553256229979,0.048957522675408684,0.34008602845817726,0.29112850578276855
Milio,Hwei,2,0.1086256124837311,0.1086256124837311,0.17308349282674051,-0.1086256124837311,0.39705467448907106,0.5056802869728022
Seraphine,Kaisa,21,0.10852990974716989,0.11734692321920245,0.18259910934618923,0.00915041377717297,0.3099647816903835,0.3008143679132105
Elise,Twitch,14,0.10849168729933646,0.07768800574583046,0.23657939669073993,0.017747230335306046,0.5348757656998726,0.5171285353645666
Pantheon,Zed,1,0.10830240464177487,0.10830240464177487,0.10830240464177487,-0.10830240464177487,0.5436244758933868,0.6519268805351617
Rakan,AurelionSol,33,0.10826407986433137,0.09175138358382867,0.22208282764433634,0.0025050495761225837,0.46424212155118827,0.4617370719750657
Galio,Caitlyn,6,0.10822664064147734,0.10431346146341108,0.20293873348735925,0.038790207586996646,0.43406112775923705,0.39527092017224047
Rell,Ziggs,27,0.10820191517207493,0.08068328637881073,0.19371659879679806,0.02287952254203552,0.49996598423435273,0.4770864616923172
Trundle,Samira,1,0.10801890326053043,0.10801890326053043,0.10801890326053043,0.10801890326053043,0.4070886595047746,0.29906975624424414
Senna,Vladimir,14,0.10797927277975643,0.11207203787003145,0.18978494335056992,0.012761899944575977,0.3402930139531394,0.32753111400856344
Lulu,Ryze,2,0.10793494279081417,0.10793494279081417,0.15116438888715186,0.05403680762042212,0.3401852643267874,0.28614845670636535
Rell,Gwen,1,0.10784618226333414,0.10784618226333414,0.10784618226333414,0.10784618226333414,0.47846770117242643,0.3706215189090923
Velkoz,Caitlyn,39,0.10782091041675623,0.07913043904586858,0.2312230693676865,-0.02578560472540699,0.315286903077706,0.34107250780311293
Malzahar,Jhin,1,0.10780948168385546,0.10780948168385546,0.10780948168385546,-0.10780948168385546,0.32626971755367784,0.4340791992375333
Rell,Seraphine,22,0.10775372761372552,0.09055314291191138,0.26196690835803454,0.011825405361634662,0.4974922988962902,0.48566689353465553
Xerath,Sivir,3,0.10774858212321888,0.12631222530379227,0.12948188706606817,0.023540431920690708,0.29998120374434273,0.27644077182365195
Brand,Jinx,4,0.10770456042159826,0.11943086223498146,0.13748195709025662,0.0370787970587221,0.36380587588414215,0.32672707882542
Bard,Vladimir,20,0.10767316162641735,0.11782646799143107,0.1863917612880375,-0.005508314040608056,0.5455033781250087,0.5510116921656167
Yuumi,KogMaw,4,0.10759883488445887,0.10309117947537061,0.18322479573073286,-0.06529492225345697,0.17231241796523822,0.23760734021869517
Yuumi,Naafiri,2,0.10755651872299851,0.10755651872299851,0.11837437928613517,0.013522325703920833,0.1734151415295114,0.15989281582559056
Vladimir,Lucian,1,0.1073788624729132,0.1073788624729132,0.1073788624729132,0.1073788624729132,0.34910996983925047,0.24173110736633727
Taliyah,Kaisa,4,0.10735842953880524,0.11774084494007586,0.17416306521195551,-0.10669371289278366,0.42278635349950183,0.5294800663922855
Bard,Xerath,8,0.10725732463920087,0.09336625226170037,0.20602753457661388,-0.02376363674186898,0.5596656098042202,0.5834292465460892
Galio,Aphelios,3,0.10723486841793346,0.09563039679056312,0.1554988673690807,0.006409121591206592,0.3910510774338718,0.38464195584266525
Shaco,Sivir,4,0.10722313927320329,0.056887710393094704,0.23267112728569095,-0.09726415094257682,0.5499184621182921,0.6471826130608689
Yuumi,Tristana,32,0.1071155746832892,0.08776313580068615,0.16348779321098156,0.0539255879117732,0.15322951915947758,0.09930393124770438
Zyra,Lucian,4,0.10706329109834911,0.09692845631592294,0.18850564189786922,-0.010134834782426182,0.2744959041602301,0.2846307389426563
Maokai,Tristana,7,0.1070027893270635,0.10880237209417026,0.15005840851580843,0.04219306682914741,0.4066771703572797,0.36448410352813226
Lulu,Swain,4,0.10699265730350326,0.09278886439212916,0.19961313406182596,-0.014203792911374094,0.35991436440098556,0.37411815731235964
Alistar,Hwei,10,0.10699005818032814,0.09635180105409238,0.2105138915625289,-0.06135692678991049,0.5222391685845635,0.583596095374474
Ashe,Ziggs,2,0.10698158212863147,0.10698158212863147,0.11817207956683615,0.10698158212863147,0.3816586689870574,0.27467708685842596
Pantheon,AurelionSol,13,0.10691820098297197,0.10097463471717583,0.1627604973458097,-0.02477158173367506,0.5083656913803193,0.5331372731139943
Leona,Syndra,6,0.10682915346554389,0.08226560275961922,0.207179464444735,0.05366171631996262,0.5004722149089674,0.44681049858900473
Thresh,Diana,1,0.10675982003665346,0.10675982003665346,0.10675982003665346,-0.10675982003665346,0.3840770496816214,0.49083686971827484
Bard,Sivir,113,0.10663696376668051,0.08540639215598123,0.2389966861025593,-0.020772935581075458,0.5287555490877268,0.5495284846688023
Pantheon,Brand,4,0.10658251014571897,0.09747758935963399,0.16959434744643223,-0.02830086093931293,0.5031526240259254,0.5314534849652384
Thresh,Teemo,1,0.10654642830579453,0.10654642830579453,0.10654642830579453,-0.10654642830579453,0.3839489760592234,0.49049540436501793
Shen,Brand,1,0.10640118490467898,0.10640118490467898,0.10640118490467898,0.10640118490467898,0.4225775196511561,0.3161763347464771
Karma,Yasuo,20,0.10636399646924125,0.09742901091752398,0.19180105961386093,0.01947042707455994,0.3771280135693469,0.35765758649478696
LeeSin,Jhin,1,0.10620249881269594,0.10620249881269594,0.10620249881269594,-0.10620249881269594,0.45841597753204266,0.5646184763447386
Ashe,AurelionSol,2,0.10616041458025709,0.10616041458025709,0.17450548513814232,0.10616041458025709,0.42084116633376806,0.31468075175351096
Elise,Lux,2,0.10600981994508582,0.10600981994508582,0.1875501453836989,-0.10600981994508582,0.549579936444037,0.6555897563891229
Rengar,Yunara,1,0.10600538088480232,0.10600538088480232,0.10600538088480232,-0.10600538088480232,0.3573071060924483,0.46331248697725064
Velkoz,Nilah,1,0.10598298948050389,0.10598298948050389,0.10598298948050389,-0.10598298948050389,0.3067493414662043,0.4127323309467082
Yuumi,Twitch,62,0.10579677676174729,0.09384197725086632,0.18738675884670017,-0.0059537905919465365,0.15238548745709204,0.15833927804903858
AurelionSol,Aphelios,1,0.10578604657762392,0.10578604657762392,0.10578604657762392,-0.10578604657762392,0.6174868250839535,0.7232728716615774
Alistar,Syndra,12,0.10576974698421904,0.06066581820355299,0.2832993417616209,0.05171303822559578,0.4967050168180669,0.44499197859247114
Vi,Corki,1,0.10576515999324182,0.10576515999324182,0.10576515999324182,0.10576515999324182,0.5021936314859125,0.39642847149267063
Yuumi,Ashe,5,0.10574932924722194,0.0631417354186741,0.19914350972546951,0.025848276683439787,0.17344761187914465,0.14759933519570487
Elise,Velkoz,4,0.10566933099725234,0.07905353566073181,0.21909633674581494,-0.10566933099725234,0.581392317785343,0.6870616487825952
Lulu,Cassiopeia,2,0.10561800632948701,0.10561800632948701,0.14078843966830565,-0.0439630416735233,0.2968971834983696,0.34086022517189285
Zac,Smolder,3,0.10557538660746153,0.0750893804632578,0.17833203720393778,-0.08057933462744886,0.41098594275961037,0.4915652773870593
Zilean,Kalista,5,0.10541714981864506,0.04966492186420429,0.2575389626482649,-0.06519416853869146,0.31000005606058056,0.375194224599272
TahmKench,Draven,6,0.10539240071611526,0.08077496645119978,0.22932394487470126,-0.029473737526453072,0.33547526249939624,0.36494900002584935
Swain,Yunara,9,0.10536912465188458,0.05650058346533676,0.20183827426943432,-0.027556320167693757,0.3293210642599558,0.35687738442764955
Akali,Jhin,1,0.10535892980914424,0.10535892980914424,0.10535892980914424,0.10535892980914424,0.5167317018064733,0.4113727719973291
Poppy,Varus,26,0.10529312315689913,0.06379430234425948,0.25384115667947194,-0.06811757523466032,0.48040382703029344,0.5485214022649537
Zyra,Twitch,3,0.10526883005866476,0.13388688069847476,0.1674725208909833,-0.01197712390074221,0.28047220467410194,0.2924493285748442
Soraka,Yasuo,10,0.1052472039652601,0.11902309753893392,0.19104352221204854,0.0669674870704893,0.3153113257582475,0.2483438386877582
KSante,Kaisa,4,0.10518644071572822,0.11114624302912746,0.15268687549699644,0.06520638158358641,0.3883905754481703,0.32318419386458386
Nami,Fiora,1,0.10514127714037091,0.10514127714037091,0.10514127714037091,-0.10514127714037091,0.3101169070535908,0.4152581841939617
Poppy,Twitch,8,0.10511114770173435,0.10417004070408797,0.17574348291710765,-0.0018147956336037156,0.4847226878813198,0.4865374835149235
Twitch,Ashe,1,0.10507303866722584,0.10507303866722584,0.10507303866722584,-0.10507303866722584,0.5899921436298485,0.6950651822970744
Skarner,Vladimir,1,0.10497655990301008,0.10497655990301008,0.10497655990301008,-0.10497655990301008,0.4225487180057525,0.5275252779087626
Camille,Yunara,8,0.10495849232658488,0.08055086882959639,0.17444047913559227,-0.05076859355882618,0.4925867131450384,0.5433553067038646
Gragas,Jinx,1,0.10493574480571549,0.10493574480571549,0.10493574480571549,0.10493574480571549,0.4751043203140677,0.3701685755083522
Zoe,Zeri,1,0.10473187382428845,0.10473187382428845,0.10473187382428845,0.10473187382428845,0.4096896563492741,0.3049577825249857
Morgana,Zeri,2,0.10470776555144207,0.10470776555144207,0.1640022334037603,0.10470776555144207,0.3644991248731607,0.25979135932171865
Poppy,Ziggs,3,0.10449013718196572,0.0950015681046753,0.1243643336732202,0.016686787138394776,0.5350895497084118,0.518402762570017
Yuumi,Jhin,13,0.10435569618009342,0.09639358212371336,0.20152230917727634,-0.025938442267363724,0.17288081351300522,0.19881925578036894
Poppy,Senna,10,0.10423698756503721,0.09741462868914455,0.1714520980953916,0.03675528933905965,0.46727949979832595,0.4305242104592663
Pyke,KogMaw,17,0.10421803998308103,0.09610194893232377,0.2508020890740289,-0.054320483586274296,0.4952218543336112,0.5495423379198855
Thresh,Viktor,6,0.10421669571244967,0.0848352783519403,0.20458751244019927,-0.0014871158096775212,0.3940584350849597,0.3955455508946372
TahmKench,Ambessa,1,0.10417580491879264,0.10417580491879264,0.10417580491879264,0.10417580491879264,0.44646166927997716,0.3422858643611845
Shen,Sivir,6,0.10412941096203171,0.0885270516419211,0.1813289979539547,0.027681890560417644,0.38211946108189193,0.35443757052147434
Brand,Hwei,1,0.10404698353141034,0.10404698353141034,0.10404698353141034,0.10404698353141034,0.38608015184581795,0.2820331683144076
Sylas,Vayne,5,0.10394383889543928,0.11723699071602106,0.1450879970270301,-0.017122553620227753,0.4315896961324661,0.4487122497526939
Annie,Nilah,1,0.10393413510952765,0.10393413510952765,0.10393413510952765,-0.10393413510952765,0.3437820788650056,0.44771621397453326
Nautilus,Ahri,3,0.10369519024902542,0.07109486543025906,0.16714359360450654,-0.056298613295519384,0.457261433233427,0.5135600465289464
Milio,Tristana,16,0.10366710611093957,0.05945178136548741,0.23886310229398386,0.02180727252344839,0.2936080705811127,0.27180079805766433
Soraka,Viego,2,0.10366464263562301,0.10366464263562301,0.1155654191735473,0.10366464263562301,0.3037535912664979,0.20008894863087495
Lux,Draven,3,0.10362034975468996,0.05285335681737474,0.20636894756376384,0.10362034975468996,0.3270784731840691,0.2234581234293791
Nautilus,Naafiri,5,0.10356844917366057,0.13143754024162813,0.15821089339574043,-0.01871615155649107,0.4608214980329789,0.47953764958947
Xerath,Samira,2,0.1035398190952594,0.1035398190952594,0.15343227924397554,-0.06236557518589518,0.25033054294894974,0.3126961181348449
Seraphine,TahmKench,1,0.10352608695287197,0.10352608695287197,0.10352608695287197,0.10352608695287197,0.22486029504347713,0.12133420809060516
Shen,Ashe,5,0.10348883078039654,0.14462022788646367,0.16875229615345888,-0.025951479627213087,0.33695974106562326,0.3629112206928363
Rell,Veigar,15,0.10348007917836652,0.0664575032439026,0.2101746869553611,-0.03623154084468198,0.4701445216015347,0.5063760624462167
Sylas,Karthus,1,0.10340281885270641,0.10340281885270641,0.10340281885270641,-0.10340281885270641,0.5439499654300844,0.6473527842827909
Leblanc,Mel,4,0.1033616230086897,0.1075575517850465,0.15919202206191474,-0.013323944356877587,0.5516681013575679,0.5649920457144455
Leona,Kalista,22,0.10334285603134297,0.10081971479741614,0.18267549332482508,-0.01874280291844036,0.37321198488425705,0.3919547878026974
Zilean,Tristana,12,0.10320462160292077,0.0464237128187395,0.30597021527899865,0.046954268885718964,0.3493650340459176,0.30241076516019866
Ashe,Brand,2,0.10316786974939908,0.10316786974939908,0.1729883652747513,0.08727561940669028,0.33533743203826627,0.248061812631576
Pantheon,Caitlyn,14,0.10303855081559128,0.088556946486046,0.20523404752714305,0.01882862316387124,0.46473263235751766,0.4459040091936464
Yuumi,Ezreal,66,0.10299089729104151,0.0992483999709646,0.18074765936895326,0.030695758036901437,0.16731449198637138,0.13661873394947
Zyra,Annie,1,0.10291845290190116,0.10291845290190116,0.10291845290190116,-0.10291845290190116,0.31171374439589083,0.414632197297792
Lulu,Senna,14,0.10287762221467482,0.09610378074559625,0.17936890775251996,0.0038087859178827254,0.3270370494487997,0.323228263530917
KSante,Seraphine,1,0.10284311805339891,0.10284311805339891,0.10284311805339891,0.10284311805339891,0.369991375056952,0.2671482570035531
Veigar,MissFortune,3,0.10278654284994604,0.10878326432210988,0.1561422520195651,0.10278654284994604,0.36135289565538486,0.2585663528054389
TahmKench,Ziggs,2,0.10245609721943133,0.10245609721943133,0.1101486345894617,-0.009615671712537965,0.4046886115825874,0.41430428329512536
Camille,Swain,1,0.10240406220881537,0.10240406220881537,0.10240406220881537,-0.10240406220881537,0.514360592734602,0.6167646549434174
Karma,Samira,14,0.10239064925847112,0.0904915333549462,0.16885832683231472,-0.029137504575436908,0.3592843404043764,0.3884218449798133
Zyra,Xerath,2,0.10233368307204802,0.10233368307204802,0.11905728582218175,-0.10233368307204802,0.34389887331611013,0.4462325563881581
Xerath,Kaisa,4,0.10230823056884016,0.11491662295809266,0.15813280000150082,0.09761369208071079,0.2858071469687181,0.18819345488800737
Lux,Rengar,1,0.10221373649206844,0.10221373649206844,0.10221373649206844,-0.10221373649206844,0.3338040927212274,0.43601782921329585
Bard,Ahri,1,0.10218721083865018,0.10218721083865018,0.10218721083865018,0.10218721083865018,0.5439183306172665,0.4417311197786163
Vex,Yunara,1,0.10217435194323332,0.10217435194323332,0.10217435194323332,0.10217435194323332,0.35515656475670365,0.25298221281347033
Zoe,Ekko,2,0.10210082360885842,0.10210082360885842,0.15031800185948543,0.060271472813283766,0.43533981806663224,0.3750683452533485
Karthus,Caitlyn,1,0.10209751881064305,0.10209751881064305,0.10209751881064305,-0.10209751881064305,0.3393440202878969,0.44144153909853995
JarvanIV,Smolder,3,0.10205870296043927,0.061716069020003095,0.1830619005334925,-0.10205870296043927,0.4491735713006475,0.5512322742610868
Shaco,Aphelios,4,0.101958465031207,0.09984334060544231,0.17864191716072547,-0.101958465031207,0.49649571065019266,0.5984541756813997
Ahri,Kaisa,3,0.10190759427734486,0.07089994733620936,0.14873286710146774,-0.10190759427734486,0.36694087326676383,0.4688484675441087
Milio,Mel,2,0.10168674808294825,0.10168674808294825,0.11647504830107433,-0.01848537527265759,0.3502544476389605,0.3687398229116181
Poppy,Xayah,10,0.10162052086286408,0.0664150457212993,0.19859932086783774,-0.04110822047802382,0.47423375089108355,0.5153419713691073
Velkoz,Karthus,2,0.10157556615771045,0.10157556615771045,0.17556196491397508,0.10157556615771045,0.37743883152113367,0.2758632653634232
Elise,Brand,5,0.10156913319082621,0.04413651343681724,0.22097723236171524,0.0670261054411315,0.5333048275466316,0.4662787221055
Lux,Xayah,3,0.10156888143330293,0.08938866594175476,0.1816335169607268,0.04197643747213308,0.37771084841999647,0.3357344109478633
Leona,Seraphine,17,0.10156736606382066,0.07996054244999568,0.22059844090913516,-0.03356765414786816,0.4682740257103507,0.5018416798582189
RekSai,Swain,1,0.10154905438274764,0.10154905438274764,0.10154905438274764,-0.10154905438274764,0.4835316926726563,0.5850807470554039
Lissandra,Xayah,1,0.10130674306436882,0.10130674306436882,0.10130674306436882,0.10130674306436882,0.40803618941461584,0.306729446350247
Leona,Lissandra,1,0.10127584675879892,0.10127584675879892,0.10127584675879892,0.10127584675879892,0.4749257162900049,0.373649869531206
Leona,Gwen,1,0.10125625557687828,0.10125625557687828,0.10125625557687828,0.10125625557687828,0.46256009258124553,0.36130383700436725
Swain,Tristana,6,0.10112072602908768,0.1166892395988712,0.16302412500161984,0.0477640722896851,0.3200232992014982,0.2722592269118131
Taric,Lux,2,0.10101829808786536,0.10101829808786536,0.13899726004072585,-0.10101829808786536,0.37129899268713407,0.4723172907749994
Veigar,Draven,3,0.10100242871782866,0.08226171660781739,0.190037564848245,-0.09849306695961751,0.30889074476856765,0.40738381172818516
Jax,AurelionSol,2,0.10081125006136651,0.10081125006136651,0.10594657969157845,0.10081125006136651,0.562503257345645,0.4616920072842785
Shen,Ezreal,6,0.10080519947556964,0.05543775122428288,0.23607227380974424,-0.044585322444795815,0.36758479848271897,0.41217012092751476
Leona,Rumble,2,0.10076486216728536,0.10076486216728536,0.10453641363391943,-0.004714439333292575,0.39902339423659755,0.4037378335698901
Taric,MissFortune,9,0.10072106044821925,0.07624355007578942,0.2080189144309959,0.04685594807907978,0.3517128191134736,0.3048568710343938
Lulu,AurelionSol,4,0.1006403081631734,0.07437338265284735,0.17508433322193737,0.026266925510326056,0.3620732057597269,0.33580628024940085
Annie,Samira,2,0.10056839286720637,0.10056839286720637,0.1012128029770267,0.10056839286720637,0.3427478233222402,0.24217943045503385
Trundle,Veigar,4,0.10056591272579715,0.032159165844032556,0.24045222711085493,-0.10056591272579715,0.47943240647564944,0.5799983192014466
Zyra,Kalista,4,0.10053889112845049,0.09108138929527473,0.16713207358809556,0.0077171465624640626,0.25565556741897294,0.24793842085650886
Senna,Maokai,1,0.10052305450378152,0.10052305450378152,0.10052305450378152,0.10052305450378152,0.2903545493466795,0.18983149484289796
Pantheon,Xayah,7,0.10047160294361857,0.06928185698202038,0.18177767671696324,0.0003767362233902156,0.4565441338371576,0.4561673976137674
Maokai,Zyra,2,0.10023507784604349,0.10023507784604349,0.1798301169208049,-0.10023507784604349,0.4873205404044125,0.587555618250456
Senna,Camille,1,0.10017273820312525,0.10017273820312525,0.10017273820312525,0.10017273820312525,0.26105421336748597,0.16088147516436072
Thresh,Ahri,1,0.10011421220193961,0.10011421220193961,0.10011421220193961,0.10011421220193961,0.43830743459017957,0.33819322238823996
Bard,Zilean,8,0.10001598606698675,0.0956327130095958,0.1683707815976859,0.062350306974084176,0.5890273382904944,0.5266770313164102
Rakan,Hwei,11,0.09994791073103106,0.026728272003833986,0.24467841315766387,-0.01924656427068329,0.49505915429908126,0.5143057185697645
Neeko,KogMaw,12,0.099815556969465,0.08509750310670358,0.17151486312789,0.003652766359591067,0.41151107831716044,0.4078583119575694
Jax,Corki,1,0.0997976325731415,0.0997976325731415,0.0997976325731415,-0.0997976325731415,0.4811443064434277,0.5809419390165692
Amumu,Mel,2,0.09979706286136933,0.09979706286136933,0.14917751325396655,-0.061725562990746524,0.4618366269168749,0.5235621899076214
Sona,Sion,2,0.0997681719966669,0.0997681719966669,0.1227749311121617,0.028758448894368488,0.35898323387417536,0.3302247849798069
Gragas,Varus,2,0.09975947945655618,0.09975947945655618,0.14184293432576361,0.09975947945655618,0.37828253838631104,0.2785230589297549
Rell,Syndra,5,0.09971342570538017,0.09443822054036732,0.14886927723498206,-0.07950524016616359,0.47993010111155276,0.5594353412777163
Zoe,Draven,2,0.09970968224052676,0.09970968224052676,0.10117940420327462,-0.001837152453434826,0.37264052381867263,0.3744776762721075
Naafiri,Senna,1,0.09966869762024388,0.09966869762024388,0.09966869762024388,-0.09966869762024388,0.37010367413439593,0.4697723717546398
Anivia,Tristana,5,0.09960361041107332,0.09836270109185358,0.1135862763588126,-0.018435174925282884,0.36039231788462917,0.37882749280991207
JarvanIV,Swain,2,0.09958196034927819,0.09958196034927819,0.12397557261581621,-0.09958196034927819,0.43979753650090125,0.5393794968501795
Lulu,Jax,1,0.09957786843391842,0.09957786843391842,0.09957786843391842,-0.09957786843391842,0.32473946488663774,0.42431733332055616
Aurora,Jinx,1,0.09930242727256489,0.09930242727256489,0.09930242727256489,-0.09930242727256489,0.46171096595254746,0.5610133932251123
Senna,Smolder,33,0.09921969539897257,0.07371981732458532,0.20721090889282465,0.03520078300012705,0.31112851479901665,0.27592773179888963
Lissandra,Ezreal,3,0.09920011909903777,0.08209623536695537,0.17886407595217943,0.0909013952112561,0.43792453121161756,0.3470231360003615
Karma,Veigar,29,0.09914820494890744,0.09695760125266184,0.18825074694462515,0.011876940649370405,0.43044516343120487,0.4185682227818345
Taric,Mel,5,0.09911926284646758,0.09986691084092542,0.13170208557203483,-0.031756430819125124,0.3873036217190958,0.419060052538221
Lux,Seraphine,5,0.09898741750918205,0.1215049731899584,0.1372770750894688,0.09525088924658809,0.37951094467401136,0.28426005542742333
Taric,Sivir,11,0.09892870979856587,0.067448032478651,0.18906570302676157,-0.02620480519396168,0.37851099098977925,0.404715796183741
Elise,AurelionSol,3,0.09888867728072744,0.049376510810655416,0.19437958613272596,-0.054864892694768276,0.5577748888537869,0.6126397815485551
Soraka,Kalista,13,0.09886006372415389,0.07727573280005112,0.2246906186617095,0.07973034225350945,0.2764033663680112,0.19667302411450177
Alistar,Kled,1,0.09883308190274004,0.09883308190274004,0.09883308190274004,0.09883308190274004,0.5098291205792185,0.41099603867647844
Braum,Heimerdinger,1,0.09875174646135065,0.09875174646135065,0.09875174646135065,0.09875174646135065,0.3907522361719098,0.29200048971055914
Janna,Vladimir,11,0.09871704202056474,0.07490036678325779,0.17629277667950904,-0.017356288179558917,0.4810518896263227,0.4984081778058816
Jayce,Corki,1,0.09864844912454473,0.09864844912454473,0.09864844912454473,0.09864844912454473,0.3550249770487752,0.2563765279242305
Ashe,Kalista,1,0.09848741328487226,0.09848741328487226,0.09848741328487226,-0.09848741328487226,0.2746914915129286,0.37317890479780086
Blitzcrank,Veigar,8,0.09843881060297657,0.07816644505759371,0.20363055566526111,0.07854566694239923,0.4984946511213116,0.41994898417891235
Maokai,Corki,20,0.09840409419727424,0.05759054375173564,0.2520843202990488,-0.0013147034977428252,0.41259668223590945,0.41391138573365227
Rammus,Varus,1,0.09839082688831452,0.09839082688831452,0.09839082688831452,-0.09839082688831452,0.47458451107035365,0.5729753379586682
Mel,MissFortune,3,0.09824753089303455,0.06853706000114096,0.18086607371251784,-0.052556157558940574,0.32828537768098603,0.3808415352399266
Lulu,Karthus,2,0.09818436176641321,0.09818436176641321,0.11049936997745899,-0.09818436176641321,0.33523707882249,0.4334214405889032
Kennen,Aphelios,1,0.09804360387146091,0.09804360387146091,0.09804360387146091,0.09804360387146091,0.3478469738071232,0.2498033699356623
Senna,LeeSin,1,0.09772122358924565,0.09772122358924565,0.09772122358924565,0.09772122358924565,0.26678983316251964,0.169068609573274
Leona,Zyra,8,0.09770652865361777,0.09516978147507024,0.15523193867245233,-0.04991927714071802,0.4784918654706635,0.5284111426113816
Soraka,Viktor,3,0.09756070849132141,0.06454197465533945,0.17170158900559446,0.03476695323745072,0.3797190347560159,0.34495208151856516
Sylas,Yasuo,9,0.09750732770987258,0.09107851029949388,0.16969620684649542,0.04558948698974614,0.49699698085144994,0.45140749386170387
Camille,Sivir,2,0.09742303058246396,0.09742303058246396,0.1005987783780761,0.09742303058246396,0.5203686452558649,0.42294561467340097
Trundle,Ziggs,2,0.09733589628194789,0.09733589628194789,0.14073926841577822,0.09733589628194789,0.5321633951107223,0.4348274988287744
Qiyana,Kaisa,1,0.09725371254453236,0.09725371254453236,0.09725371254453236,-0.09725371254453236,0.4794210268478087,0.576674739392341
Yuumi,MissFortune,2,0.09717736924710113,0.09717736924710113,0.13935004526885264,0.09717736924710113,0.20563596034574658,0.10845859109864545
Chogath,Qiyana,1,0.09714057274482996,0.09714057274482996,0.09714057274482996,-0.09714057274482996,0.42217877088921146,0.5193193436340414
Renata,Lux,1,0.09713591753928497,0.09713591753928497,0.09713591753928497,-0.09713591753928497,0.38755047992620684,0.4846863974654918
Leona,Olaf,1,0.09712503614266565,0.09712503614266565,0.09712503614266565,-0.09712503614266565,0.3979687309889796,0.49509376713164527
Soraka,Brand,2,0.09708976722379525,0.09708976722379525,0.1567600684736194,-0.09708976722379525,0.3691713854080011,0.46626115263179635
Zyra,Draven,7,0.09700159714557996,0.08482293428235152,0.17654656075657307,0.014384435955943195,0.2730606581473511,0.2586762221914079
Camille,Mel,3,0.09696814372648337,0.07485003918498101,0.1465484184089181,-0.012680531750118221,0.5330454510909542,0.5457259828410724
Veigar,Aphelios,2,0.09695907662975833,0.09695907662975833,0.154003714913543,-0.09695907662975833,0.32598323626861836,0.4229423128983767
Pantheon,Cassiopeia,3,0.09692945259533846,0.06725023752799703,0.18011335175629176,-0.04195663428023849,0.43687253342106636,0.47882916770130485
Malzahar,Yunara,1,0.09691769015699858,0.09691769015699858,0.09691769015699858,-0.09691769015699858,0.33132022133238004,0.4282379114893786
Qiyana,Smolder,1,0.0967108240867165,0.0967108240867165,0.0967108240867165,-0.0967108240867165,0.39957582431502414,0.49628664840174064
Aatrox,Aphelios,1,0.09666313053679548,0.09666313053679548,0.09666313053679548,0.09666313053679548,0.3824932179128646,0.28583008737606913
Senna,Ornn,1,0.09651417798202583,0.09651417798202583,0.09651417798202583,-0.09651417798202583,0.2956963195196626,0.3922104975016884
Taliyah,Lucian,1,0.09640661845141296,0.09640661845141296,0.09640661845141296,0.09640661845141296,0.4300868446184458,0.33368022616703286
Hwei,Sivir,2,0.09636109282236818,0.09636109282236818,0.12422206252356625,0.09636109282236818,0.3313715372248282,0.23501044440246002
Zoe,AurelionSol,4,0.09634552390860775,0.05988624942932541,0.19724047168618156,0.036459274479282336,0.45865836960585693,0.4221990951265746
Lulu,Samira,5,0.09633958192976871,0.0950199114852956,0.16816010898543093,0.035696325987246515,0.29322212348998355,0.2575257975027371
Nidalee,Mel,1,0.0963176460486515,0.0963176460486515,0.0963176460486515,0.0963176460486515,0.48181199360720406,0.38549434755855255
Hwei,Caitlyn,10,0.09626977948175672,0.06672701771011605,0.19738181929738216,-0.034351792717632244,0.31446996990846243,0.34882176262609466
Rakan,Aurora,5,0.0962597794254686,0.08549427425440337,0.13009994687267784,-0.04119052994439491,0.475086340797929,0.5162768707423239
Janna,Mel,22,0.09614290513258826,0.054263955553903565,0.21068795170763002,-0.016661066089820976,0.4875162672180839,0.5041773333079048
MissFortune,Caitlyn,1,0.09613094912058517,0.09613094912058517,0.09613094912058517,0.09613094912058517,0.3471341536928426,0.25100320457225744
Yuumi,Hwei,3,0.09598288057630489,0.03928383968901722,0.1933713806267537,0.09598288057630489,0.22892661958941293,0.13294373901310805
Senna,Lucian,24,0.09593774766123099,0.086306245514367,0.18993522076532957,0.045201965352692434,0.2872421965094503,0.24204023115675785
Teemo,Yunara,1,0.09583454786419843,0.09583454786419843,0.09583454786419843,-0.09583454786419843,0.3833727803205059,0.47920732818470435
Blitzcrank,Chogath,1,0.09582991202136382,0.09582991202136382,0.09582991202136382,-0.09582991202136382,0.458081768308777,0.5539116803301408
Leona,XinZhao,1,0.09576074516808086,0.09576074516808086,0.09576074516808086,0.09576074516808086,0.44104988053853206,0.3452891353704512
Nami,Kled,1,0.09566374430703994,0.09566374430703994,0.09566374430703994,0.09566374430703994,0.4580196433058635,0.36235589899882353
Zilean,Nilah,10,0.0956487260611806,0.07264682155386545,0.19166249437048702,0.03991055606027699,0.3060454941529694,0.2661349380926924
Zoe,Jinx,3,0.09564077643515956,0.10157003392299307,0.13635975260618755,-0.001064011749497884,0.3927844406822987,0.3938484524317965
Lux,AurelionSol,1,0.0955832299804863,0.0955832299804863,0.0955832299804863,-0.0955832299804863,0.38240817314676545,0.47799140312725175
Lissandra,Caitlyn,2,0.09553410882523222,0.09553410882523222,0.09599580249231751,0.09553410882523222,0.42326639654686204,0.32773228772162977
Karthus,Akshan,1,0.09547964955204602,0.09547964955204602,0.09547964955204602,0.09547964955204602,0.35126428558267964,0.2557846360306336
Alistar,Heimerdinger,3,0.09542929184276418,0.07179722927433929,0.13199050446695565,-0.09542929184276418,0.514951730521145,0.6103810223639092
MonkeyKing,Kaisa,1,0.0954280954114245,0.0954280954114245,0.0954280954114245,0.0954280954114245,0.31906327710754495,0.22363518169612046
Sylas,Smolder,2,0.09541159596458046,0.09541159596458046,0.10070697901432135,0.006619228812176109,0.49164510369743625,0.48502587488526017
Mel,Varus,9,0.09538156148563735,0.08007580677902454,0.1833459680504401,0.09307278830841706,0.3352758430035041,0.24220305469508707
Hwei,KogMaw,1,0.09522546399702686,0.09522546399702686,0.09522546399702686,0.09522546399702686,0.30810366967051744,0.21287820567349058
Veigar,Tristana,1,0.09503074670137984,0.09503074670137984,0.09503074670137984,-0.09503074670137984,0.2975946486976275,0.3926253953990073
Lux,Akshan,1,0.0950002485248932,0.0950002485248932,0.0950002485248932,-0.0950002485248932,0.4097412910164068,0.5047415395413
Sona,Qiyana,1,0.09497790781747889,0.09497790781747889,0.09497790781747889,-0.09497790781747889,0.3149209974702584,0.4098989052877373
Lux,Syndra,1,0.09489059374188413,0.09489059374188413,0.09489059374188413,-0.09489059374188413,0.3346171915865645,0.42950778532844863
Senna,Naafiri,3,0.09485424346594053,0.08073995041433146,0.161214725024586,-0.041027609856386225,0.32595174309004055,0.36697935294642675
Taliyah,Senna,3,0.09481047663935609,0.12422505408413548,0.13305582925131232,-0.07818190811213858,0.41839117259699066,0.49657308070912926
Zyra,Kaisa,7,0.09479934252887576,0.11592117577489597,0.13745285614611025,-0.024609102662467047,0.3073968640137697,0.3320059666762368
Zyra,Senna,5,0.09479821610392783,0.08539848414422296,0.13287931915535423,-0.00971404774004873,0.280588294197582,0.29030234193763077
Nami,Pantheon,1,0.09475974851346636,0.09475974851346636,0.09475974851346636,-0.09475974851346636,0.3546928808875846,0.44945262940105096
Janna,Viego,1,0.09463206997757007,0.09463206997757007,0.09463206997757007,0.09463206997757007,0.4542805850473198,0.3596485150697497
Yuumi,Vayne,28,0.09424811253994654,0.09332454993125608,0.16118537694137366,0.04929279493765306,0.15013880997859874,0.10084601504094569
Senna,Zoe,1,0.09410043108211752,0.09410043108211752,0.09410043108211752,-0.09410043108211752,0.34725785775798623,0.44135828884010375
Blitzcrank,Yasuo,8,0.09401116364509578,0.07708121992263806,0.17972555921160235,-0.0033110859903975436,0.4270897795125239,0.4304008655029215
Swain,Xayah,1,0.09393278627382468,0.09393278627382468,0.09393278627382468,0.09393278627382468,0.3955763719954539,0.30164358572162925
FiddleSticks,Caitlyn,7,0.09377714501490078,0.05376496177860124,0.21848290598700068,0.021599599447062873,0.37897108654529965,0.3573714870982368
Nami,Leblanc,1,0.09376684204942684,0.09376684204942684,0.09376684204942684,0.09376684204942684,0.34056157206097754,0.2467947300115507
Yuumi,Xayah,9,0.09373612031335991,0.08046916789915974,0.16210359337808583,0.02325127955474387,0.1752207472902833,0.15196946773553943
Elise,Yasuo,5,0.0937171186846836,0.07436446585129797,0.17453071818516602,0.007357042487904563,0.5276524462903467,0.5202954038024421
Camille,Ezreal,5,0.09365175582780941,0.09635776844376409,0.14656721465830289,0.004636479516044001,0.4942133378329828,0.48957685831693876
Gragas,Sivir,3,0.0936279136323321,0.08545372664479711,0.12834622194898387,0.0009150164489784007,0.4397239835930838,0.4388089671441054
Camille,Hwei,2,0.0935897010746039,0.0935897010746039,0.13173891856970663,-0.047686521868878395,0.5436591057247929,0.5913456275936713
Velkoz,Draven,9,0.09358693061299432,0.09101430483402151,0.13179062517684842,-0.0020208082136823438,0.3182024803219991,0.32022328853568144
Pantheon,Singed,1,0.09316475213887704,0.09316475213887704,0.09316475213887704,0.09316475213887704,0.5253256255278296,0.43216087338895254
Thresh,Lux,13,0.09314619827409966,0.1073523918716357,0.1631345084607825,0.030010514119540185,0.4246892238451778,0.3946787097256376
Yuumi,Jinx,12,0.0931195563855498,0.09417415731572415,0.16187593906139672,-0.02221580761093417,0.15923439560545286,0.18145020321638702
Alistar,Zoe,1,0.09307713971702547,0.09307713971702547,0.09307713971702547,0.09307713971702547,0.46262809836362534,0.36955095864659987
Leblanc,Veigar,1,0.09307355341216189,0.09307355341216189,0.09307355341216189,0.09307355341216189,0.510728356835692,0.41765480342353006
Ashe,Lux,1,0.09306334811901146,0.09306334811901146,0.09306334811901146,0.09306334811901146,0.363764021653194,0.27070067353418253
Zoe,Xayah,2,0.09303545842930153,0.09303545842930153,0.13078287497705618,0.0471842706846933,0.4402457522130265,0.3930614815283332
Alistar,Anivia,2,0.09293705181391809,0.09293705181391809,0.15777688017986852,0.09293705181391809,0.4923853949761817,0.39944834316226363
Morgana,Velkoz,5,0.09290516302644239,0.0818573875643765,0.15340319265947927,0.02433284643521233,0.41039801978228085,0.3860651733470685
Lux,Kayle,1,0.09281855896134811,0.09281855896134811,0.09281855896134811,0.09281855896134811,0.3352956190887822,0.24247706012743409
Leblanc,Kalista,2,0.09280782864859613,0.09280782864859613,0.12051950025261175,0.09280782864859613,0.4802528792104491,0.38744505056185297
Xerath,Ashe,5,0.0927216597070802,0.10394506340350007,0.11741015193274852,0.051143634345680165,0.2825872562587811,0.231443621913101
FiddleSticks,Aphelios,10,0.09266829048935814,0.07622687754428917,0.18636947714375368,-0.054672333482463656,0.36763074861205863,0.4223030820945223
Amumu,Jhin,5,0.09266055684005411,0.11357607623620092,0.14622855659154985,-0.06925129015374398,0.40149037890632905,0.4707416690600731
Taric,Xerath,2,0.09264251567466518,0.09264251567466518,0.14769205209170028,0.09264251567466518,0.36942065394589496,0.2767781382712298
Maokai,Akali,1,0.09262039023324353,0.09262039023324353,0.09262039023324353,0.09262039023324353,0.4640404310182478,0.3714200407850043
TwistedFate,Kaisa,2,0.09253975911239679,0.09253975911239679,0.15913918899686189,0.09253975911239679,0.44195740232757263,0.3494176432151759
Smolder,Lucian,1,0.09253823483314849,0.09253823483314849,0.09253823483314849,0.09253823483314849,0.37129463062311496,0.27875639578996647
Soraka,AurelionSol,9,0.09243952669190819,0.0959302555905745,0.16483889896341197,0.0034076087781869224,0.35635122326951446,0.35294361449132755
Poppy,Zilean,3,0.0924165344756361,0.08588468485168321,0.14638076117174426,0.0924165344756361,0.5540387838115411,0.46162224933590507
Leblanc,Ziggs,1,0.09212897563554368,0.09212897563554368,0.09212897563554368,-0.09212897563554368,0.5839735633825359,0.6761025390180796
Nami,Akshan,3,0.09202539344824545,0.11396507269632111,0.1324386860200605,0.07532271458329887,0.37433784290954497,0.2990151283262461
Elise,Aurora,1,0.09185582592581826,0.09185582592581826,0.09185582592581826,0.09185582592581826,0.5346861382042708,0.44283031227845254
Zilean,TahmKench,1,0.09174940274362792,0.09174940274362792,0.09174940274362792,0.09174940274362792,0.2688276404747493,0.17707823773112136
KSante,Jinx,2,0.09161283824509883,0.09161283824509883,0.1364199460014375,-0.05600888469542334,0.3582250833927499,0.41423396808817325
Maokai,Nilah,3,0.09160654015761409,0.057376516085823004,0.17764538682243705,0.0851195402373283,0.3289967479037979,0.2438772076664696
Lillia,Jhin,1,0.09154407200509079,0.09154407200509079,0.09154407200509079,-0.09154407200509079,0.3919272738793901,0.4834713458844809
Sylas,Ekko,1,0.09151843170010049,0.09151843170010049,0.09151843170010049,0.09151843170010049,0.5236506746592777,0.43213224295917724
Anivia,Xerath,2,0.09150785520624921,0.09150785520624921,0.1306802826725431,-0.04896553433286738,0.39803541430280365,0.44700094863567097
Leona,Anivia,2,0.09142902577794085,0.09142902577794085,0.13411900532734822,0.053362474436759205,0.5006268566866436,0.4472643822498844
Maokai,Zeri,6,0.09139656546110098,0.08228373926024163,0.14282718189040106,-0.036540739287606545,0.4131805925087117,0.44972133179631824
TahmKench,Ahri,1,0.09138853865944452,0.09138853865944452,0.09138853865944452,-0.09138853865944452,0.3881157097456791,0.4795042484051236
Leblanc,Vayne,2,0.09136020573651471,0.09136020573651471,0.12582205415644585,-0.09136020573651471,0.5141912002960776,0.6055514060325924
Kled,Sivir,1,0.09131858883529675,0.09131858883529675,0.09131858883529675,-0.09131858883529675,0.4165885450929885,0.5079071339282852
Ashe,Varus,5,0.09131429004698499,0.05236710270145756,0.18178567320507635,0.0895089572107256,0.31376914905912684,0.22426019184840124
Zyra,Yasuo,2,0.09128710640925823,0.09128710640925823,0.137076895624354,0.09128710640925823,0.30178071490150776,0.21049360849224952
Nautilus,Zilean,10,0.09125353612290879,0.025080617540501227,0.26090957076496407,-0.022423442544890516,0.489935637064132,0.5123590796090226
TahmKench,Syndra,4,0.0912433985926961,0.05662877280439643,0.18296367540564898,-0.0912433985926961,0.3860993490007904,0.4773427475934865
Yuumi,Karthus,8,0.09123780447813618,0.09048859068059682,0.1267140446194884,0.05267481842893828,0.20834769953625926,0.15567288110732097
Ivern,Sivir,4,0.09121325532814777,0.09242097561850104,0.16926354016411876,0.001610761467773239,0.40579706821212236,0.40418630674434913
Camille,Aphelios,1,0.09109809171147393,0.09109809171147393,0.09109809171147393,-0.09109809171147393,0.494563926862379,0.5856620185738529
Pyke,Syndra,4,0.09106212474940455,0.07318860837462374,0.1374767112012896,-0.09106212474940455,0.527767157590697,0.6188292823401016
Zed,Vayne,1,0.09102060269547085,0.09102060269547085,0.09102060269547085,-0.09102060269547085,0.3394192962202894,0.43043989891576023
Maokai,Hwei,1,0.0909934217301942,0.0909934217301942,0.0909934217301942,0.0909934217301942,0.4952326701971908,0.4042392484669966
Alistar,Taliyah,2,0.09098299695088355,0.09098299695088355,0.11521220987239232,0.09098299695088355,0.45212623476510727,0.36114323781422375
Senna,Galio,1,0.090971980652374,0.090971980652374,0.090971980652374,0.090971980652374,0.31280304358529665,0.22183106293292265
Zoe,Aurora,1,0.09088348511842342,0.09088348511842342,0.09088348511842342,0.09088348511842342,0.5065925579201644,0.415709072801741
Rengar,Smolder,1,0.09081362363018791,0.09081362363018791,0.09081362363018791,-0.09081362363018791,0.39936489154132937,0.4901785151715173
Ashe,Ezreal,6,0.09081138022682782,0.09162863129085536,0.13895302256443554,0.07469941057540819,0.3401242037500711,0.2654247931746629
Anivia,AurelionSol,1,0.09070451902371274,0.09070451902371274,0.09070451902371274,0.09070451902371274,0.35992499616251133,0.2692204771387986
Zac,Ezreal,2,0.09065311131788054,0.09065311131788054,0.12068042914952763,-0.03753414728955887,0.4508118086598163,0.4883459559493752
Amumu,KogMaw,1,0.09063138995322878,0.09063138995322878,0.09063138995322878,0.09063138995322878,0.40047699055085956,0.3098456005976308
Neeko,Zyra,4,0.09056998897440559,0.07711266156523242,0.15979656527828257,0.09056998897440559,0.4715791587812625,0.3810091698068569
Zac,Ashe,2,0.0905281402069811,0.0905281402069811,0.091266869727819,-0.0905281402069811,0.44688943852176144,0.5374175787287425
TahmKench,Swain,2,0.0904694240005254,0.0904694240005254,0.1063476412453927,-0.01984777155608411,0.3897155947607351,0.4095633663168192
Sona,Taliyah,2,0.09023549815001486,0.09023549815001486,0.10423848777780594,-0.09023549815001486,0.35281145862442687,0.4430469567744417
Pyke,Heimerdinger,8,0.09012448804252043,0.0961795771537948,0.15870761653565296,0.015968624377900774,0.5434716591253165,0.5275030347474157
Renata,Yasuo,6,0.09007033218211054,0.10157921414589169,0.13581671375335183,-0.020975463256486426,0.3419813666369515,0.36295682989343797
Amumu,Ziggs,4,0.08997359133969468,0.09251307943763223,0.16187899113672116,0.06696107884889596,0.46302234725381614,0.3960612684049202
Qiyana,Draven,1,0.08988945278427873,0.08988945278427873,0.08988945278427873,-0.08988945278427873,0.3766874180896487,0.4665768708739274
Yuumi,Nilah,12,0.08988406994909559,0.0722880940699274,0.18361379385411455,0.005803276430450832,0.11790682439357374,0.1121035479631229
Karma,Naafiri,2,0.08983864111515907,0.08983864111515907,0.10786018975495192,-0.08983864111515907,0.4124909666461146,0.5023296077612738
Leblanc,Caitlyn,8,0.08979375729071679,0.06552580219191928,0.18608367697788708,-0.011188336594882844,0.4983442374917068,0.5095325740865896
Lux,Pantheon,1,0.08949760734080142,0.08949760734080142,0.08949760734080142,0.08949760734080142,0.3596167275750407,0.2701191202342393
Janna,RekSai,1,0.08945298374302835,0.08945298374302835,0.08945298374302835,-0.08945298374302835,0.4245006508596305,0.5139536346026589
Swain,Aphelios,5,0.08944727787315873,0.11165521283979332,0.14928138889928216,0.08944727787315873,0.31909963469266384,0.22965235681950508
Hwei,Senna,4,0.089439717512306,0.10376474168937903,0.14069022337766995,0.016761438122816476,0.3230484583687018,0.3062870202458853
Poppy,Vladimir,3,0.08935428863712776,0.10341572764347007,0.10941578993290382,-0.08935428863712776,0.5166106021009785,0.6059648907381062
Pyke,Malzahar,5,0.08901592800891842,0.11918898820175772,0.1280320843215992,0.038667235496020226,0.5668907476929419,0.5282235121969217
Heimerdinger,Ezreal,2,0.0889701089020703,0.0889701089020703,0.13781667570232817,0.0889701089020703,0.3305360176990868,0.2415659087970165
Senna,Malzahar,6,0.08887565971919624,0.04003125025085408,0.20560483522926848,0.07892239430324258,0.38364065966572986,0.3047182653624873
Blitzcrank,Syndra,3,0.08879784873369213,0.05575255655492112,0.16808313528015748,-0.041979337907285565,0.48959307712952516,0.5315724150368107
Janna,Brand,4,0.08875466221698244,0.07180060963469792,0.1719712008503188,-0.04509895146539333,0.4600479957984563,0.5051469472638497
Ornn,Cassiopeia,1,0.08870433278645112,0.08870433278645112,0.08870433278645112,-0.08870433278645112,0.333431057097561,0.4221353898840121
Taliyah,Varus,4,0.0886954392554711,0.05358607205995736,0.18150866459576664,0.061551175208464766,0.44277925829435544,0.3812280830858906
Renata,Brand,1,0.08867203298296245,0.08867203298296245,0.08867203298296245,-0.08867203298296245,0.36071033183678186,0.4493823648197443
Taric,Velkoz,1,0.08860828935050563,0.08860828935050563,0.08860828935050563,-0.08860828935050563,0.3838810929166816,0.47248938226718723
Elise,Ziggs,2,0.0882446466291868,0.0882446466291868,0.12383340193480942,0.0882446466291868,0.5707048142727263,0.48246016764353955
Taliyah,Qiyana,1,0.08814818485075643,0.08814818485075643,0.08814818485075643,-0.08814818485075643,0.4242267693914927,0.5123749542422491
Ashe,Xerath,1,0.08811359098977423,0.08811359098977423,0.08811359098977423,-0.08811359098977423,0.4289406117583964,0.5170542027481706
Elise,Naafiri,2,0.08809776684098675,0.08809776684098675,0.1027380052504847,-0.08809776684098675,0.5346266148736839,0.6227243817146706
Shen,Aphelios,3,0.0879751619512321,0.052618478387203405,0.1704009199301826,-0.05289617635976316,0.3478993755907706,0.40079555195053373
Taric,Ambessa,1,0.08791940661691786,0.08791940661691786,0.08791940661691786,0.08791940661691786,0.3335997867805201,0.24568038016360225
Nunu,Kaisa,1,0.08779985632005471,0.08779985632005471,0.08779985632005471,-0.08779985632005471,0.5853922404281527,0.6731920967482075
Veigar,Swain,2,0.08777359335603226,0.08777359335603226,0.14868852849913855,0.08777359335603226,0.35148257959995366,0.2637089862439214
Leblanc,Seraphine,2,0.08763202724686536,0.08763202724686536,0.09764395829790366,0.08763202724686536,0.5685584951153402,0.48092646786847487
Ambessa,Caitlyn,1,0.08762617638345255,0.08762617638345255,0.08762617638345255,-0.08762617638345255,0.4063689554442622,0.49399513182771476
Ezreal,Zeri,1,0.08750592709655969,0.08750592709655969,0.08750592709655969,-0.08750592709655969,0.35701037046472694,0.44451629756128663
Soraka,Hwei,4,0.08734915700420737,0.07702955040825328,0.16103751416242224,0.05879972192575939,0.37018370329668016,0.31138398137092077
Leblanc,Draven,4,0.08725646398536674,0.08902188399817082,0.1310454047118348,-0.001765420012804081,0.5142160588984019,0.515981478911206
Shen,Vayne,2,0.08692269622565345,0.08692269622565345,0.08905830854546931,0.0026695153997698257,0.344355417421074,0.34168590202130417
Poppy,Cassiopeia,2,0.08678633703398905,0.08678633703398905,0.11774824846076723,-0.03870238928347272,0.4524269184455004,0.4911293077289731
Jhin,Viktor,1,0.08647939734457089,0.08647939734457089,0.08647939734457089,-0.08647939734457089,0.36243175875440853,0.4489111560989794
Anivia,Zeri,2,0.08641567545257492,0.08641567545257492,0.09826737386659952,-0.014814623017530754,0.37970130541356883,0.39451592843109956
Zyra,Corki,7,0.08633832617410224,0.09501194641556729,0.1632042565072003,-0.005842262767186186,0.30997488921316113,0.3158171519803473
Poppy,Seraphine,2,0.08630243989821978,0.08630243989821978,0.09671675482611311,0.08630243989821978,0.5419248004926038,0.4556223605943841
Brand,Tristana,2,0.08624160159809877,0.08624160159809877,0.13844950316688848,0.06525987696098715,0.3585500878134241,0.293290210852437
Singed,Ziggs,1,0.08623268132964157,0.08623268132964157,0.08623268132964157,-0.08623268132964157,0.5654502344269667,0.6516829157566083
Zyra,MissFortune,12,0.08615438316060887,0.06611518369416716,0.18985362823713572,0.0275554237544345,0.30720582637906696,0.2796504026246324
Senna,Katarina,3,0.08614502054570387,0.11131196748399769,0.13573837667497868,0.011937042223038754,0.27808011897593904,0.2661430767529003
Mel,Ziggs,3,0.0860937592640415,0.08691309729519292,0.13190298895840327,0.0860937592640415,0.36882784450559414,0.28273408524155264
TahmKench,Caitlyn,6,0.08583558939023421,0.05664477810544441,0.1821631602448997,-0.07740371046550286,0.347617544849149,0.4250212553146519
KSante,Yasuo,2,0.08581514599743424,0.08581514599743424,0.11724457190302183,0.03928678238198448,0.37381961928293683,0.3345328369009523
Blitzcrank,Zyra,3,0.08580652316916966,0.06337902165276921,0.14235413193478408,0.022258749834355534,0.5083088064234241,0.48605005658906864
Syndra,Aphelios,2,0.08573765702840827,0.08573765702840827,0.1396887362405772,-0.08573765702840827,0.36970084964870153,0.4554385066771098
Sylas,Yone,1,0.08560413570351649,0.08560413570351649,0.08560413570351649,0.08560413570351649,0.45692692178114247,0.371322786077626
Zoe,Heimerdinger,1,0.0856008118258259,0.0856008118258259,0.0856008118258259,-0.0856008118258259,0.4638254133968801,0.549426225222706
Zilean,Olaf,1,0.08536038922783612,0.08536038922783612,0.08536038922783612,0.08536038922783612,0.39023746576306934,0.3048770765352332
Alistar,Qiyana,1,0.08529163011217122,0.08529163011217122,0.08529163011217122,0.08529163011217122,0.4596592266074269,0.3743675964952557
Kayle,Corki,1,0.0850749927550482,0.0850749927550482,0.0850749927550482,-0.0850749927550482,0.2739435340160016,0.3590185267710498
Sejuani,Samira,1,0.08502574906082627,0.08502574906082627,0.08502574906082627,0.08502574906082627,0.428874209118146,0.3438484600573197
KSante,Varus,1,0.08501322520080823,0.08501322520080823,0.08501322520080823,0.08501322520080823,0.36350533367206034,0.2784921084712521
Leblanc,Yunara,8,0.08492630174196096,0.08366930995166721,0.11497808518696376,0.0061581322973652125,0.5121178274825022,0.505959695185137
Yuumi,Kalista,3,0.08477740014279926,0.015458551668182774,0.18370084521995825,-0.06573021226246882,0.13641686203808742,0.20214707430055623
Jinx,Kaisa,1,0.0847351716112763,0.0847351716112763,0.0847351716112763,-0.0847351716112763,0.34072850014432277,0.42546367175559907
Neeko,Cassiopeia,1,0.08465123163181865,0.08465123163181865,0.08465123163181865,-0.08465123163181865,0.394951153340911,0.47960238497272967
Rakan,Viktor,2,0.08465033728365476,0.08465033728365476,0.12965263677587455,-0.08465033728365476,0.43678021526701793,0.5214305525506726
Singed,Yasuo,1,0.08461969902394006,0.08461969902394006,0.08461969902394006,-0.08461969902394006,0.5321449559194773,0.6167646549434174
TahmKench,Ashe,7,0.0845395333510788,0.03806520157649679,0.19234521688756773,-0.039166703312447704,0.3628709143554106,0.4020376176678583
Zoe,Lucian,4,0.08453879612187384,0.08240738213184216,0.1561079039530244,-0.0021314139900316734,0.41982779545620996,0.42195920944624166
Ekko,Aphelios,1,0.0843864426516987,0.0843864426516987,0.0843864426516987,0.0843864426516987,0.46551447433427506,0.38112803168257636
Trundle,Ezreal,7,0.08425509729745546,0.04994159595405323,0.15750264915910828,-0.00948191139909916,0.42408079967999485,0.43356271107909405
Poppy,Lux,3,0.08396608518671052,0.0890375495018001,0.12831853919980607,-0.08396608518671052,0.5557641763567397,0.6397302615434503
Morgana,Mel,3,0.08382451704591982,0.06390541129512883,0.11657366069562862,-0.08382451704591982,0.4158229490878822,0.499647466133802
Annie,Yunara,4,0.08377362036945818,0.07072353849701071,0.12916480521654738,-0.06373752171168934,0.3669416169678234,0.43067913867951274
Morgana,Vayne,7,0.08341911770351935,0.06830732937904449,0.16279717516737116,0.007327627523037303,0.33973203984842454,0.3324044123253872
Leblanc,Yone,1,0.0833769654320281,0.0833769654320281,0.0833769654320281,-0.0833769654320281,0.4946447909042173,0.5780217563362454
Seraphine,Cassiopeia,3,0.08328650835323684,0.07796760670146372,0.15004449771422299,-0.028755971958371696,0.2819148847914019,0.3106708567497736
Ashe,Corki,1,0.08321057663676737,0.08321057663676737,0.08321057663676737,0.08321057663676737,0.30521963010214576,0.2220090534653784
Ornn,Aphelios,1,0.08304995809273924,0.08304995809273924,0.08304995809273924,0.08304995809273924,0.3307194972213532,0.24766953912861395
Blitzcrank,Olaf,1,0.08278472411502419,0.08278472411502419,0.08278472411502419,-0.08278472411502419,0.4774214116791085,0.5602061357941327
Zac,Velkoz,1,0.08277830136097158,0.08277830136097158,0.08277830136097158,0.08277830136097158,0.45733953188687515,0.37456123052590357
Lux,Cassiopeia,3,0.08276591123854697,0.0767752781449545,0.13935184277350476,0.020564744715214568,0.330725414934347,0.3101606702191324
FiddleSticks,Kindred,1,0.08272598378366036,0.08272598378366036,0.08272598378366036,-0.08272598378366036,0.3656838886307117,0.4484098724143721
Shaco,Zoe,1,0.08271010010117708,0.08271010010117708,0.08271010010117708,-0.08271010010117708,0.6349269444993229,0.7176370446004999
Alistar,Fiora,4,0.08268525974760296,0.09136063318861004,0.13602430905862098,-0.08268525974760296,0.3951167501820218,0.47780200992962474
Braum,Ekko,2,0.08255648539870272,0.08255648539870272,0.12635154590977432,0.05474382563883948,0.46991632226273405,0.41517249662389455
KSante,Caitlyn,1,0.08253156223923908,0.08253156223923908,0.08253156223923908,0.08253156223923908,0.37520689859440687,0.2926753363551678
Poppy,Zyra,2,0.08246849018678132,0.08246849018678132,0.12241000805665142,0.04992689733733763,0.5397899645406233,0.4898630672032857
Alistar,Naafiri,1,0.08240656652690703,0.08240656652690703,0.08240656652690703,0.08240656652690703,0.48774476283489665,0.4053381963079896
Ashe,KogMaw,3,0.08233089838358663,0.08181427260047713,0.11329457691460258,0.05298838534548742,0.29953970314667405,0.24655131780118664
Nidalee,Karthus,1,0.08226484170237636,0.08226484170237636,0.08226484170237636,-0.08226484170237636,0.516111424330675,0.5983762660330514
Brand,Twitch,4,0.08224723121714336,0.04878015535676411,0.16406924217277594,-0.03346707586037925,0.37869268767669334,0.41215976353707257
Sona,Brand,7,0.08196004315001836,0.06986705394655052,0.15268748204521657,-0.04964710424121176,0.33602126978962765,0.3856683740308394
Pyke,Zilean,7,0.0818818342606089,0.07792533468112361,0.11793997302035598,0.00017363438985305648,0.5701313312876619,0.5699576968978087
Renata,Gangplank,1,0.0818704412047751,0.0818704412047751,0.0818704412047751,-0.0818704412047751,0.3677894543569145,0.4496598955616896
Karma,Zilean,7,0.08183890824340193,0.05572024246726276,0.19482036812066097,-0.027187327465993134,0.45441247975893495,0.48159980722492807
Yuumi,Mel,3,0.08167866825583678,0.04314803873558287,0.13668085672254696,0.05379606504741044,0.2174707066787462,0.16367464163133577
Nunu,Corki,1,0.08166830099476624,0.08166830099476624,0.08166830099476624,0.08166830099476624,0.5560457396087785,0.4743774386140122
Galio,Yunara,8,0.08164201138306766,0.061984800884328006,0.14647681460120462,-0.0009136989113364274,0.45103033989083624,0.45194403880217265
TahmKench,MissFortune,4,0.08147535507798331,0.08051771299858523,0.1434952938365796,-0.055541500871469474,0.3802823059434393,0.4358238068149088
Varus,Kalista,1,0.08130664665339254,0.08130664665339254,0.08130664665339254,0.08130664665339254,0.35285209838814197,0.2715454517347494
Nami,Ahri,3,0.08117815897368759,0.07618528399517027,0.10962383924783424,0.04826768239709275,0.37658602607394914,0.3283183436768564
Lulu,Teemo,1,0.08102493553744602,0.08102493553744602,0.08102493553744602,0.08102493553744602,0.32335789308639784,0.24233295754895182
Swain,Twitch,5,0.0808252204503013,0.0510160716789049,0.14182718700658484,0.0149089103497962,0.3063872230556585,0.29147831270586233
Orianna,Smolder,1,0.08073241437481682,0.08073241437481682,0.08073241437481682,0.08073241437481682,0.36281120697300673,0.2820787925981899
Karma,Vex,1,0.08071168298028192,0.08071168298028192,0.08071168298028192,-0.08071168298028192,0.34156217500524994,0.42227385798553185
AurelionSol,Velkoz,1,0.08070608575079807,0.08070608575079807,0.08070608575079807,0.08070608575079807,0.6508347239675492,0.5701286382167511
Syndra,AurelionSol,1,0.08057973997428908,0.08057973997428908,0.08057973997428908,-0.08057973997428908,0.37683494463520234,0.4574146846094914
Mel,Corki,8,0.08054342482944858,0.05319293510524223,0.17689595015907225,-0.031181822492495345,0.33670445967631235,0.3678862821688077
Anivia,Poppy,1,0.08048710849645324,0.08048710849645324,0.08048710849645324,-0.08048710849645324,0.32859275573237234,0.4090798642288256
Rakan,MonkeyKing,1,0.08046695011238547,0.08046695011238547,0.08046695011238547,0.08046695011238547,0.42037970931038465,0.3399127591979992
Zoe,Brand,1,0.08045560961133036,0.08045560961133036,0.08045560961133036,-0.08045560961133036,0.46964607184075235,0.5501016814520827
Janna,Galio,1,0.08038896999664902,0.08038896999664902,0.08038896999664902,-0.08038896999664902,0.41408106934162664,0.49447003933827566
Galio,Xerath,1,0.08027887042632065,0.08027887042632065,0.08027887042632065,-0.08027887042632065,0.5218588758133025,0.6021377462396231
Shen,Trundle,1,0.08020319961502198,0.08020319961502198,0.08020319961502198,0.08020319961502198,0.36510325460703497,0.284900054992013
Ornn,Brand,2,0.07995509393859035,0.07995509393859035,0.11699631604280081,-0.04630152763026307,0.3407471202401797,0.3870486478704428
Nami,Fizz,1,0.07983765633557,0.07983765633557,0.07983765633557,0.07983765633557,0.3642177098040365,0.2843800534684665
Sylas,Lucian,6,0.07979250253000221,0.09377204983002174,0.11528091326774395,-0.04029158118043293,0.4713438677377217,0.5116354489181546
Ivern,Corki,2,0.07959765942579383,0.07959765942579383,0.07963739211982722,0.07959765942579383,0.4106641211185457,0.3310664616927519
Shen,Senna,3,0.07939098223649539,0.01627881783137719,0.17372279954187497,-0.06853843701557727,0.34464302830917265,0.4131814653247499
Swain,Senna,7,0.07913450857739737,0.04613143667439912,0.1724388836706186,0.06747985895106678,0.3255859508818503,0.2581060919307835
Ezreal,Aphelios,1,0.07887684596918643,0.07887684596918643,0.07887684596918643,0.07887684596918643,0.3034116970329873,0.2245348510638009
Xerath,Varus,12,0.07870933198780074,0.060143538373161415,0.1129547310428462,0.0173704732614056,0.3033383560307443,0.2859678827693387
Taric,KogMaw,4,0.07864769594659071,0.06446949448723385,0.13208390113357227,-0.06526612336417661,0.3198677344923071,0.38513385785648374
Fiora,Senna,2,0.07848576872585672,0.07848576872585672,0.13255983385060346,-0.07848576872585672,0.46800277348814096,0.5464885422139977
Maokai,Veigar,4,0.07830006381050035,0.0826412714298973,0.12378998671793727,-0.07830006381050035,0.4755042113411669,0.5538042751516672
Gragas,Corki,2,0.07814693502925493,0.07814693502925493,0.13005415178098567,-0.06488402093966342,0.40884932287228937,0.47373334381195276
Khazix,Velkoz,1,0.07812018790009784,0.07812018790009784,0.07812018790009784,-0.07812018790009784,0.4143049205685039,0.4924251084686017
Swain,Zeri,4,0.07810282455493206,0.05097270852333338,0.16499495985116353,0.07592366137836382,0.3373099831632109,0.2613863217848471
LeeSin,Caitlyn,1,0.07809832965546382,0.07809832965546382,0.07809832965546382,0.07809832965546382,0.4526595601813674,0.37456123052590357
Shen,Xayah,1,0.07808467227206628,0.07808467227206628,0.07808467227206628,0.07808467227206628,0.4043592053443007,0.3262745330722344
TwistedFate,Draven,1,0.07768737573121326,0.07768737573121326,0.07768737573121326,-0.07768737573121326,0.45612328308854216,0.5338106588197554
Skarner,Xayah,1,0.07735442223603839,0.07735442223603839,0.07735442223603839,-0.07735442223603839,0.4015308940712682,0.4788853163073066
Soraka,Samira,6,0.07722369369693144,0.06843878192707999,0.13484122829817943,0.030127723665255155,0.31477254472334454,0.28464482105808936
Annie,Kaisa,4,0.07722154753885133,0.05003186999261225,0.1588146864469937,0.05083489033448154,0.3892219579944063,0.3383870676599247
Amumu,Kaisa,11,0.07708969652549488,0.06206661638677735,0.1450568345821603,-0.052819967067702596,0.38650540772744135,0.43932537479514394
TahmKench,Zilean,2,0.07706000112319175,0.07706000112319175,0.07964040897397055,0.07706000112319175,0.40603350675143546,0.3289735056282437
Lux,Kalista,5,0.07692297702233211,0.05278922045428236,0.13876427810190353,0.02460974900650517,0.3296939786153989,0.30508422960889375
Nami,XinZhao,1,0.076851553736702,0.076851553736702,0.076851553736702,-0.076851553736702,0.3155495089407047,0.3924010626774067
TahmKench,Tristana,2,0.07643160657325718,0.07643160657325718,0.11140561576381237,0.043717511488194,0.3898055047012055,0.34608799321301154
Rengar,Xayah,1,0.07640119706941678,0.07640119706941678,0.07640119706941678,-0.07640119706941678,0.4338879307822823,0.5102891278516991
Leona,Aurora,2,0.07618734493655568,0.07618734493655568,0.0775490168248526,0.07618734493655568,0.4670772609747651,0.39088991603820944
Pantheon,Zilean,3,0.07608684908927738,0.03864938196306367,0.1363562845820858,0.07608684908927738,0.5559001733306251,0.47981332424134776
Camille,Lux,1,0.076079098070579,0.076079098070579,0.076079098070579,-0.076079098070579,0.5780738752529967,0.6541529733235757
Nautilus,Katarina,8,0.07606962559414072,0.06191471329026424,0.14889324981691726,0.0003956157174362651,0.3880265314941927,0.3876309157767564
TahmKench,Corki,10,0.07554506125083338,0.0703659576917437,0.1495542073980309,0.03384578592215245,0.3718704366053821,0.3380246506832296
Gragas,Viego,1,0.07547483480745548,0.07547483480745548,0.07547483480745548,-0.07547483480745548,0.39053812578657077,0.46601296059402625
Karthus,Draven,1,0.0754620166378982,0.0754620166378982,0.0754620166378982,0.0754620166378982,0.30022901801227636,0.22476700137437816
Velkoz,Heimerdinger,1,0.07544369675866336,0.07544369675866336,0.07544369675866336,0.07544369675866336,0.3651179809608442,0.28967428420218083
Syndra,Ashe,1,0.07539452606886932,0.07539452606886932,0.07539452606886932,-0.07539452606886932,0.3545080127070327,0.429902538775902
Zilean,Lux,4,0.0752977597650091,0.054196718695863344,0.15274720209768203,-0.05469410614387002,0.3891305092201302,0.4438246153640002
Camille,Twitch,1,0.0751974436435548,0.0751974436435548,0.0751974436435548,0.0751974436435548,0.4929318616898853,0.4177344180463305
Soraka,Swain,14,0.07515918694837961,0.06249549074536925,0.14801647656868933,0.045644976856490174,0.34123756914798603,0.29559259229149587
Leblanc,Lucian,1,0.07513758120783143,0.07513758120783143,0.07513758120783143,-0.07513758120783143,0.5194938854956459,0.5946314667034773
Mel,AurelionSol,3,0.07493011979686835,0.09273713028872965,0.12191992650370662,0.07493011979686835,0.37857268506270225,0.3036425652658339
Velkoz,Chogath,1,0.07487631818249701,0.07487631818249701,0.07487631818249701,0.07487631818249701,0.3965636010960234,0.3216872829135264
KogMaw,Ezreal,3,0.07472228046151883,0.037066112429338605,0.15219444783647165,0.07472228046151883,0.30722775563882226,0.23250547517730338
Heimerdinger,Xayah,1,0.07446128792264711,0.07446128792264711,0.07446128792264711,-0.07446128792264711,0.333983359864576,0.4084446477872231
Bard,Syndra,11,0.07400747800607607,0.05092166731593056,0.10031480572383206,0.03698260382433679,0.5330865279273689,0.49610392410303206
Lulu,Azir,1,0.07393620619690211,0.07393620619690211,0.07393620619690211,0.07393620619690211,0.33578908788863737,0.26185288169173526
Ekko,Mel,2,0.07385952867880347,0.07385952867880347,0.07437155443133239,0.07385952867880347,0.4839301048765767,0.41007057619777326
JarvanIV,Ashe,1,0.07333649170273482,0.07333649170273482,0.07333649170273482,0.07333649170273482,0.4358797388164537,0.3625432471137189
Trundle,Caitlyn,2,0.07331309097048876,0.07331309097048876,0.11036840771813158,0.04631914593455354,0.38898024488181737,0.3426610989472639
RekSai,Kaisa,2,0.07322498109881118,0.07322498109881118,0.10186836426790002,0.03580422896136107,0.4615943108295213,0.4257900818681602
Amumu,Ezreal,3,0.07322149073056973,0.09637680496368134,0.09819010649659915,-0.05679200049843689,0.4507676331589936,0.5075596336574305
Leona,Xerath,4,0.07307716234246515,0.05249077333622265,0.1210174630702812,-0.04317553265009817,0.4634661884714319,0.50664172112153
Yuumi,Chogath,1,0.07302073400801572,0.07302073400801572,0.07302073400801572,0.07302073400801572,0.19271244803145804,0.11969171402344232
Janna,Heimerdinger,3,0.07251298585764947,0.09225696831008157,0.11476523954443807,0.07251298585764947,0.49220360533348395,0.41969061947583447
Elise,Vladimir,2,0.07247736112438763,0.07247736112438763,0.10288075492274076,0.03800424224794141,0.5822683070831705,0.544264064835229
Senna,Pantheon,3,0.07246911962532193,0.07233625586652681,0.10690017211211447,0.07246911962532193,0.3357722287308819,0.26330310910556
Zoe,Swain,3,0.0722891414298107,0.034713288957523736,0.14246080100946623,0.06378483722350635,0.4865091736308635,0.4227243364073571
Xerath,Tristana,2,0.07226727567775904,0.07226727567775904,0.07868293819907343,-0.07226727567775904,0.2878257918183943,0.36009306749615333
Ivern,KogMaw,1,0.07215736831551145,0.07215736831551145,0.07215736831551145,0.07215736831551145,0.3948823235255709,0.32272495521005945
Nami,Sylas,2,0.07187255649044463,0.07187255649044463,0.08577920077398501,-0.017383305354425477,0.35391956521765766,0.3713028705720831
Braum,Nilah,9,0.07154161400765673,0.03344365288247381,0.15796856828575936,0.03609267459264362,0.3107060108123785,0.2746133362197349
Leona,Malzahar,1,0.07139944011158095,0.07139944011158095,0.07139944011158095,0.07139944011158095,0.4693675786299313,0.39796813851835033
Vex,Jhin,4,0.0712479793627749,0.08405869728798623,0.107034537592711,0.030642040633212506,0.39824587081880636,0.36760383018559384
Lux,Velkoz,4,0.07106744261823765,0.04709044662876777,0.1378873894193884,0.01691073924470153,0.4043706189919518,0.38745987974725027
Zyra,Naafiri,1,0.07102575688009408,0.07102575688009408,0.07102575688009408,0.07102575688009408,0.3104447666075932,0.2394190097274991
Nami,Gnar,1,0.07071945292790116,0.07071945292790116,0.07071945292790116,-0.07071945292790116,0.376798321041326,0.44751777396922715
Sion,Kaisa,2,0.07068648951566467,0.07068648951566467,0.07758273824068493,0.008620310906275325,0.3389080350154837,0.3302877241092084
Velkoz,Aurora,1,0.07051371131636386,0.07051371131636386,0.07051371131636386,0.07051371131636386,0.3569963445490808,0.28648263323271694
Annie,Twitch,1,0.07043229954599345,0.07043229954599345,0.07043229954599345,0.07043229954599345,0.3750139892996814,0.30458168975368793
Sejuani,Ezreal,1,0.06999981838011926,0.06999981838011926,0.06999981838011926,-0.06999981838011926,0.402843444818811,0.4728432631989303
Sett,Senna,1,0.06979293301299105,0.06979293301299105,0.06979293301299105,0.06979293301299105,0.37320737798507164,0.3034144449720806
Sona,TahmKench,1,0.06970173344462277,0.06970173344462277,0.06970173344462277,0.06970173344462277,0.2985755052377996,0.2288737717931768
Mel,Syndra,3,0.0696147427808056,0.031053668630114106,0.1334252840456094,-0.04891229702739619,0.41039562945866165,0.4593079264860578
Yuumi,Yasuo,6,0.06957489255906359,0.021239303742203466,0.18182878603246774,0.055415356730927935,0.17688176380987844,0.1214664070789505
Nautilus,Yone,2,0.06945018685877896,0.06945018685877896,0.11776355313733397,-0.060391707848193754,0.4552378850467623,0.515629592894956
Karma,Kayle,1,0.0691029764273362,0.0691029764273362,0.0691029764273362,-0.0691029764273362,0.3232625346119382,0.3923655110392744
Senna,Fizz,1,0.06898262491470109,0.06898262491470109,0.06898262491470109,0.06898262491470109,0.3360004528120239,0.2670178278973228
Brand,KogMaw,2,0.06875604546151903,0.06875604546151903,0.07824139867307633,0.011856691514446627,0.37987426300796434,0.3680175714935177
Teemo,Zoe,1,0.06857453869778196,0.06857453869778196,0.06857453869778196,-0.06857453869778196,0.45850980366222094,0.5270843423600029
Milio,Ziggs,3,0.06851849189123163,0.04493335792141884,0.10580164490516067,0.06851849189123163,0.338562277816245,0.2700437859250134
Nidalee,Jinx,6,0.06812431624005268,0.06544422511772516,0.11594620934361288,-0.02669736276229978,0.4465730342749643,0.4732703970372641
Taliyah,AurelionSol,1,0.06806557450552098,0.06806557450552098,0.06806557450552098,-0.06806557450552098,0.4579402654693361,0.5260058399748571
Ahri,Varus,2,0.06792340453091172,0.06792340453091172,0.10439009420010922,0.04558336208649688,0.4167391752799865,0.3711558131934896
JarvanIV,Veigar,1,0.06779496996568352,0.06779496996568352,0.06779496996568352,-0.06779496996568352,0.4632133694650508,0.5310083394307343
Veigar,Yunara,2,0.06729911791000505,0.06729911791000505,0.07215737685204586,-0.006072823677551006,0.34126148645780346,0.3473343101353545
Veigar,Sivir,3,0.06723279291419106,0.07829268902544284,0.10363837514337901,0.06723279291419106,0.35238976310677,0.2851569701925789
Amumu,Lucian,1,0.06716149745891326,0.06716149745891326,0.06716149745891326,-0.06716149745891326,0.3992588534179048,0.46642035087681805
Chogath,Hwei,1,0.06714057746112201,0.06714057746112201,0.06714057746112201,-0.06714057746112201,0.49812159715737603,0.565262174618498
Camille,Draven,2,0.06701350985787094,0.06701350985787094,0.11124446478499979,0.055288693658911064,0.47729144131001544,0.4220027476511044
Rell,Akshan,2,0.0670043514926019,0.0670043514926019,0.0930563517139757,0.03256500027671724,0.43816768549878926,0.405602685222072
Katarina,Heimerdinger,1,0.06688295114262682,0.06688295114262682,0.06688295114262682,0.06688295114262682,0.3551727882040721,0.2882898370614453
Seraphine,Nunu,1,0.06664243645906026,0.06664243645906026,0.06664243645906026,-0.06664243645906026,0.3019575087200257,0.36859994517908595
Nami,Neeko,1,0.06647942539086482,0.06647942539086482,0.06647942539086482,0.06647942539086482,0.4314330126172207,0.3649535872263559
Shaco,Zyra,1,0.06646642971782235,0.06646642971782235,0.06646642971782235,0.06646642971782235,0.5994814284848838,0.5330149987670615
Ivern,Senna,1,0.06631781963347472,0.06631781963347472,0.06631781963347472,-0.06631781963347472,0.3927279846886841,0.4590458043221588
Mel,Tristana,3,0.06561740379460572,0.06329811296516069,0.09231166050228762,-0.06561740379460572,0.3767713186753913,0.442388722469997
Zed,Cassiopeia,1,0.0655735485132492,0.0655735485132492,0.0655735485132492,-0.0655735485132492,0.3991844530316408,0.46475800154489
Lissandra,Varus,1,0.06552315947830656,0.06552315947830656,0.06552315947830656,0.06552315947830656,0.3974044456454878,0.33188128616718127
Velkoz,Kalista,2,0.06548620613555417,0.06548620613555417,0.08545308551819761,-0.06548620613555417,0.3094012939137552,0.3748875000493094
Ahri,Mel,1,0.06535950489438475,0.06535950489438475,0.06535950489438475,0.06535950489438475,0.49699050190489863,0.4316309970105139
Rakan,Nami,1,0.06523669308324054,0.06523669308324054,0.06523669308324054,-0.06523669308324054,0.39615240588788875,0.4613890989711293
Nautilus,Singed,3,0.065236306711484,0.07412625102127629,0.07663405451367979,0.015818806030633143,0.4787642585904785,0.4629454525598453
Camille,Shaco,1,0.06469430155788353,0.06469430155788353,0.06469430155788353,0.06469430155788353,0.564470787977028,0.49977648641914446
Lux,Vladimir,3,0.06466003599809196,0.061832138356848976,0.11424098995449683,0.06145685814241322,0.38528734333550974,0.32383048519309654
Milio,Karthus,1,0.0646247246664583,0.0646247246664583,0.0646247246664583,0.0646247246664583,0.3226744474687944,0.2580497228023361
Rumble,Swain,1,0.06461324181958544,0.06461324181958544,0.06461324181958544,0.06461324181958544,0.4048081058301556,0.34019486401057014
Zyra,Zeri,2,0.06455692869362264,0.06455692869362264,0.09732151658284781,-0.04095573486153145,0.27395847808579016,0.3149142129473216
Nami,TwistedFate,2,0.06426412756903663,0.06426412756903663,0.09415827913659595,-0.037367689459449155,0.38461788156570365,0.42198557102515283
Milio,Seraphine,3,0.06396055797448282,0.08082230500746962,0.08192791380533429,0.044723856033697246,0.34111417489408363,0.2963903188603864
Leona,Naafiri,3,0.06392035015528609,0.05869381656574185,0.11756590742213759,-0.024268936602204916,0.46463442372616887,0.4889033603283737
Mel,Brand,1,0.06381383942907409,0.06381383942907409,0.06381383942907409,-0.06381383942907409,0.3294645588425618,0.3932783982716359
Vi,MissFortune,1,0.06378492580494638,0.06378492580494638,0.06378492580494638,0.06378492580494638,0.4486877533961413,0.38490282759119493
Braum,Rengar,1,0.0637291262976245,0.0637291262976245,0.0637291262976245,-0.0637291262976245,0.32697928811737564,0.39070841441500015
RekSai,Jinx,2,0.06369707217457249,0.06369707217457249,0.0905772289876682,0.033600196016369654,0.4410035301127675,0.40740333409639784
Akali,Yunara,1,0.06348693701053681,0.06348693701053681,0.06348693701053681,0.06348693701053681,0.40485461010854484,0.34136767309800803
Mel,Lucian,1,0.06346391082605066,0.06346391082605066,0.06346391082605066,0.06346391082605066,0.2964719277132835,0.23300801688723285
Nami,Chogath,2,0.06343450996848082,0.06343450996848082,0.0737801792126514,-0.06343450996848082,0.3638069130827526,0.42724142305123347
Skarner,Jhin,1,0.06320264041779522,0.06320264041779522,0.06320264041779522,-0.06320264041779522,0.45004179139603095,0.5132444318138262
Camille,Velkoz,1,0.06319017324815401,0.06319017324815401,0.06319017324815401,-0.06319017324815401,0.5432514680137914,0.6064416412619454
Zac,Taliyah,1,0.06317480750226129,0.06317480750226129,0.06317480750226129,0.06317480750226129,0.4550384154075586,0.39186360790529734
Shen,Zeri,2,0.06286237519340551,0.06286237519340551,0.10962377496858601,0.058451749718975626,0.35991038015889093,0.3014586304399153
Skarner,Hwei,1,0.0628488654317077,0.0628488654317077,0.0628488654317077,-0.0628488654317077,0.49788645534862314,0.5607353207803308
Veigar,Zeri,1,0.0627832864656061,0.0627832864656061,0.0627832864656061,-0.0627832864656061,0.3330516076493056,0.3958348941149117
Zaahen,Sivir,1,0.06274112540567145,0.06274112540567145,0.06274112540567145,-0.06274112540567145,0.38665819004387003,0.4493993154495415
Galio,Zeri,1,0.06264091157707014,0.06264091157707014,0.06264091157707014,-0.06264091157707014,0.4395188342055713,0.5021597457826414
Ivern,Jinx,2,0.06240803466703307,0.06240803466703307,0.07055496539259117,0.010183663406947624,0.39827652419755843,0.3880928607906108
Blitzcrank,Sylas,1,0.062333879162141614,0.062333879162141614,0.062333879162141614,-0.062333879162141614,0.4122457279823824,0.474579607144524
Rell,Yone,2,0.06221207296517972,0.06221207296517972,0.09843359708011842,0.06221207296517972,0.4576605829386681,0.3954485099734884
Ahri,Ezreal,3,0.06219974408888692,0.053116410914364975,0.08698273400537514,0.03684407303944152,0.35742176863878705,0.3205776955993455
Heimerdinger,Caitlyn,4,0.061941911696057256,0.05978171632132029,0.10040145255322391,0.01759067261972827,0.3382420308047517,0.32065135818502344
Bard,Karma,1,0.06188079080665432,0.06188079080665432,0.06188079080665432,0.06188079080665432,0.5138141286500185,0.4519333378433642
Zoe,Nidalee,1,0.06178801513623938,0.06178801513623938,0.06178801513623938,-0.06178801513623938,0.41046244909196844,0.4722504642282078
Shaco,Samira,2,0.06163919018134564,0.06163919018134564,0.10953538256191069,0.06163919018134564,0.49453725162999773,0.43289806144865206
Nami,MonkeyKing,1,0.06134966535655356,0.06134966535655356,0.06134966535655356,0.06134966535655356,0.3483531037955244,0.28700343843897086
Milio,Kalista,1,0.06129223686187529,0.06129223686187529,0.06129223686187529,0.06129223686187529,0.267685429586563,0.2063931927246877
Teemo,Kalista,1,0.06122826133209558,0.06122826133209558,0.06122826133209558,0.06122826133209558,0.34091253495299156,0.279684273620896
Chogath,Ezreal,1,0.06101521254119274,0.06101521254119274,0.06101521254119274,-0.06101521254119274,0.4210151691020557,0.48203038164324846
Pantheon,Taliyah,1,0.06098227086847219,0.06098227086847219,0.06098227086847219,0.06098227086847219,0.47650697834280675,0.41552470747433456
XinZhao,Yasuo,1,0.060977160429897204,0.060977160429897204,0.060977160429897204,0.060977160429897204,0.548738432987474,0.48776127255757684
Janna,Malzahar,1,0.06095878792488857,0.06095878792488857,0.06095878792488857,-0.06095878792488857,0.4674668172777741,0.5284256052026627
Lux,Ahri,1,0.06083730794415787,0.06083730794415787,0.06083730794415787,-0.06083730794415787,0.36726643708688256,0.42810374503104043
Zed,Veigar,1,0.06069905793329272,0.06069905793329272,0.06069905793329272,0.06069905793329272,0.4513520291743958,0.3906529712411031
Kennen,Jhin,2,0.06048142662812084,0.06048142662812084,0.10011726028451359,0.06048142662812084,0.4267776532587791,0.36629622663065825
FiddleSticks,Lucian,4,0.06035869062062309,0.06036354110720757,0.11182378415744836,0.06035869062062309,0.3802341858209669,0.3198754952003438
Smolder,Kalista,1,0.060277698527977486,0.060277698527977486,0.060277698527977486,-0.060277698527977486,0.33893612022145075,0.39921381874942824
Pantheon,LeeSin,1,0.06026121546095453,0.06026121546095453,0.06026121546095453,-0.06026121546095453,0.43163179683043607,0.4918930122913906
FiddleSticks,Naafiri,1,0.05985361011815754,0.05985361011815754,0.05985361011815754,-0.05985361011815754,0.4243165048174254,0.48417011493558293
Anivia,Velkoz,2,0.059852147040714426,0.059852147040714426,0.10119863694682286,-0.059852147040714426,0.4060768996869091,0.46592904672762353
Yuumi,Fiora,6,0.059626924872181776,0.04850768617747522,0.11249980263111234,0.05214487408067092,0.11543826992848828,0.06329339584781737
Taric,Olaf,1,0.05958351765446673,0.05958351765446673,0.05958351765446673,0.05958351765446673,0.335629104577578,0.27604558692311126
Lux,Tristana,4,0.05929913283246716,0.057107755904256235,0.09931468874241857,0.034332002199796825,0.3451447023899263,0.31081270019012947
Karma,TahmKench,1,0.05913328064029727,0.05913328064029727,0.05913328064029727,-0.05913328064029727,0.33262348104226563,0.3917567616825629
Leblanc,Nilah,1,0.058801962008983355,0.058801962008983355,0.058801962008983355,-0.058801962008983355,0.5033519092618399,0.5621538712708233
Blitzcrank,Ekko,1,0.058338418950575455,0.058338418950575455,0.058338418950575455,0.058338418950575455,0.5568708174225285,0.4985323984719531
Rakan,Viego,1,0.05828203476056942,0.05828203476056942,0.05828203476056942,0.05828203476056942,0.4573263354219867,0.3990443006614173
Amumu,Xayah,3,0.05821043220762839,0.06995276590952604,0.07205966511483783,-0.011575254934611034,0.4316226540987898,0.44319790903340084
Syndra,Kaisa,1,0.057943747089090725,0.057943747089090725,0.057943747089090725,0.057943747089090725,0.3401774788952586,0.2822337318061679
Heimerdinger,Varus,2,0.05772614906045487,0.05772614906045487,0.08874367245088713,0.03877190423804033,0.352786276446043,0.31401437220800266
Rengar,Swain,1,0.05732567015957446,0.05732567015957446,0.05732567015957446,0.05732567015957446,0.4792566001023352,0.4219309299427607
TahmKench,Sivir,3,0.05715650521438235,0.049592190118591895,0.10411110296600705,0.05715650521438235,0.37189253188616006,0.31473602667177775
Neeko,Zed,2,0.0571452694043085,0.0571452694043085,0.07934276777914293,0.0571452694043085,0.46767864129184167,0.41053337188753314
Elise,Zilean,1,0.057052876718589274,0.057052876718589274,0.057052876718589274,0.057052876718589274,0.5787722546729931,0.5217193779544038
Rell,Zilean,2,0.05681319087502029,0.05681319087502029,0.0942738474420355,-0.046825820708769006,0.5054954872407952,0.5523213079495641
Swain,Lux,2,0.05672142917751216,0.05672142917751216,0.0711832763309438,0.01807730894178955,0.3751973678573286,0.357120058915539
Gragas,Hwei,1,0.05662643845632093,0.05662643845632093,0.05662643845632093,0.05662643845632093,0.5466661953553759,0.49003975689905493
Skarner,Ryze,1,0.0565748274299831,0.0565748274299831,0.0565748274299831,-0.0565748274299831,0.4449453859103597,0.5015202133403428
Zoe,Cassiopeia,1,0.056353436374631916,0.056353436374631916,0.056353436374631916,0.056353436374631916,0.42587973123937134,0.3695262948647394
Amumu,Hwei,2,0.05621481163147532,0.05621481163147532,0.0880257540510434,0.0397636780244601,0.48756315252083837,0.4477994744963783
Ezreal,Jinx,1,0.05591258764381529,0.05591258764381529,0.05591258764381529,-0.05591258764381529,0.3569895756242607,0.412902163268076
Chogath,Corki,3,0.05569052777571204,0.017006528186007397,0.11855447146381705,-0.0402704437464676,0.4567269999307711,0.4969974436772387
FiddleSticks,Xerath,1,0.05568318832616337,0.05568318832616337,0.05568318832616337,0.05568318832616337,0.4097663889640599,0.35408320063789656
Leblanc,LeeSin,1,0.05566761609362281,0.05566761609362281,0.05566761609362281,0.05566761609362281,0.49127241411620604,0.43560479802258323
Galio,Vladimir,1,0.05555330604366698,0.05555330604366698,0.05555330604366698,0.05555330604366698,0.5152166132919614,0.45966330724829446
Yuumi,Seraphine,2,0.055328756936438205,0.055328756936438205,0.08699392132537309,0.039581455486168614,0.18284819107672734,0.14326673559055872
Rakan,Sion,1,0.055313372626750346,0.055313372626750346,0.055313372626750346,0.055313372626750346,0.44495810603941194,0.3896447334126616
Sona,Akshan,3,0.05524824662366166,0.05067023312776481,0.09066233713233476,0.02146809120515179,0.3810395769911687,0.3595714857860169
Sona,Riven,1,0.05517490628702232,0.05517490628702232,0.05517490628702232,0.05517490628702232,0.3574622664812322,0.3022873601942099
Twitch,Jhin,1,0.05513477778414633,0.05513477778414633,0.05513477778414633,0.05513477778414633,0.5567602972063314,0.501625519422185
Yuumi,Cassiopeia,2,0.05511413596991563,0.05511413596991563,0.05575723650094212,0.05511413596991563,0.1619235037587277,0.10680936778881206
Taliyah,Kalista,1,0.05486361073296275,0.05486361073296275,0.05486361073296275,-0.05486361073296275,0.47914185230677664,0.5340054630397394
Tristana,Swain,1,0.05485143541189341,0.05485143541189341,0.05485143541189341,-0.05485143541189341,0.4622027673362772,0.5170542027481706
Ziggs,Yunara,1,0.05459932716118654,0.05459932716118654,0.05459932716118654,0.05459932716118654,0.3126469426295122,0.25804761546832566
Bard,Kassadin,1,0.0545722315323971,0.0545722315323971,0.0545722315323971,0.0545722315323971,0.5137497055917197,0.45917747405932263
Pantheon,Xerath,4,0.054566798494710744,0.023387075241560668,0.11567582684589775,0.045881748005769774,0.5009402592846162,0.45505851127884633
Teemo,Zilean,1,0.05450067355959781,0.05450067355959781,0.05450067355959781,-0.05450067355959781,0.4675662933216926,0.5220669668812904
Kindred,Senna,1,0.05435889349692352,0.05435889349692352,0.05435889349692352,0.05435889349692352,0.37750385517589385,0.32314496167897033
Poppy,Karthus,1,0.05412143279523618,0.05412143279523618,0.05412143279523618,-0.05412143279523618,0.5240575650841456,0.5781789978793818
Soraka,XinZhao,1,0.05409073585034485,0.05409073585034485,0.05409073585034485,-0.05409073585034485,0.3594230924685353,0.41351382831888017
Vex,Sivir,1,0.05401689978353569,0.05401689978353569,0.05401689978353569,-0.05401689978353569,0.4026555188212061,0.4566724186047418
LeeSin,Kaisa,2,0.05381860414109735,0.05381860414109735,0.09275325472699883,-0.04866831323237686,0.39697247333349095,0.4456407865658678
Zac,Kaisa,1,0.05371317467479464,0.05371317467479464,0.05371317467479464,-0.05371317467479464,0.3966028007457879,0.45031597542058255
Lissandra,Aphelios,1,0.05360514703217589,0.05360514703217589,0.05360514703217589,0.05360514703217589,0.3796798953272781,0.3260747482951022
KogMaw,Senna,1,0.053161297361536214,0.053161297361536214,0.053161297361536214,0.053161297361536214,0.26404699142048293,0.21088569405894672
Malzahar,Caitlyn,1,0.05312300822730193,0.05312300822730193,0.05312300822730193,-0.05312300822730193,0.3138410663394456,0.3669640745667475
Morgana,Nilah,1,0.05296303935204011,0.05296303935204011,0.05296303935204011,-0.05296303935204011,0.3046979587315657,0.3576609980836058
Camille,Xayah,2,0.05294683298741859,0.05294683298741859,0.06256000351470764,-0.05294683298741859,0.4643968359349283,0.517343668922347
Skarner,Zeri,1,0.05294201825395811,0.05294201825395811,0.05294201825395811,0.05294201825395811,0.378286232370246,0.3253442141162879
Nautilus,Ryze,2,0.05286901751700496,0.05286901751700496,0.0752284468561394,0.02794928667391805,0.46057354424479935,0.4326242575708813
Taric,RekSai,1,0.05282333203764544,0.05282333203764544,0.05282333203764544,0.05282333203764544,0.3840124923721084,0.33118916033446294
Thresh,Viego,1,0.0525813355451204,0.0525813355451204,0.0525813355451204,0.0525813355451204,0.37764314114681924,0.32506180560169884
Jax,Brand,1,0.05252220696797383,0.05252220696797383,0.05252220696797383,-0.05252220696797383,0.5331398116058791,0.5856620185738529
Braum,Swain,7,0.05241750608902381,0.043399836655091784,0.09844885554871272,-0.03791175498272153,0.372020518862921,0.4099322738456425
Seraphine,Xayah,5,0.05241690794340155,0.03651980113484449,0.08981679359817668,0.013280925261259412,0.3216775168128857,0.30839659155162635
Janna,Aurora,1,0.05229679273419141,0.05229679273419141,0.05229679273419141,-0.05229679273419141,0.5108086365194442,0.5631054292536356
Amumu,Velkoz,1,0.052281143292926935,0.052281143292926935,0.052281143292926935,-0.052281143292926935,0.43126483836764185,0.4835459816605688
Leona,Yone,1,0.0522353795792892,0.0522353795792892,0.0522353795792892,-0.0522353795792892,0.4904888522719076,0.5427242318511968
Poppy,Akali,1,0.05212367371994553,0.05212367371994553,0.05212367371994553,-0.05212367371994553,0.523263365800488,0.5753870395204336
Renata,Ziggs,1,0.05171239373859743,0.05171239373859743,0.05171239373859743,-0.05171239373859743,0.4387119679031557,0.4904243616417531
JarvanIV,Ziggs,2,0.05168644168653577,0.05168644168653577,0.0781320084524937,-0.05168644168653577,0.510360280136551,0.5620467218230868
Thresh,Fiora,1,0.05164277627986236,0.05164277627986236,0.05164277627986236,0.05164277627986236,0.31678557608328956,0.2651427998034272
Zaahen,Kalista,1,0.05145482187991385,0.05145482187991385,0.05145482187991385,0.05145482187991385,0.3111830475898167,0.25972822570990284
Annie,Yasuo,1,0.05142775071505529,0.05142775071505529,0.05142775071505529,-0.05142775071505529,0.3426803668241239,0.3941081175391792
Nami,Ambessa,1,0.05112132162618255,0.05112132162618255,0.05112132162618255,0.05112132162618255,0.37867092156976967,0.3275495999435871
Ashe,Xayah,1,0.05072289641271527,0.05072289641271527,0.05072289641271527,0.05072289641271527,0.3353568374921427,0.2846339410794274
Galio,Lux,1,0.05066366749046519,0.05066366749046519,0.05066366749046519,-0.05066366749046519,0.4014065980082862,0.4520702654987514
Zyra,Tristana,2,0.05056677804326648,0.05056677804326648,0.050643371273744166,-0.05056677804326648,0.3027397434280894,0.3533065214713559
Leblanc,Karma,1,0.05049648296161624,0.05049648296161624,0.05049648296161624,-0.05049648296161624,0.5694122621660019,0.6199087451276182
Pantheon,Viego,1,0.050431721320452816,0.050431721320452816,0.050431721320452816,-0.050431721320452816,0.5149427718177417,0.5653744931381945
Zoe,Singed,1,0.0504311427235169,0.0504311427235169,0.0504311427235169,0.0504311427235169,0.45237045792039027,0.40193931519687337
Sion,Ashe,3,0.05028695397109661,0.031351876728458294,0.09085334259707337,0.05028695397109661,0.33267923102454494,0.2823922770534484
Pyke,Qiyana,3,0.05025182930359264,0.06512184428538659,0.07616121399807112,-0.05025182930359264,0.4683686106020752,0.5186204399056679
Thresh,Sylas,1,0.050070506983506846,0.050070506983506846,0.050070506983506846,0.050070506983506846,0.3348620010263723,0.28479149404286547
Braum,Veigar,4,0.04990906333371094,0.046573689114291855,0.08109167809624532,0.003335374219419082,0.415089812209803,0.4117544379903839
Leblanc,Corki,6,0.049904710186927485,0.030933372064389397,0.09957435905169756,-0.005364011524732491,0.5214866217155472,0.5268506332402797
Ekko,Xayah,1,0.049466189106331326,0.049466189106331326,0.049466189106331326,0.049466189106331326,0.4544538975060291,0.4049877083996978
Xerath,Aphelios,2,0.04942807327298754,0.04942807327298754,0.05160260972388825,0.002718170563625888,0.28031205554557803,0.27759388498195214
Taric,Brand,1,0.0493601394550377,0.0493601394550377,0.0493601394550377,-0.0493601394550377,0.3552664970221427,0.4046266364771804
Shaco,Viktor,1,0.049352249418989635,0.049352249418989635,0.049352249418989635,0.049352249418989635,0.5664064521671602,0.5170542027481706
Sion,Naafiri,1,0.04934819234405774,0.04934819234405774,0.04934819234405774,-0.04934819234405774,0.4442926418271429,0.49364083417120064
Velkoz,MasterYi,1,0.04914372764968933,0.04914372764968933,0.04914372764968933,0.04914372764968933,0.31613909272591406,0.26699536507622473
TahmKench,TwistedFate,1,0.0489879771252581,0.0489879771252581,0.0489879771252581,0.0489879771252581,0.3795602752417241,0.330572298116466
Rammus,Velkoz,1,0.04897313727347907,0.04897313727347907,0.04897313727347907,-0.04897313727347907,0.5141322919801565,0.5631054292536356
Nasus,Vayne,1,0.04888864315011954,0.04888864315011954,0.04888864315011954,0.04888864315011954,0.3036847564044878,0.25479611325436824
JarvanIV,Yasuo,1,0.04867418249134631,0.04867418249134631,0.04867418249134631,-0.04867418249134631,0.40138843556757725,0.45006261805892356
AurelionSol,Kalista,1,0.04846078056834513,0.04846078056834513,0.04846078056834513,-0.04846078056834513,0.6072490692875083,0.6557098498558535
Maokai,Zilean,1,0.04828047314444445,0.04828047314444445,0.04828047314444445,0.04828047314444445,0.4997166104591395,0.45143613731469506
Lulu,Viego,1,0.04827285339691112,0.04827285339691112,0.04827285339691112,0.04827285339691112,0.27974712176656585,0.23147426836965473
Ashe,Olaf,1,0.04818951586080267,0.04818951586080267,0.04818951586080267,0.04818951586080267,0.36201895987874316,0.3138294440179405
Rengar,Jhin,1,0.04814993415605828,0.04814993415605828,0.04814993415605828,-0.04814993415605828,0.412624761332166,0.4607746954882243
Lux,Ornn,1,0.047924342014889765,0.047924342014889765,0.047924342014889765,-0.047924342014889765,0.42387020330234887,0.47179454531723863
TwistedFate,Ezreal,3,0.04776897186471377,0.04864730243782972,0.05875382738901632,-0.025516202178381353,0.4767840709493309,0.5023002731277123
Hwei,Yasuo,2,0.047553762402202354,0.047553762402202354,0.05197958334680951,0.005532276180758938,0.36372213229504957,0.3581898561142906
Elise,Soraka,1,0.04736057516436509,0.04736057516436509,0.04736057516436509,-0.04736057516436509,0.5172579011803735,0.5646184763447386
Senna,Malphite,1,0.04735430417855385,0.04735430417855385,0.04735430417855385,0.04735430417855385,0.34247061383159516,0.2951163096530413
Ivern,AurelionSol,1,0.047242724428670335,0.047242724428670335,0.047242724428670335,-0.047242724428670335,0.49112592981042397,0.5383686542390943
Jhin,Kaisa,1,0.04724050248396933,0.04724050248396933,0.04724050248396933,0.04724050248396933,0.3537562742755913,0.306515771791622
Ashe,Swain,2,0.04710570999831895,0.04710570999831895,0.047414784146765934,-0.04710570999831895,0.3279854225864709,0.3750911325847899
Nautilus,Akshan,2,0.047077709681318636,0.047077709681318636,0.04928359164660399,0.047077709681318636,0.4185079766664518,0.37143026698513315
Renata,Syndra,2,0.046965190814053565,0.046965190814053565,0.08096831373405582,0.046965190814053565,0.4018944408400492,0.3549292500259956
Nidalee,Senna,1,0.04674878319674464,0.04674878319674464,0.04674878319674464,-0.04674878319674464,0.4167518834975211,0.46350066669426576
Cassiopeia,Caitlyn,1,0.04671331395867895,0.04671331395867895,0.04671331395867895,0.04671331395867895,0.425290821332907,0.3785775073742281
Poppy,KogMaw,2,0.04655054882401988,0.04655054882401988,0.04776045218167457,0.04655054882401988,0.4773557905199825,0.4308052416959626
Taliyah,Draven,1,0.04653932497069346,0.04653932497069346,0.04653932497069346,0.04653932497069346,0.43768363928805165,0.3911443143173582
Nidalee,Twitch,4,0.04647653811040221,0.0400177922509137,0.07233555074103522,0.0051848779389793015,0.42314088128771604,0.4179560033487367
Nidalee,Tristana,3,0.04612572189159264,0.054940792796223326,0.06404925108369106,0.009498526694110424,0.4506580967774659,0.4411595700833555
Chogath,Samira,1,0.04610475867990105,0.04610475867990105,0.04610475867990105,-0.04610475867990105,0.4116500004838575,0.4577547591637586
Shen,Kalista,3,0.04599671408469955,0.04005135623663847,0.08557715122330392,0.018642352561947306,0.3038658856543857,0.2852235330924384
Ashe,Yasuo,1,0.04582966104532482,0.04582966104532482,0.04582966104532482,-0.04582966104532482,0.3137416039588516,0.3595712650041764
Soraka,Olaf,1,0.04573758542483347,0.04573758542483347,0.04573758542483347,-0.04573758542483347,0.2852304324949693,0.3309680179198028
Zoe,Kalista,2,0.04542357311125805,0.04542357311125805,0.050037502022962164,0.005767411139630141,0.36832900551201264,0.36256159437238245
Nami,Zed,3,0.045275235432693135,0.008066613984806736,0.10332714475250161,0.03948628286359041,0.39285838887261443,0.353372106009024
Aatrox,Yunara,1,0.045201040709660245,0.045201040709660245,0.045201040709660245,-0.045201040709660245,0.5038200859015435,0.5490211266112037
Velkoz,Fizz,1,0.045030389591853126,0.045030389591853126,0.045030389591853126,-0.045030389591853126,0.36473312446333,0.40976351405518313
Xerath,Lux,2,0.04501139196083309,0.04501139196083309,0.06356122396388321,-0.04501139196083309,0.327921908851317,0.3729333008121501
Neeko,Naafiri,1,0.044843691134957564,0.044843691134957564,0.044843691134957564,-0.044843691134957564,0.39898080891576265,0.4438245000507202
Annie,Ezreal,6,0.04474591401797626,0.03705145079122249,0.08298014522537883,-0.03389304913520938,0.38628378852060674,0.42017683765581615
Pyke,Camille,1,0.04469492095955102,0.04469492095955102,0.04469492095955102,-0.04469492095955102,0.4949201276858905,0.5396150486454415
Kayle,Twitch,1,0.04463250960570436,0.04463250960570436,0.04463250960570436,-0.04463250960570436,0.22936401991979294,0.2739965295254973
Gragas,Draven,1,0.04424066236813562,0.04424066236813562,0.04424066236813562,0.04424066236813562,0.3684021213734894,0.32416145900535376
Lux,Veigar,3,0.044136262732645905,0.01769043012257482,0.08427959524549675,-0.02314832828483891,0.38416754559380834,0.40731587387864726
Karma,TwistedFate,1,0.04405634775133854,0.04405634775133854,0.04405634775133854,0.04405634775133854,0.4703369162888453,0.42628056853750673
Kindred,Ekko,1,0.04404460762842871,0.04404460762842871,0.04404460762842871,0.04404460762842871,0.38986995709733846,0.34582534946890975
Seraphine,Katarina,1,0.04385611790529603,0.04385611790529603,0.04385611790529603,0.04385611790529603,0.32268710770932285,0.2788309898040268
TahmKench,Xerath,2,0.04380635251898213,0.04380635251898213,0.07209704735910376,-0.03536336855015204,0.37562494789208095,0.410988316442233
Xerath,Hwei,1,0.04374710970310164,0.04374710970310164,0.04374710970310164,-0.04374710970310164,0.37093359976636425,0.4146807094694659
Hwei,Xayah,1,0.04370289696403201,0.04370289696403201,0.04370289696403201,-0.04370289696403201,0.32779670349694345,0.37149960046097547
Sylas,Vladimir,1,0.04343223715442196,0.04343223715442196,0.04343223715442196,0.04343223715442196,0.5070132980786501,0.4635810609242282
Swain,Syndra,1,0.04330058115687885,0.04330058115687885,0.04330058115687885,0.04330058115687885,0.3891680266369589,0.34586744548008
Zilean,Singed,2,0.04321460832370738,0.04321460832370738,0.0574717479381522,0.04321460832370738,0.3788826316955622,0.3356680233718548
Milio,Yone,1,0.04320692321284014,0.04320692321284014,0.04320692321284014,0.04320692321284014,0.3259089090962676,0.28270198588342743
Ashe,Zilean,1,0.043203580693033206,0.043203580693033206,0.043203580693033206,0.043203580693033206,0.3900898232667483,0.3468862425737151
Zilean,Graves,1,0.04312889630921385,0.04312889630921385,0.04312889630921385,-0.04312889630921385,0.4014247537895524,0.44455365009876624
Nami,TahmKench,2,0.043070755303413394,0.043070755303413394,0.043380630550545855,0.043070755303413394,0.30578707557536416,0.2627163202719508
Bard,TwistedFate,2,0.04295900300955699,0.04295900300955699,0.06296189512022687,0.04295900300955699,0.4773014250035996,0.4343424219940426
RekSai,Jhin,1,0.042894457614287396,0.042894457614287396,0.042894457614287396,-0.042894457614287396,0.4295708429291193,0.4724653005434067
Senna,Ekko,2,0.04250421766711987,0.04250421766711987,0.058034246921746545,0.019412536568283345,0.39400414936655975,0.3745916127982764
Senna,Ryze,1,0.04237679561037744,0.04237679561037744,0.04237679561037744,0.04237679561037744,0.33205107981255827,0.28967428420218083
Kennen,Ashe,1,0.04233433165748124,0.04233433165748124,0.04233433165748124,0.04233433165748124,0.38303446581283584,0.3407001341553546
Soraka,Anivia,1,0.04220457165378205,0.04220457165378205,0.04220457165378205,0.04220457165378205,0.3890605916459273,0.34685601999214527
Pantheon,Soraka,1,0.042182533492982455,0.042182533492982455,0.042182533492982455,0.042182533492982455,0.4502689449121403,0.40808641141915786
DrMundo,Kaisa,1,0.04204793740025742,0.04204793740025742,0.04204793740025742,-0.04204793740025742,0.35164638873047,0.3936943261307274
Bard,Singed,1,0.04191586846596229,0.04191586846596229,0.04191586846596229,-0.04191586846596229,0.5705576171442142,0.6124734856101764
Braum,Velkoz,2,0.041686473467377416,0.041686473467377416,0.06890993904525718,-0.041686473467377416,0.3990720836240112,0.4407585570913886
Sion,Jhin,1,0.04164308028724484,0.04164308028724484,0.04164308028724484,-0.04164308028724484,0.40146357896808216,0.443106659255327
Malzahar,Ezreal,1,0.04163045955964251,0.04163045955964251,0.04163045955964251,-0.04163045955964251,0.3367021987204772,0.3783326582801197
MonkeyKing,Vladimir,1,0.04149482181924408,0.04149482181924408,0.04149482181924408,-0.04149482181924408,0.3443256010313684,0.38582042285061247
Vex,Syndra,1,0.04133258679457785,0.04133258679457785,0.04133258679457785,0.04133258679457785,0.45698422337041944,0.4156516365758416
Taric,Sona,1,0.04130308538423311,0.04130308538423311,0.04130308538423311,-0.04130308538423311,0.37718471563094175,0.41848780101517485
Poppy,Syndra,3,0.041005148696343384,0.04300143404520829,0.045581129703760534,0.010187779617410983,0.4928606001071845,0.4826728204897736
Ezreal,Smolder,1,0.040863395342169484,0.040863395342169484,0.040863395342169484,-0.040863395342169484,0.43432782817953147,0.47519122352170096
Ezreal,Jhin,1,0.04082459081914214,0.04082459081914214,0.04082459081914214,0.04082459081914214,0.3509161329352205,0.31009154211607837
Ekko,Ahri,1,0.040558253831776525,0.040558253831776525,0.040558253831776525,0.040558253831776525,0.5152759193177676,0.4747176654859911
Janna,Kennen,1,0.04052940259586174,0.04052940259586174,0.04052940259586174,0.04052940259586174,0.448154016536063,0.4076246139402013
Bard,Leona,1,0.04045291909768839,0.04045291909768839,0.04045291909768839,-0.04045291909768839,0.4630710390170903,0.5035239581147787
Rell,Soraka,1,0.040418073314472114,0.040418073314472114,0.040418073314472114,-0.040418073314472114,0.4168621904037742,0.4572802637182463
Thresh,Zed,1,0.04037096033455284,0.04037096033455284,0.04037096033455284,0.04037096033455284,0.44515998897573483,0.404789028641182
Milio,Ekko,1,0.04014033634995556,0.04014033634995556,0.04014033634995556,-0.04014033634995556,0.35547920323203985,0.3956195395819954
Singed,Qiyana,1,0.03990184369851013,0.03990184369851013,0.03990184369851013,-0.03990184369851013,0.5005190519430248,0.540420895641535
Galio,Syndra,1,0.03975967376005923,0.03975967376005923,0.03975967376005923,0.03975967376005923,0.45138567298935084,0.4116259992292916
Pantheon,Aatrox,1,0.0397027364786251,0.0397027364786251,0.0397027364786251,0.0397027364786251,0.4947442647026835,0.4550415282240584
JarvanIV,Velkoz,2,0.03953272833352531,0.03953272833352531,0.05233320408709557,0.016000594691962827,0.4744526030885511,0.4584520083965883
Bard,Heimerdinger,3,0.039479511399012145,0.020205386439240636,0.0775344370108758,-0.021764955036844242,0.5591663129940864,0.5809312680309305
Braum,Jayce,1,0.03939531736462437,0.03939531736462437,0.03939531736462437,-0.03939531736462437,0.37136458306694087,0.41075990043156524
Vex,Taliyah,1,0.03919712472402476,0.03919712472402476,0.03919712472402476,-0.03919712472402476,0.4013722952178975,0.4405694199419223
Mel,Yasuo,1,0.03912347901671387,0.03912347901671387,0.03912347901671387,0.03912347901671387,0.3287807357414462,0.2896572567247323
Ashe,Smolder,1,0.03864474646921917,0.03864474646921917,0.03864474646921917,0.03864474646921917,0.3334059249454779,0.2947611784762587
Sejuani,Hwei,1,0.03853524005805131,0.03853524005805131,0.03853524005805131,-0.03853524005805131,0.4864140173947926,0.5249492574528439
Lissandra,Ashe,2,0.038532271542672664,0.038532271542672664,0.05537517219006102,0.038532271542672664,0.43085666270772227,0.3923243911650496
Nasus,Jhin,1,0.038465786877890096,0.038465786877890096,0.038465786877890096,-0.038465786877890096,0.34607740689347916,0.38454319377136925
Alistar,Warwick,1,0.03832168659443552,0.03832168659443552,0.03832168659443552,0.03832168659443552,0.4501818814409846,0.41186019484654907
Taliyah,Swain,2,0.03828761785415141,0.03828761785415141,0.05395517982641761,-0.019584452465332747,0.4535514612834304,0.4731359137487631
Amumu,Kalista,3,0.03823253932116916,0.03801322796037204,0.04455133300131085,-0.007441966480138784,0.3704787566838223,0.377920723163961
Kayle,AurelionSol,1,0.038020933388513034,0.038020933388513034,0.038020933388513034,-0.038020933388513034,0.30467600130644057,0.3426969346949536
Alistar,Ekko,2,0.03775526867277365,0.03775526867277365,0.06789706017299674,-0.037677239375278865,0.508916433392308,0.5465936727675869
Gragas,Smolder,1,0.037732389146750034,0.037732389146750034,0.037732389146750034,0.037732389146750034,0.41133155251806536,0.3735991633713153
Maokai,Swain,2,0.03764483934052518,0.03764483934052518,0.06221937423902248,-0.030718168623121628,0.48872158286826145,0.5194397514913831
LeeSin,Veigar,1,0.03753439875283365,0.03753439875283365,0.03753439875283365,-0.03753439875283365,0.46186463693640095,0.4993990356892346
Ashe,Senna,1,0.037344603489646966,0.037344603489646966,0.037344603489646966,-0.037344603489646966,0.2971028197607081,0.3344474232503551
Blitzcrank,Riven,1,0.03727345955591754,0.03727345955591754,0.03727345955591754,0.03727345955591754,0.4654631751250772,0.42818971556915963
Galio,KogMaw,2,0.0371411365830108,0.0371411365830108,0.04939685200585347,-0.0371411365830108,0.40699314747558446,0.44413428405859523
LeeSin,Yasuo,1,0.03696479311384576,0.03696479311384576,0.03696479311384576,0.03696479311384576,0.4672308215253258,0.43026602841148004
Seraphine,Xerath,1,0.03677624683740072,0.03677624683740072,0.03677624683740072,0.03677624683740072,0.30690703424989835,0.27013078741249763
Ekko,Yunara,2,0.03667239619322252,0.03667239619322252,0.05817444822391736,-0.02687756503836855,0.4767852183198661,0.5036627833582347
Rakan,Graves,1,0.036624979198354946,0.036624979198354946,0.036624979198354946,-0.036624979198354946,0.4732082960957914,0.5098332752941463
Katarina,Ezreal,1,0.036504712484998425,0.036504712484998425,0.036504712484998425,-0.036504712484998425,0.39098602824039674,0.42749074072539517
Lillia,Orianna,1,0.036234381941069815,0.036234381941069815,0.036234381941069815,-0.036234381941069815,0.4147057929846998,0.4509401749257696
Ivern,Kaisa,1,0.03618579409410877,0.03618579409410877,0.03618579409410877,0.03618579409410877,0.41596393768091927,0.3797781435868105
Sylas,Aphelios,2,0.03617413371159606,0.03617413371159606,0.05503818004149304,-0.03617413371159606,0.48309190895780085,0.5192660426693969
Kayle,Varus,2,0.03543934443584992,0.03543934443584992,0.049014095523357885,-0.016968438859384954,0.2698371315772666,0.28680557043665156
Brand,Kalista,1,0.03535602018121459,0.03535602018121459,0.03535602018121459,-0.03535602018121459,0.34979499948827286,0.38515101966948745
Rammus,Taliyah,1,0.03510146692832228,0.03510146692832228,0.03510146692832228,-0.03510146692832228,0.4497994654567883,0.48490093238511056
Evelynn,Draven,1,0.03508101837695793,0.03508101837695793,0.03508101837695793,0.03508101837695793,0.44616676664690175,0.4110857482699438
Zed,Twitch,1,0.03475535127291951,0.03475535127291951,0.03475535127291951,-0.03475535127291951,0.4582441500353164,0.4929995013082359
Bard,Quinn,1,0.03453395497166595,0.03453395497166595,0.03453395497166595,0.03453395497166595,0.5166287318687653,0.4820947768970994
Akshan,Brand,1,0.03427867459782086,0.03427867459782086,0.03427867459782086,-0.03427867459782086,0.4855215320300974,0.5198002066279183
Zyra,Jinx,4,0.03422348843704112,0.029558114177204248,0.060863139586839005,0.011125361583828042,0.3055453282001319,0.2944199666163039
Gragas,Xayah,1,0.034204058259521664,0.034204058259521664,0.034204058259521664,-0.034204058259521664,0.3731222608606183,0.40732631912013995
Xerath,Jinx,2,0.03407283644758066,0.03407283644758066,0.04222846907235201,0.010194540780964184,0.2789400338404374,0.2687454930594732
Ivern,Twitch,2,0.03406916737374349,0.03406916737374349,0.054983307701299076,-0.03406916737374349,0.3880310014643139,0.42210016883805745
Quinn,Twitch,1,0.03383203288614639,0.03383203288614639,0.03383203288614639,0.03383203288614639,0.4261478093661958,0.3923157764800494
Pyke,Bard,1,0.03356121883672525,0.03356121883672525,0.03356121883672525,-0.03356121883672525,0.48938769562264783,0.5229489144593731
Brand,Velkoz,2,0.033500995208686574,0.033500995208686574,0.054300296847922556,-0.033500995208686574,0.39646468691808623,0.4299656821267728
Bard,Viego,2,0.03342924658311039,0.03342924658311039,0.04778345592448756,-0.03342924658311039,0.45311082650850376,0.4865400730916141
Ambessa,Ziggs,1,0.03322440825258566,0.03322440825258566,0.03322440825258566,0.03322440825258566,0.4784798006115555,0.4452553923589698
Rell,Gangplank,1,0.033080872087835445,0.033080872087835445,0.033080872087835445,-0.033080872087835445,0.43167712945705455,0.46475800154489
Galio,Zyra,1,0.03300996925749011,0.03300996925749011,0.03300996925749011,0.03300996925749011,0.5179109016426007,0.48490093238511056
Veigar,Yasuo,1,0.032827597724612134,0.032827597724612134,0.032827597724612134,-0.032827597724612134,0.31392418237014713,0.34675178009475927
Bard,Yone,2,0.03274835898101508,0.03274835898101508,0.0345999779105202,-0.002314523661881396,0.49589005585657503,0.4982045795184564
Quinn,Velkoz,1,0.03235628168755972,0.03235628168755972,0.03235628168755972,0.03235628168755972,0.4585804647357634,0.4262241830482037
MonkeyKing,MissFortune,1,0.03220658405353588,0.03220658405353588,0.03220658405353588,-0.03220658405353588,0.35652704425732246,0.38873362831085834
Zaahen,KogMaw,1,0.03215114359214688,0.03215114359214688,0.03215114359214688,-0.03215114359214688,0.36083999509281406,0.39299113868496094
Sylas,Hwei,2,0.03213487519663183,0.03213487519663183,0.03259778656111216,0.03213487519663183,0.5099007142442625,0.4777658390476307
Xerath,Velkoz,2,0.03202216761882665,0.03202216761882665,0.05401997269750113,0.03202216761882665,0.34168541289854537,0.3096632452797187
Nautilus,Quinn,1,0.03177649944519123,0.03177649944519123,0.03177649944519123,-0.03177649944519123,0.41412417902067,0.44590067846586123
Sylas,Katarina,1,0.03166907917281875,0.03166907917281875,0.03166907917281875,0.03166907917281875,0.45172898689121765,0.4200599077183989
Rengar,Ezreal,1,0.03147231026869435,0.03147231026869435,0.03147231026869435,-0.03147231026869435,0.40180194194735236,0.4332742522160467
Lulu,Syndra,1,0.031223787939608894,0.031223787939608894,0.031223787939608894,0.031223787939608894,0.3895315987238029,0.358307810784194
Trundle,Aphelios,1,0.03100961180317985,0.03100961180317985,0.03100961180317985,-0.03100961180317985,0.3998948217427495,0.43090443354592933
Karma,Zed,2,0.03089141744737639,0.03089141744737639,0.05039344796252493,-0.03089141744737639,0.48561852218395973,0.5165099396313361
MasterYi,Xayah,1,0.030863288069648165,0.030863288069648165,0.030863288069648165,0.030863288069648165,0.4550943793024185,0.4242310912327703
Taric,Irelia,1,0.03075684208798596,0.03075684208798596,0.03075684208798596,0.03075684208798596,0.31921604449069935,0.2884592024027134
FiddleSticks,Smolder,6,0.030478927806270612,0.02682405495736978,0.049845742664626075,0.013852420074147739,0.40980745078147035,0.3959550307073226
Qiyana,Akshan,1,0.03033838555814311,0.03033838555814311,0.03033838555814311,-0.03033838555814311,0.48164272798046975,0.5119811135386129
Trundle,Yasuo,2,0.03020613333971306,0.03020613333971306,0.04322708327876993,-0.016276187423821087,0.40422051970980366,0.42049670713362475
Rakan,Taliyah,3,0.030202620596909386,0.03565298897324243,0.04298375168324089,0.006433961281414435,0.4393253755350493,0.4328914142536349
Senna,Sylas,1,0.03017561462609164,0.03017561462609164,0.03017561462609164,0.03017561462609164,0.2928806143382814,0.26270499971218975
MissFortune,Varus,1,0.030082095322751412,0.030082095322751412,0.030082095322751412,0.030082095322751412,0.36246097104340774,0.33237887572065633
TahmKench,Yasuo,2,0.029957202482189638,0.029957202482189638,0.03443919187319019,0.029957202482189638,0.3485000532715725,0.31854285078938294
RekSai,Smolder,1,0.029871658632610487,0.029871658632610487,0.029871658632610487,-0.029871658632610487,0.4484857274220826,0.4783573860546931
RekSai,Ashe,1,0.029660546055931436,0.029660546055931436,0.029660546055931436,0.029660546055931436,0.45097166124486104,0.4213111151889296
Elise,Viego,3,0.02940120358855743,0.035222976859267785,0.044666203923473535,-0.02940120358855743,0.544469146611917,0.5738703502004744
Pyke,Xerath,3,0.02934032667118791,0.02592382532929255,0.03542664608259995,0.0041387591572367155,0.5260716425173945,0.5219328833601579
Kennen,Tristana,1,0.02907508832140815,0.02907508832140815,0.02907508832140815,-0.02907508832140815,0.34273619099545405,0.3718112793168622
Leona,Soraka,1,0.029015854545338837,0.029015854545338837,0.029015854545338837,-0.029015854545338837,0.38433610312672445,0.4133519576720633
Kalista,Katarina,1,0.02879214965637683,0.02879214965637683,0.02879214965637683,-0.02879214965637683,0.38752339529312596,0.4163155449495028
Yuumi,Katarina,2,0.028762157413996722,0.028762157413996722,0.04495814026424452,-0.020244978562809754,0.15812463155557474,0.17836961011838448
Pantheon,Ekko,1,0.028759042539246327,0.028759042539246327,0.028759042539246327,-0.028759042539246327,0.5025340557930538,0.5312930983323001
Fiora,Yunara,1,0.028687157093015947,0.028687157093015947,0.028687157093015947,-0.028687157093015947,0.3919661881061914,0.42065334519920733
Sona,Heimerdinger,1,0.02843987349568594,0.02843987349568594,0.02843987349568594,-0.02843987349568594,0.4133063996498481,0.44174627314553405
Shen,Mel,1,0.02831292519125611,0.02831292519125611,0.02831292519125611,0.02831292519125611,0.39583237339316185,0.36751944820190574
Singed,Kaisa,1,0.0281949156280088,0.0281949156280088,0.0281949156280088,-0.0281949156280088,0.46544345517983576,0.49363837080784456
Nami,Kassadin,1,0.028014845510950015,0.028014845510950015,0.028014845510950015,0.028014845510950015,0.4543001449424619,0.4262852994315119
Morgana,Camille,1,0.027991783257414582,0.027991783257414582,0.027991783257414582,0.027991783257414582,0.363330368134128,0.3353385848767134
Mel,Draven,1,0.027914727030416697,0.027914727030416697,0.027914727030416697,0.027914727030416697,0.2883185644732054,0.2604038374427887
Riven,Varus,1,0.02785198749784168,0.02785198749784168,0.02785198749784168,-0.02785198749784168,0.3848351222193301,0.41268710971717176
Leona,Ahri,1,0.027736003416664656,0.027736003416664656,0.027736003416664656,-0.027736003416664656,0.46658559091084223,0.4943215943275069
Ziggs,Ezreal,1,0.027516536535904745,0.027516536535904745,0.027516536535904745,0.027516536535904745,0.2836339394242005,0.25611740288829576
Maokai,Brand,1,0.027343709259831095,0.027343709259831095,0.027343709259831095,0.027343709259831095,0.44858727298900797,0.4212435637291769
KSante,Corki,1,0.02733626707346065,0.02733626707346065,0.02733626707346065,0.02733626707346065,0.3588536294007637,0.33151736232730306
Pyke,Yone,1,0.02692075887784101,0.02692075887784101,0.02692075887784101,-0.02692075887784101,0.4844019458156488,0.5113227046934898
Twitch,Smolder,1,0.026713330692726633,0.026713330692726633,0.026713330692726633,-0.026713330692726633,0.5954107784936091,0.6221241091863358
Veigar,Vayne,2,0.026575624333270376,0.026575624333270376,0.04030945547265698,0.017167288924233248,0.33111638083648154,0.3139490919122483
Rakan,Zoe,2,0.025860324055451356,0.025860324055451356,0.0272366844917181,-0.025860324055451356,0.4553192002445583,0.48117952430000965
JarvanIV,Zyra,1,0.025490575145437955,0.025490575145437955,0.025490575145437955,0.025490575145437955,0.5146806615200252,0.4891900863745873
Skarner,Twitch,1,0.02547342819732279,0.02547342819732279,0.02547342819732279,-0.02547342819732279,0.4140373473494143,0.43951077554673706
FiddleSticks,Kalista,1,0.02538455563811154,0.02538455563811154,0.02538455563811154,0.02538455563811154,0.3048566164765569,0.27947206083844534
Sona,Chogath,1,0.02507839645297616,0.02507839645297616,0.02507839645297616,0.02507839645297616,0.3284239543062916,0.30334555785331546
Sona,Illaoi,1,0.02503127506584424,0.02503127506584424,0.02503127506584424,0.02503127506584424,0.33524747321492965,0.3102161981490854
Leblanc,Twitch,1,0.02478966729593579,0.02478966729593579,0.02478966729593579,-0.02478966729593579,0.5198976235651396,0.5446872908610754
Qiyana,Samira,2,0.024613252343331726,0.024613252343331726,0.026018187545193507,0.0017561690023272236,0.41283943557510466,0.41108326657277744
Leona,Riven,1,0.02435494119331033,0.02435494119331033,0.02435494119331033,-0.02435494119331033,0.4384326475511911,0.46278758874450143
Maokai,Viego,1,0.02432767471595898,0.02432767471595898,0.02432767471595898,-0.02432767471595898,0.39886728626808,0.42319496098403897
MissFortune,Draven,1,0.0241376503894688,0.0241376503894688,0.0241376503894688,0.0241376503894688,0.3015803019369053,0.2774426515474365
Shen,Kennen,1,0.023769969368982846,0.023769969368982846,0.023769969368982846,0.023769969368982846,0.4035457118640513,0.37977574249506846
Galio,Draven,2,0.023569420479272185,0.023569420479272185,0.030261437469446616,-0.00836502123771804,0.4126144344318826,0.4209794556696006
Pyke,Jayce,1,0.02355799169846018,0.02355799169846018,0.02355799169846018,0.02355799169846018,0.5142838543300269,0.4907258626315667
Nautilus,Darius,1,0.023491498077336193,0.023491498077336193,0.023491498077336193,0.023491498077336193,0.45340910262236783,0.42991760454503164
Hwei,Vladimir,1,0.023378783174687445,0.023378783174687445,0.023378783174687445,-0.023378783174687445,0.3708290407435069,0.39420782391819437
Zac,Senna,1,0.023257734165463895,0.023257734165463895,0.023257734165463895,-0.023257734165463895,0.40510931747695506,0.42836705164241895
Zyra,Ziggs,1,0.02306162535347983,0.02306162535347983,0.02306162535347983,0.02306162535347983,0.3802868784279325,0.3572252530744527
Senna,Viktor,4,0.022942992489540598,0.019831166111366927,0.03452209318230876,0.022942992489540598,0.31136659868358246,0.28842360619404184
Ivern,Tristana,1,0.022922802479239057,0.022922802479239057,0.022922802479239057,-0.022922802479239057,0.39559733599216135,0.4185201384714004
TahmKench,Mel,2,0.022290407406445084,0.022290407406445084,0.027046503534244766,0.022290407406445084,0.3934754263789467,0.3711850189725016
Vayne,Zac,1,0.022277103822850808,0.022277103822850808,0.022277103822850808,-0.022277103822850808,0.4948086673644358,0.5170857711872866
Trundle,Twitch,1,0.021818353378995792,0.021818353378995792,0.021818353378995792,0.021818353378995792,0.4057780630104547,0.3839597096314589
Briar,Velkoz,1,0.021787220863035306,0.021787220863035306,0.021787220863035306,-0.021787220863035306,0.5030937358579144,0.5248809567209497
Akshan,Mel,1,0.021501212061959096,0.021501212061959096,0.021501212061959096,-0.021501212061959096,0.5258027163658588,0.5473039284278179
Zilean,Annie,2,0.021142149674036964,0.021142149674036964,0.0278703205324534,-0.021142149674036964,0.39233919089377567,0.41348134056781266
Thresh,Ekko,2,0.02103520167032008,0.02103520167032008,0.03509014271521534,-0.02103520167032008,0.4430765167537505,0.46411171842407056
Skarner,Aphelios,1,0.021017178766237155,0.021017178766237155,0.021017178766237155,-0.021017178766237155,0.4784228472137457,0.4994400259799828
Rakan,Ekko,1,0.020740486834592453,0.020740486834592453,0.020740486834592453,-0.020740486834592453,0.4571882207581223,0.4779287075927148
Syndra,Xayah,1,0.02056408249731073,0.02056408249731073,0.02056408249731073,0.02056408249731073,0.3951253130232143,0.37456123052590357
Shen,Hwei,1,0.02048068727117608,0.02048068727117608,0.02048068727117608,-0.02048068727117608,0.4006889920171095,0.4211696792882856
Katarina,Twitch,1,0.020327029449691614,0.020327029449691614,0.020327029449691614,-0.020327029449691614,0.36498348617268594,0.38531051562237756
Velkoz,LeeSin,1,0.020274741465522383,0.020274741465522383,0.020274741465522383,0.020274741465522383,0.3392152347825062,0.3189404933169838
Elise,Olaf,1,0.019677189058692868,0.019677189058692868,0.019677189058692868,0.019677189058692868,0.5648597134460525,0.5451825243873596
Lux,Zilean,1,0.01944066064234412,0.01944066064234412,0.01944066064234412,-0.01944066064234412,0.41292676333509487,0.432367423977439
Hwei,Zeri,1,0.019412750032533732,0.019412750032533732,0.019412750032533732,-0.019412750032533732,0.35593306109541234,0.37534581112794607
Blitzcrank,Malzahar,1,0.019255738505103537,0.019255738505103537,0.019255738505103537,-0.019255738505103537,0.5092202501816345,0.5284759886867381
Elise,Jax,1,0.019180204940251633,0.019180204940251633,0.019180204940251633,-0.019180204940251633,0.4633945673008807,0.4825747722411323
Lissandra,Lucian,1,0.018859022995912633,0.018859022995912633,0.018859022995912633,-0.018859022995912633,0.4205353131969588,0.43939433619287144
Lulu,Gwen,1,0.018651552128188087,0.018651552128188087,0.018651552128188087,-0.018651552128188087,0.3644739609640336,0.3831255130922217
Blitzcrank,Aurora,1,0.01849809938527669,0.01849809938527669,0.01849809938527669,-0.01849809938527669,0.560840432396495,0.5793385317817716
Zilean,Karma,1,0.018241431523750518,0.018241431523750518,0.018241431523750518,-0.018241431523750518,0.47685233560789475,0.49509376713164527
Veigar,Mel,1,0.01806944327574672,0.01806944327574672,0.01806944327574672,-0.01806944327574672,0.38983990781694616,0.4079093510926929
Fiora,Draven,1,0.018049378380062597,0.018049378380062597,0.018049378380062597,-0.018049378380062597,0.40179348873750703,0.41984286711756963
Gragas,Veigar,1,0.017552336987374628,0.017552336987374628,0.017552336987374628,0.017552336987374628,0.4858495680912858,0.4682972311039112
Ezreal,KogMaw,1,0.01753435486373428,0.01753435486373428,0.01753435486373428,0.01753435486373428,0.33997746309810367,0.3224431082343694
Taric,Fiora,1,0.017490406998455388,0.017490406998455388,0.017490406998455388,-0.017490406998455388,0.26942022310935626,0.28691063010781165
Viego,Veigar,1,0.017143371167999855,0.017143371167999855,0.017143371167999855,-0.017143371167999855,0.4836124978088883,0.5007558689768882
Swain,Smolder,1,0.016945898800568793,0.016945898800568793,0.016945898800568793,-0.016945898800568793,0.3223449947912404,0.3392908935918092
TahmKench,Vladimir,1,0.0164017594812344,0.0164017594812344,0.0164017594812344,0.0164017594812344,0.4244820548618316,0.4080802953805972
Aurora,Jhin,1,0.01632567777212346,0.01632567777212346,0.01632567777212346,0.01632567777212346,0.43979686441494176,0.4234711866428183
Nidalee,Viktor,1,0.016271146323100116,0.016271146323100116,0.016271146323100116,-0.016271146323100116,0.5250907733713057,0.5413619196944058
Gragas,Lux,1,0.016225256455658976,0.016225256455658976,0.016225256455658976,-0.016225256455658976,0.42789627526637963,0.4441215317220386
Nautilus,TwistedFate,1,0.01603238785329547,0.01603238785329547,0.01603238785329547,-0.01603238785329547,0.43958822767237726,0.45562061552567273
Karma,Sion,1,0.015873068803965662,0.015873068803965662,0.015873068803965662,-0.015873068803965662,0.5223632283441926,0.5382362971481582
Pantheon,Aurora,2,0.015627991289742654,0.015627991289742654,0.01958573586028815,0.00494718071318187,0.5110175025843604,0.5060703218711785
Malphite,Kaisa,2,0.015543836725837978,0.015543836725837978,0.02247711405034959,-0.008666596655639514,0.28001632452884423,0.28868292118448374
Teemo,Karthus,1,0.015400809574826868,0.015400809574826868,0.015400809574826868,0.015400809574826868,0.4650292133836528,0.4496284038088259
Mordekaiser,Xayah,1,0.015320426874991966,0.015320426874991966,0.015320426874991966,0.015320426874991966,0.36270039872667525,0.3473799718516833
Morgana,Cassiopeia,1,0.015167205027582065,0.015167205027582065,0.015167205027582065,0.015167205027582065,0.35739369979917035,0.3422264947715883
Taliyah,Anivia,1,0.015133992882525038,0.015133992882525038,0.015133992882525038,0.015133992882525038,0.5587182696138921,0.5435842767313671
Seraphine,Naafiri,1,0.014954508026609581,0.014954508026609581,0.014954508026609581,-0.014954508026609581,0.3937327553696571,0.40868726339626665
Mordekaiser,Ezreal,1,0.014869943234674943,0.014869943234674943,0.014869943234674943,0.014869943234674943,0.4080752387775532,0.39320529554287825
Sion,Vladimir,1,0.014833458331850125,0.014833458331850125,0.014833458331850125,-0.014833458331850125,0.3874288604746044,0.4022623188064545
Zilean,Trundle,1,0.01460712599035846,0.01460712599035846,0.01460712599035846,-0.01460712599035846,0.3740638127043075,0.38867093869466596
Blitzcrank,TwistedFate,1,0.014469090929268569,0.014469090929268569,0.014469090929268569,-0.014469090929268569,0.49339189593997496,0.5078609868692435
Lulu,Aurora,1,0.01407334797700438,0.01407334797700438,0.01407334797700438,-0.01407334797700438,0.3685744983705898,0.3826478463475942
Xerath,Nilah,1,0.014023013324429456,0.014023013324429456,0.014023013324429456,0.014023013324429456,0.24900036333398534,0.23497735000955589
Renata,Taliyah,1,0.01387229030153142,0.01387229030153142,0.01387229030153142,-0.01387229030153142,0.33149358991868183,0.34536588022021325
Leblanc,Senna,1,0.013490994553796543,0.013490994553796543,0.013490994553796543,-0.013490994553796543,0.5000513695872626,0.5135423641410591
Zilean,Anivia,1,0.013461524959804405,0.013461524959804405,0.013461524959804405,0.013461524959804405,0.3688434281988204,0.355381903239016
Ivern,Veigar,1,0.013350763186825765,0.013350763186825765,0.013350763186825765,-0.013350763186825765,0.45649364686766075,0.4698444100544865
DrMundo,Yunara,1,0.013321764513419487,0.013321764513419487,0.013321764513419487,-0.013321764513419487,0.38814775227090875,0.40146951678432824
Kennen,Ziggs,2,0.01252917954289215,0.01252917954289215,0.014501411365714973,-0.002465289778528529,0.5035114985825371,0.5059767883610655
Leblanc,Yasuo,1,0.012519695575102574,0.012519695575102574,0.012519695575102574,-0.012519695575102574,0.504534507173068,0.5170542027481706
Velkoz,Singed,1,0.012487997528584982,0.012487997528584982,0.012487997528584982,0.012487997528584982,0.37758974671513384,0.36510174918654886
Rell,Ekko,1,0.01233558655580852,0.01233558655580852,0.01233558655580852,-0.01233558655580852,0.4892899328663765,0.501625519422185
Velkoz,Jayce,1,0.01230424689978693,0.01230424689978693,0.01230424689978693,0.01230424689978693,0.3826891746170118,0.37038492771722487
Shaco,Hwei,1,0.01225564348106023,0.01225564348106023,0.01225564348106023,0.01225564348106023,0.6664086168046359,0.6541529733235757
Hwei,Zoe,1,0.012132320028372945,0.012132320028372945,0.012132320028372945,-0.012132320028372945,0.4177399806917315,0.42987230072010446
Gragas,Kalista,2,0.012106946998631657,0.012106946998631657,0.01982393550625882,-0.009646235634533956,0.3622782014782673,0.37192443711280126
Karthus,MissFortune,1,0.012084748352750085,0.012084748352750085,0.012084748352750085,0.012084748352750085,0.3378820849263169,0.3257973365735668
XinZhao,Karthus,1,0.011882188847081032,0.011882188847081032,0.011882188847081032,0.011882188847081032,0.5260433297067256,0.5141611408596446
Malphite,Vayne,1,0.011581971612021347,0.011581971612021347,0.011581971612021347,-0.011581971612021347,0.27267771621509235,0.2842596878271137
RekSai,Sivir,1,0.01153870960114578,0.01153870960114578,0.01153870960114578,-0.01153870960114578,0.4661054590044824,0.4776441686056282
Urgot,Jinx,1,0.011339325855974858,0.011339325855974858,0.011339325855974858,0.011339325855974858,0.3382120357108509,0.32687270985487604
Swain,Graves,1,0.01126005774154798,0.01126005774154798,0.01126005774154798,0.01126005774154798,0.3295504842791471,0.31829042653759915
Leona,Fizz,1,0.011053236721847048,0.011053236721847048,0.011053236721847048,-0.011053236721847048,0.45172065208628714,0.4627738888081342
Skarner,Jinx,1,0.010937569479456122,0.010937569479456122,0.010937569479456122,0.010937569479456122,0.40433258472247946,0.39339501524302334
Hwei,Draven,1,0.010864522591264303,0.010864522591264303,0.010864522591264303,-0.010864522591264303,0.3471530324122516,0.3580175550035159
Ornn,Samira,1,0.010747827843873903,0.010747827843873903,0.010747827843873903,0.010747827843873903,0.2964355468914101,0.2856877190475362
Galio,Ziggs,1,0.010745178086900564,0.010745178086900564,0.010745178086900564,0.010745178086900564,0.49005942244697276,0.4793142443600722
Sejuani,Ashe,1,0.010319633122015448,0.010319633122015448,0.010319633122015448,0.010319633122015448,0.4079793128402026,0.39765967971818716
Naafiri,Jhin,1,0.010049459136513006,0.010049459136513006,0.010049459136513006,0.010049459136513006,0.44874079678734385,0.43869133765083085
Gragas,Talon,1,0.009834487947619097,0.009834487947619097,0.009834487947619097,0.009834487947619097,0.45070279543633956,0.44086830748872047
Vi,Tristana,1,0.009477018022288564,0.009477018022288564,0.009477018022288564,-0.009477018022288564,0.46514435816162164,0.4746213761839102
Anivia,Naafiri,1,0.009165173317771447,0.009165173317771447,0.009165173317771447,0.009165173317771447,0.3663873736754249,0.35722220035765345
Kennen,Kaisa,1,0.008969479632047694,0.008969479632047694,0.008969479632047694,-0.008969479632047694,0.39953593310259566,0.40850541273464336
Veigar,KogMaw,1,0.00894117978931841,0.00894117978931841,0.00894117978931841,0.00894117978931841,0.3574316855574071,0.3484905057680887
TahmKench,KogMaw,1,0.00877316482758067,0.00877316482758067,0.00877316482758067,0.00877316482758067,0.3998866758092505,0.39111351098166985
Senna,Aurora,1,0.008234746015959582,0.008234746015959582,0.008234746015959582,0.008234746015959582,0.30970291315199355,0.30146816713603397
Nasus,Corki,1,0.007575133907299747,0.007575133907299747,0.007575133907299747,-0.007575133907299747,0.3362192712639461,0.3437944051712458
Leona,MonkeyKing,1,0.007479078231032887,0.007479078231032887,0.007479078231032887,0.007479078231032887,0.3689207519040686,0.3614416736730357
Xerath,MissFortune,1,0.0073759664316195295,0.0073759664316195295,0.0073759664316195295,-0.0073759664316195295,0.3408607533058213,0.3482367197374408
Milio,Syndra,1,0.007230868124456613,0.007230868124456613,0.007230868124456613,-0.007230868124456613,0.3829533269703489,0.3901841950948055
Brand,Yasuo,1,0.007173920291463409,0.007173920291463409,0.007173920291463409,0.007173920291463409,0.36764388807714893,0.3604699677856855
Zyra,Viktor,1,0.006858643069392656,0.006858643069392656,0.006858643069392656,-0.006858643069392656,0.3032655068679919,0.3101241499373846
Ashe,Velkoz,1,0.0068002794721405135,0.0068002794721405135,0.0068002794721405135,-0.0068002794721405135,0.39472929649084454,0.40152957596298505
Nasus,Sivir,1,0.006696746455687075,0.006696746455687075,0.006696746455687075,-0.006696746455687075,0.33731587115355516,0.34401261760924223
Malphite,Veigar,1,0.006632747281612783,0.006632747281612783,0.006632747281612783,-0.006632747281612783,0.3718580555144004,0.37849080279601316
Taric,Katarina,1,0.006612211994489858,0.006612211994489858,0.006612211994489858,0.006612211994489858,0.2957233129317587,0.28911110093726883
Ekko,KogMaw,1,0.006436422013592902,0.006436422013592902,0.006436422013592902,0.006436422013592902,0.4516918143725627,0.4452553923589698
Rell,Sylas,1,0.006384800830727122,0.006384800830727122,0.006384800830727122,-0.006384800830727122,0.5091294599458778,0.5155142607766049
Velkoz,Syndra,2,0.006314101164979713,0.006314101164979713,0.0064461787243423555,-0.006314101164979713,0.3900235974233712,0.396337698588351
Skarner,Ekko,1,0.006253670927954924,0.006253670927954924,0.006253670927954924,-0.006253670927954924,0.5691333685924787,0.5753870395204336
Taric,MasterYi,1,0.006219741681057378,0.006219741681057378,0.006219741681057378,-0.006219741681057378,0.28345454252112345,0.28967428420218083
Morgana,Aurora,1,0.006218731828092516,0.006218731828092516,0.006218731828092516,0.006218731828092516,0.3800317042082478,0.37381297238015526
KSante,Sivir,1,0.006198040996991894,0.006198040996991894,0.006198040996991894,-0.006198040996991894,0.44059362181343464,0.44679166281042654
Elise,Singed,1,0.006062571743472689,0.006062571743472689,0.006062571743472689,0.006062571743472689,0.586166504736364,0.5801039329928913
FiddleSticks,Karma,1,0.005551983398431715,0.005551983398431715,0.005551983398431715,-0.005551983398431715,0.4622789680325424,0.46783095143097414
Malzahar,Varus,1,0.005297701823825551,0.005297701823825551,0.005297701823825551,0.005297701823825551,0.3250473668356167,0.31974966501179114
Sona,Azir,1,0.00504869231804711,0.00504869231804711,0.00504869231804711,-0.00504869231804711,0.3402650368653985,0.3453137291834456
Taric,Zilean,1,0.00466257027742456,0.00466257027742456,0.00466257027742456,0.00466257027742456,0.3972879656764319,0.3926253953990073
Zed,Lux,1,0.003947887347093948,0.003947887347093948,0.003947887347093948,0.003947887347093948,0.3425604623530376,0.33861257500594366
Leona,Qiyana,1,0.0038970320005244363,0.0038970320005244363,0.0038970320005244363,0.0038970320005244363,0.3732438870948622,0.3693468550943378
Garen,Zeri,1,0.0038553319612014136,0.0038553319612014136,0.0038553319612014136,-0.0038553319612014136,0.4184033007361127,0.4222586326973141
Lux,Azir,1,0.003814070209019693,0.003814070209019693,0.003814070209019693,-0.003814070209019693,0.32559410097478286,0.32940817118380256
Soraka,Irelia,1,0.003699085327261764,0.003699085327261764,0.003699085327261764,-0.003699085327261764,0.38166257386676417,0.38536165919402593
Orianna,Samira,1,0.0035419097596224303,0.0035419097596224303,0.0035419097596224303,0.0035419097596224303,0.30642405186430904,0.3028821421046866
Gragas,Velkoz,1,0.0034321546773435907,0.0034321546773435907,0.0034321546773435907,-0.0034321546773435907,0.4916616124543017,0.49509376713164527
Ryze,Draven,1,0.003372642502111778,0.003372642502111778,0.003372642502111778,0.003372642502111778,0.3528688604170418,0.34949621791493
Taliyah,Seraphine,1,0.00316598697568371,0.00316598697568371,0.00316598697568371,-0.00316598697568371,0.49153808974424745,0.49470407671993116
Jax,Jinx,1,0.002965223841909559,0.002965223841909559,0.002965223841909559,-0.002965223841909559,0.49637169499464756,0.4993369188365571
Rengar,Caitlyn,1,0.0027531167108063026,0.0027531167108063026,0.0027531167108063026,0.0027531167108063026,0.3368817402235032,0.3341286235126969
Zilean,Fizz,1,0.002670369754709745,0.002670369754709745,0.002670369754709745,-0.002670369754709745,0.40762235661143587,0.4102927263661456
Rakan,Anivia,1,0.002631469339661241,0.002631469339661241,0.002631469339661241,0.002631469339661241,0.4628229045602508,0.4601914352205896
Janna,Olaf,1,0.002497349795633319,0.002497349795633319,0.002497349795633319,-0.002497349795633319,0.42576863394544595,0.42826598374107927
Sona,Udyr,1,0.002413704663180416,0.002413704663180416,0.002413704663180416,0.002413704663180416,0.287733306206424,0.2853196015432436
Nidalee,Vladimir,1,0.00231198791656384,0.00231198791656384,0.00231198791656384,0.00231198791656384,0.4974057550482091,0.49509376713164527
Brand,Sion,1,0.0022562430714266335,0.0022562430714266335,0.0022562430714266335,-0.0022562430714266335,0.3994140683102455,0.40167031138167214
Senna,TwistedFate,1,0.0018717182519475961,0.0018717182519475961,0.0018717182519475961,-0.0018717182519475961,0.362067367851696,0.3639390861036436
Amumu,Senna,1,0.0016586260511605722,0.0016586260511605722,0.0016586260511605722,0.0016586260511605722,0.3942840214501679,0.3926253953990073
Nautilus,Talon,1,0.0013191464639789596,0.0013191464639789596,0.0013191464639789596,0.0013191464639789596,0.44893971313058517,0.4476205666666062
Maokai,Annie,1,0.0012759513515880339,0.0012759513515880339,0.0012759513515880339,0.0012759513515880339,0.47273027835527515,0.4714543270036871
Pyke,Ahri,1,0.0006821952215676497,0.0006821952215676497,0.0006821952215676497,-0.0006821952215676497,0.5370914915551204,0.537773686776688
Aurora,Ezreal,1,0.0005966249366238241,0.0005966249366238241,0.0005966249366238241,-0.0005966249366238241,0.5192211615069773,0.5198177864436011
Zac,Lux,1,0.00025744561250845566,0.00025744561250845566,0.00025744561250845566,0.00025744561250845566,0.4314390090040782,0.43118156339156977
