error_rank,match_id,team_id,minute,event_type,killer,victim,assists,killer_relation,victim_relation,assist_relations,ally_support_involved,ally_adc_involved,ally_support_died,ally_adc_died,ally_support_assist,ally_adc_assist,x,y,nearest_frame_minute,support_zone_v5_abs,adc_zone_v5_abs,dist_to_adc,out_bot_context_v5,far_from_adc_v5
1,EUW1_7831489390,200,1.3617,CHAMPION_KILL,"Velkoz(BOTTOM,T100,pid4)","Yuumi(UTILITY,T200,pid10)","Pyke(UTILITY,T100,pid5)",enemy_bottom,ally_support,enemy_utility,True,False,True,False,False,False,11828,2970,5.002633333333334,RED_BOT_JUNGLE,BOT_LANE_CORE,6798.048617066519,True,True
1,EUW1_7831489390,200,1.3928666666666667,CHAMPION_KILL,"Smolder(BOTTOM,T200,pid9)","Pyke(UTILITY,T100,pid5)","Yuumi(UTILITY,T200,pid10)",ally_adc,enemy_utility,ally_support,True,True,False,False,True,False,11771,2537,5.002633333333334,RED_BOT_JUNGLE,BOT_LANE_CORE,6798.048617066519,True,True
1,EUW1_7831489390,200,1.4841666666666666,CHAMPION_KILL,"Velkoz(BOTTOM,T100,pid4)","Smolder(BOTTOM,T200,pid9)","Pyke(UTILITY,T100,pid5)",enemy_bottom,ally_adc,enemy_utility,False,True,False,True,False,False,11694,3533,5.002633333333334,RED_BOT_JUNGLE,BOT_LANE_CORE,6798.048617066519,True,True
1,EUW1_7831489390,200,2.2477666666666667,CHAMPION_KILL,"Talon(JUNGLE,T200,pid7)","Azir(MIDDLE,T100,pid3)","KogMaw(MIDDLE,T200,pid8)",ally_jungle,enemy_middle,ally_middle,False,False,False,False,False,False,7229,6503,5.002633333333334,RED_BOT_JUNGLE,BOT_LANE_CORE,6798.048617066519,True,True
1,EUW1_7831489390,200,3.0292333333333334,CHAMPION_KILL,"Shaco(JUNGLE,T100,pid2)","Smolder(BOTTOM,T200,pid9)","Velkoz(BOTTOM,T100,pid4); Pyke(UTILITY,T100,pid5)",enemy_jungle,ally_adc,enemy_bottom; enemy_utility,False,True,False,True,False,False,13529,4595,5.002633333333334,RED_BOT_JUNGLE,BOT_LANE_CORE,6798.048617066519,True,True
1,EUW1_7831489390,200,3.8714666666666666,CHAMPION_KILL,"Velkoz(BOTTOM,T100,pid4)","Smolder(BOTTOM,T200,pid9)","Shaco(JUNGLE,T100,pid2); Pyke(UTILITY,T100,pid5)",enemy_bottom,ally_adc,enemy_jungle; enemy_utility,False,True,False,True,False,False,11862,4642,5.002633333333334,RED_BOT_JUNGLE,BOT_LANE_CORE,6798.048617066519,True,True
1,EUW1_7831489390,200,3.9906,CHAMPION_KILL,"Velkoz(BOTTOM,T100,pid4)","Yuumi(UTILITY,T200,pid10)","Pyke(UTILITY,T100,pid5)",enemy_bottom,ally_support,enemy_utility,True,False,True,False,False,False,12811,4224,5.002633333333334,RED_BOT_JUNGLE,BOT_LANE_CORE,6798.048617066519,True,True
1,EUW1_7831489390,200,4.2396666666666665,CHAMPION_KILL,"Jayce(TOP,T100,pid1)","Sion(TOP,T200,pid6)","Shaco(JUNGLE,T100,pid2)",enemy_top,ally_top,enemy_jungle,False,False,False,False,False,False,4602,13722,5.002633333333334,RED_BOT_JUNGLE,BOT_LANE_CORE,6798.048617066519,True,True
1,EUW1_7831489390,200,4.657416666666666,CHAMPION_KILL,"Yuumi(UTILITY,T200,pid10)","Shaco(JUNGLE,T100,pid2)","Sion(TOP,T200,pid6); Talon(JUNGLE,T200,pid7)",ally_support,enemy_jungle,ally_top; ally_jungle,True,False,False,False,False,False,5192,12918,5.002633333333334,RED_BOT_JUNGLE,BOT_LANE_CORE,6798.048617066519,True,True
1,EUW1_7831489390,200,5.377866666666667,CHAMPION_KILL,"Sion(TOP,T200,pid6)","Pyke(UTILITY,T100,pid5)",,ally_top,enemy_utility,,False,False,False,False,False,False,3148,13745,5.002633333333334,RED_BOT_JUNGLE,BOT_LANE_CORE,6798.048617066519,True,True
1,EUW1_7831489390,200,5.4027,CHAMPION_KILL,"Pyke(UTILITY,T100,pid5)","Sion(TOP,T200,pid6)","Jayce(TOP,T100,pid1)",enemy_utility,ally_top,enemy_top,False,False,False,False,False,False,3372,13525,5.002633333333334,RED_BOT_JUNGLE,BOT_LANE_CORE,6798.048617066519,True,True
1,EUW1_7831489390,200,6.64795,CHAMPION_KILL,"Velkoz(BOTTOM,T100,pid4)","Smolder(BOTTOM,T200,pid9)",,enemy_bottom,ally_adc,,False,True,False,True,False,False,13509,4661,7.0033,RED_TOP_JUNGLE,BOT_LANE_CORE,6098.398560277936,True,True
1,EUW1_7831489390,200,7.357383333333333,CHAMPION_KILL,"Velkoz(BOTTOM,T100,pid4)","Smolder(BOTTOM,T200,pid9)",,enemy_bottom,ally_adc,,False,True,False,True,False,False,13584,3598,7.0033,RED_TOP_JUNGLE,BOT_LANE_CORE,6098.398560277936,True,True
1,EUW1_7831489390,200,7.5337,CHAMPION_KILL,"Jayce(TOP,T100,pid1)","Talon(JUNGLE,T200,pid7)",,enemy_top,ally_jungle,,False,False,False,False,False,False,7209,14089,8.003466666666666,RED_BASE,BOT_LANE_CORE,10364.467473054272,False,False
1,EUW1_7831489390,200,7.630566666666667,CHAMPION_KILL,"Sion(TOP,T200,pid6)","Pyke(UTILITY,T100,pid5)","Yuumi(UTILITY,T200,pid10)",ally_top,enemy_utility,ally_support,True,False,False,False,True,False,6898,12886,8.003466666666666,RED_BASE,BOT_LANE_CORE,10364.467473054272,False,False
1,EUW1_7831489390,200,7.705916666666667,CHAMPION_KILL,"Jayce(TOP,T100,pid1)","Sion(TOP,T200,pid6)","Shaco(JUNGLE,T100,pid2); Pyke(UTILITY,T100,pid5)",enemy_top,ally_top,enemy_jungle; enemy_utility,False,False,False,False,False,False,7858,13546,8.003466666666666,RED_BASE,BOT_LANE_CORE,10364.467473054272,False,False
1,EUW1_7831489390,200,8.264683333333334,CHAMPION_KILL,"Velkoz(BOTTOM,T100,pid4)","Smolder(BOTTOM,T200,pid9)",,enemy_bottom,ally_adc,,False,True,False,True,False,False,13368,3286,8.003466666666666,RED_BASE,BOT_LANE_CORE,10364.467473054272,False,False
1,EUW1_7831489390,200,8.782116666666667,CHAMPION_KILL,"Shaco(JUNGLE,T100,pid2)","Talon(JUNGLE,T200,pid7)",,enemy_jungle,ally_jungle,,False,False,False,False,False,False,8872,4517,9.0039,RED_BOT_JUNGLE,BOT_LANE_CORE,3822.9572323006714,True,True
1,EUW1_7831489390,200,8.937116666666666,CHAMPION_KILL,"Velkoz(BOTTOM,T100,pid4)","KogMaw(MIDDLE,T200,pid8)","Azir(MIDDLE,T100,pid3); Pyke(UTILITY,T100,pid5)",enemy_bottom,ally_middle,enemy_middle; enemy_utility,False,False,False,False,False,False,10505,6147,9.0039,RED_BOT_JUNGLE,BOT_LANE_CORE,3822.9572323006714,True,True
1,EUW1_7831489390,200,9.049666666666667,CHAMPION_KILL,"Azir(MIDDLE,T100,pid3)","Yuumi(UTILITY,T200,pid10)","Shaco(JUNGLE,T100,pid2); Velkoz(BOTTOM,T100,pid4); Pyke(UTILITY,T100,pid5)",enemy_middle,ally_support,enemy_jungle; enemy_bottom; enemy_utility,True,False,True,False,False,False,10621,6264,9.0039,RED_BOT_JUNGLE,BOT_LANE_CORE,3822.9572323006714,True,True
1,EUW1_7831489390,200,9.244633333333333,CHAMPION_KILL,"Velkoz(BOTTOM,T100,pid4)","Smolder(BOTTOM,T200,pid9)",,enemy_bottom,ally_adc,,False,True,False,True,False,False,13396,3923,9.0039,RED_BOT_JUNGLE,BOT_LANE_CORE,3822.9572323006714,True,True
1,EUW1_7831489390,200,10.27385,CHAMPION_KILL,"Talon(JUNGLE,T200,pid7)","Jayce(TOP,T100,pid1)","Sion(TOP,T200,pid6); Yuumi(UTILITY,T200,pid10)",ally_jungle,enemy_top,ally_top; ally_support,True,False,False,False,True,False,3812,13260,10.00395,RED_TOP_JUNGLE,BOT_LANE_CORE,7044.767277916283,True,True
1,EUW1_7831489390,200,10.507166666666667,CHAMPION_KILL,"Azir(MIDDLE,T100,pid3)","Talon(JUNGLE,T200,pid7)","Jayce(TOP,T100,pid1); Shaco(JUNGLE,T100,pid2)",enemy_middle,ally_jungle,enemy_top; enemy_jungle,False,False,False,False,False,False,6083,12671,11.00445,RED_BASE,BOT_LANE_CORE,4185.561133229331,False,False
1,EUW1_7831489390,200,10.635433333333333,CHAMPION_KILL,"Azir(MIDDLE,T100,pid3)","Yuumi(UTILITY,T200,pid10)","Shaco(JUNGLE,T100,pid2)",enemy_middle,ally_support,enemy_jungle,True,False,True,False,False,False,6380,12571,11.00445,RED_BASE,BOT_LANE_CORE,4185.561133229331,False,False
1,EUW1_7831489390,200,11.543733333333334,CHAMPION_KILL,"Azir(MIDDLE,T100,pid3)","KogMaw(MIDDLE,T200,pid8)","Pyke(UTILITY,T100,pid5)",enemy_middle,ally_middle,enemy_utility,False,False,False,False,False,False,8428,7194,11.00445,RED_BASE,BOT_LANE_CORE,4185.561133229331,False,False
1,EUW1_7831489390,200,11.611083333333333,CHAMPION_KILL,"KogMaw(MIDDLE,T200,pid8)","Pyke(UTILITY,T100,pid5)",,ally_middle,enemy_utility,,False,False,False,False,False,False,8471,6222,11.00445,RED_BASE,BOT_LANE_CORE,4185.561133229331,False,False
2,EUW1_7706461344,100,1.8107833333333334,CHAMPION_KILL,"Sona(UTILITY,T200,pid10)","Zeri(BOTTOM,T100,pid4)","Lucian(BOTTOM,T200,pid9)",enemy_utility,ally_adc,enemy_bottom,False,True,False,True,False,False,10393,828,5.003633333333333,BOT_LANE_CORE,BOT_LANE_CORE,6936.849212718985,False,True
2,EUW1_7706461344,100,3.0143666666666666,CHAMPION_KILL,"Graves(JUNGLE,T200,pid7)","Viego(JUNGLE,T100,pid2)",,enemy_jungle,ally_jungle,,False,False,False,False,False,False,1756,6935,5.003633333333333,BOT_LANE_CORE,BOT_LANE_CORE,6936.849212718985,False,True
2,EUW1_7706461344,100,3.4949,CHAMPION_KILL,"Sona(UTILITY,T200,pid10)","Zeri(BOTTOM,T100,pid4)","Lucian(BOTTOM,T200,pid9)",enemy_utility,ally_adc,enemy_bottom,False,True,False,True,False,False,11603,1565,5.003633333333333,BOT_LANE_CORE,BOT_LANE_CORE,6936.849212718985,False,True
2,EUW1_7706461344,100,3.9084666666666665,CHAMPION_KILL,"KSante(TOP,T100,pid1)","Camille(TOP,T200,pid6)",,ally_top,enemy_top,,False,False,False,False,False,False,3488,11938,5.003633333333333,BOT_LANE_CORE,BOT_LANE_CORE,6936.849212718985,False,True
2,EUW1_7706461344,100,4.2114,CHAMPION_KILL,"TwistedFate(MIDDLE,T200,pid8)","Viego(JUNGLE,T100,pid2)","Graves(JUNGLE,T200,pid7)",enemy_middle,ally_jungle,enemy_jungle,False,False,False,False,False,False,4973,5953,5.003633333333333,BOT_LANE_CORE,BOT_LANE_CORE,6936.849212718985,False,True
2,EUW1_7706461344,100,4.3372,CHAMPION_KILL,"Lucian(BOTTOM,T200,pid9)","Zeri(BOTTOM,T100,pid4)","Sona(UTILITY,T200,pid10)",enemy_bottom,ally_adc,enemy_utility,False,True,False,True,False,False,11432,949,5.003633333333333,BOT_LANE_CORE,BOT_LANE_CORE,6936.849212718985,False,True
2,EUW1_7706461344,100,4.995233333333333,CHAMPION_KILL,"TwistedFate(MIDDLE,T200,pid8)","Cassiopeia(MIDDLE,T100,pid3)",,enemy_middle,ally_middle,,False,False,False,False,False,False,6713,6694,5.003633333333333,BOT_LANE_CORE,BOT_LANE_CORE,6936.849212718985,False,True
2,EUW1_7706461344,100,5.69625,CHAMPION_KILL,"Lucian(BOTTOM,T200,pid9)","Yuumi(UTILITY,T100,pid5)","Sona(UTILITY,T200,pid10)",enemy_bottom,ally_support,enemy_utility,True,False,True,False,False,False,10671,878,6.004083333333333,BLUE_BASE,BOT_LANE_CORE,7889.873636503946,False,False
2,EUW1_7706461344,100,6.185266666666666,CHAMPION_KILL,"KSante(TOP,T100,pid1)","Camille(TOP,T200,pid6)",,ally_top,enemy_top,,False,False,False,False,False,False,3424,13203,6.004083333333333,BLUE_BASE,BOT_LANE_CORE,7889.873636503946,False,False
2,EUW1_7706461344,100,6.1897166666666665,CHAMPION_KILL,"Lucian(BOTTOM,T200,pid9)","Zeri(BOTTOM,T100,pid4)","Sona(UTILITY,T200,pid10)",enemy_bottom,ally_adc,enemy_utility,False,True,False,True,False,False,10294,1681,6.004083333333333,BLUE_BASE,BOT_LANE_CORE,7889.873636503946,False,False
2,EUW1_7706461344,100,6.437416666666667,CHAMPION_KILL,"Graves(JUNGLE,T200,pid7)","KSante(TOP,T100,pid1)",,enemy_jungle,ally_top,,False,False,False,False,False,False,5129,13303,6.004083333333333,BLUE_BASE,BOT_LANE_CORE,7889.873636503946,False,False
2,EUW1_7706461344,100,6.5098,CHAMPION_KILL,"Cassiopeia(MIDDLE,T100,pid3)","TwistedFate(MIDDLE,T200,pid8)","Viego(JUNGLE,T100,pid2)",ally_middle,enemy_middle,ally_jungle,False,False,False,False,False,False,8697,7072,7.004433333333333,BLUE_BOT_JUNGLE,BOT_LANE_CORE,4595.846494390343,True,True
2,EUW1_7706461344,100,7.048416666666666,CHAMPION_KILL,"Lucian(BOTTOM,T200,pid9)","Viego(JUNGLE,T100,pid2)","Sona(UTILITY,T200,pid10)",enemy_bottom,ally_jungle,enemy_utility,False,False,False,False,False,False,7451,3273,7.004433333333333,BLUE_BOT_JUNGLE,BOT_LANE_CORE,4595.846494390343,True,True
2,EUW1_7706461344,100,7.467133333333333,CHAMPION_KILL,"Graves(JUNGLE,T200,pid7)","Yuumi(UTILITY,T100,pid5)",,enemy_jungle,ally_support,,True,False,True,False,False,False,5652,5454,7.004433333333333,BLUE_BOT_JUNGLE,BOT_LANE_CORE,4595.846494390343,True,True
2,EUW1_7706461344,100,7.91035,CHAMPION_KILL,"Graves(JUNGLE,T200,pid7)","Zeri(BOTTOM,T100,pid4)","Lucian(BOTTOM,T200,pid9); Sona(UTILITY,T200,pid10)",enemy_jungle,ally_adc,enemy_bottom; enemy_utility,False,True,False,True,False,False,9644,856,8.004983333333334,BLUE_BOT_JUNGLE,BOT_LANE_CORE,3850.187527900426,True,False
2,EUW1_7706461344,100,9.2702,CHAMPION_KILL,"Graves(JUNGLE,T200,pid7)","Zeri(BOTTOM,T100,pid4)","TwistedFate(MIDDLE,T200,pid8); Sona(UTILITY,T200,pid10)",enemy_jungle,ally_adc,enemy_middle; enemy_utility,False,True,False,True,False,False,8519,4735,9.005266666666667,MID_LANE,BOT_SIDE_NEAR,3208.092891423189,True,True
2,EUW1_7706461344,100,9.324183333333334,CHAMPION_KILL,"Lucian(BOTTOM,T200,pid9)","Cassiopeia(MIDDLE,T100,pid3)","Graves(JUNGLE,T200,pid7); TwistedFate(MIDDLE,T200,pid8); Sona(UTILITY,T200,pid10)",enemy_bottom,ally_middle,enemy_jungle; enemy_middle; enemy_utility,False,False,False,False,False,False,8873,4310,9.005266666666667,MID_LANE,BOT_SIDE_NEAR,3208.092891423189,True,True
2,EUW1_7706461344,100,9.421666666666667,CHAMPION_KILL,"Lucian(BOTTOM,T200,pid9)","Yuumi(UTILITY,T100,pid5)","Graves(JUNGLE,T200,pid7); TwistedFate(MIDDLE,T200,pid8); Sona(UTILITY,T200,pid10)",enemy_bottom,ally_support,enemy_jungle; enemy_middle; enemy_utility,True,False,True,False,False,False,7592,5761,9.005266666666667,MID_LANE,BOT_SIDE_NEAR,3208.092891423189,True,True
2,EUW1_7706461344,100,10.5765,CHAMPION_KILL,"KSante(TOP,T100,pid1)","Camille(TOP,T200,pid6)",,ally_top,enemy_top,,False,False,False,False,False,False,4311,13467,11.005566666666668,MID_LANE,BOT_LANE_CORE,6876.740870499629,True,True
2,EUW1_7706461344,100,10.762516666666667,CHAMPION_KILL,"TwistedFate(MIDDLE,T200,pid8)","KSante(TOP,T100,pid1)","Camille(TOP,T200,pid6); Graves(JUNGLE,T200,pid7)",enemy_middle,ally_top,enemy_top; enemy_jungle,False,False,False,False,False,False,3537,11564,11.005566666666668,MID_LANE,BOT_LANE_CORE,6876.740870499629,True,True
3,EUW1_7708715292,200,1.6661333333333332,CHAMPION_KILL,"Teemo(TOP,T200,pid6)","Swain(TOP,T100,pid1)",,ally_top,enemy_top,,False,False,False,False,False,False,1047,10285,5.0032,TOP_LANE_CORE,BOT_LANE_CORE,12145.852172655486,True,True
3,EUW1_7708715292,200,2.5401,CHAMPION_KILL,"Qiyana(MIDDLE,T100,pid3)","Yasuo(MIDDLE,T200,pid8)",,enemy_middle,ally_middle,,False,False,False,False,False,False,8057,7449,5.0032,TOP_LANE_CORE,BOT_LANE_CORE,12145.852172655486,True,True
3,EUW1_7708715292,200,2.6258166666666667,CHAMPION_KILL,"Tristana(BOTTOM,T100,pid4)","Senna(UTILITY,T200,pid10)","Blitzcrank(UTILITY,T100,pid5)",enemy_bottom,ally_support,enemy_utility,True,False,True,False,False,False,11832,2035,5.0032,TOP_LANE_CORE,BOT_LANE_CORE,12145.852172655486,True,True
3,EUW1_7708715292,200,2.7087666666666665,CHAMPION_KILL,"Caitlyn(BOTTOM,T200,pid9)","Tristana(BOTTOM,T100,pid4)","Senna(UTILITY,T200,pid10)",ally_adc,enemy_bottom,ally_support,True,True,False,False,True,False,12713,2723,5.0032,TOP_LANE_CORE,BOT_LANE_CORE,12145.852172655486,True,True
3,EUW1_7708715292,200,3.4646666666666666,CHAMPION_KILL,"Nidalee(JUNGLE,T100,pid2)","Diana(JUNGLE,T200,pid7)","Qiyana(MIDDLE,T100,pid3)",enemy_jungle,ally_jungle,enemy_middle,False,False,False,False,False,False,5693,8826,5.0032,TOP_LANE_CORE,BOT_LANE_CORE,12145.852172655486,True,True
3,EUW1_7708715292,200,4.212783333333333,CHAMPION_KILL,"Tristana(BOTTOM,T100,pid4)","Caitlyn(BOTTOM,T200,pid9)","Blitzcrank(UTILITY,T100,pid5)",enemy_bottom,ally_adc,enemy_utility,False,True,False,True,False,False,12079,4383,5.0032,TOP_LANE_CORE,BOT_LANE_CORE,12145.852172655486,True,True
3,EUW1_7708715292,200,4.5145,CHAMPION_KILL,"Tristana(BOTTOM,T100,pid4)","Senna(UTILITY,T200,pid10)","Blitzcrank(UTILITY,T100,pid5)",enemy_bottom,ally_support,enemy_utility,True,False,True,False,False,False,13404,3554,5.0032,TOP_LANE_CORE,BOT_LANE_CORE,12145.852172655486,True,True
3,EUW1_7708715292,200,4.666616666666667,CHAMPION_KILL,"Diana(JUNGLE,T200,pid7)","Qiyana(MIDDLE,T100,pid3)",,ally_jungle,enemy_middle,,False,False,False,False,False,False,7145,6353,5.0032,TOP_LANE_CORE,BOT_LANE_CORE,12145.852172655486,True,True
3,EUW1_7708715292,200,4.6927666666666665,CHAMPION_KILL,"Teemo(TOP,T200,pid6)","Swain(TOP,T100,pid1)",,ally_top,enemy_top,,False,False,False,False,False,False,1058,10819,5.0032,TOP_LANE_CORE,BOT_LANE_CORE,12145.852172655486,True,True
3,EUW1_7708715292,200,4.916033333333333,CHAMPION_KILL,"Nidalee(JUNGLE,T100,pid2)","Teemo(TOP,T200,pid6)","Swain(TOP,T100,pid1)",enemy_jungle,ally_top,enemy_top,False,False,False,False,False,False,1323,12320,5.0032,TOP_LANE_CORE,BOT_LANE_CORE,12145.852172655486,True,True
3,EUW1_7708715292,200,5.9374,CHAMPION_KILL,"Diana(JUNGLE,T200,pid7)","Blitzcrank(UTILITY,T100,pid5)","Caitlyn(BOTTOM,T200,pid9)",ally_jungle,enemy_utility,ally_adc,False,True,False,False,False,True,11675,1731,6.00365,MID_LANE,BOT_LANE_CORE,7680.032877533794,False,False
3,EUW1_7708715292,200,5.960216666666667,CHAMPION_KILL,"Qiyana(MIDDLE,T100,pid3)","Senna(UTILITY,T200,pid10)",,enemy_middle,ally_support,,True,False,True,False,False,False,7275,7966,6.00365,MID_LANE,BOT_LANE_CORE,7680.032877533794,False,False
3,EUW1_7708715292,200,6.18195,CHAMPION_KILL,"Diana(JUNGLE,T200,pid7)","Tristana(BOTTOM,T100,pid4)","Caitlyn(BOTTOM,T200,pid9)",ally_jungle,enemy_bottom,ally_adc,False,True,False,False,False,True,10153,1355,6.00365,MID_LANE,BOT_LANE_CORE,7680.032877533794,False,False
3,EUW1_7708715292,200,6.1852833333333335,CHAMPION_KILL,"Nidalee(JUNGLE,T100,pid2)","Diana(JUNGLE,T200,pid7)","Tristana(BOTTOM,T100,pid4)",enemy_jungle,ally_jungle,enemy_bottom,False,False,False,False,False,False,10295,1273,6.00365,MID_LANE,BOT_LANE_CORE,7680.032877533794,False,False
3,EUW1_7708715292,200,6.2142333333333335,CHAMPION_KILL,"Yasuo(MIDDLE,T200,pid8)","Qiyana(MIDDLE,T100,pid3)",,ally_middle,enemy_middle,,False,False,False,False,False,False,6083,6157,6.00365,MID_LANE,BOT_LANE_CORE,7680.032877533794,False,False
3,EUW1_7708715292,200,7.672366666666667,CHAMPION_KILL,"Teemo(TOP,T200,pid6)","Swain(TOP,T100,pid1)",,ally_top,enemy_top,,False,False,False,False,False,False,1913,12273,8.004383333333333,RED_BASE,BOT_LANE_CORE,8738.865658653875,False,False
3,EUW1_7708715292,200,7.7158,CHAMPION_KILL,"Qiyana(MIDDLE,T100,pid3)","Senna(UTILITY,T200,pid10)",,enemy_middle,ally_support,,True,False,True,False,False,False,6716,7246,8.004383333333333,RED_BASE,BOT_LANE_CORE,8738.865658653875,False,False
3,EUW1_7708715292,200,8.144916666666667,CHAMPION_KILL,"Yasuo(MIDDLE,T200,pid8)","Qiyana(MIDDLE,T100,pid3)",,ally_middle,enemy_middle,,False,False,False,False,False,False,5867,6873,8.004383333333333,RED_BASE,BOT_LANE_CORE,8738.865658653875,False,False
3,EUW1_7708715292,200,8.161616666666667,CHAMPION_KILL,"Qiyana(MIDDLE,T100,pid3)","Yasuo(MIDDLE,T200,pid8)",,enemy_middle,ally_middle,,False,False,False,False,False,False,6460,7024,8.004383333333333,RED_BASE,BOT_LANE_CORE,8738.865658653875,False,False
3,EUW1_7708715292,200,8.79305,CHAMPION_KILL,"Nidalee(JUNGLE,T100,pid2)","Senna(UTILITY,T200,pid10)","Qiyana(MIDDLE,T100,pid3); Blitzcrank(UTILITY,T100,pid5)",enemy_jungle,ally_support,enemy_middle; enemy_utility,True,False,True,False,False,False,6756,7361,9.004566666666667,MID_LANE,BOT_LANE_CORE,7682.627740558564,False,False
3,EUW1_7708715292,200,8.980933333333333,CHAMPION_KILL,"Teemo(TOP,T200,pid6)","Swain(TOP,T100,pid1)",,ally_top,enemy_top,,False,False,False,False,False,False,3340,12350,9.004566666666667,MID_LANE,BOT_LANE_CORE,7682.627740558564,False,False
3,EUW1_7708715292,200,10.134316666666667,CHAMPION_KILL,"Teemo(TOP,T200,pid6)","Qiyana(MIDDLE,T100,pid3)","Diana(JUNGLE,T200,pid7); Yasuo(MIDDLE,T200,pid8); Senna(UTILITY,T200,pid10)",ally_top,enemy_middle,ally_jungle; ally_middle; ally_support,True,False,False,False,True,False,3477,11262,10.005016666666666,TOP_SIDE_NEAR,BOT_LANE_CORE,11685.627283120064,True,True
3,EUW1_7708715292,200,11.357433333333333,CHAMPION_KILL,"Nidalee(JUNGLE,T100,pid2)","Diana(JUNGLE,T200,pid7)","Qiyana(MIDDLE,T100,pid3); Tristana(BOTTOM,T100,pid4); Blitzcrank(UTILITY,T100,pid5)",enemy_jungle,ally_jungle,enemy_middle; enemy_bottom; enemy_utility,False,False,False,False,False,False,7531,7327,11.005483333333334,MID_LANE,BOT_LANE_CORE,6292.21693840891,True,True
3,EUW1_7708715292,200,11.3934,CHAMPION_KILL,"Qiyana(MIDDLE,T100,pid3)","Yasuo(MIDDLE,T200,pid8)","Nidalee(JUNGLE,T100,pid2); Tristana(BOTTOM,T100,pid4); Blitzcrank(UTILITY,T100,pid5)",enemy_middle,ally_middle,enemy_jungle; enemy_bottom; enemy_utility,False,False,False,False,False,False,7187,7449,11.005483333333334,MID_LANE,BOT_LANE_CORE,6292.21693840891,True,True
3,EUW1_7708715292,200,11.447966666666666,CHAMPION_KILL,"Nidalee(JUNGLE,T100,pid2)","Senna(UTILITY,T200,pid10)","Qiyana(MIDDLE,T100,pid3); Tristana(BOTTOM,T100,pid4)",enemy_jungle,ally_support,enemy_middle; enemy_bottom,True,False,True,False,False,False,7909,8112,11.005483333333334,MID_LANE,BOT_LANE_CORE,6292.21693840891,True,True
4,EUW1_7783266689,200,1.8814833333333334,CHAMPION_KILL,"Twitch(BOTTOM,T100,pid4)","Ashe(BOTTOM,T200,pid9)","Lulu(UTILITY,T100,pid5)",enemy_bottom,ally_adc,enemy_utility,False,True,False,True,False,False,13468,2886,5.0006,RED_TOP_JUNGLE,RED_BASE,5978.234689270738,True,False
4,EUW1_7783266689,200,2.0029,CHAMPION_KILL,"Nidalee(JUNGLE,T200,pid7)","Twitch(BOTTOM,T100,pid4)","Ashe(BOTTOM,T200,pid9); Senna(UTILITY,T200,pid10)",ally_jungle,enemy_bottom,ally_adc; ally_support,True,True,False,False,True,True,12328,2756,5.0006,RED_TOP_JUNGLE,RED_BASE,5978.234689270738,True,False
4,EUW1_7783266689,200,2.1517666666666666,CHAMPION_KILL,"Senna(UTILITY,T200,pid10)","Lulu(UTILITY,T100,pid5)","Nidalee(JUNGLE,T200,pid7)",ally_support,enemy_utility,ally_jungle,True,False,False,False,False,False,13623,2205,5.0006,RED_TOP_JUNGLE,RED_BASE,5978.234689270738,True,False
4,EUW1_7783266689,200,3.348333333333333,CHAMPION_KILL,"Briar(JUNGLE,T100,pid2)","Leblanc(MIDDLE,T200,pid8)",,enemy_jungle,ally_middle,,False,False,False,False,False,False,8208,8210,5.0006,RED_TOP_JUNGLE,RED_BASE,5978.234689270738,True,False
4,EUW1_7783266689,200,3.7838333333333334,CHAMPION_KILL,"Garen(TOP,T200,pid6)","FiddleSticks(TOP,T100,pid1)",,ally_top,enemy_top,,False,False,False,False,False,False,1680,12516,5.0006,RED_TOP_JUNGLE,RED_BASE,5978.234689270738,True,False
4,EUW1_7783266689,200,4.0416,CHAMPION_KILL,"KogMaw(MIDDLE,T100,pid3)","Nidalee(JUNGLE,T200,pid7)","Briar(JUNGLE,T100,pid2)",enemy_middle,ally_jungle,enemy_jungle,False,False,False,False,False,False,7811,5332,5.0006,RED_TOP_JUNGLE,RED_BASE,5978.234689270738,True,False
4,EUW1_7783266689,200,4.555866666666667,CHAMPION_KILL,"Briar(JUNGLE,T100,pid2)","Senna(UTILITY,T200,pid10)","Lulu(UTILITY,T100,pid5)",enemy_jungle,ally_support,enemy_utility,True,False,True,False,False,False,13469,2506,5.0006,RED_TOP_JUNGLE,RED_BASE,5978.234689270738,True,False
4,EUW1_7783266689,200,4.750383333333334,CHAMPION_KILL,"Ashe(BOTTOM,T200,pid9)","Briar(JUNGLE,T100,pid2)","Senna(UTILITY,T200,pid10)",ally_adc,enemy_jungle,ally_support,True,True,False,False,True,False,13508,2736,5.0006,RED_TOP_JUNGLE,RED_BASE,5978.234689270738,True,False
4,EUW1_7783266689,200,4.794933333333334,CHAMPION_KILL,"Twitch(BOTTOM,T100,pid4)","Ashe(BOTTOM,T200,pid9)","Lulu(UTILITY,T100,pid5)",enemy_bottom,ally_adc,enemy_utility,False,True,False,True,False,False,13350,2608,5.0006,RED_TOP_JUNGLE,RED_BASE,5978.234689270738,True,False
4,EUW1_7783266689,200,5.97315,CHAMPION_KILL,"Senna(UTILITY,T200,pid10)","Briar(JUNGLE,T100,pid2)","Nidalee(JUNGLE,T200,pid7)",ally_support,enemy_jungle,ally_jungle,True,False,False,False,False,False,2861,7045,6.000983333333333,BLUE_TOP_JUNGLE,BOT_SIDE_NEAR,9556.813276401292,True,True
4,EUW1_7783266689,200,6.339733333333333,CHAMPION_KILL,"Garen(TOP,T200,pid6)","FiddleSticks(TOP,T100,pid1)","Nidalee(JUNGLE,T200,pid7); Senna(UTILITY,T200,pid10)",ally_top,enemy_top,ally_jungle; ally_support,True,False,False,False,True,False,1481,11224,6.000983333333333,BLUE_TOP_JUNGLE,BOT_SIDE_NEAR,9556.813276401292,True,True
4,EUW1_7783266689,200,6.3514333333333335,CHAMPION_KILL,"FiddleSticks(TOP,T100,pid1)","Senna(UTILITY,T200,pid10)",,enemy_top,ally_support,,True,False,True,False,False,False,1871,11284,6.000983333333333,BLUE_TOP_JUNGLE,BOT_SIDE_NEAR,9556.813276401292,True,True
4,EUW1_7783266689,200,7.698766666666667,CHAMPION_KILL,"Briar(JUNGLE,T100,pid2)","Senna(UTILITY,T200,pid10)",,enemy_jungle,ally_support,,True,False,True,False,False,False,11718,6856,8.001283333333333,RED_TOP_JUNGLE,BOT_LANE_CORE,8988.421941586854,True,True
4,EUW1_7783266689,200,10.187933333333334,CHAMPION_KILL,"Garen(TOP,T200,pid6)","FiddleSticks(TOP,T100,pid1)",,ally_top,enemy_top,,False,False,False,False,False,False,2405,12903,10.001716666666669,BLUE_BOT_JUNGLE,BOT_LANE_CORE,6432.085198440705,True,True
4,EUW1_7783266689,200,10.196283333333334,CHAMPION_KILL,"FiddleSticks(TOP,T100,pid1)","Garen(TOP,T200,pid6)",,enemy_top,ally_top,,False,False,False,False,False,False,2431,12947,10.001716666666669,BLUE_BOT_JUNGLE,BOT_LANE_CORE,6432.085198440705,True,True
4,EUW1_7783266689,200,10.66425,CHAMPION_KILL,"Twitch(BOTTOM,T100,pid4)","Senna(UTILITY,T200,pid10)","Lulu(UTILITY,T100,pid5)",enemy_bottom,ally_support,enemy_utility,True,False,True,False,False,False,8607,7862,11.0021,RED_BOT_JUNGLE,BOT_LANE_CORE,9147.061714015052,True,True
4,EUW1_7783266689,200,10.829266666666667,CHAMPION_KILL,"Twitch(BOTTOM,T100,pid4)","Leblanc(MIDDLE,T200,pid8)","KogMaw(MIDDLE,T100,pid3); Lulu(UTILITY,T100,pid5)",enemy_bottom,ally_middle,enemy_middle; enemy_utility,False,False,False,False,False,False,8166,8613,11.0021,RED_BOT_JUNGLE,BOT_LANE_CORE,9147.061714015052,True,True
4,EUW1_7783266689,200,11.059,CHAMPION_KILL,"Nidalee(JUNGLE,T200,pid7)","KogMaw(MIDDLE,T100,pid3)",,ally_jungle,enemy_middle,,False,False,False,False,False,False,7534,7578,11.0021,RED_BOT_JUNGLE,BOT_LANE_CORE,9147.061714015052,True,True
4,EUW1_7783266689,200,11.349833333333333,CHAMPION_KILL,"Lulu(UTILITY,T100,pid5)","Ashe(BOTTOM,T200,pid9)","Briar(JUNGLE,T100,pid2)",enemy_utility,ally_adc,enemy_jungle,False,True,False,True,False,False,13660,3358,11.0021,RED_BOT_JUNGLE,BOT_LANE_CORE,9147.061714015052,True,True
4,EUW1_7783266689,200,11.893733333333333,CHAMPION_KILL,"Nidalee(JUNGLE,T200,pid7)","Twitch(BOTTOM,T100,pid4)","Senna(UTILITY,T200,pid10)",ally_jungle,enemy_bottom,ally_support,True,False,False,False,True,False,13055,2990,11.0021,RED_BOT_JUNGLE,BOT_LANE_CORE,9147.061714015052,True,True
5,EUW1_7714775914,200,1.2244,CHAMPION_KILL,"Ezreal(BOTTOM,T100,pid4)","Kaisa(BOTTOM,T200,pid9)","Rell(UTILITY,T100,pid5)",enemy_bottom,ally_adc,enemy_utility,False,True,False,True,False,False,13744,3994,5.002566666666667,TOP_SIDE_NEAR,BOT_LANE_CORE,12186.60814172672,True,True
5,EUW1_7714775914,200,2.5411,CHAMPION_KILL,"Rell(UTILITY,T100,pid5)","Senna(UTILITY,T200,pid10)","Ezreal(BOTTOM,T100,pid4)",enemy_utility,ally_support,enemy_bottom,True,False,True,False,False,False,13097,2941,5.002566666666667,TOP_SIDE_NEAR,BOT_LANE_CORE,12186.60814172672,True,True
5,EUW1_7714775914,200,3.3337666666666665,CHAMPION_KILL,"Irelia(MIDDLE,T200,pid8)","Naafiri(JUNGLE,T100,pid2)","Kayn(JUNGLE,T200,pid7)",ally_middle,enemy_jungle,ally_jungle,False,False,False,False,False,False,10196,6119,5.002566666666667,TOP_SIDE_NEAR,BOT_LANE_CORE,12186.60814172672,True,True
5,EUW1_7714775914,200,3.430066666666667,CHAMPION_KILL,"Kayn(JUNGLE,T200,pid7)","Rell(UTILITY,T100,pid5)","Irelia(MIDDLE,T200,pid8); Kaisa(BOTTOM,T200,pid9); Senna(UTILITY,T200,pid10)",ally_jungle,enemy_utility,ally_middle; ally_adc; ally_support,True,True,False,False,True,True,8853,5484,5.002566666666667,TOP_SIDE_NEAR,BOT_LANE_CORE,12186.60814172672,True,True
5,EUW1_7714775914,200,5.1769,CHAMPION_KILL,"Ezreal(BOTTOM,T100,pid4)","Kaisa(BOTTOM,T200,pid9)","Rell(UTILITY,T100,pid5)",enemy_bottom,ally_adc,enemy_utility,False,True,False,True,False,False,13825,4769,5.002566666666667,TOP_SIDE_NEAR,BOT_LANE_CORE,12186.60814172672,True,True
5,EUW1_7714775914,200,5.6864333333333335,CHAMPION_KILL,"Irelia(MIDDLE,T200,pid8)","TwistedFate(MIDDLE,T100,pid3)","Kayn(JUNGLE,T200,pid7); Senna(UTILITY,T200,pid10)",ally_middle,enemy_middle,ally_jungle; ally_support,True,False,False,False,True,False,6195,6680,6.002633333333334,RED_BASE,BOT_LANE_CORE,10473.95646353373,False,False
5,EUW1_7714775914,200,6.366183333333334,CHAMPION_KILL,"TwistedFate(MIDDLE,T100,pid3)","Irelia(MIDDLE,T200,pid8)","Naafiri(JUNGLE,T100,pid2); Rell(UTILITY,T100,pid5)",enemy_middle,ally_middle,enemy_jungle; enemy_utility,False,False,False,False,False,False,8320,7496,6.002633333333334,RED_BASE,BOT_LANE_CORE,10473.95646353373,False,False
5,EUW1_7714775914,200,6.49255,CHAMPION_KILL,"Kaisa(BOTTOM,T200,pid9)","Naafiri(JUNGLE,T100,pid2)","Irelia(MIDDLE,T200,pid8); Senna(UTILITY,T200,pid10)",ally_adc,enemy_jungle,ally_middle; ally_support,True,True,False,False,True,False,8882,8047,6.002633333333334,RED_BASE,BOT_LANE_CORE,10473.95646353373,False,False
5,EUW1_7714775914,200,7.163,CHAMPION_KILL,"DrMundo(TOP,T200,pid6)","Cassiopeia(TOP,T100,pid1)","Kayn(JUNGLE,T200,pid7); Senna(UTILITY,T200,pid10)",ally_top,enemy_top,ally_jungle; ally_support,True,False,False,False,True,False,1520,13537,7.00295,TOP_SIDE_NEAR,BOT_LANE_CORE,11514.798000833536,True,True
5,EUW1_7714775914,200,7.455383333333334,CHAMPION_KILL,"TwistedFate(MIDDLE,T100,pid3)","Kayn(JUNGLE,T200,pid7)","Rell(UTILITY,T100,pid5)",enemy_middle,ally_jungle,enemy_utility,False,False,False,False,False,False,3442,13931,7.00295,TOP_SIDE_NEAR,BOT_LANE_CORE,11514.798000833536,True,True
5,EUW1_7714775914,200,7.601233333333333,CHAMPION_KILL,"Naafiri(JUNGLE,T100,pid2)","DrMundo(TOP,T200,pid6)",,enemy_jungle,ally_top,,False,False,False,False,False,False,6220,13541,8.003416666666666,RED_BASE,BOT_LANE_CORE,10335.237829871165,False,False
5,EUW1_7714775914,200,7.6402,CHAMPION_KILL,"Naafiri(JUNGLE,T100,pid2)","Senna(UTILITY,T200,pid10)",,enemy_jungle,ally_support,,True,False,True,False,False,False,8091,13456,8.003416666666666,RED_BASE,BOT_LANE_CORE,10335.237829871165,False,False
5,EUW1_7714775914,200,8.049616666666667,CHAMPION_KILL,"Kaisa(BOTTOM,T200,pid9)","Ezreal(BOTTOM,T100,pid4)",,ally_adc,enemy_bottom,,False,True,False,False,False,False,11922,1571,8.003416666666666,RED_BASE,BOT_LANE_CORE,10335.237829871165,False,False
5,EUW1_7714775914,200,9.66455,CHAMPION_KILL,"Naafiri(JUNGLE,T100,pid2)","DrMundo(TOP,T200,pid6)","Cassiopeia(TOP,T100,pid1)",enemy_jungle,ally_top,enemy_top,False,False,False,False,False,False,2887,12108,10.004116666666668,MID_LANE,BOT_LANE_CORE,6524.533699813343,True,True
5,EUW1_7714775914,200,10.507116666666667,CHAMPION_KILL,"Kaisa(BOTTOM,T200,pid9)","Naafiri(JUNGLE,T100,pid2)","Kayn(JUNGLE,T200,pid7); Irelia(MIDDLE,T200,pid8); Senna(UTILITY,T200,pid10)",ally_adc,enemy_jungle,ally_jungle; ally_middle; ally_support,True,True,False,False,True,False,9718,4792,11.004516666666667,BOT_LANE_CORE,BOT_LANE_CORE,2630.25854242506,False,False
5,EUW1_7714775914,200,10.544416666666667,CHAMPION_KILL,"Kaisa(BOTTOM,T200,pid9)","Ezreal(BOTTOM,T100,pid4)","Kayn(JUNGLE,T200,pid7); Irelia(MIDDLE,T200,pid8); Senna(UTILITY,T200,pid10)",ally_adc,enemy_bottom,ally_jungle; ally_middle; ally_support,True,True,False,False,True,False,9876,4363,11.004516666666667,BOT_LANE_CORE,BOT_LANE_CORE,2630.25854242506,False,False
5,EUW1_7714775914,200,10.636816666666666,CHAMPION_KILL,"Kayn(JUNGLE,T200,pid7)","TwistedFate(MIDDLE,T100,pid3)","Irelia(MIDDLE,T200,pid8); Kaisa(BOTTOM,T200,pid9); Senna(UTILITY,T200,pid10)",ally_jungle,enemy_middle,ally_middle; ally_adc; ally_support,True,True,False,False,True,True,8593,2268,11.004516666666667,BOT_LANE_CORE,BOT_LANE_CORE,2630.25854242506,False,False
5,EUW1_7714775914,200,10.937966666666666,CHAMPION_KILL,,"Senna(UTILITY,T200,pid10)",,,ally_support,,True,False,True,False,False,False,8533,1332,11.004516666666667,BOT_LANE_CORE,BOT_LANE_CORE,2630.25854242506,False,False
6,EUW1_7705744974,100,2.4982,CHAMPION_KILL,"Kled(TOP,T100,pid1)","Volibear(TOP,T200,pid6)",,ally_top,enemy_top,,False,False,False,False,False,False,1630,11812,5.000866666666667,BLUE_BOT_JUNGLE,BOT_LANE_CORE,6101.968944529298,True,True
6,EUW1_7705744974,100,3.205,CHAMPION_KILL,"Caitlyn(BOTTOM,T100,pid4)","Ashe(BOTTOM,T200,pid9)","Karma(UTILITY,T100,pid5)",ally_adc,enemy_bottom,ally_support,True,True,False,False,True,False,12955,2339,5.000866666666667,BLUE_BOT_JUNGLE,BOT_LANE_CORE,6101.968944529298,True,True
6,EUW1_7705744974,100,3.313,CHAMPION_KILL,"Kled(TOP,T100,pid1)","Volibear(TOP,T200,pid6)","FiddleSticks(JUNGLE,T100,pid2)",ally_top,enemy_top,ally_jungle,False,False,False,False,False,False,4039,13909,5.000866666666667,BLUE_BOT_JUNGLE,BOT_LANE_CORE,6101.968944529298,True,True
6,EUW1_7705744974,100,3.3207833333333334,CHAMPION_KILL,"Naafiri(JUNGLE,T200,pid7)","Karma(UTILITY,T100,pid5)","Ashe(BOTTOM,T200,pid9); Lulu(UTILITY,T200,pid10)",enemy_jungle,ally_support,enemy_bottom; enemy_utility,True,False,True,False,False,False,11698,1515,5.000866666666667,BLUE_BOT_JUNGLE,BOT_LANE_CORE,6101.968944529298,True,True
6,EUW1_7705744974,100,3.4037333333333333,CHAMPION_KILL,"Naafiri(JUNGLE,T200,pid7)","Caitlyn(BOTTOM,T100,pid4)",,enemy_jungle,ally_adc,,False,True,False,True,False,False,13605,2620,5.000866666666667,BLUE_BOT_JUNGLE,BOT_LANE_CORE,6101.968944529298,True,True
6,EUW1_7705744974,100,5.18875,CHAMPION_KILL,"Kled(TOP,T100,pid1)","Volibear(TOP,T200,pid6)","FiddleSticks(JUNGLE,T100,pid2)",ally_top,enemy_top,ally_jungle,False,False,False,False,False,False,2434,13147,5.000866666666667,BLUE_BOT_JUNGLE,BOT_LANE_CORE,6101.968944529298,True,True
6,EUW1_7705744974,100,5.991833333333333,CHAMPION_KILL,"Naafiri(JUNGLE,T200,pid7)","Caitlyn(BOTTOM,T100,pid4)","Ashe(BOTTOM,T200,pid9)",enemy_jungle,ally_adc,enemy_bottom,False,True,False,True,False,False,9657,1135,6.0013,RIVER_TOP,BOT_LANE_CORE,7859.665132815774,True,False
6,EUW1_7705744974,100,6.746433333333333,CHAMPION_KILL,"Kled(TOP,T100,pid1)","Volibear(TOP,T200,pid6)","FiddleSticks(JUNGLE,T100,pid2); Karma(UTILITY,T100,pid5)",ally_top,enemy_top,ally_jungle; ally_support,True,False,False,False,True,False,4356,13645,7.001366666666667,BLUE_BASE,MID_LANE,5383.920133137192,False,False
6,EUW1_7705744974,100,6.9613,CHAMPION_KILL,"Naafiri(JUNGLE,T200,pid7)","Caitlyn(BOTTOM,T100,pid4)","Lulu(UTILITY,T200,pid10)",enemy_jungle,ally_adc,enemy_utility,False,True,False,True,False,False,6249,6098,7.001366666666667,BLUE_BASE,MID_LANE,5383.920133137192,False,False
6,EUW1_7705744974,100,7.464716666666667,CHAMPION_KILL,"Naafiri(JUNGLE,T200,pid7)","Karma(UTILITY,T100,pid5)","Ashe(BOTTOM,T200,pid9)",enemy_jungle,ally_support,enemy_bottom,True,False,True,False,False,False,7722,2058,7.001366666666667,BLUE_BASE,MID_LANE,5383.920133137192,False,False
6,EUW1_7705744974,100,7.5471,CHAMPION_KILL,"Kled(TOP,T100,pid1)","Volibear(TOP,T200,pid6)","FiddleSticks(JUNGLE,T100,pid2)",ally_top,enemy_top,ally_jungle,False,False,False,False,False,False,4010,13747,8.001666666666667,RIVER_TOP,BOT_LANE_CORE,7611.620918043672,True,True
6,EUW1_7705744974,100,7.795483333333333,CHAMPION_KILL,"Galio(MIDDLE,T200,pid8)","FiddleSticks(JUNGLE,T100,pid2)",,enemy_middle,ally_jungle,,False,False,False,False,False,False,3506,13086,8.001666666666667,RIVER_TOP,BOT_LANE_CORE,7611.620918043672,True,True
6,EUW1_7705744974,100,9.388733333333333,CHAMPION_KILL,"Zed(MIDDLE,T100,pid3)","Naafiri(JUNGLE,T200,pid7)","FiddleSticks(JUNGLE,T100,pid2); Karma(UTILITY,T100,pid5)",ally_middle,enemy_jungle,ally_jungle; ally_support,True,False,False,False,True,False,3832,10736,9.00355,BLUE_BOT_JUNGLE,BOT_LANE_CORE,6596.121284512588,True,True
6,EUW1_7705744974,100,9.7007,CHAMPION_KILL,"Zed(MIDDLE,T100,pid3)","Volibear(TOP,T200,pid6)","FiddleSticks(JUNGLE,T100,pid2); Karma(UTILITY,T100,pid5)",ally_middle,enemy_top,ally_jungle; ally_support,True,False,False,False,True,False,5050,13162,10.003666666666666,BLUE_BASE,BOT_LANE_CORE,3296.7960203810003,False,False
6,EUW1_7705744974,100,9.7378,CHAMPION_KILL,"FiddleSticks(JUNGLE,T100,pid2)","Lulu(UTILITY,T200,pid10)","Kled(TOP,T100,pid1); Zed(MIDDLE,T100,pid3); Karma(UTILITY,T100,pid5)",ally_jungle,enemy_utility,ally_top; ally_middle; ally_support,True,False,False,False,True,False,7401,14106,10.003666666666666,BLUE_BASE,BOT_LANE_CORE,3296.7960203810003,False,False
6,EUW1_7705744974,100,10.167516666666666,CHAMPION_KILL,"Kled(TOP,T100,pid1)","Naafiri(JUNGLE,T200,pid7)",,ally_top,enemy_jungle,,False,False,False,False,False,False,6831,13877,10.003666666666666,BLUE_BASE,BOT_LANE_CORE,3296.7960203810003,False,False
6,EUW1_7705744974,100,11.443516666666667,CHAMPION_KILL,"Zed(MIDDLE,T100,pid3)","Lulu(UTILITY,T200,pid10)","FiddleSticks(JUNGLE,T100,pid2); Caitlyn(BOTTOM,T100,pid4); Karma(UTILITY,T100,pid5)",ally_middle,enemy_utility,ally_jungle; ally_adc; ally_support,True,True,False,False,True,True,9525,6248,11.004133333333334,BLUE_BOT_JUNGLE,BOT_LANE_CORE,4196.604579895514,True,True
6,EUW1_7705744974,100,11.469916666666666,CHAMPION_KILL,"Ashe(BOTTOM,T200,pid9)","FiddleSticks(JUNGLE,T100,pid2)","Naafiri(JUNGLE,T200,pid7); Galio(MIDDLE,T200,pid8); Lulu(UTILITY,T200,pid10)",enemy_bottom,ally_jungle,enemy_jungle; enemy_middle; enemy_utility,False,False,False,False,False,False,9624,5772,11.004133333333334,BLUE_BOT_JUNGLE,BOT_LANE_CORE,4196.604579895514,True,True
6,EUW1_7705744974,100,11.56565,CHAMPION_KILL,"Naafiri(JUNGLE,T200,pid7)","Karma(UTILITY,T100,pid5)","Galio(MIDDLE,T200,pid8); Lulu(UTILITY,T200,pid10)",enemy_jungle,ally_support,enemy_middle; enemy_utility,True,False,True,False,False,False,8918,4232,11.004133333333334,BLUE_BOT_JUNGLE,BOT_LANE_CORE,4196.604579895514,True,True
7,EUW1_7830670024,100,2.573166666666667,CHAMPION_KILL,"Jinx(BOTTOM,T200,pid9)","Ashe(BOTTOM,T100,pid4)","Blitzcrank(UTILITY,T200,pid10)",enemy_bottom,ally_adc,enemy_utility,False,True,False,True,False,False,13705,2003,5.001133333333334,BLUE_BOT_JUNGLE,BOT_LANE_CORE,4698.4385704189,True,True
7,EUW1_7830670024,100,2.6188,CHAMPION_KILL,"Ryze(MIDDLE,T100,pid3)","Yone(MIDDLE,T200,pid8)",,ally_middle,enemy_middle,,False,False,False,False,False,False,9221,8790,5.001133333333334,BLUE_BOT_JUNGLE,BOT_LANE_CORE,4698.4385704189,True,True
7,EUW1_7830670024,100,2.7117666666666667,CHAMPION_KILL,"Jinx(BOTTOM,T200,pid9)","Sona(UTILITY,T100,pid5)","Blitzcrank(UTILITY,T200,pid10)",enemy_bottom,ally_support,enemy_utility,True,False,True,False,False,False,12828,2004,5.001133333333334,BLUE_BOT_JUNGLE,BOT_LANE_CORE,4698.4385704189,True,True
7,EUW1_7830670024,100,2.99405,CHAMPION_KILL,"Jayce(TOP,T100,pid1)","Sylas(TOP,T200,pid6)",,ally_top,enemy_top,,False,False,False,False,False,False,4420,13679,5.001133333333334,BLUE_BOT_JUNGLE,BOT_LANE_CORE,4698.4385704189,True,True
7,EUW1_7830670024,100,4.21525,CHAMPION_KILL,"Udyr(JUNGLE,T200,pid7)","Sona(UTILITY,T100,pid5)",,enemy_jungle,ally_support,,True,False,True,False,False,False,1191,11075,5.001133333333334,BLUE_BOT_JUNGLE,BOT_LANE_CORE,4698.4385704189,True,True
7,EUW1_7830670024,100,4.429583333333333,CHAMPION_KILL,"Jayce(TOP,T100,pid1)","Udyr(JUNGLE,T200,pid7)","Ryze(MIDDLE,T100,pid3); Sona(UTILITY,T100,pid5)",ally_top,enemy_jungle,ally_middle; ally_support,True,False,False,False,True,False,3481,13922,5.001133333333334,BLUE_BOT_JUNGLE,BOT_LANE_CORE,4698.4385704189,True,True
7,EUW1_7830670024,100,6.526983333333333,CHAMPION_KILL,"Shyvana(JUNGLE,T100,pid2)","Sylas(TOP,T200,pid6)","Jayce(TOP,T100,pid1); Sona(UTILITY,T100,pid5)",ally_jungle,enemy_top,ally_top; ally_support,True,False,False,False,True,False,5977,13874,7.0015833333333335,TOP_SIDE_NEAR,BOT_LANE_CORE,11006.595704394707,True,True
7,EUW1_7830670024,100,6.840066666666667,CHAMPION_KILL,"Jinx(BOTTOM,T200,pid9)","Jayce(TOP,T100,pid1)","Udyr(JUNGLE,T200,pid7); Blitzcrank(UTILITY,T200,pid10)",enemy_bottom,ally_top,enemy_jungle; enemy_utility,False,False,False,False,False,False,5010,12945,7.0015833333333335,TOP_SIDE_NEAR,BOT_LANE_CORE,11006.595704394707,True,True
7,EUW1_7830670024,100,7.334083333333333,CHAMPION_KILL,"Sona(UTILITY,T100,pid5)","Yone(MIDDLE,T200,pid8)","Ryze(MIDDLE,T100,pid3)",ally_support,enemy_middle,ally_middle,True,False,False,False,False,False,9150,8862,7.0015833333333335,TOP_SIDE_NEAR,BOT_LANE_CORE,11006.595704394707,True,True
7,EUW1_7830670024,100,8.423483333333333,CHAMPION_KILL,"Sylas(TOP,T200,pid6)","Ryze(MIDDLE,T100,pid3)",,enemy_top,ally_middle,,False,False,False,False,False,False,4868,13206,8.001833333333334,BLUE_BOT_JUNGLE,BOT_LANE_CORE,5877.703803357226,True,True
7,EUW1_7830670024,100,8.43295,CHAMPION_KILL,"Sona(UTILITY,T100,pid5)","Sylas(TOP,T200,pid6)","Jayce(TOP,T100,pid1); Ryze(MIDDLE,T100,pid3)",ally_support,enemy_top,ally_top; ally_middle,True,False,False,False,False,False,4879,13291,8.001833333333334,BLUE_BOT_JUNGLE,BOT_LANE_CORE,5877.703803357226,True,True
7,EUW1_7830670024,100,8.4797,CHAMPION_KILL,,"Sona(UTILITY,T100,pid5)",,,ally_support,,True,False,True,False,False,False,3405,13390,8.001833333333334,BLUE_BOT_JUNGLE,BOT_LANE_CORE,5877.703803357226,True,True
7,EUW1_7830670024,100,8.865933333333333,CHAMPION_KILL,"Udyr(JUNGLE,T200,pid7)","Ashe(BOTTOM,T100,pid4)","Jinx(BOTTOM,T200,pid9); Blitzcrank(UTILITY,T200,pid10)",enemy_jungle,ally_adc,enemy_bottom; enemy_utility,False,True,False,True,False,False,11304,1675,9.003383333333334,MID_LANE,BOT_LANE_CORE,7334.093331830459,True,False
7,EUW1_7830670024,100,9.956316666666666,CHAMPION_KILL,"Ashe(BOTTOM,T100,pid4)","Blitzcrank(UTILITY,T200,pid10)",,ally_adc,enemy_utility,,False,True,False,False,False,False,12247,1380,10.003633333333331,BLUE_BOT_JUNGLE,BOT_LANE_CORE,4604.977415796955,True,False
7,EUW1_7830670024,100,10.0014,CHAMPION_KILL,"Jinx(BOTTOM,T200,pid9)","Ashe(BOTTOM,T100,pid4)",,enemy_bottom,ally_adc,,False,True,False,True,False,False,10369,1124,10.003633333333331,BLUE_BOT_JUNGLE,BOT_LANE_CORE,4604.977415796955,True,False
7,EUW1_7830670024,100,10.1635,CHAMPION_KILL,"Udyr(JUNGLE,T200,pid7)","Ryze(MIDDLE,T100,pid3)","Yone(MIDDLE,T200,pid8)",enemy_jungle,ally_middle,enemy_middle,False,False,False,False,False,False,6877,7861,10.003633333333331,BLUE_BOT_JUNGLE,BOT_LANE_CORE,4604.977415796955,True,False
7,EUW1_7830670024,100,10.249233333333333,CHAMPION_KILL,"Shyvana(JUNGLE,T100,pid2)","Udyr(JUNGLE,T200,pid7)","Ryze(MIDDLE,T100,pid3); Sona(UTILITY,T100,pid5)",ally_jungle,enemy_jungle,ally_middle; ally_support,True,False,False,False,True,False,6456,7558,10.003633333333331,BLUE_BOT_JUNGLE,BOT_LANE_CORE,4604.977415796955,True,False
7,EUW1_7830670024,100,10.415683333333334,CHAMPION_KILL,"Jinx(BOTTOM,T200,pid9)","Sona(UTILITY,T100,pid5)","Udyr(JUNGLE,T200,pid7)",enemy_bottom,ally_support,enemy_jungle,True,False,True,False,False,False,6326,6661,10.003633333333331,BLUE_BOT_JUNGLE,BOT_LANE_CORE,4604.977415796955,True,False
7,EUW1_7830670024,100,11.126816666666667,CHAMPION_KILL,"Jayce(TOP,T100,pid1)","Sylas(TOP,T200,pid6)","Sona(UTILITY,T100,pid5)",ally_top,enemy_top,ally_support,True,False,False,False,True,False,2679,13713,11.0038,TOP_LANE_CORE,BOT_LANE_CORE,12136.55408260516,True,True
7,EUW1_7830670024,100,11.904533333333333,CHAMPION_KILL,"Udyr(JUNGLE,T200,pid7)","Ashe(BOTTOM,T100,pid4)","Yone(MIDDLE,T200,pid8)",enemy_jungle,ally_adc,enemy_middle,False,True,False,True,False,False,8040,853,11.0038,TOP_LANE_CORE,BOT_LANE_CORE,12136.55408260516,True,True
8,EUW1_7705182186,200,1.2358166666666666,CHAMPION_KILL,"Caitlyn(BOTTOM,T100,pid4)","Aphelios(BOTTOM,T200,pid9)","Velkoz(UTILITY,T100,pid5)",enemy_bottom,ally_adc,enemy_utility,False,True,False,True,False,False,13560,4863,5.002283333333334,RED_BOT_JUNGLE,BOT_LANE_CORE,5457.695484359676,True,True
8,EUW1_7705182186,200,2.6228333333333333,CHAMPION_KILL,"Fizz(MIDDLE,T200,pid8)","Ekko(MIDDLE,T100,pid3)",,ally_middle,enemy_middle,,False,False,False,False,False,False,6547,6497,5.002283333333334,RED_BOT_JUNGLE,BOT_LANE_CORE,5457.695484359676,True,True
8,EUW1_7705182186,200,2.6317333333333335,CHAMPION_KILL,"Ekko(MIDDLE,T100,pid3)","Fizz(MIDDLE,T200,pid8)",,enemy_middle,ally_middle,,False,False,False,False,False,False,6983,6558,5.002283333333334,RED_BOT_JUNGLE,BOT_LANE_CORE,5457.695484359676,True,True
8,EUW1_7705182186,200,2.7285833333333334,CHAMPION_KILL,"Elise(JUNGLE,T100,pid2)","Diana(JUNGLE,T200,pid7)","Caitlyn(BOTTOM,T100,pid4); Velkoz(UTILITY,T100,pid5)",enemy_jungle,ally_jungle,enemy_bottom; enemy_utility,False,False,False,False,False,False,13002,7324,5.002283333333334,RED_BOT_JUNGLE,BOT_LANE_CORE,5457.695484359676,True,True
8,EUW1_7705182186,200,3.4784333333333333,CHAMPION_KILL,"Velkoz(UTILITY,T100,pid5)","Aphelios(BOTTOM,T200,pid9)","Elise(JUNGLE,T100,pid2); Caitlyn(BOTTOM,T100,pid4)",enemy_utility,ally_adc,enemy_jungle; enemy_bottom,False,True,False,True,False,False,14110,7886,5.002283333333334,RED_BOT_JUNGLE,BOT_LANE_CORE,5457.695484359676,True,True
8,EUW1_7705182186,200,3.8002,CHAMPION_KILL,"Fizz(MIDDLE,T200,pid8)","Ekko(MIDDLE,T100,pid3)",,ally_middle,enemy_middle,,False,False,False,False,False,False,7556,7230,5.002283333333334,RED_BOT_JUNGLE,BOT_LANE_CORE,5457.695484359676,True,True
8,EUW1_7705182186,200,4.763333333333334,CHAMPION_KILL,"Fizz(MIDDLE,T200,pid8)","Ekko(MIDDLE,T100,pid3)",,ally_middle,enemy_middle,,False,False,False,False,False,False,8626,6285,5.002283333333334,RED_BOT_JUNGLE,BOT_LANE_CORE,5457.695484359676,True,True
8,EUW1_7705182186,200,5.65745,CHAMPION_KILL,"Velkoz(UTILITY,T100,pid5)","Diana(JUNGLE,T200,pid7)","Elise(JUNGLE,T100,pid2); Caitlyn(BOTTOM,T100,pid4)",enemy_utility,ally_jungle,enemy_jungle; enemy_bottom,False,False,False,False,False,False,13016,7164,6.002533333333333,RED_BASE,RED_BASE,2930.006313986371,False,False
8,EUW1_7705182186,200,5.7209,CHAMPION_KILL,"Caitlyn(BOTTOM,T100,pid4)","Yuumi(UTILITY,T200,pid10)","Elise(JUNGLE,T100,pid2); Velkoz(UTILITY,T100,pid5)",enemy_bottom,ally_support,enemy_jungle; enemy_utility,True,False,True,False,False,False,12385,7658,6.002533333333333,RED_BASE,RED_BASE,2930.006313986371,False,False
8,EUW1_7705182186,200,7.7164166666666665,CHAMPION_KILL,"Diana(JUNGLE,T200,pid7)","Ekko(MIDDLE,T100,pid3)","Fizz(MIDDLE,T200,pid8); Yuumi(UTILITY,T200,pid10)",ally_jungle,enemy_middle,ally_middle; ally_support,True,False,False,False,True,False,6186,9177,8.003183333333334,RED_BOT_JUNGLE,BOT_LANE_CORE,3011.0612747003343,True,True
8,EUW1_7705182186,200,8.309966666666666,CHAMPION_KILL,"Caitlyn(BOTTOM,T100,pid4)","Aphelios(BOTTOM,T200,pid9)","Velkoz(UTILITY,T100,pid5)",enemy_bottom,ally_adc,enemy_utility,False,True,False,True,False,False,13915,4252,8.003183333333334,RED_BOT_JUNGLE,BOT_LANE_CORE,3011.0612747003343,True,True
8,EUW1_7705182186,200,8.486966666666667,CHAMPION_KILL,"Elise(JUNGLE,T100,pid2)","Fizz(MIDDLE,T200,pid8)",,enemy_jungle,ally_middle,,False,False,False,False,False,False,9157,8594,8.003183333333334,RED_BOT_JUNGLE,BOT_LANE_CORE,3011.0612747003343,True,True
8,EUW1_7705182186,200,9.457666666666666,CHAMPION_KILL,"Fizz(MIDDLE,T200,pid8)","Ekko(MIDDLE,T100,pid3)",,ally_middle,enemy_middle,,False,False,False,False,False,False,7893,8083,9.003183333333334,BOT_LANE_CORE,BOT_LANE_CORE,994.6597408159232,False,False
8,EUW1_7705182186,200,9.82405,CHAMPION_KILL,"Caitlyn(BOTTOM,T100,pid4)","Aphelios(BOTTOM,T200,pid9)","Velkoz(UTILITY,T100,pid5)",enemy_bottom,ally_adc,enemy_utility,False,True,False,True,False,False,14122,5058,10.003283333333334,BOT_LANE_CORE,BOT_LANE_CORE,2880.0128471935677,False,True
8,EUW1_7705182186,200,9.998833333333334,CHAMPION_KILL,"Aphelios(BOTTOM,T200,pid9)","Caitlyn(BOTTOM,T100,pid4)",,ally_adc,enemy_bottom,,False,True,False,False,False,False,13486,7348,10.003283333333334,BOT_LANE_CORE,BOT_LANE_CORE,2880.0128471935677,False,True
8,EUW1_7705182186,200,10.43245,CHAMPION_KILL,"Fizz(MIDDLE,T200,pid8)","Ekko(MIDDLE,T100,pid3)",,ally_middle,enemy_middle,,False,False,False,False,False,False,6910,7240,10.003283333333334,BOT_LANE_CORE,BOT_LANE_CORE,2880.0128471935677,False,True
8,EUW1_7705182186,200,10.952733333333333,CHAMPION_KILL,"Caitlyn(BOTTOM,T100,pid4)","Diana(JUNGLE,T200,pid7)","Elise(JUNGLE,T100,pid2); Velkoz(UTILITY,T100,pid5)",enemy_bottom,ally_jungle,enemy_jungle; enemy_utility,False,False,False,False,False,False,11493,6914,11.003466666666666,RED_BOT_JUNGLE,BOT_LANE_CORE,3620.660851281158,True,True
8,EUW1_7705182186,200,11.017383333333333,CHAMPION_KILL,"Elise(JUNGLE,T100,pid2)","Yuumi(UTILITY,T200,pid10)","Velkoz(UTILITY,T100,pid5)",enemy_jungle,ally_support,enemy_utility,True,False,True,False,False,False,11638,6774,11.003466666666666,RED_BOT_JUNGLE,BOT_LANE_CORE,3620.660851281158,True,True
8,EUW1_7705182186,200,11.322483333333333,CHAMPION_KILL,"Caitlyn(BOTTOM,T100,pid4)","Aphelios(BOTTOM,T200,pid9)","Elise(JUNGLE,T100,pid2); Velkoz(UTILITY,T100,pid5)",enemy_bottom,ally_adc,enemy_jungle; enemy_utility,False,True,False,True,False,False,14138,4666,11.003466666666666,RED_BOT_JUNGLE,BOT_LANE_CORE,3620.660851281158,True,True
8,EUW1_7705182186,200,11.5246,CHAMPION_KILL,"Fizz(MIDDLE,T200,pid8)","Ekko(MIDDLE,T100,pid3)",,ally_middle,enemy_middle,,False,False,False,False,False,False,7491,8395,11.003466666666666,RED_BOT_JUNGLE,BOT_LANE_CORE,3620.660851281158,True,True
9,EUW1_7716308181,100,4.309866666666666,CHAMPION_KILL,"Velkoz(UTILITY,T100,pid5)","JarvanIV(JUNGLE,T200,pid7)","Zoe(MIDDLE,T100,pid3)",ally_support,enemy_jungle,ally_middle,True,False,False,False,False,False,8243,6773,5.0034833333333335,BLUE_BASE,BOT_LANE_CORE,12083.124637278224,False,False
9,EUW1_7716308181,100,4.67755,CHAMPION_KILL,"XinZhao(JUNGLE,T100,pid2)","Nami(UTILITY,T200,pid10)",,ally_jungle,enemy_utility,,False,False,False,False,False,False,11005,6973,5.0034833333333335,BLUE_BASE,BOT_LANE_CORE,12083.124637278224,False,False
9,EUW1_7716308181,100,4.75715,CHAMPION_KILL,"Mel(BOTTOM,T200,pid9)","Velkoz(UTILITY,T100,pid5)","Nami(UTILITY,T200,pid10)",enemy_bottom,ally_support,enemy_utility,True,False,True,False,False,False,10135,7236,5.0034833333333335,BLUE_BASE,BOT_LANE_CORE,12083.124637278224,False,False
9,EUW1_7716308181,100,5.5949333333333335,CHAMPION_KILL,"Jayce(MIDDLE,T200,pid8)","Velkoz(UTILITY,T100,pid5)","JarvanIV(JUNGLE,T200,pid7)",enemy_middle,ally_support,enemy_jungle,True,False,True,False,False,False,7649,7348,6.003566666666667,BLUE_TOP_JUNGLE,BOT_LANE_CORE,6021.815756065607,True,True
9,EUW1_7716308181,100,5.8209333333333335,CHAMPION_KILL,"Ornn(TOP,T200,pid6)","Ahri(TOP,T100,pid1)",,enemy_top,ally_top,,False,False,False,False,False,False,1556,10619,6.003566666666667,BLUE_TOP_JUNGLE,BOT_LANE_CORE,6021.815756065607,True,True
9,EUW1_7716308181,100,5.94785,CHAMPION_KILL,"XinZhao(JUNGLE,T100,pid2)","Ornn(TOP,T200,pid6)","Ahri(TOP,T100,pid1)",ally_jungle,enemy_top,ally_top,False,False,False,False,False,False,3622,13515,6.003566666666667,BLUE_TOP_JUNGLE,BOT_LANE_CORE,6021.815756065607,True,True
9,EUW1_7716308181,100,6.56015,CHAMPION_KILL,"Nami(UTILITY,T200,pid10)","Zoe(MIDDLE,T100,pid3)","Jayce(MIDDLE,T200,pid8)",enemy_utility,ally_middle,enemy_middle,False,False,False,False,False,False,8322,6236,7.00375,MID_LANE,BOT_LANE_CORE,6231.281248667886,False,False
9,EUW1_7716308181,100,6.585766666666666,CHAMPION_KILL,"Velkoz(UTILITY,T100,pid5)","Jayce(MIDDLE,T200,pid8)","XinZhao(JUNGLE,T100,pid2); Zoe(MIDDLE,T100,pid3)",ally_support,enemy_middle,ally_jungle; ally_middle,True,False,False,False,False,False,8370,6438,7.00375,MID_LANE,BOT_LANE_CORE,6231.281248667886,False,False
9,EUW1_7716308181,100,6.671483333333334,CHAMPION_KILL,"Twitch(BOTTOM,T100,pid4)","Mel(BOTTOM,T200,pid9)",,ally_adc,enemy_bottom,,False,True,False,False,False,False,13032,1454,7.00375,MID_LANE,BOT_LANE_CORE,6231.281248667886,False,False
9,EUW1_7716308181,100,6.946783333333333,CHAMPION_KILL,"JarvanIV(JUNGLE,T200,pid7)","Velkoz(UTILITY,T100,pid5)","Nami(UTILITY,T200,pid10)",enemy_jungle,ally_support,enemy_utility,True,False,True,False,False,False,7846,6526,7.00375,MID_LANE,BOT_LANE_CORE,6231.281248667886,False,False
9,EUW1_7716308181,100,8.155683333333334,CHAMPION_KILL,"Zoe(MIDDLE,T100,pid3)","Jayce(MIDDLE,T200,pid8)","XinZhao(JUNGLE,T100,pid2); Velkoz(UTILITY,T100,pid5)",ally_middle,enemy_middle,ally_jungle; ally_support,True,False,False,False,True,False,7363,7825,8.004283333333333,MID_LANE,BOT_LANE_CORE,6046.880848834381,True,True
9,EUW1_7716308181,100,8.5617,CHAMPION_KILL,"Ornn(TOP,T200,pid6)","Ahri(TOP,T100,pid1)","JarvanIV(JUNGLE,T200,pid7)",enemy_top,ally_top,enemy_jungle,False,False,False,False,False,False,2057,12842,9.0043,BLUE_BOT_JUNGLE,BOT_LANE_CORE,5748.423957920988,True,True
9,EUW1_7716308181,100,9.468383333333334,CHAMPION_KILL,"Zoe(MIDDLE,T100,pid3)","Jayce(MIDDLE,T200,pid8)",,ally_middle,enemy_middle,,False,False,False,False,False,False,8182,7508,9.0043,BLUE_BOT_JUNGLE,BOT_LANE_CORE,5748.423957920988,True,True
9,EUW1_7716308181,100,9.82375,CHAMPION_KILL,"Velkoz(UTILITY,T100,pid5)","Nami(UTILITY,T200,pid10)","Zoe(MIDDLE,T100,pid3)",ally_support,enemy_utility,ally_middle,True,False,False,False,False,False,9494,8070,10.0044,MID_LANE,BOT_LANE_CORE,7463.437411809655,True,True
9,EUW1_7716308181,100,10.002583333333334,CHAMPION_KILL,"JarvanIV(JUNGLE,T200,pid7)","Ahri(TOP,T100,pid1)","Ornn(TOP,T200,pid6)",enemy_jungle,ally_top,enemy_top,False,False,False,False,False,False,1609,11191,10.0044,MID_LANE,BOT_LANE_CORE,7463.437411809655,True,True
9,EUW1_7716308181,100,10.078166666666666,CHAMPION_KILL,"XinZhao(JUNGLE,T100,pid2)","JarvanIV(JUNGLE,T200,pid7)","Ahri(TOP,T100,pid1)",ally_jungle,enemy_jungle,ally_top,False,False,False,False,False,False,1797,12000,10.0044,MID_LANE,BOT_LANE_CORE,7463.437411809655,True,True
9,EUW1_7716308181,100,10.1639,CHAMPION_KILL,"XinZhao(JUNGLE,T100,pid2)","Ornn(TOP,T200,pid6)","Ahri(TOP,T100,pid1)",ally_jungle,enemy_top,ally_top,False,False,False,False,False,False,2401,11552,10.0044,MID_LANE,BOT_LANE_CORE,7463.437411809655,True,True
9,EUW1_7716308181,100,11.147533333333334,CHAMPION_KILL,"Zoe(MIDDLE,T100,pid3)","Jayce(MIDDLE,T200,pid8)",,ally_middle,enemy_middle,,False,False,False,False,False,False,6262,7355,11.004766666666669,BLUE_BOT_JUNGLE,BOT_LANE_CORE,5771.785252415409,True,True
9,EUW1_7716308181,100,11.3058,CHAMPION_KILL,"Velkoz(UTILITY,T100,pid5)","Nami(UTILITY,T200,pid10)","Zoe(MIDDLE,T100,pid3)",ally_support,enemy_utility,ally_middle,True,False,False,False,False,False,8789,8776,11.004766666666669,BLUE_BOT_JUNGLE,BOT_LANE_CORE,5771.785252415409,True,True
10,EUW1_7708270762,200,2.3021,CHAMPION_KILL,"Caitlyn(BOTTOM,T200,pid9)","Jhin(BOTTOM,T100,pid4)","Lux(UTILITY,T200,pid10)",ally_adc,enemy_bottom,ally_support,True,True,False,False,True,False,11773,1183,5.0023,RED_BASE,BOT_LANE_CORE,8820.349766307456,False,False
10,EUW1_7708270762,200,2.3705666666666665,CHAMPION_KILL,"Karma(UTILITY,T100,pid5)","Caitlyn(BOTTOM,T200,pid9)","Jhin(BOTTOM,T100,pid4)",enemy_utility,ally_adc,enemy_bottom,False,True,False,True,False,False,12213,2442,5.0023,RED_BASE,BOT_LANE_CORE,8820.349766307456,False,False
10,EUW1_7708270762,200,3.2422833333333334,CHAMPION_KILL,"Ambessa(JUNGLE,T100,pid2)","Nidalee(JUNGLE,T200,pid7)",,enemy_jungle,ally_jungle,,False,False,False,False,False,False,11637,5936,5.0023,RED_BASE,BOT_LANE_CORE,8820.349766307456,False,False
10,EUW1_7708270762,200,3.32355,CHAMPION_KILL,"Gwen(TOP,T200,pid6)","Sion(TOP,T100,pid1)",,ally_top,enemy_top,,False,False,False,False,False,False,1826,11692,5.0023,RED_BASE,BOT_LANE_CORE,8820.349766307456,False,False
10,EUW1_7708270762,200,3.9720666666666666,CHAMPION_KILL,"Akali(MIDDLE,T100,pid3)","Nidalee(JUNGLE,T200,pid7)","Ambessa(JUNGLE,T100,pid2)",enemy_middle,ally_jungle,enemy_jungle,False,False,False,False,False,False,7216,9223,5.0023,RED_BASE,BOT_LANE_CORE,8820.349766307456,False,False
10,EUW1_7708270762,200,3.988766666666667,CHAMPION_KILL,"Quinn(MIDDLE,T200,pid8)","Ambessa(JUNGLE,T100,pid2)","Nidalee(JUNGLE,T200,pid7)",ally_middle,enemy_jungle,ally_jungle,False,False,False,False,False,False,7087,9765,5.0023,RED_BASE,BOT_LANE_CORE,8820.349766307456,False,False
10,EUW1_7708270762,200,4.428516666666667,CHAMPION_KILL,"Karma(UTILITY,T100,pid5)","Caitlyn(BOTTOM,T200,pid9)","Jhin(BOTTOM,T100,pid4)",enemy_utility,ally_adc,enemy_bottom,False,True,False,True,False,False,13464,4334,5.0023,RED_BASE,BOT_LANE_CORE,8820.349766307456,False,False
10,EUW1_7708270762,200,4.7505,CHAMPION_KILL,"Karma(UTILITY,T100,pid5)","Lux(UTILITY,T200,pid10)","Jhin(BOTTOM,T100,pid4)",enemy_utility,ally_support,enemy_bottom,True,False,True,False,False,False,13918,7098,5.0023,RED_BASE,BOT_LANE_CORE,8820.349766307456,False,False
10,EUW1_7708270762,200,5.89285,CHAMPION_KILL,"Ambessa(JUNGLE,T100,pid2)","Lux(UTILITY,T200,pid10)","Jhin(BOTTOM,T100,pid4); Karma(UTILITY,T100,pid5)",enemy_jungle,ally_support,enemy_bottom; enemy_utility,True,False,True,False,False,False,13661,3928,6.002533333333333,BOT_LANE_CORE,BOT_LANE_CORE,614.1172526480591,False,False
10,EUW1_7708270762,200,6.145183333333334,CHAMPION_KILL,"Akali(MIDDLE,T100,pid3)","Nidalee(JUNGLE,T200,pid7)","Ambessa(JUNGLE,T100,pid2); Jhin(BOTTOM,T100,pid4); Karma(UTILITY,T100,pid5)",enemy_middle,ally_jungle,enemy_jungle; enemy_bottom; enemy_utility,False,False,False,False,False,False,13889,5154,6.002533333333333,BOT_LANE_CORE,BOT_LANE_CORE,614.1172526480591,False,False
10,EUW1_7708270762,200,6.21365,CHAMPION_KILL,"Caitlyn(BOTTOM,T200,pid9)","Karma(UTILITY,T100,pid5)","Quinn(MIDDLE,T200,pid8)",ally_adc,enemy_utility,ally_middle,False,True,False,False,False,False,13129,5657,6.002533333333333,BOT_LANE_CORE,BOT_LANE_CORE,614.1172526480591,False,False
10,EUW1_7708270762,200,6.2815666666666665,CHAMPION_KILL,"Jhin(BOTTOM,T100,pid4)","Caitlyn(BOTTOM,T200,pid9)","Akali(MIDDLE,T100,pid3); Karma(UTILITY,T100,pid5)",enemy_bottom,ally_adc,enemy_middle; enemy_utility,False,True,False,True,False,False,14080,5085,6.002533333333333,BOT_LANE_CORE,BOT_LANE_CORE,614.1172526480591,False,False
10,EUW1_7708270762,200,6.3016,CHAMPION_KILL,"Jhin(BOTTOM,T100,pid4)","Quinn(MIDDLE,T200,pid8)","Ambessa(JUNGLE,T100,pid2); Akali(MIDDLE,T100,pid3); Karma(UTILITY,T100,pid5)",enemy_bottom,ally_middle,enemy_jungle; enemy_middle; enemy_utility,False,False,False,False,False,False,14070,4345,6.002533333333333,BOT_LANE_CORE,BOT_LANE_CORE,614.1172526480591,False,False
10,EUW1_7708270762,200,6.794433333333333,CHAMPION_KILL,"Jhin(BOTTOM,T100,pid4)","Lux(UTILITY,T200,pid10)",,enemy_bottom,ally_support,,True,False,True,False,False,False,13302,2394,7.002633333333334,RED_BASE,BOT_LANE_CORE,10979.088851084138,False,False
10,EUW1_7708270762,200,7.341316666666667,CHAMPION_KILL,"Gwen(TOP,T200,pid6)","Sion(TOP,T100,pid1)",,ally_top,enemy_top,,False,False,False,False,False,False,2896,13128,7.002633333333334,RED_BASE,BOT_LANE_CORE,10979.088851084138,False,False
10,EUW1_7708270762,200,7.40255,CHAMPION_KILL,"Akali(MIDDLE,T100,pid3)","Gwen(TOP,T200,pid6)","Sion(TOP,T100,pid1); Ambessa(JUNGLE,T100,pid2)",enemy_middle,ally_top,enemy_top; enemy_jungle,False,False,False,False,False,False,3402,11843,7.002633333333334,RED_BASE,BOT_LANE_CORE,10979.088851084138,False,False
10,EUW1_7708270762,200,7.4253833333333334,CHAMPION_KILL,"Nidalee(JUNGLE,T200,pid7)","Ambessa(JUNGLE,T100,pid2)","Quinn(MIDDLE,T200,pid8)",ally_jungle,enemy_jungle,ally_middle,False,False,False,False,False,False,2711,12867,7.002633333333334,RED_BASE,BOT_LANE_CORE,10979.088851084138,False,False
10,EUW1_7708270762,200,7.528366666666667,CHAMPION_KILL,"Akali(MIDDLE,T100,pid3)","Nidalee(JUNGLE,T200,pid7)","Sion(TOP,T100,pid1)",enemy_middle,ally_jungle,enemy_top,False,False,False,False,False,False,1657,13644,8.002666666666666,TOP_LANE_CORE,BOT_LANE_CORE,13624.606563126878,False,False
10,EUW1_7708270762,200,7.854583333333333,CHAMPION_KILL,"Akali(MIDDLE,T100,pid3)","Quinn(MIDDLE,T200,pid8)","Karma(UTILITY,T100,pid5)",enemy_middle,ally_middle,enemy_utility,False,False,False,False,False,False,2962,12818,8.002666666666666,TOP_LANE_CORE,BOT_LANE_CORE,13624.606563126878,False,False
10,EUW1_7708270762,200,7.987633333333333,CHAMPION_KILL,"Karma(UTILITY,T100,pid5)","Lux(UTILITY,T200,pid10)","Akali(MIDDLE,T100,pid3)",enemy_utility,ally_support,enemy_middle,True,False,True,False,False,False,4485,13566,8.002666666666666,TOP_LANE_CORE,BOT_LANE_CORE,13624.606563126878,False,False
10,EUW1_7708270762,200,8.972983333333334,CHAMPION_KILL,"Akali(MIDDLE,T100,pid3)","Quinn(MIDDLE,T200,pid8)",,enemy_middle,ally_middle,,False,False,False,False,False,False,7171,7136,9.00315,MID_LANE,BOT_LANE_CORE,6582.935895176254,True,True
10,EUW1_7708270762,200,9.154166666666667,CHAMPION_KILL,"Caitlyn(BOTTOM,T200,pid9)","Karma(UTILITY,T100,pid5)","Nidalee(JUNGLE,T200,pid7)",ally_adc,enemy_utility,ally_jungle,False,True,False,False,False,False,13599,6256,9.00315,MID_LANE,BOT_LANE_CORE,6582.935895176254,True,True
10,EUW1_7708270762,200,9.190366666666666,CHAMPION_KILL,"Nidalee(JUNGLE,T200,pid7)","Ambessa(JUNGLE,T100,pid2)","Caitlyn(BOTTOM,T200,pid9)",ally_jungle,enemy_jungle,ally_adc,False,True,False,False,False,True,13906,5792,9.00315,MID_LANE,BOT_LANE_CORE,6582.935895176254,True,True
10,EUW1_7708270762,200,9.19815,CHAMPION_KILL,"Jhin(BOTTOM,T100,pid4)","Nidalee(JUNGLE,T200,pid7)","Ambessa(JUNGLE,T100,pid2); Karma(UTILITY,T100,pid5)",enemy_bottom,ally_jungle,enemy_jungle; enemy_utility,False,False,False,False,False,False,14080,5702,9.00315,MID_LANE,BOT_LANE_CORE,6582.935895176254,True,True
10,EUW1_7708270762,200,9.925433333333334,CHAMPION_KILL,"Karma(UTILITY,T100,pid5)","Gwen(TOP,T200,pid6)","Sion(TOP,T100,pid1)",enemy_utility,ally_top,enemy_top,False,False,False,False,False,False,1440,11796,10.003366666666668,RED_BOT_JUNGLE,RED_BASE,6084.223039961635,True,False
10,EUW1_7708270762,200,9.969983333333333,CHAMPION_KILL,"Quinn(MIDDLE,T200,pid8)","Sion(TOP,T100,pid1)","Gwen(TOP,T200,pid6)",ally_middle,enemy_top,ally_top,False,False,False,False,False,False,1145,11466,10.003366666666668,RED_BOT_JUNGLE,RED_BASE,6084.223039961635,True,False
10,EUW1_7708270762,200,10.299916666666666,CHAMPION_KILL,"Ambessa(JUNGLE,T100,pid2)","Quinn(MIDDLE,T200,pid8)","Karma(UTILITY,T100,pid5)",enemy_jungle,ally_middle,enemy_utility,False,False,False,False,False,False,1172,12033,10.003366666666668,RED_BOT_JUNGLE,RED_BASE,6084.223039961635,True,False
10,EUW1_7708270762,200,10.3606,CHAMPION_KILL,"Akali(MIDDLE,T100,pid3)","Nidalee(JUNGLE,T200,pid7)",,enemy_middle,ally_jungle,,False,False,False,False,False,False,4328,14052,10.003366666666668,RED_BOT_JUNGLE,RED_BASE,6084.223039961635,True,False
10,EUW1_7708270762,200,11.640416666666667,CHAMPION_KILL,"Akali(MIDDLE,T100,pid3)","Quinn(MIDDLE,T200,pid8)",,enemy_middle,ally_middle,,False,False,False,False,False,False,10376,6673,11.003883333333333,RED_TOP_JUNGLE,BOT_LANE_CORE,8218.566359165081,True,True
10,EUW1_7708270762,200,11.666033333333333,CHAMPION_KILL,"Nidalee(JUNGLE,T200,pid7)","Akali(MIDDLE,T100,pid3)","Quinn(MIDDLE,T200,pid8)",ally_jungle,enemy_middle,ally_middle,False,False,False,False,False,False,10240,7266,11.003883333333333,RED_TOP_JUNGLE,BOT_LANE_CORE,8218.566359165081,True,True
10,EUW1_7708270762,200,11.76345,CHAMPION_KILL,"Caitlyn(BOTTOM,T200,pid9)","Karma(UTILITY,T100,pid5)",,ally_adc,enemy_utility,,False,True,False,False,False,False,13452,3476,11.003883333333333,RED_TOP_JUNGLE,BOT_LANE_CORE,8218.566359165081,True,True
11,EUW1_7830110048,100,2.7159166666666668,CHAMPION_KILL,"Smolder(BOTTOM,T200,pid9)","Yasuo(BOTTOM,T100,pid4)","Soraka(UTILITY,T200,pid10)",enemy_bottom,ally_adc,enemy_utility,False,True,False,True,False,False,13503,3455,5.003233333333333,TOP_LANE_CORE,BOT_LANE_CORE,14745.90248170657,True,True
11,EUW1_7830110048,100,2.7832833333333333,CHAMPION_KILL,"Smolder(BOTTOM,T200,pid9)","Nami(UTILITY,T100,pid5)","Soraka(UTILITY,T200,pid10)",enemy_bottom,ally_support,enemy_utility,True,False,True,False,False,False,11917,2349,5.003233333333333,TOP_LANE_CORE,BOT_LANE_CORE,14745.90248170657,True,True
11,EUW1_7830110048,100,2.9298166666666665,CHAMPION_KILL,"Zaahen(TOP,T200,pid6)","Sion(TOP,T100,pid1)",,enemy_top,ally_top,,False,False,False,False,False,False,2899,13496,5.003233333333333,TOP_LANE_CORE,BOT_LANE_CORE,14745.90248170657,True,True
11,EUW1_7830110048,100,3.05205,CHAMPION_KILL,"Naafiri(JUNGLE,T100,pid2)","Soraka(UTILITY,T200,pid10)",,ally_jungle,enemy_utility,,False,False,False,False,False,False,12899,1907,5.003233333333333,TOP_LANE_CORE,BOT_LANE_CORE,14745.90248170657,True,True
11,EUW1_7830110048,100,3.09325,CHAMPION_KILL,"Sion(TOP,T100,pid1)","Zaahen(TOP,T200,pid6)",,ally_top,enemy_top,,False,False,False,False,False,False,1292,11581,5.003233333333333,TOP_LANE_CORE,BOT_LANE_CORE,14745.90248170657,True,True
11,EUW1_7830110048,100,3.95,CHAMPION_KILL,"Kassadin(MIDDLE,T200,pid8)","Nami(UTILITY,T100,pid5)","Gwen(JUNGLE,T200,pid7); Soraka(UTILITY,T200,pid10)",enemy_middle,ally_support,enemy_jungle; enemy_utility,True,False,True,False,False,False,10627,6460,5.003233333333333,TOP_LANE_CORE,BOT_LANE_CORE,14745.90248170657,True,True
11,EUW1_7830110048,100,5.002666666666666,CHAMPION_KILL,"Sion(TOP,T100,pid1)","Zaahen(TOP,T200,pid6)","Nami(UTILITY,T100,pid5)",ally_top,enemy_top,ally_support,True,False,False,False,True,False,3358,13726,5.003233333333333,TOP_LANE_CORE,BOT_LANE_CORE,14745.90248170657,True,True
11,EUW1_7830110048,100,5.258933333333333,CHAMPION_KILL,"Yasuo(BOTTOM,T100,pid4)","Soraka(UTILITY,T200,pid10)",,ally_adc,enemy_utility,,False,True,False,False,False,False,12944,1879,5.003233333333333,TOP_LANE_CORE,BOT_LANE_CORE,14745.90248170657,True,True
11,EUW1_7830110048,100,5.389316666666667,CHAMPION_KILL,"Smolder(BOTTOM,T200,pid9)","Yasuo(BOTTOM,T100,pid4)","Soraka(UTILITY,T200,pid10)",enemy_bottom,ally_adc,enemy_utility,False,True,False,True,False,False,11751,2117,5.003233333333333,TOP_LANE_CORE,BOT_LANE_CORE,14745.90248170657,True,True
11,EUW1_7830110048,100,5.61835,CHAMPION_KILL,"Naafiri(JUNGLE,T100,pid2)","Smolder(BOTTOM,T200,pid9)",,ally_jungle,enemy_bottom,,False,False,False,False,False,False,11535,1057,6.003283333333333,MID_LANE,BOT_LANE_CORE,6439.213694233171,True,True
11,EUW1_7830110048,100,6.62165,CHAMPION_KILL,"Sion(TOP,T100,pid1)","Zaahen(TOP,T200,pid6)",,ally_top,enemy_top,,False,False,False,False,False,False,3786,13414,7.003333333333333,TOP_LANE_CORE,BOT_LANE_CORE,14259.795580582491,True,True
11,EUW1_7830110048,100,7.128683333333333,CHAMPION_KILL,"Smolder(BOTTOM,T200,pid9)","Yasuo(BOTTOM,T100,pid4)","Soraka(UTILITY,T200,pid10)",enemy_bottom,ally_adc,enemy_utility,False,True,False,True,False,False,10944,958,7.003333333333333,TOP_LANE_CORE,BOT_LANE_CORE,14259.795580582491,True,True
11,EUW1_7830110048,100,9.454383333333332,CHAMPION_KILL,"Gwen(JUNGLE,T200,pid7)","Yasuo(BOTTOM,T100,pid4)","Smolder(BOTTOM,T200,pid9); Soraka(UTILITY,T200,pid10)",enemy_jungle,ally_adc,enemy_bottom; enemy_utility,False,True,False,True,False,False,10854,1767,9.003883333333333,TOP_SIDE_NEAR,BOT_LANE_CORE,10122.36938666042,True,True
11,EUW1_7830110048,100,9.730633333333333,CHAMPION_KILL,"Sion(TOP,T100,pid1)","Zaahen(TOP,T200,pid6)","Nami(UTILITY,T100,pid5)",ally_top,enemy_top,ally_support,True,False,False,False,True,False,3926,11547,10.004333333333332,BLUE_BASE,BOT_LANE_CORE,5752.293890266735,False,False
11,EUW1_7830110048,100,10.597416666666666,CHAMPION_KILL,"Naafiri(JUNGLE,T100,pid2)","Gwen(JUNGLE,T200,pid7)","Sion(TOP,T100,pid1)",ally_jungle,enemy_jungle,ally_top,False,False,False,False,False,False,8056,10178,11.004683333333332,MID_LANE,BOT_LANE_CORE,6415.627482951298,True,True
11,EUW1_7830110048,100,11.228016666666667,CHAMPION_KILL,"Naafiri(JUNGLE,T100,pid2)","Zaahen(TOP,T200,pid6)",,ally_jungle,enemy_top,,False,False,False,False,False,False,3971,13494,11.004683333333332,MID_LANE,BOT_LANE_CORE,6415.627482951298,True,True
11,EUW1_7830110048,100,11.658316666666666,CHAMPION_KILL,"Smolder(BOTTOM,T200,pid9)","Yasuo(BOTTOM,T100,pid4)","Soraka(UTILITY,T200,pid10)",enemy_bottom,ally_adc,enemy_utility,False,True,False,True,False,False,10065,1229,11.004683333333332,MID_LANE,BOT_LANE_CORE,6415.627482951298,True,True
12,EUW1_7806861902,200,2.1482666666666668,CHAMPION_KILL,"Corki(BOTTOM,T100,pid4)","Sona(UTILITY,T200,pid10)","Camille(UTILITY,T100,pid5)",enemy_bottom,ally_support,enemy_utility,True,False,True,False,False,False,13943,4165,5.003,RED_BOT_JUNGLE,BOT_LANE_CORE,3412.5639920739945,True,False
12,EUW1_7806861902,200,4.4496,CHAMPION_KILL,"Ekko(JUNGLE,T100,pid2)","Vladimir(MIDDLE,T200,pid8)","Ryze(MIDDLE,T100,pid3); Corki(BOTTOM,T100,pid4)",enemy_jungle,ally_middle,enemy_middle; enemy_bottom,False,False,False,False,False,False,10663,4520,5.003,RED_BOT_JUNGLE,BOT_LANE_CORE,3412.5639920739945,True,False
12,EUW1_7806861902,200,4.494133333333333,CHAMPION_KILL,"Ekko(JUNGLE,T100,pid2)","Sona(UTILITY,T200,pid10)","Corki(BOTTOM,T100,pid4); Camille(UTILITY,T100,pid5)",enemy_jungle,ally_support,enemy_bottom; enemy_utility,True,False,True,False,False,False,11305,4885,5.003,RED_BOT_JUNGLE,BOT_LANE_CORE,3412.5639920739945,True,False
12,EUW1_7806861902,200,4.855083333333333,CHAMPION_KILL,"Ekko(JUNGLE,T100,pid2)","Yunara(BOTTOM,T200,pid9)","Corki(BOTTOM,T100,pid4); Camille(UTILITY,T100,pid5)",enemy_jungle,ally_adc,enemy_bottom; enemy_utility,False,True,False,True,False,False,14118,4778,5.003,RED_BOT_JUNGLE,BOT_LANE_CORE,3412.5639920739945,True,False
12,EUW1_7806861902,200,5.30545,CHAMPION_KILL,"Aatrox(JUNGLE,T200,pid7)","Camille(UTILITY,T100,pid5)","Sona(UTILITY,T200,pid10)",ally_jungle,enemy_utility,ally_support,True,False,False,False,True,False,13058,5862,5.003,RED_BOT_JUNGLE,BOT_LANE_CORE,3412.5639920739945,True,False
12,EUW1_7806861902,200,5.3678,CHAMPION_KILL,"Corki(BOTTOM,T100,pid4)","Aatrox(JUNGLE,T200,pid7)","Ekko(JUNGLE,T100,pid2); Camille(UTILITY,T100,pid5)",enemy_bottom,ally_jungle,enemy_jungle; enemy_utility,False,False,False,False,False,False,13657,7021,5.003,RED_BOT_JUNGLE,BOT_LANE_CORE,3412.5639920739945,True,False
12,EUW1_7806861902,200,5.6123,CHAMPION_KILL,"Ekko(JUNGLE,T100,pid2)","Sona(UTILITY,T200,pid10)",,enemy_jungle,ally_support,,True,False,True,False,False,False,12633,5430,6.00325,RED_BOT_JUNGLE,RED_BASE,3947.8532140899056,True,False
12,EUW1_7806861902,200,5.705983333333333,CHAMPION_KILL,"Shen(TOP,T100,pid1)","Vladimir(MIDDLE,T200,pid8)","Ekko(JUNGLE,T100,pid2); Corki(BOTTOM,T100,pid4)",enemy_top,ally_middle,enemy_jungle; enemy_bottom,False,False,False,False,False,False,12976,5917,6.00325,RED_BOT_JUNGLE,RED_BASE,3947.8532140899056,True,False
12,EUW1_7806861902,200,7.769666666666667,CHAMPION_KILL,"Corki(BOTTOM,T100,pid4)","Sona(UTILITY,T200,pid10)","Camille(UTILITY,T100,pid5)",enemy_bottom,ally_support,enemy_utility,True,False,True,False,False,False,10058,7490,8.003516666666666,RED_BASE,BOT_SIDE_NEAR,10234.060240197923,False,False
12,EUW1_7806861902,200,7.8721,CHAMPION_KILL,"Corki(BOTTOM,T100,pid4)","Aatrox(JUNGLE,T200,pid7)","Ekko(JUNGLE,T100,pid2); Camille(UTILITY,T100,pid5)",enemy_bottom,ally_jungle,enemy_jungle; enemy_utility,False,False,False,False,False,False,9377,8413,8.003516666666666,RED_BASE,BOT_SIDE_NEAR,10234.060240197923,False,False
12,EUW1_7806861902,200,8.136633333333334,CHAMPION_KILL,"Camille(UTILITY,T100,pid5)","Vladimir(MIDDLE,T200,pid8)",,enemy_utility,ally_middle,,False,False,False,False,False,False,9054,8790,8.003516666666666,RED_BASE,BOT_SIDE_NEAR,10234.060240197923,False,False
12,EUW1_7806861902,200,9.13925,CHAMPION_KILL,"Vayne(TOP,T200,pid6)","Shen(TOP,T100,pid1)",,ally_top,enemy_top,,False,False,False,False,False,False,758,10538,9.003983333333334,RED_TOP_JUNGLE,BOT_LANE_CORE,9749.974051247522,True,True
12,EUW1_7806861902,200,9.207716666666666,CHAMPION_KILL,"Ryze(MIDDLE,T100,pid3)","Vladimir(MIDDLE,T200,pid8)","Camille(UTILITY,T100,pid5)",enemy_middle,ally_middle,enemy_utility,False,False,False,False,False,False,7439,7268,9.003983333333334,RED_TOP_JUNGLE,BOT_LANE_CORE,9749.974051247522,True,True
12,EUW1_7806861902,200,9.525566666666666,CHAMPION_KILL,"Aatrox(JUNGLE,T200,pid7)","Ekko(JUNGLE,T100,pid2)","Vayne(TOP,T200,pid6); Sona(UTILITY,T200,pid10)",ally_jungle,enemy_jungle,ally_top; ally_support,True,False,False,False,True,False,2639,13758,10.004283333333332,RED_BOT_JUNGLE,BOT_LANE_CORE,4375.397696210026,True,True
12,EUW1_7806861902,200,10.178616666666667,CHAMPION_KILL,"Sona(UTILITY,T200,pid10)","Camille(UTILITY,T100,pid5)","Aatrox(JUNGLE,T200,pid7); Yunara(BOTTOM,T200,pid9)",ally_support,enemy_utility,ally_jungle; ally_adc,True,True,False,False,False,True,13794,6706,10.004283333333332,RED_BOT_JUNGLE,BOT_LANE_CORE,4375.397696210026,True,True
12,EUW1_7806861902,200,10.458166666666667,CHAMPION_KILL,"Aatrox(JUNGLE,T200,pid7)","Corki(BOTTOM,T100,pid4)","Yunara(BOTTOM,T200,pid9); Sona(UTILITY,T200,pid10)",ally_jungle,enemy_bottom,ally_adc; ally_support,True,True,False,False,True,True,13148,3553,10.004283333333332,RED_BOT_JUNGLE,BOT_LANE_CORE,4375.397696210026,True,True
12,EUW1_7806861902,200,11.099266666666667,CHAMPION_KILL,"Ekko(JUNGLE,T100,pid2)","Sona(UTILITY,T200,pid10)","Camille(UTILITY,T100,pid5)",enemy_jungle,ally_support,enemy_utility,True,False,True,False,False,False,9493,8443,11.004633333333333,MID_LANE,RED_BASE,7303.924219212573,True,False
13,EUW1_7708834871,200,2.519633333333333,CHAMPION_KILL,"Vladimir(TOP,T100,pid1)","Warwick(TOP,T200,pid6)",,enemy_top,ally_top,,False,False,False,False,False,False,3786,13510,5.00365,BOT_SIDE_NEAR,BOT_SIDE_NEAR,398.7844029046272,False,False
13,EUW1_7708834871,200,4.337516666666667,CHAMPION_KILL,"Ekko(JUNGLE,T200,pid7)","Vladimir(TOP,T100,pid1)","Warwick(TOP,T200,pid6)",ally_jungle,enemy_top,ally_top,False,False,False,False,False,False,1966,11814,5.00365,BOT_SIDE_NEAR,BOT_SIDE_NEAR,398.7844029046272,False,False
13,EUW1_7708834871,200,4.97095,CHAMPION_KILL,"Lucian(BOTTOM,T100,pid4)","Tristana(BOTTOM,T200,pid9)","Milio(UTILITY,T100,pid5)",enemy_bottom,ally_adc,enemy_utility,False,True,False,True,False,False,12132,3482,5.00365,BOT_SIDE_NEAR,BOT_SIDE_NEAR,398.7844029046272,False,False
13,EUW1_7708834871,200,6.340133333333333,CHAMPION_KILL,"Vladimir(TOP,T100,pid1)","Warwick(TOP,T200,pid6)",,enemy_top,ally_top,,False,False,False,False,False,False,2566,11551,6.00395,RED_BOT_JUNGLE,BOT_LANE_CORE,4111.702810272162,True,True
13,EUW1_7708834871,200,6.7294,CHAMPION_KILL,"Lucian(BOTTOM,T100,pid4)","Tristana(BOTTOM,T200,pid9)",,enemy_bottom,ally_adc,,False,True,False,True,False,False,13771,3925,7.00445,BOT_LANE_CORE,RED_BASE,10973.585102417532,False,False
13,EUW1_7708834871,200,6.997866666666667,CHAMPION_KILL,"Naafiri(MIDDLE,T200,pid8)","Lucian(BOTTOM,T100,pid4)","Ekko(JUNGLE,T200,pid7); Yuumi(UTILITY,T200,pid10)",ally_middle,enemy_bottom,ally_jungle; ally_support,True,False,False,False,True,False,13051,2422,7.00445,BOT_LANE_CORE,RED_BASE,10973.585102417532,False,False
13,EUW1_7708834871,200,7.07165,CHAMPION_KILL,"Khazix(JUNGLE,T100,pid2)","Ekko(JUNGLE,T200,pid7)","Lucian(BOTTOM,T100,pid4); Milio(UTILITY,T100,pid5)",enemy_jungle,ally_jungle,enemy_bottom; enemy_utility,False,False,False,False,False,False,12220,1883,7.00445,BOT_LANE_CORE,RED_BASE,10973.585102417532,False,False
13,EUW1_7708834871,200,7.1379,CHAMPION_KILL,"Naafiri(MIDDLE,T200,pid8)","Milio(UTILITY,T100,pid5)","Yuumi(UTILITY,T200,pid10)",ally_middle,enemy_utility,ally_support,True,False,False,False,True,False,9921,1654,7.00445,BOT_LANE_CORE,RED_BASE,10973.585102417532,False,False
13,EUW1_7708834871,200,7.22655,CHAMPION_KILL,"Ambessa(MIDDLE,T100,pid3)","Naafiri(MIDDLE,T200,pid8)","Khazix(JUNGLE,T100,pid2); Lucian(BOTTOM,T100,pid4); Milio(UTILITY,T100,pid5)",enemy_middle,ally_middle,enemy_jungle; enemy_bottom; enemy_utility,False,False,False,False,False,False,10012,3272,7.00445,BOT_LANE_CORE,RED_BASE,10973.585102417532,False,False
13,EUW1_7708834871,200,7.291133333333334,CHAMPION_KILL,"Khazix(JUNGLE,T100,pid2)","Yuumi(UTILITY,T200,pid10)","Ambessa(MIDDLE,T100,pid3)",enemy_jungle,ally_support,enemy_middle,True,False,True,False,False,False,10510,3310,7.00445,BOT_LANE_CORE,RED_BASE,10973.585102417532,False,False
13,EUW1_7708834871,200,7.534133333333333,CHAMPION_KILL,"Vladimir(TOP,T100,pid1)","Warwick(TOP,T200,pid6)",,enemy_top,ally_top,,False,False,False,False,False,False,2519,8342,8.004483333333333,RED_TOP_JUNGLE,BOT_SIDE_NEAR,8802.35479857521,True,True
13,EUW1_7708834871,200,8.542316666666666,CHAMPION_KILL,"Ekko(JUNGLE,T200,pid7)","Vladimir(TOP,T100,pid1)","Warwick(TOP,T200,pid6); Yuumi(UTILITY,T200,pid10)",ally_jungle,enemy_top,ally_top; ally_support,True,False,False,False,True,False,2134,12086,9.004633333333333,TOP_SIDE_NEAR,BOT_LANE_CORE,10851.741841750569,True,False
13,EUW1_7708834871,200,8.847483333333333,CHAMPION_KILL,"Lucian(BOTTOM,T100,pid4)","Tristana(BOTTOM,T200,pid9)",,enemy_bottom,ally_adc,,False,True,False,True,False,False,13116,4867,9.004633333333333,TOP_SIDE_NEAR,BOT_LANE_CORE,10851.741841750569,True,False
13,EUW1_7708834871,200,8.9205,CHAMPION_KILL,"Khazix(JUNGLE,T100,pid2)","Naafiri(MIDDLE,T200,pid8)","Ambessa(MIDDLE,T100,pid3); Milio(UTILITY,T100,pid5)",enemy_jungle,ally_middle,enemy_middle; enemy_utility,False,False,False,False,False,False,4594,8500,9.004633333333333,TOP_SIDE_NEAR,BOT_LANE_CORE,10851.741841750569,True,False
13,EUW1_7708834871,200,10.349016666666667,CHAMPION_KILL,"Vladimir(TOP,T100,pid1)","Warwick(TOP,T200,pid6)",,enemy_top,ally_top,,False,False,False,False,False,False,3749,13381,10.004666666666669,BLUE_BOT_JUNGLE,BOT_SIDE_NEAR,4897.661482789516,True,True
13,EUW1_7708834871,200,11.04255,CHAMPION_KILL,"Milio(UTILITY,T100,pid5)","Tristana(BOTTOM,T200,pid9)","Khazix(JUNGLE,T100,pid2)",enemy_utility,ally_adc,enemy_jungle,False,True,False,True,False,False,14115,4741,11.005133333333331,BOT_LANE_CORE,BOT_LANE_CORE,647.8155601712574,False,False
13,EUW1_7708834871,200,11.246833333333333,CHAMPION_KILL,"Yuumi(UTILITY,T200,pid10)","Khazix(JUNGLE,T100,pid2)","Ekko(JUNGLE,T200,pid7)",ally_support,enemy_jungle,ally_jungle,True,False,False,False,False,False,14009,5550,11.005133333333331,BOT_LANE_CORE,BOT_LANE_CORE,647.8155601712574,False,False
13,EUW1_7708834871,200,11.297616666666666,CHAMPION_KILL,"Warwick(TOP,T200,pid6)","Vladimir(TOP,T100,pid1)",,ally_top,enemy_top,,False,False,False,False,False,False,3693,13155,11.005133333333331,BOT_LANE_CORE,BOT_LANE_CORE,647.8155601712574,False,False
13,EUW1_7708834871,200,11.4672,CHAMPION_KILL,"Lucian(BOTTOM,T100,pid4)","Ekko(JUNGLE,T200,pid7)","Khazix(JUNGLE,T100,pid2); Milio(UTILITY,T100,pid5)",enemy_bottom,ally_jungle,enemy_jungle; enemy_utility,False,False,False,False,False,False,13891,6723,11.005133333333331,BOT_LANE_CORE,BOT_LANE_CORE,647.8155601712574,False,False
13,EUW1_7708834871,200,11.563816666666666,CHAMPION_KILL,"Naafiri(MIDDLE,T200,pid8)","Lucian(BOTTOM,T100,pid4)",,ally_middle,enemy_bottom,,False,False,False,False,False,False,14110,6766,11.005133333333331,BOT_LANE_CORE,BOT_LANE_CORE,647.8155601712574,False,False
14,EUW1_7705296763,200,2.85575,CHAMPION_KILL,"Sylas(MIDDLE,T200,pid8)","Orianna(MIDDLE,T100,pid3)",,ally_middle,enemy_middle,,False,False,False,False,False,False,7224,7448,5.0007166666666665,MID_LANE,BOT_LANE_CORE,8134.00393410281,True,True
14,EUW1_7705296763,200,3.119083333333333,CHAMPION_KILL,"Aatrox(TOP,T100,pid1)","Irelia(TOP,T200,pid6)",,enemy_top,ally_top,,False,False,False,False,False,False,3642,13171,5.0007166666666665,MID_LANE,BOT_LANE_CORE,8134.00393410281,True,True
14,EUW1_7705296763,200,3.361866666666667,CHAMPION_KILL,"Varus(BOTTOM,T100,pid4)","Vayne(BOTTOM,T200,pid9)","Karma(UTILITY,T100,pid5)",enemy_bottom,ally_adc,enemy_utility,False,True,False,True,False,False,11909,1331,5.0007166666666665,MID_LANE,BOT_LANE_CORE,8134.00393410281,True,True
14,EUW1_7705296763,200,3.433666666666667,CHAMPION_KILL,"Varus(BOTTOM,T100,pid4)","DrMundo(JUNGLE,T200,pid7)","Karma(UTILITY,T100,pid5)",enemy_bottom,ally_jungle,enemy_utility,False,False,False,False,False,False,10770,1086,5.0007166666666665,MID_LANE,BOT_LANE_CORE,8134.00393410281,True,True
14,EUW1_7705296763,200,5.65915,CHAMPION_KILL,"Varus(BOTTOM,T100,pid4)","Braum(UTILITY,T200,pid10)","Karma(UTILITY,T100,pid5)",enemy_bottom,ally_support,enemy_utility,True,False,True,False,False,False,10326,5647,6.001133333333334,RED_BASE,BOT_LANE_CORE,4550.741697789494,False,False
14,EUW1_7705296763,200,5.7562,CHAMPION_KILL,"Aatrox(TOP,T100,pid1)","Irelia(TOP,T200,pid6)",,enemy_top,ally_top,,False,False,False,False,False,False,2042,12206,6.001133333333334,RED_BASE,BOT_LANE_CORE,4550.741697789494,False,False
14,EUW1_7705296763,200,5.845816666666667,CHAMPION_KILL,"DrMundo(JUNGLE,T200,pid7)","Aatrox(TOP,T100,pid1)","Irelia(TOP,T200,pid6)",ally_jungle,enemy_top,ally_top,False,False,False,False,False,False,1574,11232,6.001133333333334,RED_BASE,BOT_LANE_CORE,4550.741697789494,False,False
14,EUW1_7705296763,200,6.614183333333333,CHAMPION_KILL,"Orianna(MIDDLE,T100,pid3)","Braum(UTILITY,T200,pid10)",,enemy_middle,ally_support,,True,False,True,False,False,False,7054,6244,7.002683333333334,RED_BOT_JUNGLE,BOT_LANE_CORE,8487.755474800155,True,True
14,EUW1_7705296763,200,6.687666666666667,CHAMPION_KILL,"Irelia(TOP,T200,pid6)","Aatrox(TOP,T100,pid1)",,ally_top,enemy_top,,False,False,False,False,False,False,2732,12102,7.002683333333334,RED_BOT_JUNGLE,BOT_LANE_CORE,8487.755474800155,True,True
14,EUW1_7705296763,200,6.993666666666667,CHAMPION_KILL,"Sylas(MIDDLE,T200,pid8)","Orianna(MIDDLE,T100,pid3)",,ally_middle,enemy_middle,,False,False,False,False,False,False,6724,7057,7.002683333333334,RED_BOT_JUNGLE,BOT_LANE_CORE,8487.755474800155,True,True
14,EUW1_7705296763,200,7.038883333333334,CHAMPION_KILL,"Varus(BOTTOM,T100,pid4)","DrMundo(JUNGLE,T200,pid7)","JarvanIV(JUNGLE,T100,pid2); Karma(UTILITY,T100,pid5)",enemy_bottom,ally_jungle,enemy_jungle; enemy_utility,False,False,False,False,False,False,6854,4796,7.002683333333334,RED_BOT_JUNGLE,BOT_LANE_CORE,8487.755474800155,True,True
14,EUW1_7705296763,200,7.266166666666667,CHAMPION_KILL,"Sylas(MIDDLE,T200,pid8)","JarvanIV(JUNGLE,T100,pid2)","DrMundo(JUNGLE,T200,pid7); Braum(UTILITY,T200,pid10)",ally_middle,enemy_jungle,ally_jungle; ally_support,True,False,False,False,True,False,6268,7921,7.002683333333334,RED_BOT_JUNGLE,BOT_LANE_CORE,8487.755474800155,True,True
14,EUW1_7705296763,200,7.7912333333333335,CHAMPION_KILL,"Varus(BOTTOM,T100,pid4)","Vayne(BOTTOM,T200,pid9)",,enemy_bottom,ally_adc,,False,True,False,True,False,False,13013,2466,8.002766666666666,TOP_SIDE_NEAR,BOT_LANE_CORE,13169.127913419325,True,False
14,EUW1_7705296763,200,8.182016666666666,CHAMPION_KILL,"Irelia(TOP,T200,pid6)","Aatrox(TOP,T100,pid1)","Braum(UTILITY,T200,pid10)",ally_top,enemy_top,ally_support,True,False,False,False,True,False,1317,10610,8.002766666666666,TOP_SIDE_NEAR,BOT_LANE_CORE,13169.127913419325,True,False
14,EUW1_7705296763,200,8.5991,CHAMPION_KILL,"Orianna(MIDDLE,T100,pid3)","Braum(UTILITY,T200,pid10)","JarvanIV(JUNGLE,T100,pid2); Karma(UTILITY,T100,pid5)",enemy_middle,ally_support,enemy_jungle; enemy_utility,True,False,True,False,False,False,3612,11113,9.003316666666667,RED_TOP_JUNGLE,BOT_LANE_CORE,11140.170241069029,True,True
14,EUW1_7705296763,200,8.603,CHAMPION_KILL,"JarvanIV(JUNGLE,T100,pid2)","Irelia(TOP,T200,pid6)","Orianna(MIDDLE,T100,pid3); Karma(UTILITY,T100,pid5)",enemy_jungle,ally_top,enemy_middle; enemy_utility,False,False,False,False,False,False,3456,11138,9.003316666666667,RED_TOP_JUNGLE,BOT_LANE_CORE,11140.170241069029,True,True
14,EUW1_7705296763,200,8.70575,CHAMPION_KILL,"DrMundo(JUNGLE,T200,pid7)","JarvanIV(JUNGLE,T100,pid2)","Irelia(TOP,T200,pid6); Sylas(MIDDLE,T200,pid8); Braum(UTILITY,T200,pid10)",ally_jungle,enemy_jungle,ally_top; ally_middle; ally_support,True,False,False,False,True,False,2568,11414,9.003316666666667,RED_TOP_JUNGLE,BOT_LANE_CORE,11140.170241069029,True,True
14,EUW1_7705296763,200,8.955816666666667,CHAMPION_KILL,"Sylas(MIDDLE,T200,pid8)","Orianna(MIDDLE,T100,pid3)",,ally_middle,enemy_middle,,False,False,False,False,False,False,2293,11413,9.003316666666667,RED_TOP_JUNGLE,BOT_LANE_CORE,11140.170241069029,True,True
14,EUW1_7705296763,200,9.5695,CHAMPION_KILL,"Braum(UTILITY,T200,pid10)","Aatrox(TOP,T100,pid1)","Irelia(TOP,T200,pid6)",ally_support,enemy_top,ally_top,True,False,False,False,False,False,984,10142,10.003666666666666,BLUE_TOP_JUNGLE,BOT_LANE_CORE,9739.62268262996,True,True
14,EUW1_7705296763,200,10.174683333333334,CHAMPION_KILL,"JarvanIV(JUNGLE,T100,pid2)","Vayne(BOTTOM,T200,pid9)","Varus(BOTTOM,T100,pid4); Karma(UTILITY,T100,pid5)",enemy_jungle,ally_adc,enemy_bottom; enemy_utility,False,True,False,True,False,False,14120,4620,10.003666666666666,BLUE_TOP_JUNGLE,BOT_LANE_CORE,9739.62268262996,True,True
15,EUW1_7831144335,200,2.0588333333333333,CHAMPION_KILL,"Zeri(BOTTOM,T100,pid4)","Lucian(BOTTOM,T200,pid9)","Yuumi(UTILITY,T100,pid5)",enemy_bottom,ally_adc,enemy_utility,False,True,False,True,False,False,11614,2144,5.002833333333333,RED_BASE,BOT_LANE_CORE,10504.008044551374,False,False
15,EUW1_7831144335,200,2.17855,CHAMPION_KILL,"Zeri(BOTTOM,T100,pid4)","Taric(UTILITY,T200,pid10)","Yuumi(UTILITY,T100,pid5)",enemy_bottom,ally_support,enemy_utility,True,False,True,False,False,False,12455,2735,5.002833333333333,RED_BASE,BOT_LANE_CORE,10504.008044551374,False,False
15,EUW1_7831144335,200,2.72185,CHAMPION_KILL,"Jax(TOP,T100,pid1)","Malphite(TOP,T200,pid6)",,enemy_top,ally_top,,False,False,False,False,False,False,2182,11612,5.002833333333333,RED_BASE,BOT_LANE_CORE,10504.008044551374,False,False
15,EUW1_7831144335,200,2.7986833333333334,CHAMPION_KILL,"Khazix(JUNGLE,T200,pid7)","Jax(TOP,T100,pid1)","Malphite(TOP,T200,pid6)",ally_jungle,enemy_top,ally_top,False,False,False,False,False,False,1591,10967,5.002833333333333,RED_BASE,BOT_LANE_CORE,10504.008044551374,False,False
15,EUW1_7831144335,200,3.4906333333333333,CHAMPION_KILL,"Viktor(MIDDLE,T200,pid8)","Qiyana(MIDDLE,T100,pid3)",,ally_middle,enemy_middle,,False,False,False,False,False,False,6910,7066,5.002833333333333,RED_BASE,BOT_LANE_CORE,10504.008044551374,False,False
15,EUW1_7831144335,200,5.088,CHAMPION_KILL,"Qiyana(MIDDLE,T100,pid3)","Viktor(MIDDLE,T200,pid8)",,enemy_middle,ally_middle,,False,False,False,False,False,False,7333,8740,5.002833333333333,RED_BASE,BOT_LANE_CORE,10504.008044551374,False,False
15,EUW1_7831144335,200,5.1086,CHAMPION_KILL,"Khazix(JUNGLE,T200,pid7)","Qiyana(MIDDLE,T100,pid3)","Viktor(MIDDLE,T200,pid8)",ally_jungle,enemy_middle,ally_middle,False,False,False,False,False,False,7071,8857,5.002833333333333,RED_BASE,BOT_LANE_CORE,10504.008044551374,False,False
15,EUW1_7831144335,200,5.4421,CHAMPION_KILL,"Diana(JUNGLE,T100,pid2)","Khazix(JUNGLE,T200,pid7)",,enemy_jungle,ally_jungle,,False,False,False,False,False,False,8203,7508,5.002833333333333,RED_BASE,BOT_LANE_CORE,10504.008044551374,False,False
15,EUW1_7831144335,200,6.3119,CHAMPION_KILL,"Jax(TOP,T100,pid1)","Malphite(TOP,T200,pid6)",,enemy_top,ally_top,,False,False,False,False,False,False,4580,13759,6.003383333333334,TOP_SIDE_NEAR,RED_BASE,12468.882628367306,True,False
15,EUW1_7831144335,200,6.462816666666667,CHAMPION_KILL,"Khazix(JUNGLE,T200,pid7)","Jax(TOP,T100,pid1)","Malphite(TOP,T200,pid6); Taric(UTILITY,T200,pid10)",ally_jungle,enemy_top,ally_top; ally_support,True,False,False,False,True,False,2919,12748,6.003383333333334,TOP_SIDE_NEAR,RED_BASE,12468.882628367306,True,False
15,EUW1_7831144335,200,7.464166666666666,CHAMPION_KILL,"Lucian(BOTTOM,T200,pid9)","Zeri(BOTTOM,T100,pid4)","Taric(UTILITY,T200,pid10)",ally_adc,enemy_bottom,ally_support,True,True,False,False,True,False,11218,1396,7.003566666666667,BOT_LANE_CORE,BOT_LANE_CORE,6239.626992056496,False,True
15,EUW1_7831144335,200,7.531516666666667,CHAMPION_KILL,"Taric(UTILITY,T200,pid10)","Yuumi(UTILITY,T100,pid5)","Lucian(BOTTOM,T200,pid9)",ally_support,enemy_utility,ally_adc,True,True,False,False,False,True,10830,1373,8.0039,TOP_LANE_CORE,BOT_LANE_CORE,5038.89720077717,True,True
15,EUW1_7831144335,200,7.894783333333334,CHAMPION_KILL,"Diana(JUNGLE,T100,pid2)","Khazix(JUNGLE,T200,pid7)",,enemy_jungle,ally_jungle,,False,False,False,False,False,False,8463,10117,8.0039,TOP_LANE_CORE,BOT_LANE_CORE,5038.89720077717,True,True
15,EUW1_7831144335,200,7.93375,CHAMPION_KILL,"Viktor(MIDDLE,T200,pid8)","Diana(JUNGLE,T100,pid2)","Khazix(JUNGLE,T200,pid7)",ally_middle,enemy_jungle,ally_jungle,False,False,False,False,False,False,8252,10094,8.0039,TOP_LANE_CORE,BOT_LANE_CORE,5038.89720077717,True,True
15,EUW1_7831144335,200,8.992316666666667,CHAMPION_KILL,"Khazix(JUNGLE,T200,pid7)","Qiyana(MIDDLE,T100,pid3)","Malphite(TOP,T200,pid6); Viktor(MIDDLE,T200,pid8); Taric(UTILITY,T200,pid10)",ally_jungle,enemy_middle,ally_top; ally_middle; ally_support,True,False,False,False,True,False,6170,8502,9.00435,RIVER_TOP,BOT_LANE_CORE,9140.713867089376,True,True
15,EUW1_7831144335,200,9.0628,CHAMPION_KILL,"Malphite(TOP,T200,pid6)","Diana(JUNGLE,T100,pid2)","Khazix(JUNGLE,T200,pid7); Viktor(MIDDLE,T200,pid8); Taric(UTILITY,T200,pid10)",ally_top,enemy_jungle,ally_jungle; ally_middle; ally_support,True,False,False,False,True,False,5477,8629,9.00435,RIVER_TOP,BOT_LANE_CORE,9140.713867089376,True,True
15,EUW1_7831144335,200,9.115116666666667,CHAMPION_KILL,"Khazix(JUNGLE,T200,pid7)","Yuumi(UTILITY,T100,pid5)","Malphite(TOP,T200,pid6); Viktor(MIDDLE,T200,pid8); Taric(UTILITY,T200,pid10)",ally_jungle,enemy_utility,ally_top; ally_middle; ally_support,True,False,False,False,True,False,4803,8509,9.00435,RIVER_TOP,BOT_LANE_CORE,9140.713867089376,True,True
15,EUW1_7831144335,200,10.1814,CHAMPION_KILL,"Lucian(BOTTOM,T200,pid9)","Yuumi(UTILITY,T100,pid5)","Taric(UTILITY,T200,pid10)",ally_adc,enemy_utility,ally_support,True,True,False,False,True,False,12095,2662,10.004383333333331,RED_BOT_JUNGLE,BOT_SIDE_NEAR,2885.3318699934675,True,True
15,EUW1_7831144335,200,11.288133333333333,CHAMPION_KILL,"Malphite(TOP,T200,pid6)","Jax(TOP,T100,pid1)","Taric(UTILITY,T200,pid10)",ally_top,enemy_top,ally_support,True,False,False,False,True,False,910,11480,11.00455,TOP_SIDE_NEAR,BOT_LANE_CORE,9897.00975042462,True,True
15,EUW1_7831144335,200,11.5029,CHAMPION_KILL,"Malphite(TOP,T200,pid6)","Diana(JUNGLE,T100,pid2)","Taric(UTILITY,T200,pid10)",ally_top,enemy_jungle,ally_support,True,False,False,False,True,False,1199,12502,11.00455,TOP_SIDE_NEAR,BOT_LANE_CORE,9897.00975042462,True,True
15,EUW1_7831144335,200,11.618133333333333,CHAMPION_KILL,"Qiyana(MIDDLE,T100,pid3)","Malphite(TOP,T200,pid6)","Diana(JUNGLE,T100,pid2)",enemy_middle,ally_top,enemy_jungle,False,False,False,False,False,False,1719,13034,11.00455,TOP_SIDE_NEAR,BOT_LANE_CORE,9897.00975042462,True,True
16,EUW1_7719808217,100,2.7192666666666665,CHAMPION_KILL,"Xerath(BOTTOM,T200,pid9)","Senna(UTILITY,T100,pid5)","Blitzcrank(UTILITY,T200,pid10)",enemy_bottom,ally_support,enemy_utility,True,False,True,False,False,False,11141,1378,5.0035,TOP_SIDE_NEAR,BOT_LANE_CORE,11777.949736690169,True,True
16,EUW1_7719808217,100,2.9347,CHAMPION_KILL,"Khazix(JUNGLE,T200,pid7)","Veigar(BOTTOM,T100,pid4)","Xerath(BOTTOM,T200,pid9); Blitzcrank(UTILITY,T200,pid10)",enemy_jungle,ally_adc,enemy_bottom; enemy_utility,False,True,False,True,False,False,11037,987,5.0035,TOP_SIDE_NEAR,BOT_LANE_CORE,11777.949736690169,True,True
16,EUW1_7719808217,100,4.035233333333333,CHAMPION_KILL,"Blitzcrank(UTILITY,T200,pid10)","Senna(UTILITY,T100,pid5)","Xerath(BOTTOM,T200,pid9)",enemy_utility,ally_support,enemy_bottom,True,False,True,False,False,False,11227,4374,5.0035,TOP_SIDE_NEAR,BOT_LANE_CORE,11777.949736690169,True,True
16,EUW1_7719808217,100,5.805266666666666,CHAMPION_KILL,"Ambessa(MIDDLE,T100,pid3)","Urgot(TOP,T200,pid6)","Zaahen(TOP,T100,pid1); Senna(UTILITY,T100,pid5)",ally_middle,enemy_top,ally_top; ally_support,True,False,False,False,True,False,4405,14028,6.003983333333333,TOP_SIDE_NEAR,BOT_LANE_CORE,10297.820400453682,True,True
16,EUW1_7719808217,100,5.87875,CHAMPION_KILL,"Kassadin(MIDDLE,T200,pid8)","Zaahen(TOP,T100,pid1)","Urgot(TOP,T200,pid6); Blitzcrank(UTILITY,T200,pid10)",enemy_middle,ally_top,enemy_top; enemy_utility,False,False,False,False,False,False,5202,13144,6.003983333333333,TOP_SIDE_NEAR,BOT_LANE_CORE,10297.820400453682,True,True
16,EUW1_7719808217,100,6.158166666666666,CHAMPION_KILL,"Xerath(BOTTOM,T200,pid9)","Kayn(JUNGLE,T100,pid2)","Khazix(JUNGLE,T200,pid7)",enemy_bottom,ally_jungle,enemy_jungle,False,False,False,False,False,False,9816,5332,6.003983333333333,TOP_SIDE_NEAR,BOT_LANE_CORE,10297.820400453682,True,True
16,EUW1_7719808217,100,6.4885,CHAMPION_KILL,"Khazix(JUNGLE,T200,pid7)","Senna(UTILITY,T100,pid5)",,enemy_jungle,ally_support,,True,False,True,False,False,False,6322,5831,6.003983333333333,TOP_SIDE_NEAR,BOT_LANE_CORE,10297.820400453682,True,True
16,EUW1_7719808217,100,6.72025,CHAMPION_KILL,"Kassadin(MIDDLE,T200,pid8)","Ambessa(MIDDLE,T100,pid3)","Blitzcrank(UTILITY,T200,pid10)",enemy_middle,ally_middle,enemy_utility,False,False,False,False,False,False,6758,6470,7.004433333333333,BLUE_TOP_JUNGLE,BOT_LANE_CORE,11847.044610365912,True,True
16,EUW1_7719808217,100,7.25785,CHAMPION_KILL,"Senna(UTILITY,T100,pid5)","Urgot(TOP,T200,pid6)","Zaahen(TOP,T100,pid1)",ally_support,enemy_top,ally_top,True,False,False,False,False,False,2594,13399,7.004433333333333,BLUE_TOP_JUNGLE,BOT_LANE_CORE,11847.044610365912,True,True
16,EUW1_7719808217,100,7.668333333333333,CHAMPION_KILL,"Khazix(JUNGLE,T200,pid7)","Ambessa(MIDDLE,T100,pid3)","Kassadin(MIDDLE,T200,pid8); Blitzcrank(UTILITY,T200,pid10)",enemy_jungle,ally_middle,enemy_middle; enemy_utility,False,False,False,False,False,False,6321,7334,8.004583333333333,BLUE_BASE,BOT_LANE_CORE,12179.78653343317,False,False
16,EUW1_7719808217,100,7.7702,CHAMPION_KILL,"Xerath(BOTTOM,T200,pid9)","Senna(UTILITY,T100,pid5)",,enemy_bottom,ally_support,,True,False,True,False,False,False,4694,13428,8.004583333333333,BLUE_BASE,BOT_LANE_CORE,12179.78653343317,False,False
16,EUW1_7719808217,100,8.42025,CHAMPION_KILL,"Kayn(JUNGLE,T100,pid2)","Blitzcrank(UTILITY,T200,pid10)","Zaahen(TOP,T100,pid1)",ally_jungle,enemy_utility,ally_top,False,False,False,False,False,False,2366,13296,8.004583333333333,BLUE_BASE,BOT_LANE_CORE,12179.78653343317,False,False
16,EUW1_7719808217,100,10.091433333333333,CHAMPION_KILL,"Senna(UTILITY,T100,pid5)","Urgot(TOP,T200,pid6)","Zaahen(TOP,T100,pid1)",ally_support,enemy_top,ally_top,True,False,False,False,False,False,4174,14013,10.005033333333332,TOP_SIDE_NEAR,BOT_LANE_CORE,12971.369742629344,True,True
16,EUW1_7719808217,100,10.137083333333333,CHAMPION_KILL,"Urgot(TOP,T200,pid6)","Zaahen(TOP,T100,pid1)",,enemy_top,ally_top,,False,False,False,False,False,False,3818,13962,10.005033333333332,TOP_SIDE_NEAR,BOT_LANE_CORE,12971.369742629344,True,True
16,EUW1_7719808217,100,10.16435,CHAMPION_KILL,"Xerath(BOTTOM,T200,pid9)","Veigar(BOTTOM,T100,pid4)",,enemy_bottom,ally_adc,,False,True,False,True,False,False,9907,1372,10.005033333333332,TOP_SIDE_NEAR,BOT_LANE_CORE,12971.369742629344,True,True
16,EUW1_7719808217,100,10.25955,CHAMPION_KILL,"Khazix(JUNGLE,T200,pid7)","Kayn(JUNGLE,T100,pid2)","Xerath(BOTTOM,T200,pid9); Blitzcrank(UTILITY,T200,pid10)",enemy_jungle,ally_jungle,enemy_bottom; enemy_utility,False,False,False,False,False,False,10193,1443,10.005033333333332,TOP_SIDE_NEAR,BOT_LANE_CORE,12971.369742629344,True,True
16,EUW1_7719808217,100,11.308716666666667,CHAMPION_KILL,"Senna(UTILITY,T100,pid5)","Blitzcrank(UTILITY,T200,pid10)","Kayn(JUNGLE,T100,pid2)",ally_support,enemy_utility,ally_jungle,True,False,False,False,False,False,4831,9848,11.005383333333333,TOP_SIDE_NEAR,BOT_LANE_CORE,11592.259529530902,True,True
16,EUW1_7719808217,100,11.48045,CHAMPION_KILL,"Zaahen(TOP,T100,pid1)","Urgot(TOP,T200,pid6)","Kayn(JUNGLE,T100,pid2); Senna(UTILITY,T100,pid5)",ally_top,enemy_top,ally_jungle; ally_support,True,False,False,False,True,False,4086,13908,11.005383333333333,TOP_SIDE_NEAR,BOT_LANE_CORE,11592.259529530902,True,True
17,EUW1_7765827606,200,3.1587,CHAMPION_KILL,"Akali(TOP,T200,pid6)","Aatrox(TOP,T100,pid1)",,ally_top,enemy_top,,False,False,False,False,False,False,1040,11196,5.0027,RIVER_TOP,BOT_LANE_CORE,8803.605284200332,True,True
17,EUW1_7765827606,200,3.215533333333333,CHAMPION_KILL,"DrMundo(JUNGLE,T200,pid7)","Senna(UTILITY,T100,pid5)",,ally_jungle,enemy_utility,,False,False,False,False,False,False,11718,7154,5.0027,RIVER_TOP,BOT_LANE_CORE,8803.605284200332,True,True
17,EUW1_7765827606,200,3.2227833333333336,CHAMPION_KILL,"FiddleSticks(JUNGLE,T100,pid2)","DrMundo(JUNGLE,T200,pid7)","Senna(UTILITY,T100,pid5)",enemy_jungle,ally_jungle,enemy_utility,False,False,False,False,False,False,11636,7535,5.0027,RIVER_TOP,BOT_LANE_CORE,8803.605284200332,True,True
17,EUW1_7765827606,200,3.4972333333333334,CHAMPION_KILL,"Kennen(MIDDLE,T100,pid3)","Akshan(MIDDLE,T200,pid8)","FiddleSticks(JUNGLE,T100,pid2)",enemy_middle,ally_middle,enemy_jungle,False,False,False,False,False,False,8195,8766,5.0027,RIVER_TOP,BOT_LANE_CORE,8803.605284200332,True,True
17,EUW1_7765827606,200,3.5384333333333333,CHAMPION_KILL,"Akshan(MIDDLE,T200,pid8)","Kennen(MIDDLE,T100,pid3)","Ivern(UTILITY,T200,pid10)",ally_middle,enemy_middle,ally_support,True,False,False,False,True,False,7838,8425,5.0027,RIVER_TOP,BOT_LANE_CORE,8803.605284200332,True,True
17,EUW1_7765827606,200,4.290233333333333,CHAMPION_KILL,"FiddleSticks(JUNGLE,T100,pid2)","Ivern(UTILITY,T200,pid10)","Kennen(MIDDLE,T100,pid3)",enemy_jungle,ally_support,enemy_middle,True,False,True,False,False,False,4912,8516,5.0027,RIVER_TOP,BOT_LANE_CORE,8803.605284200332,True,True
17,EUW1_7765827606,200,6.40445,CHAMPION_KILL,"Akshan(MIDDLE,T200,pid8)","FiddleSticks(JUNGLE,T100,pid2)","DrMundo(JUNGLE,T200,pid7)",ally_middle,enemy_jungle,ally_jungle,False,False,False,False,False,False,8858,5668,6.002916666666667,TOP_SIDE_NEAR,BOT_LANE_CORE,11679.990582187984,True,True
17,EUW1_7765827606,200,6.425316666666666,CHAMPION_KILL,"Kennen(MIDDLE,T100,pid3)","Akshan(MIDDLE,T200,pid8)","FiddleSticks(JUNGLE,T100,pid2); Senna(UTILITY,T100,pid5)",enemy_middle,ally_middle,enemy_jungle; enemy_utility,False,False,False,False,False,False,8686,6204,6.002916666666667,TOP_SIDE_NEAR,BOT_LANE_CORE,11679.990582187984,True,True
17,EUW1_7765827606,200,6.4809833333333335,CHAMPION_KILL,"Akali(TOP,T200,pid6)","Aatrox(TOP,T100,pid1)",,ally_top,enemy_top,,False,False,False,False,False,False,1867,13336,6.002916666666667,TOP_SIDE_NEAR,BOT_LANE_CORE,11679.990582187984,True,True
17,EUW1_7765827606,200,6.596283333333333,CHAMPION_KILL,"Jhin(BOTTOM,T100,pid4)","DrMundo(JUNGLE,T200,pid7)","FiddleSticks(JUNGLE,T100,pid2); Kennen(MIDDLE,T100,pid3); Senna(UTILITY,T100,pid5)",enemy_bottom,ally_jungle,enemy_jungle; enemy_middle; enemy_utility,False,False,False,False,False,False,8612,7017,7.0031,RED_BOT_JUNGLE,BOT_LANE_CORE,9996.224287199644,True,True
17,EUW1_7765827606,200,6.667533333333333,CHAMPION_KILL,"Kennen(MIDDLE,T100,pid3)","Ivern(UTILITY,T200,pid10)","Jhin(BOTTOM,T100,pid4); Senna(UTILITY,T100,pid5)",enemy_middle,ally_support,enemy_bottom; enemy_utility,True,False,True,False,False,False,8847,7968,7.0031,RED_BOT_JUNGLE,BOT_LANE_CORE,9996.224287199644,True,True
17,EUW1_7765827606,200,8.0882,CHAMPION_KILL,"Kennen(MIDDLE,T100,pid3)","Ivern(UTILITY,T200,pid10)",,enemy_middle,ally_support,,True,False,True,False,False,False,7276,6963,8.003233333333334,MID_LANE,BOT_LANE_CORE,7452.489584024925,True,True
17,EUW1_7765827606,200,8.505433333333333,CHAMPION_KILL,"Jhin(BOTTOM,T100,pid4)","DrMundo(JUNGLE,T200,pid7)","FiddleSticks(JUNGLE,T100,pid2); Senna(UTILITY,T100,pid5)",enemy_bottom,ally_jungle,enemy_jungle; enemy_utility,False,False,False,False,False,False,8931,6135,9.003666666666666,MID_LANE,BOT_LANE_CORE,7556.244172867894,True,True
17,EUW1_7765827606,200,8.663583333333333,CHAMPION_KILL,"Akali(TOP,T200,pid6)","Aatrox(TOP,T100,pid1)",,ally_top,enemy_top,,False,False,False,False,False,False,1279,10952,9.003666666666666,MID_LANE,BOT_LANE_CORE,7556.244172867894,True,True
17,EUW1_7765827606,200,8.707016666666666,CHAMPION_KILL,"Aatrox(TOP,T100,pid1)","Akali(TOP,T200,pid6)",,enemy_top,ally_top,,False,False,False,False,False,False,1560,11008,9.003666666666666,MID_LANE,BOT_LANE_CORE,7556.244172867894,True,True
17,EUW1_7765827606,200,8.865133333333333,CHAMPION_KILL,"Jhin(BOTTOM,T100,pid4)","Lucian(BOTTOM,T200,pid9)","Senna(UTILITY,T100,pid5)",enemy_bottom,ally_adc,enemy_utility,False,True,False,True,False,False,11651,1505,9.003666666666666,MID_LANE,BOT_LANE_CORE,7556.244172867894,True,True
17,EUW1_7765827606,200,9.1792,CHAMPION_KILL,"Kennen(MIDDLE,T100,pid3)","Ivern(UTILITY,T200,pid10)","FiddleSticks(JUNGLE,T100,pid2)",enemy_middle,ally_support,enemy_jungle,True,False,True,False,False,False,6558,7968,9.003666666666666,MID_LANE,BOT_LANE_CORE,7556.244172867894,True,True
17,EUW1_7765827606,200,9.5905,CHAMPION_KILL,"Kennen(MIDDLE,T100,pid3)","Akshan(MIDDLE,T200,pid8)","Senna(UTILITY,T100,pid5)",enemy_middle,ally_middle,enemy_utility,False,False,False,False,False,False,8230,7747,10.004116666666668,MID_LANE,BOT_LANE_CORE,5992.116988177049,True,True
17,EUW1_7765827606,200,10.88445,CHAMPION_KILL,"Jhin(BOTTOM,T100,pid4)","Lucian(BOTTOM,T200,pid9)",,enemy_bottom,ally_adc,,False,True,False,True,False,False,11728,1677,11.004366666666666,MID_LANE,BOT_LANE_CORE,8204.440078396576,True,False
17,EUW1_7765827606,200,11.11095,CHAMPION_KILL,"Akshan(MIDDLE,T200,pid8)","Senna(UTILITY,T100,pid5)","DrMundo(JUNGLE,T200,pid7); Ivern(UTILITY,T200,pid10)",ally_middle,enemy_utility,ally_jungle; ally_support,True,False,False,False,True,False,5838,6232,11.004366666666666,MID_LANE,BOT_LANE_CORE,8204.440078396576,True,False
17,EUW1_7765827606,200,11.157433333333334,CHAMPION_KILL,"Kennen(MIDDLE,T100,pid3)","Akshan(MIDDLE,T200,pid8)","FiddleSticks(JUNGLE,T100,pid2); Senna(UTILITY,T100,pid5)",enemy_middle,ally_middle,enemy_jungle; enemy_utility,False,False,False,False,False,False,6708,6307,11.004366666666666,MID_LANE,BOT_LANE_CORE,8204.440078396576,True,False
17,EUW1_7765827606,200,11.1758,CHAMPION_KILL,"FiddleSticks(JUNGLE,T100,pid2)","Ivern(UTILITY,T200,pid10)","Kennen(MIDDLE,T100,pid3); Senna(UTILITY,T100,pid5)",enemy_jungle,ally_support,enemy_middle; enemy_utility,True,False,True,False,False,False,7631,6853,11.004366666666666,MID_LANE,BOT_LANE_CORE,8204.440078396576,True,False
17,EUW1_7765827606,200,11.211433333333334,CHAMPION_KILL,"Akali(TOP,T200,pid6)","Aatrox(TOP,T100,pid1)",,ally_top,enemy_top,,False,False,False,False,False,False,779,10350,11.004366666666666,MID_LANE,BOT_LANE_CORE,8204.440078396576,True,False
17,EUW1_7765827606,200,11.218116666666667,CHAMPION_KILL,"Aatrox(TOP,T100,pid1)","Akali(TOP,T200,pid6)",,enemy_top,ally_top,,False,False,False,False,False,False,2311,9920,11.004366666666666,MID_LANE,BOT_LANE_CORE,8204.440078396576,True,False
18,EUW1_7804333236,200,2.914,CHAMPION_KILL,"Karthus(JUNGLE,T100,pid2)","Braum(UTILITY,T200,pid10)","Aphelios(BOTTOM,T100,pid4); Nautilus(UTILITY,T100,pid5)",enemy_jungle,ally_support,enemy_bottom; enemy_utility,True,False,True,False,False,False,11617,2048,5.003266666666667,BOT_LANE_CORE,RED_BASE,11962.703707774426,False,False
18,EUW1_7804333236,200,2.9151166666666666,CHAMPION_KILL,"Aphelios(BOTTOM,T100,pid4)","Varus(BOTTOM,T200,pid9)","Karthus(JUNGLE,T100,pid2); Nautilus(UTILITY,T100,pid5)",enemy_bottom,ally_adc,enemy_jungle; enemy_utility,False,True,False,True,False,False,11685,1101,5.003266666666667,BOT_LANE_CORE,RED_BASE,11962.703707774426,False,False
18,EUW1_7804333236,200,3.043416666666667,CHAMPION_KILL,"Qiyana(JUNGLE,T200,pid7)","Karthus(JUNGLE,T100,pid2)","Braum(UTILITY,T200,pid10)",ally_jungle,enemy_jungle,ally_support,True,False,False,False,True,False,11841,2449,5.003266666666667,BOT_LANE_CORE,RED_BASE,11962.703707774426,False,False
18,EUW1_7804333236,200,3.4878833333333334,CHAMPION_KILL,"Pantheon(TOP,T100,pid1)","Kennen(TOP,T200,pid6)",,enemy_top,ally_top,,False,False,False,False,False,False,4817,12516,5.003266666666667,BOT_LANE_CORE,RED_BASE,11962.703707774426,False,False
18,EUW1_7804333236,200,4.800216666666667,CHAMPION_KILL,"Aphelios(BOTTOM,T100,pid4)","Varus(BOTTOM,T200,pid9)",,enemy_bottom,ally_adc,,False,True,False,True,False,False,11970,1631,5.003266666666667,BOT_LANE_CORE,RED_BASE,11962.703707774426,False,False
18,EUW1_7804333236,200,4.893916666666667,CHAMPION_KILL,"Aphelios(BOTTOM,T100,pid4)","Braum(UTILITY,T200,pid10)","Nautilus(UTILITY,T100,pid5)",enemy_bottom,ally_support,enemy_utility,True,False,True,False,False,False,12822,2525,5.003266666666667,BOT_LANE_CORE,RED_BASE,11962.703707774426,False,False
18,EUW1_7804333236,200,6.01095,CHAMPION_KILL,"Pantheon(TOP,T100,pid1)","Kennen(TOP,T200,pid6)",,enemy_top,ally_top,,False,False,False,False,False,False,4229,14011,6.003716666666667,RED_BOT_JUNGLE,BOT_SIDE_NEAR,6142.522690230781,True,True
18,EUW1_7804333236,200,9.783,CHAMPION_KILL,"Karthus(JUNGLE,T100,pid2)","Ahri(MIDDLE,T200,pid8)","Ekko(MIDDLE,T100,pid3); Nautilus(UTILITY,T100,pid5)",enemy_jungle,ally_middle,enemy_middle; enemy_utility,False,False,False,False,False,False,7033,9432,10.00535,TOP_LANE_CORE,BOT_LANE_CORE,11483.902646748622,True,True
18,EUW1_7804333236,200,10.3196,CHAMPION_KILL,"Pantheon(TOP,T100,pid1)","Kennen(TOP,T200,pid6)",,enemy_top,ally_top,,False,False,False,False,False,False,3269,13122,10.00535,TOP_LANE_CORE,BOT_LANE_CORE,11483.902646748622,True,True
18,EUW1_7804333236,200,10.371933333333333,CHAMPION_KILL,"Braum(UTILITY,T200,pid10)","Pantheon(TOP,T100,pid1)","Kennen(TOP,T200,pid6)",ally_support,enemy_top,ally_top,True,False,False,False,False,False,3314,13220,10.00535,TOP_LANE_CORE,BOT_LANE_CORE,11483.902646748622,True,True
18,EUW1_7804333236,200,11.044466666666667,CHAMPION_KILL,"Aphelios(BOTTOM,T100,pid4)","Varus(BOTTOM,T200,pid9)","Nautilus(UTILITY,T100,pid5)",enemy_bottom,ally_adc,enemy_utility,False,True,False,True,False,False,12300,4428,11.005483333333334,RED_BASE,BOT_SIDE_NEAR,9418.971175239894,False,False
18,EUW1_7804333236,200,11.548016666666667,CHAMPION_KILL,"Qiyana(JUNGLE,T200,pid7)","Ekko(MIDDLE,T100,pid3)","Ahri(MIDDLE,T200,pid8)",ally_jungle,enemy_middle,ally_middle,False,False,False,False,False,False,5670,6252,11.005483333333334,RED_BASE,BOT_SIDE_NEAR,9418.971175239894,False,False
18,EUW1_7804333236,200,11.852866666666667,CHAMPION_KILL,"Pantheon(TOP,T100,pid1)","Qiyana(JUNGLE,T200,pid7)","Karthus(JUNGLE,T100,pid2)",enemy_top,ally_jungle,enemy_jungle,False,False,False,False,False,False,4056,7337,11.005483333333334,RED_BASE,BOT_SIDE_NEAR,9418.971175239894,False,False
19,EUW1_7803978812,100,2.1855,CHAMPION_KILL,"Nunu(JUNGLE,T200,pid7)","Corki(BOTTOM,T100,pid4)","Zed(BOTTOM,T200,pid9); Sona(UTILITY,T200,pid10)",enemy_jungle,ally_adc,enemy_bottom; enemy_utility,False,True,False,True,False,False,12788,3200,5.001016666666667,BLUE_BASE,BOT_LANE_CORE,11417.242399108463,False,False
19,EUW1_7803978812,100,2.259533333333333,CHAMPION_KILL,"Zed(BOTTOM,T200,pid9)","Yuumi(UTILITY,T100,pid5)","Nunu(JUNGLE,T200,pid7); Sona(UTILITY,T200,pid10)",enemy_bottom,ally_support,enemy_jungle; enemy_utility,True,False,True,False,False,False,12637,3099,5.001016666666667,BLUE_BASE,BOT_LANE_CORE,11417.242399108463,False,False
19,EUW1_7803978812,100,4.01165,CHAMPION_KILL,"Sona(UTILITY,T200,pid10)","Irelia(TOP,T100,pid1)","Vayne(TOP,T200,pid6); Nunu(JUNGLE,T200,pid7)",enemy_utility,ally_top,enemy_top; enemy_jungle,False,False,False,False,False,False,1226,10468,5.001016666666667,BLUE_BASE,BOT_LANE_CORE,11417.242399108463,False,False
19,EUW1_7803978812,100,4.02725,CHAMPION_KILL,"Irelia(TOP,T100,pid1)","Nunu(JUNGLE,T200,pid7)",,ally_top,enemy_jungle,,False,False,False,False,False,False,1185,11083,5.001016666666667,BLUE_BASE,BOT_LANE_CORE,11417.242399108463,False,False
19,EUW1_7803978812,100,5.7115,CHAMPION_KILL,"Gwen(JUNGLE,T100,pid2)","Sona(UTILITY,T200,pid10)","Corki(BOTTOM,T100,pid4)",ally_jungle,enemy_utility,ally_adc,False,True,False,False,False,True,9457,1747,6.001516666666666,BLUE_BOT_JUNGLE,BLUE_BASE,7788.789700588917,True,False
19,EUW1_7803978812,100,5.7153833333333335,CHAMPION_KILL,"Zed(BOTTOM,T200,pid9)","Corki(BOTTOM,T100,pid4)","Sona(UTILITY,T200,pid10)",enemy_bottom,ally_adc,enemy_utility,False,True,False,True,False,False,9453,2458,6.001516666666666,BLUE_BOT_JUNGLE,BLUE_BASE,7788.789700588917,True,False
19,EUW1_7803978812,100,5.831733333333333,CHAMPION_KILL,"Akali(MIDDLE,T100,pid3)","Zed(BOTTOM,T200,pid9)","Gwen(JUNGLE,T100,pid2); Corki(BOTTOM,T100,pid4); Yuumi(UTILITY,T100,pid5)",ally_middle,enemy_bottom,ally_jungle; ally_adc; ally_support,True,True,False,False,True,True,9355,2386,6.001516666666666,BLUE_BOT_JUNGLE,BLUE_BASE,7788.789700588917,True,False
19,EUW1_7803978812,100,6.3791166666666665,CHAMPION_KILL,"Akali(MIDDLE,T100,pid3)","Nunu(JUNGLE,T200,pid7)","Gwen(JUNGLE,T100,pid2)",ally_middle,enemy_jungle,ally_jungle,False,False,False,False,False,False,9314,7993,6.001516666666666,BLUE_BOT_JUNGLE,BLUE_BASE,7788.789700588917,True,False
19,EUW1_7803978812,100,7.800316666666666,CHAMPION_KILL,"Zed(BOTTOM,T200,pid9)","Corki(BOTTOM,T100,pid4)","Sona(UTILITY,T200,pid10)",enemy_bottom,ally_adc,enemy_utility,False,True,False,True,False,False,10262,1654,8.00295,MID_LANE,BOT_LANE_CORE,6277.872888168413,True,True
19,EUW1_7803978812,100,7.951733333333333,CHAMPION_KILL,"Vayne(TOP,T200,pid6)","Irelia(TOP,T100,pid1)",,enemy_top,ally_top,,False,False,False,False,False,False,1211,12079,8.00295,MID_LANE,BOT_LANE_CORE,6277.872888168413,True,True
19,EUW1_7803978812,100,8.0486,CHAMPION_KILL,"Vayne(TOP,T200,pid6)","Gwen(JUNGLE,T100,pid2)","Nunu(JUNGLE,T200,pid7)",enemy_top,ally_jungle,enemy_jungle,False,False,False,False,False,False,890,10968,8.00295,MID_LANE,BOT_LANE_CORE,6277.872888168413,True,True
19,EUW1_7803978812,100,9.800283333333333,CHAMPION_KILL,"Zed(BOTTOM,T200,pid9)","Corki(BOTTOM,T100,pid4)","Sona(UTILITY,T200,pid10)",enemy_bottom,ally_adc,enemy_utility,False,True,False,True,False,False,10923,1007,10.00355,BOT_SIDE_NEAR,BOT_LANE_CORE,2825.7264552677425,False,False
19,EUW1_7803978812,100,10.094283333333333,CHAMPION_KILL,"Akali(MIDDLE,T100,pid3)","Sona(UTILITY,T200,pid10)","Gwen(JUNGLE,T100,pid2); Yuumi(UTILITY,T100,pid5)",ally_middle,enemy_utility,ally_jungle; ally_support,True,False,False,False,True,False,13563,3862,10.00355,BOT_SIDE_NEAR,BOT_LANE_CORE,2825.7264552677425,False,False
19,EUW1_7803978812,100,10.1249,CHAMPION_KILL,"Zed(BOTTOM,T200,pid9)","Akali(MIDDLE,T100,pid3)","Orianna(MIDDLE,T200,pid8); Sona(UTILITY,T200,pid10)",enemy_bottom,ally_middle,enemy_middle; enemy_utility,False,False,False,False,False,False,13525,3553,10.00355,BOT_SIDE_NEAR,BOT_LANE_CORE,2825.7264552677425,False,False
19,EUW1_7803978812,100,10.152183333333333,CHAMPION_KILL,"Gwen(JUNGLE,T100,pid2)","Zed(BOTTOM,T200,pid9)","Akali(MIDDLE,T100,pid3); Yuumi(UTILITY,T100,pid5)",ally_jungle,enemy_bottom,ally_middle; ally_support,True,False,False,False,True,False,13531,4028,10.00355,BOT_SIDE_NEAR,BOT_LANE_CORE,2825.7264552677425,False,False
19,EUW1_7803978812,100,10.15885,CHAMPION_KILL,"Orianna(MIDDLE,T200,pid8)","Gwen(JUNGLE,T100,pid2)","Zed(BOTTOM,T200,pid9); Sona(UTILITY,T200,pid10)",enemy_middle,ally_jungle,enemy_bottom; enemy_utility,False,False,False,False,False,False,13465,4067,10.00355,BOT_SIDE_NEAR,BOT_LANE_CORE,2825.7264552677425,False,False
19,EUW1_7803978812,100,10.21635,CHAMPION_KILL,"Orianna(MIDDLE,T200,pid8)","Yuumi(UTILITY,T100,pid5)","Nunu(JUNGLE,T200,pid7); Zed(BOTTOM,T200,pid9); Sona(UTILITY,T200,pid10)",enemy_middle,ally_support,enemy_jungle; enemy_bottom; enemy_utility,True,False,True,False,False,False,13382,3472,10.00355,BOT_SIDE_NEAR,BOT_LANE_CORE,2825.7264552677425,False,False
19,EUW1_7803978812,100,11.052733333333334,CHAMPION_KILL,"Vayne(TOP,T200,pid6)","Irelia(TOP,T100,pid1)","Sona(UTILITY,T200,pid10)",enemy_top,ally_top,enemy_utility,False,False,False,False,False,False,1288,11990,11.003733333333331,MID_LANE,BOT_LANE_CORE,7173.855657873247,True,True
19,EUW1_7803978812,100,11.240383333333334,CHAMPION_KILL,"Orianna(MIDDLE,T200,pid8)","Corki(BOTTOM,T100,pid4)",,enemy_middle,ally_adc,,False,True,False,True,False,False,13761,4344,11.003733333333331,MID_LANE,BOT_LANE_CORE,7173.855657873247,True,True
19,EUW1_7803978812,100,11.877883333333333,CHAMPION_KILL,"Irelia(TOP,T100,pid1)","Orianna(MIDDLE,T200,pid8)",,ally_top,enemy_middle,,False,False,False,False,False,False,11856,2520,11.003733333333331,MID_LANE,BOT_LANE_CORE,7173.855657873247,True,True
19,EUW1_7803978812,100,11.998733333333334,CHAMPION_KILL,"Nunu(JUNGLE,T200,pid7)","Corki(BOTTOM,T100,pid4)",,enemy_jungle,ally_adc,,False,True,False,True,False,False,10837,1585,11.003733333333331,MID_LANE,BOT_LANE_CORE,7173.855657873247,True,True
20,EUW1_7831462570,200,2.1568666666666667,CHAMPION_KILL,"Jinx(BOTTOM,T100,pid4)","Ashe(BOTTOM,T200,pid9)","Sylas(JUNGLE,T100,pid2); Thresh(UTILITY,T100,pid5)",enemy_bottom,ally_adc,enemy_jungle; enemy_utility,False,True,False,True,False,False,11750,1967,5.0024,MID_LANE,BOT_LANE_CORE,7075.408186104884,True,True
20,EUW1_7831462570,200,2.2437,CHAMPION_KILL,"Sylas(JUNGLE,T100,pid2)","Zyra(UTILITY,T200,pid10)","Jinx(BOTTOM,T100,pid4); Thresh(UTILITY,T100,pid5)",enemy_jungle,ally_support,enemy_bottom; enemy_utility,True,False,True,False,False,False,12150,1477,5.0024,MID_LANE,BOT_LANE_CORE,7075.408186104884,True,True
20,EUW1_7831462570,200,2.2977,CHAMPION_KILL,"Vex(MIDDLE,T100,pid3)","Lissandra(MIDDLE,T200,pid8)",,enemy_middle,ally_middle,,False,False,False,False,False,False,8769,8576,5.0024,MID_LANE,BOT_LANE_CORE,7075.408186104884,True,True
20,EUW1_7831462570,200,2.3973333333333335,CHAMPION_KILL,"Sejuani(JUNGLE,T200,pid7)","Darius(TOP,T100,pid1)","DrMundo(TOP,T200,pid6)",ally_jungle,enemy_top,ally_top,False,False,False,False,False,False,2376,13679,5.0024,MID_LANE,BOT_LANE_CORE,7075.408186104884,True,True
20,EUW1_7831462570,200,4.27065,CHAMPION_KILL,"Zyra(UTILITY,T200,pid10)","Thresh(UTILITY,T100,pid5)","Ashe(BOTTOM,T200,pid9)",ally_support,enemy_utility,ally_adc,True,True,False,False,False,True,12691,3091,5.0024,MID_LANE,BOT_LANE_CORE,7075.408186104884,True,True
20,EUW1_7831462570,200,4.3002,CHAMPION_KILL,"Jinx(BOTTOM,T100,pid4)","Ashe(BOTTOM,T200,pid9)","Thresh(UTILITY,T100,pid5)",enemy_bottom,ally_adc,enemy_utility,False,True,False,True,False,False,13935,3823,5.0024,MID_LANE,BOT_LANE_CORE,7075.408186104884,True,True
20,EUW1_7831462570,200,5.0781,CHAMPION_KILL,"Sylas(JUNGLE,T100,pid2)","Sejuani(JUNGLE,T200,pid7)","Vex(MIDDLE,T100,pid3)",enemy_jungle,ally_jungle,enemy_middle,False,False,False,False,False,False,6054,8926,5.0024,MID_LANE,BOT_LANE_CORE,7075.408186104884,True,True
20,EUW1_7831462570,200,5.2384,CHAMPION_KILL,"DrMundo(TOP,T200,pid6)","Sylas(JUNGLE,T100,pid2)","Zyra(UTILITY,T200,pid10)",ally_top,enemy_jungle,ally_support,True,False,False,False,True,False,6106,10888,5.0024,MID_LANE,BOT_LANE_CORE,7075.408186104884,True,True
20,EUW1_7831462570,200,5.390366666666667,CHAMPION_KILL,"Jinx(BOTTOM,T100,pid4)","Ashe(BOTTOM,T200,pid9)","Thresh(UTILITY,T100,pid5)",enemy_bottom,ally_adc,enemy_utility,False,True,False,True,False,False,13004,4131,5.0024,MID_LANE,BOT_LANE_CORE,7075.408186104884,True,True
20,EUW1_7831462570,200,6.161333333333333,CHAMPION_KILL,"Jinx(BOTTOM,T100,pid4)","Ashe(BOTTOM,T200,pid9)","Thresh(UTILITY,T100,pid5)",enemy_bottom,ally_adc,enemy_utility,False,True,False,True,False,False,13785,3252,6.002683333333334,RED_BASE,BOT_LANE_CORE,10286.368649820011,False,False
20,EUW1_7831462570,200,6.51655,CHAMPION_KILL,"Lissandra(MIDDLE,T200,pid8)","Sylas(JUNGLE,T100,pid2)","Sejuani(JUNGLE,T200,pid7)",ally_middle,enemy_jungle,ally_jungle,False,False,False,False,False,False,8592,5474,7.0029,BOT_SIDE_NEAR,BOT_LANE_CORE,3740.667453810883,False,False
20,EUW1_7831462570,200,6.580566666666667,CHAMPION_KILL,"Vex(MIDDLE,T100,pid3)","Sejuani(JUNGLE,T200,pid7)","Sylas(JUNGLE,T100,pid2); Thresh(UTILITY,T100,pid5)",enemy_middle,ally_jungle,enemy_jungle; enemy_utility,False,False,False,False,False,False,8728,5460,7.0029,BOT_SIDE_NEAR,BOT_LANE_CORE,3740.667453810883,False,False
20,EUW1_7831462570,200,6.68355,CHAMPION_KILL,"Vex(MIDDLE,T100,pid3)","Lissandra(MIDDLE,T200,pid8)","Sylas(JUNGLE,T100,pid2); Thresh(UTILITY,T100,pid5)",enemy_middle,ally_middle,enemy_jungle; enemy_utility,False,False,False,False,False,False,8926,5883,7.0029,BOT_SIDE_NEAR,BOT_LANE_CORE,3740.667453810883,False,False
20,EUW1_7831462570,200,6.716383333333333,CHAMPION_KILL,"DrMundo(TOP,T200,pid6)","Darius(TOP,T100,pid1)",,ally_top,enemy_top,,False,False,False,False,False,False,2559,12277,7.0029,BOT_SIDE_NEAR,BOT_LANE_CORE,3740.667453810883,False,False
20,EUW1_7831462570,200,6.852216666666667,CHAMPION_KILL,"Vex(MIDDLE,T100,pid3)","Zyra(UTILITY,T200,pid10)","Thresh(UTILITY,T100,pid5)",enemy_middle,ally_support,enemy_utility,True,False,True,False,False,False,10998,6078,7.0029,BOT_SIDE_NEAR,BOT_LANE_CORE,3740.667453810883,False,False
20,EUW1_7831462570,200,7.3608666666666664,CHAMPION_KILL,"Jinx(BOTTOM,T100,pid4)","Ashe(BOTTOM,T200,pid9)","Thresh(UTILITY,T100,pid5)",enemy_bottom,ally_adc,enemy_utility,False,True,False,True,False,False,10838,1523,7.0029,BOT_SIDE_NEAR,BOT_LANE_CORE,3740.667453810883,False,False
20,EUW1_7831462570,200,7.721566666666667,CHAMPION_KILL,"Jinx(BOTTOM,T100,pid4)","Zyra(UTILITY,T200,pid10)","Thresh(UTILITY,T100,pid5)",enemy_bottom,ally_support,enemy_utility,True,False,True,False,False,False,13992,4957,8.003283333333334,RED_BASE,BOT_LANE_CORE,9388.85829054843,False,False
20,EUW1_7831462570,200,8.20145,CHAMPION_KILL,"Jinx(BOTTOM,T100,pid4)","Ashe(BOTTOM,T200,pid9)","Thresh(UTILITY,T100,pid5)",enemy_bottom,ally_adc,enemy_utility,False,True,False,True,False,False,12862,4345,8.003283333333334,RED_BASE,BOT_LANE_CORE,9388.85829054843,False,False
20,EUW1_7831462570,200,8.29885,CHAMPION_KILL,"Darius(TOP,T100,pid1)","Sejuani(JUNGLE,T200,pid7)",,enemy_top,ally_jungle,,False,False,False,False,False,False,3729,11048,8.003283333333334,RED_BASE,BOT_LANE_CORE,9388.85829054843,False,False
20,EUW1_7831462570,200,8.31945,CHAMPION_KILL,"Lissandra(MIDDLE,T200,pid8)","Darius(TOP,T100,pid1)","DrMundo(TOP,T200,pid6); Sejuani(JUNGLE,T200,pid7)",ally_middle,enemy_top,ally_top; ally_jungle,False,False,False,False,False,False,3731,10873,8.003283333333334,RED_BASE,BOT_LANE_CORE,9388.85829054843,False,False
20,EUW1_7831462570,200,8.37905,CHAMPION_KILL,"Sylas(JUNGLE,T100,pid2)","DrMundo(TOP,T200,pid6)","Vex(MIDDLE,T100,pid3)",enemy_jungle,ally_top,enemy_middle,False,False,False,False,False,False,3507,11551,8.003283333333334,RED_BASE,BOT_LANE_CORE,9388.85829054843,False,False
20,EUW1_7831462570,200,8.423583333333333,CHAMPION_KILL,"Zyra(UTILITY,T200,pid10)","Sylas(JUNGLE,T100,pid2)","DrMundo(TOP,T200,pid6); Lissandra(MIDDLE,T200,pid8)",ally_support,enemy_jungle,ally_top; ally_middle,True,False,False,False,False,False,3243,11002,8.003283333333334,RED_BASE,BOT_LANE_CORE,9388.85829054843,False,False
20,EUW1_7831462570,200,8.445283333333334,CHAMPION_KILL,"Vex(MIDDLE,T100,pid3)","Lissandra(MIDDLE,T200,pid8)","Sylas(JUNGLE,T100,pid2)",enemy_middle,ally_middle,enemy_jungle,False,False,False,False,False,False,5121,11609,8.003283333333334,RED_BASE,BOT_LANE_CORE,9388.85829054843,False,False
20,EUW1_7831462570,200,9.424216666666666,CHAMPION_KILL,"Jinx(BOTTOM,T100,pid4)","Ashe(BOTTOM,T200,pid9)","Thresh(UTILITY,T100,pid5)",enemy_bottom,ally_adc,enemy_utility,False,True,False,True,False,False,13814,4774,9.003316666666667,RIVER_TOP,BOT_LANE_CORE,7742.33982720986,True,True
20,EUW1_7831462570,200,9.488233333333334,CHAMPION_KILL,"Sejuani(JUNGLE,T200,pid7)","Darius(TOP,T100,pid1)","DrMundo(TOP,T200,pid6); Zyra(UTILITY,T200,pid10)",ally_jungle,enemy_top,ally_top; ally_support,True,False,False,False,True,False,1977,12123,9.003316666666667,RIVER_TOP,BOT_LANE_CORE,7742.33982720986,True,True
20,EUW1_7831462570,200,9.844533333333333,CHAMPION_KILL,"Sylas(JUNGLE,T100,pid2)","Lissandra(MIDDLE,T200,pid8)","Vex(MIDDLE,T100,pid3)",enemy_jungle,ally_middle,enemy_middle,False,False,False,False,False,False,5412,8551,10.00375,BLUE_TOP_JUNGLE,MID_LANE,3959.336434303101,True,True
20,EUW1_7831462570,200,9.857333333333333,CHAMPION_KILL,"Sejuani(JUNGLE,T200,pid7)","Vex(MIDDLE,T100,pid3)","Lissandra(MIDDLE,T200,pid8); Zyra(UTILITY,T200,pid10)",ally_jungle,enemy_middle,ally_middle; ally_support,True,False,False,False,True,False,5638,8282,10.00375,BLUE_TOP_JUNGLE,MID_LANE,3959.336434303101,True,True
20,EUW1_7831462570,200,10.159033333333333,CHAMPION_KILL,"DrMundo(TOP,T200,pid6)","Sylas(JUNGLE,T100,pid2)","Sejuani(JUNGLE,T200,pid7); Ashe(BOTTOM,T200,pid9); Zyra(UTILITY,T200,pid10)",ally_top,enemy_jungle,ally_jungle; ally_adc; ally_support,True,True,False,False,True,True,4644,8362,10.00375,BLUE_TOP_JUNGLE,MID_LANE,3959.336434303101,True,True
20,EUW1_7831462570,200,11.031216666666667,CHAMPION_KILL,"DrMundo(TOP,T200,pid6)","Darius(TOP,T100,pid1)","Ashe(BOTTOM,T200,pid9)",ally_top,enemy_top,ally_adc,False,True,False,False,False,True,3093,12314,11.003933333333332,RED_TOP_JUNGLE,TOP_LANE_CORE,6515.131694754911,True,True
20,EUW1_7831462570,200,11.126533333333333,CHAMPION_KILL,"Sejuani(JUNGLE,T200,pid7)","Thresh(UTILITY,T100,pid5)","Zyra(UTILITY,T200,pid10)",ally_jungle,enemy_utility,ally_support,True,False,False,False,True,False,8572,8068,11.003933333333332,RED_TOP_JUNGLE,TOP_LANE_CORE,6515.131694754911,True,True
20,EUW1_7831462570,200,11.281283333333333,CHAMPION_KILL,"Sejuani(JUNGLE,T200,pid7)","Jinx(BOTTOM,T100,pid4)","Zyra(UTILITY,T200,pid10)",ally_jungle,enemy_bottom,ally_support,True,False,False,False,True,False,6848,6286,11.003933333333332,RED_TOP_JUNGLE,TOP_LANE_CORE,6515.131694754911,True,True
20,EUW1_7831462570,200,11.3542,CHAMPION_KILL,"Sylas(JUNGLE,T100,pid2)","Ashe(BOTTOM,T200,pid9)",,enemy_jungle,ally_adc,,False,True,False,True,False,False,964,11479,11.003933333333332,RED_TOP_JUNGLE,TOP_LANE_CORE,6515.131694754911,True,True
20,EUW1_7831462570,200,11.728883333333334,CHAMPION_KILL,"DrMundo(TOP,T200,pid6)","Sylas(JUNGLE,T100,pid2)",,ally_top,enemy_jungle,,False,False,False,False,False,False,1578,11066,11.003933333333332,RED_TOP_JUNGLE,TOP_LANE_CORE,6515.131694754911,True,True
