matchId,teamId,win,meta_gameDurationMin,meta_gameVersion,meta_queueId,X_TOP_AllyChampId,X_TOP_EnemyChampId,X_TOP_SummonerA,X_TOP_SummonerB,X_TOP_SS_CLEANSE,X_TOP_SS_EXHAUST,X_TOP_SS_FLASH,X_TOP_SS_GHOST,X_TOP_SS_HEAL,X_TOP_SS_SMITE,X_TOP_SS_TELEPORT,X_TOP_SS_CLARITY,X_TOP_SS_IGNITE,X_TOP_SS_BARRIER,X_TOP_SS_SNOWBALL,X_TOP_Keystone,Post_TOP_GoldDiff_5,Post_TOP_XpDiff_5,Post_TOP_CsDiff_5,Post_TOP_GoldDiff_10,Post_TOP_XpDiff_10,Post_TOP_CsDiff_10,Post_TOP_GoldDiff_15,Post_TOP_XpDiff_15,Post_TOP_CsDiff_15,Post_TOP_GoldDiff_20,Post_TOP_XpDiff_20,Post_TOP_CsDiff_20,Post_TOP_EarlyTakedowns_15,Post_TOP_LaneCsBefore10,Post_TOP_DmgTotalPM,Post_TOP_DmgTurretPM,Post_TOP_DmgObjPM,Post_TOP_VisionScorePM,Post_TOP_KillParticipation,X_JUNGLE_AllyChampId,X_JUNGLE_EnemyChampId,X_JUNGLE_SummonerA,X_JUNGLE_SummonerB,X_JUNGLE_SS_CLEANSE,X_JUNGLE_SS_EXHAUST,X_JUNGLE_SS_FLASH,X_JUNGLE_SS_GHOST,X_JUNGLE_SS_HEAL,X_JUNGLE_SS_SMITE,X_JUNGLE_SS_TELEPORT,X_JUNGLE_SS_CLARITY,X_JUNGLE_SS_IGNITE,X_JUNGLE_SS_BARRIER,X_JUNGLE_SS_SNOWBALL,X_JUNGLE_Keystone,Post_JUNGLE_GoldDiff_5,Post_JUNGLE_XpDiff_5,Post_JUNGLE_CsDiff_5,Post_JUNGLE_GoldDiff_10,Post_JUNGLE_XpDiff_10,Post_JUNGLE_CsDiff_10,Post_JUNGLE_GoldDiff_15,Post_JUNGLE_XpDiff_15,Post_JUNGLE_CsDiff_15,Post_JUNGLE_GoldDiff_20,Post_JUNGLE_XpDiff_20,Post_JUNGLE_CsDiff_20,Post_JUNGLE_EarlyTakedowns_15,Post_JUNGLE_JgCsBefore10,Post_JUNGLE_EnemyJgInvades,Post_JUNGLE_DmgTotalPM,Post_JUNGLE_DmgTurretPM,Post_JUNGLE_DmgObjPM,Post_JUNGLE_VisionScorePM,Post_JUNGLE_KillParticipation,X_MIDDLE_AllyChampId,X_MIDDLE_EnemyChampId,X_MIDDLE_SummonerA,X_MIDDLE_SummonerB,X_MIDDLE_SS_CLEANSE,X_MIDDLE_SS_EXHAUST,X_MIDDLE_SS_FLASH,X_MIDDLE_SS_GHOST,X_MIDDLE_SS_HEAL,X_MIDDLE_SS_SMITE,X_MIDDLE_SS_TELEPORT,X_MIDDLE_SS_CLARITY,X_MIDDLE_SS_IGNITE,X_MIDDLE_SS_BARRIER,X_MIDDLE_SS_SNOWBALL,X_MIDDLE_Keystone,Post_MIDDLE_GoldDiff_5,Post_MIDDLE_XpDiff_5,Post_MIDDLE_CsDiff_5,Post_MIDDLE_GoldDiff_10,Post_MIDDLE_XpDiff_10,Post_MIDDLE_CsDiff_10,Post_MIDDLE_GoldDiff_15,Post_MIDDLE_XpDiff_15,Post_MIDDLE_CsDiff_15,Post_MIDDLE_GoldDiff_20,Post_MIDDLE_XpDiff_20,Post_MIDDLE_CsDiff_20,Post_MIDDLE_EarlyTakedowns_15,Post_MIDDLE_LaneCsBefore10,Post_MIDDLE_DmgTotalPM,Post_MIDDLE_DmgTurretPM,Post_MIDDLE_DmgObjPM,Post_MIDDLE_VisionScorePM,Post_MIDDLE_KillParticipation,X_BOTTOM_AllyChampId,X_BOTTOM_EnemyChampId,X_BOTTOM_SummonerA,X_BOTTOM_SummonerB,X_BOTTOM_SS_CLEANSE,X_BOTTOM_SS_EXHAUST,X_BOTTOM_SS_FLASH,X_BOTTOM_SS_GHOST,X_BOTTOM_SS_HEAL,X_BOTTOM_SS_SMITE,X_BOTTOM_SS_TELEPORT,X_BOTTOM_SS_CLARITY,X_BOTTOM_SS_IGNITE,X_BOTTOM_SS_BARRIER,X_BOTTOM_SS_SNOWBALL,X_BOTTOM_Keystone,Post_BOTTOM_GoldDiff_5,Post_BOTTOM_XpDiff_5,Post_BOTTOM_CsDiff_5,Post_BOTTOM_GoldDiff_10,Post_BOTTOM_XpDiff_10,Post_BOTTOM_CsDiff_10,Post_BOTTOM_GoldDiff_15,Post_BOTTOM_XpDiff_15,Post_BOTTOM_CsDiff_15,Post_BOTTOM_GoldDiff_20,Post_BOTTOM_XpDiff_20,Post_BOTTOM_CsDiff_20,Post_BOTTOM_EarlyTakedowns_15,Post_BOTTOM_LaneCsBefore10,Post_BOTTOM_DmgTotalPM,Post_BOTTOM_DmgTurretPM,Post_BOTTOM_DmgObjPM,Post_BOTTOM_VisionScorePM,Post_BOTTOM_KillParticipation,X_UTILITY_AllyChampId,X_UTILITY_EnemyChampId,X_UTILITY_SummonerA,X_UTILITY_SummonerB,X_UTILITY_SS_CLEANSE,X_UTILITY_SS_EXHAUST,X_UTILITY_SS_FLASH,X_UTILITY_SS_GHOST,X_UTILITY_SS_HEAL,X_UTILITY_SS_SMITE,X_UTILITY_SS_TELEPORT,X_UTILITY_SS_CLARITY,X_UTILITY_SS_IGNITE,X_UTILITY_SS_BARRIER,X_UTILITY_SS_SNOWBALL,X_UTILITY_Keystone,Post_UTILITY_GoldDiff_5,Post_UTILITY_XpDiff_5,Post_UTILITY_CsDiff_5,Post_UTILITY_GoldDiff_10,Post_UTILITY_XpDiff_10,Post_UTILITY_CsDiff_10,Post_UTILITY_GoldDiff_15,Post_UTILITY_XpDiff_15,Post_UTILITY_CsDiff_15,Post_UTILITY_GoldDiff_20,Post_UTILITY_XpDiff_20,Post_UTILITY_CsDiff_20,Post_UTILITY_EarlyTakedowns_15,Post_UTILITY_LaneCsBefore10,Post_UTILITY_DmgTotalPM,Post_UTILITY_DmgTurretPM,Post_UTILITY_DmgObjPM,Post_UTILITY_VisionScorePM,Post_UTILITY_KillParticipation,Feat_Team_Spread_5,Feat_Team_GroupedRatio_5,Feat_Team_MaxPairDist_5,Feat_Team_Spread_10,Feat_Team_GroupedRatio_10,Feat_Team_MaxPairDist_10,Feat_Team_Spread_15,Feat_Team_GroupedRatio_15,Feat_Team_MaxPairDist_15,Feat_Team_Spread_20,Feat_Team_GroupedRatio_20,Feat_Team_MaxPairDist_20,Feat_Jungle_LanePresenceTop_2_14,Feat_Jungle_LanePresenceMid_2_14,Feat_Jungle_LanePresenceBot_2_14,Label_JungleFocusLane_2_14,Feat_Jungle_TopsidePresence_2_14,Feat_Jungle_BotsidePresence_2_14,Label_JungleMapSideFocus_2_14,Feat_FirstDragonTime_s,Feat_FirstGrubsTime_s,Feat_FirstHeraldTime_s,Feat_FirstTowerTime_s,Feat_Dragons_0_14,Feat_Grubs_0_14,Feat_Heralds_0_14,Feat_Objectives_0_14,Feat_Kills_0_14,Feat_Kills_14_25,Feat_Fights_0_14,Feat_PickRatio_0_14,Feat_TeamfightRatio_0_14,Feat_AvgKillsPerFight_0_14,Feat_AvgUniqParticipants_0_14,Feat_FirstFightTime_0_14_s,Feat_FirstFightType_0_14,Feat_Fights_14_25,Feat_PickRatio_14_25,Feat_TeamfightRatio_14_25,Feat_AvgKillsPerFight_14_25,Feat_AvgUniqParticipants_14_25,Feat_Fights_0_25,Feat_PickRatio_0_25,Feat_TeamfightRatio_0_25,Feat_AvgKillsPerFight_0_25,Feat_AvgUniqParticipants_0_25,Feat_TowerKills_TOP_0_14,Feat_TowerKills_TOP_14_25,Feat_Plates_TOP_0_14,Feat_TowerKills_MID_0_14,Feat_TowerKills_MID_14_25,Feat_Plates_MID_0_14,Feat_TowerKills_BOT_0_14,Feat_TowerKills_BOT_14_25,Feat_Plates_BOT_0_14,Label_FirstMajorObjective_0_14,Label_ObjectivePriority_0_14,Label_SkirmishStyle_0_25,Label_FirstFightType_0_14,Label_TowerPlan_14_25,Label_LanePressureBias_0_14,Label_Tempo_0_20,Label_Grouping_15,Label_Snowball_0_14,Post_Team_Dragons,Post_Team_Barons,Post_Team_Towers,Post_Team_Inhibitors,Post_Team_RiftHeralds,Post_Team_VoidGrubs,Post_Team_ElderDragons
EUW1_7738347386,100,0,26.566666666666666,16.3.745.7600,420,31,14,4,12,0,0,1,0,0,0,1,0,0,0,0,9923,-669,-590,-19,-1506,-1355,-32,-1864,-1482,-31,-2158,-2725,-25,1,65,885.9598494353827,140.5897114178168,356.23588456712673,0.7151819322459222,0.273,126,233,4,11,0,0,1,0,0,1,0,0,0,0,0,8369,785,146,4,497,218,13,1863,198,12,1291,-278,17,9,68,2,745.1819322459222,300.15056461731496,974.228356336261,0.6398996235884568,0.394,4,61,4,12,0,0,1,0,0,0,1,0,0,0,0,8360,-665,-639,-23,-1277,-1634,-50,-1515,-1023,-45,-3080,-1963,-50,3,55,562.2459222082811,62.973651191969886,62.973651191969886,0.6022584692597239,0.333,222,51,4,21,0,0,1,0,0,0,0,0,0,1,0,8008,-263,-117,-12,504,236,-14,1290,724,-18,1180,-1094,-54,12,71,1505.7967377666248,234.65495608531995,455.23212045169385,0.33877038895859474,0.727,412,60,4,7,0,0,1,0,1,0,0,0,0,0,0,8439,-93,162,3,-230,159,2,-745,764,1,-1922,13,-5,10,11,238.94604767879548,16.599749058971142,25.821831869510664,2.8607277289836888,0.606,4418.232397229271,0.2,11737.033696807724,4242.019967451051,0.0,10553.951345349285,3276.8495895772257,0.2,9627.216524001109,2715.092277571577,0.6,9167.074233363663,0.07692307692307693,0.46153846153846156,0.46153846153846156,NEUTRAL,0.07692307692307693,0.46153846153846156,BOTSIDE,,495.267,1031.912,1202.949,0,1,0,1,18,12,8,0.125,0.75,3.75,6.5,101.543,PICK,6,0.16666666666666666,0.8333333333333334,4.166666666666667,7.666666666666667,14,0.14285714285714285,0.7857142857142857,3.9285714285714284,7.0,0,1,3,0,1,0,0,1,3,GRUBS,GRUBS_HERALD,TEAMFIGHT,PICK,SPLIT_1_3_1,NEUTRAL,MID,SPLIT,NO,0,0,3,0,1,1,0
EUW1_7738347386,200,1,26.566666666666666,16.3.745.7600,420,14,31,4,12,0,0,1,0,0,0,1,0,0,0,0,8437,669,590,19,1506,1355,32,1864,1482,31,2158,2725,25,7,97,730.3513174404015,326.2735257214555,405.92220828105394,0.903387703889586,0.488,233,126,4,11,0,0,1,0,0,1,0,0,0,0,0,8005,-785,-146,-4,-497,-218,-13,-1863,-198,-12,-1291,278,-17,7,57,7,995.9473023839398,0.0,973.7013801756588,0.41405269761606023,0.488,61,4,4,12,0,0,1,0,0,0,1,0,0,0,0,8229,665,639,23,1277,1634,50,1515,1023,45,3080,1963,50,4,105,1128.4818067754077,438.18067754077794,465.2446675031368,1.5432873274780428,0.537,51,222,1,4,1,0,1,0,0,0,0,0,0,0,0,8008,263,117,12,-504,-236,14,-1290,-724,18,-1180,1094,54,4,85,1483.3249686323713,563.4880803011292,1020.8281053952321,0.9410288582183187,0.537,60,412,4,14,0,0,1,0,0,0,0,0,1,0,0,8112,93,-162,-3,230,-159,-2,745,-764,-1,1922,-13,5,5,9,678.6323713927227,77.1267252195734,288.55708908406524,3.3877038895859473,0.415,4684.680919301843,0.2,12978.807533822202,5448.722398879183,0.0,12205.680849506101,1693.4422234331716,0.8,4696.739826730878,3759.8319787587775,0.2,11327.872042003299,0.38461538461538464,0.46153846153846156,0.15384615384615385,NEUTRAL,0.38461538461538464,0.15384615384615385,TOPSIDE,1019.252,519.85,,698.524,0,2,0,2,15,21,10,0.3,0.6,3.2,5.7,162.031,PICK,7,0.14285714285714285,0.8571428571428571,4.285714285714286,8.0,17,0.23529411764705882,0.7058823529411765,3.6470588235294117,6.647058823529412,0,2,1,1,0,4,1,1,5,GRUBS,GRUBS_HERALD,TEAMFIGHT,PICK,STANDARD,NEUTRAL,FAST,GROUP,YES,2,1,9,1,0,2,0
EUW1_7738292072,100,0,24.416666666666668,16.3.745.7600,420,27,14,6,12,0,0,0,1,0,0,1,0,0,0,0,8230,190,58,4,-99,-119,1,-1396,-1840,-6,-2270,-2209,-20,3,99,568.4641638225256,152.80546075085323,216.08191126279863,0.9010238907849829,0.6,121,163,4,11,0,0,1,0,0,1,0,0,0,0,0,8369,472,324,4,1100,836,11,1320,645,4,492,-392,-9,4,85,7,495.1535836177474,0.0,814.8941979522184,1.10580204778157,0.7,134,39,4,6,0,0,1,1,0,0,0,0,0,0,0,8369,76,31,2,278,122,-3,286,643,11,-1004,793,7,1,89,461.2013651877133,180.32764505119454,235.0443686006826,0.9829351535836177,0.3,42,236,4,21,0,0,1,0,0,0,0,0,0,1,0,8010,-497,-94,3,-948,-488,-15,-1385,-378,-16,-1315,-651,-24,0,83,532.9556313993173,0.0,0.0,1.10580204778157,0.4,40,267,4,7,0,0,1,0,1,0,0,0,0,0,0,8214,-296,-275,4,-482,-544,0,-411,-807,3,-450,-1171,3,0,10,282.96245733788396,0.0,6.30716723549488,2.416382252559727,0.4,5025.206894840316,0.0,14059.335154977993,4503.540019945963,0.4,13902.878442970003,3051.2959185380505,0.4,11590.478376667636,3045.611018774204,0.4,7650.080064940497,0.15384615384615385,0.5384615384615384,0.3076923076923077,MID,0.15384615384615385,0.3076923076923077,BOTSIDE,676.589,561.034,,,1,1,0,2,4,6,3,0.6666666666666666,0.3333333333333333,1.6666666666666667,4.0,221.082,PICK,3,0.0,0.6666666666666666,4.0,7.666666666666667,6,0.3333333333333333,0.5,2.8333333333333335,5.833333333333333,0,0,0,0,0,2,0,0,0,GRUBS,MIXED,MIXED,PICK,STANDARD,MID,MID,SPLIT,YES,1,0,1,0,0,1,0
EUW1_7738292072,200,1,24.416666666666668,16.3.745.7600,420,14,27,4,12,0,0,1,0,0,0,1,0,0,0,0,8437,-190,-58,-4,99,119,-1,1396,1840,6,2270,2209,20,3,99,727.4539249146758,245.52901023890783,288.40955631399316,1.1467576791808873,0.421,163,121,4,11,0,0,1,0,0,1,0,0,0,0,0,8369,-472,-324,-4,-1100,-836,-11,-1320,-645,-4,-492,392,9,2,75,8,624.8191126279863,0.0,1436.1092150170648,1.3924914675767917,0.632,39,134,4,14,0,0,1,0,0,0,0,0,1,0,0,8005,-76,-31,-2,-278,-122,3,-286,-643,-11,1004,-793,-7,1,92,240.69624573378837,418.1569965870307,709.2286689419794,0.8191126279863481,0.158,236,42,4,21,0,0,1,0,0,0,0,0,0,1,0,8005,497,94,-3,948,488,15,1385,378,16,1315,651,24,2,98,918.8805460750852,211.45392491467575,536.1911262798635,0.8600682593856654,0.684,267,40,4,7,0,0,1,0,1,0,0,0,0,0,0,8214,296,275,-4,482,544,0,411,807,-3,450,1171,-3,2,10,362.21160409556313,154.52559726962457,172.66894197952217,3.31740614334471,0.632,4025.3551673488096,0.2,12605.593084024249,4590.704846899431,0.4,14440.66764384528,5577.467120135052,0.2,14026.79097299165,3611.676766670834,0.4,9845.432697449107,0.46153846153846156,0.15384615384615385,0.38461538461538464,NEUTRAL,0.46153846153846156,0.38461538461538464,NEUTRAL,348.213,826.464,944.897,962.95,1,2,0,3,5,14,4,0.5,0.25,1.75,4.0,251.175,SKIRMISH,7,0.2857142857142857,0.5714285714285714,2.7142857142857144,6.142857142857143,11,0.36363636363636365,0.45454545454545453,2.3636363636363638,5.363636363636363,0,2,1,0,2,0,0,2,1,DRAGON,GRUBS_HERALD,MIXED,NONE,SPLIT_1_3_1,NEUTRAL,MID,SPLIT,YES,3,1,6,0,1,2,0
EUW1_7738094735,100,1,31.633333333333333,16.3.745.7600,420,126,31,4,12,0,0,1,0,0,0,1,0,0,0,0,8230,112,-18,3,551,11,9,2848,2837,29,1878,1299,15,3,105,1362.9926238145417,420.8851422550053,539.4625922023182,1.1380400421496313,0.361,106,234,4,11,0,0,1,0,0,1,0,0,0,0,0,8008,65,193,-1,772,-3,0,835,-216,1,1408,-3,10,5,56,18,775.6059009483668,152.27608008429925,1834.0147523709168,0.9483667017913593,0.5,246,103,4,14,0,0,1,0,0,0,0,0,1,0,0,8010,62,-211,-15,79,287,1,-217,236,-3,-20,575,-2,5,86,911.6649104320337,250.1159114857745,478.8619599578504,0.7270811380400422,0.306,110,145,4,6,0,0,1,1,0,0,0,0,0,0,0,8229,260,70,14,-1197,-475,18,206,-407,20,611,-362,28,8,74,1532.6238145416228,409.28345626975766,803.0769230769231,1.2328767123287672,0.667,43,12,4,7,0,0,1,0,1,0,0,0,0,0,0,8214,204,-103,-5,-113,-316,-3,562,100,-2,643,237,-6,9,14,586.027397260274,86.7123287671233,136.12223393045312,3.9199157007376186,0.694,4242.480227937887,0.2,14486.519699361887,3855.717433441353,0.0,11156.637217369758,3973.970140347752,0.4,12796.04724123821,3306.5341743144745,0.6,11272.658825671962,0.15384615384615385,0.15384615384615385,0.6923076923076923,BOT,0.15384615384615385,0.6923076923076923,BOTSIDE,659.079,,951.395,678.981,1,0,0,1,14,14,7,0.14285714285714285,0.7142857142857143,3.142857142857143,5.857142857142857,146.482,TEAMFIGHT,6,0.16666666666666666,0.6666666666666666,3.1666666666666665,6.5,13,0.15384615384615385,0.6923076923076923,3.1538461538461537,6.153846153846154,0,2,3,0,3,2,1,1,4,DRAGON,DRAGONS,TEAMFIGHT,TEAMFIGHT,STANDARD,NEUTRAL,FAST,SPLIT,YES,4,1,9,1,1,0,0
EUW1_7738094735,200,0,31.633333333333333,16.3.745.7600,420,31,126,4,12,0,0,1,0,0,0,1,0,0,0,0,9923,-112,18,-3,-551,-11,-9,-2848,-2837,-29,-1878,-1299,-15,0,94,538.2929399367756,120.97997892518441,191.854583772392,1.01159114857745,0.24,234,106,4,11,0,0,1,0,0,1,0,0,0,0,0,8010,-65,-193,1,-772,3,0,-835,216,-1,-1408,3,-10,4,56,3,290.4214963119073,0.0,251.47523709167544,0.7586933614330875,0.4,103,246,4,12,0,0,1,0,0,0,1,0,0,0,0,8112,-62,211,15,-79,-287,-1,217,-236,3,20,-575,2,5,85,851.4436248682824,214.868282402529,214.868282402529,1.0432033719704952,0.4,145,110,4,21,0,0,1,0,0,0,0,0,0,1,0,8008,-260,-70,-14,1197,475,-18,-206,407,-20,-611,362,-28,8,56,886.7544783983141,121.86512118018967,138.08219178082192,0.6322444678609063,0.64,12,43,4,7,0,0,1,0,1,0,0,0,0,0,0,8230,-204,103,5,113,316,3,-562,-100,2,-643,-237,6,9,17,203.5194942044257,14.63645943097998,14.63645943097998,3.6037934668071654,0.68,4926.300462149598,0.0,14149.080888877552,4593.841330681278,0.4,14322.625911473076,2617.3378019989673,0.4,6413.790221078329,3148.7096435967887,0.2,9042.209464505897,0.23076923076923078,0.46153846153846156,0.3076923076923077,MID,0.23076923076923078,0.3076923076923077,NEUTRAL,,571.422,,1114.108,0,3,0,3,13,7,8,0.25,0.625,3.0,5.625,146.482,TEAMFIGHT,5,0.4,0.6,2.8,6.2,13,0.3076923076923077,0.6153846153846154,2.923076923076923,5.846153846153846,0,0,0,0,0,1,0,1,3,GRUBS,GRUBS_HERALD,TEAMFIGHT,TEAMFIGHT,SPLIT_1_3_1,BOT,FAST,SPLIT,YES,0,0,2,0,0,3,0
EUW1_7738029630,100,0,26.466666666666665,16.3.745.7600,420,2,27,4,6,0,0,1,1,0,0,0,0,0,0,0,8010,273,0,10,901,473,28,1372,822,29,1849,1730,43,1,100,617.4181360201512,349.7229219143577,349.7229219143577,0.7178841309823678,0.357,799,904,4,11,0,0,1,0,0,1,0,0,0,0,0,8010,31,51,0,173,317,0,-735,436,6,-1428,712,6,4,78,1,537.7707808564232,0.0,325.12594458438286,1.0957178841309825,0.5,13,910,4,6,0,0,1,1,0,0,0,0,0,0,0,8230,163,-122,-1,-22,13,-9,-787,-414,-15,-1559,-463,-1,5,89,568.375314861461,76.36020151133502,76.36020151133502,1.057934508816121,0.357,51,42,4,21,0,0,1,0,0,0,0,0,0,1,0,8021,-321,124,-11,-431,-161,-17,-148,-968,-19,-1485,-1898,-35,4,80,730.5415617128464,202.14105793450884,202.14105793450884,1.1335012594458438,0.571,80,267,4,14,0,0,1,0,0,0,0,0,1,0,0,8010,351,-95,0,84,-594,3,-100,-1086,2,-881,-2001,0,4,9,367.8589420654912,0.0,7.5944584382871545,3.513853904282116,0.357,5229.342730157994,0.0,14294.775898907965,4337.342041903141,0.0,12259.919779509164,4448.304194650818,0.0,10958.42954076906,4181.195950974438,0.2,12621.517381044167,0.23076923076923078,0.46153846153846156,0.3076923076923077,MID,0.23076923076923078,0.3076923076923077,NEUTRAL,,551.389,,1205.858,0,3,0,3,6,5,4,0.25,0.75,3.25,6.5,232.863,PICK,5,0.2,0.6,2.8,6.8,9,0.2222222222222222,0.6666666666666666,3.0,6.666666666666667,0,1,2,0,0,0,0,1,2,GRUBS,GRUBS_HERALD,TEAMFIGHT,PICK,SPLIT_1_3_1,NEUTRAL,MID,SPLIT,YES,0,0,2,0,0,3,0
EUW1_7738029630,200,1,26.466666666666665,16.3.745.7600,420,27,2,4,6,0,0,1,1,0,0,0,0,0,0,0,8230,-273,0,-10,-901,-473,-28,-1372,-822,-29,-1849,-1730,-43,4,72,434.13098236775824,45.75566750629723,69.93702770780857,0.7934508816120908,0.231,904,799,4,11,0,0,1,0,0,1,0,0,0,0,0,8010,-31,-51,0,-173,-317,0,735,-436,-6,1428,-712,-6,9,76,26,1094.0176322418138,190.84382871536525,1514.3954659949623,0.7178841309823678,0.731,910,13,4,12,0,0,1,0,0,0,1,0,0,0,0,8229,-163,122,1,22,-13,9,787,414,15,1559,463,1,7,98,939.030226700252,279.7103274559194,442.82115869017633,1.2090680100755669,0.577,42,51,1,4,1,0,1,0,0,0,0,0,0,0,0,8010,321,-124,11,431,161,17,148,968,19,1485,1898,35,5,97,773.0478589420655,337.367758186398,701.8261964735517,1.4357682619647356,0.462,267,80,4,7,0,0,1,0,1,0,0,0,0,0,0,8214,-351,95,0,-84,594,-3,100,1086,-2,881,2001,0,6,6,344.8866498740554,66.19647355163728,145.8060453400504,3.8539042821158693,0.577,3859.559019346737,0.2,11094.110013876732,4897.4062526353855,0.2,14493.465079131352,3044.775881084129,0.4,9564.400922169669,4905.1447310268695,0.2,13024.556038498971,0.23076923076923078,0.3076923076923077,0.46153846153846156,BOT,0.23076923076923078,0.46153846153846156,BOTSIDE,528.112,,982.977,909.49,1,0,0,1,9,13,3,0.0,1.0,4.0,7.666666666666667,379.236,TEAMFIGHT,7,0.5714285714285714,0.42857142857142855,2.2857142857142856,5.857142857142857,10,0.4,0.6,2.8,6.4,0,0,0,0,1,3,0,3,0,DRAGON,DRAGONS,TEAMFIGHT,TEAMFIGHT,SPLIT_1_3_1,MID,MID,SPLIT,NO,3,1,5,1,1,0,0
EUW1_7737980918,100,1,15.566666666666666,16.3.745.7600,420,58,2,4,14,0,0,1,0,0,0,0,0,1,0,0,8010,393,326,12,-361,-29,-16,-541,-454,-32,-455,-385,-34,3,68,645.4175588865096,0.0,0.0,0.32119914346895073,0.222,254,5,4,11,0,0,1,0,0,1,0,0,0,0,0,8010,276,169,0,1078,581,6,2574,1518,3,3024,1796,7,11,78,1,689.8715203426125,0.0,1303.7473233404712,0.7066381156316917,0.667,3,245,4,12,0,0,1,0,0,0,1,0,0,0,0,8230,258,278,18,565,519,25,1471,899,38,1550,1071,40,5,84,649.7216274089936,321.77730192719486,321.77730192719486,0.3854389721627409,0.278,42,163,4,21,0,0,1,0,0,0,0,0,0,1,0,8010,767,90,15,636,-326,25,1384,-454,25,1400,-423,26,6,94,575.524625267666,270.7066381156317,284.64668094218416,0.8351177730192719,0.333,267,517,4,7,0,0,1,0,1,0,0,0,0,0,0,8214,631,480,-4,749,1162,2,347,1033,1,347,941,1,11,12,408.62955032119913,35.65310492505353,91.9271948608137,2.3768736616702357,0.611,4028.5697330429175,0.4,12905.398715266414,3864.469198790074,0.2,13265.983114718638,3605.495536002202,0.6,13843.606538760048,5066.419484525249,0.2,13549.645382813529,0.15384615384615385,0.5384615384615384,0.3076923076923077,MID,0.15384615384615385,0.3076923076923077,BOTSIDE,387.868,587.461,,766.037,2,3,0,5,14,4,8,0.125,0.625,2.25,5.75,224.375,TEAMFIGHT,2,0.5,0.5,2.5,4.5,10,0.2,0.6,2.3,5.5,0,0,0,0,0,2,1,0,4,DRAGON,GRUBS_HERALD,TEAMFIGHT,TEAMFIGHT,STANDARD,BOT,FAST,MIXED,YES,2,0,1,0,0,3,0
EUW1_7737980918,200,0,15.566666666666666,16.3.745.7600,420,2,58,3,6,0,1,0,1,0,0,0,0,0,0,0,8010,-393,-326,-12,361,29,16,541,454,32,455,385,34,3,84,678.6295503211992,100.66381156316916,100.66381156316916,0.3854389721627409,0.375,5,254,4,11,0,0,1,0,0,1,0,0,0,0,0,8010,-276,-169,0,-1078,-581,-6,-2574,-1518,-3,-3024,-1796,-7,2,65,4,281.1777301927195,0.0,123.40471092077088,1.0278372591006424,0.25,245,3,4,14,0,0,1,0,0,0,0,0,1,0,0,9923,-258,-278,-18,-565,-519,-25,-1471,-899,-38,-1550,-1071,-40,3,59,513.083511777302,68.15845824411134,68.15845824411134,0.3854389721627409,0.375,163,42,4,6,0,0,1,1,0,0,0,0,0,0,0,8128,-767,-90,-15,-636,326,-25,-1384,454,-25,-1400,423,-26,2,69,535.4389721627409,193.61884368308353,193.61884368308353,0.44967880085653106,0.25,517,267,4,14,0,0,1,0,0,0,0,0,1,0,0,8112,-631,-480,4,-749,-1162,-2,-347,-1033,-1,-347,-941,-1,5,10,513.7259100642399,0.0,0.0,1.9271948608137046,0.625,5281.133633211274,0.2,14462.435825268163,3954.3341689962203,0.4,14445.506221659385,3457.79903769927,0.2,11704.201724167266,4953.390925279176,0.0,12914.795739770723,0.15384615384615385,0.7692307692307693,0.07692307692307693,MID,0.15384615384615385,0.07692307692307693,NEUTRAL,,,,,0,0,0,0,7,1,6,0.3333333333333333,0.5,2.1666666666666665,4.833333333333333,169.688,PICK,1,0.0,1.0,4.0,6.0,7,0.2857142857142857,0.5714285714285714,2.4285714285714284,5.0,0,0,0,0,0,2,0,0,1,NONE,NONE,TEAMFIGHT,PICK,STANDARD,NEUTRAL,SLOW,SPLIT,NO,0,0,0,0,0,0,0
EUW1_7737914090,100,1,28.95,16.3.745.7600,420,58,106,4,14,0,0,1,0,0,0,0,0,1,0,0,8005,-112,-204,17,174,13,25,1355,1454,29,2511,2291,46,5,87,1530.9153713298792,611.8825561312608,685.9412780656304,0.75993091537133,0.486,59,5,4,11,0,0,1,0,0,1,0,0,0,0,0,8010,-227,-426,-12,-137,-340,-18,377,-7,-33,-897,-897,-43,12,63,0,564.006908462867,89.70639032815198,1183.0742659758205,1.001727115716753,0.743,7,86,4,14,0,0,1,0,0,0,0,0,1,0,0,8112,208,-186,8,232,-410,20,604,454,29,281,959,38,11,91,1442.9706390328151,532.2625215889465,537.5474956822108,0.8981001727115717,0.629,119,50,4,21,0,0,1,0,0,0,0,0,0,1,0,8008,1,101,12,1798,631,25,1296,-285,26,781,-522,31,8,86,1454.4386873920553,314.853195164076,650.0172711571676,0.5872193436960277,0.629,432,79,4,7,0,0,1,0,1,0,0,0,0,0,0,8112,-462,13,0,-13,99,-8,60,-582,-13,-43,-1187,-16,10,8,704.006908462867,103.41968911917098,113.12607944732298,3.3506044905008636,0.743,5343.031795331386,0.0,12938.489015337147,3136.4979322742774,0.6,11603.12100255789,3597.0516952908247,0.2,10476.343732428792,4755.612348618612,0.2,12273.869235086382,0.23076923076923078,0.15384615384615385,0.6153846153846154,BOT,0.23076923076923078,0.6153846153846154,BOTSIDE,,521.845,934.075,883.107,0,3,0,3,15,11,5,0.0,0.8,4.2,7.4,396.65,TEAMFIGHT,7,0.0,0.8571428571428571,3.4285714285714284,7.857142857142857,12,0.0,0.8333333333333334,3.75,7.666666666666667,0,1,3,0,2,2,0,1,2,GRUBS,GRUBS_HERALD,TEAMFIGHT,TEAMFIGHT,STANDARD,NEUTRAL,FAST,SPLIT,YES,0,1,10,1,1,3,0
EUW1_7737914090,200,0,28.95,16.3.745.7600,420,106,58,4,14,0,0,1,0,0,0,0,0,1,0,0,8005,112,204,-17,-174,-13,-25,-1355,-1454,-29,-2511,-2291,-46,1,62,758.4110535405872,237.51295336787567,329.8791018998273,0.8981001727115717,0.333,5,59,4,11,0,0,1,0,0,1,0,0,0,0,0,8010,227,426,12,137,340,18,-377,7,33,897,897,43,2,79,3,785.5267702936097,0.0,711.8134715025907,1.0362694300518136,0.417,86,7,4,6,0,0,1,1,0,0,0,0,0,0,0,8360,-208,186,-8,-232,410,-20,-604,-454,-29,-281,-959,-38,4,71,685.8721934369603,144.559585492228,215.95854922279793,0.7253886010362695,0.542,50,119,4,6,0,0,1,1,0,0,0,0,0,0,0,8214,-1,-101,-12,-1798,-631,-25,-1296,285,-26,-781,522,-31,8,61,1007.426597582038,215.3713298791019,280.5181347150259,0.7253886010362695,0.708,79,432,4,7,0,0,1,0,1,0,0,0,0,0,0,8230,462,-13,0,13,-99,8,-60,582,13,43,1187,16,8,16,584.0759930915372,46.597582037996546,85.42314335060449,2.2107081174438687,0.75,5039.07580172229,0.0,13964.584132726619,3349.4472137608363,0.2,10897.140955314839,3963.1425370058723,0.2,12380.172050500752,340.6762890920442,1.0,1165.652606911682,0.23076923076923078,0.46153846153846156,0.3076923076923077,MID,0.23076923076923078,0.3076923076923077,NEUTRAL,466.92,,,834.874,2,0,0,2,8,16,5,0.4,0.6,3.6,6.0,212.2,PICK,8,0.125,0.875,3.25,7.375,13,0.23076923076923078,0.7692307692307693,3.3846153846153846,6.846153846153846,1,0,2,0,1,1,0,1,1,DRAGON,DRAGONS,TEAMFIGHT,PICK,STANDARD,NEUTRAL,FAST,SPLIT,YES,4,0,3,0,0,0,0
EUW1_7737874388,100,1,15.633333333333333,16.3.745.7600,420,106,2,4,14,0,0,1,0,0,0,0,0,1,0,0,8008,-168,-93,-9,-538,4,-16,201,-156,-30,127,-156,-33,3,69,613.1769722814499,326.80170575692966,326.80170575692966,0.511727078891258,0.214,126,904,4,11,0,0,1,0,0,1,0,0,0,0,0,8369,118,56,3,79,399,11,472,888,11,688,1069,12,4,85,1,476.226012793177,82.13219616204691,620.0213219616205,1.7270788912579957,0.357,897,43,4,12,0,0,1,0,0,0,1,0,0,0,0,8439,27,-204,-1,-414,175,10,-148,1055,15,-49,1303,19,3,93,410.9808102345416,66.46055437100213,289.5735607675906,0.5756929637526652,0.214,51,119,4,21,0,0,1,0,0,0,0,0,0,1,0,9923,528,307,14,1999,495,30,4375,1135,52,4654,1177,55,6,98,478.52878464818764,995.7569296375267,995.7569296375267,0.44776119402985076,0.5,800,40,4,7,0,0,1,0,1,0,0,0,0,0,0,8229,405,232,1,1169,1174,-2,1359,1238,-2,1694,1451,-2,8,7,587.4626865671642,10.682302771855012,10.682302771855012,1.2153518123667377,0.643,4128.580472720689,0.4,13051.244844841429,4433.3257479681415,0.2,14244.317112448742,3626.2322960739525,0.6,14023.163266538688,4758.894741359029,0.2,13235.02640722715,0.07692307692307693,0.46153846153846156,0.46153846153846156,NEUTRAL,0.07692307692307693,0.46153846153846156,BOTSIDE,542.066,,,698.663,1,0,0,1,10,4,5,0.4,0.6,2.8,5.6,289.258,TEAMFIGHT,3,0.6666666666666666,0.0,1.3333333333333333,4.0,8,0.5,0.375,2.25,5.0,0,0,2,0,2,2,1,0,4,DRAGON,DRAGONS,MIXED,TEAMFIGHT,STANDARD,BOT,FAST,MIXED,YES,2,0,3,0,0,0,0
EUW1_7737874388,200,0,15.633333333333333,16.3.745.7600,420,2,106,4,6,0,0,1,1,0,0,0,0,0,0,0,8010,168,93,9,538,-4,16,-201,156,30,-127,156,33,2,85,500.9808102345416,184.86140724946696,184.86140724946696,0.767590618336887,0.333,904,126,4,11,0,0,1,0,0,1,0,0,0,0,0,8010,-118,-56,-3,-79,-399,-11,-472,-888,-11,-688,-1069,-12,3,76,5,222.02558635394456,0.0,676.5031982942431,1.1513859275053304,0.5,43,897,4,12,0,0,1,0,0,0,1,0,0,0,0,8229,-27,204,1,414,-175,-10,148,-1055,-15,49,-1303,-19,4,83,756.0127931769723,42.53731343283582,47.52665245202559,0.511727078891258,0.667,119,51,1,4,1,0,1,0,0,0,0,0,0,0,0,8008,-528,-307,-14,-1999,-495,-30,-4375,-1135,-52,-4654,-1177,-55,1,68,133.49680170575692,0.0,0.0,0.5756929637526652,0.167,40,800,4,7,0,0,1,0,1,0,0,0,0,0,0,8214,-405,-232,-1,-1169,-1174,2,-1359,-1238,2,-1694,-1451,2,4,9,358.40085287846483,0.0,0.0,2.046908315565032,0.667,4300.629197051927,0.4,13729.251836862779,4241.612342270479,0.0,12040.377278142076,4231.703896782897,0.2,12702.95418396839,5007.670943906402,0.2,13928.66691395842,0.38461538461538464,0.46153846153846156,0.15384615384615385,NEUTRAL,0.38461538461538464,0.15384615384615385,TOPSIDE,,505.357,,,0,3,0,3,6,0,5,0.4,0.6,2.6,5.4,289.258,TEAMFIGHT,0,0.0,0.0,0.0,0.0,5,0.4,0.6,2.6,5.4,0,0,1,0,0,0,0,0,0,GRUBS,GRUBS_HERALD,MIXED,TEAMFIGHT,STANDARD,NEUTRAL,MID,SPLIT,YES,0,0,0,0,0,3,0
EUW1_7737810205,100,0,32.6,16.3.745.7600,420,126,14,4,12,0,0,1,0,0,0,1,0,0,0,0,8437,264,44,12,470,185,14,458,794,25,1058,1508,39,1,104,1128.006134969325,401.3496932515337,401.3496932515337,0.705521472392638,0.5,141,36,4,11,0,0,1,0,0,1,0,0,0,0,0,8010,0,2,0,41,-452,-5,351,-1703,-24,1352,-858,-16,4,78,4,1190.7361963190183,0.0,493.7730061349693,0.6441717791411042,0.571,893,84,4,12,0,0,1,0,0,0,1,0,0,0,0,8112,-203,165,11,-382,-290,16,-667,-278,2,995,1910,20,3,84,1117.208588957055,218.49693251533742,235.8282208588957,0.49079754601226994,0.5,110,51,4,21,0,0,1,0,0,0,0,0,0,1,0,8005,-1136,-191,-4,-2216,-685,-31,-4312,-92,-31,-5438,-678,-59,3,67,900.4294478527607,121.41104294478527,296.13496932515335,0.705521472392638,0.571,4,518,4,7,0,0,1,0,1,0,0,0,0,0,0,8360,-621,-572,1,-1025,-1342,-1,-1373,-2397,-10,-1331,-1494,-16,4,20,281.5644171779141,9.877300613496931,37.45398773006135,2.4846625766871164,0.714,4475.994861646636,0.2,12456.416378718239,4343.80273790596,0.2,13311.803371444457,2627.5028794039267,0.8,8194.412547583872,1204.8285351457869,0.8,4107.058558141093,0.23076923076923078,0.46153846153846156,0.3076923076923077,MID,0.23076923076923078,0.3076923076923077,NEUTRAL,1520.457,526.432,,1161.902,0,3,0,3,3,15,2,0.5,0.5,2.0,6.0,497.344,PICK,7,0.14285714285714285,0.7142857142857143,4.142857142857143,7.857142857142857,9,0.2222222222222222,0.6666666666666666,3.6666666666666665,7.444444444444445,0,1,2,0,1,1,0,1,0,GRUBS,GRUBS_HERALD,TEAMFIGHT,PICK,STANDARD,NEUTRAL,MID,GROUP,YES,1,0,3,0,0,3,0
EUW1_7737810205,200,1,32.6,16.3.745.7600,420,14,126,4,12,0,0,1,0,0,0,1,0,0,0,0,8437,-264,-44,-12,-470,-185,-14,-458,-794,-25,-1058,-1508,-39,2,90,720.1533742331288,324.17177914110425,384.32515337423314,0.5828220858895705,0.317,36,141,4,11,0,0,1,0,0,1,0,0,0,0,0,8021,0,-2,0,-41,452,5,-351,1703,24,-1352,858,16,4,88,32,1050.7055214723925,33.895705521472394,1813.7116564417177,0.9815950920245399,0.512,84,893,4,14,0,0,1,0,0,0,0,0,1,0,0,8112,203,-165,-11,382,290,-16,667,278,-2,-995,-1910,-20,5,68,768.8036809815951,22.42331288343558,22.42331288343558,0.8282208588957055,0.244,51,110,4,21,0,0,1,0,0,0,0,0,0,1,0,8369,1136,191,4,2216,685,31,4312,92,31,5438,678,59,8,98,1854.9386503067483,578.7116564417178,1845.4907975460121,0.8588957055214723,0.683,518,4,4,7,0,0,1,0,1,0,0,0,0,0,0,8229,621,572,-1,1025,1342,1,1373,2397,10,1331,1494,16,11,21,794.7239263803681,77.14723926380368,182.6687116564417,2.607361963190184,0.634,3942.484819021659,0.4,14615.865386626956,5248.99906384209,0.2,13513.373857035112,3935.8076834730077,0.4,10206.802633538086,2998.2341221594747,0.2,8511.178590536096,0.23076923076923078,0.46153846153846156,0.3076923076923077,MID,0.23076923076923078,0.3076923076923077,NEUTRAL,525.931,,929.853,608.327,1,0,0,1,11,16,9,0.6666666666666666,0.2222222222222222,1.4444444444444444,4.0,150.166,PICK,8,0.375,0.625,3.625,7.125,17,0.5294117647058824,0.4117647058823529,2.4705882352941178,5.470588235294118,0,1,1,0,2,2,1,1,5,DRAGON,DRAGONS,PICK,PICK,STANDARD,BOT,FAST,SPLIT,YES,4,2,9,1,1,0,0
EUW1_7737729821,100,0,38.78333333333333,16.3.745.7600,420,86,122,4,14,0,0,1,0,0,0,0,0,1,0,0,8230,-144,62,-9,-237,-28,-20,-367,-295,-20,-212,952,-18,1,66,1140.2836269875377,273.54533734422006,498.8483025354534,1.0313708637730985,0.455,48,36,4,11,0,0,1,0,0,1,0,0,0,0,0,8005,102,-247,-4,-187,-677,-17,-251,-1933,-36,-39,-1153,-27,3,68,9,647.159432746025,74.46497636441771,602.1143102707349,1.5728405672539751,0.515,27,245,4,6,0,0,1,1,0,0,0,0,0,0,0,8230,57,-728,-20,-766,-1331,-31,-1689,-2590,-47,-2489,-2384,-45,2,69,1109.2651482595618,93.2359260850881,149.34250107434465,0.7219596046411689,0.364,147,45,4,21,0,0,1,0,0,0,0,0,0,1,0,8214,311,3,3,675,485,0,1889,1837,9,2094,1957,10,8,71,1112.8749462827675,168.1392350666094,273.00386764073914,0.5414697034808766,0.818,111,432,4,14,0,0,1,0,0,0,0,0,1,0,0,8439,615,181,4,632,143,4,1064,95,4,1073,269,4,9,13,536.0292221744736,16.373012462397938,55.41039965620971,3.2230339492909326,0.697,4889.493612887751,0.2,12193.862103533893,4755.336285268777,0.0,11268.33377212443,4581.933191350858,0.4,13711.709339101379,1957.1815184739323,0.8,6200.117176312073,0.23076923076923078,0.38461538461538464,0.38461538461538464,NEUTRAL,0.23076923076923078,0.38461538461538464,BOTSIDE,496.294,,990.349,885.247,1,0,0,1,9,9,6,0.5,0.16666666666666666,1.5,4.166666666666667,196.991,TEAMFIGHT,7,0.2857142857142857,0.5714285714285714,1.8571428571428572,5.714285714285714,13,0.38461538461538464,0.38461538461538464,1.6923076923076923,5.0,0,1,1,0,2,0,0,1,3,DRAGON,DRAGONS,MIXED,TEAMFIGHT,STANDARD,BOT,MID,SPLIT,NO,2,1,6,0,1,0,0
EUW1_7737729821,200,1,38.78333333333333,16.3.745.7600,420,122,86,4,6,0,0,1,1,0,0,0,0,0,0,0,8010,144,-62,9,237,28,20,367,295,20,212,-952,18,2,86,1142.2432316287066,223.67855608079074,284.7872797593468,0.3867640739149119,0.552,36,48,6,11,0,0,0,1,0,1,0,0,0,0,0,8021,-102,247,4,187,677,17,251,1933,36,39,1153,27,2,86,7,736.7855608079072,116.95745595186936,1202.9651912333477,0.5930382466695316,0.655,245,27,4,12,0,0,1,0,0,0,1,0,0,0,0,9923,-57,728,20,766,1331,31,1689,2590,47,2489,2384,45,4,100,1244.0395358831113,429.41125913192957,862.7417275461969,0.9798023205844435,0.759,45,147,4,12,0,0,1,0,0,0,1,0,0,0,0,8369,-311,-3,-3,-675,-485,0,-1889,-1837,-9,-2094,-1957,-10,1,71,1218.100558659218,247.27116458960035,417.3700042973786,0.36097980232058446,0.552,432,111,4,7,0,0,1,0,1,0,0,0,0,0,0,8112,-615,-181,-4,-632,-143,-4,-1064,-95,-4,-1073,-269,-4,3,9,501.7361409540181,20.782122905027933,83.64417705199828,4.46067898581865,0.828,4760.6744949895965,0.2,14533.436792445207,4667.311520063291,0.0,13653.56693322298,5322.985168291509,0.0,13395.715173143986,3258.359204516137,0.4,9357.716655253033,0.46153846153846156,0.3076923076923077,0.23076923076923078,TOP,0.46153846153846156,0.23076923076923078,TOPSIDE,836.221,501.355,,970.485,1,3,0,4,3,6,2,0.5,0.5,1.5,5.0,498.716,PICK,5,0.4,0.6,2.0,5.6,7,0.42857142857142855,0.5714285714285714,1.8571428571428572,5.428571428571429,0,1,1,0,1,2,0,1,0,GRUBS,GRUBS_HERALD,MIXED,PICK,SPLIT_1_3_1,NEUTRAL,MID,SPLIT,YES,3,1,9,3,0,3,0
EUW1_7736613227,100,0,34.2,16.3.745.7600,420,27,126,6,14,0,0,0,1,0,0,0,0,1,0,0,8214,-122,113,-18,-458,258,-17,-1632,-2014,-37,-562,-291,-20,4,78,547.3099415204678,65.14619883040935,65.14619883040935,0.6140350877192982,0.441,64,91,4,11,0,0,1,0,0,1,0,0,0,0,0,8010,-307,188,1,25,285,3,-590,-1096,-15,-1200,-1241,-9,6,66,5,560.9356725146198,0.0,145.64327485380116,1.4912280701754386,0.471,42,893,3,4,0,1,1,0,0,0,0,0,0,0,0,8010,199,-400,-4,-550,-233,-7,-784,-195,-6,-275,866,20,3,86,923.0701754385964,443.59649122807014,452.36842105263156,0.7602339181286549,0.412,804,18,4,21,0,0,1,0,0,0,0,0,0,1,0,8008,-237,8,2,-746,-43,6,-2248,-1379,-11,-2021,-1248,-18,3,70,879.5321637426899,94.94152046783626,94.94152046783626,0.7017543859649122,0.5,60,111,4,14,0,0,1,0,0,0,0,0,1,0,0,8112,578,-61,-6,514,-17,-2,283,-99,-9,1282,344,-13,5,13,569.5029239766081,30.877192982456137,30.877192982456137,3.859649122807017,0.471,4645.89996587575,0.2,14302.252584820335,4495.857103463091,0.2,13283.450342437389,3501.295832869228,0.4,11764.431860485232,3711.6777573457002,0.4,13978.001287737816,0.23076923076923078,0.46153846153846156,0.3076923076923077,MID,0.23076923076923078,0.3076923076923077,NEUTRAL,,591.738,,1050.333,0,1,0,1,11,13,7,0.2857142857142857,0.42857142857142855,2.7142857142857144,5.571428571428571,150.498,SKIRMISH,7,0.42857142857142855,0.5714285714285714,4.0,6.571428571428571,14,0.35714285714285715,0.5,3.357142857142857,6.071428571428571,0,0,2,0,1,2,0,0,1,GRUBS,GRUBS_HERALD,TEAMFIGHT,NONE,STANDARD,NEUTRAL,MID,SPLIT,NO,0,0,4,0,0,1,0
EUW1_7736613227,200,1,34.2,16.3.745.7600,420,126,27,4,12,0,0,1,0,0,0,1,0,0,0,0,8230,122,-113,18,458,-258,17,1632,2014,37,562,291,20,4,95,1026.9590643274853,541.4327485380117,784.6783625730993,1.2573099415204678,0.269,91,64,11,14,0,0,0,0,0,1,0,0,1,0,0,8010,307,-188,-1,-25,-285,-3,590,1096,15,1200,1241,9,11,62,29,1692.5730994152045,72.92397660818713,1418.8011695906432,1.6374269005847952,0.577,893,42,4,12,0,0,1,0,0,0,1,0,0,0,0,8112,-199,400,4,550,233,7,784,195,6,275,-866,-20,10,93,1135.0,166.4035087719298,166.4035087719298,0.7602339181286549,0.385,18,804,4,21,0,0,1,0,0,0,0,0,0,1,0,8008,237,-8,-2,746,43,-6,2248,1379,11,2021,1248,18,8,64,600.0584795321637,398.80116959064327,752.9824561403508,1.0818713450292397,0.308,111,60,4,7,0,0,1,0,1,0,0,0,0,0,0,8439,-578,61,6,-514,17,2,-283,99,9,-1282,-344,13,9,14,322.86549707602336,0.0,49.50292397660818,4.152046783625731,0.481,4522.694782428045,0.2,14027.02106649876,2900.302548349625,0.4,9235.848851080229,6169.444502626835,0.2,14457.312751683834,3724.8159337448,0.2,8590.381248815445,0.23076923076923078,0.46153846153846156,0.3076923076923077,MID,0.23076923076923078,0.3076923076923077,NEUTRAL,1114.89,601.617,,808.463,0,2,0,2,18,15,6,0.0,0.6666666666666666,3.8333333333333335,6.833333333333333,185.519,TEAMFIGHT,4,0.0,1.0,6.25,9.0,10,0.0,0.8,4.8,7.7,0,1,2,0,1,1,1,0,2,GRUBS,GRUBS_HERALD,TEAMFIGHT,TEAMFIGHT,STANDARD,NEUTRAL,FAST,SPLIT,YES,3,2,8,1,0,2,0
EUW1_7736552208,100,0,20.366666666666667,16.3.745.7600,420,150,799,4,12,0,0,1,0,0,0,1,0,0,0,0,8021,279,280,-2,1105,1083,27,1885,1148,41,980,-1007,31,7,80,722.7986906710311,422.01309328968904,422.01309328968904,0.8346972176759411,0.467,876,59,4,11,0,0,1,0,0,1,0,0,0,0,0,8010,636,376,12,1687,2114,40,1731,2208,59,877,1069,62,8,93,11,574.5171849427169,0.0,959.7054009819967,0.6873977086743044,0.667,61,31,4,6,0,0,1,1,0,0,0,0,0,0,0,8214,267,206,13,223,-414,2,-769,-687,-1,-1425,-1493,-12,3,100,979.050736497545,144.35351882160393,312.3240589198036,0.5891980360065466,0.333,18,145,4,21,0,0,1,0,0,0,0,0,0,1,0,8008,-494,-167,8,-1487,-643,-15,-2815,-1012,-22,-3862,-1377,-25,3,62,493.5024549918167,325.9738134206219,325.9738134206219,0.5400981996726677,0.267,50,12,4,14,0,0,1,0,0,0,0,0,1,0,0,8112,-235,-271,2,-251,-993,3,203,-813,8,-21,-1897,13,5,8,392.0621931260229,7.3649754500818325,7.3649754500818325,2.7986906710310966,0.333,5569.9192641988675,0.2,15276.207120879188,4757.042806488638,0.0,13311.744138166117,3556.471455607425,0.2,11158.795857976791,3696.0392494896887,0.4,11572.13316549719,0.5384615384615384,0.15384615384615385,0.3076923076923077,TOP,0.5384615384615384,0.3076923076923077,TOPSIDE,,563.776,1107.024,717.486,0,3,0,3,12,3,8,0.25,0.625,2.75,5.375,217.955,TEAMFIGHT,3,0.3333333333333333,0.6666666666666666,2.6666666666666665,7.0,11,0.2727272727272727,0.6363636363636364,2.727272727272727,5.818181818181818,1,0,3,0,1,2,0,1,1,GRUBS,GRUBS_HERALD,TEAMFIGHT,TEAMFIGHT,STANDARD,NEUTRAL,FAST,SPLIT,YES,0,0,3,0,1,3,0
EUW1_7736552208,200,1,20.366666666666667,16.3.745.7600,420,799,150,4,14,0,0,1,0,0,0,0,0,1,0,0,8112,-279,-280,2,-1105,-1083,-27,-1885,-1148,-41,-980,1007,-31,3,53,722.4549918166939,115.23731587561375,115.23731587561375,0.6382978723404256,0.259,59,876,4,11,0,0,1,0,0,1,0,0,0,0,0,8010,-636,-376,-12,-1687,-2114,-40,-1731,-2208,-59,-877,-1069,-62,10,56,0,561.89852700491,44.828150572831426,487.9541734860884,1.227495908346972,0.593,31,61,4,6,0,0,1,1,0,0,0,0,0,0,0,9923,-267,-206,-13,-223,414,-2,769,687,1,1425,1493,12,3,94,464.189852700491,73.89525368248772,462.37315875613746,0.7855973813420621,0.222,145,18,4,21,0,0,1,0,0,0,0,0,0,1,0,8008,494,167,-8,1487,643,15,2815,1012,22,3862,1377,25,11,77,1038.8543371522094,536.4157119476268,656.759410801964,0.8837970540098199,0.667,12,50,4,7,0,0,1,0,1,0,0,0,0,0,0,8360,235,271,-2,251,993,-3,-203,813,-8,21,1897,-13,13,5,293.56792144026184,3.6333878887070377,45.5646481178396,2.847790507364975,0.63,4753.8705791208995,0.4,14764.637347391908,3955.5318705325903,0.2,10838.88891907284,4012.167152534634,0.2,12157.25668068253,3357.905677751672,0.0,9636.82447697373,0.15384615384615385,0.38461538461538464,0.46153846153846156,NEUTRAL,0.15384615384615385,0.46153846153846156,BOTSIDE,354.764,,,755.178,2,0,0,2,16,11,10,0.2,0.6,2.6,5.3,217.955,TEAMFIGHT,4,0.0,0.75,3.25,7.75,14,0.14285714285714285,0.6428571428571429,2.7857142857142856,6.0,0,0,1,0,1,1,1,0,5,DRAGON,DRAGONS,TEAMFIGHT,TEAMFIGHT,STANDARD,BOT,FAST,SPLIT,YES,3,0,2,0,0,0,0
EUW1_7735949795,100,1,23.866666666666667,16.3.745.7600,420,86,126,4,14,0,0,1,0,0,0,0,0,1,0,0,8010,166,204,-2,989,1552,12,2256,2826,12,3619,2627,-3,4,79,884.7486033519552,419.7067039106145,666.745810055866,0.6284916201117319,0.387,799,120,4,11,0,0,1,0,0,1,0,0,0,0,0,8010,-83,-122,-5,-693,-1129,-17,262,-361,-16,1005,380,-6,5,68,6,854.8743016759777,182.43016759776535,1344.7206703910615,0.7541899441340782,0.613,103,4,4,14,0,0,1,0,0,0,0,0,1,0,0,8112,2,-99,1,-549,-431,11,323,544,34,1881,3115,65,5,88,1109.1201117318435,394.9022346368715,394.9022346368715,1.005586592178771,0.677,115,119,4,12,0,0,1,0,0,0,1,0,0,0,0,8229,254,162,-8,-489,-109,-21,-1682,150,-20,-256,1336,-23,2,74,578.7569832402235,479.9581005586592,733.1145251396648,1.005586592178771,0.419,526,111,4,7,0,0,1,0,1,0,0,0,0,0,0,8439,104,-24,2,-45,-527,2,251,-688,4,1251,5,9,5,13,205.768156424581,316.80167597765364,357.8212290502793,3.142458100558659,0.581,4617.9979417203,0.2,12265.662517777015,5764.164364349952,0.2,15506.385781348277,2791.748401499098,0.6,10092.041666580653,1812.717394484907,0.8,5674.147072468249,0.3076923076923077,0.38461538461538464,0.3076923076923077,NEUTRAL,0.3076923076923077,0.3076923076923077,NEUTRAL,,572.903,977.583,866.802,0,3,0,3,10,21,6,0.16666666666666666,0.6666666666666666,2.3333333333333335,5.166666666666667,173.724,SKIRMISH,7,0.2857142857142857,0.7142857142857143,3.4285714285714284,6.857142857142857,13,0.23076923076923078,0.6923076923076923,2.923076923076923,6.076923076923077,0,2,3,0,5,2,0,3,0,GRUBS,GRUBS_HERALD,TEAMFIGHT,NONE,STANDARD,NEUTRAL,FAST,MIXED,YES,0,1,10,2,1,3,0
EUW1_7735949795,200,0,23.866666666666667,16.3.745.7600,420,126,86,4,14,0,0,1,0,0,0,0,0,1,0,0,8010,-166,-204,2,-989,-1552,-12,-2256,-2826,-12,-3619,-2627,3,0,69,681.3268156424581,55.81005586592179,55.81005586592179,0.9217877094972067,0.222,120,799,6,11,0,0,0,1,0,1,0,0,0,0,0,8230,83,122,5,693,1129,17,-262,361,16,-1005,-380,6,4,84,0,465.4189944134078,0.0,853.7011173184358,1.005586592178771,0.667,4,103,4,12,0,0,1,0,0,0,1,0,0,0,0,8360,-2,99,-1,549,431,-11,-323,-544,-34,-1881,-3115,-65,4,77,364.35754189944134,29.03631284916201,83.75698324022346,0.8798882681564245,0.556,119,115,4,12,0,0,1,0,0,0,1,0,0,0,0,8008,-254,-162,8,489,109,21,1682,-150,20,256,-1336,23,3,95,506.56424581005587,175.39106145251395,203.21229050279328,1.005586592178771,0.444,111,526,4,7,0,0,1,0,1,0,0,0,0,0,0,8439,-104,24,-2,45,527,-2,-251,688,-4,-1251,-5,-9,4,11,208.7849162011173,5.949720670391061,16.34078212290503,2.9748603351955305,0.556,3995.390043445573,0.0,11077.24717608125,5703.921286350936,0.2,14591.48004830216,3625.0878185780794,0.6,12985.088216874,2238.762020459314,0.6,6492.444916978504,0.3076923076923077,0.3076923076923077,0.38461538461538464,NEUTRAL,0.3076923076923077,0.38461538461538464,NEUTRAL,550.204,,,,1,0,0,1,6,3,5,0.4,0.4,2.2,4.6,173.724,SKIRMISH,3,0.0,1.0,5.0,9.0,8,0.25,0.625,3.25,6.25,0,0,1,0,0,1,0,0,1,DRAGON,DRAGONS,TEAMFIGHT,NONE,STANDARD,NEUTRAL,SLOW,MIXED,NO,2,0,0,0,0,0,0
EUW1_7733667423,100,0,29.716666666666665,16.3.745.7600,420,799,2,4,12,0,0,1,0,0,0,1,0,0,0,0,8437,424,242,-2,-541,-750,-3,-76,-961,2,-1932,-3598,-28,2,80,617.5995513180034,204.0269209197981,204.0269209197981,0.5720695457094784,0.19,5,35,4,11,0,0,1,0,0,1,0,0,0,0,0,8010,6,-301,-10,-971,-516,-15,-1011,-1715,-46,-1494,-4014,-76,5,69,0,743.85866517106,233.26977005047675,886.9433538979249,0.9422321929332587,0.571,136,68,4,12,0,0,1,0,0,0,1,0,0,0,0,8229,-303,-533,-13,-637,-633,-8,-477,-647,0,-1109,-89,18,4,76,1119.136287156478,26.550757150869323,92.17049915872126,0.8412787436904094,0.524,161,50,4,21,0,0,1,0,0,0,0,0,0,1,0,8229,543,-170,0,231,-392,-7,157,-203,4,-999,-1207,-8,7,71,1267.9753224901851,40.280426247896806,40.280426247896806,0.47111609646662933,0.524,43,111,4,7,0,0,1,0,1,0,0,0,0,0,0,8214,319,212,-14,414,-171,-25,96,-103,-25,-30,-424,-21,7,14,265.30566461020754,0.0,4.340998317442513,3.028603477285474,0.619,6213.085802162279,0.0,14484.430019852354,4390.789977874794,0.0,11143.835291316898,4079.05496543951,0.4,13809.001303497658,3801.756922646474,0.4,13285.246704521522,0.3076923076923077,0.5384615384615384,0.15384615384615385,MID,0.3076923076923077,0.15384615384615385,TOPSIDE,,508.325,934.115,907.023,0,3,0,3,11,5,8,0.375,0.375,3.0,5.875,81.511,PICK,3,0.0,1.0,3.3333333333333335,8.0,11,0.2727272727272727,0.5454545454545454,3.090909090909091,6.454545454545454,0,1,3,0,1,1,0,0,1,GRUBS,GRUBS_HERALD,TEAMFIGHT,PICK,STANDARD,TOP,FAST,SPLIT,YES,0,0,2,0,1,3,0
EUW1_7733667423,200,1,29.716666666666665,16.3.745.7600,420,2,799,4,6,0,0,1,1,0,0,0,0,0,0,0,8010,-424,-242,2,541,750,3,76,961,-2,1932,3598,28,4,83,1033.7296690970275,552.7874369040943,707.6836791923724,1.076836791923724,0.342,35,5,11,14,0,0,0,0,0,1,0,0,1,0,0,9923,-6,301,10,971,516,15,1011,1715,46,1494,4014,76,6,84,41,749.478407178912,186.7638810992709,1741.7498597868762,1.2787436904094225,0.5,68,136,4,14,0,0,1,0,0,0,0,0,1,0,0,8229,303,533,13,637,633,8,477,647,0,1109,89,-18,6,84,1613.067863151991,276.47784632641617,605.2495793606282,0.7403252944475603,0.658,50,161,3,4,0,1,1,0,0,0,0,0,0,0,0,8010,-543,170,0,-231,392,7,-157,203,-4,999,1207,8,5,78,786.7302299495233,346.77509814918676,423.4324172742569,0.538418395961862,0.579,111,43,4,7,0,0,1,0,1,0,0,0,0,0,0,8439,-319,-212,14,-414,171,25,-96,103,25,30,424,21,5,39,262.983735277622,35.80482333146383,61.04318564217611,3.567021873247336,0.526,4313.296139626348,0.2,13238.628516579804,5549.022100349093,0.2,15450.130614334625,5114.713949440929,0.0,12292.66944158184,3834.8170404946927,0.0,8904.423451296552,0.07692307692307693,0.46153846153846156,0.46153846153846156,NEUTRAL,0.07692307692307693,0.46153846153846156,BOTSIDE,351.44,,,972.19,2,0,0,2,12,15,6,0.16666666666666666,0.5,3.6666666666666665,6.666666666666667,374.252,TEAMFIGHT,8,0.375,0.625,2.25,5.75,14,0.2857142857142857,0.5714285714285714,2.857142857142857,6.142857142857143,0,2,2,0,2,0,0,2,0,DRAGON,DRAGONS,TEAMFIGHT,TEAMFIGHT,SPLIT_1_3_1,TOP,FAST,SPLIT,YES,4,2,11,3,0,0,0
EUW1_7733643892,100,0,31.95,16.3.745.7600,420,83,516,4,12,0,0,1,0,0,0,1,0,0,0,0,8437,-158,-93,-5,-410,-426,-19,129,-111,-13,445,593,-10,6,70,781.1580594679186,298.4976525821596,307.1048513302035,0.5007824726134585,0.4,91,77,4,11,0,0,1,0,0,1,0,0,0,0,0,8112,-173,-487,-11,442,-448,-11,2231,408,-14,3387,-328,-26,9,70,8,1051.643192488263,0.0,381.53364632237873,1.001564945226917,0.767,136,61,4,12,0,0,1,0,0,0,1,0,0,0,0,8229,-134,0,-4,-434,-301,-12,-887,-830,-23,16,-298,-16,4,81,1000.5633802816901,115.33646322378716,251.23630672926447,0.40688575899843504,0.433,50,804,3,4,0,1,1,0,0,0,0,0,0,0,0,8112,167,173,4,-742,-439,-2,-4048,-1458,-15,-5189,-772,-31,6,65,516.4319248826291,61.72143974960876,65.66510172143975,0.7824726134585289,0.367,235,26,4,7,0,0,1,0,1,0,0,0,0,0,0,8021,798,390,-1,723,759,12,-34,-370,13,381,166,26,8,30,858.6854460093897,63.00469483568075,63.00469483568075,2.4100156494522693,0.533,5569.092166114542,0.2,14842.696419451553,6840.816600444465,0.0,14337.287225971308,2912.9204122385067,0.6,10348.658270519903,3422.5806878391186,0.4,12779.54322344895,0.3076923076923077,0.38461538461538464,0.3076923076923077,NEUTRAL,0.3076923076923077,0.3076923076923077,NEUTRAL,1003.932,502.925,,1013.004,0,1,0,1,11,15,7,0.0,0.8571428571428571,4.142857142857143,6.857142857142857,152.168,SKIRMISH,5,0.0,0.6,4.4,7.4,12,0.0,0.75,4.25,7.083333333333333,0,1,2,0,0,1,0,0,1,GRUBS,GRUBS_HERALD,TEAMFIGHT,NONE,STANDARD,NEUTRAL,MID,MIXED,NO,1,0,1,0,0,1,0
EUW1_7733643892,200,1,31.95,16.3.745.7600,420,516,83,4,12,0,0,1,0,0,0,1,0,0,0,0,8437,158,93,5,410,426,19,-129,111,13,-445,-593,10,3,85,751.8935837245697,151.4866979655712,213.7715179968701,1.001564945226917,0.293,77,91,4,11,0,0,1,0,0,1,0,0,0,0,0,8010,173,487,11,-442,448,11,-2231,-408,14,-3387,328,26,6,83,20,1031.3615023474179,159.71830985915494,1790.9546165884194,1.1267605633802817,0.415,61,136,4,6,0,0,1,1,0,0,0,0,0,0,0,8214,134,0,4,434,301,12,887,830,23,-16,298,16,3,93,605.9154929577464,320.34428794992175,387.32394366197184,0.6572769953051644,0.171,804,50,4,21,0,0,1,0,0,0,0,0,0,1,0,8008,-167,-173,-4,742,439,2,4048,1458,15,5189,772,31,11,67,2819.467918622848,540.1877934272301,1832.9890453834116,1.2519561815336464,0.707,26,235,4,7,0,0,1,0,1,0,0,0,0,0,0,8214,-798,-390,1,-723,-759,-12,34,370,-13,-381,-166,-26,12,18,527.2613458528951,37.46478873239437,80.2190923317684,3.223787167449139,0.756,5315.666306458893,0.2,14549.66226412146,4657.079982165249,0.2,14212.146072989823,2078.2010456118646,0.8,6089.952380766208,4804.695414316309,0.0,12057.27834131733,0.38461538461538464,0.3076923076923077,0.3076923076923077,NEUTRAL,0.38461538461538464,0.3076923076923077,NEUTRAL,355.68,505.574,994.835,799.146,2,2,0,4,12,15,7,0.14285714285714285,0.8571428571428571,4.0,6.714285714285714,302.004,TEAMFIGHT,4,0.25,0.75,5.25,7.5,11,0.18181818181818182,0.8181818181818182,4.454545454545454,7.0,0,1,1,0,2,1,1,0,2,DRAGON,MIXED,TEAMFIGHT,TEAMFIGHT,SIEGE_GROUP,NEUTRAL,FAST,GROUP,YES,4,2,9,2,1,2,0
EUW1_7733391371,100,0,43.03333333333333,16.3.745.7600,420,246,58,12,14,0,0,0,0,0,0,1,0,1,0,0,8010,-360,-454,-5,-124,-810,-19,1258,-1009,-30,1881,-879,-47,6,72,686.6769945778467,284.47714949651436,284.47714949651436,0.9992254066615027,0.407,799,59,4,11,0,0,1,0,0,1,0,0,0,0,0,8010,-33,151,11,-171,507,23,-266,-10,17,-512,-752,3,5,79,23,553.7800154918668,140.65840433772271,1280.6351665375678,1.5801704105344694,0.444,13,61,4,6,0,0,1,1,0,0,0,0,0,0,0,8230,323,333,6,1400,451,6,-23,-699,-13,-370,-973,-12,5,79,780.0,203.81874515879164,507.51355538342375,0.7900852052672347,0.593,145,81,4,21,0,0,1,0,0,0,0,0,0,1,0,8008,-1295,-316,-20,-2390,-989,-45,-3433,-547,-41,-3114,642,-9,3,47,658.0945003872966,161.9442292796282,402.71107668474053,0.5809450038729668,0.519,53,44,4,14,0,0,1,0,0,0,0,0,1,0,0,8439,652,-104,-4,328,-16,0,29,-103,-4,-115,394,-10,5,21,290.7978311386522,13.361735089078234,44.50038729666925,3.1835786212238575,0.63,3807.2094122290555,0.4,11438.575523202178,3276.481602632219,0.2,9020.000221729488,2729.925494249728,0.6,9256.216559696517,2366.05982273912,0.6,7519.196765612667,0.5384615384615384,0.3076923076923077,0.15384615384615385,TOP,0.5384615384615384,0.15384615384615385,TOPSIDE,1427.211,588.554,1112.079,803.004,0,3,0,3,11,8,5,0.0,1.0,4.4,7.6,108.571,TEAMFIGHT,5,0.2,0.6,2.8,6.2,10,0.1,0.8,3.6,6.9,1,1,4,0,1,1,0,1,1,GRUBS,GRUBS_HERALD,TEAMFIGHT,TEAMFIGHT,STANDARD,TOP,FAST,MIXED,YES,2,1,7,1,1,3,1
EUW1_7733391371,200,1,43.03333333333333,16.3.745.7600,420,58,246,4,14,0,0,1,0,0,0,0,0,1,0,0,8010,360,454,5,124,810,19,-1258,1009,30,-1881,879,47,4,91,538.861347792409,146.37490317583269,224.63981409759876,1.0689388071262587,0.5,59,799,4,11,0,0,1,0,0,1,0,0,0,0,0,8010,33,-151,-11,171,-507,-23,266,10,-17,512,752,-3,7,56,31,624.2835011618901,45.10457010069714,486.97134004647563,1.0921766072811774,0.688,61,13,4,6,0,0,1,1,0,0,0,0,0,0,0,8214,-323,-333,-6,-1400,-451,-6,23,699,13,370,973,12,4,73,775.0038729666925,259.8915569326104,262.5174283501162,0.6738962044926414,0.594,81,145,4,21,0,0,1,0,0,0,0,0,0,1,0,8008,1295,316,20,2390,989,45,3433,547,41,3114,-642,9,5,92,831.2858249419055,439.426800929512,881.8280402788537,0.34856700232378,0.5,44,53,4,14,0,0,1,0,0,0,0,0,1,0,0,8351,-652,104,4,-328,16,0,-29,103,4,115,-394,10,5,21,229.72889233152597,2.2773044151820296,153.76452362509684,3.230054221533695,0.5,4935.448051427178,0.2,12287.655797588084,4861.856839212158,0.2,14276.14920067733,4764.398788437176,0.0,12343.828417472434,1234.878002737932,0.8,4301.458938546316,0.23076923076923078,0.46153846153846156,0.3076923076923077,MID,0.23076923076923078,0.3076923076923077,NEUTRAL,325.048,,,619.861,2,0,0,2,12,7,6,0.16666666666666666,0.8333333333333334,3.8333333333333335,7.0,108.571,TEAMFIGHT,3,0.3333333333333333,0.6666666666666666,3.6666666666666665,6.333333333333333,9,0.2222222222222222,0.7777777777777778,3.7777777777777777,6.777777777777778,0,1,1,0,1,3,1,1,5,DRAGON,DRAGONS,TEAMFIGHT,TEAMFIGHT,SPLIT_1_3_1,BOT,FAST,SPLIT,YES,4,1,9,1,0,0,0
EUW1_7733356010,100,0,23.766666666666666,16.3.745.7600,420,133,31,4,14,0,0,1,0,0,0,0,0,1,0,0,8112,174,-56,0,-650,-893,-15,-1042,-1884,-22,-1631,-2544,-18,1,71,738.1767180925666,176.59186535764377,176.59186535764377,0.967741935483871,0.286,950,35,4,11,0,0,1,0,0,1,0,0,0,0,0,8010,362,171,0,-101,128,9,695,332,7,-18,-1223,-9,4,71,0,459.50911640953717,0.0,806.0028050490884,0.7573632538569425,0.714,58,238,4,14,0,0,1,0,0,0,0,0,1,0,0,8005,-498,-405,11,-1712,-1027,7,-1263,-845,13,-3122,-2330,7,1,90,330.50490883590464,319.7335203366059,319.7335203366059,0.5049088359046283,0.143,804,27,4,21,0,0,1,0,0,0,0,0,0,1,0,8008,36,210,11,-785,174,13,-27,868,21,-984,252,23,4,88,826.7040673211782,66.73211781206172,66.73211781206172,0.8835904628330996,0.714,497,44,4,7,0,0,1,0,1,0,0,0,0,0,0,8360,-474,-124,-1,-569,-446,-9,-846,-290,-16,-1323,-980,-20,3,13,165.18934081346424,6.605890603085554,6.605890603085554,2.9873772791023843,0.571,5172.953039283633,0.2,13297.562483402739,3816.7472262266215,0.4,12901.255481541322,4017.60308834401,0.0,11619.507433622133,4360.415837886975,0.0,11674.203056311811,0.15384615384615385,0.5384615384615384,0.3076923076923077,MID,0.15384615384615385,0.3076923076923077,BOTSIDE,379.372,509.111,,816.98,2,3,0,5,2,5,2,0.5,0.5,3.5,6.0,242.334,PICK,4,0.0,0.75,3.25,6.5,6,0.16666666666666666,0.6666666666666666,3.3333333333333335,6.333333333333333,0,0,0,1,0,3,0,0,0,DRAGON,GRUBS_HERALD,TEAMFIGHT,PICK,STANDARD,MID,MID,SPLIT,YES,2,0,1,0,0,3,0
EUW1_7733356010,200,1,23.766666666666666,16.3.745.7600,420,31,133,4,14,0,0,1,0,0,0,0,0,1,0,0,9923,-174,56,0,650,893,15,1042,1884,22,1631,2544,18,3,86,639.8036465638149,394.24964936886397,394.24964936886397,0.9256661991584854,0.321,35,950,11,14,0,0,0,0,0,1,0,0,1,0,0,9923,-362,-171,0,101,-128,-9,-695,-332,-7,18,1223,9,6,64,22,575.3015427769986,1.0098176718092566,359.53716690042074,1.7671809256661992,0.464,238,58,4,14,0,0,1,0,0,0,0,0,1,0,0,8369,498,405,-11,1712,1027,-7,1263,845,-13,3122,2330,-7,7,83,1084.460028050491,366.39551192145865,366.39551192145865,0.5049088359046283,0.5,27,804,4,6,0,0,1,1,0,0,0,0,0,0,0,8010,-36,-210,-11,785,-174,-13,27,-868,-21,984,-252,-23,7,75,615.7784011220197,294.3618513323983,294.3618513323983,1.1781206171107994,0.5,44,497,6,7,0,0,0,1,1,0,0,0,0,0,0,8351,474,124,1,569,446,9,846,290,16,1323,980,20,7,22,250.72931276297336,85.70827489481066,85.70827489481066,1.7671809256661992,0.5,2729.117890634264,0.8,7946.532577168484,4931.446500119785,0.2,14338.74332011003,4491.394204212767,0.0,12452.039511662337,4224.887149491437,0.0,13016.817775477997,0.15384615384615385,0.38461538461538464,0.46153846153846156,NEUTRAL,0.15384615384615385,0.46153846153846156,BOTSIDE,1146.822,,,931.597,0,0,0,0,13,15,9,0.7777777777777778,0.1111111111111111,1.6666666666666667,3.888888888888889,202.044,SKIRMISH,6,0.3333333333333333,0.6666666666666666,3.0,6.333333333333333,15,0.6,0.3333333333333333,2.2,4.866666666666666,0,2,1,0,2,1,0,2,2,NONE,NONE,PICK,NONE,SPLIT_1_3_1,NEUTRAL,MID,SPLIT,NO,1,0,6,0,0,0,0
EUW1_7733299284,100,1,38.166666666666664,16.3.745.7600,420,2,54,4,6,0,0,1,1,0,0,0,0,0,0,0,8010,111,-143,-8,311,55,14,377,-331,9,371,-1217,10,1,88,785.5021834061135,282.0262008733625,285.6943231441048,1.1528384279475983,0.312,200,950,4,11,0,0,1,0,0,1,0,0,0,0,0,8010,46,226,4,-6,-35,1,-1166,-877,0,-1174,127,15,2,74,8,815.1353711790393,229.99126637554588,1770.3668122270744,0.8646288209606987,0.531,103,517,4,14,0,0,1,0,0,0,0,0,1,0,0,8112,-534,-26,-7,-379,652,7,156,1856,14,-872,2751,15,4,65,989.5807860262009,68.3056768558952,100.13973799126639,1.0218340611353713,0.531,804,110,1,4,1,0,1,0,0,0,0,0,0,0,0,8008,-30,-24,-1,484,262,6,2432,256,10,1869,-457,2,5,90,766.4541484716158,149.97379912663757,329.3973799126638,1.0480349344978166,0.438,53,497,4,14,0,0,1,0,0,0,0,0,1,0,0,8439,-64,-110,-1,269,5,-2,874,691,1,501,-259,-3,7,15,303.0655021834061,56.80349344978166,62.85589519650655,2.7510917030567685,0.5,5393.547929757966,0.2,14346.582345632007,5012.742255983181,0.0,13690.718169621343,2780.2368414079483,0.4,6822.310825519459,814.7149008580516,1.0,2650.8723092597274,0.23076923076923078,0.46153846153846156,0.3076923076923077,MID,0.23076923076923078,0.3076923076923077,NEUTRAL,634.644,499.028,988.911,857.174,1,3,0,4,8,12,7,0.5714285714285714,0.2857142857142857,1.5714285714285714,4.0,133.285,PICK,6,0.16666666666666666,0.6666666666666666,3.5,7.333333333333333,13,0.38461538461538464,0.46153846153846156,2.4615384615384617,5.538461538461538,0,1,3,0,1,2,0,1,3,GRUBS,GRUBS_HERALD,MIXED,PICK,SPLIT_1_3_1,NEUTRAL,FAST,SPLIT,YES,1,2,8,1,1,3,0
EUW1_7733299284,200,0,38.166666666666664,16.3.745.7600,420,54,2,4,12,0,0,1,0,0,0,1,0,0,0,0,8229,-111,143,8,-311,-55,-14,-377,331,-9,-371,1217,-10,3,74,701.7903930131005,73.23144104803494,295.10043668122273,1.074235807860262,0.583,950,200,4,11,0,0,1,0,0,1,0,0,0,0,0,8010,-46,-226,-4,6,35,-1,1166,877,0,1174,-127,-15,7,66,21,1073.344978165939,140.48908296943233,976.5327510917031,0.5240174672489083,0.778,517,103,4,14,0,0,1,0,0,0,0,0,1,0,0,8112,534,26,7,379,-652,-7,-156,-1856,-14,872,-2751,-15,4,59,1130.7772925764193,251.55458515283846,622.061135371179,0.5502183406113538,0.806,110,804,4,21,0,0,1,0,0,0,0,0,0,1,0,8229,30,24,1,-484,-262,-6,-2432,-256,-10,-1869,457,-2,0,84,865.8078602620088,240.7336244541485,254.5152838427948,0.759825327510917,0.25,497,53,4,7,0,0,1,0,1,0,0,0,0,0,0,8465,64,110,1,-269,-5,2,-874,-691,-1,-501,259,3,4,17,192.2096069868996,6.995633187772926,51.1703056768559,4.270742358078603,0.75,4815.48375950202,0.0,14460.345362404038,4892.033545546842,0.2,14490.585426407037,3845.6622705536697,0.4,13168.773253420382,1232.493088562474,1.0,3430.8344466033336,0.3076923076923077,0.23076923076923078,0.46153846153846156,BOT,0.3076923076923077,0.46153846153846156,BOTSIDE,1063.479,,,1015.622,0,0,0,0,6,12,6,0.6666666666666666,0.16666666666666666,1.3333333333333333,4.333333333333333,67.388,PICK,7,0.14285714285714285,0.5714285714285714,3.142857142857143,6.857142857142857,13,0.38461538461538464,0.38461538461538464,2.3076923076923075,5.6923076923076925,0,1,0,0,0,1,0,1,0,NONE,NONE,MIXED,PICK,SPLIT_1_3_1,NEUTRAL,SLOW,SPLIT,NO,4,1,6,1,0,0,0
EUW1_7733251154,100,1,26.666666666666668,16.3.745.7600,420,799,58,4,12,0,0,1,0,0,0,1,0,0,0,0,8437,-25,279,-1,-316,-615,-25,370,456,-15,554,666,-24,6,67,1144.6125,447.1875,611.175,0.8624999999999999,0.475,121,427,4,11,0,0,1,0,0,1,0,0,0,0,0,8010,327,563,12,1189,1265,25,1425,2700,58,4296,5282,109,9,78,36,1056.7124999999999,40.8375,1999.5375,0.7125,0.425,61,39,4,6,0,0,1,1,0,0,0,0,0,0,0,8214,398,430,7,1316,1309,9,1746,1481,2,1241,601,-24,9,87,889.125,352.91249999999997,608.5875,0.44999999999999996,0.475,202,804,4,21,0,0,1,0,0,0,0,0,0,1,0,8021,-489,300,9,-1187,460,-16,-2208,662,-25,-1909,211,-29,4,63,722.4375,234.4125,234.4125,0.375,0.4,555,117,4,14,0,0,1,0,0,0,0,0,1,0,0,9923,-44,333,4,311,314,9,1248,674,10,1353,32,11,12,20,585.7875,231.71249999999998,231.71249999999998,3.1125,0.575,5642.940947997908,0.2,14957.86498802553,4693.413231141867,0.2,13172.589305068308,3961.4321853516713,0.2,12919.843961906041,3650.870589283941,0.4,13622.803382564105,0.38461538461538464,0.23076923076923078,0.38461538461538464,NEUTRAL,0.38461538461538464,0.38461538461538464,NEUTRAL,779.528,531.872,984.893,793.143,1,3,0,4,16,19,9,0.3333333333333333,0.5555555555555556,2.5555555555555554,5.222222222222222,156.731,PICK,8,0.0,0.875,3.875,7.375,17,0.17647058823529413,0.7058823529411765,3.176470588235294,6.235294117647059,0,1,0,0,3,1,1,1,2,GRUBS,GRUBS_HERALD,TEAMFIGHT,PICK,STANDARD,NEUTRAL,FAST,SPLIT,YES,3,1,8,1,1,3,0
EUW1_7733251154,200,0,26.666666666666668,16.3.745.7600,420,58,799,4,12,0,0,1,0,0,0,1,0,0,0,0,8010,25,-279,1,316,615,25,-370,-456,15,-554,-666,24,2,92,679.6125,169.79999999999998,194.2875,0.8999999999999999,0.292,427,121,4,11,0,0,1,0,0,1,0,0,0,0,0,8351,-327,-563,-12,-1189,-1265,-25,-1425,-2700,-58,-4296,-5282,-109,6,54,9,295.2375,19.537499999999998,105.9375,0.5625,0.5,39,61,4,14,0,0,1,0,0,0,0,0,1,0,0,8005,-398,-430,-7,-1316,-1309,-9,-1746,-1481,-2,-1241,-601,24,1,78,819.375,160.5,190.5375,0.6,0.417,804,202,4,21,0,0,1,0,0,0,0,0,0,1,0,8008,489,-300,-9,1187,-460,16,2208,-662,25,1909,-211,29,8,79,1073.5125,273.6375,316.125,0.7125,0.667,117,555,4,7,0,0,1,0,1,0,0,0,0,0,0,8214,44,-333,-4,-311,-314,-9,-1248,-674,-10,-1353,-32,-11,8,11,403.0875,104.88749999999999,104.88749999999999,2.2875,0.708,3717.474246323725,0.6,14594.4669309982,5865.420814727073,0.0,13906.301629117643,3315.5661129963605,0.0,6953.814564683185,4696.9208159608415,0.0,12492.177912597946,0.07692307692307693,0.3076923076923077,0.6153846153846154,BOT,0.07692307692307693,0.6153846153846154,BOTSIDE,,,,701.301,0,0,0,0,9,13,6,0.3333333333333333,0.6666666666666666,2.8333333333333335,5.333333333333333,79.137,PICK,7,0.14285714285714285,0.7142857142857143,3.7142857142857144,6.857142857142857,13,0.23076923076923078,0.6923076923076923,3.3076923076923075,6.153846153846154,0,1,3,0,0,1,1,0,3,NONE,NONE,TEAMFIGHT,PICK,SPLIT_1_3_1,NEUTRAL,FAST,SPLIT,YES,0,0,2,0,0,0,0
EUW1_7733183525,100,1,39.666666666666664,16.3.745.7600,420,14,887,4,12,0,0,1,0,0,0,1,0,0,0,0,8437,-270,22,1,-565,-162,-5,-199,500,13,380,-13,-4,2,85,1103.1680672268908,174.50420168067228,201.63025210084035,1.0084033613445378,0.676,64,266,4,11,0,0,1,0,0,1,0,0,0,0,0,8010,304,79,-3,-108,-378,-9,-1009,-1955,-34,-790,-1431,-28,3,66,0,652.1596638655462,10.134453781512606,825.529411764706,1.0840336134453783,0.559,13,84,4,12,0,0,1,0,0,0,1,0,0,0,0,8230,122,88,4,-132,261,13,-338,462,37,640,1272,53,0,91,1170.6302521008404,218.0420168067227,389.8487394957983,0.8319327731092437,0.324,523,29,4,21,0,0,1,0,0,0,0,0,0,1,0,8005,139,113,9,-669,-1101,-5,-1996,-1745,6,1438,-576,20,0,73,1847.5966386554624,405.20168067226894,573.3781512605042,0.4285714285714286,0.706,117,432,4,7,0,0,1,0,1,0,0,0,0,0,0,8214,-24,149,-3,-751,123,-2,-907,356,3,-605,1733,0,2,15,260.1932773109244,51.02521008403362,78.2016806722689,3.2016806722689077,0.765,4213.144671847416,0.2,12640.842891199938,5285.85316559594,0.2,14438.457708495045,4025.3955259962872,0.4,13714.563099129335,434.2986074961497,1.0,1145.0000000000002,0.23076923076923078,0.5384615384615384,0.23076923076923078,MID,0.23076923076923078,0.23076923076923078,NEUTRAL,341.377,501.883,1147.725,915.597,1,3,0,4,3,14,3,0.3333333333333333,0.3333333333333333,2.0,4.333333333333333,244.877,PICK,8,0.0,0.625,3.125,6.625,11,0.09090909090909091,0.5454545454545454,2.8181818181818183,6.0,0,0,1,0,2,2,0,1,3,DRAGON,GRUBS_HERALD,TEAMFIGHT,PICK,STANDARD,NEUTRAL,MID,SPLIT,YES,2,0,7,2,1,3,0
EUW1_7733183525,200,0,39.666666666666664,16.3.745.7600,420,887,14,4,12,0,0,1,0,0,0,1,0,0,0,0,8010,270,-22,-1,565,162,5,199,-500,-13,-380,13,4,1,90,1300.1596638655462,824.3193277310925,960.075630252101,0.7563025210084034,0.4,266,64,4,11,0,0,1,0,0,1,0,0,0,0,0,8010,-304,-79,3,108,378,9,1009,1955,34,790,1431,28,6,76,49,1032.5042016806724,66.40336134453781,918.3529411764706,1.2605042016806725,0.489,84,13,4,14,0,0,1,0,0,0,0,0,1,0,0,8010,-122,-88,-4,132,-261,-13,338,-462,-37,-640,-1272,-53,5,82,854.0420168067227,24.403361344537817,185.7478991596639,0.8571428571428572,0.467,29,523,4,21,0,0,1,0,0,0,0,0,0,1,0,8008,-139,-113,-9,669,1101,5,1996,1745,-6,-1438,576,-20,8,78,1171.8151260504203,183.95798319327733,633.327731092437,0.8319327731092437,0.6,432,117,4,7,0,0,1,0,1,0,0,0,0,0,0,8112,24,-149,3,751,-123,2,907,-356,-3,605,-1733,0,9,17,512.5714285714286,6.65546218487395,35.79831932773109,3.4789915966386555,0.533,3497.9865387523687,0.4,13812.948454258418,5156.549244902921,0.2,13756.966089948757,2971.232259593319,0.4,9840.200099591471,3329.712209252987,0.2,8581.486701032636,0.23076923076923078,0.38461538461538464,0.38461538461538464,NEUTRAL,0.23076923076923078,0.38461538461538464,BOTSIDE,673.5,,,867.11,1,0,0,1,13,11,6,0.16666666666666666,0.5,2.5,5.0,114.056,PICK,6,0.0,0.6666666666666666,3.5,7.0,12,0.08333333333333333,0.5833333333333334,3.0,6.0,0,0,1,0,0,0,0,1,1,DRAGON,DRAGONS,TEAMFIGHT,PICK,SPLIT_1_3_1,NEUTRAL,MID,SPLIT,NO,3,2,10,2,0,0,0
EUW1_7733132459,100,1,21.966666666666665,16.3.745.7600,420,114,904,4,14,0,0,1,0,0,0,0,0,1,0,0,8010,436,871,4,1043,1278,17,1691,867,26,2166,378,28,3,81,835.2655538694993,232.2610015174507,282.6100151745068,1.3201820940819424,0.324,120,36,6,11,0,0,0,1,0,1,0,0,0,0,0,8230,758,360,4,-101,-3,5,-557,-541,1,1350,1466,26,8,84,6,941.7450682852808,202.16995447647952,1641.8968133535661,0.8649468892261002,0.559,126,61,4,12,0,0,1,0,0,0,1,0,0,0,0,8112,563,319,13,839,545,22,1281,1100,24,2417,1851,38,5,94,913.793626707132,510.04552352048563,549.8330804248862,0.6373292867981791,0.382,30,15,3,4,0,1,1,0,0,0,0,0,0,0,0,8128,218,-20,-16,690,139,-23,1760,1811,-9,2660,2705,-1,14,58,1392.382397572079,319.0743550834598,681.1684370257967,0.7738998482549317,0.706,12,117,4,7,0,0,1,0,1,0,0,0,0,0,0,8360,-263,-366,-2,136,-514,-4,-153,-89,2,302,381,1,10,11,342.29135053110775,57.63277693474962,57.63277693474962,2.685887708649469,0.588,4623.3768743862,0.2,12088.936512365344,5255.529965465649,0.2,15190.669833815755,2864.4120783461103,0.6,12659.082510197964,2048.4246267536864,0.6,7218.822964999212,0.3076923076923077,0.46153846153846156,0.23076923076923078,MID,0.3076923076923077,0.23076923076923078,NEUTRAL,891.524,502.289,989.974,846.093,0,3,0,3,17,17,9,0.2222222222222222,0.5555555555555556,2.888888888888889,5.333333333333333,91.108,PICK,6,0.16666666666666666,0.8333333333333334,3.1666666666666665,7.166666666666667,15,0.2,0.6666666666666666,3.0,6.066666666666666,0,1,4,0,1,2,0,3,2,GRUBS,GRUBS_HERALD,TEAMFIGHT,PICK,STANDARD,TOP,FAST,MIXED,YES,2,0,6,1,1,3,0
EUW1_7733132459,200,0,21.966666666666665,16.3.745.7600,420,904,114,4,14,0,0,1,0,0,0,0,0,1,0,0,8010,-436,-871,-4,-1043,-1278,-17,-1691,-867,-26,-2166,-378,-28,1,64,653.5356600910471,0.0,0.0,0.6828528072837633,0.125,36,120,4,11,0,0,1,0,0,1,0,0,0,0,0,8021,-758,-360,-4,101,3,-5,557,541,-1,-1350,-1466,-26,6,78,1,838.3156297420335,81.98786039453718,940.0151745068285,1.5933232169954479,0.5,61,126,4,12,0,0,1,0,0,0,1,0,0,0,0,8230,-563,-319,-13,-839,-545,-22,-1281,-1100,-24,-2417,-1851,-38,5,72,611.6995447647952,0.0,51.66919575113809,1.1380880121396055,0.375,15,30,4,6,0,0,1,1,0,0,0,0,0,0,0,8008,-218,20,16,-690,-139,23,-1760,-1811,9,-2660,-2705,1,6,81,711.8057663125949,236.44916540212444,236.44916540212444,0.6828528072837633,0.375,117,12,4,7,0,0,1,0,1,0,0,0,0,0,0,8214,263,366,2,-136,514,4,153,89,-2,-302,-381,-1,5,15,472.2610015174507,57.04097116843703,79.43854324734447,3.050075872534143,0.438,4948.602271911714,0.2,14066.91355628519,5374.768939166067,0.2,14299.669996192219,3658.278771574621,0.4,13395.398799587865,1264.1163441859671,0.8,4256.760857741482,0.46153846153846156,0.15384615384615385,0.38461538461538464,NEUTRAL,0.46153846153846156,0.38461538461538464,NEUTRAL,532.682,,,,1,0,0,1,12,4,9,0.3333333333333333,0.4444444444444444,2.6666666666666665,5.0,164.924,SKIRMISH,3,0.3333333333333333,0.3333333333333333,2.6666666666666665,5.666666666666667,12,0.3333333333333333,0.4166666666666667,2.6666666666666665,5.166666666666667,0,0,0,0,0,1,0,0,2,DRAGON,DRAGONS,MIXED,NONE,STANDARD,NEUTRAL,MID,SPLIT,NO,1,0,0,0,0,0,0
EUW1_7733063476,100,1,27.416666666666668,16.3.745.7600,420,24,114,4,14,0,0,1,0,0,0,0,0,1,0,0,8008,1080,466,3,2179,2297,29,3436,3644,40,4027,4021,43,10,76,733.2401215805471,513.7021276595744,614.1155015197568,1.1671732522796352,0.394,421,104,4,11,0,0,1,0,0,1,0,0,0,0,0,8010,741,-202,-9,441,-331,-13,381,-115,-12,878,-532,-27,10,58,14,627.4285714285714,230.7355623100304,2511.1367781155013,1.3495440729483281,0.576,8,61,4,6,0,0,1,1,0,0,0,0,0,0,0,8214,59,190,5,107,272,0,85,981,20,1251,1776,36,2,85,885.0455927051671,314.370820668693,427.1489361702127,0.4376899696048632,0.364,235,51,4,21,0,0,1,0,0,0,0,0,0,1,0,8229,-264,-108,-23,-1039,-202,-42,-1214,43,-55,-826,344,-47,7,61,681.1185410334347,216.03647416413372,419.70820668693005,0.4376899696048632,0.515,432,518,4,14,0,0,1,0,0,0,0,0,1,0,0,8112,661,-233,-1,125,-297,4,880,265,-4,1006,144,-11,11,8,512.4984802431611,143.01519756838906,215.23404255319147,2.917933130699088,0.667,5462.744932453242,0.2,14316.827057696828,4941.223740662198,0.2,14287.672588633883,2554.9473257087293,0.6,8424.933708938011,2994.699386247996,0.4,9918.821300940954,0.46153846153846156,0.15384615384615385,0.38461538461538464,NEUTRAL,0.46153846153846156,0.38461538461538464,NEUTRAL,382.404,494.522,970.479,769.207,2,3,0,5,17,11,12,0.5,0.25,1.9166666666666667,4.416666666666667,84.528,PICK,6,0.5,0.3333333333333333,2.3333333333333335,5.5,18,0.5,0.2777777777777778,2.0555555555555554,4.777777777777778,1,1,3,0,3,2,0,2,0,DRAGON,GRUBS_HERALD,PICK,PICK,STANDARD,NEUTRAL,FAST,MIXED,YES,4,1,9,1,1,3,0
EUW1_7733063476,200,0,27.416666666666668,16.3.745.7600,420,114,24,4,14,0,0,1,0,0,0,0,0,1,0,0,8005,-1080,-466,-3,-2179,-2297,-29,-3436,-3644,-40,-4027,-4021,-43,2,47,519.9756838905774,347.2705167173252,347.2705167173252,0.9118541033434651,0.3,104,421,4,11,0,0,1,0,0,1,0,0,0,0,0,8128,-741,202,9,-441,331,13,-381,115,12,-878,532,27,3,75,21,575.3434650455927,104.86322188449847,104.86322188449847,0.8024316109422492,0.6,61,8,4,12,0,0,1,0,0,0,1,0,0,0,0,8230,-59,-190,-5,-107,-272,0,-85,-981,-20,-1251,-1776,-36,2,85,1078.1033434650456,76.66869300911854,76.66869300911854,1.0577507598784195,0.4,51,235,4,21,0,0,1,0,0,0,0,0,0,1,0,8021,264,108,23,1039,202,42,1214,-43,55,826,-344,47,4,103,870.3465045592704,211.98784194528875,211.98784194528875,0.6930091185410334,0.7,518,432,4,7,0,0,1,0,1,0,0,0,0,0,0,8229,-661,233,1,-125,297,-4,-880,-265,4,-1006,-144,11,3,4,524.1702127659574,64.96048632218844,79.55015197568389,2.6990881458966562,0.6,4719.867125645777,0.2,14120.220465700953,4228.785666623111,0.2,12043.892435587426,4311.621962230096,0.2,13494.328438273615,2356.909554165696,0.8,7478.769484347008,0.15384615384615385,0.3076923076923077,0.5384615384615384,BOT,0.15384615384615385,0.5384615384615384,BOTSIDE,,,,885.915,0,0,0,0,6,3,4,0.0,0.75,3.25,6.25,484.97,TEAMFIGHT,3,0.0,0.6666666666666666,3.6666666666666665,7.666666666666667,7,0.0,0.7142857142857143,3.4285714285714284,6.857142857142857,0,1,0,0,0,0,0,1,3,NONE,NONE,TEAMFIGHT,TEAMFIGHT,SPLIT_1_3_1,BOT,SLOW,SPLIT,NO,0,0,3,0,0,0,0
EUW1_7731726220,100,0,21.383333333333333,16.3.745.7600,420,14,245,4,14,0,0,1,0,0,0,0,0,1,0,0,8437,-186,-91,13,341,261,26,-627,-1239,7,175,528,17,5,86,495.6664068589244,322.44738893219017,380.8573655494934,0.8417770849571318,0.462,64,246,4,11,0,0,1,0,0,1,0,0,0,0,0,8010,5,35,-3,-1241,-660,-17,-2900,-1583,-23,-4632,-3449,-44,6,60,2,625.3000779423227,3.6477007014809044,981.2782540919719,1.0756040530007795,0.615,13,61,4,12,0,0,1,0,0,0,1,0,0,0,0,8230,301,326,-4,383,420,-13,520,56,-13,-929,-1928,-46,6,72,656.9602494154326,30.724863600935308,89.41543257989088,0.6547155105222136,0.615,110,236,4,21,0,0,1,0,0,0,0,0,0,1,0,8008,-813,-369,-7,-1701,-1034,-13,-2069,-879,-19,-2669,-1453,-34,1,68,439.12704598597037,126.78098207326579,126.78098207326579,0.6547155105222136,0.308,43,412,4,7,0,0,1,0,1,0,0,0,0,0,0,8214,-217,-444,-3,-802,-1162,-8,-1316,-1829,-10,-1241,-2310,-12,1,9,351.95635229929854,18.986749805144193,18.986749805144193,1.9641465315666407,0.308,5152.346105660588,0.0,14715.22765709046,5244.027802223471,0.2,13329.68904363489,2360.9366138521623,0.4,6137.772641602163,3949.975421353522,0.4,11814.057939590442,0.07692307692307693,0.46153846153846156,0.46153846153846156,NEUTRAL,0.07692307692307693,0.46153846153846156,BOTSIDE,1173.85,519.679,955.289,970.064,0,3,0,3,9,4,8,0.25,0.5,2.875,6.125,111.716,SKIRMISH,3,0.0,0.6666666666666666,3.0,7.333333333333333,11,0.18181818181818182,0.5454545454545454,2.909090909090909,6.454545454545454,0,1,0,0,0,1,0,0,1,GRUBS,GRUBS_HERALD,TEAMFIGHT,NONE,SPLIT_1_3_1,NEUTRAL,FAST,SPLIT,YES,1,0,1,0,1,3,0
EUW1_7731726220,200,1,21.383333333333333,16.3.745.7600,420,245,14,4,14,0,0,1,0,0,0,0,0,1,0,0,9923,186,91,-13,-341,-261,-26,627,1239,-7,-175,-528,-17,4,62,655.6975837879969,419.5323460639127,507.12392829306316,0.8885424785658613,0.229,246,64,4,11,0,0,1,0,0,1,0,0,0,0,0,8369,-5,-35,3,1241,660,17,2900,1583,23,4632,3449,44,11,76,40,1220.8573655494934,13.655494933749026,697.6461418550273,0.514419329696025,0.714,61,13,4,6,0,0,1,1,0,0,0,0,0,0,0,8214,-301,-326,4,-383,-420,13,-520,-56,13,929,1928,46,4,85,884.1465315666408,300.18706157443495,346.0639127045986,0.7950116913484022,0.314,236,110,4,21,0,0,1,0,0,0,0,0,0,1,0,8005,813,369,7,1701,1034,13,2069,879,19,2669,1453,34,12,81,1062.3226812159003,546.5003897116134,743.1488698363212,0.37412314886983633,0.629,412,43,4,7,0,0,1,0,1,0,0,0,0,0,0,8351,217,444,3,802,1162,8,1316,1829,10,1241,2310,12,13,17,352.3304754481684,51.7692907248636,94.88698363211223,2.618862042088854,0.629,4365.86636814771,0.2,12957.631920995442,4937.218750502552,0.2,12406.384243606193,3575.022809620425,0.4,12247.092103842448,3180.5621976416896,0.4,11180.639158831664,0.23076923076923078,0.23076923076923078,0.5384615384615384,BOT,0.23076923076923078,0.5384615384615384,BOTSIDE,339.528,,,713.144,1,0,0,1,19,16,9,0.2222222222222222,0.5555555555555556,2.888888888888889,6.222222222222222,111.716,SKIRMISH,7,0.2857142857142857,0.5714285714285714,2.7142857142857144,6.0,16,0.25,0.5625,2.8125,6.125,1,1,4,0,2,3,1,1,4,DRAGON,DRAGONS,TEAMFIGHT,NONE,STANDARD,NEUTRAL,FAST,SPLIT,YES,2,0,6,0,0,0,0
EUW1_7731692095,100,1,22.816666666666666,16.3.745.7600,420,893,2,4,14,0,0,1,0,0,0,0,0,1,0,0,8112,-158,-217,-9,62,-42,-9,823,1511,14,1685,1351,10,4,62,783.5062089116143,286.76406135865597,286.76406135865597,1.008035062089116,0.321,799,91,4,11,0,0,1,0,0,1,0,0,0,0,0,8010,-429,553,17,-796,884,22,-1260,1019,10,-453,2387,27,5,79,9,426.4864864864865,47.158509861212565,735.1205259313367,1.3586559532505478,0.393,31,45,4,14,0,0,1,0,0,0,0,0,1,0,0,9923,303,365,17,321,244,30,394,391,29,2058,3292,59,3,93,648.9992695398101,336.94667640613585,635.4127100073046,0.5697589481373265,0.286,804,202,4,21,0,0,1,0,0,0,0,0,0,1,0,8008,-145,86,0,794,506,8,3036,1594,16,4614,1823,13,9,73,1358.5682980277575,290.1387874360847,293.3382030679328,0.4382761139517896,0.607,43,26,4,7,0,0,1,0,1,0,0,0,0,0,0,8214,-338,-126,-4,-146,-365,-2,598,-156,-1,1257,191,3,8,11,414.6530314097882,12.359386413440468,12.359386413440468,2.498173849525201,0.536,5000.256850414237,0.0,15159.289066443716,4750.727892277,0.0,14382.704126832337,3504.741610661443,0.2,9898.40391174254,2155.7006867205573,0.4,5442.121736969874,0.07692307692307693,0.46153846153846156,0.46153846153846156,NEUTRAL,0.07692307692307693,0.46153846153846156,BOTSIDE,401.962,500.615,,858.379,2,1,0,3,13,15,7,0.14285714285714285,0.8571428571428571,2.857142857142857,6.0,193.643,TEAMFIGHT,8,0.375,0.375,2.375,5.0,15,0.26666666666666666,0.6,2.6,5.466666666666667,0,1,1,0,2,2,0,2,2,DRAGON,DRAGONS,TEAMFIGHT,TEAMFIGHT,SPLIT_1_3_1,NEUTRAL,FAST,SPLIT,YES,3,0,5,0,0,1,0
EUW1_7731692095,200,0,22.816666666666666,16.3.745.7600,420,2,893,4,6,0,0,1,1,0,0,0,0,0,0,0,8010,158,217,9,-62,42,9,-823,-1511,-14,-1685,-1351,-10,3,71,455.2812271731191,90.50401753104455,90.50401753104455,0.5697589481373265,0.294,91,799,4,11,0,0,1,0,0,1,0,0,0,0,0,8112,429,-553,-17,796,-884,-22,1260,-1019,-10,453,-2387,-27,8,56,0,790.4309715120526,0.0,350.79620160701245,1.008035062089116,0.706,45,31,4,12,0,0,1,0,0,0,1,0,0,0,0,8369,-303,-365,-17,-321,-244,-30,-394,-391,-29,-2058,-3292,-59,3,69,459.1380569758948,96.55222790357925,107.0708546384222,0.3944485025566107,0.412,202,804,4,21,0,0,1,0,0,0,0,0,0,1,0,8021,145,-86,0,-794,-506,-8,-3036,-1594,-16,-4614,-1823,-13,5,65,617.6186997808619,0.0,0.0,0.4382761139517896,0.471,26,43,4,7,0,0,1,0,1,0,0,0,0,0,0,8214,338,126,4,146,365,2,-598,156,1,-1257,-191,-3,5,13,213.26515704894084,74.11249086924762,74.11249086924762,2.498173849525201,0.529,5533.244428960319,0.2,14589.332061475605,4942.800784723404,0.0,13526.423400145362,1591.2280194499099,0.8,4737.76930632972,2836.4556246047987,0.2,6425.291588714087,0.38461538461538464,0.23076923076923078,0.38461538461538464,NEUTRAL,0.38461538461538464,0.38461538461538464,NEUTRAL,,631.486,,,0,2,0,2,10,7,7,0.42857142857142855,0.5714285714285714,2.5714285714285716,5.285714285714286,193.643,TEAMFIGHT,6,0.16666666666666666,0.5,2.1666666666666665,5.5,13,0.3076923076923077,0.5384615384615384,2.3846153846153846,5.384615384615385,0,0,0,0,0,1,0,0,0,GRUBS,GRUBS_HERALD,TEAMFIGHT,TEAMFIGHT,SIEGE_GROUP,NEUTRAL,FAST,GROUP,YES,0,0,0,0,0,2,0
EUW1_7729519634,100,0,23.083333333333332,16.3.745.7600,420,85,516,4,12,0,0,1,0,0,0,1,0,0,0,0,8010,711,271,13,1006,-22,30,434,-832,32,1506,243,30,2,93,1007.5234657039712,273.6173285198556,273.6173285198556,1.3862815884476536,0.5,799,2,4,11,0,0,1,0,0,1,0,0,0,0,0,8010,181,372,7,366,131,-1,-119,-613,3,-1224,-1784,-9,6,80,2,761.1985559566788,16.505415162454874,415.6678700361011,1.2996389891696751,0.8,42,27,4,12,0,0,1,0,0,0,1,0,0,0,0,8010,782,893,34,1667,1368,58,1406,369,54,1167,430,70,3,96,972.389891696751,285.87725631768956,292.7653429602888,0.7797833935018051,0.5,222,145,4,6,0,0,1,1,0,0,0,0,0,0,0,8008,-429,72,-6,-612,207,-13,-2324,-736,-18,-4241,-1451,-19,2,81,564.173285198556,128.4043321299639,176.62093862815885,0.38989169675090257,0.4,902,412,4,7,0,0,1,0,1,0,0,0,0,0,0,8214,-371,-52,6,-257,-173,9,-609,-1270,15,-971,-2221,16,3,21,179.87003610108303,0.0,0.0,3.1191335740072206,0.5,4940.050659473914,0.0,14343.29571611769,5399.836509230734,0.2,14855.589554103868,5329.371984682509,0.0,12728.490876769327,5284.302402986626,0.0,12459.233122467851,0.23076923076923078,0.46153846153846156,0.3076923076923077,MID,0.23076923076923078,0.3076923076923077,NEUTRAL,,593.806,,845.843,0,3,0,3,6,4,4,0.5,0.5,3.0,5.75,248.225,PICK,3,0.0,1.0,5.0,9.333333333333334,7,0.2857142857142857,0.7142857142857143,3.857142857142857,7.285714285714286,0,1,2,0,1,1,0,1,1,GRUBS,GRUBS_HERALD,TEAMFIGHT,PICK,SPLIT_1_3_1,NEUTRAL,MID,SPLIT,YES,0,0,3,0,0,3,0
EUW1_7729519634,200,1,23.083333333333332,16.3.745.7600,420,516,85,4,12,0,0,1,0,0,0,1,0,0,0,0,8214,-711,-271,-13,-1006,22,-30,-434,832,-32,-1506,-243,-30,3,63,470.2093862815885,74.4259927797834,74.4259927797834,0.7364620938628159,0.241,2,799,6,11,0,0,0,1,0,1,0,0,0,0,0,8010,-181,-372,-7,-366,-131,1,119,613,-3,1224,1784,9,10,80,1,664.5487364620939,132.4765342960289,1765.3862815884477,0.6064981949458484,0.69,27,42,4,6,0,0,1,1,0,0,0,0,0,0,0,8230,-782,-893,-34,-1667,-1368,-58,-1406,-369,-54,-1167,-430,-70,7,38,686.9025270758123,121.94945848375451,121.94945848375451,0.5198555956678701,0.621,145,222,4,21,0,0,1,0,0,0,0,0,0,1,0,8008,429,-72,6,612,-207,13,2324,736,18,4241,1451,19,8,94,1170.3682310469314,559.4512635379061,681.7039711191336,1.212996389891697,0.759,412,902,4,7,0,0,1,0,1,0,0,0,0,0,0,8351,371,52,-6,257,173,-9,609,1270,-15,971,2221,-16,10,12,267.6823104693141,16.28880866425993,30.714801444043324,2.3826714801444044,0.759,4375.2040269496,0.2,11309.342774891917,4571.791262093984,0.4,13983.110455116914,5025.294744553272,0.0,14131.126635905575,2075.2102640715643,0.6,6278.123605027222,0.23076923076923078,0.46153846153846156,0.3076923076923077,MID,0.23076923076923078,0.3076923076923077,NEUTRAL,376.286,,1118.725,1005.812,2,0,0,2,9,20,5,0.6,0.4,2.6,5.4,197.177,PICK,7,0.0,0.8571428571428571,3.4285714285714284,7.571428571428571,12,0.25,0.6666666666666666,3.0833333333333335,6.666666666666667,0,1,0,0,1,0,0,2,1,DRAGON,DRAGONS,TEAMFIGHT,PICK,SPLIT_1_3_1,NEUTRAL,FAST,SPLIT,YES,4,0,4,0,1,0,0
EUW1_7729405257,100,1,42.85,16.3.745.7600,420,897,58,4,12,0,0,1,0,0,0,1,0,0,0,0,8437,-229,-251,-11,-85,484,-4,-947,-1080,-19,-1401,-1114,-35,2,87,955.9393232205367,280.58343057176194,295.5192532088681,0.8634772462077013,0.571,950,64,4,11,0,0,1,0,0,1,0,0,0,0,0,8010,205,300,5,58,562,18,-667,-94,19,-1539,-309,17,1,70,30,928.2147024504084,40.58343057176196,843.7339556592765,1.423570595099183,0.514,142,34,4,14,0,0,1,0,0,0,0,0,1,0,0,8112,-216,120,6,-1262,-1047,-15,-967,-851,-9,-769,-1763,-31,0,78,1230.3617269544923,87.72462077012835,98.13302217036173,1.0968494749124853,0.514,804,236,4,21,0,0,1,0,0,0,0,0,0,1,0,8008,641,329,20,1592,641,33,2600,656,44,1372,92,41,6,89,2003.570595099183,326.9078179696616,873.2322053675613,0.9801633605600933,0.629,117,267,4,7,0,0,1,0,1,0,0,0,0,0,0,8214,-115,161,1,-412,92,2,-608,-223,1,-260,-168,1,5,10,262.42707117852973,27.234539089848308,113.58226371061843,3.5939323220536754,0.714,5381.857686340613,0.2,15042.291115385317,5907.943360310257,0.0,11860.566259669054,3207.9254134675534,0.6,13131.664517493584,5489.723686579902,0.0,11603.952990252932,0.23076923076923078,0.38461538461538464,0.38461538461538464,NEUTRAL,0.23076923076923078,0.38461538461538464,BOTSIDE,1093.381,627.488,1046.104,1011.501,0,3,0,3,9,8,6,0.3333333333333333,0.3333333333333333,3.0,4.833333333333333,205.113,SKIRMISH,4,0.25,0.5,2.75,7.0,10,0.3,0.4,2.9,5.7,0,1,2,0,1,2,0,0,0,GRUBS,GRUBS_HERALD,MIXED,NONE,STANDARD,NEUTRAL,FAST,MIXED,YES,4,0,10,2,1,3,0
EUW1_7729405257,200,0,42.85,16.3.745.7600,420,58,897,4,12,0,0,1,0,0,0,1,0,0,0,0,8010,229,251,11,85,-484,4,947,1080,19,1401,1114,35,4,91,847.7479579929987,255.28588098016334,284.4807467911318,1.0968494749124853,0.419,64,950,4,11,0,0,1,0,0,1,0,0,0,0,0,8112,-205,-300,-5,-58,-562,-18,667,94,-19,1539,309,-17,6,52,7,817.7362893815636,39.556592765460906,729.7549591598599,1.47024504084014,0.535,34,142,4,14,0,0,1,0,0,0,0,0,1,0,0,8112,216,-120,-6,1262,1047,15,967,851,9,769,1763,31,3,93,1498.1796966161025,114.18903150525087,367.72462077012835,1.0268378063010501,0.512,236,804,4,21,0,0,1,0,0,0,0,0,0,1,0,8005,-641,-329,-20,-1592,-641,-33,-2600,-656,-44,-1372,-92,-41,7,56,1382.4504084014002,259.39323220536755,1086.9544924154025,0.6067677946324387,0.558,267,117,4,7,0,0,1,0,1,0,0,0,0,0,0,8214,115,-161,-1,412,-92,-2,608,223,-1,260,168,-1,8,8,433.3722287047841,10.921820303383896,39.85997666277713,3.8273045507584595,0.814,5700.496677605542,0.2,14563.922891858498,4107.192006646046,0.2,9910.72762212745,3761.9974005098848,0.4,14071.774479432223,4673.11417629477,0.0,10871.733808367459,0.38461538461538464,0.23076923076923078,0.38461538461538464,NEUTRAL,0.38461538461538464,0.38461538461538464,NEUTRAL,410.508,,,1130.235,2,0,0,2,14,9,8,0.25,0.25,2.75,4.75,159.497,SKIRMISH,6,0.3333333333333333,0.5,2.5,6.166666666666667,14,0.2857142857142857,0.35714285714285715,2.642857142857143,5.357142857142857,0,1,2,0,1,1,0,2,0,DRAGON,DRAGONS,MIXED,NONE,SPLIT_1_3_1,NEUTRAL,FAST,SPLIT,YES,3,2,8,0,0,0,0
EUW1_7729357576,100,1,18.716666666666665,16.3.745.7600,420,58,897,4,12,0,0,1,0,0,0,1,0,0,0,0,8010,-178,62,1,-845,-557,-13,190,279,-8,1058,1222,5,2,81,440.1959038290294,417.4888691006234,417.4888691006234,0.641139804096171,0.125,126,904,4,11,0,0,1,0,0,1,0,0,0,0,0,8369,-203,99,7,-200,612,10,554,357,5,2450,3509,32,6,66,21,556.4024933214604,31.52270703472841,1618.0231522707036,1.068566340160285,0.5,61,13,4,12,0,0,1,0,0,0,1,0,0,0,0,8230,-352,-437,-5,-281,-201,7,822,404,21,2425,2156,36,2,87,664.4879786286732,252.55565449688336,252.55565449688336,0.6945681211041853,0.208,804,523,4,21,0,0,1,0,0,0,0,0,0,1,0,8008,283,-43,15,2163,1113,38,3727,1961,49,6501,4034,71,8,97,1577.9519145146928,657.9697239536955,657.9697239536955,0.854853072128228,0.667,117,111,4,7,0,0,1,0,1,0,0,0,0,0,0,8214,202,43,-5,374,533,-5,835,518,-3,2118,1505,3,7,11,358.6642920747997,68.6019590382903,68.6019590382903,3.0454140694568124,0.625,4982.259767072001,0.0,12543.560738482513,4398.0706216902545,0.2,12072.99010187617,4256.579967026309,0.2,10740.85518010554,5216.515628516494,0.0,11846.913733120538,0.3076923076923077,0.46153846153846156,0.23076923076923078,MID,0.3076923076923077,0.23076923076923078,NEUTRAL,1045.112,594.211,949.908,863.105,0,3,0,3,10,14,8,0.5,0.25,1.875,4.0,199.405,TEAMFIGHT,5,0.0,0.6,2.8,6.0,13,0.3076923076923077,0.38461538461538464,2.230769230769231,4.769230769230769,0,1,4,0,3,1,0,1,3,GRUBS,GRUBS_HERALD,MIXED,TEAMFIGHT,STANDARD,NEUTRAL,FAST,SPLIT,YES,1,0,5,0,1,3,0
EUW1_7729357576,200,0,18.716666666666665,16.3.745.7600,420,897,58,4,12,0,0,1,0,0,0,1,0,0,0,0,8439,178,-62,-1,845,557,13,-190,-279,8,-1058,-1222,-5,1,94,866.7141585040072,315.5476402493322,315.5476402493322,1.0151380231522709,0.125,904,126,4,11,0,0,1,0,0,1,0,0,0,0,0,8010,203,-99,-7,200,-612,-10,-554,-357,-5,-2450,-3509,-32,6,55,17,375.92163846838827,0.0,310.57880676758685,1.228851291184328,0.75,13,61,4,6,0,0,1,1,0,0,0,0,0,0,0,8230,352,437,5,281,201,-7,-822,-404,-21,-2425,-2156,-36,4,80,471.39804096170974,67.05253784505788,67.05253784505788,0.7479964381121995,0.5,523,804,4,21,0,0,1,0,0,0,0,0,0,1,0,8005,-283,43,-15,-2163,-1113,-38,-3727,-1961,-49,-6501,-4034,-71,2,59,350.59661620658954,0.0,0.0,0.427426536064114,0.25,111,117,4,14,0,0,1,0,0,0,0,0,1,0,0,8439,-202,-43,5,-374,-533,5,-835,-518,3,-2118,-1505,-3,4,16,278.52181656277827,0.0,0.0,2.350845948352627,0.5,4929.557377022762,0.4,14521.454369311637,4234.413050125173,0.0,11968.393083451094,3613.8505878114106,0.2,11935.158231041598,3454.7024441398125,0.0,8015.185899278943,0.3076923076923077,0.23076923076923078,0.46153846153846156,BOT,0.3076923076923077,0.46153846153846156,BOTSIDE,688.203,,,1056.35,1,0,0,1,8,0,6,0.16666666666666666,0.3333333333333333,2.3333333333333335,5.0,199.405,TEAMFIGHT,0,0.0,0.0,0.0,0.0,6,0.16666666666666666,0.3333333333333333,2.3333333333333335,5.0,0,1,3,0,0,0,0,0,0,DRAGON,DRAGONS,MIXED,TEAMFIGHT,SPLIT_1_3_1,TOP,MID,SPLIT,NO,1,0,1,0,0,0,0
EUW1_7727485150,100,1,24.6,16.3.745.7600,420,58,67,4,6,0,0,1,1,0,0,0,0,0,0,0,8010,286,578,6,1390,1791,15,3387,4200,42,3745,3635,49,7,74,759.9186991869918,546.951219512195,632.4390243902438,0.5691056910569106,0.378,799,234,4,11,0,0,1,0,0,1,0,0,0,0,0,8010,-156,100,2,844,1395,20,1603,2768,42,2696,4137,68,10,76,34,1321.30081300813,375.7723577235772,1810.5691056910568,0.6097560975609756,0.667,3,136,3,4,0,1,1,0,0,0,0,0,0,0,0,8230,-204,-147,-8,443,450,-7,1123,1385,-2,1449,1349,-29,7,83,898.9024390243902,444.2276422764227,517.1544715447154,0.3252032520325203,0.556,110,55,4,21,0,0,1,0,0,0,0,0,0,1,0,8008,-12,40,15,1301,783,24,66,-435,6,1097,592,32,8,74,1004.0243902439024,332.2764227642276,817.8048780487804,0.6504065040650406,0.4,235,201,4,7,0,0,1,0,1,0,0,0,0,0,0,8021,-887,-115,-7,-507,121,-7,-193,-22,-12,594,336,-14,11,10,674.5121951219512,241.42276422764226,376.4634146341463,2.967479674796748,0.667,5153.900605792677,0.2,14473.71800886006,4801.899080714029,0.0,11430.416440357716,3983.467970724853,0.2,11844.937568429816,4811.146147474379,0.0,14780.336735000323,0.23076923076923078,0.38461538461538464,0.38461538461538464,NEUTRAL,0.23076923076923078,0.38461538461538464,BOTSIDE,599.845,506.499,1105.287,714.27,1,3,0,4,22,23,9,0.1111111111111111,0.7777777777777778,3.5555555555555554,7.333333333333333,171.603,TEAMFIGHT,8,0.0,0.625,3.875,7.125,17,0.058823529411764705,0.7058823529411765,3.7058823529411766,7.235294117647059,1,2,4,0,5,2,0,3,1,GRUBS,GRUBS_HERALD,TEAMFIGHT,TEAMFIGHT,STANDARD,TOP,FAST,SPLIT,YES,2,1,11,3,1,3,0
EUW1_7727485150,200,0,24.6,16.3.745.7600,420,67,58,3,4,0,1,1,0,0,0,0,0,0,0,0,8021,-286,-578,-6,-1390,-1791,-15,-3387,-4200,-42,-3745,-3635,-49,0,59,796.869918699187,17.154471544715445,17.154471544715445,0.6097560975609756,0.211,234,799,4,11,0,0,1,0,0,1,0,0,0,0,0,8010,156,-100,-2,-844,-1395,-20,-1603,-2768,-42,-2696,-4137,-68,6,56,0,732.520325203252,35.89430894308943,35.89430894308943,0.5691056910569106,0.632,136,3,4,12,0,0,1,0,0,0,1,0,0,0,0,8229,204,147,8,-443,-450,7,-1123,-1385,2,-1449,-1349,29,0,91,642.6829268292682,139.390243902439,169.14634146341461,0.5691056910569106,0.316,55,110,4,14,0,0,1,0,0,0,0,0,1,0,0,8010,12,-40,-15,-1301,-783,-24,-66,435,-6,-1097,-592,-32,9,50,995.691056910569,37.84552845528455,37.84552845528455,0.4065040650406504,0.737,201,235,4,7,0,0,1,0,1,0,0,0,0,0,0,8465,887,115,7,507,-121,7,193,22,12,-594,-336,14,10,17,295.3658536585366,0.0,0.0,1.7479674796747966,0.895,5403.726168577388,0.2,14108.30439847397,4355.004945956643,0.0,9636.378624773935,1974.2950409197213,0.6,5603.84332400541,4857.8408442881755,0.0,14059.888228574222,0.23076923076923078,0.3076923076923077,0.46153846153846156,BOT,0.23076923076923078,0.46153846153846156,BOTSIDE,,,,,0,0,0,0,10,9,7,0.0,0.8571428571428571,4.0,8.0,171.603,TEAMFIGHT,4,0.25,0.75,5.25,7.25,11,0.09090909090909091,0.8181818181818182,4.454545454545454,7.7272727272727275,0,0,0,0,0,1,0,0,2,NONE,NONE,TEAMFIGHT,TEAMFIGHT,STANDARD,NEUTRAL,MID,MIXED,NO,0,0,0,0,0,0,0
EUW1_7727423275,100,0,29.966666666666665,16.3.745.7600,420,777,69,4,12,0,0,1,0,0,0,1,0,0,0,0,8008,-52,-135,-11,21,-319,-23,-1970,-2221,-50,-1576,-902,-21,5,65,780.2669632925473,143.45939933259177,143.45939933259177,0.4338153503893215,0.306,36,154,4,11,0,0,1,0,0,1,0,0,0,0,0,8021,303,237,-6,395,763,-3,816,75,-19,1410,-305,-39,10,72,12,1275.0834260289212,0.0,783.3036707452726,0.5672969966629589,0.722,910,14,4,6,0,0,1,1,0,0,0,0,0,0,0,8229,57,65,6,177,-313,1,1061,-58,-1,1505,987,-3,9,79,1140.7675194660735,134.01557285873193,185.53948832035596,1.1345939933259177,0.611,81,145,4,21,0,0,1,0,0,0,0,0,0,1,0,8008,-331,-219,0,-198,29,-9,106,731,9,-1000,331,3,5,71,1710.066740823137,309.7107897664071,309.7107897664071,0.5005561735261402,0.417,43,80,4,7,0,0,1,0,1,0,0,0,0,0,0,8229,-142,193,3,183,-119,5,-795,-673,6,-492,120,16,6,14,340.7119021134594,103.5817575083426,110.25583982202448,3.470522803114572,0.5,4936.7378498599555,0.2,14377.097899089371,4032.726146667701,0.2,13134.639583939866,4317.757279698972,0.0,10409.868058721973,2922.923121153104,0.4,7465.44492980827,0.3076923076923077,0.38461538461538464,0.3076923076923077,NEUTRAL,0.3076923076923077,0.3076923076923077,NEUTRAL,,518.463,1107.002,877.052,0,2,0,2,13,18,8,0.125,0.75,2.75,6.375,196.841,SKIRMISH,7,0.14285714285714285,0.8571428571428571,4.285714285714286,6.857142857142857,15,0.13333333333333333,0.8,3.466666666666667,6.6,0,1,2,0,2,1,0,1,4,GRUBS,GRUBS_HERALD,TEAMFIGHT,NONE,STANDARD,BOT,FAST,SPLIT,YES,0,0,4,0,1,2,0
EUW1_7727423275,200,1,29.966666666666665,16.3.745.7600,420,69,777,4,14,0,0,1,0,0,0,0,0,1,0,0,8010,52,135,11,-21,319,23,1970,2221,50,1576,902,21,4,88,1497.9310344827586,278.84315906562847,551.4794215795329,1.0011123470522805,0.474,154,36,4,11,0,0,1,0,0,1,0,0,0,0,0,8010,-303,-237,6,-395,-763,3,-816,-75,19,-1410,305,39,2,66,3,899.9332591768632,19.555061179087875,885.5172413793103,1.2013348164627364,0.447,14,910,4,14,0,0,1,0,0,0,0,0,1,0,0,8437,-57,-65,-6,-177,313,-1,-1061,58,1,-1505,-987,3,3,78,588.9543937708565,241.66852057842047,302.86985539488325,0.7675194660734149,0.342,145,81,4,21,0,0,1,0,0,0,0,0,0,1,0,8008,331,219,0,198,-29,9,-106,-731,-9,1000,-331,-3,5,80,1250.8231368186875,466.7519466073415,782.1023359288098,0.5005561735261402,0.5,80,43,4,14,0,0,1,0,0,0,0,0,1,0,0,8005,142,-193,-3,-183,119,-5,795,673,-6,492,-120,-16,8,9,942.5139043381536,9.343715239154617,15.917686318131258,3.170189098998888,0.553,5067.946190843033,0.2,14480.595153514929,4524.284898038191,0.0,13721.511031952712,4813.295067541151,0.0,12297.647295316287,3619.642253238487,0.4,10938.227324388536,0.15384615384615385,0.38461538461538464,0.46153846153846156,NEUTRAL,0.15384615384615385,0.46153846153846156,BOTSIDE,351.161,523.874,,764.338,2,1,0,3,9,19,8,0.25,0.625,2.625,6.125,196.841,SKIRMISH,9,0.2222222222222222,0.7777777777777778,3.7777777777777777,6.555555555555555,17,0.23529411764705882,0.7058823529411765,3.235294117647059,6.352941176470588,1,1,3,0,2,0,0,1,1,DRAGON,DRAGONS,TEAMFIGHT,NONE,STANDARD,TOP,FAST,SPLIT,YES,4,1,8,1,0,1,0
EUW1_7727377505,100,1,30.15,16.3.745.7600,420,41,14,4,12,0,0,1,0,0,0,1,0,0,0,0,8437,-228,62,-15,-585,-43,-38,-40,178,-45,-246,-1014,-59,2,67,858.7728026533997,241.42620232172473,241.42620232172473,0.33167495854063017,0.323,131,233,4,11,0,0,1,0,0,1,0,0,0,0,0,8010,-3,305,10,129,1063,15,317,1178,27,1273,1212,12,5,80,1,1156.6832504145937,356.81592039800995,1011.7081260364843,1.2603648424543947,0.581,126,20,4,12,0,0,1,0,0,0,1,0,0,0,0,8112,-204,-114,0,507,660,23,718,632,45,2010,1778,86,2,91,1063.18407960199,694.162520729685,892.9021558872306,0.6633499170812603,0.484,145,498,4,21,0,0,1,0,0,0,0,0,0,1,0,8008,-16,-43,5,-349,-195,-4,-1211,-334,-15,-1633,-1260,-15,6,61,1045.0082918739636,170.58043117744612,504.1127694859038,0.7296849087893864,0.548,497,555,4,7,0,0,1,0,1,0,0,0,0,0,0,8465,-94,-145,-4,-223,-365,-4,-1218,-1447,-10,-1422,-31,-9,6,10,328.8225538971808,43.084577114427866,60.69651741293533,3.416252072968491,0.677,4635.186888255496,0.2,14150.158303001419,3706.495251692675,0.4,13070.099387533364,4617.3341607464745,0.4,14415.724782334048,4107.5139549294145,0.4,12134.693733259195,0.23076923076923078,0.15384615384615385,0.6153846153846154,BOT,0.23076923076923078,0.6153846153846154,BOTSIDE,738.291,,,923.979,1,0,0,1,7,13,5,0.0,0.6,3.4,6.2,107.916,SKIRMISH,8,0.125,0.75,3.25,6.5,13,0.07692307692307693,0.6923076923076923,3.3076923076923075,6.384615384615385,0,1,0,0,1,1,0,1,1,DRAGON,DRAGONS,TEAMFIGHT,NONE,SPLIT_1_3_1,NEUTRAL,SLOW,SPLIT,NO,2,1,10,2,0,0,0
EUW1_7727377505,200,0,30.15,16.3.745.7600,420,14,41,4,14,0,0,1,0,0,0,0,0,1,0,0,8437,228,-62,15,585,43,38,40,-178,45,246,1014,59,0,105,562.1890547263682,160.92868988391376,173.56550580431178,1.1276948590381426,0.152,233,131,4,11,0,0,1,0,0,1,0,0,0,0,0,8005,3,-305,-10,-129,-1063,-15,-317,-1178,-27,-1273,-1212,-12,6,62,7,696.0530679933665,6.036484245439469,1068.6567164179105,0.9286898839137645,0.545,20,126,4,14,0,0,1,0,0,0,0,0,1,0,0,8112,204,114,0,-507,-660,-23,-718,-632,-45,-2010,-1778,-86,7,68,794.8590381426203,198.70646766169156,548.3250414593698,0.33167495854063017,0.667,498,145,3,4,0,1,1,0,0,0,0,0,0,0,0,8008,16,43,-5,349,195,4,1211,334,15,1633,1260,15,7,65,1284.676616915423,258.1426202321725,508.391376451078,0.8623548922056385,0.636,555,497,4,14,0,0,1,0,0,0,0,0,1,0,0,9923,94,145,4,223,365,4,1218,1447,10,1422,31,9,9,14,593.9635157545606,0.0,12.669983416252073,3.0182421227197347,0.576,5054.784924566427,0.2,14275.108756153137,2908.48835606992,0.6,13839.76914547349,4292.827796640657,0.0,12248.578039919572,5503.460858201439,0.0,12542.342564289975,0.3076923076923077,0.5384615384615384,0.15384615384615385,MID,0.3076923076923077,0.15384615384615385,TOPSIDE,374.501,495.332,1015.238,821.737,1,3,0,4,12,16,7,0.2857142857142857,0.42857142857142855,2.7142857142857144,5.285714285714286,107.916,SKIRMISH,9,0.1111111111111111,0.7777777777777778,3.111111111111111,6.333333333333333,16,0.1875,0.625,2.9375,5.875,0,0,0,0,1,1,1,0,3,DRAGON,GRUBS_HERALD,TEAMFIGHT,NONE,STANDARD,BOT,FAST,SPLIT,YES,3,0,3,0,1,3,0
EUW1_7726487823,100,1,25.3,16.3.744.7656,420,2,18,4,6,0,0,1,1,0,0,0,0,0,0,0,8010,-397,-149,-7,-678,-489,-15,-887,-255,-13,1515,1583,16,4,74,482.6482213438735,526.2450592885375,781.2252964426877,0.6719367588932806,0.22,36,5,4,11,0,0,1,0,0,1,0,0,0,0,0,8021,-837,-61,11,-692,-4,11,-1269,398,22,972,2565,43,4,59,28,892.8063241106719,207.86561264822134,1017.193675889328,1.1462450592885376,0.415,517,75,4,12,0,0,1,0,0,0,1,0,0,0,0,8112,41,329,8,911,447,2,933,633,-5,2964,1039,-13,7,78,1838.893280632411,484.4268774703557,484.4268774703557,0.6719367588932806,0.537,67,161,4,21,0,0,1,0,0,0,0,0,0,1,0,8008,1260,301,16,1532,263,29,1800,28,39,2418,-700,21,7,80,1114.387351778656,446.9169960474308,462.25296442687744,0.31620553359683795,0.488,117,412,4,7,0,0,1,0,1,0,0,0,0,0,0,8214,-179,-4,-4,516,318,-7,554,-11,-8,1392,1578,-8,11,8,503.596837944664,122.41106719367589,132.21343873517787,3.08300395256917,0.683,4973.825211822137,0.0,14392.546439042675,3828.5093274347755,0.4,12177.255561086004,3518.824090411376,0.6,14040.26812422042,4853.428313074763,0.0,11690.612045568872,0.23076923076923078,0.38461538461538464,0.38461538461538464,NEUTRAL,0.23076923076923078,0.38461538461538464,BOTSIDE,644.027,574.097,,987.13,1,1,0,2,15,26,11,0.2727272727272727,0.45454545454545453,2.272727272727273,4.7272727272727275,104.379,PICK,9,0.1111111111111111,0.8888888888888888,3.7777777777777777,7.555555555555555,20,0.2,0.65,2.95,6.0,0,2,0,0,3,2,0,3,2,GRUBS,MIXED,TEAMFIGHT,PICK,STANDARD,NEUTRAL,FAST,MIXED,YES,1,1,10,2,0,1,0
EUW1_7726487823,200,0,25.3,16.3.744.7656,420,18,2,4,12,0,0,1,0,0,0,1,0,0,0,0,8008,397,149,7,678,489,15,887,255,13,-1515,-1583,-16,4,89,954.6640316205534,136.04743083003953,234.82213438735178,0.8300395256916996,0.348,5,36,4,11,0,0,1,0,0,1,0,0,0,0,0,8010,837,61,-11,692,4,-11,1269,-398,-22,-972,-2565,-43,8,50,0,573.8339920948616,0.0,625.6521739130435,0.9881422924901185,0.522,75,517,6,12,0,0,0,1,0,0,1,0,0,0,0,8021,-41,-329,-8,-911,-447,-2,-933,-633,5,-2964,-1039,13,3,76,605.5731225296443,350.8695652173913,352.17391304347825,0.31620553359683795,0.261,161,67,4,21,0,0,1,0,0,0,0,0,0,1,0,8229,-1260,-301,-16,-1532,-263,-29,-1800,-28,-39,-2418,700,-21,5,51,1093.794466403162,15.533596837944664,15.533596837944664,0.9090909090909091,0.435,412,117,4,14,0,0,1,0,0,0,0,0,1,0,0,8439,179,4,4,-516,-318,7,-554,11,8,-1392,-1578,8,9,15,444.9802371541502,1.541501976284585,1.541501976284585,2.569169960474308,0.652,5304.1378777589225,0.0,14143.536827823513,3759.254645477247,0.2,11063.627614846768,3640.797982866632,0.4,11439.973776193721,4856.753786864602,0.2,12847.508240900257,0.38461538461538464,0.46153846153846156,0.15384615384615385,NEUTRAL,0.38461538461538464,0.15384615384615385,TOPSIDE,996.192,513.568,,1209.841,0,2,0,2,13,10,10,0.3,0.4,2.2,4.6,190.555,PICK,7,0.0,0.8571428571428571,4.285714285714286,8.0,17,0.17647058823529413,0.5882352941176471,3.0588235294117645,6.0,0,0,2,0,0,1,0,1,0,GRUBS,GRUBS_HERALD,TEAMFIGHT,PICK,SPLIT_1_3_1,NEUTRAL,FAST,SPLIT,YES,1,0,1,0,0,2,0
EUW1_7726428477,100,0,24.0,16.3.744.7656,420,516,2,4,14,0,0,1,0,0,0,0,0,1,0,0,8437,-180,-403,-12,-611,-807,-26,-893,-1111,-41,-1818,-2045,-45,0,68,351.875,0.0,0.0,0.75,0.182,121,91,4,11,0,0,1,0,0,1,0,0,0,0,0,8128,144,-152,-8,-661,-975,-33,-1425,-1477,-31,-2003,-2908,-54,4,63,0,304.0833333333333,0.0,119.875,0.75,0.545,75,134,6,12,0,0,0,1,0,0,1,0,0,0,0,8021,-158,-134,-5,-258,138,3,-707,169,1,-718,952,7,1,98,360.1666666666667,228.08333333333334,255.625,0.2916666666666667,0.182,222,145,4,21,0,0,1,0,0,0,0,0,0,1,0,8008,286,-181,4,47,-108,1,-2070,-2046,-13,-2493,-2661,-29,4,84,649.2916666666666,172.375,172.375,0.3333333333333333,0.636,117,432,4,7,0,0,1,0,1,0,0,0,0,0,0,8214,507,296,-10,-181,-361,-12,-503,-279,-15,-917,53,-22,4,5,443.625,14.708333333333334,14.708333333333334,2.0,0.636,4258.562090450086,0.2,12784.0787309841,4589.7185307772015,0.2,12864.737424448273,4118.977821063887,0.2,10752.69649901828,2910.50008437272,0.6,8690.98958692277,0.15384615384615385,0.23076923076923078,0.6153846153846154,BOT,0.15384615384615385,0.6153846153846154,BOTSIDE,701.691,,,1111.693,1,0,0,1,6,5,4,0.0,0.5,3.0,5.5,166.682,SKIRMISH,4,0.25,0.5,3.0,5.75,8,0.125,0.5,3.0,5.625,0,0,0,0,0,2,0,1,0,DRAGON,DRAGONS,TEAMFIGHT,NONE,SPLIT_1_3_1,MID,SLOW,SPLIT,NO,2,0,1,0,0,0,0
EUW1_7726428477,200,1,24.0,16.3.744.7656,420,2,516,4,6,0,0,1,1,0,0,0,0,0,0,0,8010,180,403,12,611,807,26,893,1111,41,1818,2045,45,0,94,519.5,408.9583333333333,568.375,0.7916666666666666,0.231,91,121,4,11,0,0,1,0,0,1,0,0,0,0,0,8010,-144,152,8,661,975,33,1425,1477,31,2003,2908,54,9,90,19,630.125,94.75,2219.375,1.0,0.577,134,75,4,12,0,0,1,0,0,0,1,0,0,0,0,8230,158,134,5,258,-138,-3,707,-169,-1,718,-952,-7,2,95,1426.875,396.4583333333333,438.5416666666667,0.75,0.346,145,222,4,21,0,0,1,0,0,0,0,0,0,1,0,8008,-286,181,-4,-47,108,-1,2070,2046,13,2493,2661,29,7,83,1062.125,600.2083333333334,931.5,1.0416666666666667,0.692,432,117,4,7,0,0,1,0,1,0,0,0,0,0,0,8360,-507,-296,10,181,361,12,503,279,15,917,-53,22,9,17,411.375,166.375,249.70833333333334,3.4583333333333335,0.731,4290.763058731718,0.4,14148.423021665702,6121.454562852648,0.0,14958.479100496814,5475.260851833481,0.2,15236.854531037567,3401.7379742133003,0.4,10943.29168943239,0.23076923076923078,0.38461538461538464,0.38461538461538464,NEUTRAL,0.23076923076923078,0.38461538461538464,BOTSIDE,328.418,507.407,954.878,938.753,1,3,0,4,8,18,5,0.4,0.4,2.4,4.8,351.2,TEAMFIGHT,8,0.0,0.625,2.75,6.375,13,0.15384615384615385,0.5384615384615384,2.6153846153846154,5.769230769230769,0,2,0,0,5,2,0,3,1,DRAGON,GRUBS_HERALD,TEAMFIGHT,TEAMFIGHT,STANDARD,NEUTRAL,FAST,SPLIT,YES,2,1,10,2,1,3,0
EUW1_7726363100,100,0,18.566666666666666,16.3.744.7656,420,904,516,4,12,0,0,1,0,0,0,1,0,0,0,0,8437,162,-13,7,-191,-834,3,-1191,-1648,-17,-363,-940,0,1,86,461.310592459605,193.41113105924597,193.41113105924597,0.59245960502693,0.333,54,200,4,11,0,0,1,0,0,1,0,0,0,0,0,8112,-688,-2,6,-1862,-135,10,-2417,-893,-2,-4626,-3491,-28,1,68,1,414.56014362657095,49.012567324955114,49.012567324955114,1.0233393177737882,0.5,910,517,4,12,0,0,1,0,0,0,1,0,0,0,0,8229,-58,259,6,-1108,-1174,-18,-1581,-1154,-5,-3250,-2342,-8,0,72,524.8114901256732,83.48294434470377,83.48294434470377,0.43087971274685816,0.0,523,112,4,21,0,0,1,0,0,0,0,0,0,1,0,8008,641,65,18,962,-309,30,1408,-928,31,756,-1645,23,2,83,635.9245960502693,159.2100538599641,159.2100538599641,0.8078994614003591,0.667,267,117,4,7,0,0,1,0,1,0,0,0,0,0,0,8214,115,-23,0,-97,667,-1,-683,280,0,-1413,-620,0,2,6,336.624775583483,36.3016157989228,36.3016157989228,2.0466786355475763,0.833,5216.3200887908815,0.2,14917.554390716998,4548.435805636977,0.4,14610.625072186338,4746.914682108088,0.0,13892.454138848181,2611.123475471584,0.4,7550.690365787753,0.15384615384615385,0.38461538461538464,0.46153846153846156,NEUTRAL,0.15384615384615385,0.46153846153846156,BOTSIDE,,,,,0,0,0,0,3,3,2,0.0,0.5,2.5,5.0,292.011,SKIRMISH,2,0.0,1.0,3.5,7.5,4,0.0,0.75,3.0,6.25,0,0,0,0,0,1,0,0,2,NONE,NONE,TEAMFIGHT,NONE,STANDARD,NEUTRAL,SLOW,SPLIT,NO,0,0,0,0,0,0,0
EUW1_7726363100,200,1,18.566666666666666,16.3.744.7656,420,516,904,4,12,0,0,1,0,0,0,1,0,0,0,0,8437,-162,13,-7,191,834,-3,1191,1648,17,363,940,0,2,83,848.0251346499102,288.2046678635548,288.2046678635548,0.8078994614003591,0.13,200,54,4,11,0,0,1,0,0,1,0,0,0,0,0,8010,688,2,-6,1862,135,-10,2417,893,2,4626,3491,28,9,64,6,668.0251346499102,95.70915619389588,1939.9820466786355,0.9156193895870737,0.609,517,910,4,12,0,0,1,0,0,0,1,0,0,0,0,8010,58,-259,-6,1108,1174,18,1581,1154,5,3250,2342,8,8,90,994.7935368043088,612.7109515260323,612.7109515260323,0.3770197486535009,0.522,112,523,4,6,0,0,1,1,0,0,0,0,0,0,0,8214,-641,-65,-18,-962,309,-30,-1408,928,-31,-756,1645,-23,4,53,570.2154398563735,270.754039497307,292.4057450628366,0.48473967684021546,0.261,117,267,4,7,0,0,1,0,1,0,0,0,0,0,0,8214,-115,23,0,97,-667,1,683,-280,0,1413,620,0,9,7,345.6193895870736,69.74865350089766,86.92998204667863,1.992818671454219,0.609,4813.557412339324,0.4,14961.185648203153,4025.8823126076895,0.4,14074.733567638146,4983.840755369568,0.0,14110.488191412798,2653.712304077817,0.4,6645.030398726554,0.15384615384615385,0.6153846153846154,0.23076923076923078,MID,0.15384615384615385,0.23076923076923078,NEUTRAL,591.607,498.308,1066.663,828.081,1,3,0,4,14,9,9,0.5555555555555556,0.4444444444444444,1.6666666666666667,4.666666666666667,141.145,TEAMFIGHT,4,0.0,0.75,3.0,6.5,13,0.38461538461538464,0.5384615384615384,2.076923076923077,5.230769230769231,1,0,3,0,3,1,0,1,3,GRUBS,GRUBS_HERALD,TEAMFIGHT,TEAMFIGHT,STANDARD,NEUTRAL,FAST,SPLIT,YES,2,0,5,0,1,3,0
EUW1_7726295031,100,1,26.033333333333335,16.3.744.7656,420,58,516,4,12,0,0,1,0,0,0,1,0,0,0,0,8010,344,116,12,1725,1121,37,2760,1922,35,4290,4140,61,5,101,913.1754161331626,353.77720870678615,392.9577464788732,0.8834827144686299,0.333,245,80,4,11,0,0,1,0,0,1,0,0,0,0,0,8128,77,-95,2,507,673,16,722,1656,29,3286,3911,44,9,84,3,1026.2996158770807,345.55697823303456,2149.475032010243,0.8834827144686299,0.5,133,103,4,14,0,0,1,0,0,0,0,0,1,0,0,8112,-358,-288,-11,-925,-1127,-40,-383,-919,-49,-1146,-2296,-75,4,57,799.4366197183098,171.31882202304737,376.8245838668374,0.4225352112676056,0.357,145,110,1,4,1,0,1,0,0,0,0,0,0,0,0,8008,172,15,5,1686,886,20,2172,686,16,3578,2143,39,8,81,1338.2074263764405,566.6581306017925,1199.8463508322664,0.7682458386683738,0.5,518,164,4,7,0,0,1,0,1,0,0,0,0,0,0,8229,-303,60,-5,-218,-234,-12,-25,458,-5,478,495,-2,13,9,886.0179257362355,91.19078104993598,113.20102432778488,4.225352112676056,0.667,4951.1016113601545,0.2,12923.168535618499,4623.6893822966995,0.2,15595.041295232275,5415.815910080351,0.2,12809.299317292887,5169.417701964956,0.2,12737.095312511405,0.3076923076923077,0.3076923076923077,0.38461538461538464,NEUTRAL,0.3076923076923077,0.38461538461538464,NEUTRAL,886.158,513.173,958.582,795.079,0,3,0,3,18,20,8,0.125,0.625,3.125,6.0,169.734,SKIRMISH,8,0.25,0.75,3.25,6.875,16,0.1875,0.6875,3.1875,6.4375,1,2,3,0,4,2,0,2,2,GRUBS,GRUBS_HERALD,TEAMFIGHT,NONE,STANDARD,NEUTRAL,FAST,SPLIT,YES,2,1,10,1,1,3,0
EUW1_7726295031,200,0,26.033333333333335,16.3.744.7656,420,516,58,4,12,0,0,1,0,0,0,1,0,0,0,0,8437,-344,-116,-12,-1725,-1121,-37,-2760,-1922,-35,-4290,-4140,-61,1,64,661.3444302176696,229.24455825864274,230.7810499359795,0.8834827144686299,0.053,80,245,4,11,0,0,1,0,0,1,0,0,0,0,0,8010,-77,95,-2,-507,-673,-16,-722,-1656,-29,-3286,-3911,-44,6,72,8,388.6171574903969,0.0,355.9282970550576,1.3060179257362354,0.421,103,133,4,12,0,0,1,0,0,0,1,0,0,0,0,8112,358,288,11,925,1127,40,383,919,49,1146,2296,75,3,97,907.4519846350831,90.30729833546734,90.30729833546734,0.5761843790012804,0.474,110,145,1,4,1,0,1,0,0,0,0,0,0,0,0,8229,-172,-15,-5,-1686,-886,-20,-2172,-686,-16,-3578,-2143,-39,4,61,580.4481434058898,147.15749039692702,147.15749039692702,0.4225352112676056,0.474,164,518,4,14,0,0,1,0,0,0,0,0,1,0,0,9923,303,-60,5,218,234,12,25,-458,5,-478,-495,2,8,21,624.4686299615877,90.88348271446863,90.88348271446863,2.996158770806658,0.632,4650.645418446053,0.2,14065.972593461143,5416.5280511803485,0.0,15091.496181624934,4627.699166593225,0.2,14240.631236009167,4572.219800380563,0.2,13269.444751005974,0.15384615384615385,0.5384615384615384,0.3076923076923077,MID,0.15384615384615385,0.3076923076923077,BOTSIDE,557.673,,,909.401,1,0,0,1,11,7,9,0.3333333333333333,0.4444444444444444,2.6666666666666665,5.222222222222222,169.734,SKIRMISH,6,0.16666666666666666,0.8333333333333334,3.6666666666666665,7.333333333333333,15,0.26666666666666666,0.6,3.066666666666667,6.066666666666666,0,1,0,0,0,1,0,1,2,DRAGON,DRAGONS,TEAMFIGHT,NONE,SPLIT_1_3_1,NEUTRAL,MID,SPLIT,NO,1,0,2,0,0,0,0
EUW1_7726212539,100,0,35.1,16.3.744.7656,420,31,4,4,14,0,0,1,0,0,0,0,0,1,0,0,9923,-251,79,5,-404,500,8,401,2280,21,-579,2142,12,4,91,782.022792022792,163.67521367521366,360.7407407407407,0.42735042735042733,0.481,64,56,4,11,0,0,1,0,0,1,0,0,0,0,0,8010,-422,-162,-5,-521,-239,-12,-675,-10,-16,-801,-1159,-31,2,73,0,721.6524216524216,6.467236467236467,975.8119658119658,1.225071225071225,0.519,105,61,4,14,0,0,1,0,0,0,0,0,1,0,0,8112,16,29,1,105,-220,-9,-850,-1858,-26,-751,-2204,-45,3,76,682.9059829059829,119.45868945868945,163.2193732193732,0.9686609686609686,0.444,110,42,4,21,0,0,1,0,0,0,0,0,0,1,0,9923,645,110,-6,928,12,2,-514,-273,9,-1863,-637,-2,3,86,997.4643874643874,107.37891737891738,243.13390313390312,1.1111111111111112,0.444,53,432,4,7,0,0,1,0,1,0,0,0,0,0,0,8360,234,293,2,-148,-61,5,-930,-654,8,-1444,-2024,10,4,17,288.005698005698,17.863247863247864,17.863247863247864,3.9886039886039883,0.556,3590.8348748330245,0.6,14722.117680551259,4296.64685312674,0.2,12292.359415506853,5206.232822443448,0.0,14664.448506507157,2561.687349300718,0.8,8220.338983278001,0.07692307692307693,0.5384615384615384,0.38461538461538464,MID,0.07692307692307693,0.38461538461538464,BOTSIDE,802.148,497.941,999.934,917.534,1,3,0,4,7,11,8,0.625,0.125,1.75,3.875,154.738,PICK,6,0.16666666666666666,0.5,2.0,6.166666666666667,14,0.42857142857142855,0.2857142857142857,1.8571428571428572,4.857142857142857,0,1,2,0,0,1,0,1,1,GRUBS,GRUBS_HERALD,PICK,PICK,SPLIT_1_3_1,NEUTRAL,MID,SPLIT,YES,1,1,2,0,1,3,0
EUW1_7726212539,200,1,35.1,16.3.744.7656,420,4,31,4,6,0,0,1,1,0,0,0,0,0,0,0,8021,251,-79,-5,404,-500,-8,-401,-2280,-21,579,-2142,-12,2,85,1097.6353276353275,347.8347578347578,568.2621082621082,1.282051282051282,0.657,56,64,4,11,0,0,1,0,0,1,0,0,0,0,0,8010,422,162,5,521,239,12,675,10,16,801,1159,31,4,79,13,574.985754985755,241.02564102564102,1101.8518518518517,1.1111111111111112,0.4,61,105,4,21,0,0,1,0,0,0,0,0,0,1,0,8230,-16,-29,-1,-105,220,9,850,1858,26,751,2204,45,4,85,1205.954415954416,353.988603988604,473.019943019943,1.0826210826210825,0.686,42,110,4,21,0,0,1,0,0,0,0,0,0,1,0,8010,-645,-110,6,-928,-12,-2,514,273,-9,1863,637,2,4,84,883.3333333333333,167.8062678062678,432.22222222222223,1.282051282051282,0.486,432,53,4,14,0,0,1,0,0,0,0,0,1,0,0,8112,-234,-293,-2,148,61,-5,930,654,-8,1444,2024,-10,7,12,661.3390313390313,0.0,63.56125356125356,3.5042735042735043,0.571,4721.438993714951,0.4,14159.21823406928,4703.403736983241,0.2,13593.20418444452,4635.407259181136,0.2,13189.235497177235,3061.875884666992,0.6,12175.022053368117,0.07692307692307693,0.6153846153846154,0.3076923076923077,MID,0.07692307692307693,0.3076923076923077,BOTSIDE,470.861,,,860.004,1,0,0,1,10,9,7,0.42857142857142855,0.2857142857142857,2.142857142857143,4.571428571428571,251.393,PICK,6,0.3333333333333333,0.6666666666666666,2.1666666666666665,6.5,13,0.38461538461538464,0.46153846153846156,2.1538461538461537,5.461538461538462,0,1,2,0,1,3,0,1,2,DRAGON,DRAGONS,MIXED,PICK,SPLIT_1_3_1,NEUTRAL,MID,SPLIT,NO,4,1,11,3,0,0,0
EUW1_7726156749,100,1,19.783333333333335,16.3.744.7656,420,14,92,4,12,0,0,1,0,0,0,1,0,0,0,0,8437,173,248,11,801,780,21,618,264,17,905,192,13,1,92,596.9165964616681,192.2325189553496,192.2325189553496,0.6571187868576243,0.391,131,234,4,11,0,0,1,0,0,1,0,0,0,0,0,8010,-131,133,-1,-245,804,12,-272,1036,22,1895,3738,63,8,88,22,908.6941870261162,53.93428812131423,1314.7935973041278,1.3647851727042963,0.739,105,893,4,14,0,0,1,0,0,0,0,0,1,0,0,8112,22,-453,-23,594,437,-23,1345,541,-21,2317,973,-38,8,57,650.3959561920808,519.6293176074136,519.6293176074136,0.9098567818028643,0.522,81,202,4,21,0,0,1,0,0,0,0,0,0,1,0,8008,271,375,8,884,316,18,104,-575,24,776,-55,23,4,88,566.5880370682393,289.2839090143218,336.5459140690817,0.7076663858466722,0.391,43,526,4,7,0,0,1,0,1,0,0,0,0,0,0,8214,894,244,-1,1080,685,-6,1158,588,-6,1720,1475,-4,10,21,389.4187026116259,0.0,24.616680707666383,2.6790227464195446,0.826,4658.833915963592,0.4,14423.925297920812,4049.1902296231406,0.4,12376.119747319837,3832.540237412553,0.6,13634.311020363295,2285.6175958498447,0.6,7164.253624767901,0.15384615384615385,0.46153846153846156,0.38461538461538464,NEUTRAL,0.15384615384615385,0.38461538461538464,BOTSIDE,503.799,535.484,,854.776,2,3,0,5,13,10,5,0.2,0.8,3.6,6.2,216.91,TEAMFIGHT,5,0.0,0.6,2.6,6.8,10,0.1,0.7,3.1,6.5,0,1,3,0,1,2,0,1,2,DRAGON,GRUBS_HERALD,TEAMFIGHT,TEAMFIGHT,STANDARD,NEUTRAL,FAST,MIXED,YES,2,0,3,0,0,3,0
EUW1_7726156749,200,0,19.783333333333335,16.3.744.7656,420,92,14,4,14,0,0,1,0,0,0,0,0,1,0,0,8010,-173,-248,-11,-801,-780,-21,-618,-264,-17,-905,-192,-13,1,71,486.1668070766638,162.9654591406908,162.9654591406908,0.7582139848357202,0.273,234,131,4,11,0,0,1,0,0,1,0,0,0,0,0,8010,131,-133,1,245,-804,-12,272,-1036,-22,-1895,-3738,-63,8,76,5,778.6857624262847,6.267902274641954,6.267902274641954,1.1625947767481044,0.818,893,105,4,14,0,0,1,0,0,0,0,0,1,0,0,8112,-22,453,23,-594,-437,23,-1345,-541,21,-2317,-973,38,6,80,547.9359730412805,73.19292333614153,73.19292333614153,1.0614995787700083,0.545,202,81,4,21,0,0,1,0,0,0,0,0,0,1,0,8021,-271,-375,-8,-884,-316,-18,-104,575,-24,-776,55,-23,7,70,571.0867733782645,175.5012636899747,175.5012636899747,0.20219039595619206,0.727,526,43,4,7,0,0,1,0,1,0,0,0,0,0,0,8351,-894,-244,1,-1080,-685,6,-1158,-588,6,-1720,-1475,4,4,27,137.94439764111203,28.862679022746416,28.862679022746416,3.336141533277169,0.455,4247.524508031209,0.2,13157.420453873168,3601.190865715295,0.2,12287.839924087553,3342.0054501741024,0.2,9851.7503520948,2993.3175837982476,0.4,7570.139562782181,0.3076923076923077,0.3076923076923077,0.38461538461538464,NEUTRAL,0.3076923076923077,0.38461538461538464,NEUTRAL,,,,1108.324,0,0,0,0,6,5,4,0.0,1.0,4.25,7.5,216.91,TEAMFIGHT,3,0.0,1.0,3.3333333333333335,8.0,7,0.0,1.0,3.857142857142857,7.714285714285714,0,0,0,0,0,1,0,1,0,NONE,NONE,TEAMFIGHT,TEAMFIGHT,SPLIT_1_3_1,NEUTRAL,SLOW,SPLIT,NO,0,0,1,0,0,0,0
EUW1_7726018421,100,0,27.516666666666666,16.3.744.7656,420,516,112,4,12,0,0,1,0,0,0,1,0,0,0,0,8437,-199,-155,-13,92,153,-9,415,844,-9,-474,325,-10,4,78,662.8346456692914,0.0,2.362204724409449,0.7995154451847366,0.393,421,106,4,11,0,0,1,0,0,1,0,0,0,0,0,8010,95,-399,-10,-491,-386,-16,-1096,-1120,-34,-3140,-2849,-63,4,58,0,628.4918231374925,81.114476075106,742.5681405208965,0.9085402786190188,0.5,61,134,4,12,0,0,1,0,0,0,1,0,0,0,0,8230,76,-6,-5,-181,-238,-19,-889,-1001,-42,-1468,-1860,-56,2,77,456.88673531193217,208.12840702604484,208.12840702604484,0.5814657783161721,0.25,145,804,4,21,0,0,1,0,0,0,0,0,0,1,0,8008,362,41,7,1018,394,20,645,-397,18,-361,-755,30,8,90,1522.640823743186,188.21320411871594,307.9951544518474,0.6178073894609328,0.679,888,9,4,7,0,0,1,0,1,0,0,0,0,0,0,8465,589,356,-1,617,1161,6,813,1283,9,424,-309,7,9,16,403.137492428831,41.61114476075106,57.855844942459115,3.7068443367655965,0.643,4508.364049992023,0.4,14004.81153032771,4900.046633581874,0.2,11841.601791987432,3886.641480886055,0.4,13181.778483952765,502.76698810338155,1.0,1350.3440302382205,0.46153846153846156,0.23076923076923078,0.3076923076923077,TOP,0.46153846153846156,0.3076923076923077,TOPSIDE,327.719,494.108,,1036.998,2,3,0,5,13,13,10,0.5,0.3,1.8,4.7,76.136,PICK,7,0.2857142857142857,0.5714285714285714,3.857142857142857,6.142857142857143,17,0.4117647058823529,0.4117647058823529,2.6470588235294117,5.294117647058823,0,0,0,0,0,2,0,1,1,DRAGON,GRUBS_HERALD,MIXED,PICK,SPLIT_1_3_1,NEUTRAL,FAST,SPLIT,YES,2,0,2,0,0,3,0
EUW1_7726018421,200,1,27.516666666666666,16.3.744.7656,420,112,516,4,12,0,0,1,0,0,0,1,0,0,0,0,8214,199,155,13,-92,-153,9,-415,-844,9,474,-325,10,1,87,961.1629315566324,193.19200484554815,251.88370684433679,0.5814657783161721,0.552,106,421,4,11,0,0,1,0,0,1,0,0,0,0,0,8008,-95,399,10,491,386,16,1096,1120,34,3140,2849,63,4,76,24,1071.0963052695336,296.9473046638401,1493.0224106602059,1.1265899454875834,0.759,134,61,4,12,0,0,1,0,0,0,1,0,0,0,0,8229,-76,6,5,181,238,19,889,1001,42,1468,1860,56,1,96,622.5317989097517,283.0648092065415,344.40944881889766,0.8358570563294972,0.414,804,145,4,21,0,0,1,0,0,0,0,0,0,1,0,8008,-362,-41,-7,-1018,-394,-20,-645,397,-18,361,755,-30,3,70,1116.305269533616,386.82010902483347,607.1956390066626,0.36341611144760755,0.448,9,888,4,14,0,0,1,0,0,0,0,0,1,0,0,8229,-589,-356,1,-617,-1161,-6,-813,-1283,-9,-424,309,-7,5,10,660.0,98.37674136886736,250.68443367655968,4.142943670502726,0.621,3368.8525537862015,0.6,12641.081045543533,4451.679074699131,0.2,13635.701558775772,4633.445616281283,0.4,13761.036479858629,786.6306807173594,1.0,1984.4689465950328,0.23076923076923078,0.5384615384615384,0.23076923076923078,MID,0.23076923076923078,0.23076923076923078,NEUTRAL,1074.572,,932.722,908.983,0,0,0,0,6,20,4,0.25,0.75,2.75,6.5,307.892,PICK,7,0.14285714285714285,0.5714285714285714,4.0,6.428571428571429,11,0.18181818181818182,0.6363636363636364,3.5454545454545454,6.454545454545454,0,1,1,0,3,1,0,1,3,NONE,NONE,TEAMFIGHT,PICK,STANDARD,BOT,SLOW,SPLIT,NO,2,1,8,1,1,0,0
EUW1_7725021007,100,0,33.583333333333336,16.3.744.7656,420,58,24,4,14,0,0,1,0,0,0,0,0,1,0,0,8010,-199,-27,-9,159,97,3,597,1050,15,975,2025,20,3,79,1277.895781637717,437.6873449131513,584.8734491315136,0.6253101736972704,0.457,233,121,4,11,0,0,1,0,0,1,0,0,0,0,0,8005,-58,-132,0,212,-152,-6,-529,-1918,-39,-1509,-3142,-83,7,62,10,858.3126550868486,19.47394540942928,751.5334987593052,0.4466501240694789,0.6,34,61,4,12,0,0,1,0,0,0,1,0,0,0,0,8112,31,-222,-14,-724,-708,-24,-1521,-914,-33,-1949,-1891,-43,3,70,821.3598014888337,78.31265508684864,134.11414392059552,0.7444168734491314,0.371,804,50,4,21,0,0,1,0,0,0,0,0,0,1,0,8008,-229,1,9,-907,-723,1,-2538,-1421,-5,-3533,-2975,-1,7,77,859.7121588089329,88.1985111662531,145.0421836228288,0.4466501240694789,0.486,432,111,4,14,0,0,1,0,0,0,0,0,1,0,0,8112,913,7,1,207,-578,-3,572,-538,-4,1387,-694,-1,8,6,849.8263027295285,65.89578163771712,86.26302729528535,3.334987593052109,0.629,4739.441984659153,0.2,13323.80264789298,5587.19234249971,0.0,14687.20592897097,6709.047284144375,0.0,15015.991242671926,3516.947511611459,0.4,11916.41053337791,0.38461538461538464,0.3076923076923077,0.3076923076923077,NEUTRAL,0.38461538461538464,0.3076923076923077,NEUTRAL,1420.105,502.842,,987.269,0,2,0,2,11,14,9,0.4444444444444444,0.2222222222222222,1.8888888888888888,4.222222222222222,71.487,SKIRMISH,7,0.14285714285714285,0.8571428571428571,3.857142857142857,8.142857142857142,16,0.3125,0.5,2.75,5.9375,0,1,1,0,0,1,0,1,1,GRUBS,GRUBS_HERALD,TEAMFIGHT,NONE,SPLIT_1_3_1,NEUTRAL,FAST,SPLIT,YES,2,0,4,0,0,2,0
EUW1_7725021007,200,1,33.583333333333336,16.3.744.7656,420,24,58,4,12,0,0,1,0,0,0,1,0,0,0,0,8437,199,27,9,-159,-97,-3,-597,-1050,-15,-975,-2025,-20,2,76,1042.987593052109,438.72952853598014,539.910669975186,1.042183622828784,0.306,121,233,4,11,0,0,1,0,0,1,0,0,0,0,0,8128,58,132,0,-212,152,6,529,1918,39,1509,3142,83,6,68,33,1198.3027295285358,109.93548387096773,1551.186104218362,0.7741935483870968,0.449,61,34,4,6,0,0,1,1,0,0,0,0,0,0,0,8112,-31,222,14,724,708,24,1521,914,33,1949,1891,43,3,94,1578.6997518610422,296.0397022332506,464.6650124069479,1.280397022332506,0.592,50,804,4,6,0,0,1,1,0,0,0,0,0,0,0,8214,229,-1,-9,907,723,-1,2538,1421,5,3533,2975,1,12,76,1769.5384615384614,291.81141439205953,364.5558312655087,0.56575682382134,0.633,111,432,4,14,0,0,1,0,0,0,0,0,1,0,0,8439,-913,-7,-1,-207,578,3,-572,538,4,-1387,694,1,7,9,563.6724565756823,27.483870967741932,71.61290322580645,2.3523573200992556,0.571,5242.648254035092,0.2,13905.906838462566,3987.091340277389,0.2,11624.520678290351,4381.39423073597,0.4,12489.651116024019,3910.3848600775113,0.4,13675.773067728202,0.38461538461538464,0.38461538461538464,0.23076923076923078,NEUTRAL,0.38461538461538464,0.23076923076923078,TOPSIDE,412.097,525.593,,884.243,2,1,0,3,15,18,10,0.4,0.2,2.0,4.3,194.141,PICK,7,0.0,0.8571428571428571,4.0,8.0,17,0.23529411764705882,0.47058823529411764,2.823529411764706,5.823529411764706,0,2,2,0,2,0,0,2,3,DRAGON,DRAGONS,TEAMFIGHT,PICK,SPLIT_1_3_1,NEUTRAL,FAST,SPLIT,YES,3,2,9,1,0,1,0
EUW1_7724955758,100,0,30.483333333333334,16.3.744.7656,420,904,14,4,12,0,0,1,0,0,0,1,0,0,0,0,8437,-414,-143,-6,-794,-276,-11,-1024,-1280,-19,-888,-964,-6,0,79,859.912520503007,385.0300710770913,385.0300710770913,0.6560962274466922,0.217,427,233,4,11,0,0,1,0,0,1,0,0,0,0,0,8351,-635,-189,-6,-968,93,-5,-1738,-538,-27,-2969,-1655,-54,7,63,1,297.6052487698196,13.318753417167851,279.5297977036632,0.6232914160743576,0.739,103,61,4,14,0,0,1,0,0,0,0,0,1,0,0,8112,-249,-676,-19,-832,-1158,-29,-1545,-1443,-27,-2213,-1814,-17,4,61,820.4811372334609,96.83980317113176,160.64516129032256,0.6889010388190268,0.696,804,523,4,21,0,0,1,0,0,0,0,0,0,1,0,8008,-983,-490,-20,791,59,-2,950,549,9,1584,1509,26,6,72,1461.683980317113,317.1897211591033,344.4833242208857,0.6232914160743576,0.696,201,147,4,14,0,0,1,0,0,0,0,0,1,0,0,8465,-501,-233,2,-219,2,0,-514,-940,-11,-854,-1260,-18,5,13,303.83816293056316,10.366320393657736,46.84527063969382,2.427556041552761,0.783,4235.4789375749415,0.4,14596.40328985192,4147.284479538686,0.4,13813.324726509547,4847.640759620284,0.4,13702.62836101162,3518.642258950851,0.6,12610.264747419063,0.0,0.5384615384615384,0.46153846153846156,NEUTRAL,0.0,0.46153846153846156,BOTSIDE,760.877,,,958.942,1,0,0,1,8,8,5,0.0,0.6,2.6,5.8,205.247,TEAMFIGHT,5,0.0,1.0,4.8,9.0,10,0.0,0.8,3.7,7.4,0,1,3,0,0,0,0,1,0,DRAGON,DRAGONS,TEAMFIGHT,TEAMFIGHT,SPLIT_1_3_1,TOP,MID,SPLIT,NO,2,0,4,0,0,0,0
EUW1_7724955758,200,1,30.483333333333334,16.3.744.7656,420,14,904,4,14,0,0,1,0,0,0,0,0,1,0,0,8437,414,143,6,794,276,11,1024,1280,19,888,964,6,3,90,803.1930016402406,299.21268452706397,376.46801530891196,1.0497539639147075,0.524,233,427,4,11,0,0,1,0,0,1,0,0,0,0,0,8005,635,189,6,968,-93,5,1738,538,27,2969,1655,54,6,74,4,1394.5653362493165,212.93603061782395,1312.946965554948,0.8201202843083653,0.619,61,103,4,12,0,0,1,0,0,0,1,0,0,0,0,8230,249,676,19,832,1158,29,1545,1443,27,2213,1814,17,7,90,1460.8310552214325,432.59704756697647,705.5330781848004,0.4592673592126845,0.714,523,804,4,21,0,0,1,0,0,0,0,0,0,1,0,8005,983,490,20,-791,-59,2,-950,-549,-9,-1584,-1509,-26,5,74,803.8490978676872,274.904319300164,682.9961727720065,0.6560962274466922,0.405,147,201,4,7,0,0,1,0,1,0,0,0,0,0,0,8214,501,233,-2,219,-2,0,514,940,11,854,1260,18,6,13,458.0863860032805,121.83706943685074,202.2744669218152,3.182066703116457,0.762,5473.502312320756,0.2,14269.334707686969,3671.0954065737265,0.2,11204.497668347296,4647.376403571503,0.2,12799.260173931929,3471.072665664673,0.4,11840.330569709613,0.3076923076923077,0.46153846153846156,0.23076923076923078,MID,0.3076923076923077,0.23076923076923078,NEUTRAL,387.032,496.792,1053.332,701.635,1,3,0,4,10,21,8,0.625,0.25,1.75,4.125,105.095,PICK,6,0.16666666666666666,0.8333333333333334,4.5,8.333333333333334,14,0.42857142857142855,0.5,2.9285714285714284,5.928571428571429,0,2,0,1,2,2,1,1,3,DRAGON,GRUBS_HERALD,MIXED,PICK,SPLIT_1_3_1,NEUTRAL,FAST,SPLIT,YES,2,1,9,2,1,3,0
EUW1_7724887965,100,1,25.55,16.3.744.7656,420,904,126,4,14,0,0,1,0,0,0,0,0,1,0,0,8010,-147,-46,-12,43,677,-12,721,1606,-3,616,1994,2,3,76,690.880626223092,371.3111545988258,585.8317025440313,0.7436399217221135,0.182,78,799,4,11,0,0,1,0,0,1,0,0,0,0,0,8230,-163,-320,-12,-103,-556,-22,-1524,-881,-19,-474,1037,2,5,51,5,362.62230919765165,49.58904109589041,1551.5851272015655,1.095890410958904,0.333,91,61,4,14,0,0,1,0,0,0,0,0,1,0,0,8112,105,432,-1,517,366,-2,528,409,4,355,-455,-30,8,64,697.1819960861056,116.32093933463796,263.9921722113503,0.7436399217221135,0.485,800,42,4,12,0,0,1,0,0,0,1,0,0,0,0,8229,574,64,-6,1735,1011,17,3134,2532,37,3734,3257,52,13,88,850.2152641878669,412.9941291585127,436.04696673189824,0.6653620352250489,0.576,60,267,4,14,0,0,1,0,0,0,0,0,1,0,0,8112,906,18,-2,1726,-173,-12,1880,-156,-16,2871,186,-15,14,9,546.8493150684932,184.89236790606654,526.3796477495107,2.73972602739726,0.545,4669.7911521786555,0.4,14297.055151323995,6208.337611210967,0.0,14578.902702192643,3990.5611823337067,0.2,12170.263472908055,3875.5288138280944,0.2,11307.163923813965,0.07692307692307693,0.5384615384615384,0.38461538461538464,MID,0.07692307692307693,0.38461538461538464,BOTSIDE,568.0,625.586,991.676,892.39,1,2,0,3,16,15,9,0.4444444444444444,0.4444444444444444,2.3333333333333335,5.222222222222222,180.904,TEAMFIGHT,6,0.0,0.8333333333333334,3.3333333333333335,6.5,15,0.26666666666666666,0.6,2.7333333333333334,5.733333333333333,0,2,4,0,3,2,0,1,3,DRAGON,GRUBS_HERALD,TEAMFIGHT,TEAMFIGHT,STANDARD,NEUTRAL,FAST,SPLIT,YES,3,1,6,0,1,2,0
EUW1_7724887965,200,0,25.55,16.3.744.7656,420,126,904,4,14,0,0,1,0,0,0,0,0,1,0,0,8010,147,46,12,-43,-677,12,-721,-1606,3,-616,-1994,-2,2,88,713.3463796477495,347.866927592955,347.866927592955,0.7436399217221135,0.364,799,78,4,11,0,0,1,0,0,1,0,0,0,0,0,8010,163,320,12,103,556,22,1524,881,19,474,-1037,-2,3,73,4,569.5107632093933,0.0,238.35616438356163,0.7827788649706457,0.545,61,91,3,4,0,1,1,0,0,0,0,0,0,0,0,8214,-105,-432,1,-517,-366,2,-528,-409,-4,-355,455,30,2,70,637.2211350293542,247.9843444227006,247.9843444227006,0.43052837573385516,0.182,42,800,4,21,0,0,1,0,0,0,0,0,0,1,0,9923,-574,-64,6,-1735,-1011,-17,-3134,-2532,-37,-3734,-3257,-52,4,71,422.9745596868884,0.0,61.839530332681015,0.7827788649706457,0.545,267,60,4,7,0,0,1,0,1,0,0,0,0,0,0,8214,-906,-18,2,-1726,173,12,-1880,156,16,-2871,-186,15,7,21,316.79060665362033,0.0,0.0,3.287671232876712,0.818,5040.172396980197,0.2,13912.659019756073,4506.81440215108,0.2,13694.282931208922,3698.0633009384883,0.2,11914.229685548285,4258.034123273571,0.0,12354.193822342275,0.23076923076923078,0.5384615384615384,0.23076923076923078,MID,0.23076923076923078,0.23076923076923078,NEUTRAL,,613.228,,1217.94,0,1,0,1,5,6,3,0.0,0.6666666666666666,3.6666666666666665,6.666666666666667,180.904,TEAMFIGHT,5,0.2,0.6,3.2,6.0,8,0.125,0.625,3.375,6.25,0,1,0,0,0,1,0,1,2,GRUBS,GRUBS_HERALD,TEAMFIGHT,TEAMFIGHT,SPLIT_1_3_1,NEUTRAL,SLOW,SPLIT,NO,0,0,2,0,0,1,0
EUW1_7724809452,100,1,25.066666666666666,16.3.744.7656,420,126,79,4,14,0,0,1,0,0,0,0,0,1,0,0,8010,5,-31,3,-217,-286,2,-1394,-2881,-21,-2918,-3864,-45,1,77,964.5877659574468,331.63563829787233,331.63563829787233,0.7579787234042553,0.16,245,36,4,11,0,0,1,0,0,1,0,0,0,0,0,8128,457,150,-1,817,-42,1,2283,584,-6,2370,-598,-27,8,76,2,1131.901595744681,54.65425531914894,1750.531914893617,1.1569148936170213,0.6,154,777,4,14,0,0,1,0,0,0,0,0,1,0,0,8010,220,243,0,1024,1194,4,2454,3245,36,2664,3079,33,8,81,1183.962765957447,249.97340425531914,469.58776595744683,0.5585106382978724,0.64,523,804,4,6,0,0,1,1,0,0,0,0,0,0,0,8021,360,372,21,816,696,32,2676,1450,60,998,1230,86,2,103,709.4281914893617,901.3563829787234,1499.0425531914893,0.7579787234042553,0.24,16,518,4,7,0,0,1,0,1,0,0,0,0,0,0,8214,80,124,-5,285,218,-6,136,977,-17,578,203,-25,3,6,257.83244680851067,120.07978723404256,146.32978723404256,2.5930851063829787,0.44,4432.115061265764,0.0,10989.295336826652,4866.736997701264,0.2,15265.60490121502,2513.1374698368572,0.4,9168.590404200637,4176.949769973947,0.0,10278.66027262308,0.15384615384615385,0.38461538461538464,0.46153846153846156,NEUTRAL,0.15384615384615385,0.46153846153846156,BOTSIDE,740.578,494.007,919.81,797.141,1,3,0,4,10,15,6,0.5,0.5,2.0,4.833333333333333,222.352,PICK,9,0.4444444444444444,0.4444444444444444,2.2222222222222223,5.333333333333333,15,0.4666666666666667,0.4666666666666667,2.1333333333333333,5.133333333333334,0,3,0,0,4,2,1,2,4,GRUBS,GRUBS_HERALD,MIXED,PICK,SPLIT_1_3_1,BOT,FAST,SPLIT,YES,3,1,10,2,1,3,0
EUW1_7724809452,200,0,25.066666666666666,16.3.744.7656,420,79,126,4,12,0,0,1,0,0,0,1,0,0,0,0,8230,-5,31,-3,217,286,-2,1394,2881,21,2918,3864,45,4,75,1115.625,398.6968085106383,398.6968085106383,1.077127659574468,0.7,36,245,4,11,0,0,1,0,0,1,0,0,0,0,0,8021,-457,-150,1,-817,42,-1,-2283,-584,6,-2370,598,27,1,81,13,756.063829787234,2.074468085106383,242.59308510638297,0.9175531914893618,0.6,777,154,4,12,0,0,1,0,0,0,1,0,0,0,0,8008,-220,-243,0,-1024,-1194,-4,-2454,-3245,-36,-2664,-3079,-33,0,77,487.02127659574467,234.2154255319149,234.2154255319149,0.6382978723404256,0.1,804,523,4,21,0,0,1,0,0,0,0,0,0,1,0,8008,-360,-372,-21,-816,-696,-32,-2676,-1450,-60,-998,-1230,-86,0,71,664.8271276595744,135.1595744680851,135.1595744680851,0.35904255319148937,0.3,518,16,4,7,0,0,1,0,1,0,0,0,0,0,0,8229,-80,-124,5,-285,-218,6,-136,-977,17,-578,-203,25,1,12,461.72872340425533,3.0718085106382977,34.308510638297875,2.752659574468085,0.4,5071.037567120306,0.2,15089.936249036971,3905.7410534694927,0.4,13766.139800249015,2907.218699603707,0.6,10926.64454441527,4584.148638019904,0.4,12980.767696866007,0.3076923076923077,0.5384615384615384,0.15384615384615385,MID,0.3076923076923077,0.15384615384615385,TOPSIDE,354.785,,,825.886,1,0,0,1,4,6,4,0.5,0.5,2.25,5.0,541.68,PICK,4,0.25,0.75,3.0,7.25,8,0.375,0.625,2.625,6.125,1,0,4,0,0,1,0,1,0,DRAGON,DRAGONS,TEAMFIGHT,PICK,STANDARD,TOP,SLOW,MIXED,YES,1,0,2,0,0,0,0
EUW1_7724749179,100,0,23.966666666666665,16.3.744.7656,420,41,126,4,14,0,0,1,0,0,0,0,0,1,0,0,8229,95,196,1,1636,1653,26,3491,3394,39,2634,396,17,6,80,1007.6495132127956,308.3866481223922,308.3866481223922,0.7510431154381085,0.667,904,421,4,11,0,0,1,0,0,1,0,0,0,0,0,8010,-611,-90,1,-365,-286,-2,-1163,-873,3,-1773,-2860,4,2,67,11,520.0973574408902,36.842837273991655,565.4937413073714,1.4186369958275384,0.333,134,31,4,12,0,0,1,0,0,0,1,0,0,0,0,8229,-237,-138,3,27,113,4,69,798,21,-1838,-1220,16,1,99,628.6648122392212,195.0208623087622,195.0208623087622,0.6675938803894298,0.111,429,99,1,4,1,0,1,0,0,0,0,0,0,0,0,8008,-203,54,11,-963,-140,-1,-2092,-654,-11,-2776,-1101,-14,0,80,467.7329624478443,171.57162726008346,171.57162726008346,0.6675938803894298,0.111,111,89,4,14,0,0,1,0,0,0,0,0,1,0,0,8439,-101,23,-2,-478,-879,-7,-672,-1364,-4,-915,-1383,-3,1,10,227.6912378303199,0.0,0.0,2.9207232267037555,0.222,3991.844388320188,0.4,12647.617364547363,4667.626635745744,0.2,13934.846429006673,2515.6927061074575,0.8,7538.857274149711,4239.227213511024,0.0,11061.173762309314,0.38461538461538464,0.23076923076923078,0.38461538461538464,NEUTRAL,0.38461538461538464,0.38461538461538464,NEUTRAL,,590.465,,793.094,0,3,0,3,8,1,7,0.5714285714285714,0.42857142857142855,2.2857142857142856,5.0,148.993,PICK,1,0.0,1.0,2.0,8.0,8,0.5,0.5,2.25,5.375,1,0,4,0,0,1,0,1,1,GRUBS,GRUBS_HERALD,MIXED,PICK,STANDARD,TOP,FAST,GROUP,YES,0,0,2,0,0,3,0
EUW1_7724749179,200,1,23.966666666666665,16.3.744.7656,420,126,41,4,12,0,0,1,0,0,0,1,0,0,0,0,8010,-95,-196,-1,-1636,-1653,-26,-3491,-3394,-39,-2634,-396,-17,2,54,751.0013908205842,311.307371349096,311.307371349096,0.6675938803894298,0.206,421,904,4,11,0,0,1,0,0,1,0,0,0,0,0,8010,611,90,-1,365,286,2,1163,873,-3,1773,2860,-4,13,73,18,838.8734353268429,71.05702364394993,1066.0222531293464,1.1265646731571628,0.706,31,134,4,6,0,0,1,1,0,0,0,0,0,0,0,9923,237,138,-3,-27,-113,-4,-69,-798,-21,1838,1220,-16,5,91,443.6161335187761,422.086230876217,601.2517385257303,0.6675938803894298,0.412,99,429,4,21,0,0,1,0,0,0,0,0,0,1,0,8229,203,-54,-11,963,140,1,2092,654,11,2776,1101,14,13,81,1145.2155771905425,425.1321279554938,462.3504867872045,1.6272600834492352,0.735,89,111,4,7,0,0,1,0,1,0,0,0,0,0,0,8439,101,-23,2,478,879,7,672,1364,4,915,1383,3,12,19,392.2948539638387,0.0,0.0,3.4214186369958277,0.676,4907.629354438289,0.0,11614.24474513948,3436.043863579911,0.4,11356.681293406098,2675.858579322029,0.4,8317.492170119549,3459.8565204772435,0.2,11138.82709265208,0.15384615384615385,0.38461538461538464,0.46153846153846156,NEUTRAL,0.15384615384615385,0.46153846153846156,BOTSIDE,380.311,,,820.424,2,0,0,2,16,18,8,0.375,0.5,2.5,5.875,195.637,TEAMFIGHT,9,0.4444444444444444,0.5555555555555556,2.111111111111111,5.333333333333333,17,0.4117647058823529,0.5294117647058824,2.2941176470588234,5.588235294117647,0,2,0,0,2,1,1,1,2,DRAGON,DRAGONS,TEAMFIGHT,TEAMFIGHT,SPLIT_1_3_1,NEUTRAL,FAST,SPLIT,YES,4,0,6,0,0,0,0
EUW1_7724582428,100,0,31.833333333333332,16.3.744.7656,420,2,516,4,6,0,0,1,1,0,0,0,0,0,0,0,8010,97,-146,11,657,492,24,1561,563,30,1770,-671,16,2,87,960.9738219895288,273.6125654450262,273.6125654450262,1.0994764397905759,0.393,904,5,4,11,0,0,1,0,0,1,0,0,0,0,0,8010,-391,45,3,237,544,9,487,560,-1,168,1001,27,11,78,23,738.5968586387435,5.057591623036649,674.3560209424083,0.4397905759162304,0.5,134,112,4,12,0,0,1,0,0,0,1,0,0,0,0,8229,409,844,23,1234,1576,45,1574,2076,54,1028,1078,39,5,100,1198.7748691099478,93.01570680628272,101.46596858638743,0.9109947643979058,0.464,804,51,4,6,0,0,1,1,0,0,0,0,0,0,0,8008,-75,-145,-3,-442,58,14,935,1126,50,-1999,-1337,38,7,83,1402.7120418848167,226.90052356020942,226.90052356020942,0.6910994764397906,0.5,117,147,4,7,0,0,1,0,1,0,0,0,0,0,0,8214,213,60,0,742,693,2,515,115,1,297,-930,-2,9,12,407.3717277486911,12.251308900523561,12.251308900523561,2.607329842931937,0.643,5610.162750069387,0.2,14032.493755566044,4889.589828900889,0.0,14394.637508461266,3422.4175398737693,0.2,9931.591312574234,2943.3977253686708,0.6,9607.543338439853,0.23076923076923078,0.38461538461538464,0.38461538461538464,NEUTRAL,0.23076923076923078,0.38461538461538464,BOTSIDE,,512.847,974.77,824.378,0,3,0,3,15,7,10,0.3,0.6,2.8,5.4,193.265,TEAMFIGHT,4,0.25,0.75,4.25,8.0,14,0.2857142857142857,0.6428571428571429,3.2142857142857144,6.142857142857143,0,1,0,0,1,2,1,1,2,GRUBS,GRUBS_HERALD,TEAMFIGHT,TEAMFIGHT,SPLIT_1_3_1,NEUTRAL,FAST,SPLIT,YES,0,0,4,0,1,3,0
EUW1_7724582428,200,1,31.833333333333332,16.3.744.7656,420,516,2,4,12,0,0,1,0,0,0,1,0,0,0,0,8230,-97,146,-11,-657,-492,-24,-1561,-563,-30,-1770,671,-16,3,63,882.5968586387435,288.5026178010471,416.13612565445027,0.7225130890052356,0.614,5,904,4,11,0,0,1,0,0,1,0,0,0,0,0,8010,391,-45,-3,-237,-544,-9,-487,-560,1,-168,-1001,-27,8,63,10,1260.7539267015707,187.2565445026178,1307.5602094240837,1.225130890052356,0.659,112,134,4,6,0,0,1,1,0,0,0,0,0,0,0,8214,-409,-844,-23,-1234,-1576,-45,-1574,-2076,-54,-1028,-1078,-39,4,55,1083.4240837696336,273.9895287958115,350.0732984293194,0.5968586387434556,0.477,51,804,4,21,0,0,1,0,0,0,0,0,0,1,0,8369,75,145,3,442,-58,-14,-935,-1126,-50,1999,1337,-38,6,69,1139.65445026178,441.4240837696335,1090.7120418848167,0.8167539267015708,0.523,147,117,4,7,0,0,1,0,1,0,0,0,0,0,0,8465,-213,-60,0,-742,-693,-2,-515,-115,-1,-297,930,2,10,10,475.2565445026178,131.52879581151834,274.9319371727749,3.298429319371728,0.818,5169.922953763653,0.2,11696.957638634072,5277.200213814327,0.2,13389.141010535368,3382.6650001430944,0.4,10497.958849223976,695.2493302350912,1.0,1786.2354268124905,0.07692307692307693,0.46153846153846156,0.46153846153846156,NEUTRAL,0.07692307692307693,0.46153846153846156,BOTSIDE,536.484,,,1198.547,1,0,0,1,12,18,7,0.0,0.8571428571428571,3.5714285714285716,6.428571428571429,193.265,TEAMFIGHT,7,0.14285714285714285,0.5714285714285714,3.2857142857142856,7.142857142857143,14,0.07142857142857142,0.7142857142857143,3.4285714285714284,6.785714285714286,0,1,0,0,2,0,0,0,0,DRAGON,DRAGONS,TEAMFIGHT,TEAMFIGHT,STANDARD,NEUTRAL,MID,SPLIT,NO,4,2,10,2,0,0,0
EUW1_7723328759,100,0,24.166666666666668,16.3.744.7656,420,266,74,4,12,0,0,1,0,0,0,1,0,0,0,0,8010,-541,-341,-20,-1107,-1022,-28,-1741,-1186,-22,-1791,-134,-9,0,66,399.9310344827586,196.84137931034482,206.1103448275862,0.7448275862068965,0.053,234,121,4,11,0,0,1,0,0,1,0,0,0,0,0,8010,376,826,17,627,691,24,-1868,-989,9,-760,-79,20,2,81,14,449.75172413793103,61.07586206896551,784.8413793103448,0.6620689655172414,0.526,163,14,4,6,0,0,1,1,0,0,0,0,0,0,0,8010,-438,-127,-13,-796,-244,-18,-2141,-1150,-29,-2838,-1389,-37,1,73,688.4689655172414,0.0,202.88275862068966,0.496551724137931,0.316,804,901,4,21,0,0,1,0,0,0,0,0,0,1,0,8008,802,217,4,1582,461,13,756,144,13,2142,1118,9,7,79,1448.5655172413792,59.62758620689655,65.95862068965516,0.5379310344827586,0.789,111,267,4,14,0,0,1,0,0,0,0,0,1,0,0,8439,304,155,3,867,544,10,328,-67,13,347,-354,12,8,21,405.51724137931035,3.0206896551724136,17.17241379310345,2.4413793103448276,0.684,4747.63778989754,0.0,12005.035651758808,4075.334464118935,0.2,12722.073612426553,4660.655326363554,0.2,12984.04486283069,2541.0714475620216,0.4,7051.294987447342,0.23076923076923078,0.38461538461538464,0.38461538461538464,NEUTRAL,0.23076923076923078,0.38461538461538464,BOTSIDE,,502.016,1090.899,,0,3,0,3,9,10,6,0.16666666666666666,0.5,2.5,5.0,151.958,PICK,7,0.0,0.8571428571428571,3.0,7.0,13,0.07692307692307693,0.6923076923076923,2.769230769230769,6.076923076923077,0,0,0,0,0,0,0,0,1,GRUBS,GRUBS_HERALD,TEAMFIGHT,PICK,STANDARD,NEUTRAL,FAST,SPLIT,YES,0,0,0,0,1,3,0
EUW1_7723328759,200,1,24.166666666666668,16.3.744.7656,420,74,266,4,14,0,0,1,0,0,0,0,0,1,0,0,8010,541,341,20,1107,1022,28,1741,1186,22,1791,134,9,2,94,862.5931034482758,735.8068965517241,1210.551724137931,0.7448275862068965,0.296,121,234,4,11,0,0,1,0,0,1,0,0,0,0,0,8369,-376,-826,-17,-627,-691,-24,1868,989,-9,760,79,-20,8,58,9,725.2137931034482,0.0,1247.8344827586207,0.7862068965517242,0.481,14,163,4,12,0,0,1,0,0,0,1,0,0,0,0,8437,438,127,13,796,244,18,2141,1150,29,2838,1389,37,4,91,534.7862068965517,568.8827586206896,568.8827586206896,0.8689655172413793,0.37,901,804,4,21,0,0,1,0,0,0,0,0,0,1,0,8021,-802,-217,-4,-1582,-461,-13,-756,-144,-13,-2142,-1118,-9,8,66,1198.6758620689654,339.0620689655172,487.4068965517241,0.2482758620689655,0.593,267,111,4,7,0,0,1,0,1,0,0,0,0,0,0,8214,-304,-155,-3,-867,-544,-10,-328,67,-13,-347,354,-12,9,11,320.35862068965514,105.84827586206896,118.0551724137931,2.689655172413793,0.667,4512.666165689874,0.4,13971.680070771732,5615.566401322297,0.2,14319.602124360857,4312.6342428755215,0.4,14303.117457393684,2106.9072889027398,0.4,6768.790881686329,0.15384615384615385,0.3076923076923077,0.5384615384615384,BOT,0.15384615384615385,0.5384615384615384,BOTSIDE,364.442,,,792.269,2,0,0,2,11,16,7,0.2857142857142857,0.5714285714285714,2.4285714285714284,5.285714285714286,180.192,PICK,7,0.0,0.8571428571428571,3.0,7.0,14,0.14285714285714285,0.7142857142857143,2.7142857142857144,6.142857142857143,1,2,2,0,5,2,0,3,0,DRAGON,DRAGONS,TEAMFIGHT,PICK,STANDARD,NEUTRAL,FAST,SPLIT,YES,4,1,11,2,0,0,0
EUW1_7723274755,100,0,20.416666666666668,16.3.744.7656,420,904,14,4,12,0,0,1,0,0,0,1,0,0,0,0,8010,-310,-197,-11,-837,-356,-26,-1559,-1106,-40,-3034,-3366,-46,0,60,246.75918367346938,0.0,0.0,0.5387755102040817,0.143,28,234,4,11,0,0,1,0,0,1,0,0,0,0,0,8112,-325,-48,3,-602,-439,-3,-922,-125,-6,-3528,-3099,-39,5,54,7,523.6408163265306,0.0,322.72653061224486,0.9306122448979591,0.571,893,13,4,14,0,0,1,0,0,0,0,0,1,0,0,8112,-738,-337,-7,-1120,-151,-17,-809,-235,-28,-2914,-4477,-76,4,82,720.538775510204,147.77142857142857,147.77142857142857,0.7346938775510203,0.5,21,523,4,21,0,0,1,0,0,0,0,0,0,1,0,8005,-539,-88,-12,-1107,-286,-9,-3363,-1463,-26,-4817,-2762,-52,4,70,946.2857142857142,83.65714285714286,83.65714285714286,0.34285714285714286,0.571,902,555,4,7,0,0,1,0,1,0,0,0,0,0,0,8465,-616,-407,4,-1524,-733,3,-2876,-1066,10,-5064,-1946,15,3,15,136.79999999999998,1.6163265306122447,1.6163265306122447,1.8122448979591836,0.571,5066.551225484991,0.2,14563.404993338612,4940.6950856269505,0.0,14249.325071735855,3313.970380941605,0.0,7709.69266572929,892.7722245106097,1.0,2037.5546618434557,0.23076923076923078,0.5384615384615384,0.23076923076923078,MID,0.23076923076923078,0.23076923076923078,NEUTRAL,,506.244,,,0,2,0,2,7,7,5,0.2,0.8,4.0,6.8,228.111,TEAMFIGHT,4,0.0,1.0,5.0,8.75,9,0.1111111111111111,0.8888888888888888,4.444444444444445,7.666666666666667,0,0,0,0,0,1,0,0,3,GRUBS,GRUBS_HERALD,TEAMFIGHT,TEAMFIGHT,STANDARD,BOT,MID,SPLIT,YES,0,0,0,0,0,2,0
EUW1_7723274755,200,1,20.416666666666668,16.3.744.7656,420,14,904,4,14,0,0,1,0,0,0,0,0,1,0,0,8437,310,197,11,837,356,26,1559,1106,40,3034,3366,46,5,86,682.1877551020408,303.4285714285714,303.4285714285714,0.7346938775510203,0.316,234,28,4,11,0,0,1,0,0,1,0,0,0,0,0,8010,325,48,-3,602,439,3,922,125,6,3528,3099,39,9,59,18,518.3510204081632,103.19999999999999,1497.3061224489795,1.3224489795918366,0.395,13,893,4,6,0,0,1,1,0,0,0,0,0,0,0,8230,738,337,7,1120,151,17,809,235,28,2914,4477,76,9,99,1010.0571428571428,497.1428571428571,497.1428571428571,0.4408163265306122,0.421,523,21,4,21,0,0,1,0,0,0,0,0,0,1,0,8005,539,88,12,1107,286,9,3363,1463,26,4817,2762,52,12,79,1281.1102040816327,680.1795918367346,680.1795918367346,0.4408163265306122,0.553,555,902,4,14,0,0,1,0,0,0,0,0,1,0,0,9923,616,407,-4,1524,733,-3,2876,1066,-10,5064,1946,-15,16,12,626.204081632653,200.86530612244897,200.86530612244897,1.2244897959183674,0.579,4419.4562244999615,0.4,14834.783348603376,5045.067545068798,0.2,13082.914430661081,3349.7033477939194,0.4,10156.096297298485,757.7930411640369,1.0,2364.6885630035936,0.38461538461538464,0.3076923076923077,0.3076923076923077,NEUTRAL,0.38461538461538464,0.3076923076923077,NEUTRAL,686.789,525.757,974.352,828.661,1,1,0,2,19,19,8,0.25,0.5,3.125,5.75,88.371,PICK,6,0.16666666666666666,0.8333333333333334,4.333333333333333,7.833333333333333,14,0.21428571428571427,0.6428571428571429,3.642857142857143,6.642857142857143,1,2,3,0,5,1,0,1,4,GRUBS,MIXED,TEAMFIGHT,PICK,STANDARD,NEUTRAL,FAST,SPLIT,YES,2,0,9,2,1,1,0
EUW1_7722340770,100,1,31.033333333333335,16.3.744.7656,420,904,41,4,12,0,0,1,0,0,0,1,0,0,0,0,8010,-110,-226,2,-1580,-902,-11,-3454,-2718,-32,-3329,-1292,-22,0,64,466.91729323308266,395.1557465091299,577.282491944146,1.0311493018259934,0.19,31,200,4,11,0,0,1,0,0,1,0,0,0,0,0,9923,-542,-285,-4,-36,1052,11,1592,2435,17,2591,2792,21,10,74,8,980.3651987110633,271.99785177228785,1607.626208378088,0.8055853920515574,0.548,84,245,4,14,0,0,1,0,0,0,0,0,1,0,0,8112,32,250,-2,227,135,8,-244,124,0,458,687,0,5,78,1086.25134264232,273.25456498388826,351.4930182599355,0.45112781954887216,0.357,202,42,4,21,0,0,1,0,0,0,0,0,0,1,0,8021,-452,-262,-2,-505,-794,-19,-187,-137,-8,505,1169,1,9,59,1112.158968850698,349.26960257787323,837.3576799140709,0.8378088077336198,0.524,43,40,4,7,0,0,1,0,1,0,0,0,0,0,0,8229,895,56,3,1239,481,9,1385,823,10,1455,1105,6,13,20,459.66702470461865,46.756176154672396,226.88506981740062,3.6734693877551017,0.738,5490.4871990519,0.2,14961.787894499774,4204.585507444797,0.4,14343.441149180346,5520.304381708269,0.2,13282.55291726707,2848.77339407437,0.4,9244.944348128873,0.3076923076923077,0.46153846153846156,0.23076923076923078,MID,0.3076923076923077,0.23076923076923078,NEUTRAL,1156.074,,969.712,920.117,0,0,0,0,14,19,9,0.2222222222222222,0.7777777777777778,3.111111111111111,6.777777777777778,51.567,PICK,10,0.3,0.4,2.4,5.7,19,0.2631578947368421,0.5789473684210527,2.736842105263158,6.2105263157894735,0,1,0,0,2,0,0,2,2,NONE,NONE,TEAMFIGHT,PICK,SPLIT_1_3_1,BOT,MID,SPLIT,NO,2,2,9,1,1,0,0
EUW1_7722340770,200,0,31.033333333333335,16.3.744.7656,420,41,904,4,14,0,0,1,0,0,0,0,0,1,0,0,8369,110,226,-2,1580,902,11,3454,2718,32,3329,1292,22,4,75,1045.0053705692803,139.4629430719656,184.99462943071964,0.7733619763694951,0.286,200,31,4,11,0,0,1,0,0,1,0,0,0,0,0,8010,542,285,4,36,-1052,-11,-1592,-2435,-17,-2591,-2792,-21,6,66,2,599.2910848549946,57.67991407089151,601.3211600429645,0.45112781954887216,0.429,245,84,4,14,0,0,1,0,0,0,0,0,1,0,0,9923,-32,-250,2,-227,-135,-8,244,-124,0,-458,-687,0,4,70,827.2717508055854,250.98818474758323,272.0300751879699,0.6444683136412459,0.381,42,202,4,21,0,0,1,0,0,0,0,0,0,1,0,8010,452,262,2,505,794,19,187,137,8,-505,-1169,-1,7,78,1012.781954887218,172.33082706766916,209.61331901181524,1.0311493018259934,0.524,40,43,4,7,0,0,1,0,1,0,0,0,0,0,0,8214,-895,-56,-3,-1239,-481,-9,-1385,-823,-10,-1455,-1105,-6,7,11,223.95273899033296,67.0891514500537,107.81954887218045,3.1578947368421053,0.524,4605.850828981048,0.2,13909.777748044718,5579.149088766215,0.0,13336.094068354498,4065.766842609459,0.2,11425.477014111928,4821.770057292678,0.0,12548.870267876706,0.23076923076923078,0.46153846153846156,0.3076923076923077,MID,0.23076923076923078,0.3076923076923077,NEUTRAL,473.876,515.06,,796.849,2,3,0,5,14,6,7,0.0,1.0,3.5714285714285716,7.714285714285714,206.91,TEAMFIGHT,5,0.2,0.4,2.6,5.6,12,0.08333333333333333,0.75,3.1666666666666665,6.833333333333333,1,0,0,0,2,3,0,1,0,DRAGON,GRUBS_HERALD,TEAMFIGHT,TEAMFIGHT,STANDARD,MID,FAST,SPLIT,YES,2,0,4,0,0,3,0
EUW1_7722281623,100,0,26.583333333333332,16.3.744.7656,420,126,54,4,12,0,0,1,0,0,0,1,0,0,0,0,8010,57,238,14,51,161,19,-1703,-2337,-11,-2481,-3027,-7,1,87,462.846394984326,311.2476489028213,311.2476489028213,0.7899686520376176,0.125,163,799,4,11,0,0,1,0,0,1,0,0,0,0,0,8369,-413,-389,-9,-1753,-1029,-9,-3217,-2622,-22,-4193,-3499,-30,4,66,8,596.6520376175549,6.470219435736677,572.012539184953,1.35423197492163,0.625,777,136,4,12,0,0,1,0,0,0,1,0,0,0,0,8008,-387,87,1,-343,318,11,-906,686,23,363,1106,30,0,89,672.564263322884,141.70532915360502,156.6771159874608,0.6018808777429467,0.125,110,236,4,21,0,0,1,0,0,0,0,0,0,1,0,8229,25,-112,-5,1272,-215,8,1326,367,38,817,775,41,4,83,912.7523510971787,107.54858934169279,110.6332288401254,0.9404388714733543,0.75,44,37,4,14,0,0,1,0,0,0,0,0,1,0,0,8351,234,-41,1,228,215,5,-510,-1106,8,-886,-1031,7,5,12,159.34796238244516,8.840125391849531,48.78996865203762,3.1598746081504703,0.875,4850.48445496876,0.4,14628.728584535293,5972.259667375851,0.2,14512.612617995424,2317.7541794672306,0.6,9419.310855895987,2661.819772269222,0.4,7425.728516448739,0.07692307692307693,0.3076923076923077,0.6153846153846154,BOT,0.07692307692307693,0.6153846153846154,BOTSIDE,633.51,,,871.866,1,0,0,1,6,2,5,0.2,0.4,2.4,6.0,158.763,PICK,2,0.5,0.5,1.5,6.0,7,0.2857142857142857,0.42857142857142855,2.142857142857143,6.0,0,1,0,0,1,3,0,1,1,DRAGON,DRAGONS,MIXED,PICK,STANDARD,MID,SLOW,MIXED,NO,2,0,3,0,0,0,0
EUW1_7722281623,200,1,26.583333333333332,16.3.744.7656,420,54,126,4,12,0,0,1,0,0,0,1,0,0,0,0,8229,-57,-238,-14,-51,-161,-19,1703,2337,11,2481,3027,7,6,68,546.7711598746082,455.8871473354232,520.9278996865204,0.9404388714733543,0.455,799,163,4,11,0,0,1,0,0,1,0,0,0,0,0,8369,413,389,9,1753,1029,9,3217,2622,22,4193,3499,30,11,79,13,1129.278996865204,150.73354231974923,1456.626959247649,1.090909090909091,0.788,136,777,4,12,0,0,1,0,0,0,1,0,0,0,0,8229,387,-87,-1,343,-318,-11,906,-686,-23,-363,-1106,-30,8,78,954.5078369905957,13.4294670846395,283.41065830721004,0.677115987460815,0.515,236,110,1,4,1,0,1,0,0,0,0,0,0,0,0,8005,-25,112,5,-1272,215,-8,-1326,-367,-38,-817,-775,-41,5,75,491.8495297805643,292.02507836990594,500.76489028213166,0.8275862068965517,0.333,37,44,4,7,0,0,1,0,1,0,0,0,0,0,0,8214,-234,41,-1,-228,-215,-5,510,1106,-8,886,1031,-7,11,7,245.4921630094044,67.22257053291537,183.04702194357367,3.498432601880878,0.818,4029.761848343854,0.4,13231.80720838994,3265.423614607194,0.6,13329.233773927142,3500.7874066805416,0.2,10211.88939423063,4251.243744441038,0.2,12819.669457517224,0.23076923076923078,0.6153846153846154,0.15384615384615385,MID,0.23076923076923078,0.15384615384615385,NEUTRAL,1311.794,632.007,966.069,858.859,0,3,0,3,16,12,9,0.4444444444444444,0.4444444444444444,2.111111111111111,5.555555555555555,200.89,TEAMFIGHT,7,0.42857142857142855,0.5714285714285714,1.8571428571428572,5.714285714285714,16,0.4375,0.5,2.0,5.625,0,1,2,0,1,0,0,1,0,GRUBS,GRUBS_HERALD,MIXED,TEAMFIGHT,SPLIT_1_3_1,TOP,FAST,SPLIT,YES,1,1,6,1,1,3,0
EUW1_7722241249,100,1,21.75,16.3.744.7656,420,904,799,4,12,0,0,1,0,0,0,1,0,0,0,0,8437,150,93,12,1378,1190,36,2489,2756,51,4741,5225,80,5,80,926.0229885057471,662.2528735632184,672.0919540229885,0.6896551724137931,0.314,54,91,4,11,0,0,1,0,0,1,0,0,0,0,0,8112,91,169,3,1726,1550,16,1820,964,10,2262,823,-7,11,69,29,784.7816091954023,281.42528735632186,1576.0919540229886,1.103448275862069,0.6,61,38,4,12,0,0,1,0,0,0,1,0,0,0,0,8230,-26,-388,7,-455,-541,16,-1315,-780,6,935,2627,50,7,81,938.6666666666666,347.95402298850576,373.2413793103448,0.367816091954023,0.371,110,145,4,21,0,0,1,0,0,0,0,0,0,1,0,8008,406,-326,-4,1038,-126,11,2746,191,29,3973,308,23,5,99,1013.8390804597701,647.4942528735633,647.4942528735633,0.5517241379310345,0.429,201,53,4,7,0,0,1,0,1,0,0,0,0,0,0,8465,171,467,2,416,692,2,483,376,0,1319,1705,-2,9,15,246.3448275862069,121.01149425287356,143.26436781609195,2.942528735632184,0.6,3654.96338144138,0.4,13704.575659246075,5253.368735913163,0.0,12661.155910895339,2897.29113509135,0.4,11036.061344519612,7196.409336543914,0.0,16829.39814728976,0.3076923076923077,0.46153846153846156,0.23076923076923078,MID,0.3076923076923077,0.23076923076923078,NEUTRAL,906.538,572.044,1046.857,742.379,0,3,0,3,16,19,9,0.5555555555555556,0.4444444444444444,2.4444444444444446,4.777777777777778,201.323,TEAMFIGHT,7,0.14285714285714285,0.8571428571428571,3.2857142857142856,7.142857142857143,16,0.375,0.625,2.8125,5.8125,1,1,2,0,5,2,1,2,5,GRUBS,GRUBS_HERALD,TEAMFIGHT,TEAMFIGHT,STANDARD,BOT,FAST,SPLIT,YES,1,0,10,2,1,3,0
EUW1_7722241249,200,0,21.75,16.3.744.7656,420,799,904,4,14,0,0,1,0,0,0,0,0,1,0,0,8112,-150,-93,-12,-1378,-1190,-36,-2489,-2756,-51,-4741,-5225,-80,1,44,715.1724137931035,58.52873563218391,58.52873563218391,0.3218390804597701,0.2,91,54,4,11,0,0,1,0,0,1,0,0,0,0,0,8369,-91,-169,-3,-1726,-1550,-16,-1820,-964,-10,-2262,-823,7,3,52,16,434.48275862068965,0.0,0.0,0.5517241379310345,0.4,38,61,4,14,0,0,1,0,0,0,0,0,1,0,0,8369,26,388,-7,455,541,-16,1315,780,-6,-935,-2627,-50,6,65,694.0689655172414,54.94252873563219,54.94252873563219,0.5057471264367817,0.8,145,110,4,21,0,0,1,0,0,0,0,0,0,1,0,8008,-406,326,4,-1038,126,-11,-2746,-191,-29,-3973,-308,-23,1,88,380.2758620689655,0.0,0.0,0.1839080459770115,0.4,53,201,4,14,0,0,1,0,0,0,0,0,1,0,0,8351,-171,-467,-2,-416,-692,-2,-483,-376,0,-1319,-1705,2,2,13,216.68965517241378,0.0,0.0,2.6666666666666665,0.6,4562.923416744054,0.2,12641.824710064604,4156.623216363532,0.2,13475.374948401251,5208.975420611978,0.0,13784.188405560917,1652.7062733713374,0.8,4449.2489253805525,0.3076923076923077,0.38461538461538464,0.3076923076923077,NEUTRAL,0.3076923076923077,0.3076923076923077,NEUTRAL,,,,,0,0,0,0,6,4,5,0.2,0.8,3.4,6.0,201.323,TEAMFIGHT,4,0.0,1.0,3.75,8.0,9,0.1111111111111111,0.8888888888888888,3.5555555555555554,6.888888888888889,0,0,0,0,0,1,0,0,0,NONE,NONE,TEAMFIGHT,TEAMFIGHT,STANDARD,NEUTRAL,SLOW,SPLIT,NO,0,0,0,0,0,0,0
EUW1_7722104246,100,0,28.083333333333332,16.3.744.7656,420,799,58,4,12,0,0,1,0,0,0,1,0,0,0,0,8437,-186,0,-12,-668,-434,-32,-1556,-1491,-51,-2687,-2127,-59,1,68,685.4955489614243,0.0,20.403560830860535,0.56973293768546,0.278,950,141,4,11,0,0,1,0,0,1,0,0,0,0,0,8010,613,103,-2,1009,147,-1,352,-837,-22,919,-1641,-33,10,70,7,817.6023738872404,90.80118694362018,378.6231454005935,0.9970326409495549,0.833,61,69,4,12,0,0,1,0,0,0,1,0,0,0,0,8229,60,116,1,218,837,27,220,956,25,-1135,239,26,5,99,749.0207715133531,100.486646884273,124.52225519287835,0.9258160237388724,0.5,81,163,4,21,0,0,1,0,0,0,0,0,0,1,0,8008,87,353,6,861,962,9,229,209,4,-1322,-1181,-20,5,85,886.4688427299703,262.8249258160237,308.4391691394659,0.6409495548961425,0.444,432,16,4,14,0,0,1,0,0,0,0,0,1,0,0,8112,-340,152,0,-533,-92,-2,-348,-164,-2,-525,-103,4,4,13,279.63204747774483,10.00593471810089,28.059347181008903,2.741839762611276,0.556,4388.128354273978,0.4,14526.955083567926,5081.330817556461,0.0,12051.94225011056,4326.652142796689,0.2,14179.974083192114,1287.723198820349,0.8,4389.595083831766,0.07692307692307693,0.6153846153846154,0.3076923076923077,MID,0.07692307692307693,0.3076923076923077,BOTSIDE,,487.803,,1172.327,0,3,0,3,11,7,7,0.42857142857142855,0.5714285714285714,2.7142857142857144,5.428571428571429,184.617,TEAMFIGHT,5,0.2,0.6,3.8,7.6,12,0.3333333333333333,0.5833333333333334,3.1666666666666665,6.333333333333333,0,0,0,0,1,3,0,1,1,GRUBS,GRUBS_HERALD,TEAMFIGHT,TEAMFIGHT,STANDARD,MID,FAST,SPLIT,YES,0,0,2,0,0,3,0
EUW1_7722104246,200,1,28.083333333333332,16.3.744.7656,420,58,799,4,14,0,0,1,0,0,0,0,0,1,0,0,8010,186,0,12,668,434,32,1556,1491,51,2687,2127,59,1,100,800.9020771513353,404.86646884273,441.68545994065283,1.2106824925816024,0.379,141,950,4,11,0,0,1,0,0,1,0,0,0,0,0,8128,-613,-103,2,-1009,-147,1,-352,837,22,-919,1641,33,7,72,22,1026.8367952522256,397.81602373887245,1958.492581602374,1.13946587537092,0.552,69,61,4,12,0,0,1,0,0,0,1,0,0,0,0,8010,-60,-116,-1,-218,-837,-27,-220,-956,-25,1135,-239,-26,5,72,895.4777448071217,334.21958456973294,625.2818991097923,0.7477744807121662,0.552,163,81,4,12,0,0,1,0,0,0,1,0,0,0,0,8112,-87,-353,-6,-861,-962,-9,-229,-209,-4,1322,1181,20,6,76,908.0830860534126,301.6023738872404,687.1335311572701,0.8902077151335311,0.552,16,432,4,7,0,0,1,0,1,0,0,0,0,0,0,8214,340,-152,0,533,92,2,348,164,2,525,103,-4,7,15,119.39465875370921,84.53412462908013,93.5786350148368,2.991097922848665,0.621,5913.007451139783,0.0,14403.226444099251,5588.690834367354,0.0,12063.16795041833,3964.15509544239,0.4,13180.021282228643,3927.4804065437006,0.2,12907.792723777371,0.15384615384615385,0.5384615384615384,0.3076923076923077,MID,0.15384615384615385,0.3076923076923077,BOTSIDE,492.045,,1134.699,903.92,1,0,0,1,9,16,5,0.2,0.8,3.4,6.2,184.617,TEAMFIGHT,7,0.5714285714285714,0.42857142857142855,3.0,6.142857142857143,12,0.4166666666666667,0.5833333333333334,3.1666666666666665,6.166666666666667,0,2,2,0,2,1,0,1,3,DRAGON,DRAGONS,TEAMFIGHT,TEAMFIGHT,SPLIT_1_3_1,NEUTRAL,MID,SPLIT,NO,4,1,11,3,1,0,0
EUW1_7721365234,100,0,35.36666666666667,16.3.744.7656,420,14,24,4,14,0,0,1,0,0,0,0,0,1,0,0,8437,-16,26,9,150,51,14,1889,1894,38,-16,813,23,4,92,628.75589066918,172.507068803016,209.4627709707823,0.9613572101790764,0.441,60,234,4,11,0,0,1,0,0,1,0,0,0,0,0,8128,254,405,6,111,252,12,-9,892,25,-1274,39,14,9,62,6,977.0499528746466,0.0,709.4816211121583,1.1310084825636193,0.647,18,134,4,12,0,0,1,0,0,0,1,0,0,0,0,8008,24,-151,3,209,-155,3,668,362,5,752,842,18,6,96,615.0706880301602,182.9688972667295,325.0518378887842,0.650329877474081,0.382,804,42,1,4,1,0,1,0,0,0,0,0,0,0,0,8008,578,62,-9,969,158,-7,688,-810,-19,-75,-1916,-28,7,84,1251.9981149858625,114.20358152686146,156.61639962299716,0.5089538171536286,0.647,201,89,4,7,0,0,1,0,1,0,0,0,0,0,0,8465,281,-166,-1,460,237,4,868,820,6,821,-17,7,11,16,311.9321394910462,103.99622997172479,111.17813383600377,3.166823751178134,0.735,5288.402182400278,0.2,14796.987835367034,3594.6364789681365,0.4,12781.570247821666,4161.387625659583,0.0,8931.40000223929,4408.210366889563,0.2,13739.30777004431,0.07692307692307693,0.46153846153846156,0.46153846153846156,NEUTRAL,0.07692307692307693,0.46153846153846156,BOTSIDE,1414.949,552.722,926.365,858.414,0,3,0,3,15,6,7,0.14285714285714285,0.7142857142857143,3.142857142857143,6.142857142857143,125.9,SKIRMISH,4,0.0,0.75,3.25,7.0,11,0.09090909090909091,0.7272727272727273,3.1818181818181817,6.454545454545454,0,1,1,0,0,2,0,1,1,GRUBS,GRUBS_HERALD,TEAMFIGHT,NONE,SPLIT_1_3_1,NEUTRAL,FAST,SPLIT,YES,1,0,4,0,1,3,0
EUW1_7721365234,200,1,35.36666666666667,16.3.744.7656,420,24,14,4,14,0,0,1,0,0,0,0,0,1,0,0,8008,16,-26,-9,-150,-51,-14,-1889,-1894,-38,16,-813,-23,1,78,912.5824693685203,370.80113100848257,745.2214891611687,1.4985862393967955,0.559,234,60,4,11,0,0,1,0,0,1,0,0,0,0,0,8010,-254,-405,-6,-111,-252,-12,9,-892,-25,1274,-39,-14,7,54,14,626.6635249764373,34.69368520263902,830.0754005655042,1.1027332704995287,0.5,134,18,4,6,0,0,1,1,0,0,0,0,0,0,0,8369,-24,151,-3,-209,155,-3,-668,-362,-5,-752,-842,-18,3,93,786.0791705937794,189.1894439208294,298.6993402450518,0.9896324222431668,0.471,42,804,4,21,0,0,1,0,0,0,0,0,0,1,0,8010,-578,-62,9,-969,-158,7,-688,810,19,75,1916,28,2,91,1424.052780395853,359.34967012252594,443.0725730442978,0.9330819981149858,0.559,89,201,4,14,0,0,1,0,0,0,0,0,1,0,0,8439,-281,166,1,-460,-237,-4,-868,-820,-6,-821,17,-7,5,12,294.8539114043355,8.73704052780396,45.86239396795476,3.336475023562677,0.5,6069.911937270204,0.0,14322.505821259072,3482.051036242757,0.6,13972.232641922335,4668.9480239373515,0.2,14026.522092093963,4639.788164486618,0.2,12994.349618199443,0.23076923076923078,0.23076923076923078,0.5384615384615384,BOT,0.23076923076923078,0.5384615384615384,BOTSIDE,709.784,,,913.739,1,0,0,1,8,9,6,0.16666666666666666,0.8333333333333334,3.3333333333333335,6.166666666666667,225.124,TEAMFIGHT,5,0.2,0.6,2.8,6.2,11,0.18181818181818182,0.7272727272727273,3.090909090909091,6.181818181818182,0,1,2,0,1,0,0,1,1,DRAGON,DRAGONS,TEAMFIGHT,TEAMFIGHT,SPLIT_1_3_1,NEUTRAL,MID,SPLIT,NO,3,1,8,1,0,0,0
EUW1_7721302340,100,0,28.25,16.3.744.7656,420,126,27,4,14,0,0,1,0,0,0,0,0,1,0,0,8230,786,1329,23,1777,2303,55,2271,2100,51,2851,1297,56,2,102,654.9026548672566,507.50442477876106,507.50442477876106,0.672566371681416,0.158,799,2,4,11,0,0,1,0,0,1,0,0,0,0,0,8010,136,84,0,-52,402,2,-498,437,18,-1047,-242,8,4,72,14,570.2300884955753,0.0,170.15929203539824,1.2743362831858407,0.368,84,142,4,14,0,0,1,0,0,0,0,0,1,0,0,8112,-845,-368,-7,-1790,-1789,-32,-3412,-2831,-55,-4439,-2193,-48,2,55,808.9911504424779,0.0,0.0,0.6017699115044248,0.421,18,99,4,21,0,0,1,0,0,0,0,0,0,1,0,8008,71,-184,7,996,211,12,3972,2083,42,3388,1814,39,5,86,766.7256637168142,360.60176991150445,360.60176991150445,0.5663716814159292,0.421,76,432,4,7,0,0,1,0,1,0,0,0,0,0,0,8214,338,75,-3,392,-207,-9,-794,-1815,-13,-1440,-2158,-11,6,9,411.53982300884957,10.15929203539823,17.52212389380531,2.9734513274336285,0.579,4721.980054660986,0.2,14351.989478814427,3880.971983912555,0.4,12845.716640187888,5110.717891590863,0.0,10186.349493317024,2960.6169248627652,0.6,10215.30430285853,0.3076923076923077,0.38461538461538464,0.3076923076923077,NEUTRAL,0.3076923076923077,0.3076923076923077,NEUTRAL,,604.948,,725.485,0,1,0,1,8,10,8,0.25,0.625,2.5,5.5,183.984,TEAMFIGHT,5,0.0,0.6,4.2,7.2,13,0.15384615384615385,0.6153846153846154,3.1538461538461537,6.153846153846154,1,0,5,0,0,0,0,3,2,GRUBS,GRUBS_HERALD,TEAMFIGHT,TEAMFIGHT,SPLIT_1_3_1,TOP,MID,SPLIT,YES,0,0,4,0,0,1,0
EUW1_7721302340,200,1,28.25,16.3.744.7656,420,27,126,4,6,0,0,1,1,0,0,0,0,0,0,0,8230,-786,-1329,-23,-1777,-2303,-55,-2271,-2100,-51,-2851,-1297,-56,4,47,324.0,223.92920353982302,265.4513274336283,0.5309734513274337,0.318,2,799,6,11,0,0,0,1,0,1,0,0,0,0,0,8010,-136,-84,0,52,-402,-2,498,-437,-18,1047,242,-8,5,68,8,798.3362831858407,96.7433628318584,1980.0353982300885,0.6017699115044248,0.341,142,84,4,14,0,0,1,0,0,0,0,0,1,0,0,8112,845,368,7,1790,1789,32,3412,2831,55,4439,2193,48,11,87,2154.3008849557523,390.83185840707966,853.6637168141593,0.17699115044247787,0.841,99,18,4,12,0,0,1,0,0,0,1,0,0,0,0,8369,-71,184,-7,-996,-211,-12,-3972,-2083,-42,-3388,-1814,-39,0,74,523.1150442477876,185.02654867256638,243.61061946902655,0.6371681415929203,0.341,432,76,3,4,0,1,1,0,0,0,0,0,0,0,0,8112,-338,-75,3,-392,207,9,794,1815,13,1440,2158,11,9,18,654.9026548672566,58.017699115044245,58.017699115044245,3.6814159292035398,0.659,4909.849281975739,0.0,14602.554468311359,3297.3457505017636,0.6,11878.226298568317,5343.490844015638,0.0,13202.324530172707,3217.812265819301,0.6,10164.67200651354,0.46153846153846156,0.15384615384615385,0.38461538461538464,NEUTRAL,0.46153846153846156,0.38461538461538464,NEUTRAL,798.841,627.142,,892.769,1,2,0,3,13,22,11,0.45454545454545453,0.45454545454545453,2.090909090909091,4.7272727272727275,111.866,PICK,9,0.3333333333333333,0.4444444444444444,2.888888888888889,5.888888888888889,20,0.4,0.45,2.45,5.25,0,1,2,0,2,1,0,0,0,GRUBS,GRUBS_HERALD,MIXED,PICK,STANDARD,NEUTRAL,FAST,SPLIT,YES,3,1,7,1,0,2,0
EUW1_7720554964,100,0,27.516666666666666,16.3.744.7656,420,266,2,4,14,0,0,1,0,0,0,0,0,1,0,0,8010,-639,-485,-10,-796,-639,-8,-1024,-1553,-17,-1618,-1683,-17,2,62,544.7970926711084,126.9412477286493,126.9412477286493,0.5814657783161721,0.357,121,245,4,11,0,0,1,0,0,1,0,0,0,0,0,8369,86,59,1,453,-111,0,2598,501,2,1885,-668,-11,6,78,15,725.9963658388856,0.0,671.6656571774682,1.2356147789218657,0.643,163,800,4,12,0,0,1,0,0,0,1,0,0,0,0,8230,194,78,13,391,95,7,912,10,13,1756,-45,17,2,94,711.7141126589946,265.366444579043,291.24167171411267,0.5451241671714113,0.643,51,360,4,21,0,0,1,0,0,0,0,0,0,1,0,8008,96,183,7,-1561,-354,-6,-2716,-473,-8,-4846,-1399,0,1,78,464.663840096911,357.9648697758934,357.9648697758934,1.1265899454875834,0.214,16,111,4,7,0,0,1,0,1,0,0,0,0,0,0,8214,-9,-102,-6,-264,38,-7,-425,170,-5,-1040,-697,-5,3,17,145.43912780133252,26.238643246517263,30.49061175045427,2.2895215021199276,0.571,5294.1889005058,0.0,14509.306840783262,5404.789744922555,0.0,13512.32333834563,3949.9278647242704,0.2,10628.968153118156,3020.527163742602,0.2,7178.227636401621,0.38461538461538464,0.38461538461538464,0.23076923076923078,NEUTRAL,0.38461538461538464,0.23076923076923078,TOPSIDE,1286.385,536.49,,877.79,0,3,0,3,5,7,5,0.2,0.8,2.6,6.4,364.405,TEAMFIGHT,7,0.42857142857142855,0.42857142857142855,2.4285714285714284,6.142857142857143,12,0.3333333333333333,0.5833333333333334,2.5,6.25,0,1,2,0,1,2,0,2,2,GRUBS,GRUBS_HERALD,TEAMFIGHT,TEAMFIGHT,SPLIT_1_3_1,NEUTRAL,MID,SPLIT,YES,1,0,4,0,0,3,0
EUW1_7720554964,200,1,27.516666666666666,16.3.744.7656,420,2,266,4,14,0,0,1,0,0,0,0,0,1,0,0,8010,639,485,10,796,639,8,1024,1553,17,1618,1683,17,4,70,633.579648697759,297.4924288310115,300.2180496668686,0.7631738340399759,0.31,245,121,4,11,0,0,1,0,0,1,0,0,0,0,0,8128,-86,-59,-1,-453,111,0,-2598,-501,-2,-1885,668,11,2,79,28,737.5893397940642,298.8734100545124,1178.0860084797093,0.5814657783161721,0.414,800,163,4,12,0,0,1,0,0,0,1,0,0,0,0,8229,-194,-78,-13,-391,-95,-7,-912,-10,-13,-1756,45,-17,0,87,423.96123561477896,126.61417322834646,183.19806178073895,0.5451241671714113,0.172,360,51,4,21,0,0,1,0,0,0,0,0,0,1,0,8010,-96,-183,-7,1561,354,6,2716,473,8,4846,1399,0,7,84,1384.869775893398,565.3301029678983,565.3301029678983,0.5087825560266506,0.69,111,16,4,14,0,0,1,0,0,0,0,0,1,0,0,8439,9,102,6,264,-38,7,425,-170,5,1040,697,5,6,24,295.71168988491826,16.571774682010904,27.98304058146578,3.4524530587522713,0.552,4966.684300989147,0.0,14247.75269998746,3859.0920492161545,0.2,11332.750284021966,3854.488105171937,0.4,13836.610712165028,4322.777457617146,0.2,13161.18174785228,0.3076923076923077,0.38461538461538464,0.3076923076923077,NEUTRAL,0.3076923076923077,0.3076923076923077,NEUTRAL,541.588,,1101.237,690.253,1,0,0,1,10,14,6,0.3333333333333333,0.6666666666666666,2.3333333333333335,5.833333333333333,144.369,PICK,7,0.2857142857142857,0.5714285714285714,2.7142857142857144,6.285714285714286,13,0.3076923076923077,0.6153846153846154,2.5384615384615383,6.076923076923077,0,2,1,0,3,1,1,0,4,DRAGON,DRAGONS,TEAMFIGHT,PICK,STANDARD,BOT,FAST,SPLIT,YES,2,0,8,1,1,0,0
EUW1_7720510707,100,1,31.333333333333332,16.3.744.7656,420,122,126,4,6,0,0,1,1,0,0,0,0,0,0,0,8010,164,359,-9,-15,191,-9,-14,-184,-19,-1045,-3261,-51,5,76,724.1808510638298,300.79787234042556,509.8085106382979,0.6382978723404256,0.356,245,517,4,11,0,0,1,0,0,1,0,0,0,0,0,8128,358,80,0,-697,-1127,-21,724,87,-4,-74,-294,-4,7,64,19,920.872340425532,79.81914893617022,1438.276595744681,1.0531914893617023,0.511,103,99,4,12,0,0,1,0,0,0,1,0,0,0,0,8112,742,406,7,1459,419,10,2394,1075,14,3562,1812,40,7,88,1501.148936170213,473.17021276595744,720.4148936170213,0.6702127659574468,0.556,202,804,4,21,0,0,1,0,0,0,0,0,0,1,0,8021,-92,130,-1,961,394,6,953,1314,17,19,1228,19,5,87,891.1914893617021,517.6276595744681,1099.7553191489362,0.6702127659574468,0.489,111,518,4,14,0,0,1,0,0,0,0,0,1,0,0,8439,-124,-48,4,-516,-443,-4,-74,466,-16,-836,-413,-25,9,15,331.94680851063833,0.0,42.22340425531915,3.4787234042553195,0.622,3709.524531823522,0.2,11640.827676759072,2933.890331619953,0.6,10738.411521263282,4404.562191956222,0.2,13221.04451244303,3308.5617105846395,0.2,9683.094804864817,0.15384615384615385,0.3076923076923077,0.5384615384615384,BOT,0.15384615384615385,0.5384615384615384,BOTSIDE,715.648,,,916.204,1,0,0,1,13,16,7,0.42857142857142855,0.5714285714285714,2.857142857142857,5.0,230.492,TEAMFIGHT,6,0.0,1.0,4.5,8.166666666666666,13,0.23076923076923078,0.7692307692307693,3.6153846153846154,6.461538461538462,0,0,2,0,1,2,0,1,2,DRAGON,DRAGONS,TEAMFIGHT,TEAMFIGHT,STANDARD,NEUTRAL,MID,SPLIT,NO,4,2,10,2,0,0,0
EUW1_7720510707,200,0,31.333333333333332,16.3.744.7656,420,126,122,4,14,0,0,1,0,0,0,0,0,1,0,0,8010,-164,-359,9,15,-191,9,14,184,19,1045,3261,51,3,85,815.8085106382979,301.5,301.5,0.7659574468085106,0.379,517,245,4,11,0,0,1,0,0,1,0,0,0,0,0,8010,-358,-80,0,697,1127,21,-724,-87,4,74,294,4,4,78,11,1004.2978723404256,111.09574468085107,795.1595744680851,0.9893617021276596,0.621,99,103,4,6,0,0,1,1,0,0,0,0,0,0,0,8229,-742,-406,-7,-1459,-419,-10,-2394,-1075,-14,-3562,-1812,-40,1,78,566.6170212765958,110.36170212765958,125.45744680851064,0.5106382978723405,0.276,804,202,4,21,0,0,1,0,0,0,0,0,0,1,0,8008,92,-130,1,-961,-394,-6,-953,-1314,-17,-19,-1228,-19,1,81,854.2978723404256,213.35106382978725,218.87234042553192,0.6702127659574468,0.345,518,111,4,7,0,0,1,0,1,0,0,0,0,0,0,8229,124,48,-4,516,443,4,74,-466,16,836,413,25,4,19,682.6914893617021,26.617021276595747,57.09574468085106,2.8404255319148937,0.552,4545.228277281231,0.2,14566.618310369773,5251.957677660603,0.2,13837.306999557393,5865.955712999564,0.0,12632.447308419694,2817.29724401077,0.6,8657.412373220996,0.38461538461538464,0.38461538461538464,0.23076923076923078,NEUTRAL,0.38461538461538464,0.23076923076923078,TOPSIDE,,500.728,1072.492,935.516,0,3,0,3,8,14,6,0.3333333333333333,0.6666666666666666,3.1666666666666665,5.166666666666667,230.492,TEAMFIGHT,7,0.0,1.0,4.285714285714286,8.142857142857142,13,0.15384615384615385,0.8461538461538461,3.769230769230769,6.769230769230769,0,1,0,0,2,1,0,2,1,GRUBS,GRUBS_HERALD,TEAMFIGHT,TEAMFIGHT,SPLIT_1_3_1,NEUTRAL,FAST,SPLIT,YES,0,0,5,0,1,3,0
EUW1_7720399390,100,1,20.516666666666666,16.3.744.7656,420,904,98,4,12,0,0,1,0,0,0,1,0,0,0,0,8437,99,170,6,-50,713,33,343,682,51,1027,1781,63,1,83,656.3931762794476,228.5458976441917,228.5458976441917,0.9260763606823721,0.19,60,245,4,11,0,0,1,0,0,1,0,0,0,0,0,8112,602,519,7,352,698,21,1285,1920,36,2897,4785,70,8,62,34,919.545085296507,0.3899268887083672,1532.9000812347685,0.6823720552396426,0.762,166,105,4,14,0,0,1,0,0,0,0,0,1,0,0,8005,-278,-186,10,-582,9,24,-1110,151,33,-417,875,39,2,76,479.8537774167344,225.81640942323315,225.81640942323315,0.5848903330625508,0.19,15,110,4,21,0,0,1,0,0,0,0,0,0,1,0,8008,738,65,13,986,-14,5,3466,833,30,5268,1107,32,5,92,663.3143785540211,481.60844841592206,490.4792851340374,0.1949634443541836,0.429,111,43,4,14,0,0,1,0,0,0,0,0,1,0,0,8439,-17,151,1,85,303,6,327,543,-4,1026,608,-15,4,18,326.5637692932575,185.99512591389114,227.6685621445979,2.6320064987814784,0.429,5271.675561037448,0.2,15010.979748171005,3888.2396469767164,0.2,12375.701394264488,3702.9117446734936,0.4,12942.490177705371,4711.803554760977,0.4,12329.094127307166,0.38461538461538464,0.38461538461538464,0.23076923076923078,NEUTRAL,0.38461538461538464,0.23076923076923078,TOPSIDE,906.751,,1017.59,807.004,0,0,0,0,12,9,7,0.2857142857142857,0.5714285714285714,3.2857142857142856,5.857142857142857,132.371,TEAMFIGHT,5,0.6,0.4,1.8,4.2,12,0.4166666666666667,0.5,2.6666666666666665,5.166666666666667,0,1,1,0,2,2,1,0,3,NONE,NONE,MIXED,TEAMFIGHT,STANDARD,NEUTRAL,MID,SPLIT,YES,1,0,4,0,1,0,0
EUW1_7720399390,200,0,20.516666666666666,16.3.744.7656,420,98,904,4,14,0,0,1,0,0,0,0,0,1,0,0,8437,-99,-170,-6,50,-713,-33,-343,-682,-51,-1027,-1781,-63,7,50,702.3558082859464,60.68237205523965,60.68237205523965,0.6823720552396426,0.643,245,60,4,11,0,0,1,0,0,1,0,0,0,0,0,8128,-602,-519,-7,-352,-698,-21,-1285,-1920,-36,-2897,-4785,-70,10,48,0,446.80747359870026,0.0,195.35337124289197,0.487408610885459,0.857,105,166,4,14,0,0,1,0,0,0,0,0,1,0,0,8112,278,186,-10,582,-9,-24,1110,-151,-33,417,-875,-39,9,52,694.995938261576,333.0463038180341,428.67587327376117,0.9260763606823721,0.786,110,15,4,21,0,0,1,0,0,0,0,0,0,1,0,8229,-738,-65,-13,-986,14,-5,-3466,-833,-30,-5268,-1107,-32,1,87,347.08367181153534,0.0,0.0,0.487408610885459,0.071,43,111,4,7,0,0,1,0,1,0,0,0,0,0,0,8214,17,-151,-1,-85,-303,-6,-327,-543,4,-1026,-608,15,7,12,186.96994313566208,0.0,3.80178716490658,1.9983753046303818,0.643,4259.384272133469,0.2,11485.122985845646,4066.9941400680204,0.0,12970.182188388873,3107.0287383874975,0.4,10086.542420472935,3299.752326344528,0.2,10275.540764358828,0.38461538461538464,0.38461538461538464,0.23076923076923078,NEUTRAL,0.38461538461538464,0.23076923076923078,TOPSIDE,,665.293,,942.316,0,3,0,3,12,2,6,0.16666666666666666,0.6666666666666666,3.5,6.5,132.371,TEAMFIGHT,1,0.0,1.0,2.0,6.0,7,0.14285714285714285,0.7142857142857143,3.2857142857142856,6.428571428571429,0,0,1,0,1,1,0,0,0,GRUBS,GRUBS_HERALD,TEAMFIGHT,TEAMFIGHT,STANDARD,NEUTRAL,FAST,SPLIT,YES,0,0,1,0,0,3,0
EUW1_7720181975,100,0,21.05,16.3.744.7656,420,126,39,4,14,0,0,1,0,0,0,0,0,1,0,0,8010,-1293,-974,-12,-1498,-852,-26,-3814,-2479,-46,-4966,-2078,-49,2,64,773.4441805225653,205.5581947743468,205.5581947743468,0.6175771971496437,0.389,107,950,4,11,0,0,1,0,0,1,0,0,0,0,0,8010,-152,-204,-8,-644,-612,-13,-3462,-2375,-26,-3914,-3361,-24,2,64,7,446.0332541567696,0.0,0.0,0.8076009501187649,0.389,38,245,4,12,0,0,1,0,0,0,1,0,0,0,0,8360,-647,-566,-24,-1764,-910,-35,-3485,-2389,-38,-4129,-2534,-36,0,54,486.08076009501184,0.0,0.0,0.2375296912114014,0.333,360,804,4,21,0,0,1,0,0,0,0,0,0,1,0,8010,809,239,7,398,-325,-8,1436,258,-22,1266,407,-37,8,71,1024.7980997624702,74.96437054631829,74.96437054631829,0.42755344418052255,0.778,111,12,4,7,0,0,1,0,1,0,0,0,0,0,0,8439,402,196,-1,478,118,2,41,482,9,15,1239,9,6,15,410.6413301662708,2.517814726840855,2.517814726840855,2.9928741092636577,0.778,4720.915453210909,0.0,14454.860947100115,4950.231598411488,0.0,14596.864081027816,4937.501809313551,0.0,13325.615182797377,888.6597938346792,1.0,2995.065441689046,0.3076923076923077,0.46153846153846156,0.23076923076923078,MID,0.3076923076923077,0.23076923076923078,NEUTRAL,,,,,0,0,0,0,8,10,6,0.16666666666666666,0.8333333333333334,3.8333333333333335,7.166666666666667,152.513,TEAMFIGHT,5,0.0,0.6,4.6,7.4,11,0.09090909090909091,0.7272727272727273,4.181818181818182,7.2727272727272725,0,0,3,0,0,0,0,0,2,NONE,NONE,TEAMFIGHT,TEAMFIGHT,STANDARD,NEUTRAL,MID,SPLIT,NO,0,0,0,0,0,0,0
EUW1_7720181975,200,1,21.05,16.3.744.7656,420,39,126,4,14,0,0,1,0,0,0,0,0,1,0,0,8010,1293,974,12,1498,852,26,3814,2479,46,4966,2078,49,8,90,1114.8218527315914,1168.2660332541568,1168.2660332541568,0.665083135391924,0.368,950,107,4,11,0,0,1,0,0,1,0,0,0,0,0,8010,152,204,8,644,612,13,3462,2375,26,3914,3361,24,13,78,5,974.6793349168646,21.85273159144893,1743.0403800475058,0.7600950118764845,0.553,245,38,4,14,0,0,1,0,0,0,0,0,1,0,0,8112,647,566,24,1764,910,35,3485,2389,38,4129,2534,36,7,89,967.458432304038,682.5653206650832,682.5653206650832,0.38004750593824227,0.447,804,360,4,21,0,0,1,0,0,0,0,0,0,1,0,8008,-809,-239,-7,-398,325,8,-1436,-258,22,-1266,-407,37,5,79,636.0095011876484,220.47505938242278,220.47505938242278,0.42755344418052255,0.263,12,111,4,14,0,0,1,0,0,0,0,0,1,0,0,8439,-402,-196,1,-478,-118,-2,-41,-482,-9,-15,-1239,-9,8,13,266.93586698337293,5.130641330166271,5.130641330166271,2.4228028503562946,0.368,5059.954005983358,0.0,14542.366554312954,5124.859744047062,0.0,14415.808440736164,4168.0620108742605,0.2,10531.794386523125,2954.4557441488046,0.6,11042.486721748865,0.23076923076923078,0.5384615384615384,0.23076923076923078,MID,0.23076923076923078,0.23076923076923078,NEUTRAL,654.0,536.133,987.845,694.053,1,3,0,4,20,18,13,0.5384615384615384,0.38461538461538464,2.4615384615384617,4.923076923076923,59.121,PICK,5,0.0,0.6,4.6,7.4,18,0.3888888888888889,0.4444444444444444,3.0555555555555554,5.611111111111111,2,1,8,1,3,2,1,2,3,GRUBS,GRUBS_HERALD,MIXED,PICK,STANDARD,TOP,FAST,SPLIT,YES,2,0,10,1,1,3,0
EUW1_7720170932,100,0,24.216666666666665,16.3.744.7656,420,126,79,4,14,0,0,1,0,0,0,0,0,1,0,0,8437,264,-91,9,868,622,38,305,229,34,757,512,28,1,108,990.020646937371,305.0378527185134,305.0378527185134,0.7019958706125259,0.5,107,5,4,11,0,0,1,0,0,1,0,0,0,0,0,8369,-793,-322,-8,-1870,-1013,-16,-2879,-2603,-38,-5512,-4631,-66,2,58,0,449.77288368891953,0.0,535.9944941500345,0.8258774948382657,0.6,13,800,4,12,0,0,1,0,0,0,1,0,0,0,0,8230,106,516,5,-562,247,3,-1916,-906,8,-1982,-885,25,2,88,515.5127322780454,160.30282174810736,160.30282174810736,0.9084652443220923,0.4,15,157,4,21,0,0,1,0,0,0,0,0,0,1,0,8008,-266,-414,0,-1360,-1490,-26,-2543,-2333,-37,-2626,-4235,-54,2,64,731.1080523055747,168.89194769442534,202.71163110805233,0.6194081211286993,0.6,111,12,4,14,0,0,1,0,0,0,0,0,1,0,0,8439,-237,-341,1,-750,-838,6,-785,-388,3,-1567,-872,0,3,14,312.883688919477,0.0,9.869236063317276,2.9318651066758434,0.5,4972.25588742932,0.2,14569.145479402696,3349.5429011386586,0.6,13252.37929580949,3706.7056526948313,0.2,11624.730921617069,4496.384992001135,0.2,13806.80459049088,0.38461538461538464,0.46153846153846156,0.15384615384615385,NEUTRAL,0.38461538461538464,0.15384615384615385,TOPSIDE,1299.749,521.122,,955.231,0,2,0,2,3,7,3,0.3333333333333333,0.3333333333333333,2.3333333333333335,4.666666666666667,109.034,PICK,7,0.14285714285714285,0.8571428571428571,3.857142857142857,7.285714285714286,10,0.2,0.7,3.4,6.5,0,1,3,0,0,0,0,1,0,GRUBS,GRUBS_HERALD,TEAMFIGHT,PICK,SPLIT_1_3_1,TOP,MID,SPLIT,YES,1,0,2,0,0,2,0
EUW1_7720170932,200,1,24.216666666666665,16.3.744.7656,420,79,126,4,12,0,0,1,0,0,0,1,0,0,0,0,8229,-264,91,-9,-868,-622,-38,-305,-229,-34,-757,-512,-28,2,70,463.06951135581556,294.87955953200276,294.87955953200276,0.6194081211286993,0.093,5,107,4,11,0,0,1,0,0,1,0,0,0,0,0,8010,793,322,8,1870,1013,16,2879,2603,38,5512,4631,66,15,74,15,1555.9532002752926,279.31176875430145,1611.1631108052306,1.4039917412250518,0.767,800,13,4,6,0,0,1,1,0,0,0,0,0,0,0,8229,-106,-516,-5,562,-247,-3,1916,906,-8,1982,885,-25,12,85,1075.209910529938,243.26221610461116,290.50240880935996,0.9910529938059188,0.372,157,15,3,4,0,1,1,0,0,0,0,0,0,0,0,8008,266,414,0,1360,1490,26,2543,2333,37,2626,4235,54,10,90,840.495526496903,879.3530626290434,1207.639366827254,0.3303509979353063,0.465,12,111,4,7,0,0,1,0,1,0,0,0,0,0,0,8439,237,341,-1,750,838,-6,785,388,-3,1567,872,0,11,8,351.7412250516174,32.66345492085341,57.35719201651755,2.8079834824501035,0.558,5224.935162899255,0.2,15533.07854225942,3583.189384430612,0.4,12338.773885601437,4128.132052546889,0.2,11443.734093380534,1374.155962998529,0.8,4069.4100309504324,0.23076923076923078,0.5384615384615384,0.23076923076923078,MID,0.23076923076923078,0.23076923076923078,NEUTRAL,626.274,497.038,1005.506,612.749,1,1,0,2,20,23,9,0.4444444444444444,0.4444444444444444,2.3333333333333335,4.777777777777778,142.336,SKIRMISH,8,0.125,0.875,3.625,6.875,17,0.29411764705882354,0.6470588235294118,2.9411764705882355,5.764705882352941,0,3,2,0,5,2,1,2,4,GRUBS,MIXED,TEAMFIGHT,NONE,STANDARD,BOT,FAST,SPLIT,YES,1,1,11,3,1,1,0
EUW1_7720089633,100,1,15.233333333333333,16.3.744.7656,420,799,31,4,12,0,0,1,0,0,0,1,0,0,0,0,8437,53,248,3,601,723,8,2493,3880,35,2493,3880,35,6,90,921.7943107221007,328.2275711159738,328.2275711159738,0.9190371991247265,0.286,904,154,4,11,0,0,1,0,0,1,0,0,0,0,0,8010,55,102,2,-210,329,12,1542,2864,48,1661,3136,52,6,84,16,622.6477024070023,49.16849015317287,806.9803063457331,0.8533916849015317,0.286,142,91,4,14,0,0,1,0,0,0,0,0,1,0,0,8214,764,211,0,731,921,16,3355,3320,48,3594,3320,48,10,88,614.3763676148797,569.0153172866521,569.0153172866521,0.8533916849015317,0.476,42,110,4,21,0,0,1,0,0,0,0,0,0,1,0,8010,663,128,4,45,-13,-3,1000,166,10,1080,346,14,4,68,511.5098468271335,156.82713347921225,156.82713347921225,0.45951859956236324,0.19,40,43,4,7,0,0,1,0,1,0,0,0,0,0,0,8214,188,595,5,405,442,2,796,287,-8,796,287,-8,8,20,356.1925601750547,122.95404814004377,122.95404814004377,1.838074398249453,0.381,6386.021436119734,0.0,15572.694853492765,5293.3412887757195,0.2,14094.452277403334,3990.1886220159736,0.2,10785.010199346127,3917.0182531243786,0.2,10027.901525244451,0.3076923076923077,0.3076923076923077,0.38461538461538464,NEUTRAL,0.3076923076923077,0.38461538461538464,NEUTRAL,797.108,561.55,,756.134,1,2,0,3,20,1,11,0.45454545454545453,0.2727272727272727,2.272727272727273,4.454545454545454,108.294,TEAMFIGHT,1,1.0,0.0,1.0,2.0,12,0.5,0.25,2.1666666666666665,4.25,0,1,2,1,0,3,0,1,0,GRUBS,GRUBS_HERALD,PICK,TEAMFIGHT,SPLIT_1_3_1,NEUTRAL,FAST,SPLIT,YES,1,0,3,0,0,2,0
EUW1_7720089633,200,0,15.233333333333333,16.3.744.7656,420,31,799,4,14,0,0,1,0,0,0,0,0,1,0,0,9923,-53,-248,-3,-601,-723,-8,-2493,-3880,-35,-2493,-3880,-35,0,80,378.24945295404814,199.56236323851203,385.3391684901532,0.9190371991247265,0.0,154,904,4,11,0,0,1,0,0,1,0,0,0,0,0,8439,-55,-102,-2,210,-329,-12,-1542,-2864,-48,-1661,-3136,-52,4,72,0,204.61706783369803,0.0,0.0,0.39387308533916854,0.667,91,142,4,14,0,0,1,0,0,0,0,0,1,0,0,8112,-764,-211,0,-731,-921,-16,-3355,-3320,-48,-3594,-3320,-48,3,72,344.6389496717724,47.199124726477024,47.199124726477024,0.5908096280087528,0.5,110,42,4,21,0,0,1,0,0,0,0,0,0,1,0,8229,-663,-128,-4,-45,13,3,-1000,-166,-10,-1080,-346,-14,4,71,580.8315098468272,100.70021881838075,100.70021881838075,0.39387308533916854,0.667,43,40,4,7,0,0,1,0,1,0,0,0,0,0,0,8229,-188,-595,-5,-405,-442,-2,-796,-287,8,-796,-287,8,3,18,518.7964989059082,75.49234135667396,75.49234135667396,2.035010940919037,0.5,5580.226632753699,0.2,14469.134321029713,5168.402661349562,0.0,12043.974094957197,4017.5875537714937,0.0,8375.826765161753,4032.379420824175,0.0,8450.190826247654,0.23076923076923078,0.6153846153846154,0.15384615384615385,MID,0.23076923076923078,0.15384615384615385,NEUTRAL,,511.158,,,0,1,0,1,6,0,4,0.25,0.5,3.0,5.5,108.294,TEAMFIGHT,0,0.0,0.0,0.0,0.0,4,0.25,0.5,3.0,5.5,0,0,1,0,0,1,0,0,2,GRUBS,GRUBS_HERALD,MIXED,TEAMFIGHT,STANDARD,NEUTRAL,SLOW,SPLIT,NO,0,0,0,0,0,1,0
EUW1_7720034140,100,0,29.983333333333334,16.3.744.7656,420,126,897,4,14,0,0,1,0,0,0,0,0,1,0,0,8437,389,323,11,1196,1035,27,1209,1105,26,1688,1507,35,1,106,1219.9444135630906,225.1917732073374,238.532518065592,0.8337965536409115,0.476,234,76,4,11,0,0,1,0,0,1,0,0,0,0,0,8010,70,51,-1,20,112,0,899,59,-2,1551,14,-13,4,78,6,543.9688715953307,97.82101167315174,892.7959977765425,1.1673151750972763,0.476,103,777,4,14,0,0,1,0,0,0,0,0,1,0,0,8214,189,64,10,293,88,4,-132,56,6,-1405,-1702,-13,4,86,1203.401889938855,70.83935519733186,94.81934408004446,0.8671484157865481,0.524,523,202,4,21,0,0,1,0,0,0,0,0,0,1,0,8005,-25,-5,5,-917,-526,-4,-1093,-756,-17,-1498,-1402,-23,1,78,765.7587548638132,301.5675375208449,316.67593107281823,0.5336297943301834,0.286,497,432,4,7,0,0,1,0,1,0,0,0,0,0,0,8360,-54,-165,4,-426,-678,4,-824,-559,1,-843,-196,-2,2,18,348.1934408004447,0.8671484157865481,4.769316286826014,4.035575319622012,0.619,5779.9710005497955,0.0,14457.376283406335,2611.8880399391555,0.6,8738.409981226563,3862.774920455887,0.4,13953.089693684335,2961.269847138083,0.6,10932.814139095204,0.3076923076923077,0.38461538461538464,0.3076923076923077,NEUTRAL,0.3076923076923077,0.3076923076923077,NEUTRAL,1584.808,502.178,1029.224,992.521,0,3,0,3,6,9,5,0.6,0.4,1.8,4.4,217.139,TEAMFIGHT,7,0.42857142857142855,0.42857142857142855,2.0,5.714285714285714,12,0.5,0.4166666666666667,1.9166666666666667,5.166666666666667,0,1,3,0,0,0,0,1,2,GRUBS,GRUBS_HERALD,MIXED,TEAMFIGHT,SPLIT_1_3_1,NEUTRAL,MID,SPLIT,YES,1,0,3,0,1,3,0
EUW1_7720034140,200,1,29.983333333333334,16.3.744.7656,420,897,126,4,12,0,0,1,0,0,0,1,0,0,0,0,8439,-389,-323,-11,-1196,-1035,-27,-1209,-1105,-26,-1688,-1507,-35,0,79,470.26125625347413,140.94496942745968,222.75708727070594,0.6003335186214563,0.4,76,234,4,11,0,0,1,0,0,1,0,0,0,0,0,8128,-70,-51,1,-20,-112,0,-899,-59,2,-1551,-14,13,3,76,8,782.7682045580877,71.20622568093385,1335.4419121734297,1.3340744858254585,0.56,777,103,4,12,0,0,1,0,0,0,1,0,0,0,0,8021,-189,-64,-10,-293,-88,-4,132,-56,-6,1405,1702,13,3,82,801.3785436353529,458.45469705391884,757.6876042245692,0.500277932184547,0.56,202,523,4,21,0,0,1,0,0,0,0,0,0,1,0,8021,25,5,-5,917,526,4,1093,756,17,1498,1402,23,5,82,719.9666481378543,315.44191217342967,435.54196775986657,0.6003335186214563,0.68,432,497,4,14,0,0,1,0,0,0,0,0,1,0,0,8112,54,165,-4,426,678,-4,824,559,-1,843,196,2,5,14,508.8493607559755,33.78543635352974,93.98554752640355,4.168982768204558,0.64,4780.976136098488,0.2,13877.486407847786,3535.449067823722,0.2,11167.737819272084,3719.6601823095625,0.6,14609.76252373734,2883.9030089243897,0.2,7002.71468789069,0.38461538461538464,0.23076923076923078,0.38461538461538464,NEUTRAL,0.38461538461538464,0.38461538461538464,NEUTRAL,600.103,,,1021.375,1,0,0,1,6,9,5,0.6,0.4,1.8,4.4,217.139,TEAMFIGHT,8,0.5,0.375,1.875,4.5,13,0.5384615384615384,0.38461538461538464,1.8461538461538463,4.461538461538462,0,0,0,0,1,3,0,1,0,DRAGON,DRAGONS,PICK,TEAMFIGHT,STANDARD,MID,SLOW,MIXED,NO,3,1,8,1,0,0,0
EUW1_7719990716,100,0,25.633333333333333,16.3.744.7656,420,31,80,4,14,0,0,1,0,0,0,0,0,1,0,0,9923,-5,493,3,-834,-222,6,-775,60,11,-1177,-1626,-2,2,70,752.3797139141743,83.40702210663198,90.15604681404422,0.7412223667100131,0.267,950,266,4,11,0,0,1,0,0,1,0,0,0,0,0,8010,-249,-433,-15,993,49,-15,1546,977,-7,4,-401,-20,5,52,16,711.924577373212,0.0,37.45123537061119,0.8972691807542262,0.6,238,887,4,14,0,0,1,0,0,0,0,0,1,0,0,8369,260,145,6,831,698,13,1100,1239,29,669,992,41,1,93,923.6410923276983,209.29778933680103,209.29778933680103,0.8582574772431729,0.333,202,110,1,4,1,0,1,0,0,0,0,0,0,0,0,8021,-210,-95,-7,-375,72,-7,-1104,-300,-12,-1552,-391,-8,4,82,434.66840052015607,33.120936280884266,178.12743823146945,0.7412223667100131,0.4,526,518,4,14,0,0,1,0,0,0,0,0,1,0,0,8439,-84,-55,2,-106,-398,1,-1050,-1107,-2,-2120,-1786,-12,3,14,232.9778933680104,0.0,3.589076723016905,3.472041612483745,0.533,5234.468228920564,0.0,14615.565024999889,4943.8323976086085,0.2,15252.5613914516,3912.636763874526,0.4,14146.053053767331,3888.748228795259,0.4,11179.382541088753,0.38461538461538464,0.38461538461538464,0.23076923076923078,NEUTRAL,0.38461538461538464,0.23076923076923078,TOPSIDE,,,,1110.343,0,0,0,0,8,7,6,0.5,0.3333333333333333,2.1666666666666665,4.333333333333333,192.035,PICK,5,0.2,0.8,4.4,7.6,11,0.36363636363636365,0.5454545454545454,3.1818181818181817,5.818181818181818,0,1,0,0,0,2,0,0,0,NONE,NONE,TEAMFIGHT,PICK,SPLIT_1_3_1,MID,MID,SPLIT,NO,0,0,1,0,0,0,0
EUW1_7719990716,200,1,25.633333333333333,16.3.744.7656,420,80,31,4,14,0,0,1,0,0,0,0,0,1,0,0,8010,5,-493,-3,834,222,-6,775,-60,-11,1177,1626,2,4,64,1044.0312093628088,497.67230169050714,504.7334200260078,1.2873862158647595,0.607,266,950,4,11,0,0,1,0,0,1,0,0,0,0,0,8010,249,433,15,-993,-49,15,-1546,-977,7,-4,401,20,2,69,17,602.4967490247075,12.678803641092328,1200.5851755526658,1.3263979193758129,0.464,887,238,4,14,0,0,1,0,0,0,0,0,1,0,0,8010,-260,-145,-6,-831,-698,-13,-1100,-1239,-29,-669,-992,-41,0,80,635.6566970091027,421.32639791937584,916.7360208062419,0.5461638491547465,0.286,110,202,4,21,0,0,1,0,0,0,0,0,0,1,0,8008,210,95,7,375,-72,7,1104,300,12,1552,391,8,4,91,697.5682704811444,351.30039011703514,378.6085825747724,0.9362808842652796,0.464,518,526,4,7,0,0,1,0,1,0,0,0,0,0,0,8229,84,55,-2,106,398,-1,1050,1107,2,2120,1786,12,6,13,620.520156046814,84.61638491547464,200.20806241872563,4.057217165149545,0.714,6307.911878816698,0.0,15259.620080460718,4832.677858541516,0.2,13923.0790057372,3860.106980017302,0.6,13854.75867707554,2647.862316484518,0.4,6923.135850176565,0.23076923076923078,0.38461538461538464,0.38461538461538464,NEUTRAL,0.23076923076923078,0.38461538461538464,BOTSIDE,358.553,574.493,955.311,794.422,2,3,0,5,8,15,6,0.3333333333333333,0.3333333333333333,2.3333333333333335,4.666666666666667,133.124,PICK,4,0.0,1.0,5.25,8.5,10,0.2,0.6,3.5,6.2,1,1,3,0,2,2,1,1,2,DRAGON,GRUBS_HERALD,TEAMFIGHT,PICK,STANDARD,NEUTRAL,FAST,MIXED,YES,4,0,7,0,1,3,0
EUW1_7719912698,100,0,33.18333333333333,16.3.744.7656,420,58,31,4,12,0,0,1,0,0,0,1,0,0,0,0,8010,-343,-56,-3,-1481,-1480,-27,-2620,-3010,-37,-2610,-2018,-20,0,65,646.8910095429433,155.13812154696134,228.81968859869414,0.9342039176293321,0.312,59,64,4,11,0,0,1,0,0,1,0,0,0,0,0,8010,-130,112,5,721,880,19,1886,1641,41,3338,2316,52,9,78,7,980.9141135107986,0.0,1410.1657458563536,0.6629834254143647,0.781,8,3,4,6,0,0,1,1,0,0,0,0,0,0,0,8230,33,155,9,927,505,14,1109,295,17,1042,-755,-11,5,90,735.3390256152688,84.89201406328479,363.22451029633356,0.5725765946760423,0.438,51,202,4,21,0,0,1,0,0,0,0,0,0,1,0,8008,556,129,5,1130,-44,-1,46,-627,-9,433,-184,-1,9,77,1700.3114013058766,324.13862380713215,1153.4706177800101,0.6931190356604722,0.625,40,53,4,7,0,0,1,0,1,0,0,0,0,0,0,8214,313,239,1,688,300,1,850,999,7,1014,320,5,12,8,441.5168257157208,0.0,75.6705173279759,3.3751883475640385,0.781,5063.616651187997,0.2,14627.71315004502,4689.6121150345325,0.2,14384.590783195745,5359.808961391837,0.2,14159.810203530273,2447.2950075362996,0.6,8612.763842112472,0.3076923076923077,0.23076923076923078,0.46153846153846156,BOT,0.3076923076923077,0.46153846153846156,BOTSIDE,378.79,498.057,1140.28,902.256,1,3,0,4,13,11,7,0.14285714285714285,0.5714285714285714,3.0,6.0,166.553,SKIRMISH,6,0.16666666666666666,0.6666666666666666,3.8333333333333335,7.166666666666667,13,0.15384615384615385,0.6153846153846154,3.3846153846153846,6.538461538461538,0,1,1,0,1,0,0,1,3,DRAGON,GRUBS_HERALD,TEAMFIGHT,NONE,SPLIT_1_3_1,BOT,FAST,SPLIT,YES,4,0,3,0,1,3,0
EUW1_7719912698,200,1,33.18333333333333,16.3.744.7656,420,31,58,4,14,0,0,1,0,0,0,0,0,1,0,0,9923,343,56,3,1481,1480,27,2620,3010,37,2610,2018,20,5,92,1326.65996986439,383.2345554997489,473.822199899548,1.0246107483676545,0.524,64,59,4,11,0,0,1,0,0,1,0,0,0,0,0,8010,130,-112,-5,-721,-880,-19,-1886,-1641,-41,-3338,-2316,-52,3,60,11,444.8317428427926,52.526368658965346,315.7307885484681,1.2054244098442994,0.524,3,8,4,12,0,0,1,0,0,0,1,0,0,0,0,8230,-33,-155,-9,-927,-505,-14,-1109,-295,-17,-1042,755,11,1,76,701.5268709191362,142.30035158211956,165.89653440482172,1.175288799598192,0.405,202,51,4,21,0,0,1,0,0,0,0,0,0,1,0,8128,-556,-129,-5,-1130,44,1,-46,627,9,-433,184,1,7,78,1926.9010547463588,727.5640381717731,929.8643897538926,0.6931190356604722,0.667,53,40,4,14,0,0,1,0,0,0,0,0,1,0,0,8351,-313,-239,-1,-688,-300,-1,-850,-999,-7,-1014,-320,-5,4,11,305.27373179306886,25.434455047714717,76.54445002511302,2.862882973380211,0.5,4943.142442974358,0.2,13666.033696724155,4589.006394581693,0.2,13905.339010610278,4567.983739834141,0.0,10520.112214230416,2492.447657279206,0.4,7385.7789027292165,0.38461538461538464,0.38461538461538464,0.23076923076923078,NEUTRAL,0.38461538461538464,0.23076923076923078,TOPSIDE,745.906,,,976.391,1,0,0,1,12,16,10,0.4,0.4,2.4,4.8,166.553,SKIRMISH,6,0.16666666666666666,0.6666666666666666,3.6666666666666665,7.333333333333333,16,0.3125,0.5,2.875,5.75,0,2,3,0,2,1,0,1,1,DRAGON,DRAGONS,TEAMFIGHT,NONE,SPLIT_1_3_1,TOP,MID,SPLIT,NO,1,2,10,2,0,0,0
EUW1_7719862917,100,0,18.05,16.3.744.7656,420,31,114,4,14,0,0,1,0,0,0,0,0,1,0,0,9923,-678,-552,-16,-1914,-2496,-47,-3125,-3827,-65,-4549,-4379,-76,2,33,441.16343490304706,0.0,0.0,0.6094182825484764,0.222,904,254,4,11,0,0,1,0,0,1,0,0,0,0,0,8010,-622,-299,-4,-1390,-353,-6,-1389,-398,3,-2377,-1685,1,7,64,17,454.68144044321326,0.0,0.0,0.5540166204986149,0.778,3,134,4,12,0,0,1,0,0,0,1,0,0,0,0,8230,-293,-46,-11,-649,-488,-17,-1797,-1361,-30,-3371,-2241,-28,4,73,366.53739612188366,61.27423822714681,61.27423822714681,0.6094182825484764,0.444,202,51,4,21,0,0,1,0,0,0,0,0,0,1,0,8021,-175,24,-1,-925,-763,-9,-4527,-2038,-25,-6457,-3358,-40,2,75,230.24930747922437,0.0,8.53185595567867,0.6648199445983379,0.222,432,40,4,14,0,0,1,0,0,0,0,0,1,0,0,8112,-145,62,2,-559,-258,-1,-566,-38,1,-1587,-1026,3,5,10,461.32963988919664,0.0,0.0,1.7174515235457064,0.556,5424.573826731119,0.2,13273.374288401576,4211.025981915372,0.2,13377.40483053421,2158.332074483543,0.6,5597.48238049929,688.3702143256844,1.0,1834.5135595028999,0.3076923076923077,0.38461538461538464,0.3076923076923077,NEUTRAL,0.3076923076923077,0.3076923076923077,NEUTRAL,,,,,0,0,0,0,8,1,7,0.0,0.5714285714285714,3.2857142857142856,6.0,194.507,SKIRMISH,0,0.0,0.0,0.0,0.0,7,0.0,0.5714285714285714,3.2857142857142856,6.0,0,0,0,0,0,1,0,0,0,NONE,NONE,TEAMFIGHT,NONE,STANDARD,NEUTRAL,MID,MIXED,NO,0,0,0,0,0,0,0
EUW1_7719862917,200,1,18.05,16.3.744.7656,420,114,31,4,14,0,0,1,0,0,0,0,0,1,0,0,8005,678,552,16,1914,2496,47,3125,3827,65,4549,4379,76,6,80,942.0498614958449,749.5290858725762,749.5290858725762,0.6094182825484764,0.31,254,904,4,11,0,0,1,0,0,1,0,0,0,0,0,8010,622,299,4,1390,353,6,1389,398,-3,2377,1685,-1,14,70,10,851.2465373961219,132.18836565096953,1926.1495844875346,1.1634349030470914,0.586,134,3,4,12,0,0,1,0,0,0,1,0,0,0,0,8369,293,46,11,649,488,17,1797,1361,30,3371,2241,28,6,90,717.0637119113574,376.17728531855954,376.17728531855954,1.1080332409972298,0.345,51,202,4,21,0,0,1,0,0,0,0,0,0,1,0,8008,175,-24,1,925,763,9,4527,2038,25,6457,3358,40,8,84,1122.4376731301938,1241.551246537396,1241.551246537396,0.6648199445983379,0.448,40,432,4,7,0,0,1,0,1,0,0,0,0,0,0,8214,145,-62,-2,559,258,1,566,38,-1,1587,1026,-3,11,11,506.3711911357341,201.5512465373961,222.4376731301939,1.4958448753462603,0.552,5938.638154169775,0.0,14755.549057896827,4463.169400094006,0.0,12852.307030257252,3926.776742214016,0.2,12308.507829952418,743.3914936878382,1.0,2144.2073127382064,0.3076923076923077,0.23076923076923078,0.46153846153846156,BOT,0.3076923076923077,0.46153846153846156,BOTSIDE,368.823,494.27,925.092,609.457,2,3,0,5,18,11,10,0.3,0.5,3.0,5.6,194.507,SKIRMISH,2,0.0,1.0,3.5,8.0,12,0.25,0.5833333333333334,3.0833333333333335,6.0,1,2,2,1,4,4,1,2,8,DRAGON,GRUBS_HERALD,TEAMFIGHT,NONE,STANDARD,BOT,FAST,SPLIT,YES,2,0,11,3,1,3,0
EUW1_7719777965,100,0,36.85,16.3.744.7656,420,904,777,4,14,0,0,1,0,0,0,0,0,1,0,0,8010,-924,-473,-23,-1602,-1191,-33,-1848,-1555,-41,-2196,-1486,-47,1,56,554.8710990502035,120.8955223880597,263.71777476255085,1.1397557666214382,0.308,427,126,4,11,0,0,1,0,0,1,0,0,0,0,0,8351,-276,-43,2,-1387,-220,-5,-2051,-1099,-30,-2741,-1081,-38,5,55,0,328.60244233378563,63.52781546811397,510.12211668928086,1.3025780189959293,0.538,13,517,4,6,0,0,1,1,0,0,0,0,0,0,0,8230,272,-93,7,116,-395,7,-363,-860,-4,-462,-1427,-15,4,84,907.2184531886024,40.976933514246944,170.82767978290366,0.8955223880597014,0.538,81,51,4,21,0,0,1,0,0,0,0,0,0,1,0,8008,741,160,5,1170,590,16,2905,1127,31,3518,1622,35,10,86,1978.9416553595656,283.33785617367704,576.472184531886,0.6512890094979646,0.885,89,12,4,7,0,0,1,0,1,0,0,0,0,0,0,8439,200,23,-2,449,383,0,673,454,2,962,867,5,9,10,371.4518317503392,0.7055630936227951,1.7367706919945725,4.151967435549525,0.692,4821.06939405788,0.2,14362.0731442226,4508.208915384824,0.4,14282.61439653119,3940.399513842634,0.4,13644.00619319707,3754.3581024912373,0.2,10652.660606627811,0.23076923076923078,0.38461538461538464,0.38461538461538464,NEUTRAL,0.23076923076923078,0.38461538461538464,BOTSIDE,,520.076,947.432,827.248,0,1,0,1,12,6,7,0.2857142857142857,0.42857142857142855,2.7142857142857144,5.571428571428571,51.526,PICK,5,0.2,0.4,1.8,5.4,12,0.25,0.4166666666666667,2.3333333333333335,5.5,0,0,0,0,1,0,1,0,3,GRUBS,GRUBS_HERALD,TEAMFIGHT,PICK,STANDARD,BOT,MID,SPLIT,YES,0,1,3,0,1,1,0
EUW1_7719777965,200,1,36.85,16.3.744.7656,420,777,904,4,12,0,0,1,0,0,0,1,0,0,0,0,8008,924,473,23,1602,1191,33,1848,1555,41,2196,1486,47,5,89,1196.8249660786973,355.7937584803256,651.3975576662143,1.2754409769335142,0.579,126,427,4,11,0,0,1,0,0,1,0,0,0,0,0,8369,276,43,-2,1387,220,5,2051,1099,30,2741,1081,38,8,51,12,1369.4165535956581,171.4518317503392,1180.6784260515603,1.682496607869742,0.737,517,13,4,12,0,0,1,0,0,0,1,0,0,0,0,8010,-272,93,-7,-116,395,-7,363,860,4,462,1427,15,4,77,1091.044776119403,381.763907734057,561.4111261872456,0.7869742198100407,0.5,51,81,1,4,1,0,1,0,0,0,0,0,0,0,0,8021,-741,-160,-5,-1170,-590,-16,-2905,-1127,-31,-3518,-1622,-35,4,70,1083.3107191316146,226.32293080054274,536.0379918588874,0.6241519674355495,0.526,12,89,4,7,0,0,1,0,1,0,0,0,0,0,0,8439,-200,-23,2,-449,-383,0,-673,-454,-2,-962,-867,-5,6,10,220.78697421981002,0.0,0.0,3.9077340569877883,0.658,3765.2060550065653,0.2,10740.54323579585,4974.677408857698,0.2,14162.25751778296,3195.2827847128947,0.6,13239.70456619029,2147.618823861691,0.8,7094.1683797327505,0.46153846153846156,0.46153846153846156,0.07692307692307693,NEUTRAL,0.46153846153846156,0.07692307692307693,TOPSIDE,879.669,523.793,,962.029,0,2,0,2,12,12,7,0.42857142857142855,0.5714285714285714,2.5714285714285716,5.428571428571429,191.363,PICK,4,0.0,1.0,3.25,7.5,11,0.2727272727272727,0.7272727272727273,2.8181818181818183,6.181818181818182,0,1,2,0,1,2,0,1,1,GRUBS,GRUBS_HERALD,TEAMFIGHT,PICK,STANDARD,NEUTRAL,FAST,MIXED,YES,4,1,11,3,0,2,0
EUW1_7717965167,100,0,29.266666666666666,16.3.742.6169,420,516,68,4,14,0,0,1,0,0,0,0,0,1,0,0,8437,308,187,7,975,676,13,710,-365,11,2116,283,21,6,88,804.9088838268793,193.0865603644647,194.82915717539865,0.6492027334851936,0.625,120,59,6,11,0,0,0,1,0,1,0,0,0,0,0,8230,84,-2,2,211,467,12,-307,-1245,-1,-1489,-2900,-23,6,82,19,832.004555808656,19.373576309794988,1078.1890660592255,0.9567198177676538,0.583,41,99,4,12,0,0,1,0,0,0,1,0,0,0,0,8229,297,111,0,-756,-289,-15,-1012,193,-5,-1710,-11,3,2,78,897.0956719817768,143.67881548974944,164.52164009111618,0.3416856492027335,0.417,29,202,3,4,0,1,1,0,0,0,0,0,0,0,0,8005,-918,243,-4,-1629,-211,-7,-3876,-1523,-27,-3824,-2108,-43,0,70,626.2072892938497,34.68109339407745,34.68109339407745,0.7175398633257404,0.167,43,432,4,7,0,0,1,0,1,0,0,0,0,0,0,8214,-415,-169,4,-712,-621,6,-1024,-792,17,-1595,-1498,25,1,19,211.09339407744875,3.0751708428246016,16.64009111617312,2.8018223234624147,0.375,5064.496334974864,0.0,12188.203354063306,4190.735459413092,0.0,12436.224829103083,3812.139697201791,0.4,13797.170869421021,1632.3096480476229,1.0,3721.6400954417936,0.3076923076923077,0.46153846153846156,0.23076923076923078,MID,0.3076923076923077,0.23076923076923078,NEUTRAL,1203.938,517.082,940.483,1027.88,0,3,0,3,8,11,5,0.0,0.6,3.0,5.4,249.342,SKIRMISH,8,0.125,0.75,4.0,7.25,13,0.07692307692307693,0.6923076923076923,3.6153846153846154,6.538461538461538,0,1,1,0,0,2,0,0,0,GRUBS,GRUBS_HERALD,TEAMFIGHT,NONE,SPLIT_1_3_1,NEUTRAL,FAST,SPLIT,YES,1,0,2,0,1,3,0
EUW1_7717965167,200,1,29.266666666666666,16.3.742.6169,420,68,516,4,14,0,0,1,0,0,0,0,0,1,0,0,8369,-308,-187,-7,-975,-676,-13,-710,365,-11,-2116,-283,-21,2,75,1206.25284738041,100.8997722095672,417.77904328018224,0.8200455580865604,0.404,59,120,4,11,0,0,1,0,0,1,0,0,0,0,0,8010,-84,2,-2,-211,-467,-12,307,1245,1,1489,2900,23,10,76,22,1040.9111617312074,421.57175398633257,1717.6537585421413,0.6150341685649203,0.681,99,41,4,12,0,0,1,0,0,0,1,0,0,0,0,8369,-297,-111,0,756,289,15,1012,-193,5,1710,11,-3,5,93,1045.2164009111618,421.6742596810934,433.42824601366743,0.6492027334851936,0.511,202,29,4,21,0,0,1,0,0,0,0,0,0,1,0,8021,918,-243,4,1629,211,7,3876,1523,27,3824,2108,43,8,77,1161.731207289294,380.60364464692486,900.990888382688,0.5466970387243736,0.681,432,43,4,14,0,0,1,0,0,0,0,0,1,0,0,8112,415,169,-4,712,621,-6,1024,792,-17,1595,1498,-25,8,13,610.7289293849658,136.57175398633257,206.00227790432803,3.416856492027335,0.702,4090.4987928238197,0.4,14061.277609093708,5610.052495330163,0.2,13346.83932622252,4327.016830222902,0.2,13476.249515351072,2843.485984306604,0.4,8524.326835592356,0.23076923076923078,0.38461538461538464,0.38461538461538464,NEUTRAL,0.23076923076923078,0.38461538461538464,BOTSIDE,546.576,,,851.949,1,0,0,1,13,23,8,0.25,0.5,2.375,5.0,103.39,PICK,8,0.0,0.75,4.125,7.625,16,0.125,0.625,3.25,6.3125,0,2,1,0,3,3,0,2,2,DRAGON,DRAGONS,TEAMFIGHT,PICK,SPLIT_1_3_1,NEUTRAL,MID,SPLIT,NO,3,2,10,1,0,0,0
EUW1_7717892611,100,1,31.383333333333333,16.3.742.6169,420,14,122,4,14,0,0,1,0,0,0,0,0,1,0,0,8437,520,498,11,723,1057,27,1027,1107,28,1248,1565,36,3,89,764.3547530536379,310.89750398300583,355.6346255974509,0.7966011683483802,0.368,30,76,4,11,0,0,1,0,0,1,0,0,0,0,0,8128,-458,170,8,306,745,25,673,908,20,1654,1718,40,10,96,8,1350.6213489113118,0.0,989.6016994158258,1.4657461497610196,0.579,55,126,4,14,0,0,1,0,0,0,0,0,1,0,0,8010,25,-379,-18,-288,91,-13,547,828,-18,-956,-826,-44,12,69,757.5358470525757,246.5002655337228,346.5215082315454,0.47796070100902815,0.632,360,112,3,4,0,1,1,0,0,0,0,0,0,0,0,8010,271,-165,-2,-192,-942,-9,-1880,-2097,-5,-289,-1104,-3,5,78,869.537971322358,290.91874668082846,439.02283590015935,0.5416887944768985,0.474,98,37,4,14,0,0,1,0,0,0,0,0,1,0,0,8437,-183,34,1,-1126,196,6,-1535,-41,-1,-2281,-516,0,8,17,260.10621348911314,68.15719596388742,68.15719596388742,3.377588953797132,0.553,4916.337565959711,0.0,15201.34638773816,3443.395935999027,0.6,11234.195120256723,4550.793586990833,0.0,12740.251999077567,1232.6595918503679,0.8,3417.785979256161,0.07692307692307693,0.5384615384615384,0.38461538461538464,MID,0.07692307692307693,0.38461538461538464,BOTSIDE,334.823,,,1089.446,1,0,0,1,16,14,5,0.0,0.8,5.8,8.0,137.379,TEAMFIGHT,8,0.125,0.625,3.125,7.0,13,0.07692307692307693,0.6923076923076923,4.153846153846154,7.384615384615385,0,1,1,0,1,1,0,1,0,DRAGON,DRAGONS,TEAMFIGHT,TEAMFIGHT,SPLIT_1_3_1,NEUTRAL,MID,SPLIT,NO,3,1,8,1,0,0,0
EUW1_7717892611,200,0,31.383333333333333,16.3.742.6169,420,122,14,4,6,0,0,1,1,0,0,0,0,0,0,0,8010,-520,-498,-11,-723,-1057,-27,-1027,-1107,-28,-1248,-1565,-36,1,62,696.6436537440255,159.16091343600638,240.38236856080724,0.5098247477429634,0.143,76,30,4,11,0,0,1,0,0,1,0,0,0,0,0,8128,458,-170,-8,-306,-745,-25,-673,-908,-20,-1654,-1718,-40,10,74,11,885.7249070631971,106.10727562400425,1187.6048858204992,1.083377588953797,0.657,126,55,4,14,0,0,1,0,0,0,0,0,1,0,0,8010,-25,379,18,288,-91,13,-547,-828,18,956,826,44,6,82,761.9968135953267,320.96654275092936,499.5326606479023,1.0196494954859268,0.429,112,360,3,4,0,1,1,0,0,0,0,0,0,0,0,8214,-271,165,2,192,942,9,1880,2097,5,289,1104,3,13,87,1730.6319702602232,198.41741901221457,427.48805098247476,0.6372809346787042,0.686,37,98,4,7,0,0,1,0,1,0,0,0,0,0,0,8214,183,-34,-1,1126,-196,-6,1535,41,1,2281,516,0,11,11,417.41901221455123,51.36484333510356,61.178969729155604,3.2501327668613915,0.629,4771.998789855919,0.0,13783.616978137487,4233.477939685815,0.4,13954.327393321399,5360.296066719473,0.2,14382.830458571081,2842.5079553472688,0.6,10635.124493864658,0.3076923076923077,0.15384615384615385,0.5384615384615384,BOT,0.3076923076923077,0.5384615384615384,BOTSIDE,1558.45,490.696,964.901,1026.185,0,3,0,3,16,14,8,0.375,0.5,4.0,6.375,137.379,TEAMFIGHT,9,0.3333333333333333,0.5555555555555556,2.888888888888889,6.333333333333333,17,0.35294117647058826,0.5294117647058824,3.411764705882353,6.352941176470588,0,1,1,0,2,1,0,2,0,GRUBS,GRUBS_HERALD,TEAMFIGHT,TEAMFIGHT,SPLIT_1_3_1,NEUTRAL,FAST,SPLIT,YES,1,1,5,0,1,3,0
EUW1_7717852747,100,0,15.466666666666667,16.3.742.6169,420,904,799,4,14,0,0,1,0,0,0,0,0,1,0,0,8010,-139,-61,-7,-1074,-1062,-33,-2209,-3058,-53,-2219,-3269,-56,0,61,495.45258620689657,0.0,0.0,0.5818965517241379,0.0,421,36,4,11,0,0,1,0,0,1,0,0,0,0,0,8010,-796,-703,-15,-1614,-1530,-28,-2242,-2769,-55,-2356,-3013,-58,1,55,2,234.69827586206895,0.0,0.0,1.228448275862069,0.5,13,26,4,6,0,0,1,1,0,0,0,0,0,0,0,8230,-244,-150,2,-1336,-144,10,-1729,-206,19,-1659,-51,24,0,92,302.1336206896552,32.00431034482759,32.00431034482759,0.7758620689655172,0.0,221,804,4,6,0,0,1,1,0,0,0,0,0,0,0,8008,-519,-357,6,-1814,-1676,-18,-3652,-2405,-17,-3659,-2421,-17,2,65,612.5431034482758,90.45258620689656,90.45258620689656,0.4525862068965517,1.0,37,57,4,7,0,0,1,0,1,0,0,0,0,0,0,8214,-201,225,-3,-988,-462,1,-1198,63,6,-1184,302,7,2,18,252.9310344827586,2.9741379310344827,2.9741379310344827,1.4870689655172413,1.0,4699.504523492892,0.0,12232.610923265727,6935.883888835499,0.0,15574.150923886671,3284.3609195282106,0.2,8363.299887006324,3258.593625632876,0.4,11020.381164006987,0.38461538461538464,0.15384615384615385,0.46153846153846156,NEUTRAL,0.38461538461538464,0.46153846153846156,NEUTRAL,,,,,0,0,0,0,2,0,2,0.5,0.5,2.5,4.0,365.934,TEAMFIGHT,0,0.0,0.0,0.0,0.0,2,0.5,0.5,2.5,4.0,0,0,0,0,0,0,0,0,2,NONE,NONE,MIXED,TEAMFIGHT,STANDARD,BOT,SLOW,SPLIT,NO,0,0,0,0,0,0,0
EUW1_7717852747,200,1,15.466666666666667,16.3.742.6169,420,799,904,4,12,0,0,1,0,0,0,1,0,0,0,0,8437,139,61,7,1074,1062,33,2209,3058,53,2219,3269,56,6,94,850.6681034482758,285.51724137931035,285.51724137931035,0.7112068965517241,0.333,36,421,4,11,0,0,1,0,0,1,0,0,0,0,0,8021,796,703,15,1614,1530,28,2242,2769,55,2356,3013,58,7,88,13,313.7715517241379,229.46120689655172,1552.6939655172414,1.5517241379310345,0.389,26,13,4,12,0,0,1,0,0,0,1,0,0,0,0,8369,244,150,-2,1336,144,-10,1729,206,-19,1659,51,-24,7,82,467.9741379310345,211.8103448275862,211.8103448275862,0.5172413793103449,0.389,804,221,4,21,0,0,1,0,0,0,0,0,0,1,0,8008,519,357,-6,1814,1676,18,3652,2405,17,3659,2421,17,10,83,858.2327586206897,366.6594827586207,366.6594827586207,0.3879310344827586,0.556,57,37,4,7,0,0,1,0,1,0,0,0,0,0,0,8439,201,-225,3,988,462,-1,1198,-63,-6,1184,-302,-7,14,17,388.9655172413793,99.24568965517241,187.75862068965517,2.3922413793103448,0.778,3697.077686332358,0.4,12005.836663889777,4616.434149864093,0.2,14617.329612483943,3416.3549923383957,0.2,9702.696635472017,3451.777646237526,0.4,11817.36286148479,0.38461538461538464,0.46153846153846156,0.15384615384615385,NEUTRAL,0.38461538461538464,0.15384615384615385,TOPSIDE,335.853,589.561,,738.088,2,3,0,5,16,2,7,0.2857142857142857,0.42857142857142855,2.5714285714285716,5.142857142857143,172.917,PICK,1,0.0,0.0,2.0,5.0,8,0.25,0.375,2.5,5.125,1,0,4,0,1,1,1,0,3,DRAGON,GRUBS_HERALD,MIXED,PICK,STANDARD,NEUTRAL,FAST,SPLIT,YES,2,0,3,0,0,3,0
EUW1_7717782873,100,1,32.61666666666667,16.3.742.6169,420,31,14,4,14,0,0,1,0,0,0,0,0,1,0,0,9923,112,-186,5,-37,-514,-4,-10,-420,-6,676,3,-8,1,91,1061.7884517118039,266.61216147164026,432.78487480838015,0.6438426162493612,0.359,121,234,4,11,0,0,1,0,0,1,0,0,0,0,0,8128,-31,-35,-2,-1320,-1176,-13,-2153,-774,-3,195,681,5,1,59,24,1147.2049054675524,192.29432805314255,868.6663260091977,1.1650485436893203,0.487,41,245,4,12,0,0,1,0,0,0,1,0,0,0,0,8437,149,343,-2,486,835,5,1320,643,8,2707,1055,8,4,81,1635.1456310679612,355.4011241696474,377.38375063873275,0.5212059274399591,0.615,804,15,4,21,0,0,1,0,0,0,0,0,0,1,0,8008,540,-10,-8,642,-470,-11,1036,-467,-9,1407,-607,-8,8,43,1222.6877874297393,418.3137455288707,764.9463464486458,0.9197751660705161,0.462,201,37,3,4,0,1,1,0,0,0,0,0,0,0,0,8465,253,34,0,-628,296,2,-960,-72,-5,-727,810,-8,6,12,238.09913132345426,6.039856923863056,24.74195196729688,2.8206438426162492,0.538,5252.4637852315645,0.0,12058.511392373439,4169.906502811029,0.0,10382.427654455389,3453.5392693252193,0.4,10560.296255314053,2467.3738234955845,0.6,7390.113666243571,0.15384615384615385,0.46153846153846156,0.38461538461538464,NEUTRAL,0.15384615384615385,0.38461538461538464,BOTSIDE,1363.865,,,963.532,0,0,0,0,10,14,5,0.4,0.4,3.2,5.2,176.534,TEAMFIGHT,6,0.5,0.5,3.1666666666666665,6.166666666666667,11,0.45454545454545453,0.45454545454545453,3.1818181818181817,5.7272727272727275,0,1,1,0,1,1,0,1,1,NONE,NONE,MIXED,TEAMFIGHT,SPLIT_1_3_1,NEUTRAL,MID,SPLIT,NO,2,1,9,1,0,0,0
EUW1_7717782873,200,0,32.61666666666667,16.3.742.6169,420,14,31,4,12,0,0,1,0,0,0,1,0,0,0,0,8437,-112,186,-5,37,514,4,10,420,6,-676,-3,8,1,95,771.4460909555442,220.2248339294839,220.2248339294839,0.8277976494634645,0.346,234,121,4,11,0,0,1,0,0,1,0,0,0,0,0,8010,31,35,2,1320,1176,13,2153,774,3,-195,-681,-5,9,71,6,620.7869187531936,95.68727644353602,1198.5590189064894,1.2263668880940215,0.615,245,41,4,12,0,0,1,0,0,0,1,0,0,0,0,9923,-149,-343,2,-486,-835,-5,-1320,-643,-8,-2707,-1055,-8,3,76,982.7184466019418,65.5799693408278,65.5799693408278,0.7358201328564129,0.538,15,804,4,6,0,0,1,1,0,0,0,0,0,0,0,8008,-540,10,8,-642,470,11,-1036,467,9,-1407,607,8,7,54,887.8589678078691,176.53551354113438,310.57741440981096,0.3372508942258559,0.654,37,201,4,7,0,0,1,0,1,0,0,0,0,0,0,8214,-253,-34,0,628,-296,-2,960,72,5,727,-810,8,8,10,366.3771078180889,38.93714869698518,154.5835462442514,3.924374041900869,0.731,4548.000109991442,0.0,13774.771322965766,4825.488055520925,0.4,13901.283142213888,3605.6536759770665,0.4,10406.462078920002,3106.181059481419,0.8,9819.07307234242,0.15384615384615385,0.5384615384615384,0.3076923076923077,MID,0.15384615384615385,0.3076923076923077,BOTSIDE,694.63,506.735,934.947,849.581,1,3,0,4,12,8,5,0.2,0.8,3.6,6.4,176.534,TEAMFIGHT,5,0.2,0.8,3.8,7.4,10,0.2,0.8,3.7,6.9,0,1,1,0,1,2,0,2,2,GRUBS,GRUBS_HERALD,TEAMFIGHT,TEAMFIGHT,SPLIT_1_3_1,NEUTRAL,FAST,SPLIT,YES,2,0,4,0,1,3,0
EUW1_7717726650,100,1,28.216666666666665,16.3.742.6169,420,31,122,4,14,0,0,1,0,0,0,0,0,1,0,0,9923,-148,-165,2,-707,-647,-10,-343,936,-10,-829,262,-26,2,78,915.912581216775,369.39161252215007,558.9958653278205,0.8860011813349085,0.308,59,11,4,11,0,0,1,0,0,1,0,0,0,0,0,8010,-325,-300,-4,-30,47,12,-732,-454,6,-2071,-1810,-11,8,74,14,323.2132309509746,147.53691671588896,1552.7702303603073,1.0632014176018902,0.5,24,4,4,14,0,0,1,0,0,0,0,0,1,0,0,9923,-83,217,6,-367,-610,-3,-237,-1076,1,-627,-1350,4,5,63,603.8629651506202,160.7914943886592,342.2090962787951,0.7442409923213231,0.346,804,523,1,4,1,0,1,0,0,0,0,0,0,0,0,8008,1,-135,-1,220,-130,-5,2331,513,14,3123,1007,20,11,59,966.2728883638512,438.53514471352634,864.0637920850562,0.7796810395747195,0.731,235,117,4,7,0,0,1,0,1,0,0,0,0,0,0,8214,8,-280,1,343,213,2,1494,969,2,2017,522,7,12,19,352.2740696987596,246.41464855286475,337.6727702303603,2.8706438275251034,0.731,4597.9028799971475,0.4,15148.110938331552,4799.232734415859,0.2,13849.561509304185,2225.131551377626,0.8,6804.702050788116,2431.280698458258,0.6,7674.588262571484,0.23076923076923078,0.15384615384615385,0.6153846153846154,BOT,0.23076923076923078,0.6153846153846154,BOTSIDE,875.579,535.928,938.182,769.982,0,3,0,3,11,9,6,0.3333333333333333,0.6666666666666666,3.0,5.666666666666667,124.964,TEAMFIGHT,5,0.2,0.8,2.8,6.6,11,0.2727272727272727,0.7272727272727273,2.909090909090909,6.090909090909091,0,2,3,0,2,0,1,0,3,GRUBS,GRUBS_HERALD,TEAMFIGHT,TEAMFIGHT,SIEGE_GROUP,NEUTRAL,FAST,GROUP,YES,3,1,8,1,1,3,0
EUW1_7717726650,200,0,28.216666666666665,16.3.742.6169,420,122,31,4,6,0,0,1,1,0,0,0,0,0,0,0,8010,148,165,-2,707,647,10,343,-936,10,829,-262,26,4,88,473.79799173065567,349.1907855877141,349.1907855877141,0.7796810395747195,0.211,11,59,4,11,0,0,1,0,0,1,0,0,0,0,0,8008,325,300,4,30,-47,-12,732,454,-6,2071,1810,11,7,65,3,1020.6379208505612,0.0,158.23981098641465,0.8505611340815121,0.789,4,24,4,6,0,0,1,1,0,0,0,0,0,0,0,8360,83,-217,-6,367,610,3,237,1076,-1,627,1350,-4,5,66,409.5451860602481,267.9976373301831,267.9976373301831,0.6379208505611341,0.526,523,804,4,6,0,0,1,1,0,0,0,0,0,0,0,8005,-1,135,1,-220,130,5,-2331,-513,-14,-3123,-1007,-20,4,64,606.0248080330774,122.79976373301832,169.4743059657413,0.7088009450679268,0.263,117,235,4,7,0,0,1,0,1,0,0,0,0,0,0,8214,-8,280,-1,-343,-213,-2,-1494,-969,-2,-2017,-522,-7,5,13,242.055522740697,13.183697578263438,56.77495569994094,3.0832841110454816,0.632,5135.5221461523115,0.2,14222.407672402025,5685.077236327832,0.2,14461.223772558116,2620.1833182912296,0.6,7745.33646783663,2126.2827140987583,0.8,7229.282260363058,0.15384615384615385,0.38461538461538464,0.46153846153846156,NEUTRAL,0.15384615384615385,0.46153846153846156,BOTSIDE,525.736,,,1004.29,1,0,0,1,11,6,8,0.625,0.375,2.25,4.375,124.964,TEAMFIGHT,3,0.3333333333333333,0.6666666666666666,3.0,6.666666666666667,11,0.5454545454545454,0.45454545454545453,2.4545454545454546,5.0,0,1,2,0,0,1,0,1,3,DRAGON,DRAGONS,MIXED,TEAMFIGHT,STANDARD,NEUTRAL,MID,MIXED,NO,1,0,3,0,0,0,0
EUW1_7717672809,100,1,26.116666666666667,16.3.742.6169,420,31,799,4,14,0,0,1,0,0,0,0,0,1,0,0,9923,-368,-235,-1,336,219,4,-15,-105,-10,1029,710,0,1,84,972.252712188896,542.182514358647,635.7626037013401,0.9189534141671984,0.444,11,245,4,11,0,0,1,0,0,1,0,0,0,0,0,9923,-37,-36,3,385,-451,-6,-313,-1005,-6,1100,-111,3,3,69,13,906.2412252712189,68.46202935545628,901.7613273771537,1.4550095724313976,0.593,268,157,4,12,0,0,1,0,0,0,1,0,0,0,0,8008,519,391,8,924,612,11,1844,2410,31,1687,2575,38,5,93,676.8857689853222,340.0127632418634,607.7345245692405,0.8423739629865986,0.444,18,202,1,4,1,0,1,0,0,0,0,0,0,0,0,8008,-54,36,-3,177,183,-5,762,101,4,1607,339,22,3,92,809.4830887045309,836.5156349712827,1005.6413529036375,1.4932992980216975,0.444,117,89,4,7,0,0,1,0,1,0,0,0,0,0,0,8214,-22,-26,-5,288,165,-4,95,178,-8,620,722,-10,4,13,270.55520102105936,8.653477983407786,67.0835992342055,2.986598596043395,0.704,5075.379175394526,0.4,14114.784341250133,4502.815085123017,0.0,11522.265966380051,4775.956453726509,0.2,14903.312551241754,1563.3015781771417,0.6,6079.673675453313,0.15384615384615385,0.38461538461538464,0.46153846153846156,NEUTRAL,0.15384615384615385,0.46153846153846156,BOTSIDE,1474.262,493.673,,937.006,0,3,0,3,9,13,6,0.3333333333333333,0.3333333333333333,2.0,4.666666666666667,142.789,PICK,7,0.42857142857142855,0.5714285714285714,2.5714285714285716,5.571428571428571,13,0.38461538461538464,0.46153846153846156,2.3076923076923075,5.153846153846154,0,2,1,0,3,1,0,2,2,GRUBS,GRUBS_HERALD,MIXED,PICK,SPLIT_1_3_1,NEUTRAL,FAST,SPLIT,YES,1,1,10,2,0,3,0
EUW1_7717672809,200,0,26.116666666666667,16.3.742.6169,420,799,31,4,12,0,0,1,0,0,0,1,0,0,0,0,8437,368,235,1,-336,-219,-4,15,105,10,-1029,-710,0,1,80,548.3471601786854,111.5379706445437,142.32291001914487,0.9189534141671984,0.4,245,11,4,11,0,0,1,0,0,1,0,0,0,0,0,8128,37,36,-3,-385,451,6,313,1005,6,-1100,111,-3,2,76,3,241.83790682833438,164.60753031269942,1310.7721761327377,0.9572431397574984,0.3,157,268,4,14,0,0,1,0,0,0,0,0,1,0,0,8437,-519,-391,-8,-924,-612,-11,-1844,-2410,-31,-1687,-2575,-38,1,82,283.535417996171,214.57562220804084,245.13082322910017,0.49776643267389914,0.3,202,18,4,21,0,0,1,0,0,0,0,0,0,1,0,8021,54,-36,3,-177,-183,5,-762,-101,-4,-1607,-339,-22,2,97,529.1640076579451,40.970006381620934,139.10657306955966,0.49776643267389914,0.8,89,117,4,7,0,0,1,0,1,0,0,0,0,0,0,8351,22,26,5,-288,-165,4,-95,-178,8,-620,-722,10,1,17,169.77664326738991,0.0,2.6419910657306955,3.2546266751754946,0.4,4092.1140131848733,0.2,10049.406201363343,4412.893862664374,0.2,14996.002800746604,4477.604296542055,0.2,13702.803362815945,2343.6004460270983,0.6,6658.78464886799,0.23076923076923078,0.38461538461538464,0.38461538461538464,NEUTRAL,0.23076923076923078,0.38461538461538464,BOTSIDE,425.695,,950.271,1004.033,1,0,0,1,4,5,3,0.3333333333333333,0.6666666666666666,2.3333333333333335,5.333333333333333,255.014,PICK,3,0.0,1.0,3.6666666666666665,8.0,6,0.16666666666666666,0.8333333333333334,3.0,6.666666666666667,0,1,0,0,0,0,0,1,2,DRAGON,DRAGONS,TEAMFIGHT,PICK,SPLIT_1_3_1,BOT,SLOW,SPLIT,NO,3,0,2,0,1,0,0
EUW1_7715149077,100,1,37.11666666666667,16.2.741.3171,420,126,86,4,14,0,0,1,0,0,0,0,0,1,0,0,8010,324,152,5,655,152,11,614,93,13,240,-369,13,3,96,1416.8567579703638,397.8536147283341,402.8378985181859,0.8621463852716659,0.359,799,36,4,11,0,0,1,0,0,1,0,0,0,0,0,8010,339,-37,-3,1086,24,-5,919,273,-2,360,-552,-5,8,63,10,875.482712168837,73.63268971710822,843.9874270318815,0.7543780871127077,0.487,13,69,4,12,0,0,1,0,0,0,1,0,0,0,0,8230,-56,-292,-4,-806,-1001,-7,-1307,-1034,-5,-2043,-3143,-10,1,83,951.9712617871576,121.40098787606645,223.1612034126628,0.4849573417153121,0.282,523,236,4,21,0,0,1,0,0,0,0,0,0,1,0,8005,467,773,-1,1100,585,6,1943,1735,18,3480,1746,25,12,67,2110.749887741356,645.3973955994611,1631.8275707229457,0.9968567579703637,0.641,60,267,4,14,0,0,1,0,0,0,0,0,1,0,0,8112,-204,-195,-2,163,47,-5,-106,-89,-11,-422,-1523,-13,11,9,869.6362819937135,50.81275258194881,174.3421643466547,3.9604849573417154,0.564,4672.1258719189755,0.2,12091.432710808094,4353.881777172185,0.2,14572.589200275974,4629.957881447711,0.2,14087.94679859347,4411.025631659708,0.2,14494.217467666202,0.15384615384615385,0.46153846153846156,0.38461538461538464,NEUTRAL,0.15384615384615385,0.38461538461538464,BOTSIDE,1068.831,604.811,,908.061,0,3,0,3,15,12,9,0.2222222222222222,0.6666666666666666,2.7777777777777777,5.222222222222222,58.017,SKIRMISH,8,0.375,0.625,2.5,5.625,17,0.29411764705882354,0.6470588235294118,2.6470588235294117,5.411764705882353,0,2,1,0,2,1,0,2,1,GRUBS,GRUBS_HERALD,TEAMFIGHT,NONE,SPLIT_1_3_1,NEUTRAL,FAST,SPLIT,YES,1,2,11,2,0,3,0
EUW1_7715149077,200,0,37.11666666666667,16.2.741.3171,420,86,126,4,14,0,0,1,0,0,0,0,0,1,0,0,8230,-324,-152,-5,-655,-152,-11,-614,-93,-13,-240,369,-13,1,85,810.1751234845083,450.8486753480018,612.5280646609789,0.7004939380332286,0.359,36,799,6,11,0,0,0,1,0,1,0,0,0,0,0,8021,-339,37,3,-1086,-24,5,-919,-273,2,-360,552,5,3,75,0,731.1001347103727,5.092052088010777,463.16120341266276,0.673551863493489,0.513,69,13,4,6,0,0,1,1,0,0,0,0,0,0,0,8010,56,292,4,806,1001,7,1307,1034,5,2043,3143,10,5,90,1209.2680736416703,44.211944319712615,111.37853614728334,0.7543780871127077,0.641,236,523,4,21,0,0,1,0,0,0,0,0,0,1,0,8005,-467,-773,1,-1100,-585,-6,-1943,-1735,-18,-3480,-1746,-25,4,61,1009.4387067804221,103.29591378536148,265.91827570722944,0.7543780871127077,0.385,267,60,4,7,0,0,1,0,1,0,0,0,0,0,0,8214,204,195,2,-163,-47,5,106,89,11,422,1523,13,7,14,438.26672653794344,16.138302649303995,26.969016614279298,3.6371800628648407,0.641,4945.105296305255,0.2,14452.729465398568,5370.522912463045,0.2,14245.416841917966,5222.185353211719,0.2,15262.551556014478,5014.540762919763,0.2,11373.160422679353,0.3076923076923077,0.38461538461538464,0.3076923076923077,NEUTRAL,0.3076923076923077,0.3076923076923077,NEUTRAL,1389.095,,,1083.305,0,0,0,0,11,15,9,0.2222222222222222,0.6666666666666666,2.7777777777777777,5.222222222222222,58.017,SKIRMISH,9,0.2222222222222222,0.7777777777777778,2.6666666666666665,6.333333333333333,18,0.2222222222222222,0.7222222222222222,2.7222222222222223,5.777777777777778,0,1,3,0,1,2,0,0,1,NONE,NONE,TEAMFIGHT,NONE,STANDARD,NEUTRAL,MID,SPLIT,NO,3,1,4,0,0,0,0
EUW1_7715092558,100,0,18.583333333333332,16.2.741.3171,420,266,2,4,12,0,0,1,0,0,0,1,0,0,0,0,8010,-47,31,1,313,310,6,-95,-495,12,-680,-1515,-7,0,93,413.59641255605385,118.92376681614351,118.92376681614351,0.8609865470852018,0.0,60,35,4,11,0,0,1,0,0,1,0,0,0,0,0,8128,-394,-377,-13,40,-821,-26,-142,-554,-12,-1305,-3433,-32,4,59,0,339.713004484305,0.0,418.7085201793722,1.2376681614349776,0.833,910,163,4,12,0,0,1,0,0,0,1,0,0,0,0,8214,-806,-167,-7,-126,260,-7,-1160,-500,-28,-2397,-1682,-33,4,82,441.847533632287,156.69955156950672,215.83856502242153,0.7533632286995516,0.833,523,236,4,6,0,0,1,1,0,0,0,0,0,0,0,8005,-1308,-157,-13,-2376,-673,-28,-4460,-2013,-62,-5032,-1676,-69,1,60,346.76233183856505,30.887892376681616,30.887892376681616,0.8071748878923767,0.5,111,526,4,14,0,0,1,0,0,0,0,0,1,0,0,8439,-782,-881,1,-639,-321,-2,-1430,-752,-4,-1809,-611,-7,4,13,211.695067264574,0.0,0.0,1.7757847533632287,0.833,6164.168766231591,0.2,14394.754391791475,5718.205167018957,0.2,14835.34947347045,4374.981790432483,0.0,9381.420468138074,5722.237730919066,0.0,12485.858400606663,0.15384615384615385,0.3076923076923077,0.5384615384615384,BOT,0.15384615384615385,0.5384615384615384,BOTSIDE,,498.489,,,0,3,0,3,3,3,2,0.0,0.5,3.0,6.0,346.569,SKIRMISH,2,0.0,1.0,5.0,8.0,4,0.0,0.75,4.0,7.0,0,0,2,0,0,3,0,0,0,GRUBS,GRUBS_HERALD,TEAMFIGHT,NONE,STANDARD,NEUTRAL,MID,SPLIT,YES,0,0,0,0,0,3,0
EUW1_7715092558,200,1,18.583333333333332,16.2.741.3171,420,2,266,4,6,0,0,1,1,0,0,0,0,0,0,0,8010,47,-31,-1,-313,-310,-6,95,495,-12,680,1515,7,1,87,327.65919282511214,186.88789237668163,186.88789237668163,0.914798206278027,0.08,35,60,11,14,0,0,0,0,0,1,0,0,1,0,0,8229,394,377,13,-40,821,26,142,554,12,1305,3433,32,10,80,8,639.8744394618834,19.210762331838566,1106.5291479820628,0.6457399103139014,0.64,163,910,4,6,0,0,1,1,0,0,0,0,0,0,0,8230,806,167,7,126,-260,7,1160,500,28,2397,1682,33,7,85,613.829596412556,251.67713004484307,338.0986547085202,0.484304932735426,0.48,236,523,4,21,0,0,1,0,0,0,0,0,0,1,0,8005,1308,157,13,2376,673,28,4460,2013,62,5032,1676,69,9,88,646.0627802690583,429.0941704035875,441.0941704035875,0.968609865470852,0.52,526,111,4,14,0,0,1,0,0,0,0,0,1,0,0,8439,782,881,-1,639,321,2,1430,752,4,1809,611,7,15,15,365.59641255605385,48.16143497757848,48.16143497757848,2.9596412556053813,0.8,5057.534984299962,0.0,11738.971207052176,4703.169076288947,0.0,14438.787933895283,3961.371237523364,0.4,13797.185292660237,4162.283604512498,0.2,13422.486803867605,0.15384615384615385,0.38461538461538464,0.46153846153846156,NEUTRAL,0.15384615384615385,0.46153846153846156,BOTSIDE,439.329,,982.072,711.035,2,0,0,2,15,10,10,0.5,0.1,1.6,4.0,130.236,PICK,4,0.25,0.5,3.25,5.75,14,0.42857142857142855,0.21428571428571427,2.0714285714285716,4.5,0,0,2,0,1,2,1,0,2,DRAGON,DRAGONS,PICK,PICK,STANDARD,NEUTRAL,FAST,SPLIT,YES,2,0,2,0,1,0,0
EUW1_7715017798,100,0,24.316666666666666,16.2.741.3171,420,516,904,4,12,0,0,1,0,0,0,1,0,0,0,0,8437,186,-81,-9,-485,-546,-28,-1429,-1086,-27,-1693,-525,-18,1,66,722.0973269362577,264.59218642906103,264.59218642906103,0.7813570938999315,0.222,36,106,4,11,0,0,1,0,0,1,0,0,0,0,0,8021,161,44,-1,284,192,2,26,-608,1,-253,-1208,-6,5,73,0,685.5380397532557,2.549691569568197,417.98492117888964,0.5346127484578479,0.889,45,268,4,12,0,0,1,0,0,0,1,0,0,0,0,8214,78,95,6,-159,-377,3,-1582,-1478,-2,-1447,-1600,4,2,87,539.5476353666895,400.17820424948593,400.17820424948593,0.49348869088416725,0.444,51,81,4,6,0,0,1,1,0,0,0,0,0,0,0,8008,-309,-104,4,-349,27,5,-255,-15,14,-1460,-963,3,1,90,795.709389993146,222.72789581905414,222.72789581905414,0.7813570938999315,0.222,902,40,4,7,0,0,1,0,1,0,0,0,0,0,0,8214,-295,-122,-4,-522,206,-6,-944,34,-4,-1301,262,-1,2,8,160.79506511309117,12.748457847840987,13.324194653872516,2.6730637422892394,0.444,4590.219388376,0.4,14086.582694181014,5657.088357708119,0.2,14078.814225637045,3748.6301960600786,0.0,10170.422311782339,5379.7928309012,0.0,14312.449440958733,0.23076923076923078,0.5384615384615384,0.23076923076923078,MID,0.23076923076923078,0.23076923076923078,NEUTRAL,,555.644,,1186.389,0,3,0,3,5,4,4,0.25,0.75,2.75,6.25,213.191,TEAMFIGHT,3,0.0,1.0,2.3333333333333335,6.0,7,0.14285714285714285,0.8571428571428571,2.5714285714285716,6.142857142857143,0,1,0,0,1,3,0,1,0,GRUBS,GRUBS_HERALD,TEAMFIGHT,TEAMFIGHT,SPLIT_1_3_1,MID,MID,SPLIT,YES,0,0,3,0,0,3,0
EUW1_7715017798,200,1,24.316666666666666,16.2.741.3171,420,904,516,4,12,0,0,1,0,0,0,1,0,0,0,0,8437,-186,81,9,485,546,28,1429,1086,27,1693,525,18,2,94,670.0753941055517,718.2727895819054,718.2727895819054,0.8636052090472927,0.208,106,36,4,11,0,0,1,0,0,1,0,0,0,0,0,8005,-161,-44,1,-284,-192,-2,-26,608,-1,253,1208,6,6,68,7,618.4235777930089,173.66689513365318,1901.45305003427,1.6860863605209047,0.583,268,45,4,12,0,0,1,0,0,0,1,0,0,0,0,8008,-78,-95,-6,159,377,-3,1582,1478,2,1447,1600,-4,6,84,1016.0932145305004,309.78752570253596,554.8869088416724,0.6168608636052091,0.583,81,51,4,21,0,0,1,0,0,0,0,0,0,1,0,8010,309,104,-4,349,-27,-5,255,15,-14,1460,963,-3,4,85,1108.9924605894448,408.9376285126799,720.2056202878684,0.7813570938999315,0.5,40,902,4,7,0,0,1,0,1,0,0,0,0,0,0,8214,295,122,4,522,-206,6,944,-34,4,1301,-262,1,7,14,337.2583961617546,110.17135023989033,199.9451679232351,3.207676490747087,0.708,4365.397140102253,0.4,13727.633190029519,5940.829314626446,0.2,14948.895109672821,4048.595109967145,0.4,12253.233450807995,2967.3249527015823,0.4,8032.871528911688,0.23076923076923078,0.5384615384615384,0.23076923076923078,MID,0.23076923076923078,0.23076923076923078,NEUTRAL,350.616,,945.089,771.163,2,0,0,2,9,15,6,0.5,0.5,2.0,5.166666666666667,213.191,TEAMFIGHT,10,0.4,0.4,1.7,4.9,16,0.4375,0.4375,1.8125,5.0,1,2,5,0,5,2,0,2,1,DRAGON,DRAGONS,MIXED,TEAMFIGHT,STANDARD,TOP,FAST,SPLIT,YES,4,1,10,2,1,0,0
EUW1_7714927726,100,1,25.766666666666666,16.2.741.3171,420,164,516,4,12,0,0,1,0,0,0,1,0,0,0,0,8010,114,-31,5,848,1114,15,2079,1401,7,4105,2804,33,4,83,1171.164294954722,703.5058214747736,835.614489003881,1.1642949547218628,0.383,28,246,4,11,0,0,1,0,0,1,0,0,0,0,0,8112,212,326,3,-65,583,6,227,876,-1,886,1279,13,9,72,12,1101.6558861578267,289.6377749029754,1728.0077619663648,0.38809831824062097,0.489,157,38,4,14,0,0,1,0,0,0,0,0,1,0,0,8008,41,-69,6,-477,-578,-3,-197,-929,15,-481,-1640,-17,4,76,886.4165588615783,334.1914618369987,356.31306597671414,0.4657179818887452,0.277,202,804,4,7,0,0,1,0,1,0,0,0,0,0,0,8021,837,-205,4,1204,133,14,793,-55,22,468,1009,30,10,93,1299.4307891332471,375.9896507115136,614.4372574385511,0.6985769728331177,0.532,432,117,4,14,0,0,1,0,0,0,0,0,1,0,0,8112,79,455,-2,254,648,-2,1679,1527,-1,2617,2613,5,11,13,783.4540750323415,148.71927554980596,148.71927554980596,2.9883570504527817,0.681,5687.401494526762,0.0,14339.395942646957,5068.380095101769,0.0,13997.350642175112,5316.8306034849975,0.0,11977.342150911445,3739.2481753059933,0.4,12033.818014246352,0.3076923076923077,0.38461538461538464,0.3076923076923077,NEUTRAL,0.3076923076923077,0.3076923076923077,NEUTRAL,610.82,,1142.495,761.47,1,0,0,1,19,25,11,0.36363636363636365,0.45454545454545453,2.4545454545454546,5.454545454545454,122.626,PICK,9,0.3333333333333333,0.5555555555555556,3.888888888888889,6.444444444444445,20,0.35,0.5,3.1,5.9,0,2,2,0,3,2,1,2,3,DRAGON,DRAGONS,TEAMFIGHT,PICK,SPLIT_1_3_1,NEUTRAL,MID,SPLIT,YES,2,1,10,2,1,0,0
EUW1_7714927726,200,0,25.766666666666666,16.2.741.3171,420,516,164,4,14,0,0,1,0,0,0,0,0,1,0,0,8437,-114,31,-5,-848,-1114,-15,-2079,-1401,-7,-4105,-2804,-33,1,68,602.3673997412678,104.7477360931436,122.40620957309186,0.6209573091849936,0.217,246,28,4,11,0,0,1,0,0,1,0,0,0,0,0,8369,-212,-326,-3,65,-583,-6,-227,-876,1,-886,-1279,-13,5,65,13,582.9236739974127,0.0,678.4734799482536,0.8538163001293662,0.478,38,157,4,12,0,0,1,0,0,0,1,0,0,0,0,8112,-41,69,-6,477,578,3,197,929,-15,481,1640,17,7,77,1000.1681759379043,154.6959896507115,154.6959896507115,1.0866752910737387,0.565,804,202,4,21,0,0,1,0,0,0,0,0,0,1,0,8008,-837,205,-4,-1204,-133,-14,-793,55,-22,-468,-1009,-30,5,79,997.8783958602846,139.13324708926262,139.13324708926262,1.0478654592496766,0.435,117,432,4,7,0,0,1,0,1,0,0,0,0,0,0,8214,-79,-455,2,-254,-648,2,-1679,-1527,1,-2617,-2613,-5,5,15,252.26390685640362,0.0,14.553686934023286,2.40620957309185,0.522,4624.973432130532,0.2,13968.478549935207,5299.982478863445,0.2,14482.27696185928,4677.803268556918,0.2,14520.171934243755,476.6688996746176,1.0,1105.622901354707,0.15384615384615385,0.7692307692307693,0.07692307692307693,MID,0.15384615384615385,0.07692307692307693,NEUTRAL,1385.163,630.29,,1403.229,0,3,0,3,9,14,6,0.16666666666666666,0.6666666666666666,3.1666666666666665,6.666666666666667,279.596,PICK,6,0.16666666666666666,0.8333333333333334,5.333333333333333,8.0,12,0.16666666666666666,0.75,4.25,7.333333333333333,0,0,1,0,1,1,0,0,2,GRUBS,GRUBS_HERALD,TEAMFIGHT,PICK,STANDARD,NEUTRAL,FAST,SPLIT,YES,1,0,1,0,0,3,0
EUW1_7714858937,100,1,20.9,16.2.741.3171,420,126,54,4,12,0,0,1,0,0,0,1,0,0,0,0,8437,402,296,21,25,-245,11,-33,-321,6,847,537,32,0,81,425.2631578947369,444.3062200956938,457.65550239234454,0.7177033492822967,0.062,60,421,4,11,0,0,1,0,0,1,0,0,0,0,0,8128,267,709,14,736,851,24,1426,1841,38,2161,2945,62,6,77,30,300.5263157894737,203.30143540669857,1183.0143540669858,1.8181818181818183,0.5,90,893,4,12,0,0,1,0,0,0,1,0,0,0,0,8229,278,-71,-5,657,236,2,2033,1621,29,1926,1735,27,4,94,679.377990430622,576.6507177033493,796.6028708133972,1.0526315789473686,0.5,51,96,4,6,0,0,1,1,0,0,0,0,0,0,0,8021,230,288,8,1063,812,12,1435,715,10,3475,2100,10,3,95,833.6842105263158,228.8995215311005,283.6842105263158,1.291866028708134,0.625,53,267,4,7,0,0,1,0,1,0,0,0,0,0,0,8360,120,97,1,108,-467,-2,468,-712,0,620,440,1,4,14,223.4928229665072,0.0,18.89952153110048,2.2966507177033493,0.625,5688.561072906085,0.2,14685.537102877784,4731.821808129772,0.0,10431.44903644743,5082.477071218408,0.0,13165.020660826933,6273.25097667566,0.0,13203.656955555913,0.07692307692307693,0.3076923076923077,0.6153846153846154,BOT,0.07692307692307693,0.6153846153846154,BOTSIDE,428.984,495.411,,887.262,2,3,0,5,6,10,3,0.3333333333333333,0.3333333333333333,2.3333333333333335,5.333333333333333,187.54,SKIRMISH,5,0.2,0.6,2.4,6.2,8,0.25,0.5,2.375,5.875,0,3,1,0,2,1,0,1,1,DRAGON,GRUBS_HERALD,TEAMFIGHT,NONE,SPLIT_1_3_1,NEUTRAL,MID,SPLIT,YES,3,0,6,0,0,3,0
EUW1_7714858937,200,0,20.9,16.2.741.3171,420,54,126,4,12,0,0,1,0,0,0,1,0,0,0,0,8229,-402,-296,-21,-25,245,-11,33,321,-6,-847,-537,-32,0,70,388.0861244019139,157.79904306220098,157.79904306220098,1.1483253588516746,0.25,421,60,4,11,0,0,1,0,0,1,0,0,0,0,0,8010,-267,-709,-14,-736,-851,-24,-1426,-1841,-38,-2161,-2945,-62,3,56,5,285.1196172248804,253.1578947368421,849.665071770335,0.9090909090909092,1.0,893,90,4,12,0,0,1,0,0,0,1,0,0,0,0,8112,-278,71,5,-657,-236,-2,-2033,-1621,-29,-1926,-1735,-27,0,92,318.5645933014354,43.110047846889955,43.110047846889955,0.861244019138756,0.25,96,51,4,12,0,0,1,0,0,0,1,0,0,0,0,8229,-230,-288,-8,-1063,-812,-12,-1435,-715,-10,-3475,-2100,-10,2,83,781.5311004784689,92.2488038277512,92.2488038277512,0.5263157894736843,0.5,267,53,4,7,0,0,1,0,1,0,0,0,0,0,0,8214,-120,-97,-1,-108,467,2,-468,712,0,-620,-440,-1,3,16,223.77990430622012,3.9234449760765555,3.9234449760765555,2.91866028708134,1.0,5057.854002198672,0.2,13609.664397037863,5337.203229330327,0.2,14777.049671703753,6143.524498618912,0.2,14576.00950191787,3867.2021035409803,0.0,12110.06032189766,0.15384615384615385,0.5384615384615384,0.3076923076923077,MID,0.15384615384615385,0.3076923076923077,BOTSIDE,,,938.18,1198.101,0,0,0,0,2,2,2,0.5,0.5,2.5,5.5,148.782,PICK,2,0.0,1.0,3.5,8.0,4,0.25,0.75,3.0,6.75,0,0,1,0,0,1,0,1,0,NONE,NONE,TEAMFIGHT,PICK,SPLIT_1_3_1,NEUTRAL,SLOW,SPLIT,NO,0,0,1,0,1,0,0
EUW1_7713729868,100,1,25.216666666666665,16.2.741.3171,420,887,31,4,12,0,0,1,0,0,0,1,0,0,0,0,8010,-470,-38,-11,-1260,-625,-24,-442,399,-9,-2298,-3229,-45,1,67,441.5730337078652,185.9881031064111,439.3919365499009,0.9517514871116987,0.139,11,107,4,11,0,0,1,0,0,1,0,0,0,0,0,8008,-271,-112,-2,305,474,7,574,1438,20,-373,2064,40,6,83,6,1544.534038334435,554.7918043621944,1436.4309319233312,1.0310641110376735,0.556,4,3,4,12,0,0,1,0,0,0,1,0,0,0,0,8360,449,222,20,1760,292,26,2505,813,38,3618,3398,41,5,94,965.4329147389293,308.0105750165235,468.14276272306677,0.9517514871116987,0.556,804,29,4,21,0,0,1,0,0,0,0,0,0,1,0,8008,9,45,-1,696,460,3,2069,460,20,2058,855,22,9,80,1049.6629213483147,589.3721083939193,1178.22868473232,0.7931262392597489,0.5,117,267,4,7,0,0,1,0,1,0,0,0,0,0,0,8214,15,-141,0,494,267,-4,549,-243,-5,805,-397,-1,9,11,226.19960343688038,27.838730998017187,29.50429610046266,2.4586913417052214,0.722,5079.205570016248,0.2,14351.800235510527,6342.801132340526,0.0,14667.728181282879,5663.278441539054,0.0,12768.658895906021,2530.6131694115074,0.8,8339.807491783007,0.23076923076923078,0.5384615384615384,0.23076923076923078,MID,0.23076923076923078,0.23076923076923078,NEUTRAL,1045.52,542.179,,863.629,0,2,0,2,11,25,7,0.42857142857142855,0.5714285714285714,2.4285714285714284,4.428571428571429,317.281,PICK,7,0.0,1.0,5.428571428571429,8.714285714285714,14,0.21428571428571427,0.7857142857142857,3.9285714285714284,6.571428571428571,0,2,1,0,3,2,0,3,2,GRUBS,GRUBS_HERALD,TEAMFIGHT,PICK,SPLIT_1_3_1,NEUTRAL,FAST,SPLIT,YES,2,1,10,2,0,2,0
EUW1_7713729868,200,0,25.216666666666665,16.2.741.3171,420,31,887,4,14,0,0,1,0,0,0,0,0,1,0,0,9923,470,38,11,1260,625,24,442,-399,9,2298,3229,45,2,91,974.6331791143424,113.45670852610708,231.67217448777265,1.1103767349636484,0.522,107,11,4,11,0,0,1,0,0,1,0,0,0,0,0,8369,271,112,2,-305,-474,-7,-574,-1438,-20,373,-2064,-40,5,76,0,1028.6054196959683,247.37607402511568,1182.9874421678785,0.7534699272967614,0.609,3,4,4,6,0,0,1,1,0,0,0,0,0,0,0,8230,-449,-222,-20,-1760,-292,-26,-2505,-813,-38,-3618,-3398,-41,2,68,410.79973562458696,71.81758096497026,71.81758096497026,0.9120951751487112,0.261,29,804,4,21,0,0,1,0,0,0,0,0,0,1,0,8008,-9,-45,1,-696,-460,-3,-2069,-460,-20,-2058,-855,-22,6,77,580.7270323859882,206.72835426305355,206.72835426305355,0.47587574355584933,0.391,267,117,4,7,0,0,1,0,1,0,0,0,0,0,0,8214,-15,141,0,-494,-267,4,-549,243,5,-805,397,1,6,15,343.30469266358233,0.0,39.25974884335757,2.4586913417052214,0.522,4640.322598231645,0.0,12304.146293018463,3121.1208856783633,0.2,8717.520748469715,3326.8236402692796,0.4,12125.33253152259,4314.199071302108,0.4,13623.614681867657,0.07692307692307693,0.5384615384615384,0.38461538461538464,MID,0.07692307692307693,0.38461538461538464,BOTSIDE,353.657,687.47,977.345,1065.198,2,1,0,3,7,16,6,0.3333333333333333,0.6666666666666666,2.6666666666666665,4.833333333333333,220.178,PICK,7,0.0,1.0,5.285714285714286,8.571428571428571,13,0.15384615384615385,0.8461538461538461,4.076923076923077,6.846153846153846,0,2,1,0,1,1,0,0,1,DRAGON,DRAGONS,TEAMFIGHT,PICK,SPLIT_1_3_1,NEUTRAL,MID,SPLIT,YES,2,0,3,0,1,1,0
EUW1_7713619811,100,0,41.35,16.2.741.3171,420,8,2,4,6,0,0,1,1,0,0,0,0,0,0,0,8230,-76,-31,-5,112,76,-7,-264,103,-8,968,1589,11,0,75,1106.384522370012,137.62998790810155,137.62998790810155,0.8706166868198307,0.556,36,245,4,11,0,0,1,0,0,1,0,0,0,0,0,8021,-679,-4,2,-1669,-236,9,-2245,-843,0,-3737,-2845,-14,2,94,21,737.6299879081015,0.0,773.1318016928658,0.9189842805320435,0.5,39,238,4,14,0,0,1,0,0,0,0,0,1,0,0,8005,-78,491,25,134,986,38,-653,-106,29,-50,622,46,3,101,677.1221281741233,639.6856106408706,639.6856106408706,0.8706166868198307,0.5,51,145,4,21,0,0,1,0,0,0,0,0,0,1,0,8008,-87,-124,2,-191,-134,7,-996,-1262,-2,-2255,-1959,-13,4,92,650.7859733978235,69.91535671100362,101.8621523579202,0.43530834340991537,0.444,201,111,4,7,0,0,1,0,1,0,0,0,0,0,0,8465,-74,226,0,-153,329,1,-399,-182,3,-417,-1117,6,4,16,161.42684401451027,14.655380894800484,40.338573155985486,3.7484885126964933,0.556,5004.691674807082,0.0,14686.287754228431,4053.181758293443,0.4,14948.12342737375,4332.769810883087,0.4,13974.023114336114,4322.941354408307,0.4,12926.034271964469,0.07692307692307693,0.38461538461538464,0.5384615384615384,BOT,0.07692307692307693,0.5384615384615384,BOTSIDE,1721.817,504.841,944.026,986.876,0,3,0,3,5,5,3,0.3333333333333333,0.6666666666666666,3.0,5.666666666666667,180.694,TEAMFIGHT,5,0.6,0.4,2.6,5.0,8,0.5,0.5,2.75,5.25,0,2,1,0,1,1,0,0,0,GRUBS,GRUBS_HERALD,MIXED,TEAMFIGHT,SPLIT_1_3_1,NEUTRAL,MID,SPLIT,YES,1,0,8,2,1,3,0
EUW1_7713619811,200,1,41.35,16.2.741.3171,420,2,8,4,6,0,0,1,1,0,0,0,0,0,0,0,8010,76,31,5,-112,-76,7,264,-103,8,-968,-1589,-11,0,82,720.0967351874244,106.11850060459491,165.05441354292623,0.8948004836759371,0.211,245,36,4,11,0,0,1,0,0,1,0,0,0,0,0,8128,679,4,-2,1669,236,-9,2245,843,0,3737,2845,14,8,76,27,1475.0665054413541,298.83917775090686,1680.0,1.3784764207980653,0.711,238,39,4,14,0,0,1,0,0,0,0,0,1,0,0,8369,78,-491,-25,-134,-986,-38,653,106,-29,50,-622,-46,5,63,897.4607013301088,153.6154776299879,327.1100362756953,1.0882708585247884,0.553,145,51,4,21,0,0,1,0,0,0,0,0,0,1,0,8008,87,124,-2,191,134,-7,996,1262,2,2255,1959,13,5,85,1675.3808948004837,481.4993954050786,1095.042321644498,0.6287787182587666,0.632,111,201,4,7,0,0,1,0,1,0,0,0,0,0,0,8439,74,-226,0,153,-329,-1,399,182,-3,417,1117,-6,6,15,227.35187424425635,2.0314389359129383,2.0314389359129383,4.159613059250302,0.605,4696.677372485574,0.2,14296.845281389878,4316.470787182716,0.4,14750.254235097102,5180.538158277354,0.2,13836.97112810459,3144.4049957965335,0.4,9310.937493077696,0.23076923076923078,0.46153846153846156,0.3076923076923077,MID,0.23076923076923078,0.3076923076923077,NEUTRAL,636.756,,,1052.909,1,0,0,1,10,13,7,0.5714285714285714,0.42857142857142855,2.0,4.714285714285714,180.694,TEAMFIGHT,6,0.5,0.3333333333333333,2.5,5.333333333333333,13,0.5384615384615384,0.38461538461538464,2.230769230769231,5.0,0,0,2,0,1,0,0,1,2,DRAGON,DRAGONS,PICK,TEAMFIGHT,STANDARD,NEUTRAL,MID,SPLIT,NO,4,3,10,1,0,0,0
EUW1_7713502091,100,1,36.55,16.2.741.3171,420,24,41,4,12,0,0,1,0,0,0,1,0,0,0,0,8437,4,168,7,465,773,21,1842,3310,52,1601,2667,41,6,86,1097.592339261286,370.1231190150479,383.58413132694943,1.2038303693570451,0.538,421,107,4,11,0,0,1,0,0,1,0,0,0,0,0,8005,-206,-739,-17,-370,-1441,-35,-1230,-2243,-48,-1983,-3137,-68,6,48,6,1034.4733242134064,153.29685362517102,1716.2517099863203,0.6566347469220247,0.667,711,517,4,14,0,0,1,0,0,0,0,0,1,0,0,8112,611,467,11,973,930,22,143,413,26,68,1178,43,3,99,1311.3816689466485,249.0560875512996,570.9439124487004,1.039671682626539,0.538,26,804,4,12,0,0,1,0,0,0,1,0,0,0,0,8214,-402,113,-14,-1109,163,-30,-2112,-791,-46,-3478,-989,-66,2,67,258.1942544459645,22.35294117647059,145.33515731874147,0.8481532147742818,0.564,37,43,4,7,0,0,1,0,1,0,0,0,0,0,0,8214,-502,-231,-3,-294,-599,-15,-541,-613,-10,-733,-213,-11,4,9,343.2010943912449,45.93707250341998,217.48290013679892,2.92749658002736,0.641,6187.2411181822445,0.2,15623.035460498704,4066.0268948939192,0.2,11807.794798352485,2208.0735572448975,0.4,5133.561142131259,6634.632255839538,0.0,14316.961688850048,0.38461538461538464,0.3076923076923077,0.3076923076923077,NEUTRAL,0.38461538461538464,0.3076923076923077,NEUTRAL,446.634,,951.764,854.47,1,0,0,1,10,13,6,0.3333333333333333,0.6666666666666666,3.0,6.166666666666667,143.764,TEAMFIGHT,7,0.14285714285714285,0.8571428571428571,2.857142857142857,7.0,13,0.23076923076923078,0.7692307692307693,2.923076923076923,6.615384615384615,0,1,1,0,1,1,0,0,0,DRAGON,DRAGONS,TEAMFIGHT,TEAMFIGHT,STANDARD,NEUTRAL,MID,SPLIT,NO,3,1,8,1,1,0,0
EUW1_7713502091,200,0,36.55,16.2.741.3171,420,41,24,4,14,0,0,1,0,0,0,0,0,1,0,0,8229,-4,-168,-7,-465,-773,-21,-1842,-3310,-52,-1601,-2667,-41,3,65,984.84268125855,161.2311901504788,197.42818057455543,0.6292749658002736,0.36,107,421,4,11,0,0,1,0,0,1,0,0,0,0,0,8112,206,739,17,370,1441,35,1230,2243,48,1983,3137,68,9,83,23,667.1135430916553,334.28180574555404,965.499316005472,1.2311901504787963,0.52,517,711,4,12,0,0,1,0,0,0,1,0,0,0,0,8010,-611,-467,-11,-973,-930,-22,-143,-413,-26,-68,-1178,-43,3,77,686.8673050615596,187.74281805745557,187.74281805745557,0.957592339261286,0.48,804,26,4,21,0,0,1,0,0,0,0,0,0,1,0,8008,402,-113,14,1109,-163,30,2112,791,46,3478,989,66,5,97,1000.5198358413134,188.4541723666211,245.90971272229825,0.8755129958960329,0.44,43,37,4,7,0,0,1,0,1,0,0,0,0,0,0,8214,502,231,3,294,599,15,541,613,10,733,213,11,9,24,340.95759233926134,6.128590971272231,26.019151846785228,3.6114911080711356,0.64,4471.018026043272,0.4,15027.495466643803,3487.0486974697073,0.6,13235.64679190254,3075.8289462944435,0.2,8456.122042638694,5501.051024620045,0.2,14108.512359565058,0.3076923076923077,0.38461538461538464,0.3076923076923077,NEUTRAL,0.3076923076923077,0.3076923076923077,NEUTRAL,832.736,553.74,,937.363,1,3,0,4,13,9,9,0.4444444444444444,0.4444444444444444,2.3333333333333335,5.222222222222222,143.764,TEAMFIGHT,6,0.3333333333333333,0.6666666666666666,2.8333333333333335,6.666666666666667,15,0.4,0.5333333333333333,2.533333333333333,5.8,0,1,2,0,1,0,0,2,2,GRUBS,GRUBS_HERALD,TEAMFIGHT,TEAMFIGHT,SPLIT_1_3_1,NEUTRAL,FAST,SPLIT,YES,3,0,5,1,0,3,0
EUW1_7713128294,100,0,22.783333333333335,16.2.741.3171,420,516,74,4,12,0,0,1,0,0,0,1,0,0,0,0,8214,-138,31,-1,-580,-685,-16,-2314,-2515,-30,-3012,-2911,-37,1,69,208.74908558888075,55.78639356254572,55.78639356254572,0.614484272128749,0.417,427,91,4,11,0,0,1,0,0,1,0,0,0,0,0,8214,-273,-43,-6,183,500,-9,63,-217,-23,-1192,-923,-44,5,61,19,204.05267008046818,0.0,0.0,0.5267008046817849,0.833,38,42,4,14,0,0,1,0,0,0,0,0,1,0,0,8369,-283,-334,-22,-1186,-1013,-26,-1527,-1812,-33,-1042,-311,-13,4,64,629.4074615947329,293.4601316752011,305.17922457937084,0.7900512070226774,0.75,221,523,4,21,0,0,1,0,0,0,0,0,0,1,0,8008,-575,187,-10,-1314,-46,-9,-2409,-828,-31,-1192,-494,-30,1,90,479.4294074615947,34.850036576444765,34.850036576444765,0.7461594732991953,0.333,432,40,4,7,0,0,1,0,1,0,0,0,0,0,0,8112,-205,-295,0,-808,-354,4,-1575,-717,7,-1378,-498,7,1,10,260.98024871982443,0.0,0.0,2.5018288222384784,0.5,5586.501410778949,0.2,14990.55395907703,3467.33109398965,0.6,13645.292228457402,2947.3388001172425,0.6,9166.549241672135,1402.536543373872,1.0,3433.7210137109273,0.23076923076923078,0.6153846153846154,0.15384615384615385,MID,0.23076923076923078,0.15384615384615385,NEUTRAL,,,,,0,0,0,0,6,6,6,0.6666666666666666,0.16666666666666666,1.6666666666666667,4.166666666666667,188.804,TEAMFIGHT,4,0.0,0.75,4.0,8.0,10,0.4,0.4,2.6,5.7,0,0,1,0,0,0,0,0,1,NONE,NONE,MIXED,TEAMFIGHT,STANDARD,NEUTRAL,SLOW,MIXED,NO,0,0,0,0,0,0,0
EUW1_7713128294,200,1,22.783333333333335,16.2.741.3171,420,74,516,4,14,0,0,1,0,0,0,0,0,1,0,0,8010,138,-31,1,580,685,16,2314,2515,30,3012,2911,37,4,85,1013.1089978054132,375.66934893928305,677.8639356254572,1.0534016093635699,0.467,91,427,4,11,0,0,1,0,0,1,0,0,0,0,0,8021,273,43,6,-183,-500,9,-63,217,23,1192,923,44,4,72,26,496.7666422823701,38.01024140453548,2142.531089978054,0.7022677395757132,0.467,42,38,4,12,0,0,1,0,0,0,1,0,0,0,0,8010,283,334,22,1186,1013,26,1527,1812,33,1042,311,13,7,90,1111.9092904169713,527.2275054864667,944.3745427944403,0.7461594732991953,0.5,523,221,4,21,0,0,1,0,0,0,0,0,0,1,0,8008,575,-187,10,1314,46,9,2409,828,31,1192,494,30,6,100,742.6920263350402,376.5032918800292,457.790782735918,0.7022677395757132,0.367,40,432,4,7,0,0,1,0,1,0,0,0,0,0,0,8214,205,295,0,808,354,-4,1575,717,-7,1378,498,-7,11,6,388.6613021214338,247.76883686905632,273.2699341623994,3.0724213606437454,0.767,4871.704069362603,0.0,12726.681028453568,4192.132124657504,0.2,13095.833115918971,1123.973625534917,1.0,2937.657059631025,711.1070378284967,1.0,2272.7921154386295,0.23076923076923078,0.38461538461538464,0.38461538461538464,NEUTRAL,0.23076923076923078,0.38461538461538464,BOTSIDE,625.812,560.262,1074.387,775.958,1,3,0,4,15,15,9,0.4444444444444444,0.3333333333333333,2.0,4.666666666666667,188.804,TEAMFIGHT,7,0.42857142857142855,0.42857142857142855,2.5714285714285716,5.714285714285714,16,0.4375,0.375,2.25,5.125,1,1,3,0,5,3,1,1,5,GRUBS,GRUBS_HERALD,MIXED,TEAMFIGHT,SIEGE_GROUP,BOT,FAST,GROUP,YES,3,1,9,1,1,3,0
EUW1_7713091869,100,1,22.85,16.2.741.3171,420,41,126,4,14,0,0,1,0,0,0,0,0,1,0,0,8229,444,336,2,2187,2197,19,3328,2889,24,5944,3788,35,10,82,1166.5207877461705,989.0590809628009,1041.312910284464,0.700218818380744,0.553,154,266,4,11,0,0,1,0,0,1,0,0,0,0,0,8010,297,-225,-8,568,310,6,443,615,11,839,1894,17,10,78,3,983.3698030634573,92.56017505470459,1461.8380743982493,1.0503282275711159,0.5,3,7,4,12,0,0,1,0,0,0,1,0,0,0,0,8230,39,-306,-4,-1586,-253,2,-2509,-854,-4,-2392,162,7,3,77,472.47264770240696,166.91466083150985,250.72210065645513,0.5251641137855579,0.289,221,804,4,21,0,0,1,0,0,0,0,0,0,1,0,8008,208,112,1,2030,399,10,2269,229,13,3799,-377,-1,11,87,1176.9365426695842,853.960612691466,1328.8840262582055,0.787746170678337,0.5,350,111,3,7,0,1,0,0,1,0,0,0,0,0,0,8214,-441,177,-1,-268,1289,-2,-134,132,-5,396,2392,-4,13,14,384.42013129102844,55.71115973741794,69.67177242888403,1.487964989059081,0.632,3806.065560051593,0.2,11955.170471390195,4587.443068973715,0.2,13788.732102698928,4212.37079665631,0.4,12903.557222719634,1233.6858980390887,0.8,3341.9087360369376,0.15384615384615385,0.5384615384615384,0.3076923076923077,MID,0.15384615384615385,0.3076923076923077,BOTSIDE,414.689,500.603,,685.485,2,3,0,5,20,18,8,0.125,0.75,3.75,6.875,135.504,TEAMFIGHT,7,0.2857142857142857,0.7142857142857143,3.142857142857143,6.714285714285714,15,0.2,0.7333333333333333,3.466666666666667,6.8,1,2,3,0,5,3,1,2,4,DRAGON,GRUBS_HERALD,TEAMFIGHT,TEAMFIGHT,STANDARD,NEUTRAL,FAST,SPLIT,YES,3,1,11,2,0,3,0
EUW1_7713091869,200,0,22.85,16.2.741.3171,420,126,41,4,14,0,0,1,0,0,0,0,0,1,0,0,8010,-444,-336,-2,-2187,-2197,-19,-3328,-2889,-24,-5944,-3788,-35,0,63,751.6849015317287,284.7702407002188,284.7702407002188,0.700218818380744,0.056,266,154,4,11,0,0,1,0,0,1,0,0,0,0,0,8010,-297,225,8,-568,-310,-6,-443,-615,-11,-839,-1894,-17,8,70,1,781.4442013129102,0.0,0.0,1.0503282275711159,0.5,7,3,4,14,0,0,1,0,0,0,0,0,1,0,0,8112,-39,306,4,1586,253,-2,2509,854,4,2392,-162,-7,9,75,715.886214442013,244.02625820568926,244.02625820568926,0.437636761487965,0.667,804,221,4,21,0,0,1,0,0,0,0,0,0,1,0,8008,-208,-112,-1,-2030,-399,-10,-2269,-229,-13,-3799,377,1,7,77,457.5929978118162,146.60831509846827,146.60831509846827,0.787746170678337,0.444,111,350,4,14,0,0,1,0,0,0,0,0,1,0,0,8439,441,-177,1,268,-1289,2,134,-132,5,-396,-2392,4,11,16,405.29540481400437,0.0,0.0,2.2757111597374178,0.778,4083.3186086712717,0.2,14067.659648996347,4842.335844230663,0.2,14020.831822684417,3644.085333015618,0.6,14133.45718499193,2824.2882957982356,0.4,8853.590514587853,0.23076923076923078,0.5384615384615384,0.23076923076923078,MID,0.23076923076923078,0.23076923076923078,NEUTRAL,,,,964.989,0,0,0,0,14,4,8,0.25,0.5,3.25,5.875,135.504,TEAMFIGHT,3,0.0,1.0,4.333333333333333,8.0,11,0.18181818181818182,0.6363636363636364,3.5454545454545454,6.454545454545454,0,1,2,0,0,2,0,0,2,NONE,NONE,TEAMFIGHT,TEAMFIGHT,STANDARD,NEUTRAL,MID,MIXED,NO,0,0,1,0,0,0,0
EUW1_7712012979,100,0,26.466666666666665,16.2.741.3171,420,904,114,4,14,0,0,1,0,0,0,0,0,1,0,0,8010,82,-292,-5,454,51,-10,461,120,-18,-676,-897,-21,6,49,632.2292191435769,176.6750629722922,176.6750629722922,0.6423173803526449,0.32,246,245,4,11,0,0,1,0,0,1,0,0,0,0,0,8369,551,146,0,-944,-614,-7,-923,-804,-13,262,672,-8,8,74,12,1336.5113350125946,137.98488664987406,1152.544080604534,1.057934508816121,0.76,420,38,3,4,0,1,1,0,0,0,0,0,0,0,0,8010,229,283,18,986,419,26,1133,180,19,1159,-38,14,4,109,1012.934508816121,149.24433249370279,149.24433249370279,0.7178841309823678,0.2,99,81,4,12,0,0,1,0,0,0,1,0,0,0,0,8369,86,167,-6,-94,-454,-13,-1447,-1503,-19,-1850,-2412,-24,2,80,529.1561712846348,268.4508816120907,268.4508816120907,0.8312342569269522,0.24,267,53,4,7,0,0,1,0,1,0,0,0,0,0,0,8214,84,-422,-3,-32,195,2,357,484,0,227,-265,-3,8,16,282.24181360201516,47.267002518891694,47.267002518891694,3.1360201511335015,0.56,5574.326984162514,0.0,14481.177887174787,4473.331883317806,0.2,13928.630729544093,6190.817765993722,0.0,12862.986472821933,2879.2815776060943,0.6,9590.051928952209,0.15384615384615385,0.5384615384615384,0.3076923076923077,MID,0.15384615384615385,0.3076923076923077,BOTSIDE,450.263,555.504,925.37,910.292,1,3,0,4,14,9,11,0.45454545454545453,0.18181818181818182,2.272727272727273,4.0,112.977,SKIRMISH,8,0.125,0.75,2.875,6.5,19,0.3157894736842105,0.42105263157894735,2.526315789473684,5.052631578947368,0,2,2,0,1,2,0,1,0,DRAGON,GRUBS_HERALD,TEAMFIGHT,NONE,SPLIT_1_3_1,NEUTRAL,FAST,SPLIT,YES,1,0,4,0,1,3,0
EUW1_7712012979,200,1,26.466666666666665,16.2.741.3171,420,114,904,4,14,0,0,1,0,0,0,0,0,1,0,0,8005,-82,292,5,-454,-51,10,-461,-120,18,676,897,21,3,59,750.4534005037784,846.7254408060454,846.7254408060454,0.8690176322418136,0.171,245,246,4,11,0,0,1,0,0,1,0,0,0,0,0,8128,-551,-146,0,944,614,7,923,804,13,-262,-672,8,7,80,20,1007.2670025188918,488.50125944584386,1368.022670025189,0.8690176322418136,0.543,38,420,4,21,0,0,1,0,0,0,0,0,0,1,0,8360,-229,-283,-18,-986,-419,-26,-1133,-180,-19,-1159,38,-14,3,83,636.1209068010075,45.566750629722925,118.90428211586902,0.45340050377833757,0.371,81,99,4,21,0,0,1,0,0,0,0,0,0,1,0,8008,-86,-167,6,94,454,13,1447,1503,19,1850,2412,24,4,93,1666.889168765743,361.43576826196477,641.3727959697734,1.1335012594458438,0.571,53,267,4,14,0,0,1,0,0,0,0,0,1,0,0,8439,-84,422,3,32,-195,-2,-357,-484,0,-227,265,3,6,14,347.3803526448363,110.13853904282117,147.39294710327457,4.0050377833753155,0.371,5441.4231620090595,0.0,14208.083966531165,5540.460344094603,0.2,13174.920303364268,4128.62608800984,0.2,12855.61671021659,3770.784608194688,0.2,10987.528202466649,0.15384615384615385,0.46153846153846156,0.38461538461538464,NEUTRAL,0.15384615384615385,0.38461538461538464,BOTSIDE,769.332,,,1034.559,1,0,0,1,11,18,6,0.0,0.3333333333333333,3.3333333333333335,4.833333333333333,112.977,SKIRMISH,8,0.125,0.875,3.125,6.75,14,0.07142857142857142,0.6428571428571429,3.2142857142857144,5.928571428571429,0,3,0,0,3,1,0,2,1,DRAGON,DRAGONS,TEAMFIGHT,NONE,SPLIT_1_3_1,NEUTRAL,MID,SPLIT,NO,2,1,11,3,0,0,0
EUW1_7711494308,100,1,23.866666666666667,16.2.741.3171,420,92,126,4,14,0,0,1,0,0,0,0,0,1,0,0,8010,308,89,-5,754,942,-5,2031,1944,0,2362,1356,-6,7,75,749.245810055866,604.7346368715083,912.9050279329608,0.8798882681564245,0.389,107,9,4,11,0,0,1,0,0,1,0,0,0,0,0,8010,59,260,4,279,279,-3,1923,2249,28,4153,4666,63,7,84,23,1045.768156424581,139.77653631284915,2063.04469273743,1.8016759776536313,0.417,96,777,4,6,0,0,1,1,0,0,0,0,0,0,0,8005,-85,-224,-4,559,440,3,1321,827,9,1804,1707,2,4,87,1255.558659217877,289.6927374301676,313.61731843575416,0.5865921787709497,0.389,81,51,4,21,0,0,1,0,0,0,0,0,0,1,0,8008,-830,13,-3,-1751,-458,-6,-3652,-2060,-41,-4165,-1352,-48,1,70,670.1396648044692,364.3994413407821,364.3994413407821,0.9636871508379888,0.25,50,44,3,4,0,1,1,0,0,0,0,0,0,0,0,8128,-201,-310,-2,-874,-621,-3,-1142,-1500,2,-389,-966,1,1,15,648.2262569832402,64.39944134078212,164.20391061452514,2.430167597765363,0.278,5481.779296823555,0.2,14967.912145653447,5031.338233965907,0.2,13369.257645808162,3197.7854172576403,0.4,11340.83563940506,4930.954585683404,0.2,13288.463041300149,0.38461538461538464,0.23076923076923078,0.38461538461538464,NEUTRAL,0.38461538461538464,0.38461538461538464,NEUTRAL,1007.168,506.101,1087.244,761.195,0,3,0,3,11,25,8,0.25,0.625,2.75,5.875,63.113,SKIRMISH,7,0.14285714285714285,0.8571428571428571,5.142857142857143,7.571428571428571,15,0.2,0.7333333333333333,3.8666666666666667,6.666666666666667,1,1,4,0,4,1,0,3,1,GRUBS,GRUBS_HERALD,TEAMFIGHT,NONE,STANDARD,TOP,FAST,SPLIT,YES,2,1,9,1,1,3,0
EUW1_7711494308,200,0,23.866666666666667,16.2.741.3171,420,126,92,4,14,0,0,1,0,0,0,0,0,1,0,0,8437,-308,-89,5,-754,-942,5,-2031,-1944,0,-2362,-1356,6,1,82,763.7849162011173,134.62290502793294,186.66201117318437,0.8798882681564245,0.348,9,107,4,11,0,0,1,0,0,1,0,0,0,0,0,8112,-59,-260,-4,-279,-279,3,-1923,-2249,-28,-4153,-4666,-63,5,79,0,454.77653631284915,97.87709497206704,553.072625698324,1.6340782122905027,0.435,777,96,4,12,0,0,1,0,0,0,1,0,0,0,0,8008,85,224,4,-559,-440,-3,-1321,-827,-9,-1804,-1707,-2,0,84,375.50279329608935,73.49162011173185,73.49162011173185,0.41899441340782123,0.174,51,81,4,21,0,0,1,0,0,0,0,0,0,1,0,8021,830,-13,3,1751,458,6,3652,2060,41,4165,1352,48,12,76,1095.4608938547485,278.7150837988827,300.6703910614525,0.5027932960893855,0.739,44,50,4,7,0,0,1,0,1,0,0,0,0,0,0,8351,201,310,2,874,621,3,1142,1500,-2,389,966,-1,14,18,220.7262569832402,54.46927374301676,54.46927374301676,2.2206703910614523,0.783,5103.322505823594,0.0,15083.058177969082,5973.879272761681,0.2,15293.721097234644,3524.6451775716196,0.6,12754.752094807645,2783.9562259801223,0.4,6789.265055954142,0.3076923076923077,0.5384615384615384,0.15384615384615385,MID,0.3076923076923077,0.15384615384615385,TOPSIDE,361.417,,,766.907,2,0,0,2,12,11,7,0.14285714285714285,0.7142857142857143,3.0,6.571428571428571,63.113,SKIRMISH,6,0.0,1.0,5.833333333333333,8.5,13,0.07692307692307693,0.8461538461538461,4.3076923076923075,7.461538461538462,0,0,0,0,1,2,1,0,2,DRAGON,DRAGONS,TEAMFIGHT,NONE,STANDARD,NEUTRAL,FAST,MIXED,YES,2,0,2,0,0,0,0
EUW1_7711436626,100,1,34.13333333333333,16.2.741.3171,420,2,63,4,6,0,0,1,1,0,0,0,0,0,0,0,8010,-323,-74,-3,103,-15,4,840,1278,11,3141,2728,34,2,79,835.13671875,480.498046875,498.57421875,0.8203125,0.4,246,421,4,11,0,0,1,0,0,1,0,0,0,0,0,8369,104,513,20,-222,-542,6,-1544,-547,20,-57,1089,49,7,66,28,1432.265625,88.505859375,1773.8671875,2.138671875,0.622,110,39,4,21,0,0,1,0,0,0,0,0,0,1,0,8005,362,210,5,262,232,-7,179,737,-22,-135,900,-22,6,76,1050.5859375,314.12109375,515.185546875,0.5859375,0.444,81,115,4,21,0,0,1,0,0,0,0,0,0,1,0,8008,-47,-488,1,148,-326,9,69,-315,7,-342,-640,-13,3,96,830.625,241.40625,883.76953125,0.76171875,0.333,161,111,4,7,0,0,1,0,1,0,0,0,0,0,0,8229,1,136,3,532,109,2,639,-85,5,1166,1873,8,5,13,873.3984375,18.57421875,113.291015625,3.1640625,0.556,4979.962127446336,0.2,14957.646071491328,4954.793491978016,0.2,14341.974201622314,4995.273681634304,0.0,13914.40958143751,2690.4968403743665,0.6,10317.74011109022,0.23076923076923078,0.46153846153846156,0.3076923076923077,MID,0.23076923076923078,0.3076923076923077,NEUTRAL,742.801,539.627,1004.17,828.423,1,3,0,4,14,15,8,0.5,0.375,2.5,4.625,118.47,PICK,8,0.5,0.5,3.625,5.875,16,0.5,0.4375,3.0625,5.25,0,1,2,1,1,4,0,2,1,GRUBS,GRUBS_HERALD,MIXED,PICK,SPLIT_1_3_1,MID,FAST,SPLIT,YES,4,1,8,1,1,3,0
EUW1_7711436626,200,0,34.13333333333333,16.2.741.3171,420,63,2,4,12,0,0,1,0,0,0,1,0,0,0,0,8229,323,74,3,-103,15,-4,-840,-1278,-11,-3141,-2728,-34,2,75,620.44921875,35.5078125,35.5078125,0.9375,0.179,421,246,4,11,0,0,1,0,0,1,0,0,0,0,0,8010,-104,-513,-20,222,542,-6,1544,547,-20,57,-1089,-49,10,59,12,925.37109375,93.544921875,542.87109375,1.318359375,0.857,39,110,4,12,0,0,1,0,0,0,1,0,0,0,0,8010,-362,-210,-5,-262,-232,7,-179,-737,22,135,-900,22,2,83,688.681640625,432.94921875,615.05859375,0.908203125,0.357,115,81,4,12,0,0,1,0,0,0,1,0,0,0,0,8229,47,488,-1,-148,326,-9,-69,315,-7,342,640,13,2,87,1182.71484375,145.576171875,265.283203125,0.673828125,0.5,111,161,4,7,0,0,1,0,1,0,0,0,0,0,0,8439,-1,-136,-3,-532,-109,-2,-639,85,-5,-1166,-1873,-8,4,11,248.49609375,0.0,25.83984375,3.544921875,0.393,5505.610150358648,0.0,14108.8624630053,5132.7170247472,0.2,14601.418355762566,4080.833978105688,0.4,14417.273008443726,2493.4323584650965,0.6,8184.317320338942,0.3076923076923077,0.38461538461538464,0.3076923076923077,NEUTRAL,0.3076923076923077,0.3076923076923077,NEUTRAL,383.466,,,839.378,1,0,0,1,9,16,7,0.42857142857142855,0.42857142857142855,2.7142857142857144,4.714285714285714,190.198,PICK,5,0.0,0.8,5.4,8.0,12,0.25,0.5833333333333334,3.8333333333333335,6.083333333333333,1,0,4,0,1,1,0,1,2,DRAGON,DRAGONS,TEAMFIGHT,PICK,STANDARD,TOP,MID,SPLIT,YES,1,1,4,0,0,0,0
EUW1_7737987147,100,1,28.133333333333333,16.3.745.7600,420,14,36,4,12,0,0,1,0,0,0,1,0,0,0,0,8437,696,514,11,1917,1876,36,1505,1268,27,3321,2451,36,5,95,1263.6611374407582,481.3507109004739,679.2298578199052,0.9241706161137441,0.486,107,121,4,11,0,0,1,0,0,1,0,0,0,0,0,8010,-420,-207,-5,-397,-204,-4,-272,11,3,703,1645,28,7,76,23,1156.4218009478673,228.55450236966826,1853.1042654028436,1.4928909952606635,0.657,42,245,4,12,0,0,1,0,0,0,1,0,0,0,0,8010,239,322,20,646,672,28,322,185,24,-699,-992,4,3,100,742.1090047393365,455.33175355450237,616.1374407582939,0.533175355450237,0.314,30,81,3,4,0,1,1,0,0,0,0,0,0,0,0,8128,-155,105,-3,-705,136,4,-534,376,9,-1080,597,15,2,80,834.3127962085308,158.70853080568722,380.97156398104266,0.533175355450237,0.343,518,40,4,7,0,0,1,0,1,0,0,0,0,0,0,8229,-75,-373,-4,-29,-458,-5,892,-24,-5,1364,-567,-1,5,8,634.1943127962086,159.9170616113744,281.83649289099526,3.056872037914692,0.543,5516.804949143064,0.2,14937.859819934047,5089.649755075254,0.2,14138.850483685015,3816.9070466814374,0.2,11166.749571831546,1137.9798607226662,1.0,3439.9077022501638,0.15384615384615385,0.38461538461538464,0.46153846153846156,NEUTRAL,0.15384615384615385,0.46153846153846156,BOTSIDE,896.797,526.569,977.427,872.098,0,3,0,3,13,16,9,0.3333333333333333,0.6666666666666666,2.4444444444444446,4.888888888888889,227.317,TEAMFIGHT,6,0.0,0.8333333333333334,3.5,7.5,15,0.2,0.7333333333333333,2.8666666666666667,5.933333333333334,0,1,2,0,2,1,0,3,1,GRUBS,GRUBS_HERALD,TEAMFIGHT,TEAMFIGHT,SPLIT_1_3_1,NEUTRAL,FAST,SPLIT,YES,3,1,10,2,1,3,0
EUW1_7737987147,200,0,28.133333333333333,16.3.745.7600,420,36,14,4,12,0,0,1,0,0,0,1,0,0,0,0,8437,-696,-514,-11,-1917,-1876,-36,-1505,-1268,-27,-3321,-2451,-36,1,61,944.218009478673,472.07345971563984,472.07345971563984,0.7819905213270142,0.188,121,107,4,11,0,0,1,0,0,1,0,0,0,0,0,8369,420,207,5,397,204,4,272,-11,-3,-703,-1645,-28,7,80,8,631.457345971564,0.0,210.0,1.1374407582938388,0.625,245,42,4,12,0,0,1,0,0,0,1,0,0,0,0,9923,-239,-322,-20,-646,-672,-28,-322,-185,-24,699,992,-4,4,72,399.4905213270142,62.736966824644554,89.64454976303318,0.6753554502369669,0.438,81,30,4,21,0,0,1,0,0,0,0,0,0,1,0,8008,155,-105,3,705,-136,-4,534,-376,-9,1080,-597,-15,4,76,951.2203791469194,230.79383886255926,277.00236966824644,0.2843601895734597,0.562,40,518,4,7,0,0,1,0,1,0,0,0,0,0,0,8214,75,373,4,29,458,5,-892,24,5,-1364,567,1,2,13,170.6872037914692,68.17535545023696,70.09478672985782,2.5592417061611377,0.438,5913.369248039538,0.0,14050.201457630421,4466.4100334019295,0.2,13828.666927798933,3600.4163369169473,0.0,10085.314323311894,4133.602394792203,0.4,13323.39611360407,0.15384615384615385,0.46153846153846156,0.38461538461538464,NEUTRAL,0.15384615384615385,0.38461538461538464,BOTSIDE,520.19,,,929.344,1,0,0,1,9,5,6,0.0,1.0,3.1666666666666665,6.0,227.317,TEAMFIGHT,3,0.0,1.0,4.0,8.0,9,0.0,1.0,3.4444444444444446,6.666666666666667,0,2,2,0,1,1,0,0,2,DRAGON,DRAGONS,TEAMFIGHT,TEAMFIGHT,SPLIT_1_3_1,NEUTRAL,MID,SPLIT,NO,1,0,3,0,0,0,0
EUW1_7737942773,100,1,19.033333333333335,16.3.745.7600,420,98,86,4,14,0,0,1,0,0,0,0,0,1,0,0,8437,831,390,3,1394,1246,19,1726,1829,11,2483,2530,4,8,78,727.092819614711,389.94746059544656,389.94746059544656,0.945709281961471,0.414,28,121,4,11,0,0,1,0,0,1,0,0,0,0,0,8369,231,491,8,751,1230,24,-91,794,24,-120,1421,39,4,79,25,337.9859894921191,74.6584938704028,1895.8844133099824,0.7355516637478108,0.138,8,103,4,6,0,0,1,1,0,0,0,0,0,0,0,8010,162,186,9,-633,488,17,-1718,430,30,-1302,951,47,0,89,330.893169877408,154.2556917688266,154.2556917688266,0.42031523642732044,0.0,360,67,4,21,0,0,1,0,0,0,0,0,0,1,0,8010,1205,793,27,3411,1513,69,4616,958,85,9208,2392,104,12,95,1509.8248686514885,588.9667250437827,588.9667250437827,0.7355516637478108,0.69,111,40,4,14,0,0,1,0,0,0,0,0,1,0,0,8439,-125,-44,-7,1092,1077,-3,385,418,-3,1880,2156,-3,14,15,454.20315236427314,110.91068301225918,110.91068301225918,2.1015761821366024,0.759,3626.387531731741,0.4,13932.036355106171,4460.840617066069,0.2,13137.198026976681,5157.917834834722,0.0,14240.355086864934,6157.972364070301,0.0,14514.666031294004,0.3076923076923077,0.5384615384615384,0.15384615384615385,MID,0.3076923076923077,0.15384615384615385,TOPSIDE,641.709,512.611,1017.609,592.172,1,3,0,4,20,9,11,0.36363636363636365,0.45454545454545453,2.8181818181818183,4.7272727272727275,56.075,PICK,4,0.5,0.5,2.5,4.75,15,0.4,0.4666666666666667,2.7333333333333334,4.733333333333333,0,2,1,0,2,3,1,1,4,GRUBS,GRUBS_HERALD,MIXED,PICK,SPLIT_1_3_1,NEUTRAL,FAST,SPLIT,YES,2,0,6,0,1,3,0
EUW1_7737942773,200,0,19.033333333333335,16.3.745.7600,420,86,98,4,14,0,0,1,0,0,0,0,0,1,0,0,8010,-831,-390,-3,-1394,-1246,-19,-1726,-1829,-11,-2483,-2530,-4,0,59,380.01751313485113,212.67950963222415,212.67950963222415,1.0507880910683012,0.0,121,28,4,11,0,0,1,0,0,1,0,0,0,0,0,8369,-231,-491,-8,-751,-1230,-24,91,-794,-24,120,-1421,-39,6,54,10,441.2259194395796,0.0,0.0,0.8406304728546409,0.571,103,8,4,14,0,0,1,0,0,0,0,0,1,0,0,8112,-162,-186,-9,633,-488,-17,1718,-430,-30,1302,-951,-47,7,72,962.0490367775831,119.42206654991243,119.42206654991243,0.6304728546409807,0.643,67,360,4,21,0,0,1,0,0,0,0,0,0,1,0,8005,-1205,-793,-27,-3411,-1513,-69,-4616,-958,-85,-9208,-2392,-104,6,26,198.861646234676,0.0,0.0,0.3677758318739054,0.429,40,111,4,7,0,0,1,0,1,0,0,0,0,0,0,8214,125,44,7,-1092,-1077,3,-385,-418,3,-1880,-2156,3,8,18,199.33450087565672,0.0,0.0,2.1541155866900175,0.571,4392.554882183268,0.0,11627.065407917855,4585.132901055532,0.2,14091.334393874838,4959.0715162080905,0.2,12533.37919317851,1806.403201888486,0.6,5920.163511255411,0.23076923076923078,0.5384615384615384,0.23076923076923078,MID,0.23076923076923078,0.23076923076923078,NEUTRAL,,,,,0,0,0,0,12,2,6,0.16666666666666666,0.6666666666666666,3.5,5.0,130.638,TEAMFIGHT,2,0.5,0.5,3.0,4.5,8,0.25,0.625,3.375,4.875,0,0,2,0,0,1,0,0,0,NONE,NONE,TEAMFIGHT,TEAMFIGHT,STANDARD,NEUTRAL,MID,SPLIT,NO,0,0,0,0,0,0,0
EUW1_7737904472,100,0,15.183333333333334,16.3.745.7600,420,2,4,4,6,0,0,1,1,0,0,0,0,0,0,0,8010,-1458,-547,-11,-3065,-1939,-27,-4385,-2611,-42,-4392,-2611,-42,0,67,236.1800219538968,57.03622392974753,57.03622392974753,0.4610318331503842,0.0,950,126,4,11,0,0,1,0,0,1,0,0,0,0,0,8010,-354,-169,-4,-896,-931,-17,-2440,-3420,-62,-1736,-3370,-66,3,62,7,521.0318331503842,0.0,809.9012074643249,0.5927552140504939,0.667,61,136,4,6,0,0,1,1,0,0,0,0,0,0,0,8229,-660,-412,-6,-1705,-1438,-5,-2301,-2712,-23,-2421,-2712,-23,3,69,486.5861690450055,47.74972557628979,47.74972557628979,0.5268935236004391,0.5,67,21,4,21,0,0,1,0,0,0,0,0,0,1,0,8005,142,-423,-12,-1199,-714,-13,-3724,-1680,-26,-3745,-1502,-27,2,73,458.3315038419319,0.0,0.0,0.19758507135016465,0.333,16,80,4,7,0,0,1,0,1,0,0,0,0,0,0,8214,161,-20,4,-1096,-1382,-3,-2868,-1850,1,-2867,-2002,1,2,12,196.53128430296377,0.0,0.0,1.0537870472008781,0.333,5583.529633174649,0.2,15147.99079086068,5042.65766202998,0.0,12667.262056182464,2091.464381278013,0.6,6081.990463655793,2540.854255000157,0.4,6976.46400406395,0.3076923076923077,0.38461538461538464,0.3076923076923077,NEUTRAL,0.3076923076923077,0.3076923076923077,NEUTRAL,401.223,495.285,,,1,1,0,2,5,1,5,0.4,0.4,2.6,4.8,163.842,PICK,1,0.0,1.0,5.0,7.0,6,0.3333333333333333,0.5,3.0,5.166666666666667,0,0,1,0,0,1,0,0,0,DRAGON,MIXED,MIXED,PICK,STANDARD,NEUTRAL,MID,MIXED,YES,1,0,0,0,0,1,0
EUW1_7737904472,200,1,15.183333333333334,16.3.745.7600,420,4,2,4,21,0,0,1,0,0,0,0,0,0,1,0,8008,1458,547,11,3065,1939,27,4385,2611,42,4392,2611,42,10,94,575.0384193194292,430.99890230515916,522.0856201975851,0.5927552140504939,0.333,126,950,4,11,0,0,1,0,0,1,0,0,0,0,0,8369,354,169,4,896,931,17,2440,3420,62,1736,3370,66,9,80,15,355.4555433589462,14.02854006586169,480.92206366630074,1.119648737650933,0.3,136,61,4,12,0,0,1,0,0,0,1,0,0,0,0,8229,660,412,6,1705,1438,5,2301,2712,23,2421,2712,23,13,74,842.2392974753019,172.5576289791438,172.5576289791438,0.5927552140504939,0.433,21,67,4,12,0,0,1,0,0,0,1,0,0,0,0,8369,-142,423,12,1199,714,13,3724,1680,26,3745,1502,27,11,86,806.8057080131723,758.5290889132821,758.5290889132821,0.32930845225027444,0.367,80,16,4,14,0,0,1,0,0,0,0,0,1,0,0,8005,-161,20,-4,1096,1382,3,2868,1850,-1,2867,2002,-1,12,15,806.7398463227223,206.60812294182216,206.60812294182216,0.3951701427003293,0.4,4597.249379304769,0.4,14280.69417080276,5120.378474365674,0.4,13587.254321605968,3826.818260336451,0.0,10302.977045495152,2318.2145242325105,0.6,7108.406853859731,0.3076923076923077,0.38461538461538464,0.3076923076923077,NEUTRAL,0.3076923076923077,0.3076923076923077,NEUTRAL,726.077,506.174,,677.317,1,2,0,3,26,4,13,0.46153846153846156,0.38461538461538464,2.230769230769231,4.923076923076923,194.87,TEAMFIGHT,1,0.0,1.0,5.0,7.0,14,0.42857142857142855,0.42857142857142855,2.4285714285714284,5.071428571428571,1,0,3,1,1,5,1,0,3,GRUBS,GRUBS_HERALD,MIXED,TEAMFIGHT,STANDARD,MID,FAST,SPLIT,YES,1,0,4,0,0,2,0
EUW1_7737854731,100,1,20.033333333333335,16.3.745.7600,420,141,893,4,14,0,0,1,0,0,0,0,0,1,0,0,8010,818,-28,3,156,-517,3,198,-859,-1,462,1018,-1,3,81,593.6106489184692,155.2412645590682,155.2412645590682,0.5490848585690515,0.241,59,62,4,11,0,0,1,0,0,1,0,0,0,0,0,8010,396,256,0,728,507,-5,2383,1959,6,4024,3645,24,13,66,7,870.8985024958401,343.07820299500827,2012.4459234608983,0.5990016638935107,0.621,268,157,4,12,0,0,1,0,0,0,1,0,0,0,0,8008,-530,-570,-6,647,47,5,476,-243,10,2056,1548,-1,7,81,888.4692179700498,341.03161397670544,522.3793677204659,0.4991680532445923,0.414,18,110,4,21,0,0,1,0,0,0,0,0,0,1,0,8008,719,686,14,1713,920,26,3705,1679,38,3228,1897,50,6,86,561.4143094841929,382.56239600665555,398.33610648918466,0.7487520798668884,0.241,111,267,4,7,0,0,1,0,1,0,0,0,0,0,0,8439,208,-464,-3,336,-584,-5,812,-61,-5,676,-142,-2,9,6,251.9800332778702,0.0,74.02662229617304,2.545757071547421,0.345,4293.619813801476,0.4,15338.618973036655,5723.369071686326,0.2,14303.001258477188,4264.351566754043,0.2,11601.19515394858,3829.1455480835175,0.2,11296.065863830647,0.23076923076923078,0.6153846153846154,0.15384615384615385,MID,0.23076923076923078,0.15384615384615385,NEUTRAL,534.02,583.062,962.753,769.738,1,3,0,4,15,14,9,0.4444444444444444,0.3333333333333333,2.2222222222222223,4.888888888888889,105.98,PICK,4,0.0,1.0,4.0,7.5,13,0.3076923076923077,0.5384615384615384,2.769230769230769,5.6923076923076925,0,1,2,1,1,4,1,1,4,DRAGON,GRUBS_HERALD,TEAMFIGHT,PICK,SPLIT_1_3_1,NEUTRAL,FAST,SPLIT,YES,2,0,5,0,1,3,0
EUW1_7737854731,200,0,20.033333333333335,16.3.745.7600,420,893,141,4,14,0,0,1,0,0,0,0,0,1,0,0,8112,-818,28,-3,-156,517,-3,-198,859,1,-462,-1018,1,2,78,754.3926788685524,110.36605657237936,110.36605657237936,0.64891846921797,0.364,62,59,4,11,0,0,1,0,0,1,0,0,0,0,0,8010,-396,-256,0,-728,-507,5,-2383,-1959,-6,-4024,-3645,-24,3,71,5,453.3943427620632,0.0,80.41597337770382,0.7986688851913477,0.545,157,268,4,14,0,0,1,0,0,0,0,0,1,0,0,8008,530,570,6,-647,-47,-5,-476,243,-10,-2056,-1548,1,4,76,537.7537437603993,252.07986688851912,252.07986688851912,0.5490848585690515,0.364,110,18,4,21,0,0,1,0,0,0,0,0,0,1,0,8229,-719,-686,-14,-1713,-920,-26,-3705,-1679,-38,-3228,-1897,-50,3,60,509.4509151414309,89.25124792013311,89.25124792013311,0.9484193011647254,0.455,267,111,3,4,0,1,1,0,0,0,0,0,0,0,0,8214,-208,464,3,-336,584,5,-812,61,5,-676,142,2,3,11,334.2928452579035,44.87520798668885,44.87520798668885,1.8469217970049916,0.545,5176.708202095096,0.0,13584.528000633662,4444.728999482953,0.2,12433.8004648619,3619.6093775461136,0.2,11016.000771604911,5011.057430167735,0.0,12068.271002923326,0.3076923076923077,0.38461538461538464,0.3076923076923077,NEUTRAL,0.3076923076923077,0.3076923076923077,NEUTRAL,,,,1069.337,0,0,0,0,7,4,6,0.3333333333333333,0.5,2.6666666666666665,5.333333333333333,132.813,PICK,3,0.0,1.0,3.6666666666666665,7.0,9,0.2222222222222222,0.6666666666666666,3.0,5.888888888888889,0,1,0,0,0,1,0,0,1,NONE,NONE,TEAMFIGHT,PICK,SPLIT_1_3_1,NEUTRAL,SLOW,SPLIT,NO,0,0,1,0,0,0,0
EUW1_7737769074,100,1,39.55,16.3.745.7600,420,67,58,4,6,0,0,1,1,0,0,0,0,0,0,0,8008,-215,-629,-11,-1592,-2260,-42,-2010,-3086,-50,-2295,-2577,-60,4,48,1483.9949431099874,425.0063211125158,1135.5246523388116,0.9102402022756005,0.532,63,72,4,11,0,0,1,0,0,1,0,0,0,0,0,8010,-651,-11,-1,-1033,-187,-4,-1509,-881,-23,-876,664,-11,9,59,25,1079.2414664981038,130.74589127686474,911.1504424778761,0.7079646017699116,0.645,246,27,4,14,0,0,1,0,0,0,0,0,1,0,0,8010,293,-127,-10,-125,-167,-2,-683,-583,5,700,352,6,10,62,1206.5486725663718,223.96965865992416,320.05056890012645,1.0872313527180784,0.613,136,110,4,21,0,0,1,0,0,0,0,0,0,1,0,8229,-404,-182,-16,-771,-524,-27,-1102,-816,-37,710,756,-35,4,63,1662.8065739570166,138.93805309734515,796.3590391908976,0.32869785082174463,0.742,432,111,4,14,0,0,1,0,0,0,0,0,1,0,0,8112,314,-92,0,732,134,0,572,578,4,827,2185,2,9,7,551.73198482933,76.63716814159292,111.93426042983566,3.767383059418458,0.79,3898.9512879885006,0.4,11775.629409929645,3812.68617541821,0.0,10943.64057341066,4264.139150680128,0.2,11529.746267806591,812.6559157478032,1.0,2017.8587661181841,0.23076923076923078,0.5384615384615384,0.23076923076923078,MID,0.23076923076923078,0.23076923076923078,NEUTRAL,991.695,,1142.043,1234.708,0,0,0,0,13,21,6,0.16666666666666666,0.8333333333333334,4.5,7.5,137.129,TEAMFIGHT,7,0.42857142857142855,0.5714285714285714,4.142857142857143,7.0,13,0.3076923076923077,0.6923076923076923,4.3076923076923075,7.230769230769231,0,1,0,0,0,1,0,1,0,NONE,NONE,TEAMFIGHT,TEAMFIGHT,SPLIT_1_3_1,NEUTRAL,MID,SPLIT,NO,2,3,8,1,1,0,0
EUW1_7737769074,200,0,39.55,16.3.745.7600,420,58,67,3,4,0,1,1,0,0,0,0,0,0,0,0,8005,215,629,11,1592,2260,42,2010,3086,50,2295,2577,60,5,90,973.3754740834388,267.38305941845766,297.7496839443742,0.8091024020227561,0.524,72,63,4,11,0,0,1,0,0,1,0,0,0,0,0,8437,651,11,1,1033,187,4,1509,881,23,876,-664,11,10,66,37,914.0581542351455,57.47155499367889,797.3451327433629,1.1630847029077118,0.69,27,246,4,6,0,0,1,1,0,0,0,0,0,0,0,8010,-293,127,10,125,167,2,683,583,-5,-700,-352,-6,13,64,1059.6965865992415,39.26675094816688,98.93805309734513,0.6321112515802781,0.667,110,136,4,21,0,0,1,0,0,0,0,0,0,1,0,8229,404,182,16,771,524,27,1102,816,37,-710,-756,35,3,90,1133.0973451327434,245.46144121365361,366.64981036662454,0.5562579013906448,0.452,111,432,4,14,0,0,1,0,0,0,0,0,1,0,0,8351,-314,92,0,-732,-134,0,-572,-578,-4,-827,-2185,-2,7,7,448.01517067003795,0.0,18.558786346396968,3.211125158027813,0.667,3055.363361661048,0.6,9792.090328423243,5144.473972968769,0.2,12018.948581302775,4672.361330504209,0.2,12596.397778730237,915.9522247250745,1.0,2707.1597662494914,0.23076923076923078,0.5384615384615384,0.23076923076923078,MID,0.23076923076923078,0.23076923076923078,NEUTRAL,658.037,505.546,,880.687,1,3,0,4,18,12,9,0.3333333333333333,0.6666666666666666,3.4444444444444446,6.0,42.315,PICK,4,0.0,1.0,6.0,9.5,13,0.23076923076923078,0.7692307692307693,4.230769230769231,7.076923076923077,0,1,3,0,1,0,0,1,2,GRUBS,GRUBS_HERALD,TEAMFIGHT,PICK,SPLIT_1_3_1,NEUTRAL,FAST,SPLIT,YES,3,0,5,0,0,3,0
EUW1_7737410809,100,0,23.333333333333332,16.3.745.7600,420,875,110,4,6,0,0,1,1,0,0,0,0,0,0,0,8010,-980,-906,-25,-553,-104,-34,-2176,-2386,-59,-2991,-2664,-38,2,48,549.8571428571429,245.35714285714286,245.35714285714286,0.5142857142857143,0.286,131,36,4,11,0,0,1,0,0,1,0,0,0,0,0,8010,-44,-40,-4,769,-229,-16,591,-1088,-22,281,-1199,-21,8,67,8,1099.6285714285714,0.0,97.80000000000001,0.5571428571428572,0.81,901,3,4,12,0,0,1,0,0,0,1,0,0,0,0,8021,313,183,13,891,572,26,2085,2179,51,2613,2650,84,4,106,1181.2285714285715,401.52857142857147,445.4142857142857,0.5571428571428572,0.19,804,202,1,4,1,0,1,0,0,0,0,0,0,0,0,8008,-637,-406,-9,20,190,0,-1318,-367,-10,-2322,-377,-10,5,74,968.8285714285714,56.31428571428572,62.52857142857143,0.9857142857142858,0.524,117,267,4,7,0,0,1,0,1,0,0,0,0,0,0,8214,-30,292,15,-208,493,19,-62,196,23,-767,-857,22,7,26,301.24285714285713,0.0,2.9142857142857146,2.5714285714285716,0.714,4066.382055809124,0.2,11777.274769657028,4726.687709863278,0.2,14447.251503313702,4533.998247324047,0.0,14636.018755112334,3003.2409741459483,0.6,10986.336605074504,0.23076923076923078,0.23076923076923078,0.5384615384615384,BOT,0.23076923076923078,0.5384615384615384,BOTSIDE,,,,855.874,0,0,0,0,11,10,7,0.14285714285714285,0.5714285714285714,2.5714285714285716,5.142857142857143,319.855,TEAMFIGHT,5,0.0,1.0,6.0,9.2,12,0.08333333333333333,0.75,4.0,6.833333333333333,0,1,2,0,1,1,0,1,0,NONE,NONE,TEAMFIGHT,TEAMFIGHT,SPLIT_1_3_1,NEUTRAL,MID,SPLIT,NO,0,0,3,0,0,0,0
EUW1_7737410809,200,1,23.333333333333332,16.3.745.7600,420,110,875,4,6,0,0,1,1,0,0,0,0,0,0,0,8005,980,906,25,553,104,34,2176,2386,59,2991,2664,38,5,82,1039.2428571428572,609.6428571428572,980.1,1.1571428571428573,0.412,36,131,4,11,0,0,1,0,0,1,0,0,0,0,0,8021,44,40,4,-769,229,16,-591,1088,22,-281,1199,21,6,82,23,1266.5142857142857,180.77142857142857,2000.957142857143,0.6428571428571429,0.676,3,901,4,12,0,0,1,0,0,0,1,0,0,0,0,8112,-313,-183,-13,-891,-572,-26,-2085,-2179,-51,-2613,-2650,-84,2,80,507.12857142857143,158.35714285714286,257.22857142857146,0.5142857142857143,0.471,202,804,4,21,0,0,1,0,0,0,0,0,0,1,0,8021,637,406,9,-20,-190,0,1318,367,10,2322,377,10,6,74,895.8857142857144,580.9285714285714,737.4857142857144,0.8142857142857143,0.529,267,117,4,7,0,0,1,0,1,0,0,0,0,0,0,8214,30,-292,-15,208,-493,-19,62,-196,-23,767,857,-22,7,7,510.42857142857144,62.228571428571435,74.10000000000001,3.4714285714285715,0.676,4328.394141205246,0.2,13748.413326635187,6183.988673054368,0.2,14538.306985340487,4817.925490911399,0.0,14326.031027468842,3330.0273332617135,0.4,12384.576092866482,0.23076923076923078,0.38461538461538464,0.38461538461538464,NEUTRAL,0.23076923076923078,0.38461538461538464,BOTSIDE,382.168,515.579,954.464,940.002,2,3,0,5,11,23,10,0.4,0.4,2.1,4.3,59.466,PICK,7,0.0,1.0,4.714285714285714,8.428571428571429,17,0.23529411764705882,0.6470588235294118,3.176470588235294,6.0,0,1,2,0,5,0,0,2,3,DRAGON,GRUBS_HERALD,TEAMFIGHT,PICK,STANDARD,NEUTRAL,FAST,SPLIT,YES,3,1,8,1,1,3,0
EUW1_7737360401,100,0,32.78333333333333,16.3.745.7600,420,517,24,4,14,0,0,1,0,0,0,0,0,1,0,0,8010,-10,328,8,-129,213,15,303,1160,29,-638,-1383,9,2,78,1041.0167768174886,114.96695475343162,114.96695475343162,0.7015760040671073,0.52,904,20,4,11,0,0,1,0,0,1,0,0,0,0,0,8010,-1200,-247,-2,-1516,-1433,-13,-1333,-1573,-28,-1637,-2695,-27,5,71,6,1228.3070665988816,0.0,675.0076258261312,1.2506354855109305,0.64,131,50,4,12,0,0,1,0,0,0,1,0,0,0,0,8230,-736,-432,-6,-1201,-954,-31,-428,65,-25,-628,-389,-32,4,54,698.5256736146416,132.41484494153534,181.43365531265889,1.0676156583629894,0.44,523,67,1,4,1,0,1,0,0,0,0,0,0,0,0,8005,-228,-86,-2,-168,-247,18,-267,-613,21,-236,-594,40,1,90,668.4189120488053,331.0523640061007,430.9811896288765,1.0981189628876462,0.32,235,111,4,7,0,0,1,0,1,0,0,0,0,0,0,8214,-440,-625,-3,-291,55,0,503,205,-2,406,-88,-3,4,11,386.2633451957296,151.8759532282664,165.8159633960346,2.5622775800711746,0.6,5178.221310405378,0.2,14029.6761544948,6393.237688454023,0.0,13569.853536424038,4565.082444386635,0.2,13125.251578541265,1012.6078315092684,1.0,2445.4582392672337,0.3076923076923077,0.38461538461538464,0.3076923076923077,NEUTRAL,0.3076923076923077,0.3076923076923077,NEUTRAL,426.985,501.599,,822.296,1,3,0,4,7,8,4,0.0,0.75,4.25,7.0,349.266,TEAMFIGHT,6,0.16666666666666666,0.8333333333333334,3.5,7.333333333333333,10,0.1,0.8,3.8,7.2,0,1,1,0,2,2,1,0,1,DRAGON,GRUBS_HERALD,TEAMFIGHT,TEAMFIGHT,STANDARD,NEUTRAL,MID,SPLIT,YES,2,0,4,0,0,3,0
EUW1_7737360401,200,1,32.78333333333333,16.3.745.7600,420,24,517,4,14,0,0,1,0,0,0,0,0,1,0,0,8008,10,-328,-8,129,-213,-15,-303,-1160,-29,638,1383,-9,3,63,982.9994916115913,351.9471276054906,351.9471276054906,0.8845958312150484,0.356,20,904,4,11,0,0,1,0,0,1,0,0,0,0,0,8230,1200,247,2,1516,1433,13,1333,1573,28,1637,2695,27,12,78,17,1013.4722928317235,81.93187595322827,1241.057447890188,0.7015760040671073,0.8,50,131,4,14,0,0,1,0,0,0,0,0,1,0,0,8214,736,432,6,1201,954,31,428,-65,25,628,389,32,6,85,933.6451448906965,296.1870869344179,367.5953228266396,0.3050330452465684,0.422,67,523,4,21,0,0,1,0,0,0,0,0,0,1,0,8005,228,86,2,168,247,-18,267,613,-21,236,594,-40,7,72,1460.5592272496187,288.95780376207426,870.045754956787,0.7015760040671073,0.6,111,235,4,7,0,0,1,0,1,0,0,0,0,0,0,8439,440,625,3,291,-55,0,-503,-205,2,-406,88,3,11,11,334.5907473309609,9.639044229791562,75.28215556685308,3.599389933909507,0.511,5421.8860107819955,0.2,14156.54060849613,4478.8638148441105,0.2,14727.172878729982,4395.428463634152,0.2,12893.314120116675,1414.3017503371407,0.8,3562.1748974467832,0.3076923076923077,0.23076923076923078,0.46153846153846156,BOT,0.3076923076923077,0.46153846153846156,BOTSIDE,765.224,,,850.274,1,0,0,1,17,18,8,0.375,0.5,3.0,5.625,174.595,PICK,9,0.1111111111111111,0.5555555555555556,2.888888888888889,6.444444444444445,17,0.23529411764705882,0.5294117647058824,2.9411764705882355,6.0588235294117645,0,1,1,0,1,1,0,1,1,DRAGON,DRAGONS,TEAMFIGHT,PICK,SPLIT_1_3_1,NEUTRAL,MID,SPLIT,NO,3,2,8,2,0,0,0
EUW1_7737326609,100,0,30.716666666666665,16.3.745.7600,420,266,14,4,12,0,0,1,0,0,0,1,0,0,0,0,8437,50,55,-2,93,268,3,-209,416,5,153,-434,-7,0,96,843.3206728160608,340.62940857297883,347.5963103635377,1.2696690179055887,0.286,904,91,4,11,0,0,1,0,0,1,0,0,0,0,0,8010,-364,-167,-2,-373,87,4,-1133,-1734,-16,-2011,-2168,-16,4,73,9,506.956049918611,42.48507867607162,1084.264785675529,0.7813347802495931,0.476,85,142,4,14,0,0,1,0,0,0,0,0,1,0,0,8112,98,-43,-1,335,317,-8,1643,2220,1,2801,3100,16,7,77,1135.5724362452524,153.43461747151383,272.5881714595768,0.5860010851871948,0.81,29,202,4,21,0,0,1,0,0,0,0,0,0,1,0,8005,-103,-262,-8,-816,-735,-16,-1555,-664,-25,-1819,-1060,-46,1,79,423.8090070537168,130.38524145415084,225.02441671188282,0.2930005425935974,0.286,37,89,4,7,0,0,1,0,1,0,0,0,0,0,0,8214,-14,-190,-1,147,0,-3,62,128,2,-608,-747,5,3,12,253.60824742268042,9.669017905588715,53.65165491047206,2.8323385784047748,0.333,4266.238751142773,0.0,11087.409526124666,4700.902503532938,0.2,14062.20000568901,4118.516786685679,0.2,12743.650379698904,3779.9185195597784,0.4,14379.531703084074,0.15384615384615385,0.5384615384615384,0.3076923076923077,MID,0.15384615384615385,0.3076923076923077,BOTSIDE,784.22,500.297,1002.006,853.607,1,2,0,3,7,8,6,0.5,0.16666666666666666,1.6666666666666667,3.6666666666666665,204.834,SKIRMISH,3,0.0,1.0,5.0,8.333333333333334,9,0.3333333333333333,0.4444444444444444,2.7777777777777777,5.222222222222222,0,1,0,0,1,1,0,0,0,GRUBS,GRUBS_HERALD,MIXED,NONE,STANDARD,NEUTRAL,MID,SPLIT,YES,1,0,4,0,1,2,0
EUW1_7737326609,200,1,30.716666666666665,16.3.745.7600,420,14,266,4,12,0,0,1,0,0,0,1,0,0,0,0,8437,-50,-55,2,-93,-268,-3,209,-416,-5,-153,434,7,0,93,788.529571351058,216.5599565925122,287.5963103635377,0.8464460119370592,0.484,91,904,11,14,0,0,0,0,0,1,0,0,1,0,0,8010,364,167,2,373,-87,-4,1133,1734,16,2011,2168,16,5,72,16,1202.0184481823114,92.62072707542052,1649.4302767227348,0.716223548562127,0.677,142,85,4,14,0,0,1,0,0,0,0,0,1,0,0,8112,-98,43,1,-335,-317,8,-1643,-2220,-1,-2801,-3100,-16,2,85,867.1513836136734,366.02278893109064,380.21703743895824,0.6185567010309279,0.387,202,29,4,21,0,0,1,0,0,0,0,0,0,1,0,8021,103,262,8,816,735,16,1555,664,25,1819,1060,46,3,95,744.5469343461748,322.10526315789474,646.2940857297884,1.0417797069994574,0.581,89,37,4,14,0,0,1,0,0,0,0,0,1,0,0,8439,14,190,1,-147,0,3,-62,-128,-2,608,747,-5,3,15,425.9576776994032,25.65382528486164,81.58437330439502,3.581117742810635,0.419,4783.331803000428,0.2,13206.197219487523,4971.377896814289,0.2,14309.537239198198,2486.921484483156,0.6,7859.052423797668,3482.1487209566562,0.6,13247.892587124943,0.3076923076923077,0.46153846153846156,0.23076923076923078,MID,0.3076923076923077,0.23076923076923078,NEUTRAL,424.878,491.011,,1011.459,1,1,0,2,6,11,6,0.5,0.16666666666666666,1.6666666666666667,3.8333333333333335,204.834,SKIRMISH,6,0.3333333333333333,0.5,3.1666666666666665,5.833333333333333,12,0.4166666666666667,0.3333333333333333,2.4166666666666665,4.833333333333333,0,1,0,0,2,2,0,1,1,DRAGON,MIXED,MIXED,NONE,STANDARD,NEUTRAL,MID,MIXED,YES,4,2,9,2,0,1,0
EUW1_7737285529,100,1,33.516666666666666,16.3.745.7600,420,68,110,4,14,0,0,1,0,0,0,0,0,1,0,0,8229,37,130,-13,522,642,-15,385,522,-23,183,60,-38,5,67,714.6892093485828,341.05420188960716,434.32123321730484,0.7757334659373446,0.4,36,91,4,11,0,0,1,0,0,1,0,0,0,0,0,8021,291,38,0,1601,1233,17,2069,1022,19,2639,1344,13,10,76,44,1481.1735454997513,139.87071108901046,996.1312779711586,1.7304823470909996,0.7,4,777,4,6,0,0,1,1,0,0,0,0,0,0,0,8229,263,-47,6,15,-137,-6,26,175,2,559,133,-3,3,83,520.397812033814,364.5052212829438,452.55096966683243,0.8652411735454998,0.35,67,115,4,21,0,0,1,0,0,0,0,0,0,1,0,8005,57,-230,-4,-579,-176,-22,-1935,-284,-18,451,211,-16,5,70,911.8448533068125,480.0298359025361,721.8199900546991,0.7757334659373446,0.5,497,267,4,7,0,0,1,0,1,0,0,0,0,0,0,8465,-10,167,1,-171,-807,-7,-785,-555,-3,-341,97,-2,5,7,238.7767279960219,21.302834410740925,43.41123818995525,3.162605668821482,0.525,4886.898933817858,0.0,14827.713107556405,4076.4070965901083,0.2,12692.806033340301,6022.001204771877,0.0,12967.666135430847,3735.5979486372767,0.2,11374.129680990982,0.3076923076923077,0.38461538461538464,0.3076923076923077,NEUTRAL,0.3076923076923077,0.3076923076923077,NEUTRAL,1394.847,603.474,,911.593,0,3,0,3,11,16,8,0.5,0.375,2.0,4.5,169.535,PICK,9,0.1111111111111111,0.7777777777777778,2.4444444444444446,6.222222222222222,17,0.29411764705882354,0.5882352941176471,2.235294117647059,5.411764705882353,0,1,2,0,2,2,0,1,3,GRUBS,GRUBS_HERALD,TEAMFIGHT,PICK,STANDARD,NEUTRAL,FAST,SPLIT,YES,2,0,9,1,0,3,0
EUW1_7737285529,200,0,33.516666666666666,16.3.745.7600,420,110,68,4,21,0,0,1,0,0,0,0,0,0,1,0,8005,-37,-130,13,-522,-642,15,-385,-522,23,-183,-60,38,1,82,1167.65788165092,157.74241670810542,157.74241670810542,0.8950770760815515,0.3,91,36,4,11,0,0,1,0,0,1,0,0,0,0,0,8112,-291,-38,0,-1601,-1233,-17,-2069,-1022,-19,-2639,-1344,-13,2,64,0,796.9169567379413,0.0,850.8602685231228,1.3426156141223273,0.4,777,4,4,14,0,0,1,0,0,0,0,0,1,0,0,8008,-263,47,-6,-15,137,6,-26,-175,-2,-559,-133,3,3,89,1347.7473893585282,130.2635504724018,360.8055693684734,0.7160616608652411,0.65,115,67,4,12,0,0,1,0,0,0,1,0,0,0,0,8369,-57,230,4,579,176,22,1935,284,18,-451,-211,16,4,92,1071.377424167081,227.76727996021881,279.5624067628046,0.5967180507210343,0.4,267,497,4,7,0,0,1,0,1,0,0,0,0,0,0,8214,10,-167,-1,171,807,7,785,555,3,341,-97,2,5,14,272.5211337642964,34.967677772252614,46.006961710591746,3.580308304326206,0.5,4918.364390433483,0.2,14462.886606760076,5447.361111955576,0.0,14690.980157906415,5484.759886354092,0.2,14316.50306464536,3556.3475580401255,0.6,12303.976918053771,0.38461538461538464,0.46153846153846156,0.15384615384615385,NEUTRAL,0.38461538461538464,0.15384615384615385,TOPSIDE,680.481,,1031.413,746.015,1,0,0,1,6,7,5,0.0,0.6,2.8,5.8,318.666,TEAMFIGHT,3,0.0,0.6666666666666666,3.3333333333333335,6.666666666666667,8,0.0,0.625,3.0,6.125,0,1,2,0,1,1,1,0,4,DRAGON,DRAGONS,TEAMFIGHT,TEAMFIGHT,STANDARD,BOT,SLOW,SPLIT,YES,2,1,3,0,1,0,0
EUW1_7737245122,100,1,29.716666666666665,16.3.745.7600,420,85,92,4,14,0,0,1,0,0,0,0,0,1,0,0,8214,674,501,22,1447,1122,40,2524,3359,73,2732,3104,64,4,101,740.2916432978127,368.31183398766126,416.13011777902415,0.8749298934380259,0.378,799,246,4,11,0,0,1,0,0,1,0,0,0,0,0,8010,-3,249,4,797,89,-8,171,-130,-17,2506,2693,13,9,72,32,967.8743690409423,0.0,1108.8053841839596,0.807627593942793,0.676,163,893,4,12,0,0,1,0,0,0,1,0,0,0,0,8230,109,263,8,-10,683,8,-54,164,6,-200,757,17,3,94,719.5625350532811,216.84800897363993,216.84800897363993,0.7403252944475603,0.27,67,81,4,21,0,0,1,0,0,0,0,0,0,1,0,8005,-377,-649,-2,-296,105,6,-1335,-533,-8,-745,-43,-13,5,75,785.619742007852,617.9697139652271,1108.5361749859787,0.538418395961862,0.432,267,497,4,7,0,0,1,0,1,0,0,0,0,0,0,8214,-31,153,9,574,347,6,798,42,10,1427,-663,9,9,20,276.7807066741447,94.79528883903534,126.79753224901852,4.139091418956815,0.703,5329.25012763375,0.0,13971.481882749587,4809.256007925639,0.4,14183.92417492423,5272.691464297808,0.2,15660.987612535806,5612.137724437143,0.0,13712.776888726807,0.15384615384615385,0.3076923076923077,0.5384615384615384,BOT,0.15384615384615385,0.5384615384615384,BOTSIDE,774.003,496.399,,893.824,1,2,0,3,15,17,10,0.2,0.4,2.3,4.9,171.62,TEAMFIGHT,6,0.16666666666666666,0.8333333333333334,3.6666666666666665,7.0,16,0.1875,0.5625,2.8125,5.6875,0,1,3,0,2,1,0,1,0,GRUBS,GRUBS_HERALD,TEAMFIGHT,TEAMFIGHT,STANDARD,TOP,FAST,SPLIT,YES,3,1,7,1,0,2,0
EUW1_7737245122,200,0,29.716666666666665,16.3.745.7600,420,92,85,3,4,0,1,1,0,0,0,0,0,0,0,0,8010,-674,-501,-22,-1447,-1122,-40,-2524,-3359,-73,-2732,-3104,-64,0,61,85.81043185642177,81.63768928771734,81.63768928771734,0.8412787436904094,0.118,246,799,4,11,0,0,1,0,0,1,0,0,0,0,0,8369,3,-249,-4,-797,-89,8,-171,130,17,-2506,-2693,-13,3,77,22,475.55804823331465,0.0,925.7431295569265,1.1104879416713405,0.471,893,163,4,14,0,0,1,0,0,0,0,0,1,0,0,8112,-109,-263,-8,10,-683,-8,54,-164,-6,200,-757,-17,4,86,1002.0302860347729,281.8283791362872,292.5294447560292,0.8749298934380259,0.529,81,67,4,21,0,0,1,0,0,0,0,0,0,1,0,8008,377,649,2,296,-105,-6,1335,533,8,745,43,13,7,69,1124.3185642176109,216.20863712843524,349.50084127874374,0.6057206954570948,0.588,497,267,4,14,0,0,1,0,0,0,0,0,1,0,0,8465,31,-153,-9,-574,-347,-6,-798,-42,-10,-1427,663,-9,5,14,201.87324733595065,23.825014021312395,33.31463825014021,2.389231632080763,0.588,5181.248155843721,0.2,14673.924389882892,4613.567641957665,0.2,12933.737588183858,4025.6576209121513,0.0,11021.183330296253,3945.6056652490392,0.2,9557.194672078203,0.15384615384615385,0.46153846153846156,0.38461538461538464,NEUTRAL,0.15384615384615385,0.38461538461538464,BOTSIDE,416.832,502.01,939.499,873.667,1,1,0,2,8,9,6,0.0,0.6666666666666666,2.8333333333333335,5.333333333333333,171.62,TEAMFIGHT,6,0.16666666666666666,0.5,3.1666666666666665,6.5,12,0.08333333333333333,0.5833333333333334,3.0,5.916666666666667,0,1,0,0,1,3,0,1,3,DRAGON,MIXED,TEAMFIGHT,TEAMFIGHT,SPLIT_1_3_1,NEUTRAL,FAST,SPLIT,YES,1,0,3,0,1,1,0
EUW1_7737218146,100,1,27.616666666666667,16.3.745.7600,420,150,114,4,14,0,0,1,0,0,0,0,0,1,0,0,8021,170,620,10,-235,-45,8,130,13,18,533,221,10,2,69,1009.3904646952324,270.34399517199756,307.74894387447193,0.6517803258901629,0.216,799,36,4,11,0,0,1,0,0,1,0,0,0,0,0,8010,476,266,4,1500,1261,16,3226,3415,50,3770,3538,60,9,84,39,1020.325890162945,60.14484007242004,1498.8050694025346,0.7966203983101992,0.595,84,268,4,14,0,0,1,0,0,0,0,0,1,0,0,8112,-510,-422,-7,-54,110,-6,-192,55,-14,336,503,-14,3,75,953.3011466505733,244.45383222691612,244.45383222691612,0.8328304164152082,0.324,119,29,4,21,0,0,1,0,0,0,0,0,0,1,0,8008,679,219,7,989,-14,12,2456,693,32,434,-427,36,11,71,937.3325286662644,364.92456246228124,939.1430295715147,0.687990343995172,0.486,432,267,4,14,0,0,1,0,0,0,0,0,1,0,0,8112,168,191,-5,887,236,-16,1019,674,-17,825,-908,-18,11,6,427.09716354858176,152.7700663850332,306.1194930597465,2.4984912492456246,0.541,4646.8447145587925,0.2,14194.448492280355,3463.406196646295,0.4,13972.910935091513,3831.8108741557053,0.2,13300.738701290242,3147.471606067589,0.4,7700.323369833244,0.07692307692307693,0.38461538461538464,0.5384615384615384,BOT,0.07692307692307693,0.5384615384615384,BOTSIDE,538.704,,952.17,859.397,1,0,0,1,17,13,10,0.4,0.4,2.3,4.9,188.831,TEAMFIGHT,7,0.0,1.0,2.857142857142857,7.142857142857143,17,0.23529411764705882,0.6470588235294118,2.5294117647058822,5.823529411764706,0,1,2,0,2,1,0,2,2,DRAGON,DRAGONS,TEAMFIGHT,TEAMFIGHT,SPLIT_1_3_1,NEUTRAL,MID,SPLIT,NO,4,1,10,2,1,0,0
EUW1_7737218146,200,0,27.616666666666667,16.3.745.7600,420,114,150,4,14,0,0,1,0,0,0,0,0,1,0,0,8005,-170,-620,-10,235,45,-8,-130,-13,-18,-533,-221,-10,2,61,468.3765841882921,310.8267954133977,352.64936632468317,0.7966203983101992,0.211,36,799,4,11,0,0,1,0,0,1,0,0,0,0,0,8021,-476,-266,-4,-1500,-1261,-16,-3226,-3415,-50,-3770,-3538,-60,0,70,10,519.2154496077248,26.143633071816534,358.1894990947495,0.8328304164152082,0.158,268,84,4,12,0,0,1,0,0,0,1,0,0,0,0,8008,510,422,7,54,-110,6,192,-55,14,-336,-503,14,2,81,511.43029571514785,179.05853952926975,179.05853952926975,0.32589016294508144,0.316,29,119,4,21,0,0,1,0,0,0,0,0,0,1,0,8005,-679,-219,-7,-989,14,-12,-2456,-693,-32,-434,427,-36,5,59,907.5316837658419,88.28002414001207,111.5992757996379,0.47073023536511766,0.737,267,432,4,7,0,0,1,0,1,0,0,0,0,0,0,8465,-168,-191,5,-887,-236,16,-1019,-674,17,-825,908,18,3,22,291.41822570911285,11.007845503922752,11.007845503922752,2.788171394085697,0.632,4651.559283504907,0.2,14617.703376385773,5318.292459798846,0.2,14829.085002116617,4192.635404149091,0.4,13672.640418002662,3712.0999087686228,0.4,13273.882476502493,0.38461538461538464,0.3076923076923077,0.3076923076923077,NEUTRAL,0.38461538461538464,0.3076923076923077,NEUTRAL,,535.063,,1207.001,0,3,0,3,7,9,7,0.14285714285714285,0.5714285714285714,2.7142857142857144,5.285714285714286,188.831,TEAMFIGHT,7,0.2857142857142857,0.7142857142857143,2.5714285714285716,6.428571428571429,14,0.21428571428571427,0.6428571428571429,2.642857142857143,5.857142857142857,0,1,0,0,1,1,0,0,1,GRUBS,GRUBS_HERALD,TEAMFIGHT,TEAMFIGHT,STANDARD,NEUTRAL,MID,SPLIT,YES,0,0,2,0,0,3,0
EUW1_7737198135,100,1,19.133333333333333,16.3.745.7600,420,8,83,4,14,0,0,1,0,0,0,0,0,1,0,0,8214,-319,-89,-8,-1598,-1299,-46,-3261,-2718,-56,-4289,-1771,-57,0,46,372.64808362369337,0.0,0.0,0.5749128919860628,0.167,950,54,4,11,0,0,1,0,0,1,0,0,0,0,0,8010,356,43,-8,875,-518,-20,1188,-695,-37,1614,285,-32,9,58,2,603.2404181184669,0.0,1928.5714285714287,0.9930313588850175,0.722,99,61,4,12,0,0,1,0,0,0,1,0,0,0,0,8229,-116,-225,-7,1057,916,5,1680,1404,13,1649,1144,-7,5,94,620.6968641114983,217.99651567944252,322.0034843205575,0.5226480836236934,0.5,96,67,4,6,0,0,1,1,0,0,0,0,0,0,0,8005,282,159,12,1109,206,43,2484,-638,49,4585,14,64,5,93,962.404181184669,955.609756097561,1076.4982578397212,0.6794425087108014,0.556,350,80,3,7,0,1,0,0,1,0,0,0,0,0,0,8214,125,717,3,238,642,-7,606,1644,-15,1196,3387,-19,5,14,196.3588850174216,63.65853658536586,68.5191637630662,1.5679442508710801,0.556,4233.699055929304,0.4,13973.647841562346,6613.806533019012,0.0,14215.4271831697,2380.9876229350534,0.8,7178.130466911283,5762.686048094003,0.0,12412.65813595138,0.38461538461538464,0.15384615384615385,0.46153846153846156,NEUTRAL,0.38461538461538464,0.46153846153846156,NEUTRAL,359.666,494.407,1029.415,616.2,2,3,0,5,10,8,6,0.5,0.3333333333333333,2.0,4.833333333333333,200.075,PICK,3,0.0,0.6666666666666666,3.3333333333333335,5.666666666666667,9,0.3333333333333333,0.4444444444444444,2.4444444444444446,5.111111111111111,0,1,2,0,2,0,1,0,2,DRAGON,GRUBS_HERALD,MIXED,PICK,SIEGE_GROUP,NEUTRAL,FAST,GROUP,YES,3,0,4,0,1,3,0
EUW1_7737198135,200,0,19.133333333333333,16.3.745.7600,420,83,8,4,14,0,0,1,0,0,0,0,0,1,0,0,8010,319,89,8,1598,1299,46,3261,2718,56,4289,1771,57,5,92,785.9059233449477,621.4808362369338,621.4808362369338,0.31358885017421606,0.75,54,950,4,11,0,0,1,0,0,1,0,0,0,0,0,8112,-356,-43,8,-875,518,20,-1188,695,37,-1614,-285,32,4,85,24,378.9721254355401,9.878048780487806,9.878048780487806,1.0975609756097562,0.75,61,99,4,6,0,0,1,1,0,0,0,0,0,0,0,8214,116,225,7,-1057,-916,-5,-1680,-1404,-13,-1649,-1144,7,1,91,316.1498257839721,116.34146341463415,116.34146341463415,0.4181184668989547,0.125,67,96,4,21,0,0,1,0,0,0,0,0,0,1,0,8005,-282,-159,-12,-1109,-206,-43,-2484,638,-49,-4585,-14,-64,1,50,331.2020905923345,118.79790940766551,118.79790940766551,0.47038327526132406,0.125,80,350,4,14,0,0,1,0,0,0,0,0,1,0,0,8005,-125,-717,-3,-238,-642,7,-606,-1644,15,-1196,-3387,19,2,21,198.2926829268293,7.160278745644599,7.160278745644599,1.986062717770035,0.375,4812.229292901333,0.0,11815.583988952894,5586.627612336175,0.2,14964.548940746594,4649.465008934247,0.4,14372.501278483158,5081.199202445738,0.0,11877.437181479849,0.46153846153846156,0.3076923076923077,0.23076923076923078,TOP,0.46153846153846156,0.23076923076923078,TOPSIDE,,,,1033.84,0,0,0,0,6,2,5,0.4,0.6,2.2,5.4,463.177,PICK,2,0.0,1.0,4.0,6.5,7,0.2857142857142857,0.7142857142857143,2.7142857142857144,5.714285714285714,0,0,2,0,0,2,0,1,1,NONE,NONE,TEAMFIGHT,PICK,SPLIT_1_3_1,NEUTRAL,SLOW,SPLIT,NO,0,0,1,0,0,0,0
EUW1_7737179065,100,0,21.3,16.3.745.7600,420,904,17,4,14,0,0,1,0,0,0,0,0,1,0,0,8010,-286,-118,1,-1097,-861,-12,-2348,-2436,-35,-3229,-2301,-24,1,73,402.0657276995305,0.0,7.746478873239436,0.6103286384976525,0.143,121,64,4,11,0,0,1,0,0,1,0,0,0,0,0,8369,-36,64,5,-542,-409,2,-1611,-1823,-15,-2553,-1522,-14,3,58,31,426.0093896713615,0.0,388.07511737089203,0.5633802816901409,0.571,517,134,4,14,0,0,1,0,0,0,0,0,1,0,0,8112,-388,-39,-8,-1488,-630,-21,-2685,-1802,-46,-5384,-4235,-87,1,53,259.38967136150234,126.8544600938967,126.8544600938967,0.4694835680751174,0.143,67,21,4,21,0,0,1,0,0,0,0,0,0,1,0,8005,672,136,11,775,282,23,418,-301,9,-2168,-2223,-4,3,87,336.24413145539904,90.4225352112676,90.4225352112676,0.3755868544600939,0.429,111,267,4,14,0,0,1,0,0,0,0,0,1,0,0,8439,268,447,1,114,428,6,-300,626,4,-1484,-1016,4,3,11,243.7089201877934,0.0,0.0,1.0328638497652582,0.429,4858.97685670007,0.0,13819.8692468489,5986.1853152200665,0.0,14894.077346381682,4689.26469010968,0.0,12770.157281725234,2228.4712405205005,0.6,7660.009921664593,0.3076923076923077,0.5384615384615384,0.15384615384615385,MID,0.3076923076923077,0.15384615384615385,TOPSIDE,,555.321,,1264.776,0,3,0,3,5,2,5,0.6,0.4,1.8,4.0,90.305,PICK,2,0.0,1.0,4.0,7.0,7,0.42857142857142855,0.5714285714285714,2.4285714285714284,4.857142857142857,0,0,0,0,0,0,0,1,0,GRUBS,GRUBS_HERALD,MIXED,PICK,SPLIT_1_3_1,NEUTRAL,MID,SPLIT,YES,0,0,1,0,0,3,0
EUW1_7737179065,200,1,21.3,16.3.745.7600,420,17,904,4,14,0,0,1,0,0,0,0,0,1,0,0,8005,286,118,-1,1097,861,12,2348,2436,35,3229,2301,24,5,85,965.5868544600938,580.2816901408451,580.2816901408451,0.5164319248826291,0.276,64,121,4,11,0,0,1,0,0,1,0,0,0,0,0,8010,36,-64,-5,542,409,-2,1611,1823,15,2553,1522,14,11,60,25,890.8450704225352,323.99061032863847,1441.2206572769953,0.8450704225352113,0.655,134,517,4,12,0,0,1,0,0,0,1,0,0,0,0,8369,388,39,8,1488,630,21,2685,1802,46,5384,4235,87,7,74,991.2206572769953,464.037558685446,495.0234741784037,0.4694835680751174,0.483,21,67,4,21,0,0,1,0,0,0,0,0,0,1,0,8005,-672,-136,-11,-775,-282,-23,-418,301,-9,2168,2223,4,6,64,664.3192488262911,457.69953051643193,509.20187793427226,0.8450704225352113,0.483,267,111,4,7,0,0,1,0,1,0,0,0,0,0,0,8214,-268,-447,-1,-114,-428,-6,300,-626,-4,1484,1016,-4,9,5,307.9342723004695,42.30046948356807,42.30046948356807,2.488262910798122,0.655,4947.344300065134,0.0,13668.654835059668,4481.718736601456,0.0,11349.93167380315,4634.610865993744,0.0,13662.469030157034,2090.2436838386716,0.8,6919.396288694556,0.15384615384615385,0.46153846153846156,0.38461538461538464,NEUTRAL,0.15384615384615385,0.38461538461538464,BOTSIDE,598.711,,1082.109,900.576,1,0,0,1,16,13,10,0.6,0.3,1.8,4.5,172.057,PICK,6,0.3333333333333333,0.6666666666666666,2.5,5.833333333333333,16,0.5,0.4375,2.0625,5.0,0,3,3,0,4,2,0,2,2,DRAGON,DRAGONS,MIXED,PICK,SPLIT_1_3_1,NEUTRAL,MID,SPLIT,NO,2,0,10,1,1,0,0
EUW1_7736177354,100,1,25.516666666666666,16.3.745.7600,420,893,19,4,14,0,0,1,0,0,0,0,0,1,0,0,8112,630,567,13,1225,984,30,3485,3470,61,4875,4973,75,7,83,1447.0150228608752,706.4402351404311,706.4402351404311,1.0581319399085565,0.486,91,76,4,11,0,0,1,0,0,1,0,0,0,0,0,8369,-60,-261,-9,-383,-359,-6,-1614,-975,-13,341,675,9,8,68,22,766.5578053559765,17.36120182887002,1637.1652514696277,0.9797517962116264,0.432,246,63,4,14,0,0,1,0,0,0,0,0,1,0,0,8112,-40,106,-2,161,30,-1,906,209,5,1222,509,11,5,83,771.652514696277,508.56956237753104,526.7537557152189,0.3527106466361855,0.324,143,51,4,12,0,0,1,0,0,0,1,0,0,0,0,8229,90,-32,-4,-256,12,-12,1085,702,8,1276,1026,8,8,76,972.4232527759634,166.28347485303723,399.58197256694973,0.744611365120836,0.486,111,43,4,14,0,0,1,0,0,0,0,0,1,0,0,8439,241,-88,-2,323,7,6,496,514,-3,969,1345,-9,7,21,377.90986283474854,52.94578706727629,100.24820378837362,3.1352057478772046,0.432,5483.721337236707,0.2,15473.331961798016,4311.310039072334,0.4,14484.87128006321,4023.63530715455,0.4,14879.278645149436,2486.464589770224,0.6,6974.726159499024,0.23076923076923078,0.15384615384615385,0.6153846153846154,BOT,0.23076923076923078,0.6153846153846154,BOTSIDE,639.312,510.018,,837.172,1,3,0,4,14,20,9,0.4444444444444444,0.4444444444444444,2.7777777777777777,5.0,103.601,PICK,10,0.5,0.4,2.0,4.8,19,0.47368421052631576,0.42105263157894735,2.3684210526315788,4.894736842105263,1,2,3,0,4,2,0,3,1,GRUBS,GRUBS_HERALD,MIXED,PICK,SPLIT_1_3_1,NEUTRAL,FAST,SPLIT,YES,3,1,11,3,0,3,0
EUW1_7736177354,200,0,25.516666666666666,16.3.745.7600,420,19,893,4,21,0,0,1,0,0,0,0,0,0,1,0,8008,-630,-567,-13,-1225,-984,-30,-3485,-3470,-61,-4875,-4973,-75,1,53,385.16002612671457,99.22926192031352,99.22926192031352,0.666231221423906,0.154,76,91,4,11,0,0,1,0,0,1,0,0,0,0,0,8128,60,261,9,383,359,6,1614,975,13,-341,-675,-9,9,76,5,518.2887001959504,0.0,0.0,0.9797517962116264,0.769,63,246,4,14,0,0,1,0,0,0,0,0,1,0,0,8229,40,-106,2,-161,-30,1,-906,-209,-5,-1222,-509,-11,4,84,416.90398432397126,58.158066623122146,58.158066623122146,0.47028086218158066,0.462,51,143,4,21,0,0,1,0,0,0,0,0,0,1,0,8008,-90,32,4,256,-12,12,-1085,-702,-8,-1276,-1026,-8,5,88,598.0013063357283,101.5022860875245,101.5022860875245,0.27433050293925537,0.462,43,111,4,7,0,0,1,0,1,0,0,0,0,0,0,8214,-241,88,2,-323,-7,-6,-496,-514,3,-969,-1345,9,3,13,278.83736120182886,33.1939908556499,33.1939908556499,2.5081645983017635,0.385,4319.285192737438,0.2,13954.937764103428,4449.081425076545,0.0,14133.152514566595,4604.7755024002545,0.2,14111.896045535483,3122.7375284433483,0.4,10955.109949242864,0.38461538461538464,0.15384615384615385,0.46153846153846156,NEUTRAL,0.38461538461538464,0.46153846153846156,NEUTRAL,,,,,0,0,0,0,6,6,6,0.16666666666666666,0.6666666666666666,3.6666666666666665,6.0,345.768,TEAMFIGHT,2,0.0,1.0,4.0,8.0,8,0.125,0.75,3.75,6.5,0,0,0,0,0,0,0,0,1,NONE,NONE,TEAMFIGHT,TEAMFIGHT,STANDARD,NEUTRAL,SLOW,SPLIT,NO,0,0,0,0,0,0,0
EUW1_7736125834,100,1,25.866666666666667,16.3.745.7600,420,126,19,4,14,0,0,1,0,0,0,0,0,1,0,0,8369,1215,680,14,874,487,21,1704,1763,36,631,422,31,5,76,840.5412371134021,506.0953608247423,794.1881443298969,0.9664948453608248,0.244,131,91,4,11,0,0,1,0,0,1,0,0,0,0,0,8010,380,355,8,560,661,21,755,1385,19,1179,2131,33,8,86,22,602.0876288659794,350.21907216494844,2454.8969072164946,0.7731958762886598,0.415,157,127,4,12,0,0,1,0,0,0,1,0,0,0,0,8437,282,127,6,210,-108,-4,-517,-582,-15,186,380,-22,3,93,749.5360824742268,317.5128865979381,451.8556701030928,0.30927835051546393,0.341,50,202,4,12,0,0,1,0,0,0,1,0,0,0,0,8010,9,-72,-1,774,545,3,1892,1489,8,3441,3055,10,13,88,1392.680412371134,191.52061855670104,200.79896907216494,0.6572164948453608,0.61,80,26,4,14,0,0,1,0,0,0,0,0,1,0,0,8005,421,-114,-1,610,-112,4,2000,130,4,2695,291,0,12,17,913.9561855670103,165.1159793814433,283.37628865979383,3.054123711340206,0.659,5000.96799297694,0.2,14129.046960074837,4554.923427064474,0.0,10616.292808697393,5508.947923427105,0.2,14498.907269170322,4428.719105006134,0.2,12311.902087005079,0.23076923076923078,0.38461538461538464,0.38461538461538464,NEUTRAL,0.23076923076923078,0.38461538461538464,BOTSIDE,376.268,498.28,929.15,757.669,2,3,0,5,19,18,9,0.3333333333333333,0.4444444444444444,2.888888888888889,5.666666666666667,138.984,SKIRMISH,11,0.45454545454545453,0.45454545454545453,2.0,5.090909090909091,20,0.4,0.45,2.4,5.35,1,1,4,0,3,0,0,3,2,DRAGON,GRUBS_HERALD,MIXED,NONE,SPLIT_1_3_1,TOP,FAST,SPLIT,YES,4,1,11,3,1,3,0
EUW1_7736125834,200,0,25.866666666666667,16.3.745.7600,420,19,126,4,21,0,0,1,0,0,0,0,0,0,1,0,8008,-1215,-680,-14,-874,-487,-21,-1704,-1763,-36,-631,-422,-31,4,55,679.7164948453608,202.5,202.5,0.7731958762886598,0.474,91,131,4,11,0,0,1,0,0,1,0,0,0,0,0,8010,-380,-355,-8,-560,-661,-21,-755,-1385,-19,-1179,-2131,-33,2,64,19,626.7139175257732,0.0,0.0,0.3865979381443299,0.368,127,157,4,12,0,0,1,0,0,0,1,0,0,0,0,8112,-282,-127,-6,-210,108,4,517,582,15,-186,-380,22,2,97,586.159793814433,158.04123711340205,158.04123711340205,0.6958762886597938,0.263,202,50,4,21,0,0,1,0,0,0,0,0,0,1,0,8021,-9,72,1,-774,-545,-3,-1892,-1489,-8,-3441,-3055,-10,5,85,620.1030927835052,0.0,14.033505154639174,0.23195876288659795,0.526,26,80,4,7,0,0,1,0,1,0,0,0,0,0,0,8214,-421,114,1,-610,112,-4,-2000,-130,-4,-2695,-291,0,6,17,359.4201030927835,49.600515463917525,49.600515463917525,3.247422680412371,0.579,5192.548323163254,0.2,12401.806199098583,5874.210636898609,0.0,11804.730958391216,5175.964190935466,0.0,12662.227963514162,2657.4111722159737,0.4,7779.557378154621,0.15384615384615385,0.5384615384615384,0.3076923076923077,MID,0.15384615384615385,0.3076923076923077,BOTSIDE,,,,1000.308,0,0,0,0,8,10,6,0.16666666666666666,0.6666666666666666,3.5,6.5,188.084,SKIRMISH,5,0.0,0.8,3.2,7.0,11,0.09090909090909091,0.7272727272727273,3.3636363636363638,6.7272727272727275,0,0,1,0,0,0,0,1,0,NONE,NONE,TEAMFIGHT,NONE,SPLIT_1_3_1,NEUTRAL,MID,SPLIT,NO,0,0,1,0,0,0,0
EUW1_7736037717,100,1,32.75,16.3.745.7600,420,7,150,4,14,0,0,1,0,0,0,0,0,1,0,0,8112,105,62,5,-260,-416,7,-941,-1489,-3,-314,15,4,1,69,605.2519083969465,112.97709923664122,112.97709923664122,0.8854961832061069,0.268,121,35,4,11,0,0,1,0,0,1,0,0,0,0,0,8369,-182,-112,-4,-656,-419,-13,-1566,-1081,-27,-302,-343,-17,4,74,3,985.6793893129772,143.3587786259542,752.0,1.0687022900763359,0.415,134,711,4,6,0,0,1,1,0,0,0,0,0,0,0,8214,408,405,9,804,434,18,1155,489,18,479,-805,18,4,95,684.3358778625955,355.8473282442748,466.35114503816794,0.6412213740458015,0.293,29,202,4,21,0,0,1,0,0,0,0,0,0,1,0,8005,-643,-275,-14,105,-837,-11,1502,-156,-5,1925,402,-7,7,81,1634.9923664122136,321.0381679389313,1051.0534351145038,0.5190839694656488,0.61,117,43,4,7,0,0,1,0,1,0,0,0,0,0,0,8214,-176,-27,6,-595,96,10,130,483,7,-166,836,3,6,19,282.381679389313,80.27480916030534,207.4198473282443,2.351145038167939,0.659,4857.3138292770145,0.0,12297.00914856942,5198.797157697727,0.2,14844.625222618455,2771.0884423201724,0.4,7555.910269451326,5375.689669579994,0.0,13008.018603922736,0.15384615384615385,0.46153846153846156,0.38461538461538464,NEUTRAL,0.15384615384615385,0.38461538461538464,BOTSIDE,1089.033,522.772,,865.179,0,1,0,1,9,16,6,0.16666666666666666,0.6666666666666666,3.1666666666666665,6.333333333333333,165.545,TEAMFIGHT,7,0.2857142857142857,0.42857142857142855,3.7142857142857144,5.857142857142857,13,0.23076923076923078,0.5384615384615384,3.4615384615384617,6.076923076923077,0,2,0,0,2,0,0,1,2,GRUBS,GRUBS_HERALD,TEAMFIGHT,TEAMFIGHT,SPLIT_1_3_1,BOT,MID,SPLIT,NO,3,1,8,1,0,1,0
EUW1_7736037717,200,0,32.75,16.3.745.7600,420,150,7,4,12,0,0,1,0,0,0,1,0,0,0,0,8021,-105,-62,-5,260,416,-7,941,1489,3,314,-15,-4,3,62,546.0763358778626,123.14503816793894,126.19847328244275,0.8244274809160306,0.29,35,121,11,14,0,0,0,0,0,1,0,0,1,0,0,8229,182,112,4,656,419,13,1566,1081,27,302,343,17,9,80,2,706.412213740458,137.09923664122138,631.2977099236641,0.549618320610687,0.645,711,134,4,14,0,0,1,0,0,0,0,0,1,0,0,8112,-408,-405,-9,-804,-434,-18,-1155,-489,-18,-479,805,-18,2,77,700.2442748091603,121.34351145038168,121.34351145038168,0.48854961832061067,0.419,202,29,4,21,0,0,1,0,0,0,0,0,0,1,0,8021,643,275,14,-105,837,11,-1502,156,5,-1925,-402,7,8,92,856.2748091603054,127.96946564885496,127.96946564885496,0.48854961832061067,0.581,43,117,4,7,0,0,1,0,1,0,0,0,0,0,0,8229,176,27,-6,595,-96,-10,-130,-483,-7,166,-836,-3,8,9,340.7328244274809,52.732824427480914,62.900763358778626,2.7786259541984735,0.581,4710.656840549399,0.4,14691.18800505936,4538.051069628039,0.0,11317.08522544564,5096.058910351963,0.0,13242.436633792135,3159.2595705932754,0.6,12948.779595004311,0.15384615384615385,0.46153846153846156,0.38461538461538464,NEUTRAL,0.15384615384615385,0.38461538461538464,BOTSIDE,394.126,536.08,,928.613,2,2,0,4,12,11,8,0.375,0.5,2.625,5.625,165.545,TEAMFIGHT,5,0.2,0.4,4.6,6.2,13,0.3076923076923077,0.46153846153846156,3.3846153846153846,5.846153846153846,0,1,2,0,1,1,0,1,3,DRAGON,MIXED,TEAMFIGHT,TEAMFIGHT,SPLIT_1_3_1,NEUTRAL,FAST,SPLIT,YES,2,0,3,0,0,2,0
EUW1_7735976725,100,1,35.6,16.3.745.7600,420,2,24,3,4,0,1,1,0,0,0,0,0,0,0,0,8010,1122,868,13,1323,574,28,1232,897,39,1438,453,32,4,88,889.5505617977527,359.2415730337078,470.53370786516854,0.8146067415730337,0.333,163,36,4,11,0,0,1,0,0,1,0,0,0,0,0,8128,232,73,-1,1009,446,6,898,724,18,2873,2306,39,5,78,15,1088.1741573033707,215.67415730337078,1011.376404494382,0.7584269662921348,0.5,61,105,4,12,0,0,1,0,0,0,1,0,0,0,0,8230,356,194,4,429,566,5,571,974,6,707,1015,11,7,67,921.7977528089888,129.63483146067415,215.92696629213484,0.898876404494382,0.583,81,119,4,21,0,0,1,0,0,0,0,0,0,1,0,8005,-602,-219,-8,-2470,-1058,-28,-4110,-1410,-39,-4470,-976,-40,1,73,973.0337078651685,209.91573033707866,362.4157303370786,0.8426966292134831,0.417,518,555,4,7,0,0,1,0,1,0,0,0,0,0,0,8229,-11,-18,5,-34,-272,10,-203,-807,8,77,58,11,5,22,498.00561797752806,35.955056179775276,46.60112359550562,4.634831460674157,0.472,4046.186058534617,0.4,14765.326952018368,5730.459259369249,0.2,14580.045987581794,4314.90191604376,0.4,13599.966213193324,4954.1489263363355,0.2,12926.988241659386,0.23076923076923078,0.5384615384615384,0.23076923076923078,MID,0.23076923076923078,0.23076923076923078,NEUTRAL,1098.835,,927.783,762.78,0,0,0,0,11,12,10,0.5,0.4,1.9,4.1,54.671,PICK,5,0.0,1.0,4.6,8.8,15,0.3333333333333333,0.6,2.8,5.666666666666667,1,0,2,0,1,0,0,1,0,NONE,NONE,TEAMFIGHT,PICK,STANDARD,TOP,MID,SPLIT,YES,3,0,7,1,1,0,0
EUW1_7735976725,200,0,35.6,16.3.745.7600,420,24,2,4,14,0,0,1,0,0,0,0,0,1,0,0,8008,-1122,-868,-13,-1323,-574,-28,-1232,-897,-39,-1438,-453,-32,2,60,518.5674157303371,225.1123595505618,393.23033707865164,1.2359550561797752,0.29,36,163,4,11,0,0,1,0,0,1,0,0,0,0,0,8021,-232,-73,1,-1009,-446,-6,-898,-724,-18,-2873,-2306,-39,6,74,2,726.9943820224719,6.179775280898876,903.7640449438202,1.2078651685393258,0.516,105,61,4,12,0,0,1,0,0,0,1,0,0,0,0,8112,-356,-194,-4,-429,-566,-5,-571,-974,-6,-707,-1015,-11,5,62,647.9775280898876,99.46629213483146,99.46629213483146,1.2359550561797752,0.516,119,81,4,21,0,0,1,0,0,0,0,0,0,1,0,8008,602,219,8,2470,1058,28,4110,1410,39,4470,976,40,4,101,847.443820224719,173.17415730337078,535.9831460674158,0.42134831460674155,0.452,555,518,4,14,0,0,1,0,0,0,0,0,1,0,0,9923,11,18,-5,34,272,-10,203,807,-8,-77,-58,-11,6,12,415.7022471910112,24.634831460674157,24.634831460674157,3.4831460674157304,0.516,4127.975242234699,0.2,11384.848923020454,3344.5598074198074,0.6,14046.056706421201,5473.286023352817,0.2,14834.337497846003,2974.4923090735138,0.4,8160.1439325541305,0.3076923076923077,0.23076923076923078,0.46153846153846156,BOT,0.3076923076923077,0.46153846153846156,BOTSIDE,368.031,502.884,,696.101,2,3,0,5,11,14,9,0.4444444444444444,0.4444444444444444,2.0,4.555555555555555,80.061,PICK,6,0.3333333333333333,0.6666666666666666,3.8333333333333335,7.333333333333333,15,0.4,0.5333333333333333,2.7333333333333334,5.666666666666667,0,1,1,0,1,2,1,0,3,DRAGON,GRUBS_HERALD,TEAMFIGHT,PICK,STANDARD,NEUTRAL,FAST,SPLIT,YES,2,1,3,0,0,3,0
EUW1_7735935799,100,1,23.533333333333335,16.3.745.7600,420,2,98,4,6,0,0,1,1,0,0,0,0,0,0,0,8010,128,-222,7,-81,-288,18,700,-556,17,1830,130,40,3,87,1085.4390934844191,683.456090651558,683.456090651558,0.5524079320113314,0.462,254,107,4,11,0,0,1,0,0,1,0,0,0,0,0,8010,-570,-6,5,-1349,-152,5,-1958,-686,-3,-1505,989,1,3,77,2,492.32294617563736,0.0,1247.7195467422096,1.2322946175637393,0.462,136,61,4,12,0,0,1,0,0,0,1,0,0,0,0,8229,-29,11,0,-380,-404,0,377,-759,-11,947,-844,-5,5,72,987.2804532577903,73.1728045325779,540.7223796033994,0.7223796033994334,0.462,67,29,4,6,0,0,1,1,0,0,0,0,0,0,0,8021,-15,50,2,-616,-67,-5,164,9,3,1504,770,-9,8,72,806.6005665722379,195.16997167138808,709.3342776203965,0.6373937677053824,0.654,111,201,4,14,0,0,1,0,0,0,0,0,1,0,0,8439,2,81,-1,126,-295,-4,-202,-625,-2,63,1025,1,6,9,324.5184135977337,0.0,55.36827195467422,1.9121813031161472,0.577,5316.575891064194,0.0,13654.749539995233,4497.121373387487,0.0,13537.23727353554,4548.944056491927,0.0,11646.88190031993,2614.912710174915,0.6,8613.467884655982,0.15384615384615385,0.3076923076923077,0.5384615384615384,BOT,0.15384615384615385,0.5384615384615384,BOTSIDE,348.723,513.823,,653.716,2,1,0,3,7,19,4,0.25,0.5,3.5,5.75,53.324,SKIRMISH,6,0.16666666666666666,0.5,4.333333333333333,6.5,10,0.2,0.5,4.0,6.2,1,0,3,0,2,1,0,1,1,DRAGON,DRAGONS,TEAMFIGHT,NONE,STANDARD,TOP,FAST,SPLIT,YES,4,1,4,0,0,1,0
EUW1_7735935799,200,0,23.533333333333335,16.3.745.7600,420,98,2,4,14,0,0,1,0,0,0,0,0,1,0,0,8437,-128,222,-7,81,288,-18,-700,556,-17,-1830,-130,-40,12,69,857.6345609065155,131.81303116147308,141.41643059490085,0.5524079320113314,0.64,107,254,4,11,0,0,1,0,0,1,0,0,0,0,0,8010,570,6,-5,1349,152,-5,1958,686,3,1505,-989,-1,10,69,8,608.0736543909348,0.0,773.1161473087818,1.8696883852691217,0.48,61,136,4,12,0,0,1,0,0,0,1,0,0,0,0,8230,29,-11,0,380,404,0,-377,759,11,-947,844,5,6,72,730.6232294617563,181.699716713881,210.29745042492917,0.6373937677053824,0.4,29,67,4,21,0,0,1,0,0,0,0,0,0,1,0,8005,15,-50,-2,616,67,5,-164,-9,-3,-1504,-770,9,9,77,627.7903682719547,372.5779036827195,372.5779036827195,0.7223796033994334,0.48,201,111,4,7,0,0,1,0,1,0,0,0,0,0,0,8465,-2,-81,1,-126,295,4,202,625,2,-63,-1025,-1,9,13,267.8328611898017,40.4957507082153,40.4957507082153,2.2946175637393766,0.52,4842.21617158201,0.2,13826.298600854821,4144.450749406211,0.2,12817.67841693651,4341.908956374974,0.0,12324.155143457096,934.8661994797312,1.0,2784.7775494642297,0.23076923076923078,0.46153846153846156,0.3076923076923077,MID,0.23076923076923078,0.3076923076923077,NEUTRAL,,490.446,931.978,915.335,0,2,0,2,16,9,8,0.375,0.5,2.75,5.375,53.324,SKIRMISH,5,0.4,0.6,4.8,6.4,13,0.38461538461538464,0.5384615384615384,3.5384615384615383,5.769230769230769,0,1,1,0,1,0,0,1,3,GRUBS,GRUBS_HERALD,TEAMFIGHT,NONE,SPLIT_1_3_1,BOT,FAST,SPLIT,YES,0,0,3,0,1,2,0
EUW1_7735883179,100,0,26.533333333333335,16.3.745.7600,420,897,875,4,12,0,0,1,0,0,0,1,0,0,0,0,8437,-487,-260,-8,-1142,-727,-19,-1757,-1154,-18,-1437,-306,-3,1,77,627.0979899497487,251.15577889447235,288.7688442211055,1.3190954773869346,0.083,59,254,4,11,0,0,1,0,0,1,0,0,0,0,0,8010,-89,-6,1,609,-101,2,1694,1104,19,3803,1899,24,13,68,9,841.0552763819095,128.2537688442211,853.1909547738693,1.092964824120603,0.722,13,76,4,6,0,0,1,1,0,0,0,0,0,0,0,8230,138,414,9,-164,867,20,885,1663,22,1838,2294,30,13,80,1220.2010050251256,248.47989949748742,401.41959798994975,0.4522613065326633,0.556,523,29,4,21,0,0,1,0,0,0,0,0,0,1,0,8005,1040,363,9,395,48,4,1439,1183,29,-739,569,27,13,72,945.6407035175879,462.8517587939698,847.3492462311557,0.6407035175879396,0.556,412,89,4,14,0,0,1,0,0,0,0,0,1,0,0,8439,753,574,-3,931,717,-5,1588,1610,-5,2001,801,-13,19,8,508.60552763819095,45.904522613065325,87.47487437185929,2.7135678391959797,0.778,4929.348897117251,0.0,14060.410520322655,3924.2006371481693,0.4,13985.409432690913,3774.222723107808,0.4,12831.740178167573,4238.981960991437,0.2,13490.600727914232,0.15384615384615385,0.46153846153846156,0.38461538461538464,NEUTRAL,0.15384615384615385,0.38461538461538464,BOTSIDE,512.455,,,793.371,1,0,0,1,21,14,9,0.0,0.7777777777777778,3.2222222222222223,6.555555555555555,182.839,SKIRMISH,7,0.14285714285714285,0.8571428571428571,3.857142857142857,7.0,16,0.0625,0.8125,3.5,6.75,0,2,1,0,2,1,1,1,2,DRAGON,DRAGONS,TEAMFIGHT,NONE,SPLIT_1_3_1,NEUTRAL,MID,SPLIT,YES,2,1,6,0,0,0,0
EUW1_7735883179,200,1,26.533333333333335,16.3.745.7600,420,875,897,4,14,0,0,1,0,0,0,0,0,1,0,0,8010,487,260,8,1142,727,19,1757,1154,18,1437,306,3,3,94,924.4974874371859,498.7688442211055,624.6482412060301,0.8668341708542713,0.438,254,59,4,11,0,0,1,0,0,1,0,0,0,0,0,8010,89,6,-1,-609,101,-2,-1694,-1104,-19,-3803,-1899,-24,7,68,9,578.6683417085427,105.11306532663316,972.4371859296482,0.8668341708542713,0.625,76,13,4,14,0,0,1,0,0,0,0,0,1,0,0,8214,-138,-414,-9,164,-867,-20,-885,-1663,-22,-1838,-2294,-30,4,60,796.6582914572864,606.5201005025125,614.6231155778894,0.5653266331658291,0.625,29,523,4,21,0,0,1,0,0,0,0,0,0,1,0,8005,-1040,-363,-9,-395,-48,-4,-1439,-1183,-29,739,-569,-27,4,68,1262.6005025125628,244.07035175879395,341.83417085427135,0.37688442211055273,0.719,89,412,4,14,0,0,1,0,0,0,0,0,1,0,0,8439,-753,-574,3,-931,-717,5,-1588,-1610,5,-2001,-801,13,4,13,388.60552763819095,1.3567839195979898,1.3567839195979898,2.751256281407035,0.469,4132.81395847096,0.2,12058.676627225726,4114.540992384081,0.4,14199.238183790003,2317.510345404461,0.4,5861.710501210377,2004.9987813341668,0.8,5401.000092575448,0.38461538461538464,0.38461538461538464,0.23076923076923078,NEUTRAL,0.38461538461538464,0.23076923076923078,TOPSIDE,1238.982,508.925,934.615,694.342,0,3,0,3,10,17,8,0.25,0.75,3.0,6.25,218.688,PICK,7,0.0,0.8571428571428571,4.0,7.428571428571429,15,0.13333333333333333,0.8,3.466666666666667,6.8,1,1,2,0,2,0,0,1,1,GRUBS,GRUBS_HERALD,TEAMFIGHT,PICK,STANDARD,NEUTRAL,FAST,SPLIT,YES,1,0,8,1,1,3,0
EUW1_7735830869,100,0,30.333333333333332,16.3.745.7600,420,14,25,4,12,0,0,1,0,0,0,1,0,0,0,0,8437,-100,-129,-5,-329,-209,-16,141,-345,-16,879,-399,-10,0,80,701.8021978021978,432.42857142857144,432.42857142857144,0.39560439560439564,0.2,20,421,4,11,0,0,1,0,0,1,0,0,0,0,0,8230,116,321,9,-639,327,17,-1845,438,15,-1857,-943,2,4,74,11,460.91208791208794,0.0,1212.1978021978023,0.9230769230769231,0.56,103,161,4,14,0,0,1,0,0,0,0,0,1,0,0,8112,-275,-43,-14,-1319,54,-17,-1730,-574,-18,-577,-12,-13,5,73,1122.6263736263736,335.6373626373626,371.3736263736264,0.8571428571428572,0.8,96,67,4,21,0,0,1,0,0,0,0,0,0,1,0,8008,724,46,20,771,-422,16,1417,-902,7,727,-1611,7,5,86,909.2967032967033,49.45054945054945,366.32967032967036,0.7582417582417583,0.56,201,432,4,7,0,0,1,0,1,0,0,0,0,0,0,8465,89,561,6,-217,306,15,-588,81,19,-1276,-444,20,6,19,333.0659340659341,0.0,13.978021978021978,3.4945054945054945,0.72,4998.267750800825,0.0,14560.287943581334,4121.353428223304,0.0,12070.246476356644,3553.721337182128,0.4,12776.406732724188,1214.1801347146957,1.0,2968.133588637816,0.15384615384615385,0.6153846153846154,0.23076923076923078,MID,0.15384615384615385,0.23076923076923078,NEUTRAL,1246.925,520.784,977.13,1077.043,0,3,0,3,8,13,5,0.2,0.6,2.8,6.2,56.739,PICK,6,0.0,1.0,4.333333333333333,8.333333333333334,11,0.09090909090909091,0.8181818181818182,3.6363636363636362,7.363636363636363,0,1,0,0,1,2,0,0,1,GRUBS,GRUBS_HERALD,TEAMFIGHT,PICK,STANDARD,NEUTRAL,FAST,SPLIT,YES,1,0,4,0,1,3,0
EUW1_7735830869,200,1,30.333333333333332,16.3.745.7600,420,25,14,4,12,0,0,1,0,0,0,1,0,0,0,0,8229,100,129,5,329,209,16,-141,345,16,-879,399,10,0,96,1369.1538461538462,222.13186813186815,399.5274725274725,1.5494505494505495,0.477,421,20,4,11,0,0,1,0,0,1,0,0,0,0,0,8010,-116,-321,-9,639,-327,-17,1845,-438,-15,1857,943,-2,9,56,15,1099.0219780219782,208.64835164835165,755.8021978021978,1.054945054945055,0.545,161,103,4,21,0,0,1,0,0,0,0,0,0,1,0,8229,275,43,14,1319,-54,17,1730,574,18,577,12,13,11,90,1460.6043956043957,227.14285714285714,326.7032967032967,1.153846153846154,0.659,67,96,4,21,0,0,1,0,0,0,0,0,0,1,0,8005,-724,-46,-20,-771,422,-16,-1417,902,-7,-727,1611,-7,1,70,886.0879120879122,319.3846153846154,643.5164835164835,0.23076923076923078,0.364,432,201,4,14,0,0,1,0,0,0,0,0,1,0,0,8112,-89,-561,-6,217,-306,-15,588,-81,-19,1276,444,-20,8,4,658.0879120879121,43.417582417582416,114.56043956043956,3.7252747252747254,0.727,5768.279412232807,0.2,14717.050961384894,4172.467270374402,0.2,12046.353182602608,3291.504942406308,0.6,12951.478873086271,3397.5004542836714,0.2,10113.827415968693,0.23076923076923078,0.46153846153846156,0.3076923076923077,MID,0.23076923076923078,0.3076923076923077,NEUTRAL,931.018,,,784.382,0,0,0,0,10,21,7,0.2857142857142857,0.42857142857142855,2.4285714285714284,5.714285714285714,353.919,SKIRMISH,10,0.3,0.7,3.2,6.4,17,0.29411764705882354,0.5882352941176471,2.8823529411764706,6.117647058823529,0,1,1,0,1,1,1,0,3,NONE,NONE,TEAMFIGHT,NONE,STANDARD,BOT,MID,MIXED,YES,2,2,7,1,0,0,0
EUW1_7735784350,100,0,25.316666666666666,16.3.745.7600,420,950,110,4,14,0,0,1,0,0,0,0,0,1,0,0,9923,166,7,-6,493,210,-3,419,-106,-1,1786,647,1,3,76,664.4634628044766,352.41606319947334,352.41606319947334,0.9874917709019092,0.257,517,421,4,11,0,0,1,0,0,1,0,0,0,0,0,8010,-29,34,0,504,110,7,1015,1254,17,-373,-226,11,8,74,1,780.8294930875576,43.054641211323236,864.6082949308756,0.8689927583936801,0.4,136,268,4,21,0,0,1,0,0,0,0,0,0,1,0,8229,-355,-316,0,168,-182,0,-175,-805,-12,-827,-1109,-45,4,85,996.2606978275181,125.88545095457538,287.91310072416064,0.6714944042132982,0.429,42,22,4,21,0,0,1,0,0,0,0,0,0,1,0,8010,540,-310,-2,360,-204,-2,829,233,-9,915,-210,-3,12,67,1066.1356155365372,239.44700460829495,345.9381171823568,0.5134957208689928,0.6,43,235,4,7,0,0,1,0,1,0,0,0,0,0,0,8229,-142,230,0,-468,462,0,-1400,-84,-5,-2738,-1374,-10,14,13,453.85121790651743,15.444371296905858,24.80579328505596,3.3574720210664912,0.571,4533.460125444502,0.4,14613.321627884608,5113.260354059977,0.2,12946.085199781439,4662.670276386473,0.2,14066.600193365843,1841.4201499372168,0.6,6750.702556030743,0.07692307692307693,0.5384615384615384,0.38461538461538464,MID,0.07692307692307693,0.38461538461538464,BOTSIDE,717.74,491.137,,1027.052,1,3,0,4,17,18,9,0.1111111111111111,0.6666666666666666,3.2222222222222223,5.777777777777778,93.48,TEAMFIGHT,10,0.0,0.9,3.7,6.8,19,0.05263157894736842,0.7894736842105263,3.473684210526316,6.315789473684211,0,1,2,0,1,2,0,1,2,GRUBS,GRUBS_HERALD,TEAMFIGHT,TEAMFIGHT,SPLIT_1_3_1,NEUTRAL,FAST,SPLIT,YES,3,0,3,0,0,3,0
EUW1_7735784350,200,1,25.316666666666666,16.3.745.7600,420,110,950,3,4,0,1,1,0,0,0,0,0,0,0,0,8005,-166,-7,6,-493,-210,3,-419,106,1,-1786,-647,-1,2,79,801.4088215931534,375.32587228439763,478.57801184990126,0.7109940750493746,0.273,421,517,4,11,0,0,1,0,0,1,0,0,0,0,0,8010,29,-34,0,-504,-110,-7,-1015,-1254,-17,373,226,-11,5,68,6,717.2745227123107,189.7169190256748,813.8907175773535,1.3824884792626728,0.455,268,136,4,12,0,0,1,0,0,0,1,0,0,0,0,8008,355,316,0,-168,182,0,175,805,12,827,1109,45,2,85,828.8215931533904,538.1830151415405,890.204081632653,0.39499670836076367,0.303,22,42,4,6,0,0,1,1,0,0,0,0,0,0,0,8008,-540,310,2,-360,204,2,-829,-233,9,-915,210,3,8,69,734.6543778801844,484.3449637919684,484.3449637919684,0.8689927583936801,0.394,235,43,4,7,0,0,1,0,1,0,0,0,0,0,0,8021,142,-230,0,468,-462,0,1400,84,5,2738,1374,10,11,13,1360.36866359447,275.90520078999344,286.17511520737327,3.1994733377221856,0.727,5027.442493548589,0.0,14444.989788850666,4562.011657420955,0.0,11508.309736881432,4389.751481266907,0.0,11432.097139195415,3606.5279024838746,0.4,12610.917690636157,0.3076923076923077,0.23076923076923078,0.46153846153846156,BOT,0.3076923076923077,0.46153846153846156,BOTSIDE,373.592,,,829.426,1,0,0,1,14,19,9,0.2222222222222222,0.6666666666666666,3.111111111111111,5.555555555555555,93.48,TEAMFIGHT,8,0.0,0.875,3.875,6.625,17,0.11764705882352941,0.7647058823529411,3.4705882352941178,6.0588235294117645,0,3,2,0,2,1,1,1,3,DRAGON,DRAGONS,TEAMFIGHT,TEAMFIGHT,SPLIT_1_3_1,NEUTRAL,MID,SPLIT,YES,1,1,10,1,0,0,0
EUW1_7735733153,100,1,23.183333333333334,16.3.745.7600,420,76,114,4,12,0,0,1,0,0,0,1,0,0,0,0,8437,516,403,6,800,900,9,2047,3057,21,527,126,-23,5,83,826.9302659956866,365.52120776419844,470.55355859094175,0.603882099209202,0.302,131,107,4,11,0,0,1,0,0,1,0,0,0,0,0,8010,311,167,0,-42,466,6,-402,408,2,854,2961,35,9,78,3,1240.5032350826743,431.81883537023725,2545.233644859813,0.8626887131560028,0.605,157,61,3,4,0,1,1,0,0,0,0,0,0,0,0,8008,830,665,11,1348,771,19,1585,346,13,1835,453,21,9,82,923.8533429187635,485.823148813803,707.3184759166068,0.2156721782890007,0.372,67,110,3,4,0,1,1,0,0,0,0,0,0,0,0,8005,652,289,4,1415,434,7,2071,342,2,3187,1790,22,10,78,981.6966211358734,477.1531272465852,697.4838245866283,0.603882099209202,0.442,3,12,4,7,0,0,1,0,1,0,0,0,0,0,0,8439,283,-3,-3,34,705,0,525,880,4,976,1330,14,14,17,510.45291157440687,61.294033069734006,61.294033069734006,3.6664270309130123,0.558,4743.5749658008335,0.2,14691.523338306344,5781.397890850465,0.0,14857.124890099025,4764.280279635984,0.2,12709.520604649098,2075.9129273170624,0.8,6273.6289338787,0.07692307692307693,0.5384615384615384,0.38461538461538464,MID,0.07692307692307693,0.38461538461538464,BOTSIDE,382.158,494.953,921.759,924.163,2,3,0,5,21,22,9,0.2222222222222222,0.6666666666666666,3.0,6.222222222222222,198.866,TEAMFIGHT,6,0.0,1.0,4.5,8.5,15,0.13333333333333333,0.8,3.6,7.133333333333334,0,2,3,0,5,3,0,1,2,DRAGON,GRUBS_HERALD,TEAMFIGHT,TEAMFIGHT,STANDARD,NEUTRAL,FAST,SPLIT,YES,3,1,8,1,1,3,0
EUW1_7735733153,200,0,23.183333333333334,16.3.745.7600,420,114,76,4,14,0,0,1,0,0,0,0,0,1,0,0,8005,-516,-403,-6,-800,-900,-9,-2047,-3057,-21,-527,-126,23,1,74,854.7951114306254,563.0337886412652,609.0150970524802,1.0352264557872035,0.231,107,131,4,11,0,0,1,0,0,1,0,0,0,0,0,8010,-311,-167,0,42,-466,-6,402,-408,-2,-854,-2961,-35,6,72,1,889.9496764917326,72.46585190510424,72.46585190510424,0.5176132278936018,0.846,61,157,4,12,0,0,1,0,0,0,1,0,0,0,0,8230,-830,-665,-11,-1348,-771,-19,-1585,-346,-13,-1835,-453,-21,3,63,740.5751258087706,255.57153127246585,255.57153127246585,0.12940330697340044,0.462,110,67,4,21,0,0,1,0,0,0,0,0,0,1,0,8229,-652,-289,-4,-1415,-434,-7,-2071,-342,-2,-3187,-1790,-22,2,71,739.3673616103523,40.416966211358734,40.416966211358734,0.3882099209202013,0.231,12,3,4,7,0,0,1,0,1,0,0,0,0,0,0,8360,-283,3,3,-34,-705,0,-525,-880,-4,-976,-1330,-14,6,17,213.8605319913731,0.0,1.6822429906542056,2.8468727534148095,0.692,3879.2621778158473,0.2,10924.296773705848,5607.80544614742,0.0,12913.577544584612,2926.085503497278,0.4,9345.542734373428,3454.1529716649247,0.4,10979.689658637897,0.23076923076923078,0.6153846153846154,0.15384615384615385,MID,0.23076923076923078,0.15384615384615385,NEUTRAL,,,,975.732,0,0,0,0,6,7,5,0.0,0.8,3.8,7.2,284.902,TEAMFIGHT,5,0.0,0.8,4.0,8.0,10,0.0,0.8,3.9,7.6,0,2,2,0,0,0,0,1,2,NONE,NONE,TEAMFIGHT,TEAMFIGHT,SPLIT_1_3_1,NEUTRAL,SLOW,SPLIT,NO,0,0,3,0,0,0,0
EUW1_7735659627,100,1,38.733333333333334,16.3.745.7600,420,92,68,4,14,0,0,1,0,0,0,0,0,1,0,0,8010,-682,-288,4,-1776,-1700,-22,-2368,-3522,-40,-1612,-2499,-28,1,59,633.1239242685026,290.83476764199656,481.5748709122203,1.1876075731497417,0.371,143,234,4,11,0,0,1,0,0,1,0,0,0,0,0,8112,180,258,5,-810,-575,8,-1039,-206,12,-1781,-1012,14,6,74,32,858.459552495697,120.90361445783132,1773.6144578313254,1.6523235800344234,0.657,893,103,4,14,0,0,1,0,0,0,0,0,1,0,0,8112,-683,-386,-9,-1511,-1446,-32,-1571,-697,-31,-2238,-1651,-48,1,59,871.8072289156627,117.90877796901893,264.6557659208261,0.5163511187607573,0.286,67,96,4,21,0,0,1,0,0,0,0,0,0,1,0,8005,662,-387,-5,452,-450,-11,2151,996,10,4433,1451,10,9,73,990.5679862306368,537.1342512908777,1071.9449225473322,0.6970740103270223,0.571,432,117,4,7,0,0,1,0,1,0,0,0,0,0,0,8112,378,460,3,-80,-134,3,180,714,3,59,836,1,8,10,360.0774526678141,67.90017211703959,139.18244406196214,2.9173838209982788,0.743,5105.518925726322,0.0,11866.614850074135,4370.259993933438,0.2,12478.859763616225,4932.467150589606,0.0,12258.034589606932,2847.2009751995324,0.4,9746.39035746055,0.23076923076923078,0.3076923076923077,0.46153846153846156,BOT,0.23076923076923078,0.46153846153846156,BOTSIDE,414.332,486.851,,909.862,1,3,0,4,8,11,4,0.25,0.75,3.5,6.0,170.582,TEAMFIGHT,6,0.5,0.5,2.6666666666666665,5.833333333333333,10,0.4,0.6,3.0,5.9,0,1,0,0,2,2,0,1,3,DRAGON,GRUBS_HERALD,TEAMFIGHT,TEAMFIGHT,STANDARD,NEUTRAL,FAST,SPLIT,YES,4,3,11,3,0,3,0
EUW1_7735659627,200,0,38.733333333333334,16.3.745.7600,420,68,92,4,12,0,0,1,0,0,0,1,0,0,0,0,8229,682,288,-4,1776,1700,22,2368,3522,40,1612,2499,28,9,81,969.9913941480206,110.70567986230637,110.70567986230637,0.5421686746987951,0.455,234,143,4,11,0,0,1,0,0,1,0,0,0,0,0,8010,-180,-258,-5,810,575,-8,1039,206,-12,1781,1012,-14,8,72,1,620.0602409638554,56.28227194492255,673.2444061962134,1.6006884681583475,0.515,103,893,4,12,0,0,1,0,0,0,1,0,0,0,0,8112,683,386,9,1511,1446,32,1571,697,31,2238,1651,48,4,91,800.3958691910499,238.7091222030981,254.63855421686748,1.0068846815834767,0.394,96,67,4,6,0,0,1,1,0,0,0,0,0,0,0,8008,-662,387,5,-452,450,11,-2151,-996,-10,-4433,-1451,-10,3,84,790.8691910499139,39.81067125645439,86.30808950086059,0.7228915662650602,0.242,117,432,4,7,0,0,1,0,1,0,0,0,0,0,0,8214,-378,-460,-3,80,134,-3,-180,-714,-3,-59,-836,-1,6,7,268.81239242685024,99.96557659208261,113.85542168674698,2.814113597246127,0.455,4865.539300362817,0.0,12181.110499457758,5426.4151936895205,0.2,14243.141261673984,5791.968569874017,0.0,11980.5102145109,3240.962225527447,0.6,12214.919565842421,0.3076923076923077,0.46153846153846156,0.23076923076923078,MID,0.3076923076923077,0.23076923076923078,NEUTRAL,761.839,,936.767,850.899,1,0,0,1,16,6,10,0.5,0.4,2.3,4.9,120.307,SKIRMISH,3,0.3333333333333333,0.6666666666666666,4.0,7.0,13,0.46153846153846156,0.46153846153846156,2.6923076923076925,5.384615384615385,0,1,3,0,1,2,0,1,0,DRAGON,DRAGONS,MIXED,NONE,SPLIT_1_3_1,NEUTRAL,MID,SPLIT,NO,2,0,4,0,1,0,0
EUW1_7735621626,100,0,29.216666666666665,16.3.745.7600,420,14,904,4,12,0,0,1,0,0,0,1,0,0,0,0,8437,241,441,3,-674,-835,-23,-201,277,-13,654,1059,-14,5,63,802.589845978323,186.09241300627497,188.1118083285796,0.9925841414717628,0.48,136,246,4,11,0,0,1,0,0,1,0,0,0,0,0,8128,337,-227,-7,264,-83,-15,-199,-122,-17,933,176,-38,6,58,8,1283.5824301197947,6.058185966913863,367.4614945807188,0.9241300627495722,0.68,777,112,4,12,0,0,1,0,0,0,1,0,0,0,0,8021,-140,-248,-10,-490,-175,-20,-2051,-1216,-27,-2815,-1587,-38,0,80,630.3251568739305,136.42897889332573,136.42897889332573,0.513405590416429,0.24,145,67,3,4,0,1,1,0,0,0,0,0,0,0,0,8008,-443,-226,3,390,39,13,1336,623,16,1660,991,22,7,94,960.2738163148888,163.16029663434114,387.6896748431261,0.6845407872219054,0.6,412,111,4,7,0,0,1,0,1,0,0,0,0,0,0,8439,-673,-164,-7,-468,337,-7,-142,897,-8,-128,1373,-11,8,12,290.0399315459213,0.0,9.925841414717627,3.217341699942955,0.64,4802.047079073075,0.0,10214.245003914877,3627.1022302811384,0.2,9826.87590234048,4775.3920769615315,0.0,13616.277942227825,3029.8208494887367,0.2,7401.638737468886,0.3076923076923077,0.38461538461538464,0.3076923076923077,NEUTRAL,0.3076923076923077,0.3076923076923077,NEUTRAL,,504.375,1016.688,1136.143,0,1,0,1,9,14,7,0.14285714285714285,0.5714285714285714,3.2857142857142856,6.0,147.786,TEAMFIGHT,9,0.4444444444444444,0.5555555555555556,2.3333333333333335,6.0,16,0.3125,0.5625,2.75,6.0,0,2,0,0,0,1,0,1,1,GRUBS,GRUBS_HERALD,TEAMFIGHT,TEAMFIGHT,SPLIT_1_3_1,NEUTRAL,MID,SPLIT,NO,0,0,3,0,1,1,0
EUW1_7735621626,200,1,29.216666666666665,16.3.745.7600,420,904,14,4,14,0,0,1,0,0,0,0,0,1,0,0,8437,-241,-441,-3,674,835,23,201,-277,13,-654,-1059,14,1,86,1223.6166571591557,815.3907586993726,868.6480319452368,1.163719338277239,0.29,246,136,4,11,0,0,1,0,0,1,0,0,0,0,0,8369,-337,227,7,-264,83,15,199,122,17,-933,-176,38,5,76,27,597.3645179691957,126.50313747860811,1479.7033656588706,0.9583571021106675,0.516,112,777,4,14,0,0,1,0,0,0,0,0,1,0,0,8214,140,248,10,490,175,20,2051,1216,27,2815,1587,38,5,100,1563.0119794637765,368.55675984027386,577.1705647461495,0.6160867084997148,0.613,67,145,4,21,0,0,1,0,0,0,0,0,0,1,0,8005,443,226,-3,-390,-39,-13,-1336,-623,-16,-1660,-991,-22,6,81,1295.2196235025672,258.55105533371363,676.9423844837422,0.44495151169423847,0.71,111,412,4,14,0,0,1,0,0,0,0,0,1,0,0,8439,673,164,7,468,-337,7,142,-897,8,128,-1373,11,6,19,430.2681118083286,0.0,84.30119794637764,2.909298345693098,0.581,4615.801804177859,0.0,13543.070552869463,4584.438353439978,0.4,13940.206598182109,5212.248302246776,0.0,12808.334981565715,3716.340455306426,0.4,9837.394217982726,0.3076923076923077,0.3076923076923077,0.38461538461538464,NEUTRAL,0.3076923076923077,0.38461538461538464,NEUTRAL,335.847,493.518,,870.466,2,2,0,4,8,14,6,0.16666666666666666,0.6666666666666666,3.5,6.0,147.786,TEAMFIGHT,4,0.0,1.0,3.75,8.25,10,0.1,0.8,3.6,6.9,0,2,3,0,2,1,0,2,1,DRAGON,MIXED,TEAMFIGHT,TEAMFIGHT,SPLIT_1_3_1,TOP,FAST,SPLIT,YES,4,1,9,1,0,2,0
EUW1_7735585946,100,1,26.666666666666668,16.3.745.7600,420,68,240,4,14,0,0,1,0,0,0,0,0,1,0,0,8229,-1520,-1369,-23,-1,-148,-9,1325,2733,11,1532,2574,11,6,69,1603.0124999999998,499.125,625.5,0.8999999999999999,0.341,121,62,4,11,0,0,1,0,0,1,0,0,0,0,0,8128,-136,-245,-8,463,-75,-11,138,1317,9,1330,1845,17,10,50,13,1072.2,272.0625,1988.2124999999999,1.0125,0.477,38,126,4,21,0,0,1,0,0,0,0,0,0,1,0,8369,-631,-500,-16,-301,-847,-36,-968,-896,-36,-1996,-1132,-54,7,55,932.6999999999999,110.7375,114.4875,0.4875,0.5,18,67,4,21,0,0,1,0,0,0,0,0,0,1,0,8008,933,189,14,2281,1233,38,3088,1458,32,2879,1664,22,6,87,907.875,537.7875,723.0375,0.375,0.318,111,136,4,7,0,0,1,0,1,0,0,0,0,0,0,8439,245,321,6,827,627,3,526,538,8,310,47,4,7,13,463.23749999999995,12.6,71.475,3.6374999999999997,0.386,6171.639336789534,0.0,12587.285052782432,3929.671894366159,0.4,12738.151592754733,3910.405728368557,0.2,11474.548269975598,3912.368443459373,0.0,8781.279007069528,0.15384615384615385,0.5384615384615384,0.3076923076923077,MID,0.15384615384615385,0.3076923076923077,BOTSIDE,472.123,579.903,,599.578,2,3,0,5,19,22,11,0.45454545454545453,0.5454545454545454,2.4545454545454546,4.7272727272727275,165.58,PICK,12,0.25,0.6666666666666666,2.6666666666666665,6.083333333333333,23,0.34782608695652173,0.6086956521739131,2.5652173913043477,5.434782608695652,0,2,1,0,3,0,1,0,3,DRAGON,GRUBS_HERALD,TEAMFIGHT,PICK,STANDARD,BOT,FAST,SPLIT,YES,3,1,9,1,0,3,0
EUW1_7735585946,200,0,26.666666666666668,16.3.745.7600,420,240,68,4,14,0,0,1,0,0,0,0,0,1,0,0,8010,1520,1369,23,1,148,9,-1325,-2733,-11,-1532,-2574,-11,3,78,966.5625,436.8375,436.8375,0.825,0.375,62,121,4,11,0,0,1,0,0,1,0,0,0,0,0,8010,136,245,8,-463,75,11,-138,-1317,-9,-1330,-1845,-17,8,64,1,639.9375,0.0,297.675,0.8624999999999999,0.542,126,38,4,12,0,0,1,0,0,0,1,0,0,0,0,8437,631,500,16,301,847,36,968,896,36,1996,1132,54,5,91,1221.825,405.0,405.0,0.525,0.5,67,18,4,21,0,0,1,0,0,0,0,0,0,1,0,8005,-933,-189,-14,-2281,-1233,-38,-3088,-1458,-32,-2879,-1664,-22,1,49,380.9625,138.6,138.6,0.15,0.083,136,111,4,21,0,0,1,0,0,0,0,0,0,1,0,8229,-245,-321,-6,-827,-627,-3,-526,-538,-8,-310,-47,-4,5,10,485.09999999999997,0.0,151.2,1.95,0.458,5300.14400959383,0.0,14320.376566277857,4119.6166112574865,0.4,12971.303712426134,3756.0824850259087,0.0,9958.054528872595,5610.498248086825,0.0,12999.797883044183,0.07692307692307693,0.6923076923076923,0.23076923076923078,MID,0.07692307692307693,0.23076923076923078,BOTSIDE,1114.237,,,619.673,0,0,0,0,12,12,8,0.25,0.625,2.875,5.25,128.055,PICK,7,0.14285714285714285,0.5714285714285714,3.0,6.571428571428571,15,0.2,0.6,2.933333333333333,5.866666666666666,1,0,1,0,2,2,0,1,0,NONE,NONE,TEAMFIGHT,PICK,STANDARD,NEUTRAL,FAST,SPLIT,YES,1,0,4,0,0,0,0
EUW1_7735562106,100,1,21.483333333333334,16.3.745.7600,420,41,27,4,14,0,0,1,0,0,0,0,0,1,0,0,8369,610,267,10,2997,1931,39,4569,3392,62,6880,5374,96,9,87,1101.877424359969,254.2435996896819,586.3615205585725,0.6982156710628393,0.56,76,91,4,11,0,0,1,0,0,1,0,0,0,0,0,8128,584,-17,0,2062,-272,-5,376,-1346,-14,1179,-300,-3,10,54,21,645.5236617532971,206.9045771916214,1535.2366175329712,0.9309542280837858,0.56,516,84,4,12,0,0,1,0,0,0,1,0,0,0,0,8437,-837,91,-4,-652,378,6,-366,326,11,59,52,5,1,77,456.63304887509696,323.0876648564779,323.0876648564779,0.6982156710628393,0.2,804,42,4,21,0,0,1,0,0,0,0,0,0,1,0,8008,57,-10,-3,164,-324,-5,151,-1155,-13,-215,-1655,-14,4,87,748.3941039565555,146.0201706749418,323.59968968192396,0.6982156710628393,0.36,44,43,4,14,0,0,1,0,0,0,0,0,1,0,0,8351,249,-311,3,614,251,8,854,614,18,845,-141,17,8,14,232.04034134988362,43.8944918541505,142.9945694336695,1.582622187742436,0.52,6723.4282877297765,0.0,14838.637167880344,4934.428269123105,0.2,14661.716986765226,3547.1336717970253,0.6,14237.948763779143,3480.799539738414,0.6,13990.064653174408,0.46153846153846156,0.23076923076923078,0.3076923076923077,TOP,0.46153846153846156,0.3076923076923077,TOPSIDE,,492.585,979.913,737.966,0,3,0,3,14,11,6,0.3333333333333333,0.5,2.6666666666666665,5.666666666666667,126.389,TEAMFIGHT,5,0.2,0.6,2.8,5.4,11,0.2727272727272727,0.5454545454545454,2.727272727272727,5.545454545454546,1,0,4,0,2,1,0,1,2,GRUBS,GRUBS_HERALD,TEAMFIGHT,TEAMFIGHT,STANDARD,TOP,FAST,MIXED,YES,0,1,4,0,1,3,0
EUW1_7735562106,200,0,21.483333333333334,16.3.745.7600,420,27,41,4,6,0,0,1,1,0,0,0,0,0,0,0,8230,-610,-267,-10,-2997,-1931,-39,-4569,-3392,-62,-6880,-5374,-96,1,48,106.40806826997672,65.81846392552366,78.99146625290923,0.6051202482544608,0.091,91,76,4,11,0,0,1,0,0,1,0,0,0,0,0,8010,-584,17,0,-2062,272,5,-376,1346,14,-1179,300,3,7,62,5,613.1264546159814,5.539177657098525,622.9480217222653,1.0240496508921644,0.727,84,516,4,12,0,0,1,0,0,0,1,0,0,0,0,8112,837,-91,4,652,-378,-6,366,-326,-11,-59,-52,-5,3,71,781.3033359193173,79.59658650116369,79.59658650116369,0.9309542280837858,0.364,42,804,4,21,0,0,1,0,0,0,0,0,0,1,0,8010,-57,10,3,-164,324,5,-151,1155,13,215,1655,14,3,92,910.566330488751,227.66485647788983,238.83630721489527,0.27928626842513576,0.545,43,44,4,7,0,0,1,0,1,0,0,0,0,0,0,8229,-249,311,-3,-614,-251,-8,-854,-614,-18,-845,141,-17,4,8,378.01396431342124,6.842513576415826,14.47633824670287,2.373933281613654,0.636,5723.98202287879,0.2,14504.173330459065,6115.406559081735,0.0,12953.000115803286,5018.950105159174,0.2,14584.826121692367,3242.4070545224067,0.4,10252.283891894527,0.3076923076923077,0.38461538461538464,0.3076923076923077,NEUTRAL,0.3076923076923077,0.3076923076923077,NEUTRAL,642.763,,,1159.184,1,0,0,1,6,5,5,0.4,0.4,2.6,5.6,126.389,TEAMFIGHT,4,0.5,0.5,2.5,5.5,9,0.4444444444444444,0.4444444444444444,2.5555555555555554,5.555555555555555,0,0,0,0,0,0,0,1,1,DRAGON,DRAGONS,MIXED,TEAMFIGHT,SPLIT_1_3_1,NEUTRAL,SLOW,SPLIT,NO,2,0,1,0,0,0,0
EUW1_7735526086,100,1,33.016666666666666,16.3.745.7600,420,24,68,4,12,0,0,1,0,0,0,1,0,0,0,0,8437,-76,44,-5,-608,-98,-11,-1496,-1494,-17,-876,-2172,-38,2,71,592.4886420999495,207.8344270570419,207.8344270570419,1.0600706713780919,0.375,950,904,4,11,0,0,1,0,0,1,0,0,0,0,0,8010,-92,-284,-3,-1239,-1200,-11,-1256,-127,-11,-1167,659,15,7,63,13,1210.6612821807169,134.93185259969712,739.2327107521454,0.93891973750631,0.625,38,42,4,12,0,0,1,0,0,0,1,0,0,0,0,8369,-582,-174,-18,-1373,-404,-28,-2312,-844,-42,-3560,-514,-26,1,72,826.3402322059566,374.29581019687026,426.5724381625442,0.6360424028268551,0.35,67,110,4,21,0,0,1,0,0,0,0,0,0,1,0,8005,165,-190,-1,823,-149,-15,1236,439,-7,2688,525,-22,9,66,1412.3472993437658,673.2660272589601,1211.3276123170117,0.5754669358909642,0.575,267,518,4,7,0,0,1,0,1,0,0,0,0,0,0,8214,195,319,3,365,538,7,563,1118,6,332,305,4,8,19,366.60272589601215,46.9459868753155,104.6138313982837,2.7258960121150935,0.6,3200.0927979339313,0.6,11759.442376235364,5340.25867881243,0.2,13527.053522478574,5556.898037704671,0.0,12393.024045808997,3225.876413891281,0.4,10110.79764410306,0.15384615384615385,0.6923076923076923,0.15384615384615385,MID,0.15384615384615385,0.15384615384615385,NEUTRAL,1807.494,,,1066.141,0,0,0,0,12,12,8,0.25,0.375,3.375,5.5,134.545,PICK,7,0.2857142857142857,0.5714285714285714,3.5714285714285716,6.571428571428571,15,0.26666666666666666,0.4666666666666667,3.466666666666667,6.0,0,1,0,0,0,0,0,2,2,NONE,NONE,TEAMFIGHT,PICK,SPLIT_1_3_1,BOT,MID,SPLIT,NO,1,1,10,2,0,0,1
EUW1_7735526086,200,0,33.016666666666666,16.3.745.7600,420,68,24,4,14,0,0,1,0,0,0,0,0,1,0,0,8229,76,-44,5,608,98,11,1496,1494,17,876,2172,38,4,80,1305.9162039374055,267.47097425542654,471.48914689550736,0.878344270570419,0.341,904,950,4,11,0,0,1,0,0,1,0,0,0,0,0,8010,92,284,3,1239,1200,11,1256,127,11,1167,-659,-15,9,76,27,918.4149419485109,359.7879858657244,1631.600201918223,0.9086320040383645,0.683,42,38,3,4,0,1,1,0,0,0,0,0,0,0,0,8010,582,174,18,1373,404,28,2312,844,42,3560,514,26,6,100,1065.583038869258,290.24734982332154,488.63200403836447,0.999495204442201,0.512,110,67,4,21,0,0,1,0,0,0,0,0,0,1,0,8229,-165,190,1,-823,149,15,-1236,-439,7,-2688,-525,22,5,81,1026.3604240282687,241.57496214033318,586.097930338213,0.7571933366986371,0.366,518,267,4,7,0,0,1,0,1,0,0,0,0,0,0,8229,-195,-319,-3,-365,-538,-7,-563,-1118,-6,-332,-305,-4,6,12,670.540131246845,22.412922766279657,94.01312468450278,2.6047450782433117,0.537,4241.374998392135,0.2,14044.662936503673,3586.924070275022,0.4,12034.76829855897,3951.7513320701887,0.4,13893.116640984485,4169.070246488176,0.2,12887.005936213422,0.23076923076923078,0.6923076923076923,0.07692307692307693,MID,0.23076923076923078,0.07692307692307693,TOPSIDE,408.218,528.133,979.127,811.105,2,3,0,5,16,17,9,0.3333333333333333,0.3333333333333333,3.111111111111111,5.111111111111111,242.216,SKIRMISH,8,0.375,0.5,3.25,6.25,17,0.35294117647058826,0.4117647058823529,3.176470588235294,5.647058823529412,0,2,2,1,0,3,0,1,1,DRAGON,GRUBS_HERALD,MIXED,NONE,SPLIT_1_3_1,NEUTRAL,FAST,SPLIT,YES,4,1,8,1,1,3,0
EUW1_7734631570,100,1,22.883333333333333,16.3.745.7600,420,887,11,3,4,0,1,1,0,0,0,0,0,0,0,0,8008,961,563,10,2321,2397,41,4195,4649,84,4431,4649,77,8,87,1054.3481427530955,855.0764748725419,1237.6693372177713,0.5243991260014567,0.417,121,245,4,11,0,0,1,0,0,1,0,0,0,0,0,8369,138,157,1,629,574,-1,915,504,-13,43,1141,8,11,72,24,1131.522214129643,29.803350327749456,946.1471230881282,0.9613983976693372,0.556,3,39,4,14,0,0,1,0,0,0,0,0,1,0,0,8230,509,531,-2,1484,1636,14,2180,1943,4,2157,2100,-1,9,78,672.0174799708667,346.40932265112895,390.24034959941736,0.830298616168973,0.417,222,67,4,21,0,0,1,0,0,0,0,0,0,1,0,8008,-246,-175,13,61,281,18,-332,-172,19,-1591,-488,20,6,77,472.0029133284778,277.0138383102695,498.87836853605245,0.6117989803350328,0.222,26,201,4,7,0,0,1,0,1,0,0,0,0,0,0,8214,-156,-113,0,-76,448,0,168,603,-3,184,-245,3,6,14,507.3998543335761,26.132556445739258,120.13109978150037,2.7967953386744355,0.472,4843.623142547766,0.2,13589.56195026168,5610.5968452265915,0.2,14706.740019460463,5238.446870901341,0.0,12040.388864152188,2360.4421981346195,0.4,5162.396827056208,0.38461538461538464,0.3076923076923077,0.3076923076923077,NEUTRAL,0.38461538461538464,0.3076923076923077,NEUTRAL,793.063,562.123,,683.342,1,3,0,4,20,16,9,0.3333333333333333,0.4444444444444444,2.4444444444444446,5.222222222222222,73.153,PICK,7,0.14285714285714285,0.8571428571428571,3.7142857142857144,7.285714285714286,16,0.25,0.625,3.0,6.125,1,0,5,1,4,3,0,2,1,GRUBS,GRUBS_HERALD,TEAMFIGHT,PICK,STANDARD,TOP,FAST,SPLIT,YES,2,1,8,1,0,3,0
EUW1_7734631570,200,0,22.883333333333333,16.3.745.7600,420,11,887,4,14,0,0,1,0,0,0,0,0,1,0,0,9923,-961,-563,-10,-2321,-2397,-41,-4195,-4649,-84,-4431,-4649,-77,1,46,649.075018208303,37.84413692643846,37.84413692643846,0.43699927166788055,0.357,245,121,4,11,0,0,1,0,0,1,0,0,0,0,0,8128,-138,-157,-1,-629,-574,1,-915,-504,13,-43,-1141,-8,2,64,13,488.39038601602334,0.0,331.02694828841953,0.43699927166788055,0.429,39,3,4,14,0,0,1,0,0,0,0,0,1,0,0,8010,-509,-531,2,-1484,-1636,-14,-2180,-1943,-4,-2157,-2100,1,0,64,327.61835396941007,178.1646030589949,178.1646030589949,0.6554989075018208,0.071,67,222,4,6,0,0,1,1,0,0,0,0,0,0,0,8021,246,175,-13,-61,-281,-18,332,172,-19,1591,488,-20,6,59,788.7836853605244,99.02403495994173,99.02403495994173,0.7428987618353969,0.643,201,26,4,7,0,0,1,0,1,0,0,0,0,0,0,8439,156,113,0,76,-448,0,-168,-603,3,-184,245,-3,5,14,312.0174799708667,24.996358339402768,39.286234522942465,1.7916970138383104,0.786,5309.22531402459,0.2,14419.33320233637,4240.435644010455,0.4,13977.54005538886,4978.083360759804,0.2,13217.57379400622,2458.228801523329,0.6,8267.129671173665,0.3076923076923077,0.38461538461538464,0.3076923076923077,NEUTRAL,0.3076923076923077,0.3076923076923077,NEUTRAL,469.883,,,1113.025,1,0,0,1,4,10,4,0.5,0.5,2.5,6.0,191.821,PICK,5,0.0,1.0,4.6,8.4,9,0.2222222222222222,0.7777777777777778,3.6666666666666665,7.333333333333333,0,1,1,0,0,0,0,0,1,DRAGON,DRAGONS,TEAMFIGHT,PICK,SPLIT_1_3_1,NEUTRAL,SLOW,SPLIT,NO,1,0,1,0,0,0,0
EUW1_7734555194,100,1,27.266666666666666,16.3.745.7600,420,166,42,4,14,0,0,1,0,0,0,0,0,1,0,0,8005,-87,189,11,-158,258,18,552,627,13,1175,653,15,3,80,546.1246943765282,317.2371638141809,392.89731051344745,0.8068459657701712,0.467,163,56,4,11,0,0,1,0,0,1,0,0,0,0,0,8369,-256,99,4,894,1074,18,2186,2710,34,2919,3266,60,5,82,14,844.9144254278729,106.43031784841077,1828.0562347188265,0.8068459657701712,0.533,950,101,4,14,0,0,1,0,0,0,0,0,1,0,0,9923,-246,-31,-9,-375,232,-14,15,444,-18,-1714,-463,-32,4,86,773.6185819070905,509.3398533007335,701.7726161369194,0.8068459657701712,0.533,18,67,4,21,0,0,1,0,0,0,0,0,0,1,0,8008,137,93,6,645,278,27,950,382,12,1756,946,19,3,90,1088.2151589242055,355.2322738386308,548.2151589242054,0.47677261613691935,0.467,37,117,4,7,0,0,1,0,1,0,0,0,0,0,0,8214,119,0,-3,7,-90,-2,139,-571,-6,-252,-1371,-4,4,10,408.0073349633252,44.52322738386308,178.93643031784842,3.117359413202934,0.6,6532.312443541937,0.0,14367.177349778905,4755.235859471696,0.0,13655.260451562248,3942.900422280027,0.4,14376.164300674918,2594.8992982747814,0.4,8553.46128768933,0.46153846153846156,0.15384615384615385,0.38461538461538464,NEUTRAL,0.46153846153846156,0.38461538461538464,NEUTRAL,712.437,494.744,920.04,827.402,1,3,0,4,9,14,5,0.0,1.0,2.8,6.4,359.954,TEAMFIGHT,7,0.14285714285714285,0.5714285714285714,3.0,5.714285714285714,12,0.08333333333333333,0.75,2.9166666666666665,6.0,1,0,2,0,3,3,0,2,3,GRUBS,GRUBS_HERALD,TEAMFIGHT,TEAMFIGHT,STANDARD,NEUTRAL,FAST,SPLIT,YES,3,1,9,2,1,3,0
EUW1_7734555194,200,0,27.266666666666666,16.3.745.7600,420,42,166,4,14,0,0,1,0,0,0,0,0,1,0,0,8112,87,-189,-11,158,-258,-18,-552,-627,-13,-1175,-653,-15,3,62,759.2053789731052,94.03422982885085,177.799511002445,0.7701711491442543,0.476,56,163,4,11,0,0,1,0,0,1,0,0,0,0,0,8010,256,-99,-4,-894,-1074,-18,-2186,-2710,-34,-2919,-3266,-60,3,64,0,513.0073349633252,0.0,344.74327628361857,0.6601466992665037,0.619,101,950,4,21,0,0,1,0,0,0,0,0,0,1,0,8229,246,31,9,375,-232,14,-15,-444,18,1714,463,32,3,100,1091.039119804401,62.20048899755501,107.71393643031786,0.6968215158924206,0.524,67,18,4,21,0,0,1,0,0,0,0,0,0,1,0,8005,-137,-93,-6,-645,-278,-27,-950,-382,-12,-1756,-946,-19,1,63,416.0757946210269,288.7041564792176,333.59413202933985,0.36674816625916873,0.286,117,37,4,7,0,0,1,0,1,0,0,0,0,0,0,8214,-119,0,3,-7,90,2,-139,571,6,252,1371,4,2,12,281.7359413202934,0.0,16.06356968215159,2.7506112469437656,0.714,3728.2302202752644,0.0,9603.049932183003,2228.3106058360563,0.6,5932.573977625563,4427.749221302629,0.2,11787.2226160364,2689.95686576416,0.6,9094.747770004398,0.23076923076923078,0.46153846153846156,0.3076923076923077,MID,0.23076923076923078,0.3076923076923077,NEUTRAL,335.729,,,1505.672,1,0,0,1,7,13,6,0.3333333333333333,0.6666666666666666,2.3333333333333335,5.166666666666667,190.834,PICK,7,0.2857142857142857,0.5714285714285714,3.2857142857142856,6.0,13,0.3076923076923077,0.6153846153846154,2.8461538461538463,5.615384615384615,0,0,2,0,0,1,0,0,2,DRAGON,DRAGONS,TEAMFIGHT,PICK,STANDARD,NEUTRAL,SLOW,SPLIT,NO,1,0,1,0,0,0,0
EUW1_7734464147,100,0,32.016666666666666,16.3.745.7600,420,799,122,4,14,0,0,1,0,0,0,0,0,1,0,0,8112,-631,-516,-18,-1465,-1512,-24,-2187,-3383,-44,-3011,-4815,-56,0,58,496.8349817803228,163.9458615304529,198.17803227485686,0.8120770432066632,0.074,64,91,4,11,0,0,1,0,0,1,0,0,0,0,0,8010,-260,255,7,-1149,607,15,-858,1187,15,-868,1222,24,6,75,10,670.1509630400833,0.0,421.87402394586155,1.2493492972410203,0.704,8,4,1,6,1,0,0,1,0,0,0,0,0,0,0,8010,265,-209,5,3,-214,7,1052,961,29,1432,49,26,6,82,976.5538781884435,263.45653305570016,295.065070275898,0.18740239458615304,0.481,29,67,4,21,0,0,1,0,0,0,0,0,0,1,0,8005,-214,-29,-9,177,-141,-4,-159,164,-2,-821,-998,-17,8,79,692.6704841228527,64.49765747006768,67.5897969807392,0.5309734513274337,0.593,78,89,4,14,0,0,1,0,0,0,0,0,1,0,0,9923,926,16,-3,1115,182,-2,844,-162,-5,1008,96,-2,8,12,379.0213430504945,0.0,49.63040083289953,3.68558042686101,0.63,4519.34747494895,0.4,14456.871203687193,3980.38437744791,0.0,11676.099434314527,3272.8737721391,0.6,10323.780799687682,2340.888351694113,0.6,9769.982190362476,0.07692307692307693,0.3076923076923077,0.6153846153846154,BOT,0.07692307692307693,0.6153846153846154,BOTSIDE,,,1022.284,1042.112,0,0,0,0,10,10,8,0.25,0.625,2.5,6.0,154.697,SKIRMISH,5,0.0,0.8,4.8,7.4,13,0.15384615384615385,0.6923076923076923,3.3846153846153846,6.538461538461538,0,0,0,0,1,3,0,1,0,NONE,NONE,TEAMFIGHT,NONE,STANDARD,MID,MID,MIXED,NO,0,0,3,0,1,0,0
EUW1_7734464147,200,1,32.016666666666666,16.3.745.7600,420,122,799,4,14,0,0,1,0,0,0,0,0,1,0,0,8230,631,516,18,1465,1512,24,2187,3383,44,3011,4815,56,6,82,1080.8120770432067,595.5023425299323,856.8037480478918,0.6559083810515357,0.455,91,64,4,11,0,0,1,0,0,1,0,0,0,0,0,8021,260,-255,-7,1149,-607,-15,858,-1187,-15,868,-1222,-24,9,62,2,1112.982821447163,30.89016137428423,1730.6923477355544,1.9364914107235816,0.568,4,8,4,14,0,0,1,0,0,0,0,0,1,0,0,8112,-265,209,-5,-3,214,-7,-1052,-961,-29,-1432,-49,-26,5,75,949.3805309734513,47.06923477355544,314.9297241020302,0.7496095783446122,0.523,67,29,4,21,0,0,1,0,0,0,0,0,0,1,0,8005,214,29,9,-177,141,4,159,-164,2,821,998,17,5,83,937.3555439875065,475.4398750650703,973.0557001561687,0.3748047891723061,0.409,89,78,4,14,0,0,1,0,0,0,0,0,1,0,0,8439,-926,-16,3,-1115,-182,2,-844,162,5,-1008,-96,2,8,14,247.30869338885998,0.7808433107756377,44.91410723581468,3.560645497136908,0.364,3492.987711737511,0.2,8391.09587598664,3520.3902981027336,0.6,13060.967881439721,3357.0654790648578,0.4,10706.632570514412,3880.0026124461647,0.2,10163.17125704374,0.3076923076923077,0.5384615384615384,0.15384615384615385,MID,0.3076923076923077,0.15384615384615385,TOPSIDE,888.573,515.019,,1129.343,0,3,0,3,14,18,9,0.2222222222222222,0.6666666666666666,2.4444444444444446,6.0,154.697,SKIRMISH,7,0.14285714285714285,0.7142857142857143,4.0,6.857142857142857,16,0.1875,0.6875,3.125,6.375,0,1,0,0,1,1,0,0,0,GRUBS,GRUBS_HERALD,TEAMFIGHT,NONE,STANDARD,NEUTRAL,FAST,SPLIT,YES,4,2,8,1,0,3,0
EUW1_7734379939,100,1,34.483333333333334,16.3.745.7600,420,41,875,4,14,0,0,1,0,0,0,0,0,1,0,0,8021,-1267,-1682,-35,-1488,-1328,-43,-1708,-1909,-57,-1223,-1061,-35,3,41,920.2996616723054,328.2165297245046,375.2827452875785,1.1889801836636056,0.364,107,64,4,11,0,0,1,0,0,1,0,0,0,0,0,8369,-181,-85,-4,554,779,10,855,948,20,2875,2598,47,5,70,25,975.2537457709038,224.659255679072,985.258579023683,1.2179797003383277,0.545,38,268,4,21,0,0,1,0,0,0,0,0,0,1,0,8369,-243,-279,-16,-194,-756,-40,-405,-1507,-50,-570,-861,-57,2,68,1177.4963750604156,254.3257612373127,391.2904784920251,0.5799903334944417,0.477,50,29,3,4,0,1,1,0,0,0,0,0,0,0,0,8010,127,239,6,891,512,8,1641,1313,14,2356,2452,39,7,74,802.0396326727888,100.48332527791203,213.32044465925568,0.8119864668922184,0.455,526,117,4,14,0,0,1,0,0,0,0,0,1,0,0,8439,-497,361,4,-449,528,8,34,851,11,442,1081,13,7,15,254.87675205413242,5.625906234896085,152.59545674238763,3.1899468342194295,0.568,4467.412326782445,0.0,11400.759360674183,4912.713179133646,0.0,11240.616931467774,5755.9700370547735,0.0,14607.543701800108,3852.7337582929554,0.4,13562.736080894592,0.23076923076923078,0.38461538461538464,0.38461538461538464,NEUTRAL,0.23076923076923078,0.38461538461538464,BOTSIDE,,591.964,1024.822,1029.03,0,3,0,3,10,12,7,0.2857142857142857,0.7142857142857143,2.857142857142857,5.857142857142857,138.318,TEAMFIGHT,8,0.5,0.375,2.375,5.0,15,0.4,0.5333333333333333,2.6,5.4,0,1,2,0,1,2,0,2,1,GRUBS,GRUBS_HERALD,TEAMFIGHT,TEAMFIGHT,SPLIT_1_3_1,NEUTRAL,FAST,SPLIT,YES,0,1,6,1,1,3,0
EUW1_7734379939,200,0,34.483333333333334,16.3.745.7600,420,875,41,4,14,0,0,1,0,0,0,0,0,1,0,0,8005,1267,1682,35,1488,1328,43,1708,1909,57,1223,1061,35,7,86,962.4649589173514,105.73223779603673,165.73223779603674,0.6089898501691638,0.484,64,107,4,11,0,0,1,0,0,1,0,0,0,0,0,8010,181,85,4,-554,-779,-10,-855,-948,-20,-2875,-2598,-47,5,64,12,472.6341227646206,34.97341710971484,665.6259062348961,0.985983566940551,0.355,268,38,4,12,0,0,1,0,0,0,1,0,0,0,0,8008,243,279,16,194,756,40,405,1507,50,570,861,57,2,108,1253.301111648139,287.269212179797,440.87965200579987,0.5509908168197196,0.419,29,50,4,21,0,0,1,0,0,0,0,0,0,1,0,8005,-127,-239,-6,-891,-512,-8,-1641,-1313,-14,-2356,-2452,-39,5,66,884.1952634122764,73.19478008699855,73.19478008699855,0.4059932334461092,0.452,117,526,4,7,0,0,1,0,1,0,0,0,0,0,0,8214,497,-361,-4,449,-528,-8,-34,-851,-11,-442,-1081,-13,5,7,298.11503141614304,7.887868535524408,7.887868535524408,2.8129531174480427,0.516,5008.279617613174,0.2,14288.559654492821,5292.958989154679,0.0,12407.23530848029,4696.926809568483,0.2,15121.024601527502,2242.07897918744,0.8,7320.716494988724,0.3076923076923077,0.23076923076923078,0.46153846153846156,BOT,0.3076923076923077,0.46153846153846156,BOTSIDE,653.111,,,938.644,1,0,0,1,13,9,8,0.375,0.625,2.625,5.125,51.714,PICK,5,0.0,0.8,3.4,7.0,13,0.23076923076923078,0.6923076923076923,2.923076923076923,5.846153846153846,0,1,0,0,1,2,0,1,1,DRAGON,DRAGONS,TEAMFIGHT,PICK,SPLIT_1_3_1,NEUTRAL,MID,SPLIT,NO,4,0,3,0,0,0,0
EUW1_7734322553,100,1,24.683333333333334,16.3.745.7600,420,14,36,4,12,0,0,1,0,0,0,1,0,0,0,0,8437,1021,687,17,1195,671,30,2012,1882,38,3397,1801,45,5,88,1755.557056043214,976.0432140445645,976.0432140445645,0.5266711681296421,0.571,421,121,4,11,0,0,1,0,0,1,0,0,0,0,0,8010,18,184,0,-1224,-469,-10,-1966,-2195,-41,-2707,-3596,-64,5,53,11,737.0155300472653,215.57056043214044,1123.065496286293,0.6482106684672518,0.607,38,131,4,21,0,0,1,0,0,0,0,0,0,1,0,8369,17,-138,-6,-35,-143,0,-168,-432,3,567,251,13,0,94,1117.8392977717758,355.70560432140445,355.70560432140445,0.5671843349088453,0.393,26,221,4,12,0,0,1,0,0,0,1,0,0,0,0,8214,-566,158,-17,-811,158,-30,-1176,579,-35,-1822,-275,-38,5,61,775.219446320054,174.24713031735314,175.70560432140445,0.36461850101282917,0.643,497,412,4,7,0,0,1,0,1,0,0,0,0,0,0,8465,-294,-582,-1,-194,-245,-1,-68,15,-2,-28,594,1,5,11,299.43281566509114,50.925050641458476,89.85820391627279,2.835921674544227,0.643,5445.2524280128555,0.0,13600.137940476927,5720.0455581911865,0.2,13960.382587880606,4353.184971018749,0.2,13694.848228439772,2101.9455745887467,0.6,4919.3907143059905,0.38461538461538464,0.15384615384615385,0.46153846153846156,NEUTRAL,0.38461538461538464,0.46153846153846156,NEUTRAL,878.678,538.228,,682.075,0,3,0,3,8,20,8,0.5,0.375,2.25,4.375,103.571,PICK,10,0.1,0.7,2.9,6.5,18,0.2777777777777778,0.5555555555555556,2.611111111111111,5.555555555555555,1,1,4,0,5,2,0,2,1,GRUBS,GRUBS_HERALD,TEAMFIGHT,PICK,STANDARD,TOP,FAST,SPLIT,YES,2,0,9,1,0,3,0
EUW1_7734322553,200,0,24.683333333333334,16.3.745.7600,420,36,14,6,12,0,0,0,1,0,0,1,0,0,0,0,8437,-1021,-687,-17,-1195,-671,-30,-2012,-1882,-38,-3397,-1801,-45,1,58,1296.9480081026334,459.01417960837273,459.01417960837273,0.6482106684672518,0.25,121,421,4,11,0,0,1,0,0,1,0,0,0,0,0,8128,-18,-184,0,1224,469,10,1966,2195,41,2707,3596,64,7,64,24,944.5239702903443,123.92977717758271,791.9108710330858,0.6482106684672518,0.667,131,38,4,14,0,0,1,0,0,0,0,0,1,0,0,8230,-17,138,6,35,143,0,168,432,-3,-567,-251,-13,2,93,955.9486833220797,474.97636731937877,474.97636731937877,0.6887238352464551,0.375,221,26,4,21,0,0,1,0,0,0,0,0,0,1,0,8008,566,-158,17,811,-158,30,1176,-579,35,1822,275,38,7,91,1374.449696151249,63.84875084402431,67.00877785280215,0.4861580013504389,0.583,412,497,4,7,0,0,1,0,1,0,0,0,0,0,0,8465,294,582,1,194,245,1,68,-15,2,28,-594,-1,5,12,332.0054017555706,1.7015530047265361,131.2221471978393,2.552329507089804,0.542,4476.162956408141,0.2,12770.523442678457,5876.888665497613,0.0,14219.527875425401,4061.7426384130895,0.0,9496.56664273989,2523.591413539376,0.2,5807.289384902392,0.23076923076923078,0.3076923076923077,0.46153846153846156,BOT,0.23076923076923078,0.46153846153846156,BOTSIDE,549.321,,1009.986,809.556,1,0,0,1,11,13,5,0.2,0.6,3.0,5.0,59.388,PICK,6,0.0,1.0,4.0,7.666666666666667,11,0.09090909090909091,0.8181818181818182,3.5454545454545454,6.454545454545454,0,1,0,1,0,4,0,2,1,DRAGON,DRAGONS,TEAMFIGHT,PICK,SPLIT_1_3_1,MID,MID,SPLIT,YES,1,0,4,0,1,0,0
EUW1_7734271676,100,1,19.5,16.3.745.7600,420,240,39,3,4,0,1,1,0,0,0,0,0,0,0,0,8437,4,-12,-13,1149,1122,2,2418,1177,13,3342,2618,15,5,90,781.5384615384615,1071.025641025641,1071.025641025641,1.0256410256410255,0.458,91,154,11,14,0,0,0,0,0,1,0,0,1,0,0,8128,-5,0,0,1144,448,8,2513,1944,37,2758,2966,56,8,76,16,603.7435897435897,11.64102564102564,1223.7435897435898,1.3846153846153846,0.417,61,7,4,21,0,0,1,0,0,0,0,0,0,1,0,8230,-503,-206,-7,-793,-187,-12,-695,170,-20,-743,-115,-35,3,68,705.8974358974359,49.53846153846154,185.07692307692307,0.41025641025641024,0.292,67,145,4,21,0,0,1,0,0,0,0,0,0,1,0,8005,383,304,10,699,237,11,1325,824,24,2090,560,8,7,79,950.8717948717949,432.87179487179486,612.8717948717949,0.41025641025641024,0.458,117,497,4,7,0,0,1,0,1,0,0,0,0,0,0,8214,318,5,-3,1078,344,-4,1787,844,-6,1431,1124,-8,9,9,344.46153846153845,107.8974358974359,118.76923076923077,2.1025641025641026,0.542,5475.434825187165,0.2,14568.90074782583,6264.937153993597,0.0,15642.21371801319,3489.1493148582654,0.4,12459.183159421007,977.5687886781628,1.0,3372.253845723955,0.15384615384615385,0.46153846153846156,0.38461538461538464,NEUTRAL,0.15384615384615385,0.38461538461538464,BOTSIDE,695.043,494.657,1023.899,649.19,1,3,0,4,15,9,10,0.6,0.2,2.0,4.4,164.159,SKIRMISH,4,0.0,0.75,3.25,6.75,14,0.42857142857142855,0.35714285714285715,2.357142857142857,5.071428571428571,1,0,6,0,2,1,1,1,4,GRUBS,GRUBS_HERALD,MIXED,NONE,STANDARD,TOP,FAST,SPLIT,YES,2,0,5,0,1,3,0
EUW1_7734271676,200,0,19.5,16.3.745.7600,420,39,240,4,14,0,0,1,0,0,0,0,0,1,0,0,8010,-4,12,13,-1149,-1122,-2,-2418,-1177,-13,-3342,-2618,-15,2,88,720.9230769230769,343.2307692307692,343.2307692307692,0.8205128205128205,0.333,154,91,4,11,0,0,1,0,0,1,0,0,0,0,0,8439,5,0,0,-1144,-448,-8,-2513,-1944,-37,-2758,-2966,-56,2,72,0,194.6153846153846,0.0,593.9487179487179,0.3076923076923077,0.333,7,61,14,21,0,0,0,0,0,0,0,0,1,1,0,8112,503,206,7,793,187,12,695,-170,20,743,115,35,3,80,702.9230769230769,142.92307692307693,142.92307692307693,0.717948717948718,0.444,145,67,4,21,0,0,1,0,0,0,0,0,0,1,0,8008,-383,-304,-10,-699,-237,-11,-1325,-824,-24,-2090,-560,-8,2,68,501.12820512820514,187.17948717948718,187.17948717948718,0.46153846153846156,0.222,497,117,4,7,0,0,1,0,1,0,0,0,0,0,0,8465,-318,-5,3,-1078,-344,4,-1787,-844,6,-1431,-1124,8,1,15,180.82051282051282,31.641025641025642,31.641025641025642,2.871794871794872,0.333,4530.69308801961,0.2,14532.471125035825,4666.030128195525,0.2,14112.498892825466,4700.802034757117,0.2,13242.455701266286,3093.5796567871193,0.4,8711.04827216564,0.23076923076923078,0.46153846153846156,0.3076923076923077,MID,0.23076923076923078,0.3076923076923077,NEUTRAL,344.794,,,914.47,1,0,0,1,5,4,3,0.3333333333333333,0.3333333333333333,3.0,5.666666666666667,164.159,SKIRMISH,3,0.0,0.6666666666666666,3.3333333333333335,7.0,6,0.16666666666666666,0.5,3.1666666666666665,6.333333333333333,0,1,0,0,0,0,0,0,0,DRAGON,DRAGONS,TEAMFIGHT,NONE,SPLIT_1_3_1,NEUTRAL,SLOW,SPLIT,NO,1,0,1,0,0,0,0
EUW1_7734225868,100,1,15.433333333333334,16.3.745.7600,420,240,58,3,4,0,1,1,0,0,0,0,0,0,0,0,8437,-119,-163,-2,-376,-371,-9,214,121,2,-176,-157,1,2,77,643.4125269978401,187.51619870410366,187.51619870410366,0.9071274298056156,0.105,131,91,4,11,0,0,1,0,0,1,0,0,0,0,0,8010,440,238,0,445,522,8,926,1316,10,835,1295,5,6,71,6,196.91144708423326,16.004319654427647,1441.5550755939526,0.8423326133909287,0.316,55,3,4,14,0,0,1,0,0,0,0,0,1,0,0,8010,363,365,-1,1527,1478,9,2474,1987,23,2280,1478,22,9,77,729.4600431965442,187.58099352051835,187.58099352051835,0.38876889848812096,0.474,222,29,4,6,0,0,1,1,0,0,0,0,0,0,0,8008,367,-143,-5,1578,271,9,3377,1023,29,3425,935,31,11,67,696.7386609071274,828.8552915766738,1177.9697624190064,1.036717062634989,0.579,117,267,4,7,0,0,1,0,1,0,0,0,0,0,0,8214,304,-66,2,561,118,0,1198,877,-5,1228,957,-5,10,11,276.2203023758099,250.43196544276458,326.50107991360693,2.138228941684665,0.526,5112.3835551679995,0.2,14377.112123093426,4937.141384953972,0.2,13407.190011333472,3390.1293975542335,0.6,14306.869468895005,3637.9747778411593,0.2,11132.127379795831,0.15384615384615385,0.46153846153846156,0.38461538461538464,NEUTRAL,0.15384615384615385,0.38461538461538464,BOTSIDE,555.612,634.084,917.984,777.446,1,3,0,4,19,0,9,0.2222222222222222,0.3333333333333333,2.5555555555555554,5.222222222222222,186.103,TEAMFIGHT,0,0.0,0.0,0.0,0.0,9,0.2222222222222222,0.3333333333333333,2.5555555555555554,5.222222222222222,0,1,0,1,0,7,0,1,1,DRAGON,GRUBS_HERALD,MIXED,TEAMFIGHT,STANDARD,MID,FAST,MIXED,YES,1,0,3,0,1,3,0
EUW1_7734225868,200,0,15.433333333333334,16.3.745.7600,420,58,240,4,14,0,0,1,0,0,0,0,0,1,0,0,8010,119,163,2,376,371,9,-214,-121,-2,176,157,-1,1,86,838.6393088552916,54.751619870410366,54.751619870410366,1.1663066954643628,0.333,91,131,4,11,0,0,1,0,0,1,0,0,0,0,0,8010,-440,-238,0,-445,-522,-8,-926,-1316,-10,-835,-1295,-5,2,63,3,274.9244060475162,0.0,0.0,0.712742980561555,0.333,3,55,4,6,0,0,1,1,0,0,0,0,0,0,0,8439,-363,-365,1,-1527,-1478,-9,-2474,-1987,-23,-2280,-1478,-22,2,68,290.7343412526998,0.0,0.0,0.4535637149028078,0.5,29,222,4,21,0,0,1,0,0,0,0,0,0,1,0,8005,-367,143,5,-1578,-271,-9,-3377,-1023,-29,-3425,-935,-31,2,58,315.42116630669545,51.25269978401728,51.25269978401728,0.25917926565874727,0.333,267,117,4,7,0,0,1,0,1,0,0,0,0,0,0,8214,-304,66,-2,-561,-118,0,-1198,-877,5,-1228,-957,5,2,11,199.30885529157666,64.08207343412526,64.08207343412526,1.6198704103671706,0.333,4811.554765590312,0.2,13385.63338060624,5452.913765696629,0.2,14915.722510156858,5545.908117310528,0.0,13339.308565289282,5272.061890127252,0.0,13242.308748854937,0.15384615384615385,0.5384615384615384,0.3076923076923077,MID,0.15384615384615385,0.3076923076923077,BOTSIDE,,,,,0,0,0,0,5,1,4,0.25,0.75,3.75,6.5,120.544,PICK,1,1.0,0.0,1.0,3.0,5,0.4,0.6,3.2,5.8,0,0,1,0,0,0,0,0,2,NONE,NONE,MIXED,PICK,STANDARD,NEUTRAL,SLOW,SPLIT,NO,0,0,0,0,0,0,0
EUW1_7734183822,100,0,15.583333333333334,16.3.745.7600,420,34,893,4,12,0,0,1,0,0,0,1,0,0,0,0,8230,31,0,4,351,451,15,-407,-1222,-3,-592,-1266,-2,1,99,414.93048128342247,253.54010695187165,253.54010695187165,0.5133689839572192,0.333,5,31,4,11,0,0,1,0,0,1,0,0,0,0,0,8010,-29,-20,0,51,-463,-9,-906,-1809,-14,-1353,-2112,-12,2,72,10,290.6951871657754,0.0,549.9465240641711,0.7058823529411764,0.667,112,55,4,6,0,0,1,1,0,0,0,0,0,0,0,8214,209,264,11,453,659,34,-83,42,38,-83,42,38,1,102,616.9411764705882,224.85561497326202,224.85561497326202,0.32085561497326204,0.333,901,236,4,21,0,0,1,0,0,0,0,0,0,1,0,8021,22,326,10,-918,157,5,-2699,-1308,-30,-2780,-1167,-30,1,84,361.21925133689837,0.0,0.0,0.6417112299465241,0.333,497,267,3,4,0,1,1,0,0,0,0,0,0,0,0,8465,-72,-369,2,-488,-762,0,-1011,-1827,1,-1184,-2516,1,2,13,114.6096256684492,11.358288770053475,11.358288770053475,1.5401069518716577,0.667,3880.205269575183,0.4,11000.083681499882,4225.054895265655,0.2,13149.227962127663,1996.832757257843,0.6,5903.971968090635,5409.097929430347,0.0,12410.81806328656,0.23076923076923078,0.6153846153846154,0.15384615384615385,MID,0.23076923076923078,0.15384615384615385,NEUTRAL,,543.255,,867.073,0,3,0,3,3,0,3,0.3333333333333333,0.3333333333333333,2.3333333333333335,4.666666666666667,266.754,SKIRMISH,0,0.0,0.0,0.0,0.0,3,0.3333333333333333,0.3333333333333333,2.3333333333333335,4.666666666666667,0,1,2,0,0,2,0,0,0,GRUBS,GRUBS_HERALD,MIXED,NONE,STANDARD,NEUTRAL,MID,MIXED,YES,0,0,1,0,0,3,0
EUW1_7734183822,200,1,15.583333333333334,16.3.745.7600,420,893,34,4,12,0,0,1,0,0,0,1,0,0,0,0,8112,-31,0,-4,-351,-451,-15,407,1222,3,592,1266,2,6,84,847.8930481283422,154.84491978609626,154.84491978609626,0.7058823529411764,0.412,31,5,4,11,0,0,1,0,0,1,0,0,0,0,0,9923,29,20,0,-51,463,9,906,1809,14,1353,2112,12,6,81,13,562.2032085561497,0.0,460.235294117647,0.6417112299465241,0.471,55,112,4,14,0,0,1,0,0,0,0,0,1,0,0,8010,-209,-264,-11,-453,-659,-34,83,-42,-38,83,-42,-38,4,68,615.5935828877006,129.88235294117646,129.88235294117646,0.2566844919786096,0.235,236,901,4,21,0,0,1,0,0,0,0,0,0,1,0,8005,-22,-326,-10,918,-157,-5,2699,1308,30,2780,1167,30,6,79,707.807486631016,541.2192513368984,541.2192513368984,1.2834224598930482,0.353,267,497,4,7,0,0,1,0,1,0,0,0,0,0,0,8214,72,369,-2,488,762,0,1011,1827,-1,1184,2516,-1,9,13,327.5935828877005,63.97860962566845,82.20320855614973,1.1550802139037433,0.647,4480.265345412527,0.0,12391.885248016137,4497.402846300329,0.0,13998.96374736359,2551.0152229111545,0.6,8397.610374386277,3222.20377607627,0.2,7545.816125509554,0.3076923076923077,0.3076923076923077,0.38461538461538464,NEUTRAL,0.3076923076923077,0.38461538461538464,NEUTRAL,538.4,,,819.964,1,0,0,1,14,3,6,0.16666666666666666,0.5,2.6666666666666665,5.666666666666667,266.754,SKIRMISH,2,0.5,0.0,1.5,4.0,8,0.25,0.375,2.375,5.25,0,0,2,0,0,2,1,0,6,DRAGON,DRAGONS,MIXED,NONE,STANDARD,BOT,MID,MIXED,YES,1,0,1,0,0,0,0
EUW1_7734104917,100,0,27.433333333333334,16.3.745.7600,420,86,114,4,14,0,0,1,0,0,0,0,0,1,0,0,8230,-164,62,-11,266,836,-8,585,1549,-5,792,1051,3,2,74,1096.8043742405832,332.95261239368165,336.08748481166464,0.7290400972053462,0.467,31,154,4,11,0,0,1,0,0,1,0,0,0,0,0,9923,456,252,6,1299,656,16,1315,-91,3,321,-2011,-20,5,78,6,762.7217496962332,37.5820170109356,1091.0814094775212,0.583232077764277,0.6,13,103,4,6,0,0,1,1,0,0,0,0,0,0,0,8230,-46,122,-2,469,341,2,-1181,-233,-7,-2394,-1685,-9,1,85,742.636695018226,98.56622114216282,98.56622114216282,0.6561360874848117,0.267,523,29,4,21,0,0,1,0,0,0,0,0,0,1,0,8021,267,-324,-1,-523,-622,3,-1498,-1903,-15,-2867,-2464,-15,3,77,757.1081409477521,328.9428918590522,328.9428918590522,0.7654921020656136,0.4,117,37,4,7,0,0,1,0,1,0,0,0,0,0,0,8214,235,79,-2,335,606,-4,-71,-486,-8,-811,-1029,-2,4,8,279.11300121506684,85.69866342648845,85.69866342648845,2.3693803159173754,0.467,4771.9494077999425,0.4,14632.303475529749,5297.085353055919,0.0,14365.539356390347,3929.570656870168,0.4,12979.624416754132,4525.281567912326,0.0,11153.433058928538,0.15384615384615385,0.46153846153846156,0.38461538461538464,NEUTRAL,0.15384615384615385,0.38461538461538464,BOTSIDE,385.36,502.034,931.51,853.438,1,3,0,4,6,9,3,0.3333333333333333,0.6666666666666666,3.0,6.333333333333333,215.658,PICK,6,0.16666666666666666,0.6666666666666666,3.3333333333333335,7.166666666666667,9,0.2222222222222222,0.6666666666666666,3.2222222222222223,6.888888888888889,0,2,1,0,1,2,0,1,2,DRAGON,GRUBS_HERALD,TEAMFIGHT,PICK,SPLIT_1_3_1,NEUTRAL,MID,SPLIT,YES,1,0,4,0,1,3,0
EUW1_7734104917,200,1,27.433333333333334,16.3.745.7600,420,114,86,4,14,0,0,1,0,0,0,0,0,1,0,0,8010,164,-62,11,-266,-836,8,-585,-1549,5,-792,-1051,-3,0,82,1020.6561360874848,379.21020656136085,462.94046172539487,1.057108140947752,0.237,154,31,4,11,0,0,1,0,0,1,0,0,0,0,0,8010,-456,-252,-6,-1299,-656,-16,-1315,91,-3,-321,2011,20,3,68,11,549.4410692588092,45.34629404617254,1239.9878493317133,0.9113001215066828,0.474,103,13,4,12,0,0,1,0,0,0,1,0,0,0,0,8112,46,-122,2,-469,-341,-2,1181,233,7,2394,1685,9,5,83,934.7387606318348,162.35722964763062,421.60388821385175,0.6561360874848117,0.605,29,523,4,21,0,0,1,0,0,0,0,0,0,1,0,8005,-267,324,1,523,622,-3,1498,1903,15,2867,2464,15,7,74,1446.8894289185905,463.4507897934386,842.588092345079,0.3645200486026731,0.684,37,117,4,7,0,0,1,0,1,0,0,0,0,0,0,8214,-235,-79,2,-335,-606,4,71,486,8,811,1029,2,9,12,505.4070473876063,112.89185905224787,220.31591737545565,3.462940461725395,0.921,4791.053574614201,0.2,14538.116521750675,4537.389248679843,0.2,10340.375428387502,3050.0912166006224,0.6,14257.822309174708,2666.523938158169,0.6,9517.93223342129,0.15384615384615385,0.6153846153846154,0.23076923076923078,MID,0.15384615384615385,0.23076923076923078,NEUTRAL,736.218,,,912.751,1,0,0,1,8,22,5,0.4,0.6,2.6,5.6,344.454,TEAMFIGHT,9,0.1111111111111111,0.7777777777777778,3.3333333333333335,7.222222222222222,14,0.21428571428571427,0.7142857142857143,3.0714285714285716,6.642857142857143,0,1,0,0,1,0,0,1,3,DRAGON,DRAGONS,TEAMFIGHT,TEAMFIGHT,STANDARD,BOT,MID,MIXED,NO,3,1,7,1,0,0,0
EUW1_7734052936,100,1,19.5,16.3.745.7600,420,68,114,4,14,0,0,1,0,0,0,0,0,1,0,0,8229,329,51,-2,1009,913,9,2123,2814,30,3089,4904,53,8,70,862.8205128205128,250.82051282051282,250.82051282051282,0.8717948717948718,0.52,48,950,4,11,0,0,1,0,0,1,0,0,0,0,0,8008,-110,-60,0,29,-544,-6,222,6,0,1608,1415,-14,3,74,2,412.87179487179486,46.15384615384615,1410.051282051282,0.7692307692307693,0.36,136,61,4,12,0,0,1,0,0,0,1,0,0,0,0,8229,-136,-16,-8,-518,-305,-19,-994,-1038,-38,-342,-222,-36,0,76,465.2307692307692,0.0,22.564102564102566,0.46153846153846156,0.2,67,81,4,21,0,0,1,0,0,0,0,0,0,1,0,8005,-492,-49,-11,-860,-80,-10,800,712,0,2918,1808,16,4,91,564.5641025641025,670.3589743589744,670.3589743589744,0.15384615384615385,0.28,43,555,4,7,0,0,1,0,1,0,0,0,0,0,0,8214,-44,0,-6,-138,269,-10,240,842,-13,1105,2532,-17,5,7,401.5897435897436,92.15384615384616,260.20512820512823,2.051282051282051,0.52,3483.7862324707858,0.4,11515.58669803671,4975.535308331535,0.0,11345.840471291673,3093.21947134631,0.2,8443.640565538066,4816.3242748451485,0.2,11512.225023860505,0.15384615384615385,0.5384615384615384,0.3076923076923077,MID,0.15384615384615385,0.3076923076923077,BOTSIDE,981.741,515.787,1129.24,982.643,0,3,0,3,11,14,6,0.3333333333333333,0.5,2.3333333333333335,4.666666666666667,137.285,PICK,5,0.0,0.8,3.0,6.4,11,0.18181818181818182,0.6363636363636364,2.6363636363636362,5.454545454545454,0,1,3,0,1,0,0,1,2,GRUBS,GRUBS_HERALD,TEAMFIGHT,PICK,SPLIT_1_3_1,NEUTRAL,FAST,SPLIT,YES,1,0,3,0,1,3,0
EUW1_7734052936,200,0,19.5,16.3.745.7600,420,114,68,4,14,0,0,1,0,0,0,0,0,1,0,0,8005,-329,-51,2,-1009,-913,-9,-2123,-2814,-30,-3089,-4904,-53,1,61,609.4871794871794,144.10256410256412,144.10256410256412,0.7692307692307693,0.4,950,48,4,11,0,0,1,0,0,1,0,0,0,0,0,8010,110,60,0,-29,544,6,-222,-6,0,-1608,-1415,14,3,79,9,421.53846153846155,3.8461538461538463,283.6923076923077,0.5641025641025641,0.8,61,136,4,12,0,0,1,0,0,0,1,0,0,0,0,8230,136,16,8,518,305,19,994,1038,38,342,222,36,1,95,694.2564102564103,231.12820512820514,231.12820512820514,0.5128205128205128,0.4,81,67,4,21,0,0,1,0,0,0,0,0,0,1,0,8008,492,49,11,860,80,10,-800,-712,0,-2918,-1808,-16,1,101,531.5384615384615,321.02564102564105,321.02564102564105,0.5128205128205128,0.2,555,43,4,14,0,0,1,0,0,0,0,0,1,0,0,8351,44,0,6,138,-269,10,-240,-842,13,-1105,-2532,17,3,17,170.56410256410257,0.0,0.0,2.923076923076923,0.6,4225.224143129596,0.4,14159.609493202839,4150.7418911466075,0.2,11412.294642183051,2618.867078067281,0.4,7912.548325286867,4776.447505867409,0.0,12231.577698727177,0.15384615384615385,0.5384615384615384,0.3076923076923077,MID,0.15384615384615385,0.3076923076923077,BOTSIDE,517.925,,,1042.973,1,0,0,1,4,1,4,0.25,0.5,2.5,5.5,188.276,PICK,1,0.0,1.0,3.0,6.0,5,0.2,0.6,2.6,5.6,0,0,2,0,1,3,0,1,1,DRAGON,DRAGONS,TEAMFIGHT,PICK,STANDARD,NEUTRAL,SLOW,SPLIT,NO,1,0,2,0,0,0,0
EUW1_7733988532,100,0,27.95,16.3.745.7600,420,19,164,4,21,0,0,1,0,0,0,0,0,0,1,0,8008,214,102,18,1300,559,48,2700,2539,85,3306,3033,98,2,100,1474.7763864042934,289.5169946332737,391.98568872987477,0.7871198568872988,0.478,60,36,4,11,0,0,1,0,0,1,0,0,0,0,0,8128,-438,-138,-2,-146,-378,-1,607,-811,-16,55,-1554,-19,6,69,3,585.8676207513417,2.146690518783542,1637.9248658318427,1.073345259391771,0.435,112,61,4,12,0,0,1,0,0,0,1,0,0,0,0,8214,272,589,13,-7,503,13,1091,1601,28,1157,1911,43,3,92,1045.2951699463329,243.79248658318426,243.79248658318426,1.3237924865831843,0.217,119,498,4,21,0,0,1,0,0,0,0,0,0,1,0,8008,-168,8,4,528,-275,-6,1124,-203,3,-2365,-1726,-14,7,81,743.005366726297,195.34883720930233,195.34883720930233,0.6797853309481217,0.478,412,497,4,14,0,0,1,0,0,0,0,0,1,0,0,8439,-96,-85,-3,147,-448,-6,794,558,-6,285,-1032,-6,9,12,345.7960644007156,12.665474060822898,58.17531305903399,3.3631484794275495,0.609,5927.119419823895,0.0,14508.915224785069,4846.008539288336,0.0,13997.331174191742,3218.375668699702,0.4,9397.286523247016,3032.181901806311,0.4,10872.539951639636,0.07692307692307693,0.3076923076923077,0.6153846153846154,BOT,0.07692307692307693,0.6153846153846154,BOTSIDE,394.677,497.367,925.58,780.811,1,3,0,4,11,9,7,0.2857142857142857,0.42857142857142855,2.142857142857143,5.0,341.521,PICK,7,0.42857142857142855,0.5714285714285714,2.5714285714285716,5.571428571428571,14,0.35714285714285715,0.5,2.357142857142857,5.285714285714286,1,0,2,0,1,4,0,1,1,DRAGON,GRUBS_HERALD,TEAMFIGHT,PICK,STANDARD,MID,FAST,SPLIT,YES,2,0,3,0,1,3,0
EUW1_7733988532,200,1,27.95,16.3.745.7600,420,164,19,4,14,0,0,1,0,0,0,0,0,1,0,0,8437,-214,-102,-18,-1300,-559,-48,-2700,-2539,-85,-3306,-3033,-98,2,52,843.2200357781753,280.7513416815743,280.7513416815743,1.0375670840787121,0.387,36,60,4,11,0,0,1,0,0,1,0,0,0,0,0,8021,438,138,2,146,378,1,-607,811,16,-55,1554,19,3,70,23,731.1270125223614,3.112701252236136,573.3094812164579,1.3953488372093024,0.484,61,112,4,12,0,0,1,0,0,0,1,0,0,0,0,8230,-272,-589,-13,7,-503,-13,-1091,-1601,-28,-1157,-1911,-43,1,79,757.1019677996422,393.84615384615387,463.8282647584973,0.6082289803220036,0.516,498,119,4,21,0,0,1,0,0,0,0,0,0,1,0,8008,168,-8,-4,-528,275,6,-1124,203,-3,2365,1726,14,4,87,1504.1144901610019,432.52236135957065,645.1162790697674,0.7513416815742398,0.806,497,412,4,7,0,0,1,0,1,0,0,0,0,0,0,8465,96,85,3,-147,448,6,-794,-558,6,-285,1032,6,4,18,228.58676207513417,148.37209302325581,183.72093023255815,2.6118067978533097,0.677,4035.4355192348025,0.2,11414.859964099429,5294.185537556923,0.2,12990.116435197955,2134.8427906659686,0.6,6258.592573414569,2949.2358358856864,0.6,9245.580241391019,0.38461538461538464,0.46153846153846156,0.15384615384615385,NEUTRAL,0.38461538461538464,0.15384615384615385,TOPSIDE,735.585,,,988.186,1,0,0,1,7,16,6,0.16666666666666666,0.6666666666666666,2.3333333333333335,5.5,223.963,TEAMFIGHT,7,0.14285714285714285,0.5714285714285714,2.7142857142857144,6.0,13,0.15384615384615385,0.6153846153846154,2.5384615384615383,5.769230769230769,0,3,2,0,1,1,0,2,2,DRAGON,DRAGONS,TEAMFIGHT,TEAMFIGHT,STANDARD,NEUTRAL,SLOW,MIXED,NO,2,1,8,2,0,0,0
EUW1_7733941603,100,0,23.0,16.3.745.7600,420,164,39,4,14,0,0,1,0,0,0,0,0,1,0,0,8010,-436,-483,-4,-2830,-3560,-39,-4387,-4414,-47,-6221,-4539,-61,2,54,509.8695652173913,286.6521739130435,286.6521739130435,0.391304347826087,0.174,60,107,4,11,0,0,1,0,0,1,0,0,0,0,0,8112,544,220,3,579,497,4,1135,572,-2,850,653,-9,11,75,2,717.6521739130435,0.0,0.0,1.2608695652173914,0.783,103,61,4,12,0,0,1,0,0,0,1,0,0,0,0,8112,562,147,4,1100,-44,11,1234,-102,11,924,-725,15,6,96,800.1304347826087,64.30434782608695,64.30434782608695,1.391304347826087,0.565,360,145,4,21,0,0,1,0,0,0,0,0,0,1,0,8010,-351,-134,-4,-375,-10,10,-1355,-34,4,-1826,-130,12,7,91,671.8260869565217,82.26086956521739,82.26086956521739,0.6956521739130435,0.522,53,497,4,7,0,0,1,0,1,0,0,0,0,0,0,8351,-99,-253,-1,-20,358,-6,-318,603,-8,187,2160,-8,7,14,185.65217391304347,0.0,0.0,2.347826086956522,0.565,5299.466800671504,0.2,15078.671161611026,3668.192337066697,0.2,8820.789363770116,2901.1064275979866,0.4,8524.27785797718,2118.67440035687,0.6,7618.5332577865665,0.23076923076923078,0.46153846153846156,0.3076923076923077,MID,0.23076923076923078,0.3076923076923077,NEUTRAL,,,,1345.739,0,0,0,0,12,11,5,0.0,1.0,5.2,9.4,206.196,TEAMFIGHT,4,0.0,0.75,6.0,8.5,9,0.0,0.8888888888888888,5.555555555555555,9.0,0,0,1,0,0,0,0,1,1,NONE,NONE,TEAMFIGHT,TEAMFIGHT,SPLIT_1_3_1,NEUTRAL,MID,SPLIT,NO,0,0,1,0,0,0,0
EUW1_7733941603,200,1,23.0,16.3.745.7600,420,39,164,4,14,0,0,1,0,0,0,0,0,1,0,0,8010,436,483,4,2830,3560,39,4387,4414,47,6221,4539,61,10,93,1151.391304347826,999.9130434782609,1335.3478260869565,0.4782608695652174,0.625,107,60,4,11,0,0,1,0,0,1,0,0,0,0,0,8369,-544,-220,-3,-579,-497,-4,-1135,-572,2,-850,-653,9,6,70,13,672.1304347826087,6.086956521739131,573.2173913043479,1.391304347826087,0.344,61,103,4,12,0,0,1,0,0,0,1,0,0,0,0,8230,-562,-147,-4,-1100,44,-11,-1234,102,-11,-924,725,-15,1,85,514.0,62.130434782608695,66.95652173913044,0.6086956521739131,0.375,145,360,4,21,0,0,1,0,0,0,0,0,0,1,0,8008,351,134,4,375,10,-10,1355,34,-4,1826,130,-12,5,81,1030.304347826087,297.39130434782606,567.1304347826087,0.6086956521739131,0.438,497,53,4,14,0,0,1,0,0,0,0,0,1,0,0,8465,99,253,1,20,-358,6,318,-603,8,-187,-2160,8,5,20,154.2173913043478,117.56521739130434,135.82608695652175,2.9565217391304346,0.375,4446.769834496864,0.0,11601.968453671989,4274.931976155275,0.2,12428.424598475865,4932.621025704682,0.0,13121.546593294557,3494.292614542717,0.2,8746.320883663027,0.15384615384615385,0.46153846153846156,0.38461538461538464,NEUTRAL,0.15384615384615385,0.38461538461538464,BOTSIDE,435.623,505.672,,567.512,2,3,0,5,17,15,7,0.14285714285714285,0.8571428571428571,4.285714285714286,7.857142857142857,206.196,TEAMFIGHT,4,0.25,0.75,5.75,8.25,11,0.18181818181818182,0.8181818181818182,4.818181818181818,8.0,1,0,4,0,5,3,1,0,3,DRAGON,GRUBS_HERALD,TEAMFIGHT,TEAMFIGHT,STANDARD,NEUTRAL,FAST,SPLIT,YES,3,0,7,1,0,3,0
EUW1_7733892500,100,0,27.75,16.3.745.7600,420,19,166,4,21,0,0,1,0,0,0,0,0,0,1,0,8008,-623,-311,-11,-1510,-1385,-25,-495,69,-17,-86,1230,2,3,64,569.7297297297297,402.990990990991,640.2162162162163,0.9009009009009009,0.29,799,200,4,11,0,0,1,0,0,1,0,0,0,0,0,8010,-92,152,1,62,324,8,-259,396,0,603,758,17,4,70,7,707.063063063063,0.0,1467.6756756756756,0.9369369369369369,0.355,950,517,4,14,0,0,1,0,0,0,0,0,1,0,0,9923,-537,-502,6,1298,1227,27,3017,1782,32,5977,3988,56,9,78,1293.6936936936936,323.4234234234234,323.4234234234234,0.5765765765765766,0.71,29,804,4,21,0,0,1,0,0,0,0,0,0,1,0,8005,-273,-242,-11,111,-180,-15,-1553,-343,-17,-1980,-853,-46,3,77,701.5135135135135,95.85585585585585,149.33333333333334,0.43243243243243246,0.323,89,117,4,7,0,0,1,0,1,0,0,0,0,0,0,8351,-92,68,0,-40,146,0,-350,-297,-5,-186,-809,-2,5,19,233.2972972972973,36.93693693693694,43.387387387387385,2.954954954954955,0.419,4933.586288029155,0.2,13300.620624617484,5292.274490046557,0.0,13455.019732427001,2493.921043237534,0.4,6331.304210034454,2521.9324543476346,0.6,8202.649571937107,0.38461538461538464,0.3076923076923077,0.3076923076923077,NEUTRAL,0.38461538461538464,0.3076923076923077,NEUTRAL,913.687,499.801,1013.179,986.68,0,3,0,3,9,20,5,0.4,0.4,2.4,5.6,336.407,SKIRMISH,8,0.125,0.875,4.625,7.875,13,0.23076923076923078,0.6923076923076923,3.769230769230769,7.0,0,2,3,0,1,1,0,2,0,GRUBS,GRUBS_HERALD,TEAMFIGHT,NONE,SPLIT_1_3_1,TOP,FAST,SPLIT,YES,3,0,5,0,1,3,0
EUW1_7733892500,200,1,27.75,16.3.745.7600,420,166,19,4,14,0,0,1,0,0,0,0,0,1,0,0,8005,623,311,11,1510,1385,25,495,-69,17,86,-1230,-2,4,89,887.8918918918919,347.8198198198198,563.4594594594595,0.5045045045045045,0.517,200,799,4,11,0,0,1,0,0,1,0,0,0,0,0,8010,92,-152,-1,-62,-324,-8,259,-396,0,-603,-758,-17,4,55,9,536.5045045045046,197.83783783783784,1062.126126126126,0.6126126126126126,0.483,517,950,4,14,0,0,1,0,0,0,0,0,1,0,0,8112,537,502,-6,-1298,-1227,-27,-3017,-1782,-32,-5977,-3988,-56,2,51,726.918918918919,81.44144144144144,81.44144144144144,0.9009009009009009,0.517,804,29,1,4,1,0,1,0,0,0,0,0,0,0,0,8008,273,242,11,-111,180,15,1553,343,17,1980,853,46,4,92,1100.936936936937,389.9099099099099,875.1351351351351,0.6846846846846847,0.655,117,89,4,7,0,0,1,0,1,0,0,0,0,0,0,8214,92,-68,0,40,-146,0,350,297,5,186,809,2,4,19,280.7927927927928,84.68468468468468,234.9189189189189,3.279279279279279,0.69,6056.311229598054,0.0,14222.422437826828,4825.216138151614,0.2,14135.507065542433,3524.207573249546,0.4,9696.500863713674,3782.253714692824,0.2,8522.362231212659,0.38461538461538464,0.3076923076923077,0.3076923076923077,NEUTRAL,0.38461538461538464,0.3076923076923077,NEUTRAL,549.692,,,708.518,1,0,0,1,8,17,8,0.625,0.25,1.875,4.5,134.558,PICK,6,0.0,1.0,5.666666666666667,9.0,14,0.35714285714285715,0.5714285714285714,3.5,6.428571428571429,0,0,1,0,0,1,1,0,5,DRAGON,DRAGONS,TEAMFIGHT,PICK,STANDARD,BOT,FAST,SPLIT,YES,1,1,7,1,0,0,0
EUW1_7733777760,100,1,28.783333333333335,16.3.745.7600,420,3,901,4,12,0,0,1,0,0,0,1,0,0,0,0,8230,11,-45,2,-104,-140,-5,-22,-586,-15,47,360,-10,4,87,487.504342790967,265.9872611464968,293.01679212507236,0.8685581933989577,0.462,121,427,4,11,0,0,1,0,0,1,0,0,0,0,0,8369,61,333,8,512,282,-1,2247,2446,35,3129,2205,42,5,78,28,919.8726114649681,171.4186450492183,1563.9258830341632,1.7371163867979154,0.615,26,84,4,12,0,0,1,0,0,0,1,0,0,0,0,8214,-88,89,-8,-299,-124,-17,-1022,-1632,-29,-158,191,-17,2,73,498.5176606832658,135.9119861030689,180.86855819339894,1.0770121598147075,0.615,67,222,4,21,0,0,1,0,0,0,0,0,0,1,0,8005,34,97,1,928,539,-1,512,754,-3,117,783,3,5,92,1445.4892877822813,366.9832078749276,693.4568616097279,1.1812391430225824,0.654,117,412,4,7,0,0,1,0,1,0,0,0,0,0,0,8214,95,26,-5,532,295,-10,450,730,-11,829,1283,-13,5,9,277.45222929936307,62.29299363057324,102.73306311522872,2.7793862188766645,0.692,4933.641590391779,0.0,14784.385276365061,4149.78660432102,0.0,10430.665990242427,5288.51683097258,0.2,13948.13281410813,1921.773380815679,0.6,6965.114859067294,0.23076923076923078,0.46153846153846156,0.3076923076923077,MID,0.23076923076923078,0.3076923076923077,NEUTRAL,521.6,,942.346,983.401,1,0,0,1,9,11,5,0.2,0.6,3.0,5.8,338.452,PICK,6,0.3333333333333333,0.3333333333333333,2.5,6.0,11,0.2727272727272727,0.45454545454545453,2.727272727272727,5.909090909090909,0,2,1,0,1,2,0,2,3,DRAGON,DRAGONS,TEAMFIGHT,PICK,SPLIT_1_3_1,NEUTRAL,MID,SPLIT,NO,3,1,8,0,1,0,0
EUW1_7733777760,200,0,28.783333333333335,16.3.745.7600,420,901,3,4,12,0,0,1,0,0,0,1,0,0,0,0,8021,-11,45,-2,104,140,5,22,586,15,-47,-360,10,1,92,1173.6653155761435,333.94325419803124,345.8946149392009,0.5211349160393746,0.417,427,121,4,11,0,0,1,0,0,1,0,0,0,0,0,8351,-61,-333,-8,-512,-282,1,-2247,-2446,-35,-3129,-2205,-42,2,71,0,200.4284887087435,3.161551823972206,372.7156919513607,1.4244354371742907,0.417,84,26,4,14,0,0,1,0,0,0,0,0,1,0,0,8112,88,-89,8,299,124,17,1022,1632,29,158,-191,17,3,90,570.0868558193399,52.0787492762015,104.64389114070642,0.6948465547191661,0.417,222,67,4,21,0,0,1,0,0,0,0,0,0,1,0,8008,-34,-97,-1,-928,-539,1,-512,-754,3,-117,-783,-3,2,93,605.4545454545454,197.37116386797913,275.5761436016213,0.6948465547191661,0.5,412,117,4,14,0,0,1,0,0,0,0,0,1,0,0,8351,-95,-26,5,-532,-295,10,-450,-730,11,-829,-1283,13,2,19,218.39027214823392,24.354371742906775,28.76664736537348,2.2235089751013315,0.417,5098.595831272769,0.0,14394.362577064674,5850.6307000573015,0.0,14434.848734919253,5242.463669059862,0.2,14268.465509647489,2133.264214133693,0.6,5802.119612693279,0.3076923076923077,0.38461538461538464,0.3076923076923077,NEUTRAL,0.3076923076923077,0.3076923076923077,NEUTRAL,1161.886,509.066,,1532.127,0,3,0,3,6,6,4,0.0,0.75,3.5,6.5,463.286,TEAMFIGHT,3,0.0,1.0,3.6666666666666665,8.333333333333334,7,0.0,0.8571428571428571,3.5714285714285716,7.285714285714286,0,0,3,0,0,1,0,0,0,GRUBS,GRUBS_HERALD,TEAMFIGHT,TEAMFIGHT,STANDARD,TOP,MID,SPLIT,YES,1,0,2,0,0,3,0
EUW1_7733736970,100,1,28.3,16.3.745.7600,420,82,24,4,14,0,0,1,0,0,0,0,0,1,0,0,8010,-152,152,-5,485,763,-5,1878,3064,19,3177,3616,36,5,73,1350.8127208480564,462.6855123674911,462.6855123674911,0.8480565371024735,0.348,91,950,4,11,0,0,1,0,0,1,0,0,0,0,0,8021,-4,-168,-5,-247,139,2,134,147,16,870,1916,38,6,63,18,974.0989399293286,285.68904593639576,1727.173144876325,0.8127208480565371,0.435,55,7,4,14,0,0,1,0,0,0,0,0,1,0,0,8128,382,-255,-22,596,-87,-24,1391,596,-34,1115,-1020,-55,9,52,1118.86925795053,246.14840989399292,352.65017667844523,0.9187279151943463,0.478,29,222,4,21,0,0,1,0,0,0,0,0,0,1,0,8005,-470,-243,-12,-1133,-319,-25,-988,-160,-27,916,638,-21,5,62,850.7773851590106,340.1766784452297,801.7314487632509,0.10600706713780919,0.283,117,412,4,7,0,0,1,0,1,0,0,0,0,0,0,8214,-104,98,-7,-579,-413,-13,-655,-263,-10,-786,1078,-9,4,9,286.14840989399295,43.851590106007066,138.23321554770317,3.3568904593639575,0.478,5732.400838143557,0.2,14660.696095342813,5429.195161535255,0.2,13860.392490835171,3296.927947532168,0.4,10970.405872163528,2365.3522719836737,0.4,7114.037180110882,0.6153846153846154,0.23076923076923078,0.15384615384615385,TOP,0.6153846153846154,0.15384615384615385,TOPSIDE,854.8,535.108,966.933,832.401,0,3,0,3,15,23,8,0.25,0.75,3.75,6.875,108.026,PICK,8,0.25,0.75,4.25,6.875,16,0.25,0.75,4.0,6.875,0,2,2,1,1,5,0,2,0,GRUBS,GRUBS_HERALD,TEAMFIGHT,PICK,SPLIT_1_3_1,MID,FAST,SPLIT,YES,3,1,10,2,1,3,0
EUW1_7733736970,200,0,28.3,16.3.745.7600,420,24,82,4,12,0,0,1,0,0,0,1,0,0,0,0,8010,152,-152,5,-485,-763,5,-1878,-3064,-19,-3177,-3616,-36,2,78,582.4381625441696,150.3886925795053,150.3886925795053,0.8480565371024735,0.103,950,91,4,11,0,0,1,0,0,1,0,0,0,0,0,8010,4,168,5,247,-139,-2,-134,-147,-16,-870,-1916,-38,9,58,17,909.2226148409894,147.5971731448763,384.8056537102473,0.9540636042402827,0.552,7,55,4,14,0,0,1,0,0,0,0,0,1,0,0,8112,-382,255,22,-596,87,24,-1391,-596,34,-1115,1020,55,3,76,899.7879858657244,79.2226148409894,79.2226148409894,0.5300353356890459,0.414,222,29,4,21,0,0,1,0,0,0,0,0,0,1,0,8008,470,243,12,1133,319,25,988,160,27,-916,-638,21,10,87,776.7844522968197,225.15901060070672,284.6289752650177,0.35335689045936397,0.552,412,117,4,14,0,0,1,0,0,0,0,0,1,0,0,8439,104,-98,7,579,413,13,655,263,10,786,-1078,9,11,22,398.4452296819788,1.5547703180212014,1.5547703180212014,1.872791519434629,0.655,5648.997989702465,0.0,11328.361443739337,5977.579249653529,0.0,14885.712948999117,4103.100697648944,0.2,13718.005139232162,2030.4503950551266,0.6,7976.236769304181,0.15384615384615385,0.38461538461538464,0.46153846153846156,NEUTRAL,0.15384615384615385,0.46153846153846156,BOTSIDE,,,,978.995,0,0,0,0,16,11,6,0.16666666666666666,0.8333333333333334,4.5,7.666666666666667,276.943,TEAMFIGHT,5,0.0,1.0,5.6,7.8,11,0.09090909090909091,0.9090909090909091,5.0,7.7272727272727275,0,0,1,0,0,1,0,1,2,NONE,NONE,TEAMFIGHT,TEAMFIGHT,SPLIT_1_3_1,NEUTRAL,MID,SPLIT,NO,0,0,2,0,0,0,0
EUW1_7733698797,100,1,31.583333333333332,16.3.745.7600,420,13,904,4,6,0,0,1,1,0,0,0,0,0,0,0,8230,143,158,0,1410,1477,12,1129,2064,11,1952,4472,20,5,83,951.8944591029024,420.5382585751979,619.6939313984169,1.424802110817942,0.432,91,64,4,11,0,0,1,0,0,1,0,0,0,0,0,8112,314,-44,-1,302,-340,3,888,-306,2,2936,3001,28,8,62,21,1058.311345646438,94.9868073878628,2060.390501319261,1.108179419525066,0.622,134,3,4,12,0,0,1,0,0,0,1,0,0,0,0,8369,1,146,-5,601,844,14,1849,1531,19,3438,2147,22,6,101,796.5593667546175,202.13192612137203,333.81530343007915,0.8865435356200528,0.514,18,523,4,21,0,0,1,0,0,0,0,0,0,1,0,8008,303,-107,-1,361,-327,-5,898,-465,3,663,223,-6,4,79,1423.7889182058047,394.16358839050133,620.8970976253298,0.633245382585752,0.432,267,117,4,7,0,0,1,0,1,0,0,0,0,0,0,8214,415,-15,-6,163,-101,-6,414,471,-10,1102,1184,-9,6,14,356.9920844327177,60.98153034300792,114.20580474934037,2.849604221635884,0.649,5041.557927695468,0.0,15051.969738210344,5108.091111403938,0.2,13833.075471492231,4324.007672997357,0.4,13744.404243182022,1662.912606453261,0.8,5309.15737193766,0.23076923076923078,0.3076923076923077,0.46153846153846156,BOT,0.23076923076923078,0.46153846153846156,BOTSIDE,930.602,584.959,1016.573,1004.755,0,3,0,3,11,14,9,0.3333333333333333,0.4444444444444444,2.2222222222222223,4.555555555555555,110.762,PICK,7,0.14285714285714285,0.42857142857142855,2.2857142857142856,5.428571428571429,16,0.25,0.4375,2.25,4.9375,0,3,2,0,2,2,0,2,4,GRUBS,GRUBS_HERALD,TEAMFIGHT,PICK,SPLIT_1_3_1,BOT,FAST,SPLIT,YES,2,2,9,0,1,3,0
EUW1_7733698797,200,0,31.583333333333332,16.3.745.7600,420,904,13,4,12,0,0,1,0,0,0,1,0,0,0,0,8010,-143,-158,0,-1410,-1477,-12,-1129,-2064,-11,-1952,-4472,-20,0,71,705.7519788918206,358.16358839050133,358.16358839050133,0.8548812664907652,0.235,64,91,4,11,0,0,1,0,0,1,0,0,0,0,0,8010,-314,44,1,-302,340,-3,-888,306,-2,-2936,-3001,-28,5,62,11,527.3034300791556,90.26912928759894,307.40897097625333,1.108179419525066,0.353,3,134,4,12,0,0,1,0,0,0,1,0,0,0,0,8230,-1,-146,5,-601,-844,-14,-1849,-1531,-19,-3438,-2147,-22,1,87,300.5382585751979,110.88126649076517,110.88126649076517,0.5699208443271768,0.059,523,18,4,21,0,0,1,0,0,0,0,0,0,1,0,8005,-303,107,1,-361,327,5,-898,465,-3,-663,-223,6,3,84,1128.8865435356201,367.6622691292876,605.3825857519789,0.8232189973614776,0.706,117,267,4,7,0,0,1,0,1,0,0,0,0,0,0,8214,-415,15,6,-163,101,6,-414,-471,10,-1102,-1184,9,4,20,185.73087071240107,1.9947229551451189,20.010554089709764,2.4379947229551453,0.647,5149.184659252111,0.2,13721.415561085525,4440.482653732987,0.4,13693.079602485339,5424.176775584352,0.0,12775.36743111524,3731.407928047648,0.2,10705.124613940747,0.3076923076923077,0.3076923076923077,0.38461538461538464,NEUTRAL,0.3076923076923077,0.38461538461538464,NEUTRAL,518.941,,,1182.176,1,0,0,1,5,9,5,0.0,0.6,2.8,5.4,314.381,TEAMFIGHT,5,0.2,0.2,2.2,4.6,10,0.1,0.4,2.5,5.0,0,2,2,0,2,0,0,0,0,DRAGON,DRAGONS,MIXED,TEAMFIGHT,STANDARD,TOP,SLOW,SPLIT,NO,2,0,5,0,0,0,0
EUW1_7733665101,100,1,25.2,16.3.745.7600,420,14,901,4,12,0,0,1,0,0,0,1,0,0,0,0,8437,702,454,12,-134,-337,3,-589,-1203,-4,701,835,17,2,75,919.2460317460318,331.94444444444446,331.94444444444446,0.873015873015873,0.4,11,120,4,11,0,0,1,0,0,1,0,0,0,0,0,8008,-260,132,3,-127,-180,1,18,288,8,96,704,31,4,62,15,546.8253968253969,121.82539682539682,1796.4285714285716,1.507936507936508,0.3,910,142,4,12,0,0,1,0,0,0,1,0,0,0,0,8229,-91,686,6,732,1232,13,776,1200,19,1154,1740,16,7,70,648.531746031746,384.3650793650794,597.8571428571429,0.5158730158730159,0.467,236,202,1,4,1,0,1,0,0,0,0,0,0,0,0,8005,587,350,14,2421,1132,46,2060,685,53,1864,-176,39,5,107,1424.8809523809525,232.30158730158732,232.30158730158732,0.753968253968254,0.6,267,89,4,7,0,0,1,0,1,0,0,0,0,0,0,8214,-189,-265,-1,360,453,5,442,381,8,980,864,13,9,12,460.8730158730159,72.22222222222223,78.33333333333333,2.857142857142857,0.8,4472.702429609341,0.4,13361.144150109301,3794.9714802886565,0.4,13429.728589960408,4826.983239246117,0.2,12893.144418643577,1228.5746908418218,0.8,4113.0549473596875,0.15384615384615385,0.46153846153846156,0.38461538461538464,NEUTRAL,0.15384615384615385,0.38461538461538464,BOTSIDE,895.784,533.17,1092.128,1006.087,0,1,0,1,11,19,6,0.3333333333333333,0.5,3.0,5.666666666666667,139.005,PICK,9,0.3333333333333333,0.6666666666666666,2.888888888888889,6.111111111111111,15,0.3333333333333333,0.6,2.933333333333333,5.933333333333334,0,1,1,0,5,2,0,1,2,GRUBS,GRUBS_HERALD,TEAMFIGHT,PICK,STANDARD,NEUTRAL,MID,SPLIT,NO,2,1,8,1,1,1,0
EUW1_7733665101,200,0,25.2,16.3.745.7600,420,901,14,4,12,0,0,1,0,0,0,1,0,0,0,0,8021,-702,-454,-12,134,337,-3,589,1203,4,-701,-835,-17,5,72,1328.968253968254,102.85714285714286,118.88888888888889,1.2301587301587302,0.421,120,11,6,11,0,0,0,1,0,1,0,0,0,0,0,8230,260,-132,-3,127,180,-1,-18,-288,-8,-96,-704,-31,7,62,3,655.952380952381,0.0,313.8888888888889,0.753968253968254,0.737,142,910,4,14,0,0,1,0,0,0,0,0,1,0,0,8112,91,-686,-6,-732,-1232,-13,-776,-1200,-19,-1154,-1740,-16,6,57,828.8888888888889,105.43650793650794,124.64285714285715,1.0714285714285714,0.632,202,236,4,21,0,0,1,0,0,0,0,0,0,1,0,8021,-587,-350,-14,-2421,-1132,-46,-2060,-685,-53,-1864,176,-39,3,61,370.55555555555554,112.61904761904762,126.15079365079366,0.4761904761904762,0.263,89,267,4,14,0,0,1,0,0,0,0,0,1,0,0,8439,189,265,1,-360,-453,-5,-442,-381,-8,-980,-864,-13,7,5,246.38888888888889,0.0,17.817460317460316,2.8174603174603177,0.421,4714.175595041739,0.2,13684.67537064727,5213.925641100271,0.0,12684.582965158927,2839.4317391480645,0.6,11737.280306783168,576.0844599220279,1.0,1885.8316467808042,0.15384615384615385,0.38461538461538464,0.46153846153846156,NEUTRAL,0.15384615384615385,0.46153846153846156,BOTSIDE,,526.147,,,0,2,0,2,11,8,7,0.2857142857142857,0.42857142857142855,2.857142857142857,5.857142857142857,230.674,TEAMFIGHT,6,0.16666666666666666,0.8333333333333334,3.3333333333333335,7.0,13,0.23076923076923078,0.6153846153846154,3.076923076923077,6.384615384615385,0,0,1,0,0,0,0,0,1,GRUBS,GRUBS_HERALD,TEAMFIGHT,TEAMFIGHT,STANDARD,NEUTRAL,FAST,MIXED,YES,0,0,0,0,0,2,0
EUW1_7732865038,100,1,29.15,16.3.745.7600,420,107,114,3,4,0,1,1,0,0,0,0,0,0,0,0,8010,-172,-166,17,1287,810,39,2125,698,38,2010,694,29,4,89,708.1646655231561,419.24528301886795,991.286449399657,0.7547169811320755,0.359,59,254,4,11,0,0,1,0,0,1,0,0,0,0,0,8010,-979,-495,-9,-903,77,10,-917,147,18,-649,488,13,5,59,13,991.3550600343053,421.7152658662093,1385.7975986277875,1.0291595197255574,0.667,13,246,4,6,0,0,1,1,0,0,0,0,0,0,0,8230,-1080,-1091,-15,-2060,-1985,-18,-2378,-1574,-14,-3574,-2068,-30,3,54,617.1869639794169,192.0754716981132,310.39451114922815,0.8919382504288165,0.385,119,81,4,21,0,0,1,0,0,0,0,0,0,1,0,8008,736,166,5,725,348,18,1331,699,28,537,-427,-1,5,85,862.95025728988,292.07547169811323,767.6500857632933,0.7547169811320755,0.436,45,43,4,7,0,0,1,0,1,0,0,0,0,0,0,8214,402,361,3,212,460,11,1512,648,19,2428,1929,30,10,14,888.9193825042883,227.16981132075472,436.3293310463122,3.053173241852487,0.769,5778.944115006034,0.0,13644.472910303277,5278.725077137702,0.0,12700.019881874201,4852.877815890508,0.2,12753.414052715452,5000.801812099097,0.2,13998.060508513312,0.15384615384615385,0.5384615384615384,0.3076923076923077,MID,0.15384615384615385,0.3076923076923077,BOTSIDE,711.596,523.912,1125.403,795.541,1,2,0,3,11,18,7,0.0,1.0,3.5714285714285716,7.142857142857143,114.567,TEAMFIGHT,10,0.3,0.6,2.6,6.0,17,0.17647058823529413,0.7647058823529411,3.0,6.470588235294118,1,1,5,1,1,5,0,2,2,GRUBS,GRUBS_HERALD,TEAMFIGHT,TEAMFIGHT,SPLIT_1_3_1,NEUTRAL,FAST,SPLIT,YES,4,1,9,2,1,2,0
EUW1_7732865038,200,0,29.15,16.3.745.7600,420,114,107,4,14,0,0,1,0,0,0,0,0,1,0,0,8005,172,166,-17,-1287,-810,-39,-2125,-698,-38,-2010,-694,-29,4,50,632.21269296741,329.0222984562607,355.8490566037736,0.8919382504288165,0.241,254,59,4,11,0,0,1,0,0,1,0,0,0,0,0,8010,979,495,9,903,-77,-10,917,-147,-18,649,-488,-13,11,58,12,479.4511149228131,14.819897084048028,361.8867924528302,0.8919382504288165,0.586,246,13,4,14,0,0,1,0,0,0,0,0,1,0,0,8010,1080,1091,15,2060,1985,18,2378,1574,14,3574,2068,30,12,72,1068.3361921097771,345.3516295025729,388.9193825042882,0.548885077186964,0.586,81,119,4,21,0,0,1,0,0,0,0,0,0,1,0,8008,-736,-166,-5,-725,-348,-18,-1331,-699,-28,-537,427,1,5,67,686.7924528301887,98.55917667238423,151.2178387650086,0.548885077186964,0.241,43,45,4,7,0,0,1,0,1,0,0,0,0,0,0,8214,-402,-361,-3,-212,-460,-11,-1512,-648,-19,-2428,-1929,-30,9,3,309.87993138936537,10.4631217838765,30.017152658662095,3.3619210977701544,0.448,4277.361883867193,0.0,9201.222744831253,5910.722550700973,0.0,14257.023812843969,3690.689307073399,0.4,12587.170770272405,4796.075531756886,0.0,10762.018862648401,0.3076923076923077,0.38461538461538464,0.3076923076923077,NEUTRAL,0.3076923076923077,0.3076923076923077,NEUTRAL,377.721,513.077,,907.748,1,1,0,2,19,8,10,0.2,0.8,3.0,6.4,58.099,PICK,5,0.0,0.8,3.6,7.4,15,0.13333333333333333,0.8,3.2,6.733333333333333,0,2,2,0,1,1,0,1,2,DRAGON,MIXED,TEAMFIGHT,PICK,SPLIT_1_3_1,NEUTRAL,FAST,SPLIT,YES,1,0,4,0,0,1,0
EUW1_7732814949,100,1,24.733333333333334,16.3.745.7600,420,887,897,3,4,0,1,1,0,0,0,0,0,0,0,0,8010,557,187,-1,97,-11,-8,1,-10,-18,506,-753,-27,4,76,891.5498652291104,1010.0539083557951,1023.3153638814016,0.8086253369272237,0.394,64,35,4,11,0,0,1,0,0,1,0,0,0,0,0,8010,-236,-47,1,-659,-451,-6,102,-410,-8,154,-733,-18,8,58,1,574.7708894878706,14.150943396226415,1476.6711590296495,1.2938005390835579,0.667,134,68,4,12,0,0,1,0,0,0,1,0,0,0,0,8369,401,173,4,-232,377,12,548,987,29,1216,2088,53,5,95,1078.7466307277627,367.15633423180594,425.25606469002696,0.6064690026954178,0.545,22,29,4,21,0,0,1,0,0,0,0,0,0,1,0,8008,60,677,7,-466,499,-1,-1095,100,-21,-2378,-214,-20,7,67,772.9649595687331,298.5040431266846,392.5067385444744,0.6469002695417789,0.667,43,117,4,7,0,0,1,0,1,0,0,0,0,0,0,8229,264,92,-3,601,206,-6,442,-38,-13,77,-1033,-16,9,11,386.92722371967653,87.93800539083557,91.69811320754717,2.547169811320755,0.667,4983.875942249848,0.0,14721.472344843773,3572.7973516626253,0.6,12199.950696621689,4472.614194072574,0.0,14167.708530316395,3554.3252195260634,0.2,9659.943064014404,0.46153846153846156,0.07692307692307693,0.46153846153846156,NEUTRAL,0.46153846153846156,0.46153846153846156,NEUTRAL,1035.976,544.512,953.516,953.817,0,3,0,3,13,20,7,0.14285714285714285,0.7142857142857143,3.0,6.285714285714286,144.748,TEAMFIGHT,7,0.0,1.0,4.571428571428571,8.714285714285714,14,0.07142857142857142,0.8571428571428571,3.7857142857142856,7.5,0,3,0,0,5,2,0,3,2,GRUBS,GRUBS_HERALD,TEAMFIGHT,TEAMFIGHT,SPLIT_1_3_1,NEUTRAL,FAST,SPLIT,YES,2,1,11,3,1,3,0
EUW1_7732814949,200,0,24.733333333333334,16.3.745.7600,420,897,887,4,12,0,0,1,0,0,0,1,0,0,0,0,8437,-557,-187,1,-97,11,8,-1,10,18,-506,753,27,2,84,439.93261455525607,117.93800539083557,117.93800539083557,0.7277628032345013,0.13,35,64,11,14,0,0,0,0,0,1,0,0,1,0,0,9923,236,47,-1,659,451,6,-102,410,8,-154,733,18,7,64,5,496.3342318059299,0.0,459.17789757412396,0.8490566037735848,0.522,68,134,4,14,0,0,1,0,0,0,0,0,1,0,0,8369,-401,-173,-4,232,-377,-12,-548,-987,-29,-1216,-2088,-53,4,83,686.6846361185984,129.86522911051213,331.4150943396226,0.6064690026954178,0.348,29,22,4,21,0,0,1,0,0,0,0,0,0,1,0,8005,-60,-677,-7,466,-499,1,1095,-100,21,2378,214,20,8,68,754.6900269541778,222.08894878706198,483.0323450134771,0.7277628032345013,0.652,117,43,4,7,0,0,1,0,1,0,0,0,0,0,0,8214,-264,-92,3,-601,-206,6,-442,38,13,-77,1033,16,8,17,279.82479784366575,67.19676549865228,127.23719676549865,1.9002695417789757,0.783,4657.209264105152,0.2,13883.970037420851,4868.420947933155,0.0,14116.65105469424,6634.369713063919,0.0,14253.946856923525,4347.093121655722,0.0,11287.627252881804,0.15384615384615385,0.38461538461538464,0.46153846153846156,NEUTRAL,0.15384615384615385,0.46153846153846156,BOTSIDE,631.016,,,936.937,1,0,0,1,11,12,6,0.0,1.0,3.5,7.166666666666667,144.748,TEAMFIGHT,5,0.0,1.0,5.0,9.0,11,0.0,1.0,4.181818181818182,8.0,0,0,2,0,0,3,0,1,0,DRAGON,DRAGONS,TEAMFIGHT,TEAMFIGHT,SPLIT_1_3_1,NEUTRAL,MID,SPLIT,NO,1,0,1,0,0,0,0
EUW1_7732756455,100,1,24.95,16.3.745.7600,420,266,145,4,14,0,0,1,0,0,0,0,0,1,0,0,8010,66,-360,-13,1274,688,5,3066,3518,24,4142,5428,52,9,82,647.2945891783568,636.5931863727455,876.312625250501,1.0420841683366733,0.378,91,234,11,14,0,0,0,0,0,1,0,0,1,0,0,8010,170,124,0,708,1245,13,1728,1988,25,1299,3710,29,9,86,22,1133.4669338677354,188.49699398797597,1959.5991983967936,0.9619238476953909,0.541,164,103,4,14,0,0,1,0,0,0,0,0,1,0,0,8437,129,-159,-10,99,-477,-26,680,267,-26,1040,579,-19,8,57,843.687374749499,361.96392785571146,530.5410821643287,0.8817635270541082,0.459,147,11,4,12,0,0,1,0,0,0,1,0,0,0,0,8229,-58,119,1,-920,-805,-10,-935,-289,7,-713,-256,5,2,67,437.1943887775551,401.7234468937876,431.8236472945892,0.6012024048096193,0.162,267,800,4,7,0,0,1,0,1,0,0,0,0,0,0,8214,37,-191,-5,-251,-185,-5,-256,-195,-5,-506,-712,-18,4,13,248.09619238476955,66.93386773547094,75.59118236472946,2.0040080160320644,0.297,5481.82301713003,0.0,13824.460206460142,5348.707563464738,0.0,11948.309085389448,3255.09269034513,0.6,11048.990225355437,2806.465557242337,0.6,9559.318228827828,0.5384615384615384,0.3076923076923077,0.15384615384615385,TOP,0.5384615384615384,0.15384615384615385,TOPSIDE,885.298,535.616,958.544,690.996,0,3,0,3,16,21,11,0.45454545454545453,0.45454545454545453,2.272727272727273,4.818181818181818,97.792,PICK,11,0.2727272727272727,0.6363636363636364,2.5454545454545454,5.7272727272727275,22,0.36363636363636365,0.5454545454545454,2.409090909090909,5.2727272727272725,1,1,4,0,5,1,0,1,2,GRUBS,GRUBS_HERALD,TEAMFIGHT,PICK,STANDARD,TOP,FAST,MIXED,YES,2,1,8,1,1,3,0
EUW1_7732756455,200,0,24.95,16.3.745.7600,420,145,266,4,12,0,0,1,0,0,0,1,0,0,0,0,8008,-66,360,13,-1274,-688,-5,-3066,-3518,-24,-4142,-5428,-52,1,77,491.26252505010024,251.18236472945893,251.18236472945893,0.5210420841683366,0.111,234,91,4,11,0,0,1,0,0,1,0,0,0,0,0,8010,-170,-124,0,-708,-1245,-13,-1728,-1988,-25,-1299,-3710,-29,3,72,9,668.7775551102204,0.0,220.80160320641284,0.8817635270541082,0.444,103,164,4,12,0,0,1,0,0,0,1,0,0,0,0,8112,-129,159,10,-99,477,26,-680,-267,26,-1040,-579,19,1,83,746.6132264529058,329.09819639278555,329.09819639278555,0.9218436873747495,0.333,11,147,4,14,0,0,1,0,0,0,0,0,1,0,0,9923,58,-119,-1,920,805,10,935,289,-7,713,256,-5,7,77,455.9118236472946,0.0,0.0,0.6813627254509018,0.5,800,267,3,4,0,1,1,0,0,0,0,0,0,0,0,8229,-37,191,5,251,185,5,256,195,5,506,712,18,6,18,592.9458917835672,60.320641282565134,101.00200400801603,2.925851703406814,0.5,4949.53137849525,0.0,14422.669690456065,5979.697479554519,0.0,13300.949214247832,3518.5194636175415,0.2,9400.631468151489,3092.495391629155,0.4,10899.687380838039,0.3076923076923077,0.23076923076923078,0.46153846153846156,BOT,0.3076923076923077,0.46153846153846156,BOTSIDE,528.135,,,1102.639,1,0,0,1,10,8,7,0.2857142857142857,0.5714285714285714,2.7142857142857144,5.714285714285714,277.176,PICK,5,0.0,1.0,4.2,7.4,12,0.16666666666666666,0.75,3.3333333333333335,6.416666666666667,0,1,1,0,1,0,0,1,1,DRAGON,DRAGONS,TEAMFIGHT,PICK,SPLIT_1_3_1,NEUTRAL,MID,SPLIT,NO,1,0,3,0,0,0,0
EUW1_7732700416,100,1,30.116666666666667,16.3.745.7600,420,19,67,4,21,0,0,1,0,0,0,0,0,0,1,0,8008,-328,206,2,644,1814,26,1161,2038,27,2895,3980,58,3,75,655.9490868843387,276.2257885998893,276.2257885998893,0.46485888212506915,0.353,62,234,4,11,0,0,1,0,0,1,0,0,0,0,0,8010,846,191,3,1460,820,16,1930,2044,48,2642,2481,43,4,76,54,757.4543442169341,194.80907581627005,1492.993912562258,1.0625345877144439,0.471,39,112,4,12,0,0,1,0,0,0,1,0,0,0,0,8010,475,370,19,724,216,17,587,-1197,7,383,-2510,-9,0,110,887.3159933591588,503.34255672385166,503.34255672385166,0.46485888212506915,0.206,136,29,4,21,0,0,1,0,0,0,0,0,0,1,0,8229,-85,-22,9,-950,-148,7,-263,-116,6,-405,453,20,6,74,1211.1898173768677,172.52905368013282,411.2672938572219,0.5644714997232982,0.618,267,201,4,7,0,0,1,0,1,0,0,0,0,0,0,8214,35,430,-1,80,0,-2,627,839,-2,596,-12,-1,6,15,323.4421693414499,55.71665744327615,83.57498616491422,2.9551743220807967,0.588,4757.205565204897,0.4,14941.74410836968,5390.249779245529,0.2,13388.218290721137,5321.212464612805,0.2,14159.004943851105,2915.3794552342342,0.6,9384.169489091722,0.3076923076923077,0.23076923076923078,0.46153846153846156,BOT,0.3076923076923077,0.46153846153846156,BOTSIDE,674.258,713.497,933.149,757.404,1,2,0,3,9,12,8,0.25,0.5,2.5,5.25,74.612,TEAMFIGHT,5,0.0,1.0,3.8,8.8,13,0.15384615384615385,0.6923076923076923,3.0,6.615384615384615,0,2,2,1,0,3,0,2,2,DRAGON,GRUBS_HERALD,TEAMFIGHT,TEAMFIGHT,SPLIT_1_3_1,NEUTRAL,FAST,SPLIT,YES,2,1,10,2,1,2,0
EUW1_7732700416,200,0,30.116666666666667,16.3.745.7600,420,67,19,4,6,0,0,1,1,0,0,0,0,0,0,0,8008,328,-206,-2,-644,-1814,-26,-1161,-2038,-27,-2895,-3980,-58,3,49,1089.2639734366353,33.90149418926397,127.40453790813503,0.9629219701162147,0.433,234,62,4,11,0,0,1,0,0,1,0,0,0,0,0,8010,-846,-191,-3,-1460,-820,-16,-1930,-2044,-48,-2642,-2481,-43,3,60,12,435.9048146098506,132.11953514111786,567.1278361925844,0.630879911455451,0.367,112,39,4,14,0,0,1,0,0,0,0,0,1,0,0,8214,-475,-370,-19,-724,-216,-17,-587,1197,-7,-383,2510,9,3,93,1308.3785279468732,111.46651909241837,111.46651909241837,0.6972883231876037,0.467,29,136,4,21,0,0,1,0,0,0,0,0,0,1,0,8005,85,22,-9,950,148,-7,263,116,-6,405,-453,-20,6,67,1096.4692861095739,134.67625899280574,170.03873824017708,0.23242944106253458,0.633,201,267,4,14,0,0,1,0,0,0,0,0,1,0,0,8465,-35,-430,1,-80,0,2,-627,-839,2,-596,12,1,4,17,258.85998893193135,0.0,11.123408965135583,3.220807969009408,0.533,5014.369666313732,0.2,14374.719614656837,4542.884920657903,0.0,11250.463634890786,4880.521917010794,0.4,13491.669466748732,2769.8923552928422,0.6,10200.260829998419,0.3076923076923077,0.5384615384615384,0.15384615384615385,MID,0.3076923076923077,0.15384615384615385,TOPSIDE,1455.132,689.707,,1554.877,0,1,0,1,10,13,7,0.2857142857142857,0.5714285714285714,2.5714285714285716,5.428571428571429,74.612,TEAMFIGHT,8,0.375,0.625,2.75,6.75,15,0.3333333333333333,0.6,2.6666666666666665,6.133333333333334,0,0,1,0,0,0,0,0,1,GRUBS,GRUBS_HERALD,TEAMFIGHT,TEAMFIGHT,STANDARD,NEUTRAL,MID,SPLIT,NO,1,0,2,0,0,1,0
EUW1_7732666569,100,1,20.616666666666667,16.3.745.7600,420,2,154,4,6,0,0,1,1,0,0,0,0,0,0,0,8010,832,1012,11,715,1341,20,1285,1195,10,2426,2143,39,8,66,1210.0889248181084,490.3314470493128,490.3314470493128,0.2910266774454325,0.333,36,203,4,11,0,0,1,0,0,1,0,0,0,0,0,8021,301,255,10,1670,1684,37,2759,3757,66,3811,5828,91,9,90,18,926.5804365400162,108.94098625707356,1125.9337105901375,1.16410670978173,0.5,134,27,4,12,0,0,1,0,0,0,1,0,0,0,0,8229,-72,-90,-2,-567,-132,-3,-550,61,-4,1306,2511,1,4,70,1032.708164915117,513.9046079223929,513.9046079223929,0.6305578011317704,0.417,145,42,4,21,0,0,1,0,0,0,0,0,0,1,0,8008,426,194,13,-173,147,17,-1111,460,10,311,557,7,4,83,725.3354890864996,139.93532740501212,452.78900565885203,0.582053354890865,0.278,526,78,4,7,0,0,1,0,1,0,0,0,0,0,0,8439,268,141,3,416,-592,-2,-88,-1498,-3,539,41,-1,7,8,276.7663702506063,31.770412287793047,64.07437348423605,2.910266774454325,0.444,4146.034294547075,0.2,13816.59639708709,3055.3007381536654,0.6,10231.293662093763,3266.0730432482273,0.6,12674.281557547947,2692.3438942177554,0.4,8512.760421860821,0.23076923076923078,0.46153846153846156,0.3076923076923077,MID,0.23076923076923078,0.3076923076923077,NEUTRAL,784.742,490.757,1013.191,865.713,1,3,0,4,17,19,8,0.125,0.75,3.5,5.75,144.522,SKIRMISH,6,0.0,1.0,3.8333333333333335,7.0,14,0.07142857142857142,0.8571428571428571,3.642857142857143,6.285714285714286,0,1,2,0,2,3,0,2,1,GRUBS,GRUBS_HERALD,TEAMFIGHT,NONE,STANDARD,NEUTRAL,FAST,MIXED,YES,2,0,5,0,1,3,0
EUW1_7732666569,200,0,20.616666666666667,16.3.745.7600,420,154,2,4,14,0,0,1,0,0,0,0,0,1,0,0,8437,-832,-1012,-11,-715,-1341,-20,-1285,-1195,-10,-2426,-2143,-39,5,46,597.7202910266774,153.51657235246563,153.51657235246563,0.3395311236863379,0.529,203,36,4,11,0,0,1,0,0,1,0,0,0,0,0,8005,-301,-255,-10,-1670,-1684,-37,-2759,-3757,-66,-3811,-5828,-91,4,56,1,685.6103476151981,0.0,533.4033953112369,0.48504446240905413,0.294,27,134,4,6,0,0,1,1,0,0,0,0,0,0,0,8360,72,90,2,567,132,3,550,-61,4,-1306,-2511,-1,5,73,597.7687954729183,118.49636216653192,118.49636216653192,0.8730800323362975,0.353,42,145,4,21,0,0,1,0,0,0,0,0,0,1,0,8010,-426,-194,-13,173,-147,-17,1111,-460,-10,-311,-557,-7,5,66,933.4680679062247,285.15763945028294,335.1657235246564,0.582053354890865,0.353,78,526,4,14,0,0,1,0,0,0,0,0,1,0,0,8360,-268,-141,-3,-416,592,2,88,1498,3,-539,-41,1,6,10,397.9789814066289,53.06386418755052,53.06386418755052,2.0371867421180276,0.471,3557.6871934498013,0.2,11868.665384111222,3040.075910336606,0.4,10009.064891387206,2724.817438559659,0.4,9779.870142287165,1436.834088696854,0.8,4498.885639800149,0.38461538461538464,0.3076923076923077,0.3076923076923077,NEUTRAL,0.38461538461538464,0.3076923076923077,NEUTRAL,431.571,,,864.076,1,0,0,1,11,6,9,0.2222222222222222,0.6666666666666666,3.2222222222222223,5.444444444444445,144.522,SKIRMISH,3,0.0,1.0,5.0,7.666666666666667,12,0.16666666666666666,0.75,3.6666666666666665,6.0,0,1,2,0,0,0,0,1,3,DRAGON,DRAGONS,TEAMFIGHT,NONE,SPLIT_1_3_1,NEUTRAL,MID,SPLIT,NO,1,0,2,0,0,0,0
EUW1_7732607015,100,0,27.133333333333333,16.3.745.7600,420,86,67,4,14,0,0,1,0,0,0,0,0,1,0,0,8230,-1,-124,0,542,386,15,1456,1658,28,2448,1593,26,3,106,611.8673218673218,383.07125307125307,383.07125307125307,0.6265356265356266,0.36,154,35,4,11,0,0,1,0,0,1,0,0,0,0,0,8010,-806,10,6,-888,366,19,-217,593,15,-869,-357,-15,3,80,24,573.5012285012285,0.0,294.2874692874693,0.44226044226044225,0.44,238,893,4,14,0,0,1,0,0,0,0,0,1,0,0,8010,79,58,-2,1445,501,10,1291,770,25,3779,2925,63,5,75,1139.2628992628993,275.74938574938574,280.8353808353808,0.6633906633906634,0.64,42,910,4,21,0,0,1,0,0,0,0,0,0,1,0,8010,207,18,5,-875,-1976,-34,-4097,-5156,-85,-5991,-7587,-123,2,55,177.64127764127764,21.44963144963145,21.44963144963145,0.11056511056511056,0.08,902,142,4,7,0,0,1,0,1,0,0,0,0,0,0,8214,-624,-309,-9,-1126,342,-2,-814,850,1,-701,514,1,5,14,148.74692874692875,0.0,7.923832923832924,2.616707616707617,0.6,5241.092836552403,0.2,14411.336162896208,4958.197041728774,0.2,10721.456477550053,3665.8449559772735,0.4,8988.318196414722,6191.235936148619,0.0,15037.29220970318,0.3076923076923077,0.38461538461538464,0.3076923076923077,NEUTRAL,0.3076923076923077,0.3076923076923077,NEUTRAL,1497.471,,,1213.823,0,0,0,0,12,12,8,0.5,0.25,2.25,4.375,152.384,TEAMFIGHT,7,0.2857142857142857,0.5714285714285714,2.142857142857143,5.285714285714286,15,0.4,0.4,2.2,4.8,0,0,3,0,0,1,0,1,1,NONE,NONE,MIXED,TEAMFIGHT,SPLIT_1_3_1,TOP,MID,SPLIT,NO,1,0,3,0,0,0,0
EUW1_7732607015,200,1,27.133333333333333,16.3.745.7600,420,67,86,3,4,0,1,1,0,0,0,0,0,0,0,0,8005,1,124,0,-542,-386,-15,-1456,-1658,-28,-2448,-1593,-26,3,91,685.6879606879608,172.77641277641277,403.23095823095827,0.8108108108108109,0.364,35,154,11,14,0,0,0,0,0,1,0,0,1,0,0,9923,806,-10,-6,888,-366,-19,217,-593,-15,869,357,15,7,65,25,732.2727272727273,148.3046683046683,1420.982800982801,1.1793611793611793,0.591,893,238,4,12,0,0,1,0,0,0,1,0,0,0,0,8229,-79,-58,2,-1445,-501,-10,-1291,-770,-25,-3779,-2925,-63,5,65,735.3316953316953,280.72481572481576,358.04668304668303,0.40540540540540543,0.5,910,42,4,12,0,0,1,0,0,0,1,0,0,0,0,8214,-207,-18,-5,875,1976,34,4097,5156,85,5991,7587,123,10,89,1009.6805896805897,453.8697788697789,689.4103194103194,0.8476658476658476,0.727,142,902,4,14,0,0,1,0,0,0,0,0,1,0,0,8112,624,309,9,1126,-342,2,814,-850,-1,701,-514,-1,11,12,802.8869778869779,13.194103194103194,144.5823095823096,2.542997542997543,0.818,5274.119854629038,0.2,14429.24876769404,5036.783717250247,0.2,14309.414593197025,4001.6793078893184,0.2,12162.861053222632,1245.658540833084,1.0,3068.365688766579,0.3076923076923077,0.3076923076923077,0.38461538461538464,NEUTRAL,0.3076923076923077,0.38461538461538464,NEUTRAL,389.254,502.209,957.811,686.041,2,2,0,4,12,6,8,0.625,0.375,2.125,4.75,152.384,TEAMFIGHT,3,0.0,1.0,3.3333333333333335,7.333333333333333,11,0.45454545454545453,0.5454545454545454,2.4545454545454546,5.454545454545454,0,1,1,0,3,0,1,0,2,DRAGON,MIXED,MIXED,TEAMFIGHT,STANDARD,NEUTRAL,FAST,SPLIT,YES,3,1,6,1,1,3,0
EUW1_7732535929,100,0,35.016666666666666,16.3.745.7600,420,27,39,4,14,0,0,1,0,0,0,0,0,1,0,0,8214,-100,-104,-2,1232,829,1,1219,1505,0,134,-51,-33,8,89,1254.6596858638743,97.95335554497858,122.68443598286531,0.7425035697287007,0.587,238,91,4,11,0,0,1,0,0,1,0,0,0,0,0,8369,-615,-321,-5,-1054,-728,-19,-616,-540,-22,-617,-1005,-33,6,60,9,1247.7772489290815,36.154212279866734,1021.0851975249881,0.8852927177534508,0.522,711,157,4,14,0,0,1,0,0,0,0,0,1,0,0,8112,106,-40,13,-279,236,15,-763,-601,-2,326,690,31,2,76,803.8743455497382,131.25178486435033,150.09995240361732,0.7139457401237506,0.37,42,29,4,21,0,0,1,0,0,0,0,0,0,1,0,8010,-523,125,16,-317,200,32,72,568,40,-384,260,51,5,96,1127.377439314612,190.45216563541172,238.20085673488816,1.056639695383151,0.304,432,89,4,14,0,0,1,0,0,0,0,0,1,0,0,8112,259,100,-7,236,-59,-7,278,500,-7,154,845,-13,6,9,633.4126606377915,8.396001903855307,11.423131841980009,3.0271299381247028,0.587,4519.435491773092,0.2,12141.706016865997,4711.559555850099,0.0,13394.441981657914,3505.6565524345656,0.2,8077.190724503168,3249.3760706323965,0.2,9910.552961363961,0.23076923076923078,0.38461538461538464,0.38461538461538464,NEUTRAL,0.23076923076923078,0.38461538461538464,BOTSIDE,799.911,,,890.222,1,0,0,1,12,22,9,0.2222222222222222,0.5555555555555556,3.2222222222222223,5.555555555555555,104.513,PICK,6,0.0,0.8333333333333334,5.666666666666667,8.333333333333334,15,0.13333333333333333,0.6666666666666666,4.2,6.666666666666667,0,1,2,0,1,1,0,1,3,DRAGON,DRAGONS,TEAMFIGHT,PICK,SPLIT_1_3_1,NEUTRAL,MID,SPLIT,NO,3,0,3,0,0,0,0
EUW1_7732535929,200,1,35.016666666666666,16.3.745.7600,420,39,27,4,14,0,0,1,0,0,0,0,0,1,0,0,8010,100,104,2,-1232,-829,-1,-1219,-1505,0,-134,51,33,2,86,1099.990480723465,625.5021418372204,877.15373631604,0.6568300809138505,0.377,91,238,4,11,0,0,1,0,0,1,0,0,0,0,0,8369,615,321,5,1054,728,19,616,540,22,617,1005,33,6,76,36,1324.3693479295573,102.00856734888148,855.5354593050928,0.7139457401237506,0.491,157,711,3,4,0,1,1,0,0,0,0,0,0,0,0,8437,-106,40,-13,279,-236,-15,763,601,2,-326,-690,-31,5,61,563.9314612089481,55.00237981913375,137.73441218467397,0.6853879105188005,0.283,29,42,4,21,0,0,1,0,0,0,0,0,0,1,0,8005,523,-125,-16,317,-200,-32,-72,-568,-40,384,-260,-51,9,64,1853.802950975726,391.0423607805807,391.0423607805807,0.6853879105188005,0.585,89,432,4,14,0,0,1,0,0,0,0,0,1,0,0,8439,-259,-100,7,-236,59,7,-278,-500,7,-154,-845,13,5,16,505.5021418372204,41.23750594954784,55.3736316039981,2.5416468348405523,0.491,4870.695991835382,0.2,14872.804880048687,4139.349755942473,0.0,11623.235780108738,2578.984436737007,0.4,6901.55236160677,1957.0467284742213,0.6,5616.046029013651,0.23076923076923078,0.3076923076923077,0.46153846153846156,BOT,0.23076923076923078,0.46153846153846156,BOTSIDE,1870.143,525.605,965.434,823.683,0,3,0,3,14,19,7,0.14285714285714285,0.7142857142857143,3.7142857142857144,6.142857142857143,172.858,TEAMFIGHT,8,0.25,0.625,4.625,7.125,15,0.2,0.6666666666666666,4.2,6.666666666666667,1,1,4,0,1,0,0,2,1,GRUBS,GRUBS_HERALD,TEAMFIGHT,TEAMFIGHT,SPLIT_1_3_1,TOP,FAST,SPLIT,YES,1,1,11,1,1,3,0
EUW1_7732483918,100,1,23.083333333333332,16.3.745.7600,420,122,75,4,14,0,0,1,0,0,0,0,0,1,0,0,8230,850,266,25,733,220,35,903,-106,37,1810,-78,32,5,86,1092.173285198556,475.971119133574,525.1841155234657,1.256317689530686,0.293,234,59,4,11,0,0,1,0,0,1,0,0,0,0,0,8010,513,550,10,1296,129,7,1370,-464,14,4260,2340,46,13,73,27,1120.9819494584838,420.043321299639,2008.0722021660652,1.1696750902527075,0.659,3,517,4,12,0,0,1,0,0,0,1,0,0,0,0,8230,113,-186,-3,532,11,-6,1332,1934,0,1245,1812,-6,12,61,672.389891696751,283.971119133574,283.971119133574,0.47653429602888087,0.488,22,202,4,6,0,0,1,1,0,0,0,0,0,0,0,8008,550,6,5,1086,654,22,2242,1175,31,1631,308,18,11,70,1355.0902527075814,681.8772563176896,691.7111913357401,0.9530685920577617,0.585,147,44,4,7,0,0,1,0,1,0,0,0,0,0,0,8214,104,-529,0,554,-274,2,1061,-88,-4,1439,522,-3,15,13,533.9350180505415,101.89169675090253,130.09386281588448,1.6028880866425994,0.732,4588.156161925578,0.0,12674.71695936442,4895.5349923093245,0.0,14135.842422721043,3459.8642305725066,0.4,11971.352221031675,2414.814281764827,0.8,6789.414260449866,0.23076923076923078,0.15384615384615385,0.6153846153846154,BOT,0.23076923076923078,0.6153846153846154,BOTSIDE,792.717,492.491,985.328,686.68,1,3,0,4,21,20,10,0.3,0.6,3.0,6.8,44.854,PICK,7,0.0,1.0,4.142857142857143,8.0,17,0.17647058823529413,0.7647058823529411,3.4705882352941178,7.294117647058823,1,1,4,0,5,2,1,2,5,GRUBS,GRUBS_HERALD,TEAMFIGHT,PICK,STANDARD,NEUTRAL,FAST,SPLIT,YES,2,0,10,1,1,3,0
EUW1_7732483918,200,0,23.083333333333332,16.3.745.7600,420,75,122,6,12,0,0,0,1,0,0,1,0,0,0,0,8021,-850,-266,-25,-733,-220,-35,-903,106,-37,-1810,78,-32,4,51,616.028880866426,503.7400722021661,811.0613718411553,0.5198555956678701,0.5,59,234,4,11,0,0,1,0,0,1,0,0,0,0,0,8010,-513,-550,-10,-1296,-129,-7,-1370,464,-14,-4260,-2340,-46,5,64,3,783.2057761732852,11.56678700361011,170.33935018050542,0.8664259927797834,0.778,517,3,4,12,0,0,1,0,0,0,1,0,0,0,0,8010,-113,186,3,-532,-11,6,-1332,-1934,0,-1245,-1812,6,0,67,493.2996389891697,153.66064981949458,153.66064981949458,0.38989169675090257,0.111,202,22,4,21,0,0,1,0,0,0,0,0,0,1,0,8021,-550,-6,-5,-1086,-654,-22,-2242,-1175,-31,-1631,-308,-18,4,48,794.7725631768953,116.88086642599279,535.1913357400722,0.25992779783393505,0.611,44,147,3,4,0,1,1,0,0,0,0,0,0,0,0,8351,-104,529,0,-554,274,-2,-1061,88,4,-1439,-522,3,4,11,139.40794223826717,0.0,96.86642599277978,2.4693140794223827,0.556,4696.161413782879,0.0,13899.580209488344,4945.00891498059,0.0,11662.218699715764,2537.5592043101556,0.4,6485.407080515456,3495.6456197266757,0.4,10387.398615630382,0.5384615384615384,0.23076923076923078,0.23076923076923078,TOP,0.5384615384615384,0.23076923076923078,TOPSIDE,341.062,,,978.106,1,0,0,1,9,9,6,0.0,0.8333333333333334,3.6666666666666665,8.166666666666666,210.287,SKIRMISH,4,0.0,1.0,5.25,8.75,10,0.0,0.9,4.3,8.4,0,1,1,0,1,1,0,0,1,DRAGON,DRAGONS,TEAMFIGHT,NONE,STANDARD,NEUTRAL,MID,SPLIT,NO,1,1,2,0,0,0,0
EUW1_7732424038,100,0,28.666666666666668,16.3.745.7600,420,893,36,4,14,0,0,1,0,0,0,0,0,1,0,0,8112,725,545,17,1138,626,30,1803,917,38,1517,760,26,4,88,856.3255813953488,191.5813953488372,191.5813953488372,1.0116279069767442,0.455,62,59,4,11,0,0,1,0,0,1,0,0,0,0,0,8010,-528,-151,-4,-115,230,2,457,1269,14,1969,2374,9,5,68,15,968.546511627907,128.75581395348837,845.5813953488372,1.0813953488372092,0.727,142,61,4,14,0,0,1,0,0,0,0,0,1,0,0,8112,211,71,11,463,336,21,1644,2088,39,2645,2810,66,2,89,995.267441860465,247.70930232558138,290.19767441860466,1.1162790697674418,0.318,15,29,4,21,0,0,1,0,0,0,0,0,0,1,0,8008,55,-249,3,-185,-656,5,-1229,-1853,-10,-1144,-1818,-10,1,69,651.9418604651163,171.97674418604652,196.15116279069767,0.5930232558139534,0.273,40,117,4,7,0,0,1,0,1,0,0,0,0,0,0,8214,-67,98,1,-159,100,1,-291,-595,-3,-435,-266,-11,1,11,216.7674418604651,50.54651162790697,59.68604651162791,2.441860465116279,0.227,5126.198436468543,0.0,11249.710574054783,4119.478499772372,0.2,12289.362269865755,6769.6816447085685,0.0,14422.168006232627,2631.2669268435197,0.2,6408.281907032493,0.38461538461538464,0.3076923076923077,0.3076923076923077,NEUTRAL,0.38461538461538464,0.3076923076923077,NEUTRAL,824.535,541.408,,865.628,1,3,0,4,8,14,5,0.4,0.6,2.8,6.0,278.402,PICK,6,0.16666666666666666,0.8333333333333334,5.333333333333333,8.0,11,0.2727272727272727,0.7272727272727273,4.181818181818182,7.090909090909091,0,1,2,0,2,1,0,1,3,GRUBS,GRUBS_HERALD,TEAMFIGHT,PICK,STANDARD,NEUTRAL,FAST,SPLIT,YES,2,0,4,0,0,3,0
EUW1_7732424038,200,1,28.666666666666668,16.3.745.7600,420,36,893,4,12,0,0,1,0,0,0,1,0,0,0,0,8437,-725,-545,-17,-1138,-626,-30,-1803,-917,-38,-1517,-760,-26,1,58,854.8255813953488,627.4186046511628,700.5697674418604,0.627906976744186,0.412,59,62,4,11,0,0,1,0,0,1,0,0,0,0,0,8010,528,151,4,115,-230,-2,-457,-1269,-14,-1969,-2374,-9,4,65,21,813.5930232558139,105.69767441860465,1187.7906976744187,1.1860465116279069,0.676,61,142,4,12,0,0,1,0,0,0,1,0,0,0,0,8214,-211,-71,-11,-463,-336,-21,-1644,-2088,-39,-2645,-2810,-66,3,68,610.9883720930233,227.6860465116279,376.6395348837209,1.0813953488372092,0.412,29,15,4,21,0,0,1,0,0,0,0,0,0,1,0,8005,-55,249,-3,185,656,-5,1229,1853,10,1144,1818,10,5,64,1324.3953488372092,224.37209302325581,454.8488372093023,0.45348837209302323,0.618,117,40,4,7,0,0,1,0,1,0,0,0,0,0,0,8214,67,-98,-1,159,-100,-1,291,595,3,435,266,11,5,10,318.7325581395349,38.8953488372093,99.17441860465117,2.8604651162790695,0.529,4174.064121790798,0.2,12216.307993825303,4119.575500669261,0.2,14468.396041026801,4702.360635357645,0.2,12125.457723319148,3456.8928064829233,0.2,10182.633843952162,0.3076923076923077,0.38461538461538464,0.3076923076923077,NEUTRAL,0.3076923076923077,0.3076923076923077,NEUTRAL,466.859,,998.966,1064.122,1,0,0,1,7,20,4,0.25,0.75,3.25,7.0,228.62,PICK,7,0.14285714285714285,0.7142857142857143,4.714285714285714,7.428571428571429,11,0.18181818181818182,0.7272727272727273,4.181818181818182,7.2727272727272725,0,1,3,0,2,0,0,1,1,DRAGON,DRAGONS,TEAMFIGHT,PICK,STANDARD,TOP,SLOW,SPLIT,NO,2,1,8,1,1,0,0
EUW1_7732373642,100,1,28.0,16.3.745.7600,420,106,17,4,14,0,0,1,0,0,0,0,0,1,0,0,8005,-468,-341,3,-779,-1130,-9,-415,-532,-16,-718,-1874,-30,3,74,336.35714285714283,514.6785714285714,612.3214285714286,0.6428571428571429,0.162,107,121,4,11,0,0,1,0,0,1,0,0,0,0,0,8010,-385,167,2,453,817,4,1386,2658,16,99,2115,18,10,71,8,1263.6785714285713,154.28571428571428,1506.142857142857,1.3214285714285714,0.595,103,893,4,12,0,0,1,0,0,0,1,0,0,0,0,8112,-76,-348,-17,334,-331,-15,-639,-403,-5,-1969,-206,19,7,65,1025.0714285714287,110.53571428571429,110.53571428571429,0.7857142857142857,0.405,29,119,4,21,0,0,1,0,0,0,0,0,0,1,0,8005,-562,113,6,-511,613,1,452,865,-3,-194,346,-14,7,85,1336.25,600.9642857142857,607.3928571428571,0.4642857142857143,0.622,16,89,4,7,0,0,1,0,1,0,0,0,0,0,0,8214,-96,338,4,-189,167,1,181,566,-2,615,174,1,4,12,181.42857142857142,40.0,52.0,2.8214285714285716,0.568,6622.967033583933,0.0,14727.57420622962,4600.273903237384,0.0,11038.897861652675,4240.093420811636,0.2,13815.951143515236,4403.790047850211,0.2,11853.848826436079,0.23076923076923078,0.46153846153846156,0.3076923076923077,MID,0.23076923076923078,0.3076923076923077,NEUTRAL,1125.606,,943.347,736.821,0,0,0,0,15,17,7,0.14285714285714285,0.7142857142857143,3.0,6.0,215.763,TEAMFIGHT,7,0.0,1.0,5.142857142857143,8.142857142857142,14,0.07142857142857142,0.8571428571428571,4.071428571428571,7.071428571428571,0,2,2,0,2,4,1,1,5,NONE,NONE,TEAMFIGHT,TEAMFIGHT,SPLIT_1_3_1,NEUTRAL,MID,SPLIT,YES,1,1,10,1,1,0,0
EUW1_7732373642,200,0,28.0,16.3.745.7600,420,17,106,4,14,0,0,1,0,0,0,0,0,1,0,0,8005,468,341,-3,779,1130,9,415,532,16,718,1874,30,4,83,1211.5357142857142,284.7142857142857,284.7142857142857,0.7142857142857143,0.432,121,107,4,11,0,0,1,0,0,1,0,0,0,0,0,8369,385,-167,-2,-453,-817,-4,-1386,-2658,-16,-99,-2115,-18,6,66,1,751.0,64.32142857142857,809.3928571428571,1.3928571428571428,0.432,893,103,4,14,0,0,1,0,0,0,0,0,1,0,0,8112,76,348,17,-334,331,15,639,403,5,1969,206,-19,5,80,1029.0714285714287,268.67857142857144,327.7142857142857,0.6071428571428571,0.541,119,29,4,21,0,0,1,0,0,0,0,0,0,1,0,8008,562,-113,-6,511,-613,-1,-452,-865,3,194,-346,14,5,84,788.8214285714286,277.2142857142857,320.10714285714283,0.35714285714285715,0.378,89,16,4,14,0,0,1,0,0,0,0,0,1,0,0,8351,96,-338,-4,189,-167,-1,-181,-566,2,-615,-174,-1,5,11,331.4642857142857,38.25,48.535714285714285,2.107142857142857,0.486,4134.046705398439,0.0,10623.547618380595,3664.169369083748,0.4,12208.680067886125,5051.850741551,0.0,12918.321601508456,3577.5679580472033,0.2,8186.385588280093,0.23076923076923078,0.46153846153846156,0.3076923076923077,MID,0.23076923076923078,0.3076923076923077,NEUTRAL,806.759,487.418,,858.507,1,3,0,4,10,22,9,0.4444444444444444,0.5555555555555556,2.4444444444444446,5.111111111111111,145.318,PICK,9,0.1111111111111111,0.7777777777777778,4.333333333333333,7.333333333333333,18,0.2777777777777778,0.6666666666666666,3.388888888888889,6.222222222222222,0,2,2,0,2,2,0,1,2,GRUBS,GRUBS_HERALD,TEAMFIGHT,PICK,SPLIT_1_3_1,NEUTRAL,FAST,SPLIT,YES,2,0,5,0,0,3,0
EUW1_7732316042,100,1,26.133333333333333,16.3.745.7600,420,27,164,4,6,0,0,1,1,0,0,0,0,0,0,0,8230,-699,-937,-3,-434,-920,6,-1446,-2989,-10,-1819,-1893,26,1,79,511.91326530612247,404.88520408163265,425.5484693877551,0.8035714285714286,0.068,238,5,4,11,0,0,1,0,0,1,0,0,0,0,0,8369,635,382,9,1666,1063,11,2433,1510,20,3937,2903,20,13,78,10,1220.5867346938776,137.86989795918367,1340.3188775510205,0.6887755102040817,0.591,90,13,4,12,0,0,1,0,0,0,1,0,0,0,0,8214,182,252,8,1161,1363,34,384,1529,42,-554,1979,33,5,108,1049.158163265306,309.94897959183675,492.015306122449,0.7653061224489796,0.364,29,235,4,21,0,0,1,0,0,0,0,0,0,1,0,8005,555,-125,-6,1991,731,5,4691,1517,18,5184,1711,20,13,74,1631.517857142857,438.4438775510204,1001.9770408163265,0.49744897959183676,0.614,117,267,4,7,0,0,1,0,1,0,0,0,0,0,0,8214,24,84,0,943,287,-2,1598,1284,-6,1845,667,-6,17,13,444.64285714285717,137.79336734693877,246.5433673469388,2.487244897959184,0.795,4680.356768890329,0.2,13926.483152612507,4503.158095994297,0.2,12785.008916696148,5024.169736829483,0.0,11136.000179597699,3066.9463522664455,0.2,6875.074545050403,0.07692307692307693,0.6153846153846154,0.3076923076923077,MID,0.07692307692307693,0.3076923076923077,BOTSIDE,1185.948,503.677,980.146,686.994,0,3,0,3,17,22,9,0.2222222222222222,0.5555555555555556,2.5555555555555554,5.888888888888889,209.12,TEAMFIGHT,8,0.125,0.875,4.125,7.5,17,0.17647058823529413,0.7058823529411765,3.2941176470588234,6.647058823529412,0,2,1,0,3,2,1,1,2,GRUBS,GRUBS_HERALD,TEAMFIGHT,TEAMFIGHT,STANDARD,NEUTRAL,FAST,SPLIT,YES,1,1,11,2,1,3,0
EUW1_7732316042,200,0,26.133333333333333,16.3.745.7600,420,164,27,4,12,0,0,1,0,0,0,1,0,0,0,0,8437,699,937,3,434,920,-6,1446,2989,10,1819,1893,-26,5,73,779.6173469387755,298.8137755102041,298.8137755102041,0.9566326530612245,0.5,5,238,4,11,0,0,1,0,0,1,0,0,0,0,0,8010,-635,-382,-9,-1666,-1063,-11,-2433,-1510,-20,-3937,-2903,-20,4,55,2,527.4872448979592,0.0,41.36479591836735,0.42091836734693877,0.273,13,90,4,12,0,0,1,0,0,0,1,0,0,0,0,8230,-182,-252,-8,-1161,-1363,-34,-384,-1529,-42,554,-1979,-33,3,74,1031.7091836734694,184.51530612244898,184.51530612244898,0.5739795918367347,0.636,235,29,4,21,0,0,1,0,0,0,0,0,0,1,0,8021,-555,125,6,-1991,-731,-5,-4691,-1517,-18,-5184,-1711,-20,3,69,571.7984693877551,46.37755102040816,116.09693877551021,0.45918367346938777,0.591,267,117,4,7,0,0,1,0,1,0,0,0,0,0,0,8214,-24,-84,0,-943,-287,2,-1598,-1284,6,-1845,-667,6,3,15,314.80867346938777,12.512755102040817,12.512755102040817,2.2193877551020407,0.591,4849.357661764118,0.2,14902.369777991687,4216.969307920715,0.4,14390.789415455984,3501.399106595252,0.4,11203.054761983449,2825.4730058113046,0.4,9724.497981901173,0.23076923076923078,0.5384615384615384,0.23076923076923078,MID,0.23076923076923078,0.23076923076923078,NEUTRAL,857.475,,,887.823,0,0,0,0,9,11,7,0.42857142857142855,0.5714285714285714,2.5714285714285716,5.428571428571429,173.135,PICK,7,0.0,1.0,4.571428571428571,8.142857142857142,14,0.21428571428571427,0.7857142857142857,3.5714285714285716,6.785714285714286,0,1,2,0,0,0,0,1,0,NONE,NONE,TEAMFIGHT,PICK,SPLIT_1_3_1,TOP,MID,SPLIT,NO,1,0,2,0,0,0,0
EUW1_7732272590,100,1,26.583333333333332,16.3.745.7600,420,13,516,4,12,0,0,1,0,0,0,1,0,0,0,0,8230,401,19,0,1207,749,18,469,267,13,1094,3028,25,2,83,580.1755485893417,261.9310344827586,362.7084639498433,1.542319749216301,0.115,427,950,4,11,0,0,1,0,0,1,0,0,0,0,0,8351,131,149,-3,-244,-992,-27,-418,-788,-35,96,136,-47,3,53,12,160.47648902821317,86.858934169279,1346.896551724138,0.9404388714733543,0.385,39,61,4,14,0,0,1,0,0,0,0,0,1,0,0,8005,660,141,9,514,292,8,1961,263,13,3234,981,11,7,86,1262.294670846395,560.6520376175549,1066.2319749216301,0.865203761755486,0.654,42,67,4,21,0,0,1,0,0,0,0,0,0,1,0,8010,644,226,-3,1437,715,10,2237,359,19,2642,649,49,6,81,812.3887147335423,717.4420062695925,1344.564263322884,0.6394984326018809,0.385,16,117,4,7,0,0,1,0,1,0,0,0,0,0,0,8214,305,257,-4,114,-166,-11,340,140,-12,1479,1597,-12,5,4,229.7680250783699,112.66457680250784,130.53291536050156,1.730407523510972,0.538,5557.411584773922,0.2,14575.662900876927,3626.905837006071,0.6,14167.742974800185,4099.201393407529,0.0,12940.84765384401,1547.3470136748992,0.8,5492.492057345191,0.15384615384615385,0.5384615384615384,0.3076923076923077,MID,0.15384615384615385,0.3076923076923077,BOTSIDE,416.597,493.74,963.899,686.983,2,3,0,5,10,15,7,0.14285714285714285,0.2857142857142857,2.0,4.285714285714286,115.526,PICK,11,0.5454545454545454,0.2727272727272727,1.5454545454545454,4.545454545454546,18,0.3888888888888889,0.2777777777777778,1.7222222222222223,4.444444444444445,0,3,0,0,3,2,1,2,5,DRAGON,GRUBS_HERALD,PICK,PICK,SPLIT_1_3_1,BOT,FAST,SPLIT,YES,4,1,11,3,1,3,0
EUW1_7732272590,200,0,26.583333333333332,16.3.745.7600,420,516,13,4,12,0,0,1,0,0,0,1,0,0,0,0,8437,-401,-19,0,-1207,-749,-18,-469,-267,-13,-1094,-3028,-25,2,65,395.8119122257053,318.4702194357367,318.4702194357367,0.4890282131661442,0.375,950,427,4,11,0,0,1,0,0,1,0,0,0,0,0,8010,-131,-149,3,244,992,27,418,788,35,-96,-136,47,2,80,14,442.04388714733545,84.75235109717869,84.75235109717869,0.677115987460815,0.25,61,39,4,12,0,0,1,0,0,0,1,0,0,0,0,8229,-660,-141,-9,-514,-292,-8,-1961,-263,-13,-3234,-981,-11,3,80,605.9811912225706,122.40752351097179,122.40752351097179,0.3385579937304075,0.5,67,42,4,21,0,0,1,0,0,0,0,0,0,1,0,8005,-644,-226,3,-1437,-715,-10,-2237,-359,-19,-2642,-649,-49,1,71,714.9968652037618,264.601880877743,264.601880877743,0.18808777429467086,0.375,117,16,4,7,0,0,1,0,1,0,0,0,0,0,0,8214,-305,-257,4,-114,166,11,-340,-140,12,-1479,-1597,12,4,15,307.41065830721004,126.01880877742947,126.01880877742947,2.7460815047021945,0.625,4540.468107835345,0.0,14018.30692344835,5542.248636487922,0.0,12376.206931043129,3302.4108103230333,0.4,11194.519239342082,2883.525676108557,0.2,7257.024459101679,0.5384615384615384,0.23076923076923078,0.23076923076923078,TOP,0.5384615384615384,0.23076923076923078,TOPSIDE,,,,979.582,0,0,0,0,6,2,6,0.3333333333333333,0.0,1.6666666666666667,3.5,156.311,SKIRMISH,2,0.0,1.0,3.0,8.0,8,0.25,0.25,2.0,4.625,0,1,3,0,0,1,0,2,0,NONE,NONE,MIXED,NONE,SPLIT_1_3_1,TOP,SLOW,SPLIT,NO,0,0,3,0,0,0,0
EUW1_7732128746,100,1,39.81666666666667,16.3.745.7600,420,36,92,4,12,0,0,1,0,0,0,1,0,0,0,0,8437,-146,0,-7,-493,200,-4,-1381,-221,-11,-1027,-717,-16,2,79,889.727919631645,588.7484303055671,638.2000837170364,1.105064880703223,0.344,79,9,4,11,0,0,1,0,0,1,0,0,0,0,0,8128,-61,-223,-4,320,-268,-7,-241,-988,-18,-124,-1177,-26,3,66,11,966.228547509418,86.34575136040183,1848.9995814148178,1.3562159899539554,0.594,157,105,4,14,0,0,1,0,0,0,0,0,1,0,0,8008,419,116,12,-140,85,12,94,454,19,-1294,113,25,2,84,639.079112599414,151.94642109669317,294.87651737128505,1.1552951025533695,0.375,67,26,4,21,0,0,1,0,0,0,0,0,0,1,0,8005,911,208,10,1708,292,25,2391,105,24,3208,-740,17,5,81,768.4721640853913,272.69987442444534,669.1167852658016,0.5023022185014651,0.531,117,40,4,7,0,0,1,0,1,0,0,0,0,0,0,8214,115,126,-5,597,273,-7,506,466,-10,567,743,-14,3,9,232.61615738802845,25.893679363750522,94.33235663457513,2.8128924236082042,0.625,4950.703434590507,0.2,14281.38540198394,5354.9972610990535,0.2,13480.938023743005,4767.751788749839,0.0,12399.5594276571,3777.2478565412057,0.4,14153.95467705051,0.15384615384615385,0.38461538461538464,0.46153846153846156,NEUTRAL,0.15384615384615385,0.46153846153846156,BOTSIDE,760.729,564.449,1003.937,919.891,1,3,0,4,8,13,5,0.2,0.4,2.4,5.6,152.855,TEAMFIGHT,8,0.125,0.75,3.375,7.25,13,0.15384615384615385,0.6153846153846154,3.0,6.615384615384615,0,3,3,0,2,2,0,1,4,GRUBS,GRUBS_HERALD,TEAMFIGHT,TEAMFIGHT,SPLIT_1_3_1,NEUTRAL,FAST,SPLIT,YES,3,2,10,2,1,3,0
EUW1_7732128746,200,0,39.81666666666667,16.3.745.7600,420,92,36,4,14,0,0,1,0,0,0,0,0,1,0,0,8010,146,0,7,493,-200,4,1381,221,11,1027,717,16,2,83,1785.583926329008,157.04478861448302,373.51192967768935,0.6781079949769777,0.485,9,79,4,11,0,0,1,0,0,1,0,0,0,0,0,8112,61,223,4,-320,268,7,241,988,18,124,1177,26,3,72,6,984.4118878191712,31.44411887819171,990.539974884889,2.0845542067810796,0.636,105,157,4,14,0,0,1,0,0,0,0,0,1,0,0,8112,-419,-116,-12,140,-85,-12,-94,-454,-19,1294,-113,-25,4,72,900.7785684386772,135.09418166596902,194.59187944746753,1.0799497697781497,0.727,26,67,4,12,0,0,1,0,0,0,1,0,0,0,0,8214,-911,-208,-10,-1708,-292,-25,-2391,-105,-24,-3208,740,-17,0,56,363.1645039765592,117.31268313101715,174.42444537463373,1.2557555462536625,0.515,40,117,4,7,0,0,1,0,1,0,0,0,0,0,0,8214,-115,-126,5,-597,-273,7,-506,-466,10,-567,-743,14,1,16,220.2595228128924,0.0,48.346588530766006,3.516115529510255,0.606,5230.216277933074,0.2,12834.334302954712,4926.568725698182,0.2,13086.542476911158,3718.2461840426067,0.4,13008.910561611221,2963.6252733693304,0.4,8590.289692437618,0.38461538461538464,0.46153846153846156,0.15384615384615385,NEUTRAL,0.38461538461538464,0.15384615384615385,TOPSIDE,428.855,,,854.445,1,0,0,1,6,16,6,0.3333333333333333,0.3333333333333333,2.1666666666666665,4.833333333333333,152.855,TEAMFIGHT,8,0.0,0.875,3.5,7.625,14,0.14285714285714285,0.6428571428571429,2.9285714285714284,6.428571428571429,0,1,2,0,1,1,0,0,0,DRAGON,DRAGONS,TEAMFIGHT,TEAMFIGHT,STANDARD,NEUTRAL,SLOW,SPLIT,NO,3,1,3,0,0,0,0
EUW1_7732077982,100,1,31.733333333333334,16.3.745.7600,420,92,50,4,14,0,0,1,0,0,0,0,0,1,0,0,8010,-203,93,-11,478,378,-8,-116,-1504,-21,-371,-1624,-19,3,72,1009.0336134453781,407.55252100840335,714.0756302521008,0.5042016806722689,0.474,36,11,4,11,0,0,1,0,0,1,0,0,0,0,0,8021,132,236,6,228,948,26,743,1517,41,2005,1831,42,4,86,2,1518.9705882352941,389.2752100840336,1859.2436974789916,0.819327731092437,0.737,90,126,4,12,0,0,1,0,0,0,1,0,0,0,0,8214,-258,351,-4,-857,-561,-22,-1649,-976,-22,-1989,-1966,-37,5,71,827.6470588235294,268.96008403361344,344.0231092436975,1.2289915966386553,0.579,67,901,4,21,0,0,1,0,0,0,0,0,0,1,0,8005,-78,-701,-3,-639,-1046,-19,-1749,-1497,-39,-2525,-915,-22,3,64,739.8529411764706,77.11134453781513,105.18907563025209,0.34663865546218486,0.368,201,235,4,7,0,0,1,0,1,0,0,0,0,0,0,8465,-315,294,2,-256,485,10,-1342,-412,1,-1626,16,5,7,17,349.15966386554624,21.90126050420168,82.05882352941177,3.1827731092436973,0.605,4932.273234668808,0.0,13595.717303621754,4925.620713402429,0.0,13800.667556317701,3690.201015287258,0.0,9687.274642540078,2408.047827452911,0.6,7124.880700755628,0.0,0.5384615384615384,0.46153846153846156,NEUTRAL,0.0,0.46153846153846156,BOTSIDE,366.754,497.418,,947.239,1,3,0,4,8,18,7,0.2857142857142857,0.2857142857142857,2.4285714285714284,5.285714285714286,81.585,SKIRMISH,9,0.2222222222222222,0.6666666666666666,3.3333333333333335,6.222222222222222,16,0.25,0.5,2.9375,5.8125,0,1,2,0,1,1,0,0,0,DRAGON,GRUBS_HERALD,TEAMFIGHT,NONE,STANDARD,NEUTRAL,FAST,SPLIT,YES,4,1,9,1,0,3,0
EUW1_7732077982,200,0,31.733333333333334,16.3.745.7600,420,50,92,4,6,0,0,1,1,0,0,0,0,0,0,0,8214,203,-93,11,-478,-378,8,116,1504,21,371,1624,19,4,80,1327.4054621848738,141.86974789915965,204.5798319327731,0.5987394957983193,0.438,11,36,4,11,0,0,1,0,0,1,0,0,0,0,0,8008,-132,-236,-6,-228,-948,-26,-743,-1517,-41,-2005,-1831,-42,4,63,2,518.3508403361344,10.336134453781511,754.6008403361344,0.6932773109243697,0.312,126,90,4,14,0,0,1,0,0,0,0,0,1,0,0,8112,258,-351,4,857,561,22,1649,976,22,1989,1966,37,7,93,1051.8592436974789,275.640756302521,421.26050420168065,0.819327731092437,0.469,901,67,4,21,0,0,1,0,0,0,0,0,0,1,0,8021,78,701,3,639,1046,19,1749,1497,39,2525,915,22,5,83,1173.844537815126,192.28991596638656,363.1197478991597,0.5672268907563025,0.438,235,201,4,7,0,0,1,0,1,0,0,0,0,0,0,8021,315,-294,-2,256,-485,-10,1342,412,-1,1626,-16,-5,9,7,735.5672268907563,74.84243697478992,131.91176470588235,2.6470588235294117,0.594,5524.861429031788,0.0,14421.60216480818,4982.445697862007,0.0,14051.35199900707,2644.8186278455833,0.6,9627.230235119549,625.3112256529074,1.0,2148.6565570141734,0.3076923076923077,0.46153846153846156,0.23076923076923078,MID,0.3076923076923077,0.23076923076923078,NEUTRAL,789.602,,926.421,769.968,1,0,0,1,13,14,7,0.2857142857142857,0.2857142857142857,2.5714285714285716,5.428571428571429,81.585,SKIRMISH,8,0.125,0.75,3.625,6.625,15,0.2,0.5333333333333333,3.1333333333333333,6.066666666666666,0,1,1,0,2,3,1,0,6,DRAGON,DRAGONS,TEAMFIGHT,NONE,STANDARD,BOT,MID,MIXED,YES,1,1,4,0,1,0,0
EUW1_7732038345,100,1,25.183333333333334,16.3.745.7600,420,6,24,4,14,0,0,1,0,0,0,0,0,1,0,0,8005,632,409,15,815,566,1,780,766,6,2602,2198,18,2,72,725.2018530774321,361.3500992720053,598.2131039046989,0.913302448709464,0.206,121,950,4,11,0,0,1,0,0,1,0,0,0,0,0,8369,518,58,0,-329,327,13,-417,114,2,-463,-247,3,5,86,12,515.2614162806088,0.0,1050.3375248180014,1.4692256783587028,0.353,29,103,4,14,0,0,1,0,0,0,0,0,1,0,0,8005,378,483,6,854,668,6,632,711,0,544,1123,-6,5,83,1098.0277961614825,241.70747849106553,335.1422898742555,0.3176704169424222,0.382,145,67,1,4,1,0,1,0,0,0,0,0,0,0,0,8008,99,257,10,-321,-356,3,-529,-166,2,-1650,-521,11,9,82,878.2792852415619,209.30509596293845,691.3302448709463,1.2309728656518861,0.588,143,9,4,7,0,0,1,0,1,0,0,0,0,0,0,8229,-60,40,-1,132,110,7,432,-4,6,192,-790,7,8,13,625.4136333553938,85.33421575115817,134.2157511581734,2.6207809397749835,0.471,4593.8322495996745,0.0,12338.024558250807,4782.213486616788,0.2,14658.963469495378,3092.456960266194,0.4,9929.414584959175,2966.385311635354,0.4,9695.948535341964,0.23076923076923078,0.3076923076923077,0.46153846153846156,BOT,0.23076923076923078,0.46153846153846156,BOTSIDE,1273.157,498.949,922.12,958.984,0,3,0,3,13,21,6,0.16666666666666666,0.6666666666666666,3.5,5.833333333333333,171.531,PICK,8,0.25,0.75,3.875,6.625,14,0.21428571428571427,0.7142857142857143,3.7142857142857144,6.285714285714286,0,2,1,0,1,2,0,2,2,GRUBS,GRUBS_HERALD,TEAMFIGHT,PICK,SPLIT_1_3_1,NEUTRAL,FAST,SPLIT,YES,1,1,5,0,1,3,0
EUW1_7732038345,200,0,25.183333333333334,16.3.745.7600,420,24,6,4,14,0,0,1,0,0,0,0,0,1,0,0,8008,-632,-409,-15,-815,-566,-1,-780,-766,-6,-2602,-2198,-18,1,71,243.216412971542,256.7571144937128,256.7571144937128,0.6750496360026472,0.091,950,121,4,11,0,0,1,0,0,1,0,0,0,0,0,8010,-518,-58,0,329,-327,-13,417,-114,-2,463,247,-3,7,72,12,570.6551952349438,0.0,524.5532759761747,0.7544672402382528,0.727,103,29,4,14,0,0,1,0,0,0,0,0,1,0,0,8112,-378,-483,-6,-854,-668,-6,-632,-711,0,-544,-1123,6,3,77,461.1383189940437,225.38716082064857,225.38716082064857,0.6750496360026472,0.364,67,145,4,21,0,0,1,0,0,0,0,0,0,1,0,8005,-99,-257,-10,321,356,-3,529,166,-2,1650,521,-11,7,79,980.7279947054931,198.7028457974851,198.7028457974851,0.23825281270681667,0.682,9,143,4,7,0,0,1,0,1,0,0,0,0,0,0,8229,60,-40,1,-132,-110,-7,-432,4,-6,-192,790,-7,8,6,644.7518199867637,0.0,165.9430840502978,2.819324950363997,0.636,4019.508494037177,0.4,13598.407149368633,4881.517126048291,0.2,13598.914368433974,4642.762082260372,0.4,12560.128184059271,2507.5573243768763,0.6,8040.388672197383,0.15384615384615385,0.5384615384615384,0.3076923076923077,MID,0.15384615384615385,0.3076923076923077,BOTSIDE,538.533,,,1072.404,1,0,0,1,9,13,5,0.2,0.8,3.8,6.0,263.375,TEAMFIGHT,6,0.0,1.0,4.833333333333333,8.0,11,0.09090909090909091,0.9090909090909091,4.363636363636363,7.090909090909091,0,1,0,0,1,2,0,1,2,DRAGON,DRAGONS,TEAMFIGHT,TEAMFIGHT,SPLIT_1_3_1,NEUTRAL,MID,SPLIT,NO,2,0,3,0,0,0,0
EUW1_7732001736,100,0,28.9,16.3.745.7600,420,83,114,4,14,0,0,1,0,0,0,0,0,1,0,0,8437,-729,-1079,-20,-681,-667,-11,49,-596,-8,-254,-591,-10,3,52,982.9065743944637,281.55709342560556,352.56055363321803,0.6574394463667821,0.222,234,143,4,11,0,0,1,0,0,1,0,0,0,0,0,8010,-174,-340,-6,7,727,6,-385,-18,-6,339,809,-4,7,73,9,594.1868512110727,108.02768166089966,576.9896193771626,0.5190311418685122,0.444,246,4,4,14,0,0,1,0,0,0,0,0,1,0,0,8010,231,466,6,360,295,7,329,484,5,932,723,-1,11,77,1418.096885813149,275.8477508650519,320.48442906574394,0.5536332179930796,0.667,81,67,4,21,0,0,1,0,0,0,0,0,0,1,0,8008,249,55,0,137,-27,-2,-667,207,6,-2401,-1467,16,6,74,1134.9826989619378,374.46366782006925,406.33217993079586,0.8996539792387543,0.306,89,117,4,14,0,0,1,0,0,0,0,0,1,0,0,8439,46,261,0,-825,-755,-7,-1022,-1269,-10,-1308,-2279,-11,14,12,411.4532871972319,4.844290657439447,4.844290657439447,4.083044982698962,0.639,4839.263160463257,0.2,14269.919586318629,4427.182605235769,0.2,12956.660140638096,3401.41621824664,0.4,11459.464429021105,4592.465990035724,0.2,11881.40101166525,0.15384615384615385,0.5384615384615384,0.3076923076923077,MID,0.15384615384615385,0.3076923076923077,BOTSIDE,1538.882,528.748,,854.024,0,3,0,3,17,17,11,0.18181818181818182,0.7272727272727273,2.8181818181818183,5.545454545454546,128.603,TEAMFIGHT,7,0.2857142857142857,0.5714285714285714,4.142857142857143,6.571428571428571,18,0.2222222222222222,0.6666666666666666,3.3333333333333335,5.944444444444445,0,2,2,0,1,2,0,2,3,GRUBS,GRUBS_HERALD,TEAMFIGHT,TEAMFIGHT,SPLIT_1_3_1,NEUTRAL,FAST,SPLIT,YES,1,0,5,0,0,3,0
EUW1_7732001736,200,1,28.9,16.3.745.7600,420,114,83,4,14,0,0,1,0,0,0,0,0,1,0,0,8005,729,1079,20,681,667,11,-49,596,8,254,591,10,3,63,1246.5397923875432,495.60553633217995,509.7231833910035,0.7612456747404844,0.378,143,234,4,11,0,0,1,0,0,1,0,0,0,0,0,8112,174,340,6,-7,-727,-6,385,18,6,-339,-809,4,7,65,18,734.1522491349481,135.3287197231834,1572.179930795848,0.6920415224913495,0.244,4,246,4,6,0,0,1,1,0,0,0,0,0,0,0,8360,-231,-466,-6,-360,-295,-7,-329,-484,-5,-932,-723,1,7,70,799.9653979238755,342.80276816609,491.1764705882353,0.6228373702422145,0.444,67,81,4,21,0,0,1,0,0,0,0,0,0,1,0,8005,-249,-55,0,-137,27,2,667,-207,-6,2401,1467,-16,9,72,1844.9134948096887,459.7231833910035,767.8892733564014,0.5882352941176471,0.622,117,89,4,7,0,0,1,0,1,0,0,0,0,0,0,8214,-46,-261,0,825,755,7,1022,1269,10,1308,2279,11,11,19,357.61245674740485,50.58823529411765,65.9515570934256,3.56401384083045,0.578,5461.614038349553,0.2,13717.885113967095,5298.140138196215,0.0,14210.435390937184,3162.2034634688916,0.4,11634.957713717742,2922.099649886029,0.6,11588.413221834991,0.5384615384615384,0.15384615384615385,0.3076923076923077,TOP,0.5384615384615384,0.3076923076923077,TOPSIDE,540.68,,1051.613,789.927,1,0,0,1,17,20,11,0.2727272727272727,0.6363636363636364,2.727272727272727,5.181818181818182,128.603,TEAMFIGHT,9,0.2222222222222222,0.5555555555555556,3.888888888888889,6.333333333333333,20,0.25,0.6,3.25,5.7,0,2,2,0,3,2,1,2,3,DRAGON,DRAGONS,TEAMFIGHT,TEAMFIGHT,SPLIT_1_3_1,NEUTRAL,MID,SPLIT,YES,3,1,10,2,1,0,0
EUW1_7731970989,100,1,21.816666666666666,16.3.745.7600,420,126,68,4,12,0,0,1,0,0,0,1,0,0,0,0,8010,848,238,9,953,-182,10,1543,-20,16,2134,571,6,6,80,991.9938884644768,456.4858670741024,465.9281894576012,0.9167303284950344,0.395,234,59,4,11,0,0,1,0,0,1,0,0,0,0,0,8010,982,617,14,957,771,22,2351,640,14,4199,2756,37,14,76,7,927.1810542398778,0.0,1295.248281130634,0.5958747135217723,0.553,3,103,4,12,0,0,1,0,0,0,1,0,0,0,0,8230,-388,-447,-6,-734,-838,-23,-637,317,-7,-218,1040,-10,8,70,561.3139801375096,109.13674560733385,109.13674560733385,0.7333842627960275,0.342,360,901,4,21,0,0,1,0,0,0,0,0,0,1,0,8010,193,-357,-2,401,415,21,466,414,16,2809,1766,32,7,87,1045.118411000764,519.4194041252865,519.4194041252865,0.4125286478227655,0.447,267,526,4,7,0,0,1,0,1,0,0,0,0,0,0,8214,245,649,4,356,714,5,950,1066,10,1585,2517,12,14,18,451.39801375095493,121.46676852559206,140.53475935828877,1.8792971734148205,0.711,4721.945342338117,0.2,13984.772611665878,4798.869086795943,0.2,14767.082480977753,1848.228972541064,0.6,5411.193214070257,4597.865806853767,0.0,14184.08914946603,0.15384615384615385,0.38461538461538464,0.46153846153846156,NEUTRAL,0.15384615384615385,0.46153846153846156,BOTSIDE,655.074,,1111.697,653.032,1,0,0,1,18,20,7,0.14285714285714285,0.8571428571428571,3.7142857142857144,7.0,162.9,TEAMFIGHT,7,0.14285714285714285,0.8571428571428571,3.4285714285714284,7.428571428571429,14,0.14285714285714285,0.8571428571428571,3.5714285714285716,7.214285714285714,1,1,3,0,2,1,1,1,2,DRAGON,DRAGONS,TEAMFIGHT,TEAMFIGHT,STANDARD,NEUTRAL,FAST,MIXED,YES,2,0,6,0,1,0,0
EUW1_7731970989,200,0,21.816666666666666,16.3.745.7600,420,68,126,4,12,0,0,1,0,0,0,1,0,0,0,0,8229,-848,-238,-9,-953,182,-10,-1543,20,-16,-2134,-571,-6,2,70,614.942704354469,276.6692131398014,276.6692131398014,0.5042016806722689,0.222,59,234,4,11,0,0,1,0,0,1,0,0,0,0,0,8112,-982,-617,-14,-957,-771,-22,-2351,-640,-14,-4199,-2756,-37,8,60,9,718.5790679908328,0.0,427.42551566080976,0.9625668449197861,0.722,103,3,4,12,0,0,1,0,0,0,1,0,0,0,0,8112,388,447,6,734,838,23,637,-317,7,218,-1040,10,5,93,718.6249045072575,221.16119174942705,221.16119174942705,0.6875477463712758,0.333,901,360,3,4,0,1,1,0,0,0,0,0,0,0,0,8021,-193,357,2,-401,-415,-21,-466,-414,-16,-2809,-1766,-32,7,66,749.6562261268143,217.72345301757068,285.8365164247517,0.4583651642475172,0.556,526,267,4,14,0,0,1,0,0,0,0,0,1,0,0,8439,-245,-649,-4,-356,-714,-5,-950,-1066,-10,-1585,-2517,-12,8,13,350.1909854851031,68.0672268907563,68.0672268907563,2.2459893048128343,0.667,4624.492499551113,0.2,12025.39084603906,3932.5231185340913,0.4,13139.749921516772,3978.5016673495056,0.0,9812.954091403872,2394.9999049166536,0.6,10032.558995590307,0.3076923076923077,0.46153846153846156,0.23076923076923078,MID,0.3076923076923077,0.23076923076923078,NEUTRAL,,609.159,,771.419,0,3,0,3,13,5,8,0.375,0.625,3.0,6.125,162.9,TEAMFIGHT,3,0.3333333333333333,0.6666666666666666,3.0,6.666666666666667,11,0.36363636363636365,0.6363636363636364,3.0,6.2727272727272725,0,0,1,0,0,1,1,0,2,GRUBS,GRUBS_HERALD,TEAMFIGHT,TEAMFIGHT,STANDARD,NEUTRAL,FAST,SPLIT,YES,0,0,1,0,0,3,0
EUW1_7731947520,100,1,22.216666666666665,16.3.745.7600,420,41,266,4,14,0,0,1,0,0,0,0,0,1,0,0,8229,548,-160,7,1155,369,23,3710,4575,73,6579,6243,105,14,72,1034.5386346586647,646.9917479369843,751.9579894973745,0.5851462865716429,0.565,59,799,4,11,0,0,1,0,0,1,0,0,0,0,0,8112,602,464,2,954,84,-13,1083,800,-9,1367,1983,15,10,62,4,799.3098274568642,375.34883720930236,1733.0682670667668,0.9902475618904727,0.5,101,13,4,12,0,0,1,0,0,0,1,0,0,0,0,8229,58,248,2,299,350,1,2216,1364,2,3277,2229,9,12,77,1645.7014253563393,366.75168792198053,506.42160540135035,0.7201800450112529,0.63,67,119,4,21,0,0,1,0,0,0,0,0,0,1,0,8005,-238,-121,-14,-198,180,-11,20,543,-15,-1086,-366,-45,8,75,563.9909977494374,145.43135783945988,1000.5101275318831,0.2700675168792198,0.304,111,117,4,14,0,0,1,0,0,0,0,0,1,0,0,8439,-120,-121,3,939,768,7,2201,1831,2,3162,3252,-4,14,22,643.7509377344337,55.093773443360845,85.65641410352589,2.3405851462865717,0.674,4767.375536668604,0.2,14518.51817507558,4988.726721432463,0.0,15074.612598670652,1209.2415915934228,0.8,4478.594087434135,4788.719590578489,0.2,15059.639105901575,0.3076923076923077,0.5384615384615384,0.15384615384615385,MID,0.3076923076923077,0.15384615384615385,TOPSIDE,698.315,493.67,1193.052,756.008,1,3,0,4,22,24,10,0.2,0.4,2.8,5.3,254.283,TEAMFIGHT,7,0.2857142857142857,0.7142857142857143,4.285714285714286,7.571428571428571,17,0.23529411764705882,0.5294117647058824,3.411764705882353,6.235294117647059,1,1,3,1,4,2,0,2,2,GRUBS,GRUBS_HERALD,TEAMFIGHT,TEAMFIGHT,SIEGE_GROUP,NEUTRAL,FAST,GROUP,YES,2,1,9,1,1,3,0
EUW1_7731947520,200,0,22.216666666666665,16.3.745.7600,420,266,41,4,14,0,0,1,0,0,0,0,0,1,0,0,8010,-548,160,-7,-1155,-369,-23,-3710,-4575,-73,-6579,-6243,-105,3,49,441.5603900975244,0.0,0.0,0.6301575393848463,0.357,799,59,4,11,0,0,1,0,0,1,0,0,0,0,0,8010,-602,-464,-2,-954,-84,13,-1083,-800,9,-1367,-1983,-15,4,72,7,428.37209302325584,0.0,218.61965491372845,0.8102025506376594,0.643,13,101,4,6,0,0,1,1,0,0,0,0,0,0,0,8230,-58,-248,-2,-299,-350,-1,-2216,-1364,-2,-3277,-2229,-9,2,76,280.735183795949,61.395348837209305,74.62865716429108,0.5401350337584396,0.286,119,67,4,21,0,0,1,0,0,0,0,0,0,1,0,8008,238,121,14,198,-180,11,-20,-543,15,1086,366,45,5,86,629.1672918229558,135.88897224306078,135.88897224306078,0.22505626406601653,0.643,117,111,4,7,0,0,1,0,1,0,0,0,0,0,0,8214,120,121,-3,-939,-768,-7,-2201,-1831,-2,-3162,-3252,4,4,15,324.126031507877,21.92048012003001,21.92048012003001,1.8004501125281323,0.357,5810.906672704955,0.0,14109.453922813596,3794.266327532429,0.4,10337.263854618399,2367.30372230147,0.6,6479.0790240588985,684.9431936916161,1.0,2054.3037750050503,0.15384615384615385,0.46153846153846156,0.38461538461538464,NEUTRAL,0.15384615384615385,0.38461538461538464,BOTSIDE,377.239,,,,1,0,0,1,8,6,6,0.16666666666666666,0.6666666666666666,3.6666666666666665,6.333333333333333,254.283,TEAMFIGHT,4,0.0,1.0,5.75,9.25,10,0.1,0.8,4.5,7.5,0,0,0,0,0,1,0,0,3,DRAGON,DRAGONS,TEAMFIGHT,TEAMFIGHT,STANDARD,BOT,MID,MIXED,NO,1,0,0,0,0,0,0
EUW1_7731919167,100,1,25.083333333333332,16.3.745.7600,420,9,114,4,14,0,0,1,0,0,0,0,0,1,0,0,8112,-478,-444,-6,-1574,-1469,-37,-2165,-2270,-48,-80,1076,-22,2,46,907.3355481727575,141.84717607973423,141.84717607973423,0.9568106312292359,0.22,64,102,4,11,0,0,1,0,0,1,0,0,0,0,0,8010,526,0,-4,324,-341,-25,183,-1026,-40,1896,1223,-25,13,58,16,613.5548172757475,278.4717607973422,1873.1561461794022,1.3953488372093024,0.512,103,157,4,12,0,0,1,0,0,0,1,0,0,0,0,8112,-727,-129,-2,-157,-36,-6,26,91,-2,1211,2243,20,7,76,821.2624584717609,308.49169435215947,314.7906976744186,1.2358803986710964,0.439,81,145,4,21,0,0,1,0,0,0,0,0,0,1,0,8008,88,-41,-4,904,387,2,1756,608,15,2123,1237,6,12,77,1088.0132890365448,707.4817275747508,1241.6611295681064,0.47840531561461797,0.537,432,201,4,14,0,0,1,0,0,0,0,0,1,0,0,8112,461,-163,-5,742,336,-7,1281,1046,-5,2147,1456,-13,15,6,791.0033222591362,96.51827242524918,184.98338870431894,3.98671096345515,0.732,4051.667255223273,0.4,14716.359094558682,4242.097800914909,0.2,11537.340508106709,2858.149970361602,0.4,9463.87626715396,2682.0687457317476,0.6,9279.907596522715,0.23076923076923078,0.23076923076923078,0.5384615384615384,BOT,0.23076923076923078,0.5384615384615384,BOTSIDE,929.361,589.367,1045.642,715.41,0,3,0,3,19,22,14,0.42857142857142855,0.35714285714285715,2.357142857142857,4.857142857142857,96.905,PICK,9,0.3333333333333333,0.6666666666666666,2.5555555555555554,5.888888888888889,23,0.391304347826087,0.4782608695652174,2.4347826086956523,5.260869565217392,0,3,2,1,3,4,1,1,3,GRUBS,GRUBS_HERALD,TEAMFIGHT,PICK,SPLIT_1_3_1,NEUTRAL,FAST,SPLIT,YES,2,1,9,1,1,3,0
EUW1_7731919167,200,0,25.083333333333332,16.3.745.7600,420,114,9,4,14,0,0,1,0,0,0,0,0,1,0,0,8005,478,444,6,1574,1469,37,2165,2270,48,80,-1076,22,5,83,704.6910299003323,453.16943521594686,483.468438538206,0.5980066445182725,0.4,102,64,4,11,0,0,1,0,0,1,0,0,0,0,0,8021,-526,0,4,-324,341,25,-183,1026,40,-1896,-1223,25,6,77,5,540.4385382059801,29.900332225913623,402.3388704318937,1.1561461794019934,0.533,157,103,4,12,0,0,1,0,0,0,1,0,0,0,0,8008,727,129,2,157,36,6,-26,-91,2,-1211,-2243,-20,4,82,455.8803986710964,130.4451827242525,130.4451827242525,0.5182724252491695,0.267,145,81,4,21,0,0,1,0,0,0,0,0,0,1,0,8008,-88,41,4,-904,-387,-2,-1756,-608,-15,-2123,-1237,-6,6,75,642.578073089701,305.421926910299,305.421926910299,0.47840531561461797,0.4,201,432,4,7,0,0,1,0,1,0,0,0,0,0,0,8465,-461,163,5,-742,-336,7,-1281,-1046,5,-2147,-1456,13,5,13,252.47840531561462,0.0,0.0,2.1129568106312293,0.467,4118.439532261922,0.4,13689.763219281771,4646.982269981652,0.0,12336.30678120482,2168.1948453630403,0.6,7171.542999940807,2263.0326992633572,0.4,7568.666196893611,0.46153846153846156,0.23076923076923078,0.3076923076923077,TOP,0.46153846153846156,0.3076923076923077,TOPSIDE,583.823,,,728.147,1,0,0,1,13,2,8,0.0,0.625,3.375,6.25,135.928,SKIRMISH,1,0.0,1.0,5.0,7.0,9,0.0,0.6666666666666666,3.5555555555555554,6.333333333333333,1,0,3,0,0,0,0,1,3,DRAGON,DRAGONS,TEAMFIGHT,NONE,STANDARD,NEUTRAL,MID,MIXED,YES,1,0,3,0,0,0,0
EUW1_7731905693,100,0,22.35,16.3.745.7600,420,893,67,4,14,0,0,1,0,0,0,0,0,1,0,0,8112,-100,-487,-7,-1096,-1170,-18,-2473,-2678,-33,-3304,-3718,-31,2,53,466.21923937360174,247.24832214765098,247.24832214765098,0.6263982102908277,0.231,126,98,4,11,0,0,1,0,0,1,0,0,0,0,0,8369,33,324,8,359,666,18,3,-521,0,-432,-1080,-9,4,78,3,705.3691275167785,4.6532438478747205,396.420581655481,0.7158836689038031,0.538,157,61,4,12,0,0,1,0,0,0,1,0,0,0,0,8021,-79,121,4,-1352,88,15,-2332,-1020,-1,-516,-952,-3,0,94,494.0939597315436,88.59060402684563,88.59060402684563,0.7158836689038031,0.231,901,202,1,4,1,0,1,0,0,0,0,0,0,0,0,8021,-871,-72,-3,-1018,-647,-8,115,171,14,-1178,-300,20,5,64,766.2639821029082,174.94407158836688,287.2035794183445,0.40268456375838924,0.385,800,432,4,7,0,0,1,0,1,0,0,0,0,0,0,8229,-37,-252,4,384,167,7,80,-928,8,668,-1490,11,5,13,603.8926174496644,58.5234899328859,58.5234899328859,1.9686800894854586,0.538,4477.129441832378,0.4,14059.140941039037,4340.780191785213,0.4,13636.372281512411,4048.938407028433,0.4,13844.770456746475,3521.998595194382,0.4,12462.649678138274,0.23076923076923078,0.46153846153846156,0.3076923076923077,MID,0.23076923076923078,0.3076923076923077,NEUTRAL,,495.576,,911.859,0,3,0,3,9,4,8,0.5,0.375,2.125,4.625,84.841,PICK,2,0.0,1.0,6.0,9.0,10,0.4,0.5,2.9,5.5,0,1,1,0,0,0,0,1,3,GRUBS,GRUBS_HERALD,MIXED,PICK,SPLIT_1_3_1,BOT,FAST,SPLIT,YES,0,0,2,0,0,3,0
EUW1_7731905693,200,1,22.35,16.3.745.7600,420,67,893,3,4,0,1,1,0,0,0,0,0,0,0,0,8008,100,487,7,1096,1170,18,2473,2678,33,3304,3718,31,8,71,1021.6107382550335,632.5279642058165,1035.436241610738,0.6263982102908277,0.4,98,126,4,11,0,0,1,0,0,1,0,0,0,0,0,8465,-33,-324,-8,-359,-666,-18,-3,521,0,432,1080,9,6,64,6,333.2885906040268,0.0,1560.9395973154362,0.8053691275167785,0.343,61,157,4,6,0,0,1,1,0,0,0,0,0,0,0,8230,79,-121,-4,1352,-88,-15,2332,1020,1,516,952,3,9,79,640.8501118568232,87.33780760626398,336.06263982102905,0.8053691275167785,0.4,202,901,4,21,0,0,1,0,0,0,0,0,0,1,0,8021,871,72,3,1018,647,8,-115,-171,-14,1178,300,-20,8,72,635.7941834451901,163.75838926174495,163.75838926174495,0.1342281879194631,0.4,432,800,4,14,0,0,1,0,0,0,0,0,1,0,0,8112,37,252,-4,-384,-167,-7,-80,928,-8,-668,1490,-11,9,6,634.0492170022371,12.483221476510066,66.39821029082773,3.1767337807606264,0.457,4511.165644250209,0.2,13953.69377620134,4005.6040532798056,0.2,13768.841708727718,2517.4979688652957,0.6,7359.709912761508,3168.5021702001013,0.4,10584.60816468895,0.38461538461538464,0.46153846153846156,0.15384615384615385,NEUTRAL,0.38461538461538464,0.15384615384615385,TOPSIDE,496.712,,1088.968,891.676,2,0,0,2,18,17,9,0.1111111111111111,0.4444444444444444,2.5555555555555554,5.333333333333333,111.907,TEAMFIGHT,8,0.5,0.5,2.625,5.25,17,0.29411764705882354,0.47058823529411764,2.588235294117647,5.294117647058823,0,1,1,0,1,1,0,1,0,DRAGON,DRAGONS,TEAMFIGHT,TEAMFIGHT,STANDARD,NEUTRAL,FAST,MIXED,YES,3,1,3,0,1,0,0
EUW1_7731886276,100,1,22.216666666666665,16.3.745.7600,420,126,24,4,14,0,0,1,0,0,0,0,0,1,0,0,8010,506,442,13,899,198,17,-235,-1862,3,-129,-948,15,5,74,820.1050262565642,567.9519879969993,583.9759939984997,0.9452363090772694,0.344,20,121,4,11,0,0,1,0,0,1,0,0,0,0,0,8230,69,-72,-2,382,33,-5,-1945,-946,-19,-2922,-627,-27,3,62,22,169.10727681920483,338.84471117779447,2508.9722430607653,0.6751687921980496,0.406,246,136,4,14,0,0,1,0,0,0,0,0,1,0,0,8112,373,226,-4,1444,1930,15,2010,2384,22,4975,4012,44,4,94,1119.7899474868718,518.3945986496625,518.3945986496625,1.0802700675168793,0.406,222,67,4,21,0,0,1,0,0,0,0,0,0,1,0,8008,596,218,4,399,75,16,2867,311,27,4807,565,46,6,83,1573.2333083270819,599.3698424606152,1036.2940735183797,0.45011252813203306,0.531,201,267,4,7,0,0,1,0,1,0,0,0,0,0,0,8465,247,-208,-2,-285,-383,-4,-141,-483,-4,592,397,-5,7,7,374.5836459114779,87.41185296324082,95.69392348087023,2.2955738934733687,0.5,5139.212363317298,0.0,12128.849285896827,5799.991051734268,0.2,14809.783590586327,4743.232701465811,0.2,12345.510155518077,4786.640718402565,0.0,14030.772038629948,0.5384615384615384,0.15384615384615385,0.3076923076923077,TOP,0.5384615384615384,0.3076923076923077,TOPSIDE,356.521,495.893,946.512,879.19,2,3,0,5,13,19,9,0.4444444444444444,0.3333333333333333,2.4444444444444446,4.444444444444445,98.21,PICK,7,0.2857142857142857,0.7142857142857143,3.7142857142857144,6.428571428571429,16,0.375,0.5,3.0,5.3125,0,2,3,0,5,1,0,3,2,DRAGON,GRUBS_HERALD,TEAMFIGHT,PICK,STANDARD,NEUTRAL,FAST,SPLIT,YES,3,1,10,2,1,3,0
EUW1_7731886276,200,0,22.216666666666665,16.3.745.7600,420,24,126,3,4,0,1,1,0,0,0,0,0,0,0,0,8008,-506,-442,-13,-899,-198,-17,235,1862,-3,129,948,-15,5,56,597.1642910727683,473.338334583646,473.338334583646,0.6751687921980496,0.438,121,20,4,11,0,0,1,0,0,1,0,0,0,0,0,8128,-69,72,2,-382,-33,5,1945,946,19,2922,627,27,4,68,12,584.2460615153789,81.11027756939235,108.61215303825958,1.5303825956489123,0.438,136,246,4,12,0,0,1,0,0,0,1,0,0,0,0,8229,-373,-226,4,-1444,-1930,-15,-2010,-2384,-22,-4975,-4012,-44,0,77,528.3870967741935,84.30607651912979,84.30607651912979,0.49512378094523635,0.0,67,222,4,21,0,0,1,0,0,0,0,0,0,1,0,8005,-596,-218,-4,-399,-75,-16,-2867,-311,-27,-4807,-565,-46,4,67,449.5723930982746,78.45461365341336,78.45461365341336,0.31507876969242316,0.438,267,201,4,7,0,0,1,0,1,0,0,0,0,0,0,8214,-247,208,2,285,383,4,141,483,4,-592,-397,5,6,11,400.4651162790698,56.624156039009755,62.52063015753939,1.6654163540885223,0.562,6522.333262945785,0.0,15018.818728515236,5167.143640689959,0.2,13872.693465942364,5184.873942205328,0.2,14171.330812594842,2595.5071173352344,0.4,7233.762022626954,0.38461538461538464,0.3076923076923077,0.3076923076923077,NEUTRAL,0.38461538461538464,0.3076923076923077,NEUTRAL,,,,885.476,0,0,0,0,9,7,5,0.0,0.6,3.4,5.4,480.915,TEAMFIGHT,3,0.0,1.0,5.333333333333333,8.666666666666666,8,0.0,0.75,4.125,6.625,0,1,3,0,0,1,0,1,0,NONE,NONE,TEAMFIGHT,TEAMFIGHT,SPLIT_1_3_1,TOP,MID,SPLIT,NO,0,0,2,0,0,0,0
EUW1_7731878069,100,1,15.433333333333334,16.3.745.7600,420,14,24,12,14,0,0,0,0,0,0,1,0,1,0,0,8437,-124,-270,-6,282,-42,-7,1948,1588,8,1832,1389,1,7,77,585.6155507559395,627.7321814254859,627.7321814254859,0.5831533477321814,0.235,33,121,4,11,0,0,1,0,0,1,0,0,0,0,0,8439,40,-130,-5,257,200,-7,308,1134,-7,403,1426,-3,13,69,2,274.14686825053997,45.55075593952484,779.6112311015119,0.8423326133909287,0.382,246,103,4,14,0,0,1,0,0,0,0,0,1,0,0,8112,458,49,-10,1511,1189,-4,3515,2250,5,3740,2493,6,14,70,1012.8077753779697,83.19654427645789,89.93520518358531,1.036717062634989,0.471,893,29,4,12,0,0,1,0,0,0,1,0,0,0,0,8112,746,550,15,1603,1044,31,4171,2871,65,4385,3114,64,16,66,781.4902807775378,284.7084233261339,284.7084233261339,0.19438444924406048,0.529,203,117,4,14,0,0,1,0,0,0,0,0,1,0,0,8005,-269,-60,-1,300,489,5,1783,1654,8,2026,1866,9,15,24,805.3347732181426,59.87041036717063,63.9524838012959,1.5550755939524838,0.5,5306.966888771706,0.2,15635.496570304378,5798.350870535679,0.2,14398.319971441115,3690.7114182337586,0.2,10689.93811955897,1454.3884314869517,0.8,3838.606517995821,0.15384615384615385,0.5384615384615384,0.3076923076923077,MID,0.15384615384615385,0.3076923076923077,BOTSIDE,367.186,505.981,,737.663,1,3,0,4,26,8,14,0.35714285714285715,0.5714285714285714,2.5,5.142857142857143,42.391,PICK,2,0.0,1.0,4.0,8.0,16,0.3125,0.625,2.6875,5.5,1,0,3,0,0,1,1,1,3,DRAGON,GRUBS_HERALD,TEAMFIGHT,PICK,SPLIT_1_3_1,NEUTRAL,FAST,SPLIT,YES,1,0,3,0,0,3,0
EUW1_7731878069,200,0,15.433333333333334,16.3.745.7600,420,24,14,4,12,0,0,1,0,0,0,1,0,0,0,0,8008,124,270,6,-282,42,7,-1948,-1588,-8,-1832,-1389,-1,0,84,523.023758099352,333.69330453563714,333.69330453563714,0.5831533477321814,0.0,121,33,4,11,0,0,1,0,0,1,0,0,0,0,0,8010,-40,130,5,-257,-200,7,-308,-1134,7,-403,-1426,3,4,76,7,516.4794816414686,0.0,487.7753779697624,0.5183585313174945,0.444,103,246,4,12,0,0,1,0,0,0,1,0,0,0,0,8112,-458,-49,10,-1511,-1189,4,-3515,-2250,-5,-3740,-2493,-6,0,74,493.7365010799136,123.69330453563715,148.96328293736502,0.12958963282937364,0.0,29,893,4,21,0,0,1,0,0,0,0,0,0,1,0,8008,-746,-550,-15,-1603,-1044,-31,-4171,-2871,-65,-4385,-3114,-64,7,35,463.6069114470842,0.0,41.01511879049676,0.6479481641468683,0.778,117,203,4,7,0,0,1,0,1,0,0,0,0,0,0,8214,269,60,1,-300,-489,-5,-1783,-1654,-8,-2026,-1866,-9,7,19,286.84665226781857,0.0,29.416846652267818,1.8790496760259179,0.778,4793.711172923901,0.2,14432.896452202516,4807.475210978266,0.2,14667.13526902919,1663.0640861904817,0.8,4586.844013044263,2687.6150414806443,0.6,8437.724930335191,0.3076923076923077,0.46153846153846156,0.23076923076923078,MID,0.3076923076923077,0.23076923076923078,NEUTRAL,705.084,,,,1,0,0,1,9,0,7,0.0,1.0,3.7142857142857144,6.857142857142857,177.928,TEAMFIGHT,0,0.0,0.0,0.0,0.0,7,0.0,1.0,3.7142857142857144,6.857142857142857,0,0,1,0,0,1,0,0,0,DRAGON,DRAGONS,TEAMFIGHT,TEAMFIGHT,SIEGE_GROUP,NEUTRAL,MID,GROUP,NO,1,0,0,0,0,0,0
EUW1_7731012273,100,0,28.616666666666667,16.3.745.7600,420,54,62,4,14,0,0,1,0,0,0,0,0,1,0,0,8229,580,341,26,1349,944,42,805,-1068,31,491,-1191,30,2,92,645.1834595224228,151.90448456610366,151.90448456610366,0.9435061153174141,0.333,143,427,4,11,0,0,1,0,0,1,0,0,0,0,0,8112,116,375,14,285,284,18,215,1079,46,99,844,50,1,74,1,393.05765870704715,0.0,10.343622597553873,0.5591147350029121,0.333,13,163,4,6,0,0,1,1,0,0,0,0,0,0,0,8230,-548,-367,-12,-523,333,-1,-1249,-215,-6,-2732,-2266,-31,0,90,512.2888759464182,131.32207338380897,144.81071636575422,0.5591147350029121,0.333,523,67,4,21,0,0,1,0,0,0,0,0,0,1,0,8005,-703,-163,-1,-673,222,12,-1111,-419,11,-1722,-827,22,2,82,685.824111822947,192.4053581828771,237.20442632498543,0.5591147350029121,0.556,44,117,4,14,0,0,1,0,0,0,0,0,1,0,0,8351,-949,-142,2,-668,357,10,-686,-228,23,-875,-567,23,2,16,120.55911473500291,0.0,0.0,1.8171228887594641,0.778,4565.775683350863,0.2,10835.262894826317,5683.476794194486,0.2,14073.654571574507,5491.682328018712,0.0,15114.799270913258,2317.3296957376215,0.6,7812.111238327319,0.38461538461538464,0.15384615384615385,0.46153846153846156,NEUTRAL,0.38461538461538464,0.46153846153846156,NEUTRAL,,,,857.744,0,0,0,0,4,2,3,0.6666666666666666,0.3333333333333333,2.0,4.666666666666667,368.401,TEAMFIGHT,1,0.0,1.0,4.0,9.0,4,0.5,0.5,2.5,5.75,0,1,1,0,0,2,0,1,2,NONE,NONE,MIXED,TEAMFIGHT,SPLIT_1_3_1,NEUTRAL,SLOW,SPLIT,NO,0,0,2,0,0,0,0
EUW1_7731012273,200,1,28.616666666666667,16.3.745.7600,420,62,54,4,12,0,0,1,0,0,0,1,0,0,0,0,8010,-580,-341,-26,-1349,-944,-42,-805,1068,-31,-491,1191,-30,2,50,620.7920792079208,412.3820617355853,571.1706464764123,0.7687827606290041,0.37,427,143,4,11,0,0,1,0,0,1,0,0,0,0,0,8351,-116,-375,-14,-285,-284,-18,-215,-1079,-46,-99,-844,-50,7,61,2,235.3523587652883,135.89982527664532,1729.866045428072,1.083284799068142,0.63,163,13,4,6,0,0,1,1,0,0,0,0,0,0,0,8230,548,367,12,523,-333,1,1249,215,6,2732,2266,31,6,91,1147.8276062900406,530.110658124636,675.1310425160164,1.083284799068142,0.63,67,523,4,21,0,0,1,0,0,0,0,0,0,1,0,8005,703,163,1,673,-222,-12,1111,419,-11,1722,827,-22,9,70,885.1135701805474,427.0937682003494,1313.7449039021549,0.52417006406523,0.63,117,44,4,7,0,0,1,0,1,0,0,0,0,0,0,8214,949,142,-2,668,-357,-10,686,228,-23,875,567,-23,9,6,296.61036691904485,35.71345369831101,143.97204426324984,2.09668025626092,0.778,4666.296029091735,0.4,14062.909122937544,4698.260412646813,0.2,14045.782747857094,4612.409974421341,0.4,14061.686705370732,2053.126094826723,0.8,6959.923059919556,0.15384615384615385,0.38461538461538464,0.46153846153846156,NEUTRAL,0.15384615384615385,0.46153846153846156,BOTSIDE,842.156,510.296,941.71,922.086,0,3,0,3,10,10,7,0.5714285714285714,0.14285714285714285,1.7142857142857142,4.571428571428571,150.316,SKIRMISH,5,0.2,0.8,2.4,6.2,12,0.4166666666666667,0.4166666666666667,2.0,5.25,0,2,3,0,4,2,0,2,3,GRUBS,GRUBS_HERALD,MIXED,NONE,STANDARD,NEUTRAL,FAST,SPLIT,YES,3,2,11,3,1,3,0
EUW1_7730689998,100,0,33.4,16.3.745.7600,420,893,421,4,12,0,0,1,0,0,0,1,0,0,0,0,8112,672,546,13,1184,1121,19,1205,686,13,1846,949,34,5,82,1480.4790419161677,150.11976047904193,211.79640718562874,0.718562874251497,0.5,59,246,4,11,0,0,1,0,0,1,0,0,0,0,0,8010,-329,94,4,-319,105,5,-293,1023,30,-49,2378,45,10,72,27,707.5149700598803,39.041916167664674,856.0778443113772,0.6586826347305389,0.636,90,163,4,12,0,0,1,0,0,0,1,0,0,0,0,8229,-192,78,6,-433,-52,10,1186,2083,39,196,575,-15,6,88,1061.6467065868264,203.83233532934133,357.6946107784431,0.5988023952095809,0.545,51,804,4,21,0,0,1,0,0,0,0,0,0,1,0,8008,530,-348,14,-592,-858,-1,231,25,4,699,469,24,9,77,1136.8862275449103,291.67664670658684,637.4251497005988,0.9880239520958084,0.455,518,44,4,7,0,0,1,0,1,0,0,0,0,0,0,8214,346,614,3,-197,-291,-3,502,-530,-11,1158,-178,-8,9,17,840.9880239520959,67.33532934131736,177.125748502994,3.0838323353293413,0.523,4395.103814575667,0.2,12800.722245248508,3616.8610596289554,0.6,14341.105989427733,831.460453867121,1.0,2732.0565513912775,3587.5340914835615,0.6,13403.461194780997,0.23076923076923078,0.46153846153846156,0.3076923076923077,MID,0.23076923076923078,0.3076923076923077,NEUTRAL,1003.998,633.162,,761.95,0,3,0,3,14,18,8,0.25,0.75,2.75,5.875,182.864,TEAMFIGHT,9,0.3333333333333333,0.5555555555555556,3.3333333333333335,5.555555555555555,17,0.29411764705882354,0.6470588235294118,3.0588235294117645,5.705882352941177,0,1,3,1,1,2,1,0,3,GRUBS,GRUBS_HERALD,TEAMFIGHT,TEAMFIGHT,SIEGE_GROUP,NEUTRAL,FAST,GROUP,YES,1,1,4,0,0,3,0
EUW1_7730689998,200,1,33.4,16.3.745.7600,420,421,893,4,12,0,0,1,0,0,0,1,0,0,0,0,8010,-672,-546,-13,-1184,-1121,-19,-1205,-686,-13,-1846,-949,-34,1,63,687.2754491017964,348.2934131736527,386.34730538922156,0.7784431137724551,0.37,246,59,4,11,0,0,1,0,0,1,0,0,0,0,0,8369,329,-94,-4,319,-105,-5,293,-1023,-30,49,-2378,-45,10,68,6,760.5089820359282,7.3053892215568865,1293.3832335329341,1.1676646706586826,0.522,163,90,4,14,0,0,1,0,0,0,0,0,1,0,0,8112,192,-78,-6,433,52,-10,-1186,-2083,-39,-196,-575,15,5,78,1175.119760479042,288.41317365269464,341.70658682634735,0.5389221556886228,0.565,804,51,4,21,0,0,1,0,0,0,0,0,0,1,0,8008,-530,348,-14,592,858,1,-231,-25,-4,-699,-469,-24,8,78,1168.5329341317365,415.65868263473055,583.622754491018,0.4191616766467066,0.457,44,518,4,7,0,0,1,0,1,0,0,0,0,0,0,8351,-346,-614,-3,197,291,3,-502,530,11,-1158,178,8,11,20,165.11976047904193,166.40718562874252,276.7065868263473,2.81437125748503,0.63,4465.224442505339,0.4,13764.138113227431,4125.994777390035,0.2,12972.305963089215,1570.8645178544439,0.8,5119.71327322146,2926.7903368758807,0.2,8317.71603266185,0.23076923076923078,0.5384615384615384,0.23076923076923078,MID,0.23076923076923078,0.23076923076923078,NEUTRAL,591.612,,1006.136,823.162,1,0,0,1,12,14,6,0.0,1.0,3.6666666666666665,7.166666666666667,182.864,TEAMFIGHT,6,0.0,0.8333333333333334,4.5,7.166666666666667,12,0.0,0.9166666666666666,4.083333333333333,7.166666666666667,0,1,1,0,1,1,1,0,3,DRAGON,DRAGONS,TEAMFIGHT,TEAMFIGHT,SIEGE_GROUP,BOT,MID,GROUP,YES,3,1,9,1,1,0,0
EUW1_7730656132,100,1,15.2,16.3.745.7600,420,113,421,12,14,0,0,0,0,0,0,1,0,1,0,0,8230,-274,-218,10,224,284,13,1962,1903,45,1962,1903,45,2,85,742.171052631579,483.8157894736842,566.5131578947369,0.7236842105263158,0.111,143,163,4,11,0,0,1,0,0,1,0,0,0,0,0,8112,222,240,8,747,-289,7,149,-941,4,236,-751,7,6,82,0,441.5789473684211,0.0,1300.328947368421,0.9210526315789475,0.333,55,8,4,14,0,0,1,0,0,0,0,0,1,0,0,8112,685,-287,-9,1136,499,-18,2759,1202,-20,2760,1202,-20,10,70,935.4605263157895,508.75,508.75,1.0526315789473684,0.556,67,202,4,21,0,0,1,0,0,0,0,0,0,1,0,8005,349,249,3,554,131,0,2051,819,9,2052,819,9,10,83,818.3552631578948,308.0263157894737,308.0263157894737,0.46052631578947373,0.556,117,432,4,7,0,0,1,0,1,0,0,0,0,0,0,8214,720,83,1,224,227,3,225,1367,5,226,1367,5,11,10,360.19736842105266,17.828947368421055,31.05263157894737,1.5131578947368423,0.611,4989.166148823832,0.2,14853.196861282086,4605.4358816928625,0.2,13441.32530668014,2481.4428097668124,0.6,7538.943228331143,3337.22822073313,0.4,8764.389596543506,0.15384615384615385,0.38461538461538464,0.46153846153846156,NEUTRAL,0.15384615384615385,0.46153846153846156,BOTSIDE,534.813,582.453,,743.518,1,3,0,4,16,2,8,0.25,0.625,2.5,5.75,192.306,TEAMFIGHT,1,0.0,1.0,3.0,6.0,9,0.2222222222222222,0.6666666666666666,2.5555555555555554,5.777777777777778,2,0,5,0,1,2,0,1,3,DRAGON,GRUBS_HERALD,TEAMFIGHT,TEAMFIGHT,STANDARD,TOP,FAST,MIXED,YES,2,0,4,0,0,3,0
EUW1_7730656132,200,0,15.2,16.3.745.7600,420,421,113,4,14,0,0,1,0,0,0,0,0,1,0,0,8005,274,218,-10,-224,-284,-13,-1962,-1903,-45,-1962,-1903,-45,3,72,494.47368421052636,48.28947368421053,48.28947368421053,0.7894736842105263,0.5,163,143,4,11,0,0,1,0,0,1,0,0,0,0,0,8128,-222,-240,-8,-747,289,-7,-149,941,-4,-236,751,-7,5,80,0,447.5657894736842,0.0,0.0,0.7236842105263158,0.833,8,55,4,14,0,0,1,0,0,0,0,0,1,0,0,8230,-685,287,9,-1136,-499,18,-2759,-1202,20,-2760,-1202,20,0,88,424.2763157894737,143.48684210526315,143.48684210526315,0.5921052631578948,0.0,202,67,4,21,0,0,1,0,0,0,0,0,0,1,0,8021,-349,-249,-3,-554,-131,0,-2051,-819,-9,-2052,-819,-9,1,83,203.35526315789474,241.84210526315792,241.84210526315792,0.13157894736842105,0.167,432,117,4,14,0,0,1,0,0,0,0,0,1,0,0,8112,-720,-83,-1,-224,-227,-3,-225,-1367,-5,-226,-1367,-5,3,7,419.2763157894737,31.842105263157897,31.842105263157897,1.5131578947368423,0.5,4755.929796093745,0.0,10798.352559534254,4387.993284245333,0.2,12468.121430271683,2856.6573493713768,0.4,8820.05810638456,3473.4873223663553,0.0,7302.203023745642,0.46153846153846156,0.15384615384615385,0.38461538461538464,NEUTRAL,0.46153846153846156,0.38461538461538464,NEUTRAL,,,,,0,0,0,0,5,1,4,0.25,0.75,3.0,6.0,192.306,TEAMFIGHT,1,0.0,1.0,3.0,6.0,5,0.2,0.8,3.0,6.0,0,0,0,0,0,1,0,0,2,NONE,NONE,TEAMFIGHT,TEAMFIGHT,STANDARD,NEUTRAL,SLOW,SPLIT,NO,0,0,0,0,0,0,0
EUW1_7730610830,100,0,27.733333333333334,16.3.745.7600,420,150,80,3,4,0,1,1,0,0,0,0,0,0,0,0,8021,-227,-244,-6,183,-638,-2,1021,640,7,1217,861,1,6,66,678.4615384615385,148.6658653846154,184.83173076923077,1.0456730769230769,0.412,33,121,4,11,0,0,1,0,0,1,0,0,0,0,0,8439,24,-288,-9,-334,-925,-17,-1690,-2116,-38,-1293,-1356,-27,6,53,3,368.97836538461536,66.0576923076923,736.3341346153846,0.7932692307692307,0.588,112,13,4,12,0,0,1,0,0,0,1,0,0,0,0,8214,-18,311,-1,820,255,18,380,512,24,413,-312,15,6,100,864.0144230769231,133.0168269230769,134.8918269230769,0.5048076923076923,0.529,804,67,4,21,0,0,1,0,0,0,0,0,0,1,0,8008,-504,-566,-9,-671,-935,-19,-307,-684,-5,-845,-751,-8,2,55,397.96875,64.47115384615384,64.47115384615384,0.3605769230769231,0.176,111,432,4,14,0,0,1,0,0,0,0,0,1,0,0,8439,-353,-10,4,-209,309,12,-448,-765,11,-920,-478,11,4,25,327.6201923076923,9.987980769230768,9.987980769230768,3.173076923076923,0.412,4316.360439236298,0.4,14034.321536860982,3986.5095420021257,0.2,12310.526593123464,4297.891962783358,0.0,10985.41323756189,2967.3280809383205,0.2,7670.672591109596,0.3076923076923077,0.38461538461538464,0.3076923076923077,NEUTRAL,0.3076923076923077,0.3076923076923077,NEUTRAL,,578.302,948.378,977.431,0,2,0,2,12,5,9,0.2222222222222222,0.5555555555555556,2.5555555555555554,5.777777777777778,134.115,PICK,3,0.0,1.0,3.0,7.333333333333333,12,0.16666666666666666,0.6666666666666666,2.6666666666666665,6.166666666666667,0,1,2,0,0,1,0,0,2,GRUBS,GRUBS_HERALD,TEAMFIGHT,PICK,SPLIT_1_3_1,NEUTRAL,FAST,SPLIT,YES,0,0,2,0,1,2,0
EUW1_7730610830,200,1,27.733333333333334,16.3.745.7600,420,80,150,4,14,0,0,1,0,0,0,0,0,1,0,0,8005,227,244,6,-183,638,2,-1021,-640,-7,-1217,-861,-1,4,68,592.03125,183.38942307692307,183.38942307692307,0.9735576923076923,0.387,121,33,4,11,0,0,1,0,0,1,0,0,0,0,0,8369,-24,288,9,334,925,17,1690,2116,38,1293,1356,27,6,77,31,941.7548076923076,83.58173076923076,1062.1514423076924,0.7572115384615384,0.516,13,112,4,6,0,0,1,1,0,0,0,0,0,0,0,8230,18,-311,1,-820,-255,-18,-380,-512,-24,-413,312,-15,6,82,896.6826923076923,522.9807692307692,1144.6514423076924,0.5769230769230769,0.484,67,804,4,21,0,0,1,0,0,0,0,0,0,1,0,8005,504,566,9,671,935,19,307,684,5,845,751,8,2,74,562.2115384615385,526.6947115384615,645.3605769230769,0.7932692307692307,0.29,432,111,4,14,0,0,1,0,0,0,0,0,1,0,0,8112,353,10,-4,209,-309,-12,448,765,-11,920,478,-11,6,13,413.3653846153846,93.96634615384615,114.30288461538461,3.317307692307692,0.452,4246.632579176165,0.4,14011.040825006541,5511.968201699168,0.0,12939.689331664807,4264.988874399783,0.4,13805.730187136065,1836.176987726883,0.8,5924.0588282021645,0.3076923076923077,0.5384615384615384,0.15384615384615385,MID,0.3076923076923077,0.15384615384615385,TOPSIDE,334.987,581.274,,964.918,2,1,0,3,13,13,8,0.25,0.625,2.75,5.75,99.681,PICK,10,0.3,0.4,1.8,5.2,18,0.2777777777777778,0.5,2.2222222222222223,5.444444444444445,0,1,2,0,1,3,0,1,2,DRAGON,DRAGONS,TEAMFIGHT,PICK,SPLIT_1_3_1,NEUTRAL,FAST,SPLIT,YES,4,1,10,2,0,1,0
EUW1_7730560719,100,0,24.85,16.3.745.7600,420,10,67,3,4,0,1,1,0,0,0,0,0,0,0,0,8005,-275,-305,-13,-1005,-955,-33,-2570,-2851,-43,-2816,-2160,-51,2,48,404.6277665995976,201.36820925553317,201.36820925553317,0.8048289738430583,0.25,36,234,4,11,0,0,1,0,0,1,0,0,0,0,0,8021,26,-361,-5,-511,-591,-12,-850,-502,-12,-1169,-789,-19,2,69,1,341.40845070422534,66.11670020120724,625.2313883299798,1.0865191146881288,0.375,800,245,4,12,0,0,1,0,0,0,1,0,0,0,0,8229,-51,273,11,391,-150,7,446,840,7,1285,1439,24,4,90,863.3802816901408,177.98792756539234,177.98792756539234,1.0060362173038229,0.5,360,96,4,21,0,0,1,0,0,0,0,0,0,1,0,8010,-1145,-723,-2,-1585,-1384,-12,-3176,-1897,-13,-2922,-2267,-14,4,69,683.5814889336016,26.197183098591548,70.82494969818913,0.6841046277665995,0.625,111,117,4,14,0,0,1,0,0,0,0,0,1,0,0,8439,-355,132,7,-563,190,10,-846,-241,14,-1142,639,13,4,14,196.94164989939637,0.0,0.0,2.4547283702213276,0.438,4482.288021665081,0.4,14050.755460116727,6375.686098736003,0.0,13967.588517707702,3015.3044729451262,0.6,12112.012632093809,3188.875307377446,0.6,11683.539874541448,0.38461538461538464,0.0,0.6153846153846154,BOT,0.38461538461538464,0.6153846153846154,BOTSIDE,368.231,540.655,,1313.067,1,3,0,4,6,10,6,0.3333333333333333,0.6666666666666666,2.3333333333333335,4.5,53.197,PICK,8,0.375,0.625,3.125,5.75,14,0.35714285714285715,0.6428571428571429,2.7857142857142856,5.214285714285714,0,0,0,0,0,0,0,1,0,DRAGON,GRUBS_HERALD,TEAMFIGHT,PICK,STANDARD,NEUTRAL,MID,MIXED,YES,1,0,1,0,0,3,0
EUW1_7730560719,200,1,24.85,16.3.745.7600,420,67,10,4,14,0,0,1,0,0,0,0,0,1,0,0,8008,275,305,13,1005,955,33,2570,2851,43,2816,2160,51,5,81,1062.2132796780684,634.8490945674043,634.8490945674043,1.0060362173038229,0.406,234,36,4,11,0,0,1,0,0,1,0,0,0,0,0,8010,-26,361,5,511,591,12,850,502,12,1169,789,19,5,80,22,592.0321931589536,201.08651911468812,1655.533199195171,0.8853118712273641,0.375,245,800,4,12,0,0,1,0,0,0,1,0,0,0,0,9923,51,-273,-11,-391,150,-7,-446,-840,-7,-1285,-1439,-24,2,83,550.5432595573441,378.67203219315894,428.49094567404427,0.40241448692152915,0.344,96,360,4,6,0,0,1,1,0,0,0,0,0,0,0,8008,1145,723,2,1585,1384,12,3176,1897,13,2922,2267,14,9,81,880.3621730382293,319.4366197183098,764.9496981891348,0.40241448692152915,0.531,117,111,3,4,0,1,1,0,0,0,0,0,0,0,0,8214,355,-132,-7,563,-190,-10,846,241,-14,1142,-639,-13,9,4,250.06036217303821,116.37826961770624,251.02615694164987,3.299798792756539,0.594,3731.7963756887902,0.4,11608.140462623633,4225.632684697816,0.2,12409.874656901253,3764.688134890378,0.2,10716.172497678452,5438.367202789396,0.0,10600.370418056154,0.23076923076923078,0.5384615384615384,0.23076923076923078,MID,0.23076923076923078,0.23076923076923078,NEUTRAL,683.059,,947.782,770.87,1,0,0,1,14,18,7,0.2857142857142857,0.7142857142857143,2.5714285714285716,5.285714285714286,157.535,TEAMFIGHT,6,0.0,1.0,4.166666666666667,7.0,13,0.15384615384615385,0.8461538461538461,3.3076923076923075,6.076923076923077,1,2,4,0,4,3,0,3,3,DRAGON,DRAGONS,TEAMFIGHT,TEAMFIGHT,SPLIT_1_3_1,NEUTRAL,MID,SPLIT,YES,3,1,10,2,1,0,0
EUW1_7730517689,100,0,27.35,16.3.745.7600,420,516,114,4,12,0,0,1,0,0,0,1,0,0,0,0,8437,134,111,-9,-4,109,-24,378,623,-16,-249,445,-35,5,60,587.4954296160877,165.52102376599635,171.3345521023766,0.43875685557586835,0.44,421,68,4,11,0,0,1,0,0,1,0,0,0,0,0,8010,1,118,-1,-660,-143,7,-834,295,29,-767,-50,18,8,72,14,970.1279707495429,41.93784277879342,397.5502742230347,0.9506398537477148,0.8,7,61,4,14,0,0,1,0,0,0,0,0,1,0,0,8112,393,10,0,107,-157,-5,-1248,-1070,-28,-1504,-1216,-41,4,64,732.3583180987202,275.06398537477145,294.55210237659963,0.7678244972577696,0.4,67,119,4,6,0,0,1,1,0,0,0,0,0,0,0,8021,-180,-18,-3,-561,-337,-18,-2563,-1351,-52,-4682,-1829,-52,2,79,475.5758683729433,38.06215722120658,38.06215722120658,0.4753199268738574,0.4,111,43,4,7,0,0,1,0,1,0,0,0,0,0,0,8439,2,-80,1,-414,-69,5,-902,-75,3,-1050,-133,9,2,13,291.40767824497254,0.0,0.0,2.486288848263254,0.36,5162.2969259040965,0.0,14866.742245697273,4393.5031591998995,0.0,10403.58500710212,4878.054919624973,0.0,13244.166262924971,4330.77508921913,0.2,11821.118094325933,0.38461538461538464,0.3076923076923077,0.3076923076923077,NEUTRAL,0.38461538461538464,0.3076923076923077,NEUTRAL,807.29,502.962,,881.269,1,2,0,3,10,13,7,0.2857142857142857,0.7142857142857143,2.7142857142857144,5.285714285714286,142.595,TEAMFIGHT,6,0.16666666666666666,0.8333333333333334,3.8333333333333335,8.333333333333334,13,0.23076923076923078,0.7692307692307693,3.230769230769231,6.6923076923076925,0,1,1,0,0,0,0,1,1,GRUBS,GRUBS_HERALD,TEAMFIGHT,TEAMFIGHT,SPLIT_1_3_1,NEUTRAL,FAST,SPLIT,YES,1,0,2,0,0,2,0
EUW1_7730517689,200,1,27.35,16.3.745.7600,420,114,516,4,12,0,0,1,0,0,0,1,0,0,0,0,8437,-134,-111,9,4,-109,24,-378,-623,16,249,-445,35,3,84,833.5648994515539,439.3053016453382,477.44058500914076,0.5118829981718465,0.406,68,421,4,11,0,0,1,0,0,1,0,0,0,0,0,8369,-1,-118,1,660,143,-7,834,-295,-29,767,50,-18,11,70,5,1537.9524680073125,326.47166361974405,1765.7038391224862,0.8409506398537476,0.781,61,7,4,12,0,0,1,0,0,0,1,0,0,0,0,8214,-393,-10,0,-107,157,5,1248,1070,28,1504,1216,41,3,73,644.0219378427788,519.3784277879341,570.3107861060329,0.7312614259597806,0.438,119,67,4,21,0,0,1,0,0,0,0,0,0,1,0,8008,180,18,3,561,337,18,2563,1351,52,4682,1829,52,3,97,1417.001828153565,279.0493601462523,842.925045703839,0.8043875685557587,0.594,43,111,4,7,0,0,1,0,1,0,0,0,0,0,0,8214,-2,80,-1,414,69,-5,902,75,-3,1050,133,-9,4,8,317.2943327239488,84.13162705667276,112.57769652650822,2.8519195612431445,0.625,5560.230929014283,0.2,14674.611579186687,4744.330409436136,0.0,13956.987783902372,3299.8728586298457,0.4,12048.186087540316,2912.249117121237,0.4,9425.955495333086,0.46153846153846156,0.3076923076923077,0.23076923076923078,TOP,0.46153846153846156,0.23076923076923078,TOPSIDE,426.363,511.689,985.717,760.132,1,1,0,2,11,15,7,0.2857142857142857,0.7142857142857143,2.857142857142857,5.428571428571429,142.595,TEAMFIGHT,8,0.25,0.75,3.375,7.625,15,0.26666666666666666,0.7333333333333333,3.1333333333333333,6.6,0,1,1,1,1,2,0,2,3,DRAGON,MIXED,TEAMFIGHT,TEAMFIGHT,SPLIT_1_3_1,NEUTRAL,FAST,SPLIT,YES,3,1,10,2,1,1,0
EUW1_7730410113,100,0,35.31666666666667,16.3.745.7600,420,27,82,4,14,0,0,1,0,0,0,0,0,1,0,0,8010,-303,-372,-17,-1294,-1627,-32,-2082,-2742,-54,-2640,-2356,-49,0,58,865.0306748466256,186.17272298253891,201.5478999528079,0.7928268050967436,0.268,91,421,4,11,0,0,1,0,0,1,0,0,0,0,0,8010,261,553,17,827,1407,33,-509,1003,39,-64,1558,51,9,80,13,1175.6772062293533,72.51533742331287,382.8504011326097,0.8211420481359131,0.683,163,39,4,12,0,0,1,0,0,0,1,0,0,0,0,8369,381,65,-2,-923,-763,-26,-1338,-358,-10,-2571,-2593,-38,8,67,1064.0868334119866,39.443133553563,39.443133553563,0.339782916470033,0.561,202,222,1,4,1,0,1,0,0,0,0,0,0,0,0,8021,-92,117,1,1015,1163,10,2403,1602,18,4340,1906,23,7,78,1099.395941481831,198.43322321849928,535.4412458706937,0.4530438886267107,0.488,161,89,4,7,0,0,1,0,1,0,0,0,0,0,0,8229,248,575,5,936,566,2,1772,-9,1,1727,718,4,11,17,1031.382727701746,30.891930155733835,115.46956111373288,3.7092968381311935,0.561,5300.094691602021,0.0,15018.069549712442,3275.7177392627377,0.4,8612.364367582226,4647.429154141381,0.4,13838.615898997992,3280.310597676778,0.4,11025.782194474912,0.23076923076923078,0.46153846153846156,0.3076923076923077,MID,0.23076923076923078,0.3076923076923077,NEUTRAL,414.092,,,893.027,1,0,0,1,16,13,9,0.2222222222222222,0.6666666666666666,3.4444444444444446,5.777777777777778,210.124,TEAMFIGHT,7,0.2857142857142857,0.7142857142857143,4.0,7.0,16,0.25,0.6875,3.6875,6.3125,0,0,2,0,1,0,0,1,0,DRAGON,DRAGONS,TEAMFIGHT,TEAMFIGHT,STANDARD,TOP,MID,SPLIT,NO,1,1,4,0,0,0,0
EUW1_7730410113,200,1,35.31666666666667,16.3.745.7600,420,82,27,4,12,0,0,1,0,0,0,1,0,0,0,0,8010,303,372,17,1294,1627,32,2082,2742,54,2640,2356,49,4,90,1091.4959886739027,379.11278905143934,693.2704105710241,0.8211420481359131,0.37,421,91,4,11,0,0,1,0,0,1,0,0,0,0,0,8010,-261,-553,-17,-827,-1407,-33,509,-1003,-39,64,-1558,-51,11,54,24,1013.2326569136384,145.2571967909391,1497.9046720151014,0.8211420481359131,0.5,39,163,4,14,0,0,1,0,0,0,0,0,1,0,0,8010,-381,-65,2,923,763,26,1338,358,10,2571,2593,38,11,93,1055.8754129306276,373.27984898537045,373.27984898537045,0.7928268050967436,0.389,222,202,4,21,0,0,1,0,0,0,0,0,0,1,0,8008,92,-117,-1,-1015,-1163,-10,-2403,-1602,-18,-4340,-1906,-23,4,68,856.054742803209,248.74941009910333,665.4365266635205,0.4530438886267107,0.37,89,161,4,14,0,0,1,0,0,0,0,0,1,0,0,8439,-248,-575,-5,-936,-566,-2,-1772,9,-1,-1727,-718,-4,6,15,465.6158565361019,70.2784332232185,101.48183105238319,4.3888626710712595,0.444,6118.109222369805,0.0,15115.603659794735,4343.616935594963,0.4,14035.35054781319,3832.3965727414716,0.4,13419.170205344295,1836.104061592562,0.6,6515.617699036678,0.46153846153846156,0.23076923076923078,0.3076923076923077,TOP,0.46153846153846156,0.3076923076923077,TOPSIDE,815.611,513.978,1009.334,910.482,1,3,0,4,19,15,12,0.4166666666666667,0.5,2.8333333333333335,5.0,79.75,PICK,6,0.16666666666666666,0.8333333333333334,4.5,7.833333333333333,18,0.3333333333333333,0.6111111111111112,3.388888888888889,5.944444444444445,0,2,2,0,1,2,0,1,0,GRUBS,GRUBS_HERALD,TEAMFIGHT,PICK,SPLIT_1_3_1,NEUTRAL,FAST,SPLIT,YES,4,1,11,2,1,3,0
EUW1_7730374133,100,1,29.45,16.3.745.7600,420,875,150,4,14,0,0,1,0,0,0,0,0,1,0,0,8005,865,514,13,1030,494,10,1606,1374,26,1691,2930,53,7,76,735.2122241086588,272.56366723259765,354.1595925297114,0.6451612903225806,0.455,234,82,4,11,0,0,1,0,0,1,0,0,0,0,0,8010,-71,-236,-2,-724,-688,-7,-791,-1418,-19,253,-765,-15,3,66,15,777.7589134125636,106.7572156196944,624.6519524617996,0.5772495755517827,0.545,163,246,4,12,0,0,1,0,0,0,1,0,0,0,0,8369,-332,-25,5,-1366,-565,16,-1994,-1766,1,-1491,-1373,7,2,83,766.1799660441426,263.0899830220713,270.73005093378606,0.27164685908319186,0.485,67,523,4,21,0,0,1,0,0,0,0,0,0,1,0,8005,60,131,-9,-783,497,-16,-1007,776,-10,710,1200,-23,2,73,784.9235993208829,568.1494057724958,568.1494057724958,0.5093378607809848,0.455,432,117,4,7,0,0,1,0,1,0,0,0,0,0,0,8112,106,65,-3,847,-72,-9,950,180,-14,1867,1206,-16,8,9,490.1188455008489,23.803056027164686,23.803056027164686,3.191850594227504,0.758,4749.562348473939,0.2,13815.69202030792,3203.8299990208025,0.6,14205.814936144987,6291.269766502644,0.2,14581.810758612937,3733.1701464285375,0.2,12217.905753442363,0.38461538461538464,0.38461538461538464,0.23076923076923078,NEUTRAL,0.38461538461538464,0.23076923076923078,TOPSIDE,1361.905,,,1067.019,0,0,0,0,10,14,8,0.5,0.375,2.375,3.75,99.455,PICK,9,0.3333333333333333,0.3333333333333333,2.111111111111111,5.333333333333333,17,0.4117647058823529,0.35294117647058826,2.235294117647059,4.588235294117647,0,1,2,0,1,3,0,1,0,NONE,NONE,MIXED,PICK,SPLIT_1_3_1,NEUTRAL,MID,SPLIT,NO,2,0,8,1,0,0,0
EUW1_7730374133,200,0,29.45,16.3.745.7600,420,150,875,4,12,0,0,1,0,0,0,1,0,0,0,0,8021,-865,-514,-13,-1030,-494,-10,-1606,-1374,-26,-1691,-2930,-53,2,66,489.0662139219015,350.5263157894737,350.5263157894737,0.8149405772495756,0.217,82,234,11,14,0,0,0,0,0,1,0,0,1,0,0,8010,71,236,2,724,688,7,791,1418,19,-253,765,15,6,74,7,528.081494057725,0.0,883.7011884550085,1.0526315789473684,0.522,246,163,4,14,0,0,1,0,0,0,0,0,1,0,0,8112,332,25,-5,1366,565,-16,1994,1766,-1,1491,1373,-7,9,67,961.9015280135824,47.70797962648557,47.70797962648557,0.7130730050933787,0.522,523,67,4,21,0,0,1,0,0,0,0,0,0,1,0,8005,-60,-131,9,783,-497,16,1007,-776,10,-710,-1200,23,3,89,638.0305602716469,210.8658743633277,258.57385398981324,0.47538200339558573,0.261,117,432,4,7,0,0,1,0,1,0,0,0,0,0,0,8214,-106,-65,3,-847,72,9,-950,-180,14,-1867,-1206,16,4,18,181.69779286926996,29.813242784380307,43.463497453310694,2.6485568760611207,0.304,5265.573779497913,0.0,14380.757455711433,3572.3053496850926,0.4,12079.706494778753,4425.635068643574,0.0,11338.355480403672,4744.278482390308,0.0,11125.538368995902,0.38461538461538464,0.3076923076923077,0.3076923076923077,NEUTRAL,0.38461538461538464,0.3076923076923077,NEUTRAL,395.541,594.233,,699.544,2,3,0,5,13,7,9,0.4444444444444444,0.4444444444444444,2.3333333333333335,4.0,136.233,PICK,7,0.2857142857142857,0.42857142857142855,2.4285714285714284,5.142857142857143,16,0.375,0.4375,2.375,4.5,0,2,1,0,0,2,1,0,3,DRAGON,GRUBS_HERALD,MIXED,PICK,SPLIT_1_3_1,NEUTRAL,FAST,SPLIT,YES,3,0,3,0,0,3,0
EUW1_7730340257,100,1,29.916666666666668,16.3.745.7600,420,6,42,4,14,0,0,1,0,0,0,0,0,1,0,0,8005,526,404,12,118,529,3,177,340,2,1027,979,2,3,68,568.9136490250696,341.64902506963784,341.64902506963784,0.9025069637883008,0.229,517,54,4,11,0,0,1,0,0,1,0,0,0,0,0,8010,105,245,1,997,720,24,749,910,24,1971,2069,16,8,70,21,1033.8384401114206,356.3899721448468,1614.7186629526461,0.8356545961002785,0.6,13,910,4,6,0,0,1,1,0,0,0,0,0,0,0,8230,-726,-455,-15,-1797,-1293,-43,-2639,-1457,-49,-1406,-559,-49,3,63,611.7325905292479,105.09192200557102,314.0055710306407,1.2033426183844012,0.486,51,110,4,21,0,0,1,0,0,0,0,0,0,1,0,8008,586,601,12,1019,690,18,853,388,18,1491,907,29,3,96,803.8328690807799,432.4679665738161,579.108635097493,0.5013927576601671,0.429,25,412,4,14,0,0,1,0,0,0,0,0,1,0,0,8229,558,-298,-10,743,269,-1,1200,825,0,1544,1248,0,8,18,450.31754874651807,72.53481894150417,517.9052924791087,2.9749303621169916,0.571,4886.895831766437,0.2,15057.234307800352,5233.925567945253,0.2,13506.68167982055,2086.5073442747703,0.8,6730.778929663342,3463.245203520645,0.4,10477.417238995495,0.46153846153846156,0.3076923076923077,0.23076923076923078,TOP,0.46153846153846156,0.23076923076923078,TOPSIDE,888.625,552.035,1124.549,863.681,0,3,0,3,12,15,9,0.4444444444444444,0.4444444444444444,2.111111111111111,4.666666666666667,143.313,PICK,6,0.16666666666666666,0.6666666666666666,2.8333333333333335,6.333333333333333,15,0.3333333333333333,0.5333333333333333,2.4,5.333333333333333,0,1,1,0,1,0,0,3,0,GRUBS,GRUBS_HERALD,TEAMFIGHT,PICK,STANDARD,NEUTRAL,FAST,GROUP,YES,2,1,11,3,1,3,0
EUW1_7730340257,200,0,29.916666666666668,16.3.745.7600,420,42,6,3,4,0,1,1,0,0,0,0,0,0,0,0,8010,-526,-404,-12,-118,-529,-3,-177,-340,-2,-1027,-979,-2,3,65,783.4428969359332,59.966573816155986,187.35376044568244,0.7019498607242339,0.4,54,517,11,14,0,0,0,0,0,1,0,0,1,0,0,8112,-105,-245,-1,-997,-720,-24,-749,-910,-24,-1971,-2069,-16,9,56,10,591.075208913649,0.0,365.51532033426184,1.1364902506963788,0.8,910,13,4,12,0,0,1,0,0,0,1,0,0,0,0,8229,726,455,15,1797,1293,43,2639,1457,49,1406,559,49,8,106,941.7827298050139,116.15598885793871,122.87465181058495,1.1699164345403898,0.65,110,51,4,21,0,0,1,0,0,0,0,0,0,1,0,8229,-586,-601,-12,-1019,-690,-18,-853,-388,-18,-1491,-907,-29,1,78,885.5933147632312,150.6852367688022,150.6852367688022,0.26740947075208915,0.4,412,25,4,14,0,0,1,0,0,0,0,0,1,0,0,8439,-558,298,10,-743,-269,1,-1200,-825,0,-1544,-1248,0,6,19,293.2144846796657,0.0,0.0,2.607242339832869,0.7,5108.207000772403,0.2,14237.745221768788,5458.9473034553075,0.0,12346.514852378383,3937.9790743883837,0.4,13136.914782398493,3556.564228547577,0.0,7113.236464507559,0.38461538461538464,0.46153846153846156,0.15384615384615385,NEUTRAL,0.38461538461538464,0.15384615384615385,TOPSIDE,574.049,,,,1,0,0,1,9,4,6,0.0,0.8333333333333334,2.8333333333333335,6.0,169.299,TEAMFIGHT,4,0.5,0.5,2.0,5.25,10,0.2,0.7,2.5,5.7,0,0,0,0,0,2,0,0,3,DRAGON,DRAGONS,TEAMFIGHT,TEAMFIGHT,STANDARD,NEUTRAL,MID,SPLIT,NO,2,0,1,0,0,0,0
EUW1_7730316698,100,1,25.066666666666666,16.3.745.7600,420,897,904,4,12,0,0,1,0,0,0,1,0,0,0,0,8437,-99,-31,-1,99,-299,10,-147,-186,23,381,814,27,1,87,812.1542553191489,344.8005319148936,344.8005319148936,0.7180851063829787,0.188,254,106,4,11,0,0,1,0,0,1,0,0,0,0,0,9923,628,241,5,1192,565,9,1649,1513,13,2741,2104,16,11,59,36,910.3324468085107,181.99468085106383,1757.473404255319,1.3563829787234043,0.656,103,161,4,12,0,0,1,0,0,0,1,0,0,0,0,8112,204,327,3,580,429,7,1436,1287,14,2156,1964,41,6,93,743.2579787234042,575.9441489361702,687.2074468085107,1.196808510638298,0.5,235,67,4,21,0,0,1,0,0,0,0,0,0,1,0,8021,-792,-532,-13,-1333,-836,-19,447,-136,-10,1735,13,-17,10,52,860.0265957446809,459.85372340425533,906.4627659574468,0.6382978723404256,0.688,267,44,4,7,0,0,1,0,1,0,0,0,0,0,0,8214,319,-4,-8,85,-428,-4,1170,40,-5,1273,288,-8,11,13,423.51063829787233,79.2686170212766,153.78989361702128,2.7925531914893615,0.688,4837.048142280595,0.0,13951.296749764877,3901.987245451563,0.2,12819.618598070694,3717.8244517439744,0.4,14295.071108602433,5412.166126612343,0.0,11884.249155920623,0.23076923076923078,0.5384615384615384,0.23076923076923078,MID,0.23076923076923078,0.23076923076923078,NEUTRAL,893.124,536.596,955.591,778.459,0,3,0,3,16,16,10,0.5,0.3,2.1,4.4,151.637,SKIRMISH,10,0.3,0.4,2.1,5.0,20,0.4,0.35,2.1,4.7,0,2,1,1,4,4,1,1,4,GRUBS,GRUBS_HERALD,MIXED,NONE,STANDARD,NEUTRAL,FAST,SPLIT,YES,2,1,9,1,1,3,0
EUW1_7730316698,200,0,25.066666666666666,16.3.745.7600,420,904,897,4,14,0,0,1,0,0,0,0,0,1,0,0,8437,99,31,1,-99,299,-10,147,186,-23,-381,-814,-27,3,77,666.1037234042553,264.9335106382979,264.9335106382979,0.6781914893617021,0.312,106,254,4,11,0,0,1,0,0,1,0,0,0,0,0,8008,-628,-241,-5,-1192,-565,-9,-1649,-1513,-13,-2741,-2104,-16,2,58,17,299.8005319148936,0.0,200.38563829787233,0.6382978723404256,0.312,161,103,4,21,0,0,1,0,0,0,0,0,0,1,0,8229,-204,-327,-3,-580,-429,-7,-1436,-1287,-14,-2156,-1964,-41,4,86,650.186170212766,73.32446808510639,107.63297872340425,0.7978723404255319,0.438,67,235,4,21,0,0,1,0,0,0,0,0,0,1,0,8005,792,532,13,1333,836,19,-447,136,10,-1735,-13,17,6,71,692.3936170212766,198.9095744680851,198.9095744680851,0.4787234042553192,0.562,44,267,4,14,0,0,1,0,0,0,0,0,1,0,0,8351,-319,4,8,-85,428,4,-1170,-40,5,-1273,-288,8,8,17,339.85372340425533,30.43882978723404,70.4122340425532,2.154255319148936,0.812,6384.042318063159,0.0,14643.466973363924,4115.21165421722,0.2,12652.57653602617,4898.954813795786,0.2,14139.332445345502,5068.268124234296,0.0,10714.493081802797,0.15384615384615385,0.5384615384615384,0.3076923076923077,MID,0.15384615384615385,0.3076923076923077,BOTSIDE,577.994,,,1186.583,1,0,0,1,9,7,8,0.5,0.375,2.25,4.5,51.326,PICK,6,0.3333333333333333,0.3333333333333333,2.5,5.0,14,0.42857142857142855,0.35714285714285715,2.357142857142857,4.714285714285714,0,1,2,0,0,1,0,1,1,DRAGON,DRAGONS,MIXED,PICK,SPLIT_1_3_1,NEUTRAL,MID,SPLIT,NO,1,0,2,0,0,0,0
EUW1_7730293667,100,1,21.133333333333333,16.3.745.7600,420,39,875,4,12,0,0,1,0,0,0,1,0,0,0,0,8010,413,261,-5,1290,1123,11,3476,2787,37,4809,3527,53,9,83,795.9463722397477,940.2681388012619,1250.7728706624605,0.6151419558359622,0.44,59,245,4,11,0,0,1,0,0,1,0,0,0,0,0,8010,268,-3,1,833,277,6,1208,366,10,1700,1685,35,8,81,14,548.186119873817,0.0,911.403785488959,0.7097791798107256,0.44,887,161,4,14,0,0,1,0,0,0,0,0,1,0,0,8369,-277,-527,-11,-853,-733,-18,-1380,-501,-15,-1905,-1995,-21,3,86,669.8422712933755,621.9558359621451,621.9558359621451,0.804416403785489,0.24,67,81,4,21,0,0,1,0,0,0,0,0,0,1,0,8005,382,-131,-1,748,214,1,1175,115,-5,467,-1207,-12,7,86,560.6782334384858,276.9558359621451,276.9558359621451,0.37854889589905366,0.28,60,43,4,14,0,0,1,0,0,0,0,0,1,0,0,8112,22,148,3,72,-378,-2,515,-698,3,198,-1260,4,5,13,370.6940063091483,66.81388012618297,66.81388012618297,2.7917981072555205,0.2,4223.368393831545,0.0,11549.21889133633,5012.781746300273,0.2,14404.295262177877,4176.712405910304,0.0,10225.125622700194,4587.552511375721,0.0,13443.780309124366,0.38461538461538464,0.23076923076923078,0.38461538461538464,NEUTRAL,0.38461538461538464,0.38461538461538464,NEUTRAL,,497.959,998.439,671.565,0,3,0,3,17,8,10,0.1,0.6,3.2,5.4,137.047,SKIRMISH,4,0.25,0.5,3.25,6.25,14,0.14285714285714285,0.5714285714285714,3.2142857142857144,5.642857142857143,1,2,7,0,4,3,0,1,2,GRUBS,GRUBS_HERALD,TEAMFIGHT,NONE,STANDARD,TOP,FAST,SPLIT,YES,0,0,8,1,1,3,0
EUW1_7730293667,200,0,21.133333333333333,16.3.745.7600,420,875,39,4,14,0,0,1,0,0,0,0,0,1,0,0,8005,-413,-261,5,-1290,-1123,-11,-3476,-2787,-37,-4809,-3527,-53,4,72,840.5678233438485,0.0,96.05678233438486,0.5678233438485805,0.238,245,59,4,11,0,0,1,0,0,1,0,0,0,0,0,8128,-268,3,-1,-833,-277,-6,-1208,-366,-10,-1700,-1685,-35,4,75,0,406.5615141955836,0.0,443.51735015772874,0.6624605678233438,0.333,161,887,4,21,0,0,1,0,0,0,0,0,0,1,0,8229,277,527,11,853,733,18,1380,501,15,1905,1995,21,6,104,606.813880126183,78.54889589905363,160.83596214511041,0.6151419558359622,0.476,81,67,4,21,0,0,1,0,0,0,0,0,0,1,0,8008,-382,131,1,-748,-214,-1,-1175,-115,5,-467,1207,12,4,85,621.3880126182966,284.33753943217664,439.9684542586751,0.7097791798107256,0.381,43,60,4,7,0,0,1,0,1,0,0,0,0,0,0,8214,-22,-148,-3,-72,378,2,-515,698,-3,-198,1260,-4,7,15,334.92113564668773,9.037854889589905,17.602523659305994,2.5078864353312302,0.524,4923.757059526879,0.0,14505.352563795203,4275.178478774219,0.0,11449.788207648211,2032.403094113643,0.8,6332.2729726378675,4126.39048140459,0.0,11723.31544402009,0.23076923076923078,0.46153846153846156,0.3076923076923077,MID,0.23076923076923078,0.3076923076923077,NEUTRAL,519.436,,,1063.876,1,0,0,1,10,11,8,0.125,0.5,3.375,5.375,137.047,SKIRMISH,3,0.0,0.6666666666666666,4.0,7.666666666666667,11,0.09090909090909091,0.5454545454545454,3.5454545454545454,6.0,0,0,0,0,0,2,0,1,3,DRAGON,DRAGONS,TEAMFIGHT,NONE,STANDARD,NEUTRAL,MID,GROUP,NO,2,0,1,0,0,0,0
EUW1_7730268461,100,1,30.916666666666668,16.3.745.7600,420,54,31,4,12,0,0,1,0,0,0,1,0,0,0,0,8437,14,-149,10,552,-260,16,-1085,-1521,-9,-1426,-1832,-5,3,74,717.5741239892183,386.2641509433962,417.41239892183285,1.196765498652291,0.375,421,203,4,11,0,0,1,0,0,1,0,0,0,0,0,8010,434,74,1,519,512,-5,979,132,-9,-57,-969,-18,10,82,8,759.3315363881401,184.722371967655,1467.9784366576819,0.8409703504043127,0.719,131,161,4,12,0,0,1,0,0,0,1,0,0,0,0,8230,82,-285,-3,87,-581,-6,-142,-467,-7,109,-284,-14,6,87,933.7035040431266,324.71159029649596,350.36118598382745,0.6792452830188679,0.562,42,67,4,21,0,0,1,0,0,0,0,0,0,1,0,8010,215,116,3,715,413,13,339,156,30,-115,449,47,5,95,978.1132075471697,295.3099730458221,544.0754716981132,0.6469002695417789,0.469,267,164,4,7,0,0,1,0,1,0,0,0,0,0,0,8214,303,54,-5,513,339,-2,-132,310,-4,-452,-314,-18,10,18,362.32884097035037,36.97035040431267,45.44474393530997,3.654986522911051,0.719,4455.364451672165,0.4,13966.781805412442,4785.110726978621,0.0,11997.558293252841,4679.2597801129505,0.0,12531.551260717884,3085.6325307340585,0.4,9609.206522913326,0.15384615384615385,0.46153846153846156,0.38461538461538464,NEUTRAL,0.15384615384615385,0.38461538461538464,BOTSIDE,339.048,501.843,1033.563,990.553,2,3,0,5,12,9,7,0.14285714285714285,0.5714285714285714,3.0,6.142857142857143,216.91,TEAMFIGHT,5,0.4,0.4,2.4,5.2,12,0.25,0.5,2.75,5.75,0,2,2,0,1,0,0,2,2,DRAGON,GRUBS_HERALD,TEAMFIGHT,TEAMFIGHT,SPLIT_1_3_1,NEUTRAL,FAST,SPLIT,YES,3,0,8,1,1,3,0
EUW1_7730268461,200,0,30.916666666666668,16.3.745.7600,420,31,54,4,12,0,0,1,0,0,0,1,0,0,0,0,9923,-14,149,-10,-552,260,-16,1085,1521,9,1426,1832,5,2,58,980.6684636118598,514.9973045822102,681.2830188679245,0.9056603773584905,0.556,203,421,4,11,0,0,1,0,0,1,0,0,0,0,0,8005,-434,-74,-1,-519,-512,5,-979,-132,9,57,969,18,4,71,15,799.3099730458221,0.0,987.4932614555256,1.0673854447439353,0.667,161,131,4,21,0,0,1,0,0,0,0,0,0,1,0,8229,-82,285,3,-87,581,6,142,467,7,-109,284,14,4,93,1040.6684636118598,102.56603773584905,217.35849056603772,1.0026954177897573,0.481,67,42,4,21,0,0,1,0,0,0,0,0,0,1,0,8005,-215,-116,-3,-715,-413,-13,-339,-156,-30,115,-449,-47,6,82,663.9137466307277,124.33423180592992,569.433962264151,0.3881401617250674,0.519,164,267,4,14,0,0,1,0,0,0,0,0,1,0,0,9923,-303,-54,5,-513,-339,2,132,-310,4,452,314,18,7,20,606.7277628032344,0.0,87.13746630727762,2.522911051212938,0.593,4092.063375620974,0.2,12060.929524709114,4064.0217705016717,0.0,8751.130212721097,4730.303866236056,0.2,12312.810442786815,1727.0803419150245,0.8,4715.527117937082,0.3076923076923077,0.3076923076923077,0.38461538461538464,NEUTRAL,0.3076923076923077,0.38461538461538464,NEUTRAL,1115.077,,,803.423,0,0,0,0,9,13,5,0.0,0.6,3.6,6.8,323.317,TEAMFIGHT,8,0.375,0.625,2.25,6.0,13,0.23076923076923078,0.6153846153846154,2.769230769230769,6.3076923076923075,1,1,3,0,1,1,0,1,0,NONE,NONE,TEAMFIGHT,TEAMFIGHT,SPLIT_1_3_1,TOP,MID,SPLIT,YES,2,2,4,0,0,0,0
EUW1_7730251006,100,1,15.233333333333333,16.3.745.7600,420,83,777,4,12,0,0,1,0,0,0,1,0,0,0,0,8010,-238,62,-6,311,616,-11,1373,1713,4,1280,1469,0,3,71,425.711159737418,624.8796498905908,624.8796498905908,0.8533916849015317,0.125,203,238,4,11,0,0,1,0,0,1,0,0,0,0,0,8005,-55,-22,0,951,1043,15,2714,3313,48,2820,3491,52,11,78,16,482.6258205689278,52.122538293216635,917.7242888402626,1.050328227571116,0.458,55,134,4,14,0,0,1,0,0,0,0,0,1,0,0,8128,233,361,0,840,1067,12,1953,2890,33,1952,3024,33,14,86,812.035010940919,291.1378555798687,291.1378555798687,0.45951859956236324,0.583,145,21,4,21,0,0,1,0,0,0,0,0,0,1,0,8008,771,403,8,1350,132,1,2995,734,18,3369,951,18,6,88,350.2844638949672,485.3172866520788,485.3172866520788,0.06564551422319476,0.292,555,267,4,14,0,0,1,0,0,0,0,0,1,0,0,9923,212,-62,-3,1761,857,-1,2798,1985,2,2955,2249,2,15,13,434.6389496717725,39.32166301969366,59.015317286652085,2.954048140043764,0.667,4342.048902246659,0.2,11900.40927867609,4197.182917421732,0.0,11728.255837932596,3606.764664516405,0.4,9499.061690503962,3270.272140665538,0.4,10277.12508438036,0.46153846153846156,0.38461538461538464,0.15384615384615385,NEUTRAL,0.46153846153846156,0.15384615384615385,TOPSIDE,651.269,522.713,,721.543,1,2,0,3,20,4,10,0.2,0.6,2.3,5.1,163.774,TEAMFIGHT,3,0.6666666666666666,0.3333333333333333,1.6666666666666667,3.3333333333333335,13,0.3076923076923077,0.5384615384615384,2.1538461538461537,4.6923076923076925,1,0,5,0,1,2,1,0,7,GRUBS,GRUBS_HERALD,TEAMFIGHT,TEAMFIGHT,STANDARD,BOT,FAST,SPLIT,YES,1,0,3,0,0,2,0
EUW1_7730251006,200,0,15.233333333333333,16.3.745.7600,420,777,83,4,14,0,0,1,0,0,0,0,0,1,0,0,8008,238,-62,6,-311,-616,11,-1373,-1713,-4,-1280,-1469,0,1,82,435.2954048140044,29.409190371991247,29.409190371991247,0.6564551422319476,0.25,238,203,4,11,0,0,1,0,0,1,0,0,0,0,0,8369,55,22,0,-951,-1043,-15,-2714,-3313,-48,-2820,-3491,-52,2,64,0,332.691466083151,0.0,171.00656455142231,0.45951859956236324,0.5,134,55,4,6,0,0,1,1,0,0,0,0,0,0,0,8369,-233,-361,0,-840,-1067,-12,-1953,-2890,-33,-1952,-3024,-33,3,74,500.8096280087528,66.95842450765865,66.95842450765865,0.45951859956236324,0.75,21,145,4,21,0,0,1,0,0,0,0,0,0,1,0,8005,-771,-403,-8,-1350,-132,-1,-2995,-734,-18,-3369,-951,-18,0,87,314.31072210065645,44.83588621444201,44.83588621444201,0.39387308533916854,0.0,267,555,4,7,0,0,1,0,1,0,0,0,0,0,0,8465,-212,62,3,-1761,-857,1,-2798,-1985,-2,-2955,-2249,-2,0,16,131.15973741794312,43.457330415754925,43.457330415754925,0.6564551422319476,0.0,4714.399228698304,0.4,14080.94133927132,5048.008289954409,0.0,13562.721924451596,5057.185378033977,0.0,13164.258163679411,4426.210605690607,0.0,9890.136702796377,0.38461538461538464,0.38461538461538464,0.23076923076923078,NEUTRAL,0.38461538461538464,0.23076923076923078,TOPSIDE,,681.605,,,0,1,0,1,3,1,3,0.0,0.3333333333333333,2.3333333333333335,4.0,320.867,TEAMFIGHT,1,0.0,1.0,3.0,5.0,4,0.0,0.5,2.5,4.25,0,0,2,0,0,0,0,0,0,GRUBS,GRUBS_HERALD,TEAMFIGHT,TEAMFIGHT,STANDARD,TOP,SLOW,SPLIT,NO,0,0,0,0,0,1,0
EUW1_7724424465,100,1,28.85,16.3.744.7656,420,113,85,12,14,0,0,0,0,0,0,1,0,1,0,0,8229,467,88,8,-381,-1166,4,1421,842,31,415,-513,14,5,73,789.9826689774696,179.54939341421144,196.32582322357018,0.8318890814558059,0.302,121,200,4,11,0,0,1,0,0,1,0,0,0,0,0,8112,45,59,3,1029,414,6,1916,2102,19,3325,2976,23,11,68,0,971.8197573656845,229.80935875216636,1471.785095320624,1.386481802426343,0.581,711,777,4,14,0,0,1,0,0,0,0,0,1,0,0,8112,-46,-69,4,157,-333,1,773,453,4,-218,-571,2,7,69,1450.6065857885615,196.32582322357018,196.32582322357018,0.6932409012131715,0.512,222,145,4,6,0,0,1,1,0,0,0,0,0,0,0,8008,362,262,7,1726,248,27,3298,770,50,3294,-152,35,9,96,1167.3830155979201,451.265164644714,1012.5476603119583,0.41594454072790293,0.558,267,432,4,7,0,0,1,0,1,0,0,0,0,0,0,8214,215,-42,0,130,713,7,303,680,8,-473,-635,2,8,17,408.318890814558,65.61525129982668,65.61525129982668,2.9809358752166375,0.605,5029.750625886882,0.2,14156.78861889235,5577.347660300503,0.0,14127.265623608837,1530.36239160462,1.0,2989.8163823218306,3266.8772606940015,0.2,10392.917059228366,0.15384615384615385,0.5384615384615384,0.3076923076923077,MID,0.15384615384615385,0.3076923076923077,BOTSIDE,926.171,,960.517,797.853,0,0,0,0,17,17,8,0.25,0.75,3.125,6.875,148.791,PICK,7,0.0,1.0,4.571428571428571,8.285714285714286,15,0.13333333333333333,0.8666666666666667,3.8,7.533333333333333,0,0,3,0,3,2,1,1,3,NONE,NONE,TEAMFIGHT,PICK,SIEGE_GROUP,NEUTRAL,MID,GROUP,YES,2,1,8,2,1,0,0
EUW1_7724424465,200,0,28.85,16.3.744.7656,420,85,113,4,14,0,0,1,0,0,0,0,0,1,0,0,8112,-467,-88,-8,381,1166,-4,-1421,-842,-31,-415,513,-14,5,69,1031.5077989601386,180.2426343154246,180.2426343154246,0.6932409012131715,0.562,200,121,4,11,0,0,1,0,0,1,0,0,0,0,0,8010,-45,-59,-3,-1029,-414,-6,-1916,-2102,-19,-3325,-2976,-23,5,66,0,588.9774696707105,0.0,716.4991334488734,0.7972270363951472,0.344,777,711,4,12,0,0,1,0,0,0,1,0,0,0,0,8021,46,69,-4,-157,333,-1,-773,-453,-4,218,571,-2,4,68,784.7487001733102,247.20970537261698,247.20970537261698,0.38128249566724437,0.531,145,222,4,21,0,0,1,0,0,0,0,0,0,1,0,8008,-362,-262,-7,-1726,-248,-27,-3298,-770,-50,-3294,152,-35,2,69,718.1975736568457,61.28249566724436,119.8266897746967,0.658578856152513,0.312,432,267,4,14,0,0,1,0,0,0,0,0,1,0,0,8112,-215,42,0,-130,-713,-7,-303,-680,-8,473,635,-2,4,10,729.0121317157711,44.852686308492196,88.07625649913345,3.3968804159445405,0.531,4790.8686410394785,0.2,13933.31005181468,4106.39969637413,0.2,10108.308711154403,2712.1896001231707,0.4,6838.254894342562,1709.1983685885375,0.8,5493.6505167329315,0.23076923076923078,0.3076923076923077,0.46153846153846156,BOT,0.23076923076923078,0.46153846153846156,BOTSIDE,533.904,582.121,,1051.897,1,3,0,4,9,19,6,0.16666666666666666,0.8333333333333334,3.1666666666666665,7.166666666666667,217.616,TEAMFIGHT,11,0.36363636363636365,0.6363636363636364,3.272727272727273,6.363636363636363,17,0.29411764705882354,0.7058823529411765,3.235294117647059,6.647058823529412,0,0,0,0,0,2,0,1,0,DRAGON,GRUBS_HERALD,TEAMFIGHT,TEAMFIGHT,SPLIT_1_3_1,MID,FAST,SPLIT,YES,2,0,2,0,0,3,0
EUW1_7724355797,100,1,30.05,16.3.744.7656,420,58,122,4,14,0,0,1,0,0,0,0,0,1,0,0,8005,-579,-768,-7,-1652,-1228,-14,-2403,-3505,-34,-2259,-2786,-16,3,55,570.0499168053244,649.8169717138103,747.5873544093178,0.8652246256239601,0.178,234,20,4,11,0,0,1,0,0,1,0,0,0,0,0,8010,567,64,4,805,-197,9,1235,396,20,3331,2006,31,6,60,11,1032.811980033278,0.0,1462.9617304492513,1.3976705490848584,0.489,7,777,4,14,0,0,1,0,0,0,0,0,1,0,0,8112,847,301,15,1695,946,33,2709,2393,37,3873,3841,39,9,89,1384.359400998336,307.6539101497504,431.3810316139767,0.6988352745424292,0.556,51,81,4,21,0,0,1,0,0,0,0,0,0,1,0,8008,-81,-117,-2,71,75,-8,-645,262,4,-1027,231,5,8,79,1077.4376039933445,253.87687188019967,561.6971713810316,1.3976705490848584,0.467,53,518,4,14,0,0,1,0,0,0,0,0,1,0,0,8351,-325,-117,5,-51,398,7,-451,-64,0,-165,696,-2,9,26,399.90016638935106,34.84193011647255,47.287853577371045,2.8951747088186357,0.511,6301.516360248117,0.0,14983.003337115028,3552.3013692792874,0.4,12019.816304752747,5711.104829182446,0.0,12990.037413341039,3364.9577852969996,0.4,11972.76463478674,0.23076923076923078,0.38461538461538464,0.38461538461538464,NEUTRAL,0.23076923076923078,0.38461538461538464,BOTSIDE,438.779,520.928,943.905,903.423,2,2,0,4,17,16,9,0.3333333333333333,0.4444444444444444,2.6666666666666665,5.555555555555555,47.325,PICK,10,0.3,0.7,3.0,6.3,19,0.3157894736842105,0.5789473684210527,2.8421052631578947,5.947368421052632,0,2,1,0,2,3,0,2,2,DRAGON,MIXED,TEAMFIGHT,PICK,SPLIT_1_3_1,NEUTRAL,FAST,SPLIT,YES,2,1,9,1,1,2,0
EUW1_7724355797,200,0,30.05,16.3.744.7656,420,122,58,4,14,0,0,1,0,0,0,0,0,1,0,0,8010,579,768,7,1652,1228,14,2403,3505,34,2259,2786,16,6,69,797.7703826955075,304.59234608985025,445.12479201331115,0.632279534109817,0.4,20,234,4,11,0,0,1,0,0,1,0,0,0,0,0,8230,-567,-64,-4,-805,197,-9,-1235,-396,-20,-3331,-2006,-31,4,57,6,458.4692179700499,0.0,742.4958402662229,0.36605657237936773,0.367,777,7,4,14,0,0,1,0,0,0,0,0,1,0,0,8021,-847,-301,-15,-1695,-946,-33,-2709,-2393,-37,-3873,-3841,-39,0,56,586.5557404326123,135.04159733777038,237.17138103161398,0.39933444259567386,0.133,81,51,4,21,0,0,1,0,0,0,0,0,0,1,0,8008,81,117,2,-71,-75,8,645,-262,-4,1027,-231,-5,8,87,1495.67387687188,259.7337770382695,274.30948419301166,0.7653910149750416,0.633,518,53,4,7,0,0,1,0,1,0,0,0,0,0,0,8229,325,117,-5,51,-398,-7,451,64,0,165,-696,2,8,19,633.5773710482529,7.35440931780366,7.35440931780366,3.660565723793677,0.6,6661.44292675395,0.0,14687.785980194565,3830.9594801194226,0.2,11867.241044151753,5144.344774899927,0.2,14112.191927549738,3282.5815444930886,0.6,11666.787775561876,0.38461538461538464,0.5384615384615384,0.07692307692307693,MID,0.38461538461538464,0.07692307692307693,TOPSIDE,1138.925,540.109,,907.832,0,1,0,1,11,15,6,0.16666666666666666,0.8333333333333334,3.6666666666666665,6.833333333333333,91.18,TEAMFIGHT,9,0.2222222222222222,0.7777777777777778,3.2222222222222223,6.777777777777778,15,0.2,0.8,3.4,6.8,0,1,1,0,0,1,0,1,1,GRUBS,GRUBS_HERALD,TEAMFIGHT,TEAMFIGHT,SPLIT_1_3_1,NEUTRAL,MID,SPLIT,NO,2,1,3,0,0,1,0
EUW1_7724299933,100,0,26.566666666666666,16.3.744.7656,420,27,904,4,14,0,0,1,0,0,0,0,0,1,0,0,8010,-78,12,9,-1210,-851,23,-1752,-2080,19,-2020,-1973,26,3,86,1038.7076537013802,101.21706398996236,146.83814303638644,1.3174404015056462,0.571,200,76,4,11,0,0,1,0,0,1,0,0,0,0,0,8010,-412,219,7,-355,2,-1,-1351,-1007,-11,-1195,-977,-15,7,55,25,852.9861982434128,0.0,688.4567126725219,1.4303638644918444,0.81,50,84,4,6,0,0,1,1,0,0,0,0,0,0,0,8010,-294,-277,1,-145,334,17,-85,-84,18,63,167,30,6,69,872.1831869510665,246.39899623588457,277.7164366373902,0.7151819322459222,0.571,81,119,4,21,0,0,1,0,0,0,0,0,0,1,0,8005,-14,-258,-1,-136,-266,-10,-3008,-1216,-17,-2916,-2194,-19,2,84,979.6863237139272,167.05144291091594,202.4341279799247,0.451693851944793,0.429,37,526,4,7,0,0,1,0,1,0,0,0,0,0,0,8214,49,-121,-1,-360,-545,-6,-783,-1010,-4,-863,-1023,-5,4,8,382.9987452948557,0.0,17.314930991217064,2.7478042659974906,0.714,4957.880658968653,0.2,13519.796781017089,4704.28377076162,0.0,11899.983739484687,3447.814985387084,0.4,10943.11916228641,437.72896966358076,1.0,1351.0529227236068,0.3076923076923077,0.3076923076923077,0.38461538461538464,NEUTRAL,0.3076923076923077,0.38461538461538464,NEUTRAL,,,970.735,1122.15,0,0,0,0,7,13,6,0.16666666666666666,0.6666666666666666,3.1666666666666665,6.666666666666667,52.289,TEAMFIGHT,8,0.125,0.625,3.0,6.625,14,0.14285714285714285,0.6428571428571429,3.0714285714285716,6.642857142857143,0,1,1,0,1,0,0,0,1,NONE,NONE,TEAMFIGHT,TEAMFIGHT,STANDARD,NEUTRAL,SLOW,SPLIT,NO,0,0,2,0,1,0,0
EUW1_7724299933,200,1,26.566666666666666,16.3.744.7656,420,904,27,4,6,0,0,1,1,0,0,0,0,0,0,0,8010,78,-12,-9,1210,851,-23,1752,2080,-19,2020,1973,-26,10,63,844.7427854454203,407.0138017565872,557.5784190715182,0.7151819322459222,0.429,76,200,4,11,0,0,1,0,0,1,0,0,0,0,0,8128,412,-219,-7,355,-2,1,1351,1007,11,1195,977,15,12,53,23,1234.2910915934756,90.30112923462987,1757.0138017565873,1.6185696361355082,0.643,84,50,4,14,0,0,1,0,0,0,0,0,1,0,0,8112,294,277,-1,145,-334,-17,85,84,-18,-63,-167,-30,6,52,883.1367628607277,323.71392722710164,323.71392722710164,0.4893350062735257,0.262,119,81,4,21,0,0,1,0,0,0,0,0,0,1,0,8008,14,258,1,136,266,10,3008,1216,17,2916,2194,19,7,94,1349.2471769134254,439.8745294855709,903.4253450439147,0.37641154328732745,0.524,526,37,4,14,0,0,1,0,0,0,0,0,1,0,0,8351,-49,121,1,360,545,6,783,1010,4,863,1023,5,12,14,291.9447929736512,59.32245922208281,85.63362609786701,3.0112923462986196,0.667,4950.529409082783,0.2,14526.634572398385,4215.603013580951,0.0,10608.585391087729,4388.9725775501265,0.2,13881.291150321716,2163.8146892521772,0.8,6865.809347775395,0.15384615384615385,0.5384615384615384,0.3076923076923077,MID,0.15384615384615385,0.3076923076923077,BOTSIDE,455.399,577.41,,826.027,2,3,0,5,19,19,11,0.36363636363636365,0.5454545454545454,2.4545454545454546,5.454545454545454,52.289,TEAMFIGHT,10,0.3,0.5,2.7,5.8,21,0.3333333333333333,0.5238095238095238,2.5714285714285716,5.619047619047619,0,1,2,0,2,0,1,1,2,DRAGON,GRUBS_HERALD,TEAMFIGHT,TEAMFIGHT,STANDARD,NEUTRAL,FAST,SPLIT,YES,4,1,8,1,0,3,0
EUW1_7724247832,100,0,28.533333333333335,16.3.744.7656,420,897,904,4,12,0,0,1,0,0,0,1,0,0,0,0,8437,-77,-138,4,386,736,7,467,721,-10,-453,754,15,7,81,882.7219626168223,471.79906542056074,484.87149532710276,0.35046728971962615,0.4,121,36,6,11,0,0,0,1,0,1,0,0,0,0,0,8369,255,-277,-4,954,197,3,2461,793,11,4090,1917,44,6,74,7,724.9766355140187,41.35514018691588,1557.6518691588785,0.6308411214953271,0.4,517,910,4,12,0,0,1,0,0,0,1,0,0,0,0,8010,-393,124,-10,-197,731,-19,-550,-183,-35,-1241,-539,-36,7,61,621.483644859813,35.60747663551402,71.00467289719626,0.31542056074766356,0.467,145,901,4,21,0,0,1,0,0,0,0,0,0,1,0,8008,953,389,6,253,305,3,1511,844,27,-373,-1041,-12,8,79,1438.072429906542,270.5607476635514,544.2757009345794,0.35046728971962615,0.467,201,89,4,7,0,0,1,0,1,0,0,0,0,0,0,8465,140,-98,0,241,167,1,949,435,-3,499,-739,-4,11,12,384.0420560747663,42.61682242990654,48.1892523364486,2.733644859813084,0.633,5642.753671445802,0.2,15333.430307664363,3859.6854398435307,0.2,11664.535695860337,3885.6336379666463,0.2,10956.909965861725,1295.6767102564893,0.6,4884.192666142481,0.38461538461538464,0.3076923076923077,0.3076923076923077,NEUTRAL,0.38461538461538464,0.3076923076923077,NEUTRAL,694.924,489.52,936.843,676.006,1,3,0,4,17,8,8,0.375,0.625,3.625,6.5,169.942,TEAMFIGHT,5,0.2,0.8,3.4,6.6,13,0.3076923076923077,0.6923076923076923,3.5384615384615383,6.538461538461538,1,1,2,0,1,1,0,1,2,GRUBS,GRUBS_HERALD,TEAMFIGHT,TEAMFIGHT,SPLIT_1_3_1,NEUTRAL,FAST,SPLIT,YES,2,0,4,0,1,3,0
EUW1_7724247832,200,1,28.533333333333335,16.3.744.7656,420,904,897,4,14,0,0,1,0,0,0,0,0,1,0,0,8010,77,138,-4,-386,-736,-7,-467,-721,10,453,-754,-15,2,74,735.4205607476636,549.252336448598,564.252336448598,0.6658878504672897,0.444,36,121,4,11,0,0,1,0,0,1,0,0,0,0,0,8021,-255,277,4,-954,-197,-3,-2461,-793,-11,-4090,-1917,-44,4,74,22,635.0467289719626,146.28504672897196,694.4509345794393,0.31542056074766356,0.5,910,517,4,12,0,0,1,0,0,0,1,0,0,0,0,8229,393,-124,10,197,-731,19,550,183,35,1241,539,36,3,80,1009.4158878504672,398.8668224299065,420.8060747663551,0.38551401869158874,0.472,901,145,4,21,0,0,1,0,0,0,0,0,0,1,0,8229,-953,-389,-6,-253,-305,-3,-1511,-844,-27,373,1041,12,5,76,1564.626168224299,143.76168224299064,143.76168224299064,0.4205607476635514,0.694,89,201,4,7,0,0,1,0,1,0,0,0,0,0,0,8439,-140,98,0,-241,-167,-1,-949,-435,3,-499,739,4,4,11,434.8948598130841,79.24065420560747,79.24065420560747,0.8060747663551402,0.722,4600.663144029425,0.2,14371.4918153962,4478.413525307265,0.2,13867.298222797404,5369.60416429581,0.2,13912.874613105661,1156.4350533929505,0.8,3326.6229122039067,0.38461538461538464,0.23076923076923078,0.38461538461538464,NEUTRAL,0.38461538461538464,0.38461538461538464,NEUTRAL,373.787,,,888.219,1,0,0,1,9,19,5,0.0,1.0,5.2,8.6,169.942,TEAMFIGHT,8,0.125,0.75,2.875,6.5,13,0.07692307692307693,0.8461538461538461,3.769230769230769,7.3076923076923075,0,2,3,0,2,1,0,1,0,DRAGON,DRAGONS,TEAMFIGHT,TEAMFIGHT,SPLIT_1_3_1,TOP,MID,SPLIT,NO,2,1,8,1,0,0,0
EUW1_7713323542,100,1,36.53333333333333,16.2.741.3171,420,55,75,4,14,0,0,1,0,0,0,0,0,1,0,0,8010,426,127,0,-371,-991,-8,-1358,-2145,-16,-3310,-2610,-16,1,69,986.0036496350366,96.26824817518249,96.26824817518249,0.9306569343065694,0.378,234,91,4,11,0,0,1,0,0,1,0,0,0,0,0,8010,222,185,1,289,435,0,1561,1435,7,1021,1778,13,10,66,8,638.3759124087592,108.17518248175183,870.0,1.177007299270073,0.622,103,134,4,14,0,0,1,0,0,0,0,0,1,0,0,8112,-132,124,3,1473,1492,15,2068,1617,7,1431,1630,9,9,90,1165.3740875912408,186.8704379562044,324.71715328467155,0.8211678832116789,0.622,29,145,4,21,0,0,1,0,0,0,0,0,0,1,0,8005,-135,8,-1,606,335,8,1527,1044,5,312,-1106,-10,9,79,1167.235401459854,384.4160583941606,693.1204379562045,0.2737226277372263,0.667,147,12,4,7,0,0,1,0,1,0,0,0,0,0,0,8465,4,-80,-4,175,-56,-6,889,861,2,439,312,-1,7,9,288.28467153284674,153.58576642335768,202.69160583941607,1.8065693430656935,0.622,5178.564942623895,0.2,14536.33987632375,4324.458086628447,0.0,9545.168044618178,3469.273895512223,0.6,10674.466356685003,3551.2504707407325,0.2,10780.327685186568,0.15384615384615385,0.46153846153846156,0.38461538461538464,NEUTRAL,0.15384615384615385,0.38461538461538464,BOTSIDE,497.013,610.558,,856.851,2,3,0,5,13,17,7,0.2857142857142857,0.7142857142857143,3.142857142857143,6.571428571428571,207.435,PICK,5,0.2,0.8,5.6,8.8,12,0.25,0.75,4.166666666666667,7.5,0,1,3,0,2,2,0,1,4,DRAGON,GRUBS_HERALD,TEAMFIGHT,PICK,STANDARD,NEUTRAL,FAST,MIXED,YES,2,1,7,1,0,3,0
EUW1_7713323542,200,0,36.53333333333333,16.2.741.3171,420,75,55,3,12,0,1,0,0,0,0,1,0,0,0,0,8021,-426,-127,0,371,991,8,1358,2145,16,3310,2610,16,5,77,1175.0638686131388,744.4434306569343,953.9233576642337,0.6569343065693432,0.683,91,234,11,14,0,0,0,0,0,1,0,0,1,0,0,8112,-222,-185,-1,-289,-435,0,-1561,-1435,-7,-1021,-1778,-13,3,61,9,606.9525547445256,92.87408759124088,1318.4945255474454,0.9854014598540146,0.293,134,103,3,4,0,1,1,0,0,0,0,0,0,0,0,8369,132,-124,-3,-1473,-1492,-15,-2068,-1617,-7,-1431,-1630,-9,1,75,1206.2135036496352,139.29744525547446,294.1423357664234,0.5200729927007299,0.561,145,29,4,21,0,0,1,0,0,0,0,0,0,1,0,8008,135,-8,1,-606,-335,-8,-1527,-1044,-5,-312,1106,10,2,71,759.0875912408759,253.79562043795622,872.2445255474453,0.3558394160583942,0.39,12,147,4,7,0,0,1,0,1,0,0,0,0,0,0,8230,-4,80,4,-175,56,6,-889,-861,-2,-439,-312,1,2,15,220.8941605839416,19.215328467153284,24.279197080291972,2.791970802919708,0.561,3875.279845141425,0.2,9943.660342147654,4108.8339232449025,0.4,13259.172259232475,4397.275297659893,0.0,9071.291528773618,3270.135579010599,0.6,11620.617625582558,0.38461538461538464,0.46153846153846156,0.15384615384615385,NEUTRAL,0.38461538461538464,0.15384615384615385,TOPSIDE,1202.905,,998.623,870.859,0,0,0,0,7,16,6,0.16666666666666666,0.8333333333333334,3.5,7.166666666666667,316.789,TEAMFIGHT,5,0.0,0.8,5.8,9.0,11,0.09090909090909091,0.8181818181818182,4.545454545454546,8.0,0,2,1,0,1,1,0,1,1,NONE,NONE,TEAMFIGHT,TEAMFIGHT,SPLIT_1_3_1,NEUTRAL,SLOW,SPLIT,NO,3,2,8,2,1,0,0
EUW1_7713147225,100,0,25.25,16.2.741.3171,420,31,78,4,12,0,0,1,0,0,0,1,0,0,0,0,8229,65,-140,-3,-44,-601,-3,-162,-783,-3,855,-201,-8,2,66,940.7920792079208,229.30693069306932,378.05940594059405,0.8712871287128713,0.381,517,904,4,11,0,0,1,0,0,1,0,0,0,0,0,8010,-262,107,4,-495,-691,-5,-1164,-1563,-19,-1429,-2570,-26,2,68,5,490.4950495049505,0.0,333.38613861386136,0.39603960396039606,0.381,157,84,4,14,0,0,1,0,0,0,0,0,1,0,0,8008,-107,-239,-6,-931,-21,-1,-1571,-1199,-13,-1603,-535,0,1,92,559.6039603960396,82.89108910891089,109.82178217821782,0.5148514851485149,0.19,523,145,4,21,0,0,1,0,0,0,0,0,0,1,0,8005,789,471,15,1154,493,22,674,-235,23,-3054,-2077,-2,5,86,757.3465346534654,237.54455445544554,243.52475247524754,0.594059405940594,0.381,235,518,3,4,0,1,1,0,0,0,0,0,0,0,0,8437,724,626,2,940,140,-7,1159,845,-4,721,-163,-2,7,13,759.5643564356436,82.13861386138613,101.78217821782178,2.613861386138614,0.524,5758.1616283132835,0.0,14910.538152595298,5318.288117793321,0.0,14203.681811417771,3812.2597148118175,0.4,14319.206297836483,467.1432880498378,1.0,1509.205088780183,0.07692307692307693,0.46153846153846156,0.46153846153846156,NEUTRAL,0.07692307692307693,0.46153846153846156,BOTSIDE,499.102,529.041,,671.107,1,1,0,2,10,10,4,0.25,0.75,3.25,6.5,164.613,TEAMFIGHT,5,0.0,1.0,3.8,7.4,9,0.1111111111111111,0.8888888888888888,3.5555555555555554,7.0,0,1,0,0,0,1,1,0,5,DRAGON,MIXED,TEAMFIGHT,TEAMFIGHT,SPLIT_1_3_1,BOT,FAST,SPLIT,YES,1,0,2,0,0,1,0
EUW1_7713147225,200,1,25.25,16.2.741.3171,420,78,31,4,12,0,0,1,0,0,0,1,0,0,0,0,8437,-65,140,3,44,601,3,162,783,3,-855,201,8,3,71,889.940594059406,245.54455445544554,357.86138613861385,0.7128712871287128,0.303,904,517,4,11,0,0,1,0,0,1,0,0,0,0,0,8010,262,-107,-4,495,691,5,1164,1563,19,1429,2570,26,10,68,29,1189.8217821782177,310.65346534653463,1605.8217821782177,0.7920792079207921,0.667,84,157,4,14,0,0,1,0,0,0,0,0,1,0,0,8112,107,239,6,931,21,1,1571,1199,13,1603,535,0,6,93,650.2178217821782,382.8910891089109,400.7524752475247,0.594059405940594,0.394,145,523,4,21,0,0,1,0,0,0,0,0,0,1,0,8008,-789,-471,-15,-1154,-493,-22,-674,235,-23,3054,2077,2,4,64,1192.1980198019803,412.9504950495049,817.4653465346535,0.7920792079207921,0.576,518,235,4,14,0,0,1,0,0,0,0,0,1,0,0,8229,-724,-626,-2,-940,-140,7,-1159,-845,4,-721,163,2,9,20,659.1683168316831,179.92079207920793,262.2970297029703,2.5346534653465347,0.576,4558.361598667772,0.2,13924.50074508957,4615.145852422279,0.2,13792.980533590264,4236.064158487762,0.4,14057.592574833003,469.8573362664139,1.0,1324.296039411128,0.23076923076923078,0.23076923076923078,0.5384615384615384,BOT,0.23076923076923078,0.5384615384615384,BOTSIDE,852.357,546.55,984.842,723.968,0,2,0,2,12,20,9,0.6666666666666666,0.3333333333333333,2.0,5.0,248.153,PICK,9,0.2222222222222222,0.6666666666666666,3.0,6.111111111111111,18,0.4444444444444444,0.5,2.5,5.555555555555555,0,2,2,1,4,5,0,3,2,GRUBS,GRUBS_HERALD,MIXED,PICK,SPLIT_1_3_1,MID,FAST,SPLIT,YES,2,1,10,2,1,2,0
EUW1_7712926445,100,0,24.816666666666666,16.2.741.3171,420,27,86,4,6,0,0,1,1,0,0,0,0,0,0,0,8230,7,-220,0,-756,-860,-10,-1484,-1662,-15,-2988,-3479,-34,1,94,355.80926796507725,16.279382135661518,16.279382135661518,0.9267965077233042,0.357,131,35,4,11,0,0,1,0,0,1,0,0,0,0,0,8010,-79,302,11,451,644,17,2002,696,23,1697,-545,16,3,80,9,589.8858294157153,0.0,23.572867696440564,0.5238415043653458,0.5,39,61,4,12,0,0,1,0,0,0,1,0,0,0,0,8010,179,279,8,-391,-782,-10,-366,-1025,-16,-1955,-1732,-23,3,91,680.3089321692411,91.26930826057757,91.26930826057757,0.8462055070517126,0.571,145,51,4,21,0,0,1,0,0,0,0,0,0,1,0,8008,-732,-137,-8,-2300,-708,-24,-5224,-863,-29,-6482,-1829,-32,1,79,563.9758226997985,100.05372733378107,100.05372733378107,0.4432505036937542,0.429,163,43,4,7,0,0,1,0,1,0,0,0,0,0,0,8112,255,-188,0,-141,-260,-1,-527,538,2,-1270,-696,5,5,16,557.6091336467427,16.762928139691066,16.762928139691066,2.458025520483546,0.714,4974.547285600335,0.2,14038.403114314677,3389.2937143020404,0.6,14214.331957570148,3585.4741204374222,0.4,9850.367962670227,1846.5629090938899,0.4,5504.25517213728,0.3076923076923077,0.38461538461538464,0.3076923076923077,NEUTRAL,0.3076923076923077,0.3076923076923077,NEUTRAL,,,,,0,0,0,0,5,9,5,0.2,0.4,2.6,5.2,50.39,PICK,7,0.0,0.8571428571428571,3.5714285714285716,7.714285714285714,12,0.08333333333333333,0.6666666666666666,3.1666666666666665,6.666666666666667,0,0,0,0,0,2,0,0,1,NONE,NONE,TEAMFIGHT,PICK,STANDARD,NEUTRAL,SLOW,SPLIT,NO,0,0,0,0,0,0,0
EUW1_7712926445,200,1,24.816666666666666,16.2.741.3171,420,86,27,4,14,0,0,1,0,0,0,0,0,1,0,0,8230,-7,220,0,756,860,10,1484,1662,15,2988,3479,34,4,104,1041.8804566823371,424.8354600402955,424.8354600402955,1.0476830087306916,0.455,35,131,11,14,0,0,0,0,0,1,0,0,1,0,0,8229,79,-302,-11,-451,-644,-17,-2002,-696,-23,-1697,545,-16,2,62,4,447.8844862323707,161.38347884486234,1369.4425789120214,0.7253190060443251,0.364,61,39,4,12,0,0,1,0,0,0,1,0,0,0,0,8230,-179,-279,-8,391,782,10,366,1025,16,1955,1732,23,4,101,716.2928139691068,414.3183344526528,414.3183344526528,0.7253190060443251,0.455,51,145,4,21,0,0,1,0,0,0,0,0,0,1,0,8008,732,137,8,2300,708,24,5224,863,29,6482,1829,32,8,103,2230.7186030893217,766.6621893888516,1289.9395567494962,0.24177300201477503,0.727,43,163,4,7,0,0,1,0,1,0,0,0,0,0,0,8214,-255,188,0,141,260,1,527,-538,-2,1270,696,-5,8,17,440.91336467427806,76.19879113498993,165.6145063801209,2.498321020819342,0.606,5690.8711928794255,0.2,14185.273102764007,4471.852591853425,0.2,13577.884408110122,4865.398218531596,0.0,11208.531795021148,1510.6750701040223,0.8,3723.1129448352754,0.3076923076923077,0.38461538461538464,0.3076923076923077,NEUTRAL,0.3076923076923077,0.3076923076923077,NEUTRAL,417.202,539.785,,621.739,2,3,0,5,11,22,7,0.42857142857142855,0.2857142857142857,2.2857142857142856,4.714285714285714,50.39,PICK,10,0.1,0.7,3.1,7.2,17,0.23529411764705882,0.5294117647058824,2.764705882352941,6.176470588235294,0,3,2,1,4,3,1,2,7,DRAGON,GRUBS_HERALD,TEAMFIGHT,PICK,SPLIT_1_3_1,BOT,FAST,SPLIT,YES,3,1,11,3,0,3,0
EUW1_7710035660,100,1,22.333333333333332,16.2.741.3171,420,150,58,4,12,0,0,1,0,0,0,1,0,0,0,0,8021,-317,-301,1,-131,144,3,1747,2950,29,2840,4912,51,6,80,955.2985074626866,539.8208955223881,915.223880597015,0.7164179104477613,0.435,154,78,4,11,0,0,1,0,0,1,0,0,0,0,0,8010,-351,156,7,-228,288,7,96,885,8,957,126,4,6,78,23,357.7164179104478,418.6119402985075,2145.134328358209,1.4328358208955225,0.391,55,145,4,14,0,0,1,0,0,0,0,0,1,0,0,8112,-148,145,-4,1432,947,15,1527,1298,21,2436,1163,24,6,86,989.8208955223881,559.1641791044776,741.9402985074627,0.7611940298507464,0.478,81,119,4,21,0,0,1,0,0,0,0,0,0,1,0,8005,-72,32,0,501,842,13,1212,1079,12,1269,1326,0,4,88,951.6268656716419,426.22388059701495,716.6417910447761,0.5373134328358209,0.435,35,40,3,14,0,1,0,0,0,0,0,0,1,0,0,8229,-14,-61,1,292,-49,0,631,-1,-5,1152,-430,-4,4,12,578.3283582089553,117.17910447761194,197.50746268656718,2.7761194029850746,0.435,5102.429244848278,0.0,10081.155191742662,6356.354030166072,0.0,14545.652821375876,5655.39086546082,0.2,13522.589286079792,2217.7459343606683,0.8,6931.66509577605,0.07692307692307693,0.46153846153846156,0.46153846153846156,NEUTRAL,0.07692307692307693,0.46153846153846156,BOTSIDE,409.68,497.972,950.793,771.438,2,3,0,5,13,10,7,0.7142857142857143,0.2857142857142857,2.2857142857142856,4.571428571428571,318.873,PICK,8,0.5,0.375,1.5,4.0,15,0.6,0.3333333333333333,1.8666666666666667,4.266666666666667,0,3,3,1,4,4,1,2,4,DRAGON,GRUBS_HERALD,PICK,PICK,SPLIT_1_3_1,NEUTRAL,FAST,SPLIT,YES,3,1,11,3,1,3,0
EUW1_7710035660,200,0,22.333333333333332,16.2.741.3171,420,58,150,4,14,0,0,1,0,0,0,0,0,1,0,0,8010,317,301,-1,131,-144,-3,-1747,-2950,-29,-2840,-4912,-51,2,77,460.11940298507466,62.32835820895523,62.32835820895523,0.8059701492537313,0.375,78,154,4,11,0,0,1,0,0,1,0,0,0,0,0,8128,351,-156,-7,228,-288,-7,-96,-885,-8,-957,-126,-4,4,72,16,700.0298507462687,0.0,0.0,0.6716417910447762,0.625,145,55,4,6,0,0,1,1,0,0,0,0,0,0,0,8230,148,-145,4,-1432,-947,-15,-1527,-1298,-21,-2436,-1163,-24,1,71,523.5223880597015,82.97014925373135,96.3134328358209,0.31343283582089554,0.375,119,81,4,21,0,0,1,0,0,0,0,0,0,1,0,8008,72,-32,0,-501,-842,-13,-1212,-1079,-12,-1269,-1326,0,0,75,513.089552238806,67.74626865671642,67.74626865671642,0.8507462686567164,0.125,40,35,4,7,0,0,1,0,1,0,0,0,0,0,0,8351,14,61,-1,-292,49,0,-631,1,5,-1152,430,4,1,16,198.5820895522388,64.25373134328359,64.25373134328359,1.6119402985074627,0.25,4287.6268613266175,0.2,12378.013168517797,4472.218149115901,0.2,13568.243254010446,3816.8614199889075,0.4,11910.924607267061,1152.5665185552493,0.8,3442.920852996769,0.3076923076923077,0.6153846153846154,0.07692307692307693,MID,0.3076923076923077,0.07692307692307693,TOPSIDE,,,,,0,0,0,0,5,3,3,0.6666666666666666,0.3333333333333333,3.0,5.0,224.935,PICK,3,0.3333333333333333,0.6666666666666666,2.0,5.0,6,0.5,0.5,2.5,5.0,0,0,1,0,0,1,0,0,2,NONE,NONE,MIXED,PICK,STANDARD,NEUTRAL,SLOW,SPLIT,NO,0,0,0,0,0,0,0
EUW1_7709979117,100,0,28.95,16.2.741.3171,420,67,904,4,6,0,0,1,1,0,0,0,0,0,0,0,8005,-78,61,3,-547,-513,-4,-55,-145,4,-1901,-2905,-28,1,73,968.1519861830743,124.17962003454232,149.49913644214163,0.7253886010362695,0.333,20,107,4,11,0,0,1,0,0,1,0,0,0,0,0,8230,-284,67,5,-694,119,12,-2200,-771,12,-4448,-2759,7,4,73,6,386.873920552677,0.0,1007.944732297064,0.690846286701209,0.444,55,893,4,14,0,0,1,0,0,0,0,0,1,0,0,8112,-457,-155,-9,-1510,-1029,-33,-1523,-919,-40,-1221,-876,-46,3,54,542.0034542314335,148.0483592400691,148.0483592400691,0.8981001727115717,0.389,119,50,4,21,0,0,1,0,0,0,0,0,0,1,0,8008,548,-190,8,1239,-46,15,2100,100,25,1268,-801,13,6,79,1320.1381692573402,103.97236614853196,269.7754749568221,0.8290155440414508,0.722,902,111,4,7,0,0,1,0,1,0,0,0,0,0,0,8214,-77,273,0,221,1156,-2,276,875,1,-310,573,1,5,8,219.06735751295338,0.0,5.526770293609672,3.03972366148532,0.611,4147.939704648037,0.2,12455.044961781552,4686.12317472192,0.2,13007.583172903413,3902.72925730118,0.2,11454.946049632885,3651.342523735708,0.0,9772.604821642999,0.15384615384615385,0.46153846153846156,0.38461538461538464,NEUTRAL,0.15384615384615385,0.38461538461538464,BOTSIDE,469.947,506.541,1141.614,1464.896,2,3,0,5,8,6,5,0.2,0.6,3.2,5.2,214.697,PICK,6,0.0,0.8333333333333334,3.0,6.333333333333333,11,0.09090909090909091,0.7272727272727273,3.090909090909091,5.818181818181818,0,1,1,0,0,0,0,0,1,DRAGON,GRUBS_HERALD,TEAMFIGHT,PICK,SPLIT_1_3_1,NEUTRAL,FAST,SPLIT,YES,2,0,1,0,1,3,0
EUW1_7709979117,200,1,28.95,16.2.741.3171,420,904,67,4,12,0,0,1,0,0,0,1,0,0,0,0,8010,78,-61,-3,547,513,4,55,145,-4,1901,2905,28,4,77,803.6960276338515,340.3454231433506,515.1295336787565,0.8635578583765112,0.425,107,20,4,11,0,0,1,0,0,1,0,0,0,0,0,8010,284,-67,-5,694,-119,-12,2200,771,-12,4448,2759,-7,11,58,23,1333.8514680483593,514.5423143350605,1935.0259067357513,0.5526770293609672,0.75,893,55,4,12,0,0,1,0,0,0,1,0,0,0,0,8112,457,155,9,1510,1029,33,1523,919,40,1221,876,46,8,87,940.0690846286701,410.1208981001727,643.5924006908463,0.8635578583765112,0.45,50,119,3,4,0,1,1,0,0,0,0,0,0,0,0,8112,-548,190,-8,-1239,46,-15,-2100,-100,-25,-1268,801,-13,5,64,333.6442141623489,190.43177892918825,358.0310880829016,0.5872193436960277,0.3,111,902,3,4,0,1,1,0,0,0,0,0,0,0,0,8439,77,-273,0,-221,-1156,2,-276,-875,-1,310,-573,-1,2,10,233.85146804835924,51.744386873920554,88.84283246977547,3.3160621761658033,0.425,4303.003774051648,0.0,9860.428438967549,5197.74714493008,0.0,14254.68894785151,3519.990498528153,0.4,11948.661724226693,3187.7486000870804,0.4,10950.916354351355,0.3076923076923077,0.46153846153846156,0.23076923076923078,MID,0.3076923076923077,0.23076923076923078,NEUTRAL,1109.795,,,982.406,0,0,0,0,13,19,8,0.375,0.375,2.5,4.375,165.218,SKIRMISH,11,0.36363636363636365,0.5454545454545454,2.272727272727273,5.0,19,0.3684210526315789,0.47368421052631576,2.3684210526315788,4.7368421052631575,0,1,1,0,3,3,0,3,1,NONE,NONE,TEAMFIGHT,NONE,SPLIT_1_3_1,MID,MID,SPLIT,NO,2,2,10,2,0,0,0
EUW1_7709049106,100,1,30.1,16.2.741.3171,420,92,777,3,4,0,1,1,0,0,0,0,0,0,0,0,8010,-86,107,-2,962,742,16,2702,2211,11,2901,1697,-11,7,76,864.0199335548173,474.75083056478405,554.750830564784,0.5315614617940199,0.556,31,421,4,11,0,0,1,0,0,1,0,0,0,0,0,9923,-425,11,4,-1065,91,12,-1750,-688,5,-2950,-981,17,5,72,24,637.5083056478405,118.67109634551494,652.3255813953488,1.096345514950166,0.528,90,163,4,12,0,0,1,0,0,0,1,0,0,0,0,8229,93,152,1,188,124,4,-47,-242,10,118,-1171,-10,0,99,572.9235880398671,135.0830564784053,162.89036544850498,0.7973421926910299,0.306,15,119,4,21,0,0,1,0,0,0,0,0,0,1,0,8008,-509,30,1,129,-22,-5,37,37,-8,-2569,-1594,-10,8,68,1310.6644518272424,385.78073089700996,385.78073089700996,0.8970099667774086,0.722,350,99,3,7,0,1,0,0,1,0,0,0,0,0,0,8214,-144,-53,-1,-25,422,-10,195,706,-11,-1050,-901,-19,9,8,383.25581395348837,30.398671096345513,32.55813953488372,1.893687707641196,0.694,4601.727050764703,0.2,13185.04626461356,3625.9973329468803,0.4,11257.314644265745,4580.5960487133125,0.2,11816.387265150037,2871.3589473600564,0.6,10841.619436228151,0.46153846153846156,0.38461538461538464,0.15384615384615385,NEUTRAL,0.46153846153846156,0.15384615384615385,TOPSIDE,644.239,501.616,,779.003,1,2,0,3,15,11,8,0.125,0.625,3.125,5.25,168.503,TEAMFIGHT,5,0.4,0.6,4.0,7.2,13,0.23076923076923078,0.6153846153846154,3.4615384615384617,6.0,1,0,3,0,1,1,0,1,1,GRUBS,GRUBS_HERALD,TEAMFIGHT,TEAMFIGHT,STANDARD,TOP,FAST,SPLIT,YES,3,0,8,1,0,2,0
EUW1_7709049106,200,0,30.1,16.2.741.3171,420,777,92,3,4,0,1,1,0,0,0,0,0,0,0,0,8008,86,-107,2,-962,-742,-16,-2702,-2211,-11,-2901,-1697,11,3,60,372.62458471760795,173.2890365448505,360.531561461794,0.4983388704318937,0.25,421,31,4,11,0,0,1,0,0,1,0,0,0,0,0,8010,425,-11,-4,1065,-91,-12,1750,688,-5,2950,981,-17,7,58,13,861.9601328903655,37.67441860465116,750.2990033222591,0.6644518272425249,0.679,163,90,4,12,0,0,1,0,0,0,1,0,0,0,0,8230,-93,-152,-1,-188,-124,-4,47,242,-10,-118,1171,10,2,95,567.7740863787375,56.710963455149496,118.37209302325581,0.6976744186046512,0.357,119,15,4,21,0,0,1,0,0,0,0,0,0,1,0,8008,509,-30,-1,-129,22,5,-37,-37,8,2569,1594,10,7,73,859.6013289036545,317.1428571428571,686.8106312292358,0.5315614617940199,0.607,99,350,4,7,0,0,1,0,1,0,0,0,0,0,0,8229,144,53,1,25,-422,10,-195,-706,11,1050,901,19,7,18,716.87707641196,99.96677740863787,132.5581395348837,2.8903654485049834,0.714,4438.419337166248,0.2,13510.91440280783,4920.205990220539,0.2,14543.41431714025,2561.2360754164147,0.4,6274.9171309269095,1433.6200642078747,1.0,3911.931620056772,0.38461538461538464,0.46153846153846156,0.15384615384615385,NEUTRAL,0.38461538461538464,0.15384615384615385,TOPSIDE,980.797,494.625,,860.897,0,1,0,1,12,15,8,0.25,0.625,3.0,5.125,168.503,TEAMFIGHT,6,0.16666666666666666,0.8333333333333334,4.166666666666667,7.666666666666667,14,0.21428571428571427,0.7142857142857143,3.5,6.214285714285714,0,1,2,0,1,0,0,1,2,GRUBS,GRUBS_HERALD,TEAMFIGHT,TEAMFIGHT,SPLIT_1_3_1,NEUTRAL,MID,SPLIT,NO,1,1,3,0,0,1,0
EUW1_7708976819,100,0,29.216666666666665,16.2.741.3171,420,421,106,4,12,0,0,1,0,0,0,1,0,0,0,0,8437,76,469,-7,314,223,-10,-960,-1306,-14,-2002,-2490,-28,3,77,640.9013120365089,258.99600684540786,258.99600684540786,0.9241300627495722,0.421,121,234,4,11,0,0,1,0,0,1,0,0,0,0,0,8128,-39,-441,-7,512,-257,-12,589,-191,-19,-45,-2589,-31,7,68,2,1004.1186537364518,151.00969766115233,600.7872219053053,0.6845407872219054,0.789,61,777,4,12,0,0,1,0,0,0,1,0,0,0,0,8230,-27,438,12,-493,-413,2,-345,-524,-3,-591,-1335,-18,5,80,820.216771249287,150.2909298345693,150.2909298345693,0.5476326297775242,0.632,136,119,4,21,0,0,1,0,0,0,0,0,0,1,0,8229,-787,-405,-11,-1787,-1113,-21,-2905,-1706,-33,-4092,-2342,-56,1,72,325.2253280091272,47.30176839703366,52.0593268682259,0.3080433542498574,0.158,147,53,4,7,0,0,1,0,1,0,0,0,0,0,0,8465,-213,-310,5,25,-132,7,-396,139,2,-205,-468,0,4,20,163.63947518539646,0.0,0.0,2.4985738733599545,0.632,3741.183378326424,0.2,10444.512865615132,5304.2467806378445,0.2,13897.673186544573,4221.343945978062,0.0,9784.093059655555,1879.8640215788146,0.8,5605.300705582173,0.23076923076923078,0.38461538461538464,0.38461538461538464,NEUTRAL,0.23076923076923078,0.38461538461538464,BOTSIDE,,,977.597,1059.194,0,0,0,0,9,8,7,0.2857142857142857,0.42857142857142855,2.5714285714285716,5.285714285714286,192.672,TEAMFIGHT,5,0.2,0.8,3.6,7.0,12,0.25,0.5833333333333334,3.0,6.0,0,1,1,0,0,0,0,1,1,NONE,NONE,TEAMFIGHT,TEAMFIGHT,SPLIT_1_3_1,NEUTRAL,MID,SPLIT,NO,0,0,3,0,1,0,0
EUW1_7708976819,200,1,29.216666666666665,16.2.741.3171,420,106,421,4,14,0,0,1,0,0,0,0,0,1,0,0,8005,-76,-469,7,-314,-223,10,960,1306,14,2002,2490,28,3,87,1144.5521962350258,515.9041642897889,708.5681688533942,0.9241300627495722,0.343,234,121,4,11,0,0,1,0,0,1,0,0,0,0,0,8010,39,441,7,-512,257,12,-589,191,19,45,2589,31,7,86,59,1112.1734169994297,125.51055333713634,1880.1597261836853,0.8899030233884769,0.6,777,61,4,14,0,0,1,0,0,0,0,0,1,0,0,8008,27,-438,-12,493,413,-2,345,524,3,591,1335,18,5,78,736.7027952082145,267.0051340559042,528.3628066172276,0.37649743297204796,0.4,119,136,4,21,0,0,1,0,0,0,0,0,0,1,0,8008,787,405,11,1787,1113,21,2905,1706,33,4092,2342,56,5,93,640.8670849971478,492.08214489446664,920.9811751283514,0.6503137478608101,0.257,53,147,4,14,0,0,1,0,0,0,0,0,1,0,0,8351,213,310,-5,-25,132,-7,396,-139,-2,205,468,0,5,13,322.281802624073,81.6657159155733,130.81574443810612,2.7723901882487167,0.486,4295.983490241282,0.4,14135.803655965232,4396.637126120893,0.4,14293.715297290624,3909.5210211618846,0.2,8942.363949202692,3085.723778040084,0.4,8670.439723566504,0.23076923076923078,0.38461538461538464,0.38461538461538464,NEUTRAL,0.23076923076923078,0.38461538461538464,BOTSIDE,329.049,497.879,,815.205,2,3,0,5,12,14,7,0.14285714285714285,0.42857142857142855,2.7142857142857144,5.571428571428571,192.672,TEAMFIGHT,6,0.3333333333333333,0.5,3.0,6.166666666666667,13,0.23076923076923078,0.46153846153846156,2.8461538461538463,5.846153846153846,1,1,2,1,1,4,0,3,3,DRAGON,GRUBS_HERALD,TEAMFIGHT,TEAMFIGHT,SPLIT_1_3_1,NEUTRAL,FAST,SPLIT,YES,4,2,10,3,0,3,0
EUW1_7708883459,100,0,33.31666666666667,16.2.741.3171,420,126,516,4,12,0,0,1,0,0,0,1,0,0,0,0,8230,113,-138,3,-698,-931,2,-1116,-1862,-12,-1071,-995,-3,1,90,1191.4157078539267,19.41970985492746,163.1615807903952,0.6003001500750375,0.281,234,60,4,11,0,0,1,0,0,1,0,0,0,0,0,8010,-129,-123,-4,-1398,-1154,-21,-1583,-349,-20,-3363,-3363,-55,3,48,16,500.1100550275137,40.46023011505753,570.4652326163081,0.6603301650825412,0.406,8,777,4,6,0,0,1,1,0,0,0,0,0,0,0,8010,-172,-254,12,1020,873,30,2859,1494,43,3488,1517,60,7,89,1597.3086543271634,390.01500750375186,727.3536768384191,0.18009004502251125,0.688,51,119,4,21,0,0,1,0,0,0,0,0,0,1,0,8021,94,330,5,-946,-189,-5,-1698,583,-1,-1540,99,-12,3,83,757.968984492246,272.5962981490745,524.992496248124,0.7503751875937968,0.438,497,37,4,7,0,0,1,0,1,0,0,0,0,0,0,8465,-63,-210,3,-9,-334,5,282,29,3,42,-304,3,7,8,113.51675837918958,25.872936468234116,25.872936468234116,3.271635817908954,0.531,3645.174572347726,0.6,13985.467636085681,4990.01415457364,0.0,14506.904563000337,4504.822397285738,0.0,12626.712359121833,4792.192707411545,0.2,12059.909535315759,0.3076923076923077,0.46153846153846156,0.23076923076923078,MID,0.3076923076923077,0.23076923076923078,NEUTRAL,1811.933,506.878,,1127.246,0,3,0,3,9,14,5,0.2,0.8,3.6,6.4,354.444,TEAMFIGHT,7,0.14285714285714285,0.7142857142857143,3.5714285714285716,7.428571428571429,12,0.16666666666666666,0.75,3.5833333333333335,7.0,0,1,0,0,0,2,0,1,3,GRUBS,GRUBS_HERALD,TEAMFIGHT,TEAMFIGHT,SPLIT_1_3_1,NEUTRAL,FAST,SPLIT,YES,1,1,5,0,0,3,0
EUW1_7708883459,200,1,33.31666666666667,16.2.741.3171,420,516,126,4,12,0,0,1,0,0,0,1,0,0,0,0,8437,-113,138,-3,698,931,-2,1116,1862,12,1071,995,3,4,90,684.9724862431215,352.6763381690845,380.23011505752874,1.0805402701350675,0.4,60,234,4,11,0,0,1,0,0,1,0,0,0,0,0,8112,129,123,4,1398,1154,21,1583,349,20,3363,3363,55,8,71,21,1072.586293146573,179.00950475237616,904.352176088044,1.2306153076538269,0.657,777,8,4,14,0,0,1,0,0,0,0,0,1,0,0,8008,172,254,-12,-1020,-873,-30,-2859,-1494,-43,-3488,-1517,-60,1,59,899.9699849924962,213.88694347173583,351.2956478239119,0.27013506753376687,0.371,119,51,4,21,0,0,1,0,0,0,0,0,0,1,0,8008,-94,-330,-5,946,189,5,1698,-583,1,1540,-99,12,5,88,900.1500750375187,331.33566783391694,1021.5007503751875,0.6603301650825412,0.457,37,497,4,7,0,0,1,0,1,0,0,0,0,0,0,8214,63,210,-3,9,334,-5,-282,-29,-3,-42,304,-3,8,3,540.120060030015,61.6208104052026,143.8919459729865,3.301650825412706,0.657,3723.8569401021387,0.6,15089.766863672878,5186.169037753598,0.0,12993.597077022205,5097.941166231202,0.0,13936.437026729607,4036.1732058205284,0.2,12476.332313624865,0.38461538461538464,0.23076923076923078,0.38461538461538464,NEUTRAL,0.38461538461538464,0.38461538461538464,NEUTRAL,825.881,,1054.239,934.221,1,0,0,1,11,15,6,0.5,0.5,2.8333333333333335,4.833333333333333,176.966,PICK,10,0.3,0.5,2.8,6.1,16,0.375,0.5,2.8125,5.625,0,2,0,0,1,2,0,1,2,DRAGON,DRAGONS,TEAMFIGHT,PICK,SPLIT_1_3_1,NEUTRAL,MID,SPLIT,NO,3,1,9,1,1,0,0
EUW1_7708818133,100,0,23.133333333333333,16.2.741.3171,420,266,799,4,14,0,0,1,0,0,0,0,0,1,0,0,8010,465,288,4,707,1025,11,1433,1946,6,319,-1167,-10,9,74,834.0345821325649,265.46109510086455,265.46109510086455,0.5619596541786743,0.632,77,106,4,11,0,0,1,0,0,1,0,0,0,0,0,8010,123,174,6,590,275,7,540,-708,-12,-604,-2120,-27,9,77,0,889.6253602305476,0.0,47.377521613832855,0.4755043227665706,0.579,166,777,4,14,0,0,1,0,0,0,0,0,1,0,0,8005,80,-62,1,-126,-270,1,791,-905,-10,1052,-587,1,7,83,929.4812680115274,147.9250720461095,147.9250720461095,0.7780979827089337,0.474,498,18,3,4,0,1,1,0,0,0,0,0,0,0,0,8008,-1614,-407,-9,-3343,-1145,-26,-7147,-1408,-32,-9729,-2892,-58,2,52,431.8443804034582,61.38328530259366,122.11815561959655,0.4755043227665706,0.316,48,89,4,14,0,0,1,0,0,0,0,0,1,0,0,8005,-549,-564,7,-1343,-709,6,-1761,-2161,8,-2280,-2374,11,4,14,315.0,0.0,4.14985590778098,1.8155619596541788,0.368,4890.154170415274,0.2,13466.122567391105,4068.038919748088,0.2,12762.541165457607,2617.1764849023784,0.8,8315.168909889924,2456.9523313349887,0.4,8110.207149019067,0.23076923076923078,0.5384615384615384,0.23076923076923078,MID,0.23076923076923078,0.23076923076923078,NEUTRAL,,500.355,,,0,1,0,1,12,7,10,0.0,0.5,2.9,6.2,179.195,TEAMFIGHT,4,0.25,0.75,4.25,7.25,14,0.07142857142857142,0.5714285714285714,3.2857142857142856,6.5,0,0,3,0,0,2,0,0,2,GRUBS,GRUBS_HERALD,TEAMFIGHT,TEAMFIGHT,SIEGE_GROUP,NEUTRAL,MID,GROUP,NO,0,0,0,0,0,1,0
EUW1_7708818133,200,1,23.133333333333333,16.2.741.3171,420,799,266,4,14,0,0,1,0,0,0,0,0,1,0,0,8010,-465,-288,-4,-707,-1025,-11,-1433,-1946,-6,-319,1167,10,5,63,622.0461095100865,181.90201729106627,250.67723342939482,0.7348703170028819,0.244,106,77,4,11,0,0,1,0,0,1,0,0,0,0,0,8008,-123,-174,-6,-590,-275,-7,-540,708,12,604,2120,27,9,72,8,889.3227665706052,60.56195965417868,1946.8876080691643,0.6051873198847262,0.378,777,166,4,14,0,0,1,0,0,0,0,0,1,0,0,8008,-80,62,-1,126,270,-1,-791,905,10,-1052,587,-1,5,82,750.5187319884726,191.45533141210376,313.83285302593663,0.3025936599423631,0.2,18,498,4,21,0,0,1,0,0,0,0,0,0,1,0,8008,1614,407,9,3343,1145,26,7147,1408,32,9729,2892,58,19,78,2151.657060518732,1513.0979827089338,1924.4092219020174,0.4755043227665706,0.756,89,48,4,14,0,0,1,0,0,0,0,0,1,0,0,8439,549,564,-7,1343,709,-6,1761,2161,-8,2280,2374,-11,21,8,563.3861671469741,60.90778097982709,98.9913544668588,3.155619596541787,0.778,4934.363499147726,0.2,14908.528465277854,4812.868124323288,0.2,12777.890162307704,3009.8341497606316,0.4,9524.76120435573,2585.340724428,0.2,7133.054955627357,0.38461538461538464,0.38461538461538464,0.23076923076923078,NEUTRAL,0.38461538461538464,0.23076923076923078,TOPSIDE,371.434,491.952,974.926,472.103,2,2,0,4,23,22,13,0.15384615384615385,0.38461538461538464,2.6153846153846154,5.384615384615385,41.407,SKIRMISH,8,0.25,0.75,3.5,6.625,21,0.19047619047619047,0.5238095238095238,2.9523809523809526,5.857142857142857,1,2,4,1,4,3,1,2,3,DRAGON,MIXED,TEAMFIGHT,NONE,STANDARD,NEUTRAL,FAST,SPLIT,YES,3,1,11,3,1,2,0
EUW1_7708248654,100,0,21.716666666666665,16.2.741.3171,420,126,83,4,21,0,0,1,0,0,0,0,0,0,1,0,8010,-200,48,-6,-1316,-1074,-23,-3381,-3324,-38,-4530,-3507,-47,1,61,553.7221795855718,38.726016884113584,71.60399079048351,0.5986185725249424,0.2,131,11,4,11,0,0,1,0,0,1,0,0,0,0,0,8010,115,317,4,-889,-213,-2,-1445,-1164,-14,-3227,-3407,-34,4,75,0,370.17651573292403,0.0,272.0030698388335,0.9209516500383731,1.0,777,245,4,14,0,0,1,0,0,0,0,0,1,0,0,8008,-660,-476,-13,-1079,-1302,-18,-1620,-1387,-18,-2142,-2528,-23,0,71,502.1949347659248,35.64082885648504,35.64082885648504,0.046047582501918656,0.2,119,81,4,21,0,0,1,0,0,0,0,0,0,1,0,8008,194,-13,1,-260,-406,8,-649,148,-11,285,758,-13,1,85,329.1020721412126,65.24942440521873,75.61013046815043,0.5986185725249424,0.4,235,37,4,7,0,0,1,0,1,0,0,0,0,0,0,8214,91,-13,-2,-326,-587,-1,-442,-365,5,-494,-529,4,2,9,209.3783576362241,2.624712202609363,2.624712202609363,1.9800460475825021,0.6,4291.882827810802,0.4,13812.6678813327,5117.755886754067,0.0,15153.790449917142,4108.393340308616,0.4,12994.963986098615,3413.667592377244,0.4,11121.55766967919,0.15384615384615385,0.38461538461538464,0.46153846153846156,NEUTRAL,0.15384615384615385,0.46153846153846156,BOTSIDE,527.959,,,,1,0,0,1,3,2,4,0.5,0.5,2.75,4.75,239.635,PICK,1,0.0,1.0,3.0,7.0,5,0.4,0.6,2.8,5.2,0,0,1,0,0,0,0,0,0,DRAGON,DRAGONS,MIXED,PICK,STANDARD,NEUTRAL,SLOW,SPLIT,NO,1,0,0,0,0,0,0
EUW1_7708248654,200,1,21.716666666666665,16.2.741.3171,420,83,126,4,14,0,0,1,0,0,0,0,0,1,0,0,8010,200,-48,6,1316,1074,23,3381,3324,38,4530,3507,47,6,84,1009.8695318495779,870.3914044512663,870.3914044512663,0.8749040675364544,0.36,11,131,4,11,0,0,1,0,0,1,0,0,0,0,0,8008,-115,-317,-4,889,213,2,1445,1164,14,3227,3407,34,6,78,2,619.1097467382963,412.67843438219495,2602.701458173446,1.059094397544129,0.48,245,777,4,14,0,0,1,0,0,0,0,0,1,0,0,9923,660,476,13,1079,1302,18,1620,1387,18,2142,2528,23,3,89,719.4013814274751,254.7812739831159,378.4650805832694,0.8749040675364544,0.32,81,119,4,21,0,0,1,0,0,0,0,0,0,1,0,8005,-194,13,-1,260,406,-8,649,-148,11,-285,-758,13,3,77,625.8326937835764,416.59247889485806,659.0790483499617,0.46047582501918655,0.16,37,235,4,7,0,0,1,0,1,0,0,0,0,0,0,8214,-91,13,2,326,587,1,442,365,-5,494,529,-4,5,10,423.407521105142,291.84957789716043,351.80353031465853,2.3484267075978513,0.36,4610.592973904846,0.2,13891.199300276416,5976.845460686796,0.2,13984.83249810308,4468.085881683869,0.0,11590.753426762214,3236.316459592214,0.4,11740.002385008274,0.38461538461538464,0.3076923076923077,0.3076923076923077,NEUTRAL,0.38461538461538464,0.3076923076923077,NEUTRAL,875.569,526.723,924.675,674.902,0,3,0,3,14,11,8,0.625,0.25,2.125,4.0,158.758,PICK,6,0.3333333333333333,0.5,2.0,5.0,14,0.5,0.35714285714285715,2.0714285714285716,4.428571428571429,2,1,7,0,5,3,1,2,4,GRUBS,GRUBS_HERALD,PICK,PICK,STANDARD,TOP,FAST,SPLIT,YES,2,1,11,3,1,3,0
EUW1_7708212957,100,1,23.416666666666668,16.2.741.3171,420,58,92,4,14,0,0,1,0,0,0,0,0,1,0,0,8010,540,318,-5,1296,849,11,2101,3671,35,3391,3198,31,6,82,1060.526690391459,465.6939501779359,660.8967971530249,1.0249110320284698,0.417,246,35,4,11,0,0,1,0,0,1,0,0,0,0,0,8369,200,-223,-6,-203,-905,-20,808,73,-10,1124,-728,-25,4,55,11,475.55871886120997,272.2419928825623,1587.715302491103,1.0676156583629892,0.333,98,8,4,14,0,0,1,0,0,0,0,0,1,0,0,8437,297,-433,-1,984,-227,0,1623,333,-6,1350,-739,-10,6,57,584.6263345195729,439.0035587188612,658.2064056939502,0.3416370106761566,0.361,110,18,4,21,0,0,1,0,0,0,0,0,0,1,0,8229,84,206,17,1159,708,26,2766,1316,25,3956,2094,10,8,85,1579.2597864768682,548.3274021352313,702.8327402135232,0.5551601423487544,0.556,518,267,4,7,0,0,1,0,1,0,0,0,0,0,0,8229,249,614,4,803,1143,7,1678,2170,15,2507,1877,29,12,20,701.8078291814946,94.07829181494661,193.49466192170817,3.2455516014234873,0.611,5580.875772232406,0.2,14935.90640034946,5056.405756092333,0.0,13940.885050813667,3307.684445297136,0.4,9819.929327647935,1644.382250192561,0.6,5326.00600825797,0.3076923076923077,0.15384615384615385,0.5384615384615384,BOT,0.3076923076923077,0.5384615384615384,BOTSIDE,807.78,533.16,925.665,729.962,1,3,0,4,17,19,8,0.5,0.5,2.625,5.25,135.95,TEAMFIGHT,6,0.3333333333333333,0.6666666666666666,4.666666666666667,7.5,14,0.42857142857142855,0.5714285714285714,3.5,6.214285714285714,1,1,6,0,5,2,1,2,5,GRUBS,GRUBS_HERALD,TEAMFIGHT,TEAMFIGHT,STANDARD,NEUTRAL,FAST,SPLIT,YES,1,1,10,2,1,3,0
EUW1_7708212957,200,0,23.416666666666668,16.2.741.3171,420,92,58,4,14,0,0,1,0,0,0,0,0,1,0,0,8010,-540,-318,5,-1296,-849,-11,-2101,-3671,-35,-3391,-3198,-31,2,71,503.4021352313167,208.31316725978647,208.31316725978647,0.4697508896797153,0.438,35,246,11,14,0,0,0,0,0,1,0,0,1,0,0,8229,-200,223,6,203,905,20,-808,-73,10,-1124,728,25,2,74,6,707.4021352313167,0.0,485.3380782918149,0.6405693950177935,0.625,8,98,4,6,0,0,1,1,0,0,0,0,0,0,0,8230,-297,433,1,-984,227,0,-1623,-333,6,-1350,739,10,2,57,950.5195729537367,23.615658362989322,23.615658362989322,0.597864768683274,0.625,18,110,4,21,0,0,1,0,0,0,0,0,0,1,0,8008,-84,-206,-17,-1159,-708,-26,-2766,-1316,-25,-3956,-2094,-10,2,59,636.7686832740213,112.05693950177935,145.19572953736653,0.8540925266903914,0.438,267,518,4,7,0,0,1,0,1,0,0,0,0,0,0,8214,-249,-614,-4,-803,-1143,-7,-1678,-2170,-15,-2507,-1877,-29,2,13,271.8149466192171,2.1352313167259784,13.451957295373665,2.8185053380782916,0.625,4890.388268270767,0.0,14564.991623753169,4074.23291889424,0.0,9938.393481846048,2577.5978708833695,0.4,7408.299467489149,4117.725068196747,0.2,11015.431947953743,0.38461538461538464,0.5384615384615384,0.07692307692307693,MID,0.38461538461538464,0.07692307692307693,TOPSIDE,471.652,,,1244.348,1,0,0,1,5,11,3,0.3333333333333333,0.6666666666666666,3.3333333333333335,6.333333333333333,206.292,PICK,6,0.3333333333333333,0.6666666666666666,4.666666666666667,7.333333333333333,9,0.3333333333333333,0.6666666666666666,4.222222222222222,7.0,0,0,1,0,0,0,0,1,1,DRAGON,DRAGONS,TEAMFIGHT,PICK,SPLIT_1_3_1,NEUTRAL,SLOW,SPLIT,NO,2,0,1,0,0,0,0
EUW1_7708173907,100,1,37.233333333333334,16.2.741.3171,420,240,777,4,14,0,0,1,0,0,0,0,0,1,0,0,8005,323,-12,-5,551,585,6,-325,-824,-8,-134,-759,-11,2,83,1202.7126230975828,331.047448522829,453.5183527305282,1.1011638316920322,0.6,121,107,4,11,0,0,1,0,0,1,0,0,0,0,0,8369,45,14,0,-39,-283,-4,-248,201,4,2455,1833,17,2,76,16,1102.4261414503133,52.85586392121755,1284.5478961504027,1.5308863025962398,0.56,110,711,4,12,0,0,1,0,0,0,1,0,0,0,0,8229,-362,-122,1,118,-225,3,1424,432,11,1365,-203,5,8,92,716.4010743061773,197.86034019695612,470.5729632945389,1.0743061772605191,0.62,115,119,4,12,0,0,1,0,0,0,1,0,0,0,0,8229,-426,-168,-6,-313,-363,-22,-994,232,-16,-439,707,-9,7,76,1320.6982990152194,379.4717994628469,586.4637421665175,0.4297224709042077,0.68,89,201,3,4,0,1,1,0,0,0,0,0,0,0,0,8439,151,193,3,43,-284,4,762,-13,1,1236,271,7,8,15,455.5595344673232,33.92121754700089,58.84512085944494,3.867502238137869,0.72,4412.268015950582,0.2,14260.380675143284,3484.351156176371,0.6,12689.665913648003,5244.624473209244,0.2,13998.000571510203,1837.5489281536472,0.8,6118.518121244718,0.3076923076923077,0.23076923076923078,0.46153846153846156,BOT,0.3076923076923077,0.46153846153846156,BOTSIDE,1447.961,504.209,,843.93,0,3,0,3,11,18,6,0.3333333333333333,0.5,2.3333333333333335,4.666666666666667,152.016,TEAMFIGHT,7,0.0,0.8571428571428571,4.571428571428571,8.571428571428571,13,0.15384615384615385,0.6923076923076923,3.5384615384615383,6.769230769230769,0,1,1,0,2,2,0,2,3,GRUBS,GRUBS_HERALD,TEAMFIGHT,TEAMFIGHT,SPLIT_1_3_1,NEUTRAL,FAST,SPLIT,YES,3,1,9,1,0,3,0
EUW1_7708173907,200,0,37.233333333333334,16.2.741.3171,420,777,240,4,14,0,0,1,0,0,0,0,0,1,0,0,8008,-323,12,5,-551,-585,-6,325,824,8,134,759,11,2,79,1182.5962399283796,204.0376007162041,293.12444046553264,0.4297224709042077,0.405,107,121,4,11,0,0,1,0,0,1,0,0,0,0,0,8010,-45,-14,0,39,283,4,248,-201,-4,-2455,-1833,-17,4,79,8,984.1718889883616,49.982094897045656,930.6982990152193,1.1548791405550582,0.568,711,110,4,12,0,0,1,0,0,0,1,0,0,0,0,8112,362,122,-1,-118,225,-3,-1424,-432,-11,-1365,203,-5,5,89,936.8218442256043,99.26589077887198,109.52551477170994,1.611459265890779,0.649,119,115,1,4,1,0,1,0,0,0,0,0,0,0,0,8008,426,168,6,313,363,22,994,-232,16,439,-707,9,4,98,1220.5998209489703,69.50760966875559,390.32229185317817,0.7520143240823635,0.432,201,89,4,7,0,0,1,0,1,0,0,0,0,0,0,8465,-151,-193,-3,-43,284,-4,-762,13,-1,-1236,-271,-7,5,11,275.93554162936437,90.40286481647269,184.7538048343778,3.1960608773500447,0.676,5347.592047087017,0.0,13830.682448816471,3643.4005718658836,0.4,14290.484106565462,2508.1848686822186,0.6,8248.852162573894,742.483573220645,1.0,2097.6331900501573,0.23076923076923078,0.23076923076923078,0.5384615384615384,BOT,0.23076923076923078,0.5384615384615384,BOTSIDE,362.368,,940.236,907.898,2,0,0,2,9,16,4,0.0,0.75,3.25,6.75,152.016,TEAMFIGHT,6,0.0,0.8333333333333334,4.666666666666667,8.333333333333334,10,0.0,0.8,4.1,7.7,0,1,1,0,1,0,0,1,2,DRAGON,DRAGONS,TEAMFIGHT,TEAMFIGHT,STANDARD,NEUTRAL,FAST,MIXED,YES,3,1,4,0,1,0,0
EUW1_7707919029,100,0,26.483333333333334,16.2.741.3171,420,86,80,4,14,0,0,1,0,0,0,0,0,1,0,0,8010,-803,-564,-11,-671,-548,-14,-1961,-1839,-29,-2072,-2524,-29,3,55,707.5015733165512,137.67149150409062,137.67149150409062,0.9439899307740717,0.429,121,36,4,11,0,0,1,0,0,1,0,0,0,0,0,8128,154,-266,-5,463,925,21,1114,1934,32,803,1516,32,4,81,26,872.511013215859,13.971050975456262,468.3700440528634,0.9062303335431089,0.571,84,134,4,14,0,0,1,0,0,0,0,0,1,0,0,8112,-335,65,-4,-757,-174,-18,-1301,-517,-21,-1808,-1632,-43,0,82,416.8281938325991,327.48898678414093,327.48898678414093,0.41535556954059155,0.143,81,119,3,4,0,1,1,0,0,0,0,0,0,0,0,8008,-374,-21,-6,-1080,435,-27,-3580,-139,-41,-5857,-662,-53,2,66,835.7331655129011,110.67337948395216,119.6979232221523,0.3020767778477029,0.357,26,201,4,7,0,0,1,0,1,0,0,0,0,0,0,8214,128,312,8,457,-288,1,-193,-1270,0,-602,-2308,-4,5,14,188.42039018250472,0.0,1.2460667086217747,2.4921334172435494,0.857,5410.891218423179,0.0,14229.94490502335,5610.489284900038,0.0,14314.751133009611,3710.150895434834,0.4,12808.957685932139,2195.7372626256824,0.4,6095.362991651932,0.3076923076923077,0.46153846153846156,0.23076923076923078,MID,0.3076923076923077,0.23076923076923078,NEUTRAL,,555.491,1047.693,1239.295,0,3,0,3,6,6,5,0.2,0.6,3.0,6.4,224.472,TEAMFIGHT,5,0.2,0.6,2.0,5.8,10,0.2,0.6,2.5,6.1,0,1,1,0,1,0,0,0,0,GRUBS,GRUBS_HERALD,TEAMFIGHT,TEAMFIGHT,STANDARD,NEUTRAL,MID,SPLIT,YES,0,0,2,0,1,3,0
EUW1_7707919029,200,1,26.483333333333334,16.2.741.3171,420,80,86,4,14,0,0,1,0,0,0,0,0,1,0,0,8010,803,564,11,671,548,14,1961,1839,29,2072,2524,29,9,69,1303.0837004405287,460.4405286343612,684.0906230333543,0.8307111390811831,0.581,36,121,4,11,0,0,1,0,0,1,0,0,0,0,0,8021,-154,266,5,-463,-925,-21,-1114,-1934,-32,-803,-1516,-32,6,60,24,510.3209565764632,54.44933920704845,1403.6375078665826,0.7551919446192573,0.581,134,84,4,6,0,0,1,1,0,0,0,0,0,0,0,8369,335,-65,4,757,174,18,1301,517,21,1808,1632,43,1,100,900.1887979861548,107.35053492762744,303.28508495909375,1.170547514159849,0.323,119,81,4,21,0,0,1,0,0,0,0,0,0,1,0,8008,374,21,6,1080,-435,27,3580,139,41,5857,662,53,6,93,1164.31718061674,585.4247954688483,1200.868470736312,0.3020767778477029,0.548,201,26,4,7,0,0,1,0,1,0,0,0,0,0,0,8465,-128,-312,-8,-457,288,-1,193,1270,0,602,2308,4,7,13,341.95091252359975,29.301447451227187,41.497797356828194,2.9830081812460665,0.645,5783.618124144306,0.0,15299.263544367093,5665.431721199924,0.0,12913.617502466148,4243.040172657574,0.2,13489.653405480809,3116.961117054269,0.4,9086.968526411874,0.46153846153846156,0.38461538461538464,0.15384615384615385,NEUTRAL,0.46153846153846156,0.15384615384615385,TOPSIDE,442.115,,,671.335,2,0,0,2,9,19,8,0.5,0.375,2.25,5.125,67.917,PICK,10,0.2,0.6,2.0,5.8,18,0.3333333333333333,0.5,2.111111111111111,5.5,0,1,2,0,1,1,1,2,3,DRAGON,DRAGONS,TEAMFIGHT,PICK,SPLIT_1_3_1,NEUTRAL,FAST,SPLIT,YES,4,1,10,2,0,0,0
EUW1_7707890564,100,0,26.783333333333335,16.2.741.3171,420,14,133,4,12,0,0,1,0,0,0,1,0,0,0,0,8437,-404,-124,-16,-1151,-340,-8,-2189,-1055,-13,-3687,-2570,-33,2,74,303.09894212818915,238.5065339141257,249.18481642812694,0.8587429993777224,0.316,91,131,4,11,0,0,1,0,0,1,0,0,0,0,0,8230,-363,-57,-1,-449,-1107,-28,-1422,-2750,-59,213,-2695,-80,3,60,0,860.945861854387,0.0,226.110765401369,0.41070317361543246,0.632,61,777,4,12,0,0,1,0,0,0,1,0,0,0,0,8230,50,-3,4,-343,-515,-1,-2314,-2592,-14,-3408,-2288,-9,0,83,708.8736776602365,108.98568761667703,108.98568761667703,0.5600497822028624,0.632,804,221,4,21,0,0,1,0,0,0,0,0,0,1,0,8008,388,361,8,874,434,20,472,-214,12,91,-722,-19,3,96,1015.9676415681394,177.7971375233354,191.08898568761666,0.5973864343497199,0.684,26,37,3,4,0,1,1,0,0,0,0,0,0,0,0,8214,-157,-104,-4,-92,448,-3,-704,-58,-9,-863,1540,-10,2,20,194.37461107654013,15.718730553827006,18.892345986309895,2.352209085252022,0.789,4886.601389374849,0.0,14484.058892451385,5627.044284164267,0.2,14164.585874638198,2451.114913492802,0.8,8000.005812497888,2595.7920110470213,0.6,8769.303735189016,0.3076923076923077,0.3076923076923077,0.38461538461538464,NEUTRAL,0.3076923076923077,0.38461538461538464,NEUTRAL,,,,1317.982,0,0,0,0,4,12,5,0.4,0.6,2.2,4.4,76.906,PICK,6,0.16666666666666666,0.5,3.3333333333333335,6.166666666666667,11,0.2727272727272727,0.5454545454545454,2.8181818181818183,5.363636363636363,0,0,3,0,0,0,0,1,1,NONE,NONE,TEAMFIGHT,PICK,STANDARD,TOP,SLOW,GROUP,NO,0,0,1,0,0,0,0
EUW1_7707890564,200,1,26.783333333333335,16.2.741.3171,420,133,14,4,14,0,0,1,0,0,0,0,0,1,0,0,8112,404,124,16,1151,340,8,2189,1055,13,3687,2570,33,9,82,1373.9887990043558,332.44555071561916,332.44555071561916,1.0827629122588673,0.576,131,91,4,11,0,0,1,0,0,1,0,0,0,0,0,8010,363,57,1,449,1107,28,1422,2750,59,-213,2695,80,7,91,19,929.607965152458,330.5787181082763,2757.2744243932793,1.3814561294337273,0.455,777,61,4,14,0,0,1,0,0,0,0,0,1,0,0,8008,-50,3,-4,343,515,1,2314,2592,14,3408,2288,9,8,84,1041.3939016801494,552.5824517734909,872.0348475420037,0.33602986932171747,0.394,221,804,4,21,0,0,1,0,0,0,0,0,0,1,0,8369,-388,-361,-8,-874,-434,-20,-472,214,-12,-91,722,19,6,76,659.4399502177971,480.18668326073424,480.18668326073424,0.6720597386434349,0.303,37,26,4,7,0,0,1,0,1,0,0,0,0,0,0,8214,157,104,4,92,-448,3,704,58,9,863,-1540,10,7,23,346.8201617921593,49.62041070317361,121.45612943372744,2.650902302426882,0.515,4543.600838125756,0.2,11330.324840886073,5851.414543189549,0.2,14118.714105753399,4051.046370443837,0.2,12388.225135183813,4917.182302243617,0.2,13451.418103679625,0.38461538461538464,0.15384615384615385,0.46153846153846156,NEUTRAL,0.38461538461538464,0.46153846153846156,NEUTRAL,551.654,629.99,1045.596,864.573,1,3,0,4,14,18,8,0.25,0.625,2.25,5.375,181.885,PICK,7,0.0,0.7142857142857143,3.7142857142857144,6.571428571428571,15,0.13333333333333333,0.6666666666666666,2.933333333333333,5.933333333333334,0,3,2,0,4,4,0,3,3,DRAGON,GRUBS_HERALD,TEAMFIGHT,PICK,SPLIT_1_3_1,NEUTRAL,FAST,SPLIT,YES,4,1,11,3,1,3,0
EUW1_7707852955,100,0,21.966666666666665,16.2.741.3171,420,8,54,4,6,0,0,1,1,0,0,0,0,0,0,0,8010,389,6,2,1683,1968,32,1301,2285,37,4548,4940,82,4,85,890.7587253414265,239.54476479514418,239.54476479514418,0.5918057663125948,0.36,120,107,6,11,0,0,0,1,0,1,0,0,0,0,0,8230,-349,44,0,-452,-304,-3,-1511,-1189,-14,-1787,-1719,-38,5,68,5,419.453717754173,0.0,119.90895295902884,0.6828528072837633,0.4,245,39,4,12,0,0,1,0,0,0,1,0,0,0,0,9923,-897,-380,-13,-1448,-1531,-31,-5409,-3347,-56,-8596,-4912,-85,4,62,487.6024279210926,0.0,11.927162367223065,0.22761760242792112,0.28,157,30,3,4,0,1,1,0,0,0,0,0,0,0,0,8008,56,144,-8,-1893,-89,-8,-2807,-1185,-17,-4956,-2046,-35,8,72,591.4871016691958,238.99848254931717,238.99848254931717,0.22761760242792112,0.48,60,89,4,14,0,0,1,0,0,0,0,0,1,0,0,8112,679,74,-5,492,-296,-3,1600,475,1,1843,-515,16,12,8,698.6949924127466,61.54779969650987,71.01669195751138,2.4127465857359636,0.64,5071.087629159656,0.0,14466.065187188946,5211.295642251661,0.2,14259.738602092257,3208.941050610946,0.6,9550.457842428288,2907.179864291408,0.6,12051.952912287701,0.15384615384615385,0.5384615384615384,0.3076923076923077,MID,0.15384615384615385,0.3076923076923077,BOTSIDE,,,1082.746,1032.993,0,0,0,0,16,9,10,0.0,0.6,3.8,5.6,111.71,SKIRMISH,6,0.16666666666666666,0.8333333333333334,3.6666666666666665,6.5,16,0.0625,0.6875,3.75,5.9375,0,1,1,0,0,3,0,0,1,NONE,NONE,TEAMFIGHT,NONE,STANDARD,MID,MID,MIXED,NO,0,0,1,0,1,0,0
EUW1_7707852955,200,1,21.966666666666665,16.2.741.3171,420,54,8,4,12,0,0,1,0,0,0,1,0,0,0,0,8229,-389,-6,-2,-1683,-1968,-32,-1301,-2285,-37,-4548,-4940,-82,2,53,474.9013657056146,27.587253414264037,51.62367223065251,1.0470409711684372,0.136,107,120,4,11,0,0,1,0,0,1,0,0,0,0,0,8010,349,-44,0,452,304,3,1511,1189,14,1787,1719,38,12,72,17,631.866464339909,249.10470409711687,1807.8755690440062,0.5462822458270107,0.364,39,245,4,14,0,0,1,0,0,0,0,0,1,0,0,8005,897,380,13,1448,1531,31,5409,3347,56,8596,4912,85,10,93,1901.3353566009107,1440.227617602428,2123.7177541729893,0.7283763277693476,0.5,30,157,4,12,0,0,1,0,0,0,1,0,0,0,0,8369,-56,-144,8,1893,89,8,2807,1185,17,4956,2046,35,14,80,1573.8846737481033,263.85432473444615,659.4081942336875,0.3641881638846738,0.545,89,60,3,4,0,1,1,0,0,0,0,0,0,0,0,8439,-679,-74,5,-492,296,3,-1600,-475,-1,-1843,515,-16,11,11,402.42792109256453,34.779969650986345,105.0227617602428,2.867981790591806,0.477,4423.506002460086,0.0,12094.17190220149,5260.9371122416,0.0,12055.721670642533,4256.989316832767,0.4,15013.716461955713,5683.351232032361,0.0,13459.447574101992,0.38461538461538464,0.38461538461538464,0.23076923076923078,NEUTRAL,0.38461538461538464,0.23076923076923078,TOPSIDE,615.885,689.267,,701.535,1,3,0,4,24,20,11,0.18181818181818182,0.5454545454545454,3.4545454545454546,5.2727272727272725,196.006,TEAMFIGHT,8,0.125,0.875,3.5,6.75,19,0.15789473684210525,0.6842105263157895,3.473684210526316,5.894736842105263,0,3,2,1,1,4,2,1,11,DRAGON,GRUBS_HERALD,TEAMFIGHT,TEAMFIGHT,SPLIT_1_3_1,BOT,FAST,SPLIT,YES,3,1,8,1,0,3,0
EUW1_7707690402,100,1,37.03333333333333,16.2.741.3171,420,904,75,4,12,0,0,1,0,0,0,1,0,0,0,0,8437,1006,545,14,1179,235,19,2199,1517,48,2373,1377,74,3,81,1334.5544554455446,571.4851485148515,975.8775877587759,0.6750675067506751,0.375,233,62,4,11,0,0,1,0,0,1,0,0,0,0,0,8005,-276,-385,-3,-28,283,6,-625,-129,2,-1419,-328,2,6,58,1,876.8586858685869,35.562556255625566,344.7164716471647,0.48604860486048607,0.583,800,910,4,6,0,0,1,1,0,0,0,0,0,0,0,8229,-621,-74,3,-952,-52,5,-1157,-113,3,-2973,-1883,-34,5,80,963.3483348334834,137.82178217821783,145.84158415841586,0.40504050405040504,0.521,145,110,4,21,0,0,1,0,0,0,0,0,0,1,0,8008,-536,415,1,-440,-199,1,-671,-409,-9,94,-821,-8,6,73,1500.6750675067508,296.43564356435644,685.6525652565257,0.5130513051305131,0.583,526,201,4,14,0,0,1,0,0,0,0,0,1,0,0,8439,-459,-63,1,-386,-734,-9,-620,-830,-9,-710,-1509,-13,5,11,447.6507650765077,70.15301530153016,130.61206120612061,3.5913591359135917,0.708,3754.109887103468,0.0,8538.17457071475,4220.4369524297945,0.4,13530.13178058514,5643.48385167247,0.0,14072.79680802647,1944.4184456725932,0.8,5809.914026902636,0.07692307692307693,0.46153846153846156,0.46153846153846156,NEUTRAL,0.07692307692307693,0.46153846153846156,BOTSIDE,1484.717,,,862.009,0,0,0,0,11,16,9,0.2222222222222222,0.4444444444444444,2.7777777777777777,4.777777777777778,157.219,TEAMFIGHT,9,0.3333333333333333,0.6666666666666666,3.888888888888889,6.444444444444445,18,0.2777777777777778,0.5555555555555556,3.3333333333333335,5.611111111111111,0,3,3,0,0,1,0,1,1,NONE,NONE,TEAMFIGHT,TEAMFIGHT,SPLIT_1_3_1,TOP,MID,SPLIT,NO,2,1,9,2,0,0,0
EUW1_7707690402,200,0,37.03333333333333,16.2.741.3171,420,75,904,4,6,0,0,1,1,0,0,0,0,0,0,0,8230,-1006,-545,-14,-1179,-235,-19,-2199,-1517,-48,-2373,-1377,-74,2,62,1082.997299729973,323.1953195319532,478.2448244824483,0.8910891089108911,0.426,62,233,4,11,0,0,1,0,0,1,0,0,0,0,0,8010,276,385,3,28,-283,-6,625,129,-2,1419,328,-2,13,54,11,894.3564356435644,89.70297029702971,1456.3366336633665,1.3231323132313233,0.556,910,800,4,12,0,0,1,0,0,0,1,0,0,0,0,8229,621,74,-3,952,52,-5,1157,113,-3,2973,1883,34,11,73,1851.2781278127813,353.8973897389739,578.3438343834383,0.5130513051305131,0.611,110,145,4,21,0,0,1,0,0,0,0,0,0,1,0,8229,536,-415,-1,440,199,-1,671,409,9,-94,821,8,11,72,1333.879387938794,209.62196219621964,365.1305130513052,0.7560756075607561,0.593,201,526,4,7,0,0,1,0,1,0,0,0,0,0,0,8465,459,63,-1,386,734,9,620,830,9,710,1509,13,14,20,384.92349234923495,4.644464446444645,4.644464446444645,3.2403240324032403,0.704,5377.207895094591,0.0,12975.941931127774,5992.595088548093,0.0,14360.726896644195,3731.751887940143,0.2,8940.92366593072,3223.493275662476,0.6,12182.08816254422,0.15384615384615385,0.46153846153846156,0.38461538461538464,NEUTRAL,0.15384615384615385,0.38461538461538464,BOTSIDE,421.057,523.594,983.358,1039.876,2,3,0,5,22,20,12,0.25,0.4166666666666667,2.5833333333333335,5.083333333333333,110.036,PICK,6,0.16666666666666666,0.8333333333333334,5.166666666666667,7.833333333333333,18,0.2222222222222222,0.5555555555555556,3.4444444444444446,6.0,0,2,1,0,3,2,0,2,2,DRAGON,GRUBS_HERALD,TEAMFIGHT,PICK,SPLIT_1_3_1,NEUTRAL,FAST,SPLIT,YES,4,1,8,2,1,3,0
EUW1_7707632332,100,0,26.066666666666666,16.2.741.3171,420,75,106,4,6,0,0,1,1,0,0,0,0,0,0,0,8230,-406,-217,-14,-1519,-980,-21,-2190,-826,-19,-2299,-1494,-28,3,54,587.6854219948849,435.460358056266,449.30946291560105,0.7672634271099744,0.4,121,11,4,11,0,0,1,0,0,1,0,0,0,0,0,8369,55,-14,0,33,-179,-3,51,-456,-7,1277,-333,-4,3,72,0,665.5242966751919,30.997442455242968,30.997442455242968,0.8056265984654731,0.6,163,8,4,6,0,0,1,1,0,0,0,0,0,0,0,8230,-78,-102,-3,-471,-726,-3,621,544,-8,-478,-533,-27,6,84,1086.0997442455243,13.005115089514067,98.36317135549872,0.6521739130434783,0.733,498,145,1,4,1,0,1,0,0,0,0,0,0,0,0,8010,73,80,2,-763,268,7,-2059,-1032,-9,-2234,-646,14,1,93,499.52685421994886,49.987212276214834,49.987212276214834,0.6138107416879796,0.267,267,412,4,7,0,0,1,0,1,0,0,0,0,0,0,8214,-35,-88,-3,-461,-469,-9,-923,-530,-11,-1288,84,-9,2,14,161.6240409207161,0.0,0.0,1.5728900255754477,0.467,5609.834200663479,0.0,13858.23383407857,5090.209878450105,0.0,13914.310403322186,4268.794342989508,0.2,12353.863080024807,2517.8301433689935,0.4,9388.173890592356,0.3076923076923077,0.46153846153846156,0.23076923076923078,MID,0.3076923076923077,0.23076923076923078,NEUTRAL,,,,1021.1,0,0,0,0,6,9,5,0.6,0.2,2.0,4.2,442.286,SKIRMISH,8,0.375,0.5,2.875,6.125,13,0.46153846153846156,0.38461538461538464,2.5384615384615383,5.384615384615385,0,1,0,0,0,1,0,1,0,NONE,NONE,MIXED,NONE,SPLIT_1_3_1,NEUTRAL,SLOW,SPLIT,NO,0,0,2,0,0,0,0
EUW1_7707632332,200,1,26.066666666666666,16.2.741.3171,420,106,75,4,12,0,0,1,0,0,0,1,0,0,0,0,8005,406,217,14,1519,980,21,2190,826,19,2299,1494,28,4,75,1172.455242966752,385.20460358056266,444.4373401534527,0.9207161125319693,0.483,11,121,11,14,0,0,0,0,0,1,0,0,1,0,0,9923,-55,14,0,-33,179,3,-51,456,7,-1277,333,4,5,78,1,393.0690537084399,91.87979539641944,2155.2813299232735,1.1125319693094629,0.276,8,163,4,6,0,0,1,1,0,0,0,0,0,0,0,8230,78,102,3,471,726,3,-621,-544,8,478,533,27,2,87,830.9079283887468,481.64961636828644,481.64961636828644,0.46035805626598464,0.241,145,498,4,21,0,0,1,0,0,0,0,0,0,1,0,8008,-73,-80,-2,763,-268,-7,2059,1032,9,2234,646,-14,6,86,1028.6317135549873,467.7237851662404,857.6854219948849,0.49872122762148335,0.552,412,267,4,14,0,0,1,0,0,0,0,0,1,0,0,8439,35,88,3,461,469,9,923,530,11,1288,-84,9,7,23,295.54987212276217,45.65217391304348,122.57033248081842,3.184143222506394,0.586,5193.729193899946,0.0,15182.419602948668,5582.370755891692,0.2,15255.060701288607,6256.0486896659,0.2,13995.342260909521,3198.485025767935,0.2,9426.95677299944,0.46153846153846156,0.07692307692307693,0.46153846153846156,NEUTRAL,0.46153846153846156,0.46153846153846156,NEUTRAL,343.914,549.27,948.645,772.161,2,3,0,5,11,15,6,0.16666666666666666,0.3333333333333333,2.3333333333333335,4.833333333333333,337.054,SKIRMISH,5,0.2,0.8,4.0,7.4,11,0.18181818181818182,0.5454545454545454,3.090909090909091,6.0,1,1,5,0,2,2,0,2,2,DRAGON,GRUBS_HERALD,TEAMFIGHT,NONE,SPLIT_1_3_1,TOP,FAST,SPLIT,YES,4,1,9,1,1,3,0
EUW1_7706913996,100,1,23.983333333333334,16.2.741.3171,420,150,164,4,12,0,0,1,0,0,0,1,0,0,0,0,8021,-434,-267,2,-1141,-460,-3,-475,-95,5,-507,1112,27,1,69,828.2418346073662,185.33703961084086,289.53439888811675,0.7922168172341904,0.25,131,59,4,11,0,0,1,0,0,1,0,0,0,0,0,8010,-211,18,6,578,423,15,1485,1208,27,1709,1478,40,6,90,5,659.5413481584434,528.7421820708826,2123.8082001389853,0.8756080611535788,0.393,238,31,4,14,0,0,1,0,0,0,0,0,1,0,0,8010,-139,-290,-8,-93,14,-6,-883,-1268,-24,95,-1093,-22,5,82,956.2473940236275,239.58304378040305,306.79638637943015,0.9589993050729673,0.571,145,804,4,21,0,0,1,0,0,0,0,0,0,1,0,8008,14,-23,-2,402,182,4,513,954,23,1856,1982,29,6,94,1120.1111883252258,457.85962473940236,1037.8040305767895,0.7505211952744961,0.643,37,267,4,7,0,0,1,0,1,0,0,0,0,0,0,8214,-30,80,-1,242,410,-6,459,760,-10,818,1442,-10,7,11,474.0792216817234,123.37734537873523,216.0250173731758,3.3356497567755383,0.857,5035.458175888945,0.0,15304.939235423315,4507.687403469202,0.4,14647.175051865803,4864.942834167358,0.0,12727.17447039994,3229.698357181041,0.6,11212.069211345424,0.23076923076923078,0.3076923076923077,0.46153846153846156,BOT,0.23076923076923078,0.46153846153846156,BOTSIDE,346.193,,1063.943,905.543,2,0,0,2,8,20,4,0.25,0.75,2.75,6.5,373.853,PICK,6,0.16666666666666666,0.6666666666666666,4.333333333333333,7.5,10,0.2,0.7,3.7,7.1,0,2,3,0,5,0,0,1,2,DRAGON,DRAGONS,TEAMFIGHT,PICK,STANDARD,NEUTRAL,FAST,SPLIT,YES,4,1,8,1,1,0,0
EUW1_7706913996,200,0,23.983333333333334,16.2.741.3171,420,164,150,12,14,0,0,0,0,0,0,1,0,1,0,0,8010,434,267,-2,1141,460,3,475,95,-5,507,-1112,-27,3,72,527.9499652536483,71.25781792911744,71.25781792911744,0.5003474635163307,0.385,59,131,4,11,0,0,1,0,0,1,0,0,0,0,0,8010,211,-18,-6,-578,-423,-15,-1485,-1208,-27,-1709,-1478,-40,5,76,0,415.5385684503127,0.0,304.3363446838082,0.8339124391938846,0.692,31,238,4,12,0,0,1,0,0,0,1,0,0,0,0,9923,139,290,8,93,-14,6,883,1268,24,-95,1093,22,1,86,648.3669214732453,360.95899930507295,435.5524669909659,0.8756080611535788,0.462,804,145,4,21,0,0,1,0,0,0,0,0,0,1,0,8005,-14,23,2,-402,-182,-4,-513,-954,-23,-1856,-1982,-29,2,90,684.9756775538568,275.77484364141765,275.77484364141765,0.6671299513551077,0.308,267,37,4,7,0,0,1,0,1,0,0,0,0,0,0,8214,30,-80,1,-242,-410,6,-459,-760,10,-818,-1442,10,2,17,262.59902710215425,0.0,0.0,2.585128561501042,0.538,5042.244508272512,0.2,14924.047775318866,4879.978201099363,0.2,14313.278101119953,4755.7137886880755,0.0,14433.403617996692,2718.1048878908414,0.6,9368.330160706335,0.46153846153846156,0.3076923076923077,0.23076923076923078,TOP,0.46153846153846156,0.23076923076923078,TOPSIDE,,496.963,,695.128,0,3,0,3,6,7,5,0.2,0.6,2.6,6.0,229.82,SKIRMISH,4,0.25,0.75,5.0,8.0,9,0.2222222222222222,0.6666666666666666,3.6666666666666665,6.888888888888889,0,1,1,1,0,5,0,0,1,GRUBS,GRUBS_HERALD,TEAMFIGHT,NONE,SPLIT_1_3_1,MID,FAST,SPLIT,YES,0,0,2,0,0,3,0
EUW1_7706819377,100,1,15.3,16.2.741.3171,420,75,39,4,6,0,0,1,1,0,0,0,0,0,0,0,8230,-87,93,-8,284,348,-11,2951,3038,28,3160,3282,32,5,83,497.9084967320261,730.6535947712418,730.6535947712418,0.7843137254901961,0.333,106,104,4,11,0,0,1,0,0,1,0,0,0,0,0,8008,-668,117,3,-464,359,4,127,719,-8,386,967,-5,9,73,8,375.6862745098039,22.941176470588236,596.9934640522875,0.7189542483660131,0.6,142,3,4,14,0,0,1,0,0,0,0,0,1,0,0,8214,-183,-479,-6,1074,-142,-8,1241,146,-4,1415,407,-1,6,68,578.6274509803922,119.67320261437908,119.67320261437908,0.7843137254901961,0.4,51,110,1,4,1,0,1,0,0,0,0,0,0,0,0,8369,-512,-56,-3,448,516,0,1048,360,7,1261,522,12,7,79,582.8104575163399,270.8496732026144,270.8496732026144,0.7843137254901961,0.467,555,412,4,14,0,0,1,0,0,0,0,0,1,0,0,9923,-403,-63,0,-526,-335,-1,-124,126,0,-9,305,0,3,13,164.77124183006535,132.09150326797385,132.09150326797385,1.4379084967320261,0.2,4946.401905763017,0.2,14638.661448370201,4829.086325243677,0.0,11553.003505582432,4723.992367988365,0.2,11285.711364375751,3831.1521778056426,0.0,9246.775275738022,0.38461538461538464,0.3076923076923077,0.3076923076923077,NEUTRAL,0.38461538461538464,0.3076923076923077,NEUTRAL,,500.559,,827.997,0,3,0,3,12,3,5,0.2,0.8,3.4,6.4,364.656,TEAMFIGHT,1,0.0,1.0,3.0,7.0,6,0.16666666666666666,0.8333333333333334,3.3333333333333335,6.5,1,1,4,0,0,1,0,1,1,GRUBS,GRUBS_HERALD,TEAMFIGHT,TEAMFIGHT,SPLIT_1_3_1,TOP,FAST,SPLIT,YES,0,0,3,0,0,3,0
EUW1_7706819377,200,0,15.3,16.2.741.3171,420,39,75,4,14,0,0,1,0,0,0,0,0,1,0,0,8010,87,-93,8,-284,-348,11,-2951,-3038,-28,-3160,-3282,-32,0,94,384.83660130718954,0.0,0.0,0.7189542483660131,0.0,104,106,4,11,0,0,1,0,0,1,0,0,0,0,0,8128,668,-117,-3,464,-359,-4,-127,-719,8,-386,-967,5,6,68,6,232.02614379084966,0.0,461.437908496732,0.9150326797385621,0.75,3,142,4,12,0,0,1,0,0,0,1,0,0,0,0,8230,183,479,6,-1074,142,8,-1241,-146,4,-1415,-407,1,5,76,209.5424836601307,111.96078431372548,120.3921568627451,0.6535947712418301,0.625,110,51,4,21,0,0,1,0,0,0,0,0,0,1,0,8229,512,56,3,-448,-516,0,-1048,-360,-7,-1261,-522,-12,8,79,633.5294117647059,102.02614379084967,102.02614379084967,0.39215686274509803,1.0,412,555,3,4,0,1,1,0,0,0,0,0,0,0,0,8439,403,63,0,526,335,1,124,-126,0,9,-305,0,5,14,154.1830065359477,0.0,0.0,1.8300653594771241,0.625,4675.713121913684,0.2,14028.018035346264,5152.1033734279645,0.2,14231.127854109105,5151.35371004365,0.0,12932.72206459259,3455.527653090866,0.0,7357.173506177492,0.15384615384615385,0.38461538461538464,0.46153846153846156,NEUTRAL,0.15384615384615385,0.46153846153846156,BOTSIDE,682.045,,,,1,0,0,1,8,0,6,0.0,0.8333333333333334,3.1666666666666665,6.833333333333333,195.963,TEAMFIGHT,0,0.0,0.0,0.0,0.0,6,0.0,0.8333333333333334,3.1666666666666665,6.833333333333333,0,0,0,0,0,1,0,0,2,DRAGON,DRAGONS,TEAMFIGHT,TEAMFIGHT,STANDARD,NEUTRAL,MID,SPLIT,NO,1,0,0,0,0,0,0
EUW1_7706783786,100,1,33.55,16.2.741.3171,420,897,67,3,4,0,1,1,0,0,0,0,0,0,0,0,8439,-417,0,-14,-158,81,-17,-2586,-1614,-34,-2521,-1053,-20,2,70,384.5603576751118,98.80774962742177,128.5543964232489,0.8941877794336811,0.447,163,77,4,11,0,0,1,0,0,1,0,0,0,0,0,8369,672,-266,-13,929,-77,-9,1068,467,9,2644,722,11,8,64,15,1234.4560357675114,120.77496274217587,1148.9716840536514,1.4008941877794339,0.617,39,157,4,14,0,0,1,0,0,0,0,0,1,0,0,9923,425,301,-3,325,731,9,957,447,7,1388,164,-7,6,79,1012.995529061103,686.4381520119225,686.4381520119225,1.1326378539493294,0.426,901,145,4,21,0,0,1,0,0,0,0,0,0,1,0,8021,101,229,-1,-726,-523,-10,-396,-347,-14,-487,392,-12,7,67,1726.974664679583,200.65573770491804,542.5335320417288,0.5663189269746647,0.617,26,555,3,4,0,1,1,0,0,0,0,0,0,0,0,8465,254,-240,0,-1419,-732,1,-2025,-1031,-3,-2656,-439,-8,8,16,136.5424739195231,26.497764530551418,31.654247391952314,2.7123695976154996,0.638,4845.229843375786,0.0,14164.298782502436,4386.983533596685,0.4,14533.61193922557,3785.3330275679664,0.2,8870.012063125958,1785.3640727825823,0.8,5167.7579277671275,0.07692307692307693,0.46153846153846156,0.46153846153846156,NEUTRAL,0.07692307692307693,0.46153846153846156,BOTSIDE,555.945,,,870.064,1,0,0,1,17,16,8,0.125,0.75,3.625,6.0,181.74,TEAMFIGHT,5,0.2,0.8,5.4,8.2,13,0.15384615384615385,0.7692307692307693,4.3076923076923075,6.846153846153846,0,1,0,0,1,3,0,2,2,DRAGON,DRAGONS,TEAMFIGHT,TEAMFIGHT,SPLIT_1_3_1,NEUTRAL,MID,SPLIT,NO,4,1,9,1,0,0,0
EUW1_7706783786,200,0,33.55,16.2.741.3171,420,67,897,4,6,0,0,1,1,0,0,0,0,0,0,0,8008,417,0,14,158,-81,17,2586,1614,34,2521,1053,20,5,87,1261.0730253353206,312.9657228017884,349.3591654247392,0.7153502235469449,0.31,77,163,4,11,0,0,1,0,0,1,0,0,0,0,0,8010,-672,266,13,-929,77,9,-1068,-467,-9,-2644,-722,-11,10,78,14,917.8837555886737,3.01043219076006,575.618479880775,0.5365126676602087,0.524,157,39,4,14,0,0,1,0,0,0,0,0,1,0,0,8008,-425,-301,3,-325,-731,-9,-957,-447,-7,-1388,-164,7,5,70,778.6587183308495,137.46646795827124,325.0074515648286,0.5663189269746647,0.333,145,901,4,21,0,0,1,0,0,0,0,0,0,1,0,8008,-101,-229,1,726,523,10,396,347,14,487,-392,12,8,77,1269.1803278688526,236.6318926974665,314.0387481371088,0.9836065573770493,0.405,555,26,4,14,0,0,1,0,0,0,0,0,1,0,0,9923,-254,240,0,1419,732,-1,2025,1031,3,2656,439,8,11,15,570.4023845007453,96.87034277198212,112.51862891207155,4.083457526080477,0.452,4428.579948573681,0.0,11805.687654685771,5051.510282048279,0.0,14251.200826597033,3442.1031527625214,0.2,8661.657347182467,3316.538680319759,0.4,10943.021383511961,0.3076923076923077,0.46153846153846156,0.23076923076923078,MID,0.3076923076923077,0.23076923076923078,NEUTRAL,1187.965,505.459,,822.671,0,3,0,3,18,14,10,0.2,0.5,3.0,5.5,80.289,PICK,6,0.16666666666666666,0.8333333333333334,4.833333333333333,7.666666666666667,16,0.1875,0.625,3.6875,6.3125,1,0,2,0,2,0,0,1,3,GRUBS,GRUBS_HERALD,TEAMFIGHT,PICK,STANDARD,NEUTRAL,FAST,SPLIT,YES,1,0,4,0,0,3,0
EUW1_7706537659,100,1,29.316666666666666,16.2.741.3171,420,75,110,4,6,0,0,1,1,0,0,0,0,0,0,0,8021,-590,-386,-18,-1631,-1101,-36,-1484,-282,-25,62,1497,-7,3,50,746.6060261512223,611.4951677089256,892.802728823195,1.0574189880613984,0.487,121,131,4,11,0,0,1,0,0,1,0,0,0,0,0,8128,401,-109,-5,261,-1054,-18,179,-979,-21,417,-844,-12,5,63,3,922.6833428084138,67.33371233655487,471.335986355884,0.9891984081864696,0.487,103,246,4,14,0,0,1,0,0,0,0,0,1,0,0,8112,-121,60,8,-470,-339,2,-1195,-1195,0,-962,-642,5,1,83,769.2211483797612,95.74758385446276,128.86867538374077,1.2961910176236497,0.333,99,81,4,12,0,0,1,0,0,0,1,0,0,0,0,8369,-11,-59,0,1239,477,16,1721,-113,17,3706,-192,-8,7,95,1797.8169414440024,433.81466742467313,436.64582148948267,0.579874928936896,0.744,267,43,3,4,0,1,1,0,0,0,0,0,0,0,0,8214,-540,-175,-1,7,503,-2,452,888,-3,1143,2312,-4,7,13,436.20238772029563,149.06196702671974,180.71631608868677,3.445139283683911,0.692,4766.459109409213,0.4,14496.538103975032,4947.783309844631,0.2,12221.53541908708,3258.786703036535,0.6,14425.691144621112,856.6229746554469,1.0,2947.441263197623,0.3076923076923077,0.3076923076923077,0.38461538461538464,NEUTRAL,0.3076923076923077,0.38461538461538464,NEUTRAL,1087.504,,,694.135,0,0,0,0,11,13,7,0.14285714285714285,0.42857142857142855,2.857142857142857,5.285714285714286,172.949,TEAMFIGHT,7,0.0,1.0,3.0,7.571428571428571,14,0.07142857142857142,0.7142857142857143,2.9285714285714284,6.428571428571429,0,2,3,0,1,2,1,1,3,NONE,NONE,TEAMFIGHT,TEAMFIGHT,STANDARD,NEUTRAL,FAST,MIXED,YES,2,0,9,1,0,0,0
EUW1_7706537659,200,0,29.316666666666666,16.2.741.3171,420,110,75,4,21,0,0,1,0,0,0,0,0,0,1,0,8005,590,386,18,1631,1101,36,1484,282,25,-62,-1497,7,3,86,1207.8112563956793,255.96361569073338,320.77316657191585,0.511654349061967,0.429,131,121,4,11,0,0,1,0,0,1,0,0,0,0,0,8010,-401,109,5,-261,1054,18,-179,979,21,-417,844,12,5,82,5,718.6355884025014,103.83172256964184,1369.425810119386,1.2279704377487208,0.357,246,103,4,14,0,0,1,0,0,0,0,0,1,0,0,8010,121,-60,-8,470,339,-2,1195,1195,0,962,642,-5,4,77,1090.7106310403638,307.6065946560546,320.636725412166,0.7504263786242183,0.357,81,99,1,4,1,0,1,0,0,0,0,0,0,0,0,8005,11,59,0,-1239,-477,-16,-1721,113,-17,-3706,192,8,5,79,979.7157475838545,196.23649801023308,242.865264354747,0.5457646389994315,0.429,43,267,4,7,0,0,1,0,1,0,0,0,0,0,0,8214,540,175,1,-7,-503,2,-452,-888,3,-1143,-2312,4,3,15,397.48720864127347,10.812961910176236,36.08868675383741,2.831154064809551,0.357,5493.760917101918,0.2,14450.966645868366,4194.5395643879465,0.2,11986.728828166591,3480.4020210261806,0.4,11934.648884655133,1504.8472382953698,0.8,4777.362033591342,0.38461538461538464,0.38461538461538464,0.23076923076923078,NEUTRAL,0.38461538461538464,0.23076923076923078,TOPSIDE,413.552,497.604,917.567,680.624,2,3,0,5,12,12,7,0.42857142857142855,0.2857142857142857,2.4285714285714284,4.571428571428571,172.949,TEAMFIGHT,8,0.25,0.625,2.375,5.625,15,0.3333333333333333,0.4666666666666667,2.4,5.133333333333334,1,0,3,0,1,3,0,1,0,DRAGON,GRUBS_HERALD,TEAMFIGHT,TEAMFIGHT,STANDARD,NEUTRAL,FAST,SPLIT,YES,2,0,3,0,1,3,0
EUW1_7706515771,100,1,23.75,16.2.741.3171,420,27,110,4,6,0,0,1,1,0,0,0,0,0,0,0,8360,52,372,-6,865,1282,8,1883,2938,15,-36,1107,-2,10,67,734.7789473684211,206.77894736842106,206.77894736842106,0.8421052631578947,0.558,233,80,4,11,0,0,1,0,0,1,0,0,0,0,0,8005,892,245,5,1709,543,14,2542,1383,25,4248,2796,43,11,64,21,961.4736842105264,15.031578947368422,2177.136842105263,0.29473684210526313,0.488,61,7,4,12,0,0,1,0,0,0,1,0,0,0,0,8230,-180,-183,3,-102,-171,7,-453,-881,-6,-1960,-989,-21,4,83,660.7157894736843,235.78947368421052,437.22105263157897,0.7578947368421053,0.419,202,42,1,4,1,0,1,0,0,0,0,0,0,0,0,8021,1016,479,13,1160,501,21,3945,1322,35,4900,2536,45,11,86,1272.7578947368422,465.4736842105263,465.4736842105263,0.5894736842105263,0.558,44,89,3,4,0,1,1,0,0,0,0,0,0,0,0,8465,941,433,2,1012,708,4,1180,911,7,1561,667,14,11,11,373.85263157894735,127.53684210526316,268.58947368421053,2.610526315789474,0.581,3087.213749793692,0.0,7847.343308406992,3829.2816753098587,0.4,13769.69080989112,4132.433206778124,0.0,9078.534242927104,2350.9164178752276,0.6,7021.289482708999,0.46153846153846156,0.23076923076923078,0.3076923076923077,TOP,0.46153846153846156,0.3076923076923077,TOPSIDE,329.344,547.4,1025.483,689.959,2,3,0,5,22,21,10,0.2,0.6,2.8,6.0,112.98,SKIRMISH,7,0.0,1.0,4.857142857142857,8.142857142857142,17,0.11764705882352941,0.7647058823529411,3.6470588235294117,6.882352941176471,0,0,0,1,3,3,1,1,2,DRAGON,GRUBS_HERALD,TEAMFIGHT,NONE,STANDARD,NEUTRAL,FAST,SPLIT,YES,3,1,8,1,1,3,0
EUW1_7706515771,200,0,23.75,16.2.741.3171,420,110,27,4,21,0,0,1,0,0,0,0,0,0,1,0,8005,-52,-372,6,-865,-1282,-8,-1883,-2938,-15,36,-1107,2,2,59,1061.7263157894736,281.09473684210525,448.29473684210524,0.7157894736842105,0.474,80,233,4,11,0,0,1,0,0,1,0,0,0,0,0,8010,-892,-245,-5,-1709,-543,-14,-2542,-1383,-25,-4248,-2796,-43,3,49,6,508.12631578947367,0.0,9.894736842105264,0.42105263157894735,0.421,7,61,4,14,0,0,1,0,0,0,0,0,1,0,0,8112,180,183,-3,102,171,-7,453,881,6,1960,989,21,4,76,593.8526315789474,379.7894736842105,379.7894736842105,0.3368421052631579,0.579,42,202,4,21,0,0,1,0,0,0,0,0,0,1,0,8010,-1016,-479,-13,-1160,-501,-21,-3945,-1322,-35,-4900,-2536,-45,1,65,961.7684210526315,0.0,215.9157894736842,0.37894736842105264,0.421,89,44,4,14,0,0,1,0,0,0,0,0,1,0,0,8439,-941,-433,-2,-1012,-708,-4,-1180,-911,-7,-1561,-667,-14,2,7,384.37894736842105,0.0,0.4631578947368421,1.936842105263158,0.526,3041.111222400501,0.4,11597.532237506392,4103.399867511604,0.4,12674.90453612965,3577.733009840513,0.2,10377.73621749946,2572.195105085264,0.6,7167.386134428646,0.23076923076923078,0.5384615384615384,0.23076923076923078,MID,0.23076923076923078,0.23076923076923078,NEUTRAL,1366.695,,,1075.913,0,0,0,0,6,13,5,0.0,1.0,3.8,7.8,174.005,TEAMFIGHT,7,0.0,1.0,4.857142857142857,8.142857142857142,12,0.0,1.0,4.416666666666667,8.0,0,1,1,0,0,1,0,1,2,NONE,NONE,TEAMFIGHT,TEAMFIGHT,SPLIT_1_3_1,NEUTRAL,SLOW,SPLIT,NO,1,0,2,0,0,0,0
EUW1_7706482314,100,0,27.266666666666666,16.2.741.3171,420,14,106,12,14,0,0,0,0,0,0,1,0,1,0,0,8437,-67,-5,-6,205,504,-3,686,642,-3,1230,2075,13,2,75,922.2249388753056,151.17359413202934,151.17359413202934,0.7334963325183375,0.619,950,799,4,11,0,0,1,0,0,1,0,0,0,0,0,8010,-566,-340,-8,-648,-523,-18,-1920,-2209,-32,-3076,-4598,-71,4,60,0,638.1784841075795,0.0,0.0,0.36674816625916873,0.476,38,777,4,21,0,0,1,0,0,0,0,0,0,1,0,8112,-635,-598,-19,-1094,-446,-18,-2543,-2052,-40,-2583,-1269,-20,3,69,846.4180929095355,325.158924205379,350.5745721271394,0.9902200488997556,0.524,147,18,4,6,0,0,1,1,0,0,0,0,0,0,0,8214,47,-129,-9,7,-172,-10,-767,-148,-4,-1382,-228,-8,1,83,556.8704156479217,101.11246943765282,101.11246943765282,0.6601466992665037,0.381,267,518,4,7,0,0,1,0,1,0,0,0,0,0,0,8214,130,-67,2,-48,-10,-6,-818,-914,-16,-1385,-332,-17,3,11,377.5672371638142,0.0,0.0,1.8337408312958436,0.571,5178.9591250823405,0.2,14543.413663923611,5227.864685523586,0.2,13806.98641992524,2800.0898300397544,0.6,12089.195175858482,4012.458784839041,0.2,12495.76008092345,0.3076923076923077,0.5384615384615384,0.15384615384615385,MID,0.3076923076923077,0.15384615384615385,TOPSIDE,,,,1092.351,0,0,0,0,6,12,5,0.2,0.4,2.8,4.6,221.876,SKIRMISH,7,0.14285714285714285,0.7142857142857143,3.7142857142857144,6.857142857142857,12,0.16666666666666666,0.5833333333333334,3.3333333333333335,5.916666666666667,0,1,2,0,0,0,0,1,1,NONE,NONE,TEAMFIGHT,NONE,STANDARD,NEUTRAL,SLOW,MIXED,NO,0,0,2,0,0,0,0
EUW1_7706482314,200,1,27.266666666666666,16.2.741.3171,420,106,14,4,6,0,0,1,1,0,0,0,0,0,0,0,8008,67,5,6,-205,-504,3,-686,-642,3,-1230,-2075,-13,1,76,844.9877750611247,116.44254278728607,150.14669926650367,0.9902200488997556,0.222,799,950,4,11,0,0,1,0,0,1,0,0,0,0,0,8010,566,340,8,648,523,18,1920,2209,32,3076,4598,71,7,76,10,1259.4865525672371,494.119804400978,2435.4645476772616,1.2102689486552567,0.611,777,38,4,14,0,0,1,0,0,0,0,0,1,0,0,8008,635,598,19,1094,446,18,2543,2052,40,2583,1269,20,8,87,1408.2396088019561,355.9290953545232,355.9290953545232,0.293398533007335,0.556,18,147,4,21,0,0,1,0,0,0,0,0,0,1,0,8008,-47,129,9,-7,172,10,767,148,4,1382,228,8,1,93,1214.8533007334963,425.97799511002444,699.4621026894865,0.6601466992665037,0.417,518,267,4,7,0,0,1,0,1,0,0,0,0,0,0,8229,-130,67,-2,48,10,6,818,914,16,1385,332,17,4,17,638.5819070904646,261.41809290953546,508.8630806845966,2.640586797066015,0.417,4577.664433697193,0.2,14019.465610357622,5788.171301916179,0.0,13753.081472891812,3237.29174143171,0.6,12308.64679808467,3957.7086237393632,0.2,12738.688825777948,0.3076923076923077,0.46153846153846156,0.23076923076923078,MID,0.3076923076923077,0.23076923076923078,NEUTRAL,353.483,497.983,921.087,788.534,2,3,0,5,12,19,7,0.2857142857142857,0.2857142857142857,2.5714285714285716,4.571428571428571,221.876,SKIRMISH,7,0.0,0.8571428571428571,4.142857142857143,7.714285714285714,14,0.14285714285714285,0.5714285714285714,3.357142857142857,6.142857142857143,0,3,1,1,2,2,1,2,3,DRAGON,GRUBS_HERALD,TEAMFIGHT,NONE,STANDARD,NEUTRAL,FAST,MIXED,YES,4,1,11,3,1,3,0
EUW1_7706449274,100,1,24.266666666666666,16.2.741.3171,420,150,76,4,12,0,0,1,0,0,0,1,0,0,0,0,8021,-263,-348,1,168,228,8,-128,734,25,1156,1563,34,1,82,577.4175824175825,496.19505494505495,496.19505494505495,0.8653846153846154,0.368,9,28,4,11,0,0,1,0,0,1,0,0,0,0,0,8369,-30,-1,1,702,189,5,756,794,13,3003,1837,37,6,62,18,479.010989010989,210.74175824175825,1166.826923076923,1.7307692307692308,0.526,777,39,3,4,0,1,1,0,0,0,0,0,0,0,0,8008,144,198,-9,-1199,-689,-35,-803,346,-27,-474,1201,-22,4,66,634.945054945055,150.8653846153846,330.989010989011,0.576923076923077,0.316,119,523,4,21,0,0,1,0,0,0,0,0,0,1,0,8008,388,-137,5,1346,473,16,3475,454,16,5548,1485,24,6,77,695.4807692307693,597.8983516483516,1348.1456043956046,0.7005494505494506,0.526,412,37,4,14,0,0,1,0,0,0,0,0,1,0,0,8465,92,-99,-1,431,-648,-10,157,-505,-8,792,173,-7,6,6,218.5302197802198,136.0302197802198,163.6401098901099,2.39010989010989,0.526,4243.229266063566,0.2,12609.815383263945,3903.3337060855047,0.4,14238.857994937656,4059.884149675526,0.2,12586.155648171525,3958.626095527263,0.2,12474.336054476005,0.07692307692307693,0.5384615384615384,0.38461538461538464,MID,0.07692307692307693,0.38461538461538464,BOTSIDE,1254.518,542.648,1095.251,792.43,0,1,0,1,9,10,6,0.16666666666666666,0.5,2.6666666666666665,6.333333333333333,183.41,TEAMFIGHT,8,0.5,0.5,1.875,4.625,14,0.35714285714285715,0.5,2.2142857142857144,5.357142857142857,0,2,2,0,5,1,1,2,2,GRUBS,GRUBS_HERALD,TEAMFIGHT,TEAMFIGHT,STANDARD,NEUTRAL,MID,SPLIT,YES,1,1,10,2,1,1,0
EUW1_7706449274,200,0,24.266666666666666,16.2.741.3171,420,76,150,4,14,0,0,1,0,0,0,0,0,1,0,0,8214,263,348,-1,-168,-228,-8,128,-734,-25,-1156,-1563,-34,3,74,524.2582417582418,644.2582417582418,644.2582417582418,0.576923076923077,0.25,28,9,4,11,0,0,1,0,0,1,0,0,0,0,0,8112,30,1,-1,-702,-189,-5,-756,-794,-13,-3003,-1837,-37,4,63,0,498.04945054945057,0.0,450.7005494505495,0.989010989010989,0.5,39,777,4,14,0,0,1,0,0,0,0,0,1,0,0,8005,-144,-198,9,1199,689,35,803,-346,27,474,-1201,22,4,101,676.4835164835165,541.5247252747253,541.5247252747253,0.24725274725274726,0.417,523,119,1,4,1,0,1,0,0,0,0,0,0,0,0,8005,-388,137,-5,-1346,-473,-16,-3475,-454,-16,-5548,-1485,-24,1,61,337.25274725274727,95.39835164835165,95.39835164835165,0.9065934065934066,0.083,37,412,4,7,0,0,1,0,1,0,0,0,0,0,0,8214,-92,99,1,-431,648,10,-157,505,8,-792,-173,7,4,16,273.4203296703297,5.81043956043956,27.15659340659341,1.8956043956043958,0.417,4557.5774500945645,0.2,13992.926248644348,3682.8418822426734,0.6,14456.715567513944,3647.569987857143,0.2,9715.050694669586,3421.624518127491,0.4,10782.41276338464,0.38461538461538464,0.3076923076923077,0.3076923076923077,NEUTRAL,0.38461538461538464,0.3076923076923077,NEUTRAL,909.234,516.622,,1317.903,0,2,0,2,7,5,5,0.0,0.6,3.0,7.0,183.41,TEAMFIGHT,4,0.0,1.0,2.75,6.0,9,0.0,0.7777777777777778,2.888888888888889,6.555555555555555,0,2,0,0,1,3,0,2,1,GRUBS,GRUBS_HERALD,TEAMFIGHT,TEAMFIGHT,SPLIT_1_3_1,MID,MID,SPLIT,YES,1,0,5,0,0,2,0
EUW1_7706400826,100,1,30.25,16.2.741.3171,420,110,24,4,21,0,0,1,0,0,0,0,0,0,1,0,8005,-118,-142,9,786,247,16,1726,963,37,1193,-376,19,4,81,693.7851239669421,387.60330578512395,621.9173553719008,0.9586776859504132,0.407,143,234,4,11,0,0,1,0,0,1,0,0,0,0,0,8112,-323,4,5,-602,313,5,727,1170,17,1013,2412,45,7,73,31,774.7438016528926,56.69421487603306,752.297520661157,1.5867768595041323,0.593,4,910,4,12,0,0,1,0,0,0,1,0,0,0,0,8360,320,159,2,770,-213,-3,1393,570,10,2136,1722,27,4,77,806.9090909090909,554.9752066115702,554.9752066115702,1.1239669421487604,0.593,119,51,4,21,0,0,1,0,0,0,0,0,0,1,0,8008,220,248,11,1536,424,25,2114,1079,19,2199,940,8,2,85,685.1570247933885,273.6528925619835,647.7685950413223,0.6611570247933884,0.37,412,526,4,14,0,0,1,0,0,0,0,0,1,0,0,8465,3,-168,-2,112,473,-5,853,512,-6,674,416,-3,5,11,342.8429752066116,18.545454545454547,18.545454545454547,3.5371900826446283,0.667,4171.789178466217,0.4,14693.516563437088,4806.084652578682,0.2,13514.137671342556,5640.299860090198,0.0,12864.17976398029,4826.609152200591,0.0,11477.279686406533,0.15384615384615385,0.5384615384615384,0.3076923076923077,MID,0.15384615384615385,0.3076923076923077,BOTSIDE,1002.957,591.009,,794.601,0,2,0,2,6,12,4,0.25,0.75,2.0,5.0,403.914,TEAMFIGHT,6,0.3333333333333333,0.3333333333333333,2.5,5.5,10,0.3,0.5,2.3,5.3,1,0,5,0,2,2,0,2,2,GRUBS,GRUBS_HERALD,TEAMFIGHT,TEAMFIGHT,STANDARD,TOP,MID,SPLIT,YES,2,1,10,2,0,2,0
EUW1_7706400826,200,0,30.25,16.2.741.3171,420,24,110,4,14,0,0,1,0,0,0,0,0,1,0,0,8010,118,142,-9,-786,-247,-16,-1726,-963,-37,-1193,376,-19,3,65,383.27272727272725,539.7355371900826,539.7355371900826,0.8925619834710744,0.438,234,143,4,11,0,0,1,0,0,1,0,0,0,0,0,8010,323,-4,-5,602,-313,-5,-727,-1170,-17,-1013,-2412,-45,4,65,2,485.88429752066116,24.0,633.1239669421487,1.487603305785124,0.625,910,4,4,12,0,0,1,0,0,0,1,0,0,0,0,8229,-320,-159,-2,-770,213,3,-1393,-570,-10,-2136,-1722,-27,3,80,975.305785123967,57.71900826446281,57.71900826446281,0.7603305785123967,0.625,51,119,4,21,0,0,1,0,0,0,0,0,0,1,0,8008,-220,-248,-11,-1536,-424,-25,-2114,-1079,-19,-2199,-940,-8,0,60,586.3140495867768,151.900826446281,151.900826446281,0.4628099173553719,0.312,526,412,4,7,0,0,1,0,1,0,0,0,0,0,0,8439,-3,168,2,-112,-473,5,-853,-512,6,-674,-416,3,0,16,230.8099173553719,0.0,0.0,3.206611570247934,0.562,3362.576909352983,0.2,9285.142594489329,3697.0921736419673,0.4,13002.18843118342,4901.860936285177,0.2,14490.312418992215,1741.8334911522077,0.8,4484.101024731713,0.23076923076923078,0.38461538461538464,0.38461538461538464,NEUTRAL,0.23076923076923078,0.38461538461538464,BOTSIDE,618.086,528.855,,962.502,1,1,0,2,5,5,4,0.75,0.25,1.5,3.0,257.439,PICK,5,0.4,0.4,2.8,5.8,9,0.5555555555555556,0.3333333333333333,2.2222222222222223,4.555555555555555,0,1,3,0,0,2,0,0,1,GRUBS,MIXED,PICK,PICK,SPLIT_1_3_1,NEUTRAL,MID,SPLIT,YES,2,0,4,0,0,1,0
EUW1_7706335013,100,0,28.4,16.2.741.3171,420,117,799,4,14,0,0,1,0,0,0,0,0,1,0,0,8229,239,248,11,352,201,8,-615,-1474,-12,-2829,-2087,-5,3,65,595.0,207.0774647887324,257.42957746478874,1.0211267605633803,0.357,5,33,4,11,0,0,1,0,0,1,0,0,0,0,0,8010,164,387,7,295,785,21,978,1329,44,2171,1513,55,7,74,16,973.1690140845071,191.1267605633803,1038.1338028169014,0.7394366197183099,0.536,142,84,4,14,0,0,1,0,0,0,0,0,1,0,0,8112,611,106,17,1710,869,33,3156,1771,51,4051,2522,59,9,94,1009.1549295774648,208.27464788732397,254.11971830985917,1.2323943661971832,0.643,110,119,4,21,0,0,1,0,0,0,0,0,0,1,0,8229,-668,-132,-12,60,45,-7,-648,187,3,-206,174,-9,5,74,903.661971830986,131.443661971831,131.443661971831,0.8098591549295775,0.393,12,9,3,4,0,1,1,0,0,0,0,0,0,0,0,8439,-350,-597,-2,-448,-201,2,-978,-437,7,-980,-48,8,6,13,174.11971830985917,52.640845070422536,125.03521126760565,2.711267605633803,0.464,5365.292805805987,0.2,13270.73159249331,4512.874696764741,0.0,10851.036816820779,2701.2294985616873,0.2,6865.733536920873,3754.532824331619,0.2,10336.942681470186,0.38461538461538464,0.38461538461538464,0.23076923076923078,NEUTRAL,0.38461538461538464,0.23076923076923078,TOPSIDE,866.028,540.445,1092.778,767.567,0,3,0,3,12,9,8,0.25,0.5,2.375,5.0,135.244,SKIRMISH,5,0.2,0.8,3.8,7.6,13,0.23076923076923078,0.6153846153846154,2.923076923076923,6.0,0,2,1,1,0,1,0,0,1,GRUBS,GRUBS_HERALD,TEAMFIGHT,NONE,SPLIT_1_3_1,NEUTRAL,FAST,SPLIT,YES,1,0,4,0,1,3,0
EUW1_7706335013,200,1,28.4,16.2.741.3171,420,799,117,4,14,0,0,1,0,0,0,0,0,1,0,0,8010,-239,-248,-11,-352,-201,-8,615,1474,12,2829,2087,5,2,57,1217.3591549295775,775.9154929577466,850.1408450704225,0.8098591549295775,0.559,33,5,4,11,0,0,1,0,0,1,0,0,0,0,0,8439,-164,-387,-7,-295,-785,-21,-978,-1329,-44,-2171,-1513,-55,8,52,8,477.1830985915493,104.33098591549296,900.0,0.9154929577464789,0.588,84,142,4,14,0,0,1,0,0,0,0,0,1,0,0,8112,-611,-106,-17,-1710,-869,-33,-3156,-1771,-51,-4051,-2522,-59,5,61,838.4859154929578,102.60563380281691,102.60563380281691,0.4225352112676057,0.382,119,110,4,21,0,0,1,0,0,0,0,0,0,1,0,8008,668,132,12,-60,-45,7,648,-187,-3,206,-174,9,4,81,814.7535211267606,275.4577464788733,736.9718309859155,0.8098591549295775,0.471,9,12,4,14,0,0,1,0,0,0,0,0,1,0,0,8128,350,597,2,448,201,-2,978,437,-7,980,48,-8,7,11,620.4577464788732,17.85211267605634,274.1549295774648,4.014084507042254,0.559,6004.901830473618,0.2,14410.306589382475,4206.971889481726,0.4,14748.865854702186,5139.358985956046,0.2,14669.815336261056,3149.6775896015515,0.6,12066.431121089618,0.3076923076923077,0.3076923076923077,0.38461538461538464,NEUTRAL,0.3076923076923077,0.38461538461538464,NEUTRAL,542.616,,,864.204,1,0,0,1,10,16,9,0.3333333333333333,0.4444444444444444,2.2222222222222223,5.111111111111111,135.244,SKIRMISH,8,0.25,0.5,3.0,6.375,17,0.29411764705882354,0.47058823529411764,2.588235294117647,5.705882352941177,0,1,3,0,2,1,0,3,1,DRAGON,DRAGONS,TEAMFIGHT,NONE,SPLIT_1_3_1,TOP,MID,SPLIT,NO,3,1,9,2,0,0,0
EUW1_7705861080,100,1,24.916666666666668,16.2.741.3171,420,950,41,4,14,0,0,1,0,0,0,0,0,1,0,0,9923,546,179,23,1458,1128,40,1595,1863,45,1867,882,56,3,102,842.9698996655518,573.752508361204,792.9230769230769,0.963210702341137,0.244,5,238,4,11,0,0,1,0,0,1,0,0,0,0,0,8010,334,320,10,625,605,24,453,411,34,1023,1009,35,8,66,26,846.2207357859531,38.20735785953177,1349.7792642140469,1.725752508361204,0.61,13,147,4,12,0,0,1,0,0,0,1,0,0,0,0,8230,203,219,2,-17,741,11,333,1376,21,1774,1179,26,6,74,1023.9331103678929,300.2006688963211,351.2107023411371,1.1638795986622072,0.463,110,145,4,21,0,0,1,0,0,0,0,0,0,1,0,8008,-672,-307,-13,20,2,-10,1648,590,4,2679,1150,-10,10,73,1056.3210702341137,287.4782608695652,660.1204013377926,0.6020066889632106,0.585,117,526,3,4,0,1,1,0,0,0,0,0,0,0,0,8214,244,54,-1,382,810,4,577,1903,-1,-242,1061,-3,11,13,326.96989966555185,16.615384615384613,107.71906354515049,2.849498327759197,0.634,5810.7852146097985,0.0,14344.308209181787,5204.878806203687,0.2,14823.333498238511,3808.3365132923327,0.4,12395.03448966561,4509.088433429412,0.0,12045.74912572896,0.23076923076923078,0.38461538461538464,0.38461538461538464,NEUTRAL,0.23076923076923078,0.38461538461538464,BOTSIDE,437.217,542.47,964.982,917.776,2,2,0,4,14,27,8,0.375,0.5,2.625,4.875,168.891,TEAMFIGHT,9,0.1111111111111111,0.7777777777777778,3.888888888888889,7.555555555555555,17,0.23529411764705882,0.6470588235294118,3.2941176470588234,6.294117647058823,0,3,2,0,2,0,0,2,1,DRAGON,MIXED,TEAMFIGHT,TEAMFIGHT,SPLIT_1_3_1,NEUTRAL,FAST,SPLIT,YES,2,1,7,0,1,2,0
EUW1_7705861080,200,0,24.916666666666668,16.2.741.3171,420,41,950,4,12,0,0,1,0,0,0,1,0,0,0,0,8021,-546,-179,-23,-1458,-1128,-40,-1595,-1863,-45,-1867,-882,-56,2,62,598.9966555183946,48.72240802675585,67.90635451505017,0.6822742474916388,0.278,238,5,4,11,0,0,1,0,0,1,0,0,0,0,0,8369,-334,-320,-10,-625,-605,-24,-453,-411,-34,-1023,-1009,-35,4,48,1,688.6555183946488,0.0,370.23411371237455,0.842809364548495,0.444,147,13,4,12,0,0,1,0,0,0,1,0,0,0,0,8214,-203,-219,-2,17,-741,-11,-333,-1376,-21,-1774,-1179,-26,4,63,956.1872909698997,26.40802675585284,26.40802675585284,0.5618729096989966,0.667,145,110,4,21,0,0,1,0,0,0,0,0,0,1,0,8008,672,307,13,-20,-2,10,-1648,-590,-4,-2679,-1150,10,5,83,674.5284280936454,110.20735785953177,141.79264214046822,0.6020066889632106,0.556,526,117,4,14,0,0,1,0,0,0,0,0,1,0,0,8439,-244,-54,1,-382,-810,-4,-577,-1903,1,242,-1061,3,5,9,381.9130434782609,0.0,0.0,2.688963210702341,0.722,4154.105139050378,0.2,12570.660642941562,5095.678524038837,0.2,14162.648092782649,3293.6133940553977,0.6,13877.492460815824,1678.8542129846396,0.6,4793.675103717398,0.3076923076923077,0.46153846153846156,0.23076923076923078,MID,0.3076923076923077,0.23076923076923078,NEUTRAL,1172.505,555.738,,,0,1,0,1,8,10,5,0.2,0.8,3.6,6.0,141.388,PICK,8,0.25,0.75,4.0,7.125,13,0.23076923076923078,0.7692307692307693,3.8461538461538463,6.6923076923076925,0,0,0,0,0,0,0,0,2,GRUBS,GRUBS_HERALD,TEAMFIGHT,PICK,STANDARD,BOT,MID,MIXED,NO,1,0,0,0,0,1,0
EUW1_7705788923,100,1,21.433333333333334,16.2.741.3171,420,6,154,4,14,0,0,1,0,0,0,0,0,1,0,0,8005,-23,-427,-3,-470,-1366,-24,736,-294,-9,1487,573,0,3,68,778.8802488335925,453.4059097978227,529.9688958009331,1.119751166407465,0.333,131,203,4,11,0,0,1,0,0,1,0,0,0,0,0,8010,958,62,2,2082,415,18,1911,-1114,7,3145,752,21,8,58,26,479.0668740279938,972.7371695178849,2630.108864696734,0.8864696734059098,0.417,4,23,4,12,0,0,1,0,0,0,1,0,0,0,0,8360,-309,-562,-8,-266,-488,-12,-554,-1339,-27,-731,-1004,-52,6,66,685.7076205287714,275.22550544323485,343.6236391912908,0.5598755832037325,0.389,145,96,4,21,0,0,1,0,0,0,0,0,0,1,0,8008,37,-98,-3,928,1169,24,760,850,27,3106,3139,42,12,89,1338.5225505443234,359.9066874027994,1037.402799377916,0.41990668740279935,0.611,12,350,4,14,0,0,1,0,0,0,0,0,1,0,0,8230,-61,-63,-1,724,802,-1,115,27,-1,635,1054,-2,12,11,293.6547433903577,12.923794712286158,53.2348367029549,2.099533437013997,0.611,3604.7479717884125,0.4,12917.45427706249,4260.398434412047,0.0,10793.530330712005,2624.54685750743,0.6,8650.754706960544,4241.359452523977,0.2,13570.37221302349,0.15384615384615385,0.5384615384615384,0.3076923076923077,MID,0.15384615384615385,0.3076923076923077,BOTSIDE,447.28,508.03,,694.857,2,3,0,5,20,16,10,0.1,0.7,3.2,6.1,167.592,SKIRMISH,7,0.42857142857142855,0.5714285714285714,2.5714285714285716,5.857142857142857,17,0.23529411764705882,0.6470588235294118,2.9411764705882355,6.0,0,3,1,1,4,4,1,0,7,DRAGON,GRUBS_HERALD,TEAMFIGHT,NONE,STANDARD,BOT,FAST,MIXED,YES,3,1,9,1,0,3,0
EUW1_7705788923,200,0,21.433333333333334,16.2.741.3171,420,154,6,4,12,0,0,1,0,0,0,1,0,0,0,0,8437,23,427,3,470,1366,24,-736,294,9,-1487,-573,0,0,94,523.3903576982892,394.85225505443236,394.85225505443236,0.6531881804043546,0.071,203,131,4,11,0,0,1,0,0,1,0,0,0,0,0,8008,-958,-62,-2,-2082,-415,-18,-1911,1114,-7,-3145,-752,-21,3,56,25,606.298600311042,0.0,569.1601866251943,0.7465007776049767,0.214,23,4,4,14,0,0,1,0,0,0,0,0,1,0,0,9923,309,562,8,266,488,12,554,1339,27,731,1004,52,5,78,701.7573872472784,624.7744945567651,624.7744945567651,0.9797822706065319,0.429,96,145,4,21,0,0,1,0,0,0,0,0,0,1,0,8008,-37,98,3,-928,-1169,-24,-760,-850,-27,-3106,-3139,-42,6,65,1019.0202177293935,132.97045101088648,143.9813374805599,0.6998444790046656,0.429,350,12,3,7,0,1,0,0,1,0,0,0,0,0,0,8214,61,63,1,-724,-802,1,-115,-27,1,-635,-1054,2,6,12,279.3312597200622,0.0,0.5598755832037325,0.9797822706065319,0.429,6173.4299216616255,0.0,14493.940802970046,4845.074261192508,0.2,14016.1496139275,5519.747194292666,0.0,14651.685261429826,3015.8045668379104,0.4,11827.961320531953,0.3076923076923077,0.3076923076923077,0.38461538461538464,NEUTRAL,0.3076923076923077,0.38461538461538464,NEUTRAL,,,967.246,773.132,0,0,0,0,10,4,6,0.0,0.8333333333333334,4.0,6.5,167.592,SKIRMISH,2,0.0,1.0,3.5,8.0,8,0.0,0.875,3.875,6.875,0,1,2,1,0,4,0,2,1,NONE,NONE,TEAMFIGHT,NONE,SPLIT_1_3_1,MID,MID,SPLIT,YES,0,0,4,0,1,0,0
EUW1_7705702450,100,0,26.666666666666668,16.2.741.3171,420,48,266,4,14,0,0,1,0,0,0,0,0,1,0,0,8010,312,-94,15,-121,-800,16,-525,-1300,2,-2430,-3085,1,1,78,528.4499999999999,575.775,575.775,0.6375,0.056,254,421,4,11,0,0,1,0,0,1,0,0,0,0,0,8010,283,126,4,-151,-388,-7,-1010,-629,-13,-2555,-2804,-37,5,60,8,392.47499999999997,0.0,0.0,0.825,0.389,34,127,4,12,0,0,1,0,0,0,1,0,0,0,0,8229,-430,-326,-8,-131,164,1,-1153,-846,-8,-20,-1633,-9,1,99,614.6999999999999,45.9375,60.75,0.75,0.389,81,110,4,21,0,0,1,0,0,0,0,0,0,1,0,8005,350,-75,-6,-418,-961,-19,-549,-1139,-18,54,547,-4,4,69,1075.0874999999999,0.0,9.75,0.975,0.611,497,432,4,7,0,0,1,0,1,0,0,0,0,0,0,8465,128,-112,4,-272,328,10,-657,8,16,-1608,-733,9,5,21,233.325,0.0,0.0,2.025,0.667,5530.030563542821,0.2,13829.191444187905,4923.357520094001,0.0,14525.754816876128,4242.59586832292,0.4,13373.84166946805,864.030913870326,1.0,2514.1036175941513,0.23076923076923078,0.3076923076923077,0.46153846153846156,BOT,0.23076923076923078,0.46153846153846156,BOTSIDE,,,,1066.164,0,0,0,0,8,10,5,0.2,0.8,2.6,6.4,149.165,TEAMFIGHT,6,0.0,1.0,4.0,8.833333333333334,11,0.09090909090909091,0.9090909090909091,3.3636363636363638,7.7272727272727275,0,2,1,0,0,1,0,1,0,NONE,NONE,TEAMFIGHT,TEAMFIGHT,SPLIT_1_3_1,NEUTRAL,MID,SPLIT,NO,0,0,3,0,0,0,0
EUW1_7705702450,200,1,26.666666666666668,16.2.741.3171,420,266,48,4,14,0,0,1,0,0,0,0,0,1,0,0,8010,-312,94,-15,121,800,-16,525,1300,-2,2430,3085,-1,3,62,1298.0249999999999,468.9375,732.4875,0.6749999999999999,0.459,421,254,4,11,0,0,1,0,0,1,0,0,0,0,0,9923,-283,-126,-4,151,388,7,1010,629,13,2555,2804,37,12,66,19,1074.7875,218.4375,1978.7624999999998,1.125,0.622,127,34,4,12,0,0,1,0,0,0,1,0,0,0,0,8229,430,326,8,131,-164,-1,1153,846,8,20,1633,9,4,98,898.5374999999999,231.11249999999998,296.3625,1.0125,0.297,110,81,4,12,0,0,1,0,0,0,1,0,0,0,0,8229,-350,75,6,418,961,19,549,1139,18,-54,-547,4,6,88,841.8375,344.3625,633.5625,0.7875,0.243,432,497,4,7,0,0,1,0,1,0,0,0,0,0,0,8112,-128,112,-4,272,-328,-10,657,-8,-16,1608,733,-9,10,11,762.2624999999999,76.9125,311.0625,3.0749999999999997,0.676,5029.399638288899,0.0,14701.13073882414,4353.389150842692,0.2,13738.24239122312,4862.596189903891,0.2,14270.518876340831,5048.503305952376,0.2,12314.157908683808,0.23076923076923078,0.3076923076923077,0.46153846153846156,BOT,0.23076923076923078,0.46153846153846156,BOTSIDE,403.608,496.536,950.644,910.476,2,3,0,5,14,19,8,0.25,0.75,2.625,6.5,149.165,TEAMFIGHT,9,0.1111111111111111,0.6666666666666666,3.2222222222222223,7.333333333333333,17,0.17647058823529413,0.7058823529411765,2.9411764705882355,6.9411764705882355,0,1,2,0,2,1,0,2,2,DRAGON,GRUBS_HERALD,TEAMFIGHT,TEAMFIGHT,SPLIT_1_3_1,NEUTRAL,FAST,SPLIT,YES,4,1,7,1,1,3,0
EUW1_7705654900,100,0,20.116666666666667,16.2.741.3171,420,79,110,4,12,0,0,1,0,0,0,1,0,0,0,0,8229,-778,-528,-19,-1447,-1538,-39,-2900,-3307,-57,-4806,-2827,-51,2,39,353.6371168185584,260.9279204639602,274.59817729908866,0.7456503728251864,0.667,36,421,4,11,0,0,1,0,0,1,0,0,0,0,0,8021,-569,-40,0,-364,-79,-1,-1276,-1103,-26,-1839,-2242,-25,3,72,0,652.2949461474731,0.0,0.0,0.7953603976801988,0.667,4,134,4,6,0,0,1,1,0,0,0,0,0,0,0,8360,49,-324,-3,-888,-1025,-23,-2791,-2948,-63,-3988,-5035,-101,2,67,328.2850041425021,0.0,30.77050538525269,0.49710024855012425,0.667,804,51,1,4,1,0,1,0,0,0,0,0,0,0,0,8008,-331,-175,-8,-201,-241,-6,-2127,-1044,-11,-3189,-1708,-18,0,87,481.9386909693455,43.29743164871582,62.28666114333057,0.6462303231151616,0.0,117,518,4,7,0,0,1,0,1,0,0,0,0,0,0,8214,-545,-68,5,-518,179,17,-1246,-887,15,-1935,-879,12,2,23,235.62551781275891,0.0,14.117647058823529,2.0381110190555094,0.5,4708.869488297687,0.0,13799.451764472386,3802.6750547074066,0.4,13252.663505876846,3192.784357063873,0.4,9706.469801117191,1254.4722522419038,0.8,3708.039374116731,0.23076923076923078,0.5384615384615384,0.23076923076923078,MID,0.23076923076923078,0.23076923076923078,NEUTRAL,,,,,0,0,0,0,4,2,4,0.0,0.5,3.25,5.5,507.392,SKIRMISH,1,0.0,1.0,6.0,10.0,5,0.0,0.6,3.8,6.4,0,0,1,0,0,0,0,0,0,NONE,NONE,TEAMFIGHT,NONE,STANDARD,NEUTRAL,SLOW,SPLIT,NO,0,0,0,0,0,0,0
EUW1_7705654900,200,1,20.116666666666667,16.2.741.3171,420,110,79,4,21,0,0,1,0,0,0,0,0,0,1,0,8005,778,528,19,1447,1538,39,2900,3307,57,4806,2827,51,6,78,1163.463131731566,985.7000828500414,1458.7903893951946,0.5468102734051367,0.414,421,36,4,11,0,0,1,0,0,1,0,0,0,0,0,8010,569,40,0,364,79,1,1276,1103,26,1839,2242,25,9,74,27,739.983429991715,47.622203811101905,1307.870753935377,0.5965202982601491,0.414,134,4,4,6,0,0,1,1,0,0,0,0,0,0,0,8369,-49,324,3,888,1025,23,2791,2948,63,3988,5035,101,7,90,1046.3463131731567,623.1151615575808,664.6727423363711,0.8450704225352113,0.483,51,804,1,4,1,0,1,0,0,0,0,0,0,0,0,8008,331,175,8,201,241,6,2127,1044,11,3189,1708,18,6,93,773.0405965202982,471.6487158243579,655.0787075393538,1.3421706710853356,0.379,518,117,4,7,0,0,1,0,1,0,0,0,0,0,0,8229,545,68,-5,518,-179,-17,1246,887,-15,1935,879,-12,6,6,531.7978458989229,135.2112676056338,261.42502071251033,2.336371168185584,0.345,3692.7201858519525,0.4,14422.72963069058,3584.5589275580473,0.4,12355.667727808157,3054.8965052425146,0.4,9086.890777378147,656.2586755159134,1.0,1560.2131264670222,0.3076923076923077,0.3076923076923077,0.38461538461538464,NEUTRAL,0.3076923076923077,0.38461538461538464,NEUTRAL,321.725,507.158,976.587,748.241,2,3,0,5,16,13,9,0.2222222222222222,0.3333333333333333,2.4444444444444446,4.888888888888889,192.052,TEAMFIGHT,5,0.4,0.6,2.6,5.6,14,0.2857142857142857,0.42857142857142855,2.5,5.142857142857143,1,1,4,1,4,4,1,1,4,DRAGON,GRUBS_HERALD,TEAMFIGHT,TEAMFIGHT,STANDARD,NEUTRAL,FAST,SPLIT,YES,3,0,10,2,1,3,0
EUW1_7704934630,100,1,32.25,16.2.740.1491,420,77,98,4,14,0,0,1,0,0,0,0,0,1,0,0,8437,-259,-485,-4,-63,-811,5,-278,-290,20,485,1035,34,3,68,1067.4418604651162,235.65891472868216,235.65891472868216,1.054263565891473,0.233,30,121,3,11,0,1,0,0,0,1,0,0,0,0,0,8128,400,450,12,1568,880,24,249,-743,0,-288,-2243,-19,14,64,26,1276.15503875969,132.7751937984496,1005.0542635658915,1.2713178294573644,0.651,42,777,4,12,0,0,1,0,0,0,1,0,0,0,0,8021,225,-66,7,349,-684,-1,24,-1415,-1,720,-1522,-8,2,83,654.8527131782946,252.31007751937983,406.51162790697674,0.5891472868217055,0.256,145,115,4,21,0,0,1,0,0,0,0,0,0,1,0,8008,294,-95,7,449,5,7,231,-882,0,1603,-187,10,7,94,1587.3488372093022,657.953488372093,1792.15503875969,0.43410852713178294,0.651,201,432,4,14,0,0,1,0,0,0,0,0,1,0,0,8465,481,38,-5,790,154,-2,1166,266,-2,2014,1180,0,13,8,443.1007751937984,95.59689922480621,129.64341085271317,3.1627906976744184,0.791,3574.0750579037194,0.2,10057.539361096231,5372.065688602886,0.2,14277.048714632867,3259.971353428708,0.4,9158.593396368244,5381.344311357258,0.2,14590.092871534436,0.46153846153846156,0.3076923076923077,0.23076923076923078,TOP,0.46153846153846156,0.23076923076923078,TOPSIDE,1112.481,718.51,929.397,788.049,0,3,0,3,16,16,12,0.5,0.4166666666666667,2.5,5.333333333333333,50.684,PICK,6,0.0,1.0,4.5,9.0,18,0.3333333333333333,0.6111111111111112,3.1666666666666665,6.555555555555555,0,2,2,1,1,3,0,1,3,GRUBS,GRUBS_HERALD,TEAMFIGHT,PICK,SPLIT_1_3_1,NEUTRAL,FAST,SPLIT,YES,1,1,11,3,1,3,0
EUW1_7704934630,200,0,32.25,16.2.740.1491,420,98,77,4,14,0,0,1,0,0,0,0,0,1,0,0,8437,259,485,4,63,811,-5,278,290,-20,-485,-1035,-34,6,63,569.0542635658915,165.42635658914728,191.34883720930233,0.6201550387596899,0.343,121,30,4,11,0,0,1,0,0,1,0,0,0,0,0,8128,-400,-450,-12,-1568,-880,-24,-249,743,0,288,2243,19,9,48,29,1073.0852713178294,0.0,700.031007751938,0.7131782945736435,0.629,777,42,4,12,0,0,1,0,0,0,1,0,0,0,0,8008,-225,66,-7,-349,684,1,-24,1415,1,-720,1522,8,3,84,756.062015503876,225.33333333333334,266.3565891472868,0.46511627906976744,0.229,115,145,4,12,0,0,1,0,0,0,1,0,0,0,0,8229,-294,95,-7,-449,-5,-7,-231,882,0,-1603,187,-10,3,87,1057.1472868217054,452.31007751937983,484.4341085271318,0.6201550387596899,0.4,432,201,4,14,0,0,1,0,0,0,0,0,1,0,0,8112,-481,-38,5,-790,-154,2,-1166,-266,2,-2014,-1180,0,9,10,546.9457364341085,0.0,25.705426356589147,2.7286821705426356,0.571,3990.74706891394,0.2,13079.703742822312,5305.053567389249,0.0,13795.775621544444,2890.885177275054,0.4,8670.865816053205,2823.060748779158,0.4,8289.360892131552,0.3076923076923077,0.46153846153846156,0.23076923076923078,MID,0.3076923076923077,0.23076923076923078,NEUTRAL,406.875,,,889.936,2,0,0,2,11,17,8,0.25,0.625,3.25,6.125,173.788,TEAMFIGHT,7,0.14285714285714285,0.8571428571428571,4.0,8.285714285714286,15,0.2,0.7333333333333333,3.6,7.133333333333334,0,0,1,0,1,2,0,1,2,DRAGON,DRAGONS,TEAMFIGHT,TEAMFIGHT,STANDARD,NEUTRAL,FAST,SPLIT,YES,4,1,6,0,0,0,0
EUW1_7703987513,100,0,35.266666666666666,16.2.740.1491,420,24,150,4,14,0,0,1,0,0,0,0,0,1,0,0,8010,-51,454,0,802,1260,3,84,113,4,-569,-741,1,3,65,709.4801512287335,319.9338374291115,427.6843100189036,0.7939508506616257,0.288,245,35,4,11,0,0,1,0,0,1,0,0,0,0,0,8128,597,-161,-5,875,278,-13,-62,-1560,-30,-423,-1787,-20,7,47,0,708.7145557655955,26.398865784499055,389.1209829867675,0.7939508506616257,0.385,84,23,4,14,0,0,1,0,0,0,0,0,1,0,0,8112,-220,319,4,-1415,-901,-10,-3176,-2000,-28,-4311,-3643,-50,5,61,719.1209829867676,68.22306238185256,68.22306238185256,0.6805293005671078,0.365,110,145,4,21,0,0,1,0,0,0,0,0,0,1,0,8005,-2,-141,-2,1007,474,12,-1155,-1242,-12,764,773,9,8,80,1487.2967863894141,132.13610586011342,869.1209829867676,1.1058601134215502,0.673,147,111,4,7,0,0,1,0,1,0,0,0,0,0,0,8229,-290,42,-3,299,417,-2,-519,63,7,729,1691,17,8,8,863.2514177693762,25.12287334593573,127.48582230623819,3.516068052930057,0.673,4948.812844750655,0.2,13921.966096783888,5270.97232152597,0.2,15467.224831882415,866.9215757530701,1.0,2849.044927690681,2520.4144405143034,0.4,6286.771031300567,0.15384615384615385,0.3076923076923077,0.5384615384615384,BOT,0.15384615384615385,0.5384615384615384,BOTSIDE,1396.657,,,1061.151,0,0,0,0,18,17,12,0.25,0.5,3.0833333333333335,5.416666666666667,53.07,TEAMFIGHT,8,0.25,0.75,2.75,6.625,20,0.25,0.6,2.95,5.9,0,1,2,0,1,2,0,1,1,NONE,NONE,TEAMFIGHT,TEAMFIGHT,STANDARD,NEUTRAL,MID,GROUP,NO,2,1,3,0,0,0,0
EUW1_7703987513,200,1,35.266666666666666,16.2.740.1491,420,150,24,4,12,0,0,1,0,0,0,1,0,0,0,0,8021,51,-454,0,-802,-1260,-3,-84,-113,-4,569,741,-1,4,62,701.710775047259,219.18714555765595,382.0888468809074,0.9357277882797732,0.25,35,245,4,11,0,0,1,0,0,1,0,0,0,0,0,8229,-597,161,5,-875,-278,13,62,1560,30,423,1787,20,9,61,24,1012.9962192816636,176.37051039697542,883.1852551984878,0.8506616257088847,0.479,23,84,4,14,0,0,1,0,0,0,0,0,1,0,0,9923,220,-319,-4,1415,901,10,3176,2000,28,4311,3643,50,10,71,1470.7939508506618,655.4631379962193,1016.2003780718337,1.332703213610586,0.521,145,110,4,21,0,0,1,0,0,0,0,0,0,1,0,8008,2,141,2,-1007,-474,-12,1155,1242,12,-764,-773,-9,12,68,1216.531190926276,232.882797731569,589.5652173913044,0.39697542533081287,0.479,111,147,4,14,0,0,1,0,0,0,0,0,1,0,0,8439,290,-42,3,-299,-417,2,519,-63,-7,-729,-1691,-17,11,10,423.4593572778828,23.166351606805293,41.455576559546316,3.402646502835539,0.417,5466.146481755044,0.2,14811.058706250542,5260.502784612809,0.2,14169.955328087664,2762.8855861009806,0.6,7761.254602189004,5278.65174739196,0.2,14906.458499590037,0.5384615384615384,0.23076923076923078,0.23076923076923078,TOP,0.5384615384615384,0.23076923076923078,TOPSIDE,713.18,493.985,950.484,658.442,1,3,0,4,20,15,12,0.16666666666666666,0.5833333333333334,3.3333333333333335,5.916666666666667,53.07,TEAMFIGHT,7,0.14285714285714285,0.8571428571428571,2.4285714285714284,6.285714285714286,19,0.15789473684210525,0.6842105263157895,3.0,6.052631578947368,1,1,4,1,1,6,1,1,4,GRUBS,GRUBS_HERALD,TEAMFIGHT,TEAMFIGHT,STANDARD,MID,FAST,MIXED,YES,3,1,11,5,1,3,0
EUW1_7703957753,100,0,21.683333333333334,16.2.740.1491,420,110,80,4,21,0,0,1,0,0,0,0,0,0,1,0,8005,317,-100,3,-256,-761,1,-283,-901,10,-1071,-1528,-5,1,60,353.174481168332,71.71406610299769,71.71406610299769,0.5995388162951576,0.182,25,121,4,11,0,0,1,0,0,1,0,0,0,0,0,8128,-445,-52,0,-1761,-912,-10,-2172,-1988,-30,-2793,-2429,-34,3,58,5,396.1106840891622,0.0,473.1283627978478,0.9223674096848578,0.364,238,134,4,14,0,0,1,0,0,0,0,0,1,0,0,8369,-130,-18,-11,-876,-801,-30,-1541,-1523,-39,-2263,-2963,-61,2,67,375.40353574173713,336.3412759415834,408.2859338970023,0.8762490392006149,0.182,145,51,4,21,0,0,1,0,0,0,0,0,0,1,0,8008,300,314,0,1106,517,12,1336,1000,29,-259,-387,25,8,71,681.260568793236,35.41890853189854,129.17755572636435,0.7378939277478862,0.818,111,902,4,14,0,0,1,0,0,0,0,0,1,0,0,8439,65,-492,-4,-255,-262,4,134,843,9,-367,716,15,7,16,257.70945426594926,0.0,0.0,2.536510376633359,0.636,3625.5151376988897,0.2,10860.47383864995,5589.302706358567,0.2,13602.853560926105,2720.6347474201875,0.4,6314.314531285245,1120.5615778521087,0.8,4216.54692847121,0.15384615384615385,0.38461538461538464,0.46153846153846156,NEUTRAL,0.15384615384615385,0.46153846153846156,BOTSIDE,794.176,,,1049.92,1,0,0,1,9,2,7,0.2857142857142857,0.42857142857142855,2.2857142857142856,4.142857142857143,199.459,PICK,2,0.5,0.5,2.0,6.0,9,0.3333333333333333,0.4444444444444444,2.2222222222222223,4.555555555555555,0,1,1,0,0,1,0,0,1,DRAGON,DRAGONS,MIXED,PICK,SPLIT_1_3_1,NEUTRAL,MID,SPLIT,NO,2,0,1,0,0,0,0
EUW1_7703957753,200,1,21.683333333333334,16.2.740.1491,420,80,110,4,14,0,0,1,0,0,0,0,0,1,0,0,8005,-317,100,-3,256,761,-1,283,901,-10,1071,1528,5,5,59,569.054573405073,122.67486548808608,122.67486548808608,0.9684857801691007,0.423,121,25,4,11,0,0,1,0,0,1,0,0,0,0,0,8369,445,52,0,1761,912,10,2172,1988,30,2793,2429,34,8,71,20,693.620292083013,84.67332820906995,708.1014604150653,1.4757878554957724,0.5,134,238,4,12,0,0,1,0,0,0,1,0,0,0,0,8230,130,18,11,876,801,30,1541,1523,39,2263,2963,61,6,97,1064.827056110684,255.63412759415834,255.63412759415834,1.4296694850115297,0.615,51,145,1,4,1,0,1,0,0,0,0,0,0,0,0,8008,-300,-314,0,-1106,-517,-12,-1336,-1000,-29,259,387,-25,5,59,838.3858570330515,636.064565718678,636.064565718678,0.8762490392006149,0.423,902,111,4,7,0,0,1,0,1,0,0,0,0,0,0,8214,-65,492,4,255,262,-4,-134,-843,-9,367,-716,-15,7,12,165.2882398155265,0.0,11.114527286702536,2.628747117601845,0.615,4020.267869624256,0.4,13695.644745684665,4657.990377249353,0.2,13529.460004006072,2545.8602261184487,0.4,9020.730347372102,375.0718867540012,1.0,1063.8030832818638,0.15384615384615385,0.46153846153846156,0.38461538461538464,NEUTRAL,0.15384615384615385,0.38461538461538464,BOTSIDE,434.893,532.09,,962.584,1,3,0,4,13,13,9,0.2222222222222222,0.4444444444444444,2.2222222222222223,4.444444444444445,279.048,PICK,5,0.0,0.8,2.8,7.2,14,0.14285714285714285,0.5714285714285714,2.4285714285714284,5.428571428571429,0,1,1,0,1,2,0,2,2,DRAGON,GRUBS_HERALD,TEAMFIGHT,PICK,SPLIT_1_3_1,NEUTRAL,FAST,SPLIT,YES,1,0,4,0,0,3,0
EUW1_7703931002,100,1,21.983333333333334,16.2.740.1491,420,110,2,4,6,0,0,1,1,0,0,0,0,0,0,0,8005,-493,-393,-1,-873,-344,-21,-1541,-1765,-46,-1691,-1170,-38,3,58,460.5761940864291,65.36770280515542,251.55420773313114,0.9552691432903715,0.225,77,9,4,11,0,0,1,0,0,1,0,0,0,0,0,8010,494,383,12,1006,907,20,2371,3051,45,5318,6877,90,8,78,24,718.1349507202426,268.385140257771,2017.5739196360878,0.9097801364670204,0.45,3,84,4,12,0,0,1,0,0,0,1,0,0,0,0,8230,14,-54,-7,1089,538,2,1343,871,8,2017,1502,-7,10,68,684.5185746777862,261.9257012888552,355.9059893858984,0.7733131159969674,0.45,42,804,4,21,0,0,1,0,0,0,0,0,0,1,0,8010,719,-144,1,584,84,-9,3347,987,6,3631,2422,19,14,60,1649.7952994692948,617.7862016679302,1139.226686884003,0.31842304776345715,0.625,201,412,4,7,0,0,1,0,1,0,0,0,0,0,0,8465,-42,246,-3,-175,46,-4,370,664,-5,898,2356,-4,14,4,251.73616376042455,137.14935557240332,274.20773313115996,1.7285822592873388,0.55,4497.049971999765,0.2,13110.14786339193,4312.224949915721,0.2,10047.610263142176,3304.0652087488525,0.6,11869.555214918544,4976.458122072668,0.0,11959.70844126227,0.3076923076923077,0.3076923076923077,0.38461538461538464,NEUTRAL,0.3076923076923077,0.38461538461538464,NEUTRAL,380.002,547.987,1005.997,705.587,2,3,0,5,19,21,10,0.1,0.5,2.9,5.4,50.647,TEAMFIGHT,7,0.14285714285714285,0.5714285714285714,3.7142857142857144,6.428571428571429,17,0.11764705882352941,0.5294117647058824,3.235294117647059,5.823529411764706,0,2,1,0,3,1,1,1,5,DRAGON,GRUBS_HERALD,TEAMFIGHT,TEAMFIGHT,STANDARD,BOT,FAST,MIXED,YES,3,1,7,1,1,3,0
EUW1_7703931002,200,0,21.983333333333334,16.2.740.1491,420,2,110,3,6,0,1,0,1,0,0,0,0,0,0,0,8010,493,393,1,873,344,21,1541,1765,46,1691,1170,38,5,79,841.4556482183472,216.57316148597423,216.57316148597423,0.6823351023502653,0.529,9,77,4,11,0,0,1,0,0,1,0,0,0,0,0,8112,-494,-383,-12,-1006,-907,-20,-2371,-3051,-45,-5318,-6877,-90,1,54,0,380.7884761182714,0.0,114.17740712661106,1.5466262319939348,0.176,84,3,4,12,0,0,1,0,0,0,1,0,0,0,0,8112,-14,54,7,-1089,-538,-2,-1343,-871,-8,-2017,-1502,7,2,66,457.3464746019712,200.5155420773313,220.66717210007582,0.4094010614101592,0.176,804,42,4,21,0,0,1,0,0,0,0,0,0,1,0,8008,-719,144,-1,-584,-84,9,-3347,-987,-6,-3631,-2422,-19,6,69,735.6482183472327,349.8559514783927,349.8559514783927,0.31842304776345715,0.529,412,201,4,14,0,0,1,0,0,0,0,0,1,0,0,8439,42,-246,3,175,-46,4,-370,-664,5,-898,-2356,4,5,8,258.5595147839272,77.60424564063685,77.60424564063685,2.092494313874147,0.471,4629.550914055755,0.2,13792.03425894817,4670.003043867904,0.4,14252.915666627652,3754.2159114862575,0.2,8575.830047289883,2274.9480587003327,0.2,5161.070916001833,0.23076923076923078,0.6153846153846154,0.15384615384615385,MID,0.23076923076923078,0.15384615384615385,NEUTRAL,,,,789.428,0,0,0,0,12,5,8,0.25,0.625,3.125,5.125,50.647,TEAMFIGHT,3,0.0,1.0,6.333333333333333,8.666666666666666,11,0.18181818181818182,0.7272727272727273,4.0,6.090909090909091,0,1,0,0,0,1,1,0,3,NONE,NONE,TEAMFIGHT,TEAMFIGHT,SPLIT_1_3_1,BOT,MID,SPLIT,YES,0,0,2,0,0,0,0
EUW1_7703901803,100,0,29.333333333333332,16.2.740.1491,420,54,904,4,12,0,0,1,0,0,0,1,0,0,0,0,8437,-80,-40,-3,-938,-839,-38,-2793,-2047,-57,-2769,-641,-35,2,56,558.1704545454546,48.54545454545455,137.3181818181818,1.1590909090909092,0.364,36,234,4,11,0,0,1,0,0,1,0,0,0,0,0,8021,-215,-212,-8,373,753,3,178,1156,16,824,972,9,5,80,12,762.034090909091,253.0568181818182,1269.1363636363637,0.9204545454545455,0.5,13,136,4,12,0,0,1,0,0,0,1,0,0,0,0,8230,-48,42,0,97,214,5,-578,-195,-9,-527,412,-9,5,101,729.6477272727273,45.88636363636364,256.5,0.6818181818181819,0.364,145,110,4,21,0,0,1,0,0,0,0,0,0,1,0,8008,7,-123,7,1289,430,23,2591,272,24,2151,67,17,9,87,946.159090909091,256.0227272727273,513.2045454545455,0.5795454545454546,0.682,267,43,4,7,0,0,1,0,1,0,0,0,0,0,0,8214,-49,216,0,1060,1108,1,1071,1457,0,1036,317,-1,7,6,322.6363636363636,69.57954545454545,74.76136363636364,3.0,0.682,4993.3698452689405,0.2,14272.478971783423,4821.038713162661,0.0,10830.161032967146,3789.9393858986564,0.4,13277.902319267152,3359.33553350889,0.6,13814.395136957679,0.07692307692307693,0.46153846153846156,0.46153846153846156,NEUTRAL,0.07692307692307693,0.46153846153846156,BOTSIDE,661.676,,1070.484,769.359,1,0,0,1,12,7,7,0.42857142857142855,0.42857142857142855,2.2857142857142856,5.0,230.236,SKIRMISH,4,0.25,0.75,3.5,7.5,11,0.36363636363636365,0.5454545454545454,2.727272727272727,5.909090909090909,0,2,0,0,1,2,1,0,2,DRAGON,DRAGONS,TEAMFIGHT,NONE,SPLIT_1_3_1,NEUTRAL,MID,SPLIT,YES,2,1,4,0,1,0,0
EUW1_7703901803,200,1,29.333333333333332,16.2.740.1491,420,904,54,4,14,0,0,1,0,0,0,0,0,1,0,0,8010,80,40,3,938,839,38,2793,2047,57,2769,641,35,1,94,1177.5,899.1136363636364,899.1136363636364,0.5113636363636364,0.667,234,36,4,11,0,0,1,0,0,1,0,0,0,0,0,8010,215,212,8,-373,-753,-3,-178,-1156,-16,-824,-972,-9,4,78,33,782.4886363636364,147.75,1048.0227272727273,1.2272727272727273,0.75,136,13,4,12,0,0,1,0,0,0,1,0,0,0,0,8229,48,-42,0,-97,-214,-5,578,195,9,527,-412,9,2,96,966.75,95.01136363636364,163.70454545454547,0.5795454545454546,0.458,110,145,4,21,0,0,1,0,0,0,0,0,0,1,0,8008,-7,123,-7,-1289,-430,-23,-2591,-272,-24,-2151,-67,-17,1,64,829.0227272727273,273.375,273.375,0.23863636363636365,0.292,43,267,4,7,0,0,1,0,1,0,0,0,0,0,0,8214,49,-216,0,-1060,-1108,-1,-1071,-1457,0,-1036,-317,1,2,5,518.9659090909091,55.29545454545455,158.625,3.1363636363636367,0.875,4480.20413593017,0.2,14112.117984200671,4550.5216307118635,0.2,14183.06102362956,3213.062458078809,0.4,11448.560171480081,2579.0569825264583,0.8,8052.898111860102,0.3076923076923077,0.46153846153846156,0.23076923076923078,MID,0.3076923076923077,0.23076923076923078,NEUTRAL,335.407,524.365,,703.564,1,3,0,4,5,9,5,0.2,0.6,2.8,5.4,230.236,SKIRMISH,4,0.0,1.0,3.75,8.0,9,0.1111111111111111,0.7777777777777778,3.2222222222222223,6.555555555555555,1,1,4,0,1,1,0,0,0,DRAGON,GRUBS_HERALD,TEAMFIGHT,NONE,STANDARD,TOP,FAST,SPLIT,YES,3,0,9,1,0,3,0
EUW1_7703158163,100,1,33.85,16.2.740.1491,420,31,887,3,4,0,1,1,0,0,0,0,0,0,0,0,8437,814,341,16,-1231,-1972,-18,-3320,-3577,-38,-6372,-4547,-52,3,57,789.1285081240768,71.66912850812407,370.192023633678,0.8567208271787297,0.488,106,246,4,11,0,0,1,0,0,1,0,0,0,0,0,8008,179,-69,-3,-772,-577,-10,-1067,-1022,-23,-1666,-617,-31,4,56,14,678.5524372230428,68.7149187592319,972.8508124076809,0.7385524372230428,0.349,134,13,4,12,0,0,1,0,0,0,1,0,0,0,0,8230,240,-113,-6,-381,-77,3,-646,-184,0,103,-516,-4,2,97,1071.7872968980798,366.5288035450517,458.16838995568685,0.5612998522895125,0.349,804,145,4,21,0,0,1,0,0,0,0,0,0,1,0,8008,-48,-56,-3,103,-252,-5,1662,834,2,3323,2369,40,8,85,2356.3367799113735,430.96011816838995,1400.6499261447561,1.329394387001477,0.744,902,16,4,7,0,0,1,0,1,0,0,0,0,0,0,8214,5,187,0,200,681,-1,820,850,-2,718,1457,-4,7,10,191.55096011816838,31.964549483013293,84.60856720827178,3.1019202363367797,0.698,5027.585976180761,0.2,11855.83860382723,5605.47102159599,0.0,14277.331718496982,3460.137266262587,0.4,11873.368224728818,2742.2327642692303,0.4,7259.263323506042,0.3076923076923077,0.38461538461538464,0.3076923076923077,NEUTRAL,0.3076923076923077,0.3076923076923077,NEUTRAL,1589.287,495.175,,879.265,0,1,0,1,11,14,8,0.5,0.5,2.625,5.25,82.856,PICK,6,0.3333333333333333,0.6666666666666666,3.3333333333333335,7.0,14,0.42857142857142855,0.5714285714285714,2.9285714285714284,6.0,0,1,1,0,2,2,0,0,1,GRUBS,GRUBS_HERALD,TEAMFIGHT,PICK,STANDARD,NEUTRAL,MID,SPLIT,NO,2,1,9,1,0,1,0
EUW1_7703158163,200,0,33.85,16.2.740.1491,420,887,31,4,14,0,0,1,0,0,0,0,0,1,0,0,8010,-814,-341,-16,1231,1972,18,3320,3577,38,6372,4547,52,6,77,1611.5214180206794,899.4977843426883,901.9497784342688,0.8862629246676513,0.593,246,106,4,11,0,0,1,0,0,1,0,0,0,0,0,8369,-179,69,3,772,577,10,1067,1022,23,1666,617,31,7,67,23,716.1299852289512,85.5834564254062,765.9675036927622,0.8862629246676513,0.444,13,134,4,6,0,0,1,1,0,0,0,0,0,0,0,8230,-240,113,6,381,77,-3,646,184,0,-103,516,4,7,94,1022.9837518463811,154.91875923190545,165.4357459379616,0.827178729689808,0.556,145,804,4,21,0,0,1,0,0,0,0,0,0,1,0,8008,48,56,3,-103,252,5,-1662,-834,-2,-3323,-2369,-40,3,90,677.2821270310192,158.19793205317578,245.22895125553913,0.8862629246676513,0.296,16,902,4,7,0,0,1,0,1,0,0,0,0,0,0,8214,-5,-187,0,-200,-681,1,-820,-850,2,-718,-1457,4,2,11,164.903988183161,10.103397341211226,12.496307237813884,3.5155096011816838,0.407,4142.133858300329,0.4,14714.442055341411,4879.501770125697,0.2,14034.141690890825,3475.467396085439,0.4,12016.813304699377,4723.8741515242145,0.2,16960.82654235931,0.3076923076923077,0.38461538461538464,0.3076923076923077,NEUTRAL,0.3076923076923077,0.3076923076923077,NEUTRAL,435.883,519.079,1137.271,820.182,1,2,0,3,12,9,8,0.375,0.5,2.5,5.0,256.875,TEAMFIGHT,4,0.0,1.0,4.5,8.75,12,0.25,0.6666666666666666,3.1666666666666665,6.25,1,2,3,0,1,1,0,3,1,DRAGON,GRUBS_HERALD,TEAMFIGHT,TEAMFIGHT,SPLIT_1_3_1,TOP,FAST,SPLIT,YES,3,1,9,3,1,2,0
EUW1_7702920486,100,1,34.9,16.2.740.1491,420,154,17,4,14,0,0,1,0,0,0,0,0,1,0,0,8010,346,423,1,1529,1877,24,2866,2203,15,3833,3703,23,7,88,849.6561604584527,256.67621776504296,355.55873925501436,0.6590257879656161,0.553,5,24,4,11,0,0,1,0,0,1,0,0,0,0,0,8010,-73,-143,-12,118,315,-14,-926,-1602,-42,-725,-1872,-55,5,54,1,631.8338108882522,114.0974212034384,969.5988538681949,1.0315186246418337,0.447,90,8,4,12,0,0,1,0,0,0,1,0,0,0,0,8229,380,570,8,1012,1081,9,2364,2433,25,4048,2911,29,8,82,1403.9828080229227,328.6532951289398,545.8166189111748,0.9169054441260746,0.702,895,145,4,21,0,0,1,0,0,0,0,0,0,1,0,8010,-1065,-274,-11,-1301,-122,-24,-1258,3,-26,-2567,66,-35,4,60,1041.5759312320918,135.04297994269342,439.7994269340974,0.5730659025787966,0.489,267,111,4,7,0,0,1,0,1,0,0,0,0,0,0,8214,-347,-68,-2,-634,-149,0,-1113,-1089,2,-909,-256,2,3,12,276.9054441260745,47.67908309455588,116.38968481375359,3.2378223495702008,0.553,5522.937917497793,0.0,14256.342763836732,4520.319260215894,0.2,13242.473560479553,3591.9450575211913,0.2,7941.692325946656,887.6559059085181,1.0,3170.879057926997,0.0,0.38461538461538464,0.6153846153846154,BOT,0.0,0.6153846153846154,BOTSIDE,403.646,493.021,,781.636,1,3,0,4,14,19,9,0.4444444444444444,0.4444444444444444,2.5555555555555554,5.111111111111111,153.677,PICK,7,0.14285714285714285,0.8571428571428571,5.0,8.285714285714286,16,0.3125,0.625,3.625,6.5,1,0,3,1,1,3,0,0,1,DRAGON,GRUBS_HERALD,TEAMFIGHT,PICK,STANDARD,NEUTRAL,FAST,SPLIT,YES,3,1,7,1,0,3,0
EUW1_7702920486,200,0,34.9,16.2.740.1491,420,17,154,4,14,0,0,1,0,0,0,0,0,1,0,0,8005,-346,-423,-1,-1529,-1877,-24,-2866,-2203,-15,-3833,-3703,-23,0,64,992.5787965616046,132.72206303724928,160.7163323782235,1.174785100286533,0.342,24,5,4,11,0,0,1,0,0,1,0,0,0,0,0,8008,73,143,12,-118,-315,14,926,1602,42,725,1872,55,4,64,12,757.9942693409743,221.9484240687679,561.4899713467049,0.7736389684813754,0.421,8,90,4,6,0,0,1,1,0,0,0,0,0,0,0,8214,-380,-570,-8,-1012,-1081,-9,-2364,-2433,-25,-4048,-2911,-29,7,73,1421.6905444126076,177.87965616045847,190.02865329512895,0.5157593123209169,0.658,145,895,4,21,0,0,1,0,0,0,0,0,0,1,0,8008,1065,274,11,1301,122,24,1258,-3,26,2567,-66,35,10,84,1544.9570200573066,408.10888252149,847.5071633237823,0.6590257879656161,0.737,111,267,4,14,0,0,1,0,0,0,0,0,1,0,0,8439,347,68,2,634,149,0,1113,1089,-2,909,256,-2,12,12,384.2120343839542,18.53868194842407,41.346704871060176,3.1232091690544412,0.789,5719.615168593222,0.0,13678.346135406866,4232.844425681464,0.0,11610.736453817215,5403.48793951433,0.0,13818.263313455856,2959.958186885463,0.4,8342.386289305956,0.23076923076923078,0.6153846153846154,0.15384615384615385,MID,0.23076923076923078,0.15384615384615385,NEUTRAL,799.256,,,1242.529,1,0,0,1,10,17,5,0.0,0.8,3.8,6.8,111.411,SKIRMISH,6,0.0,1.0,5.666666666666667,9.166666666666666,11,0.0,0.9090909090909091,4.818181818181818,8.090909090909092,0,1,0,0,2,1,0,1,3,DRAGON,DRAGONS,TEAMFIGHT,NONE,STANDARD,BOT,MID,SPLIT,NO,2,1,7,1,0,0,0
EUW1_7702825660,100,0,33.61666666666667,16.2.740.1491,420,36,67,4,6,0,0,1,1,0,0,0,0,0,0,0,8437,-188,-87,-20,172,-205,-22,-394,-275,-23,130,-978,-25,4,73,802.8755577590481,312.4343083787804,502.4590976698066,1.189885969261279,0.472,131,121,4,11,0,0,1,0,0,1,0,0,0,0,0,8010,-394,-123,2,-5,-944,-5,181,-671,-3,588,-884,-7,10,54,6,741.3287059990084,0.0,1182.776400594943,1.160138820029747,0.639,142,112,4,14,0,0,1,0,0,0,0,0,1,0,0,8112,-89,-11,-4,-637,-581,-5,-759,-771,-12,-958,-717,-23,3,72,752.2459097669806,202.8755577590481,220.12890431333665,0.8924144769459593,0.417,110,236,4,21,0,0,1,0,0,0,0,0,0,1,0,8229,-387,-106,-10,-763,127,-10,-1164,-159,-34,-662,663,-26,6,63,799.2464055528012,263.9167079821517,462.92513634110065,0.7139315815567675,0.389,888,267,4,7,0,0,1,0,1,0,0,0,0,0,0,8465,-77,-88,5,352,-82,13,281,-500,16,-118,-324,16,6,27,214.50669310857708,0.0,119.37530986613783,3.5696579077838373,0.5,4394.401828840126,0.4,14102.7761805965,5875.6746843818355,0.0,12556.449577806618,4779.065584548041,0.2,14311.195792106262,2125.7779187363312,0.4,7586.841569454315,0.23076923076923078,0.46153846153846156,0.3076923076923077,MID,0.23076923076923078,0.3076923076923077,NEUTRAL,1482.404,548.011,1046.718,1004.602,0,3,0,3,13,18,8,0.0,0.625,3.125,5.75,98.301,SKIRMISH,8,0.125,0.625,3.375,6.25,16,0.0625,0.625,3.25,6.0,0,1,0,0,1,2,0,0,0,GRUBS,GRUBS_HERALD,TEAMFIGHT,NONE,STANDARD,MID,FAST,SPLIT,YES,1,1,4,0,1,3,0
EUW1_7702825660,200,1,33.61666666666667,16.2.740.1491,420,67,36,4,6,0,0,1,1,0,0,0,0,0,0,0,8008,188,87,20,-172,205,22,394,275,23,-130,978,25,1,95,1307.6251859196827,298.8398611799702,846.2171541893902,1.1303916707982151,0.167,121,131,4,11,0,0,1,0,0,1,0,0,0,0,0,8128,394,123,-2,5,944,5,-181,671,3,-588,884,7,9,64,13,1129.5884977689639,66.33614278631632,1173.0193356470004,1.1006445215666831,0.667,112,142,4,12,0,0,1,0,0,0,1,0,0,0,0,8214,89,11,4,637,581,5,759,771,12,958,717,23,6,77,853.3267228557263,257.69955379276155,410.8081308874566,1.189885969261279,0.306,236,110,4,21,0,0,1,0,0,0,0,0,0,1,0,8005,387,106,10,763,-127,10,1164,159,34,662,-663,26,6,73,1667.7441745166088,359.8512642538423,427.40704015865145,0.3867129400099157,0.556,267,888,4,7,0,0,1,0,1,0,0,0,0,0,0,8214,77,88,-5,-352,82,-13,-281,500,-16,118,324,-16,6,14,406.524541398116,45.751115518096185,99.68269707486365,3.4209221616261773,0.611,4736.381013689716,0.2,14879.718982561464,5230.719498039864,0.0,11096.490436169446,4513.501990538181,0.2,12987.010472006252,3085.4099461441488,0.6,14177.513815898754,0.07692307692307693,0.6153846153846154,0.3076923076923077,MID,0.07692307692307693,0.3076923076923077,BOTSIDE,508.619,,,988.991,2,0,0,2,13,12,9,0.1111111111111111,0.5555555555555556,2.888888888888889,5.444444444444445,98.301,SKIRMISH,8,0.375,0.5,3.0,5.5,17,0.23529411764705882,0.5294117647058824,2.9411764705882355,5.470588235294118,0,1,3,0,1,2,0,2,2,DRAGON,DRAGONS,TEAMFIGHT,NONE,SPLIT_1_3_1,NEUTRAL,FAST,SPLIT,YES,4,1,10,2,0,0,0
EUW1_7702771922,100,0,26.883333333333333,16.2.740.1491,420,86,904,4,14,0,0,1,0,0,0,0,0,1,0,0,8010,-695,-714,-17,-290,-582,-19,-1049,-1279,-27,-891,-816,-24,4,68,748.307501549907,458.0533168009919,502.50464972101673,0.9671419714817111,0.353,121,245,6,11,0,0,0,1,0,1,0,0,0,0,0,8010,-599,-209,-4,-591,-256,-8,-367,904,2,-905,-370,-18,4,74,17,601.4135151890887,0.0,325.5548667079975,1.6738995660260385,0.588,112,4,4,12,0,0,1,0,0,0,1,0,0,0,0,8214,-248,-93,-3,-246,510,11,-756,77,3,-281,1431,18,0,101,1036.2926224426535,149.98140111593304,266.2988220706758,0.6323620582765034,0.353,110,145,4,21,0,0,1,0,0,0,0,0,0,1,0,8005,-101,-286,0,-620,-976,-9,-1891,-1292,-23,-3138,-2779,-43,1,76,1079.181649101054,68.40669559826411,302.1946683199008,0.8183508989460633,0.706,201,432,4,7,0,0,1,0,1,0,0,0,0,0,0,8465,-500,-458,3,-1046,-871,9,-1798,-2275,9,-1811,-1273,9,0,16,336.6026038437694,52.03967761934284,65.17048977061377,1.9714817110973342,0.471,4936.48806785502,0.2,14628.664498169339,5696.498323700544,0.2,13934.4096753325,4971.978418934494,0.0,10680.697402323502,1211.4851726409572,1.0,3321.107797106261,0.46153846153846156,0.38461538461538464,0.15384615384615385,NEUTRAL,0.46153846153846156,0.15384615384615385,TOPSIDE,1553.387,528.063,,939.05,0,3,0,3,4,12,4,0.75,0.25,2.0,4.25,511.664,PICK,7,0.14285714285714285,0.42857142857142855,2.2857142857142856,5.571428571428571,11,0.36363636363636365,0.36363636363636365,2.1818181818181817,5.090909090909091,0,1,3,0,1,3,0,1,1,GRUBS,GRUBS_HERALD,MIXED,PICK,SPLIT_1_3_1,NEUTRAL,MID,SPLIT,YES,1,0,3,0,0,3,0
EUW1_7702771922,200,1,26.883333333333333,16.2.740.1491,420,904,86,4,14,0,0,1,0,0,0,0,0,1,0,0,8010,695,714,17,290,582,19,1049,1279,27,891,816,24,4,87,883.0750154990701,449.163050216987,459.2064476131432,0.8927464352138872,0.324,245,121,4,11,0,0,1,0,0,1,0,0,0,0,0,8128,599,209,4,591,256,8,367,-904,-2,905,370,18,5,80,14,793.7259764414135,113.97396156230626,1463.6205827650342,0.8555486670799752,0.559,4,112,4,12,0,0,1,0,0,0,1,0,0,0,0,8360,248,93,3,246,-510,-11,756,-77,-3,281,-1431,-18,2,90,385.5176689398636,284.52572845629265,400.80595164290145,0.7811531308121513,0.382,145,110,4,21,0,0,1,0,0,0,0,0,0,1,0,8008,101,286,0,620,976,9,1891,1292,23,3138,2779,43,9,85,964.9101053936764,476.09423434593924,926.1128332300062,0.5207687538747675,0.706,432,201,4,7,0,0,1,0,1,0,0,0,0,0,0,8112,500,458,-3,1046,871,-9,1798,2275,-9,1811,1273,-9,10,7,680.0495970241785,50.47737135771854,93.92436453812772,2.6410415375077494,0.765,5137.065106185412,0.2,14781.967832463984,5179.586490265191,0.0,12425.107242997947,3508.2211784639776,0.4,11175.455650665883,4078.54365875794,0.2,11101.437969920835,0.23076923076923078,0.5384615384615384,0.23076923076923078,MID,0.23076923076923078,0.23076923076923078,NEUTRAL,553.162,,1007.189,853.657,1,0,0,1,12,15,6,0.5,0.3333333333333333,2.1666666666666665,4.833333333333333,203.438,TEAMFIGHT,9,0.4444444444444444,0.3333333333333333,2.2222222222222223,5.0,15,0.4666666666666667,0.3333333333333333,2.2,4.933333333333334,0,1,3,0,2,3,0,2,3,DRAGON,DRAGONS,PICK,TEAMFIGHT,SPLIT_1_3_1,NEUTRAL,MID,SPLIT,NO,3,1,9,1,1,0,0
EUW1_7702724257,100,0,18.8,16.2.740.1491,420,777,799,4,12,0,0,1,0,0,0,1,0,0,0,0,8008,-588,-761,-13,-1283,-1794,-31,-2246,-3689,-39,-2599,-3702,-34,1,64,381.96808510638294,15.797872340425531,15.797872340425531,0.6914893617021276,0.222,9,91,4,11,0,0,1,0,0,1,0,0,0,0,0,8128,-889,-132,-2,-1464,-996,-17,-2369,-1548,-17,-2893,-2463,-36,1,64,0,226.75531914893617,52.712765957446805,52.712765957446805,1.5425531914893615,0.222,110,84,4,21,0,0,1,0,0,0,0,0,0,1,0,8005,771,524,19,717,233,17,1410,-303,-2,1259,-727,-7,5,82,718.7765957446808,118.24468085106382,118.24468085106382,0.6382978723404255,0.667,112,145,4,6,0,0,1,1,0,0,0,0,0,0,0,8229,134,113,-2,-500,-469,-15,-1724,-712,-29,-2651,-970,-28,2,78,357.0744680851064,84.7872340425532,84.7872340425532,0.425531914893617,0.222,526,117,4,7,0,0,1,0,1,0,0,0,0,0,0,8439,7,-73,5,-712,-638,8,-1173,-1363,9,-1785,-843,9,3,20,151.22340425531914,0.0,0.0,1.8617021276595744,0.444,5232.166807968517,0.0,15336.332579857546,5155.672484081619,0.2,14070.873888994956,2762.8436600154964,0.4,7248.050841433163,3203.672817622303,0.6,10941.867710770404,0.46153846153846156,0.15384615384615385,0.38461538461538464,NEUTRAL,0.46153846153846156,0.38461538461538464,NEUTRAL,,,,,0,0,0,0,7,2,5,0.0,0.4,2.4,5.4,122.848,TEAMFIGHT,1,0.0,1.0,5.0,9.0,6,0.0,0.5,2.8333333333333335,6.0,0,0,2,0,0,1,0,0,1,NONE,NONE,TEAMFIGHT,TEAMFIGHT,STANDARD,NEUTRAL,SLOW,SPLIT,NO,0,0,0,0,0,0,0
EUW1_7702724257,200,1,18.8,16.2.740.1491,420,799,777,4,12,0,0,1,0,0,0,1,0,0,0,0,8437,588,761,13,1283,1794,31,2246,3689,39,2599,3702,34,4,95,864.2021276595744,398.6170212765957,415.3723404255319,0.851063829787234,0.286,91,9,4,11,0,0,1,0,0,1,0,0,0,0,0,8369,889,132,2,1464,996,17,2369,1548,17,2893,2463,36,6,82,3,490.5851063829787,6.595744680851063,2058.723404255319,1.3829787234042552,0.381,84,110,4,14,0,0,1,0,0,0,0,0,1,0,0,8112,-771,-524,-19,-717,-233,-17,-1410,303,2,-1259,727,7,2,65,350.9574468085106,278.3510638297872,278.3510638297872,0.26595744680851063,0.143,145,112,4,21,0,0,1,0,0,0,0,0,0,1,0,8008,-134,-113,2,500,469,15,1724,712,29,2651,970,28,8,93,963.563829787234,402.5,507.7127659574468,0.425531914893617,0.524,117,526,4,7,0,0,1,0,1,0,0,0,0,0,0,8214,-7,73,-5,712,638,-8,1173,1363,-9,1785,843,-9,9,12,328.2978723404255,116.86170212765957,151.70212765957447,2.234042553191489,0.619,6026.335344476747,0.0,13141.30503412808,4534.205408049577,0.4,14135.236998366881,2558.415213888489,0.6,8150.58212644962,3761.782017852561,0.2,11489.682545658085,0.46153846153846156,0.07692307692307693,0.46153846153846156,NEUTRAL,0.46153846153846156,0.46153846153846156,NEUTRAL,387.583,531.066,1026.776,796.753,2,3,0,5,14,7,10,0.5,0.3,1.9,4.5,122.848,TEAMFIGHT,2,0.0,1.0,4.5,9.0,12,0.4166666666666667,0.4166666666666667,2.3333333333333335,5.25,0,0,2,0,1,3,1,0,4,DRAGON,GRUBS_HERALD,MIXED,TEAMFIGHT,STANDARD,NEUTRAL,FAST,MIXED,YES,3,0,3,0,1,3,0
EUW1_7702648981,100,1,24.05,16.2.740.1491,420,150,36,4,12,0,0,1,0,0,0,1,0,0,0,0,8021,266,344,7,719,1262,16,621,1211,9,1357,2236,2,2,73,1117.6715176715177,330.6029106029106,413.8877338877339,1.1226611226611227,0.189,35,421,11,14,0,0,0,0,0,1,0,0,1,0,0,9923,9,19,-4,-145,333,-3,529,918,6,1553,2810,35,8,62,9,825.6964656964657,111.93347193347194,1715.966735966736,0.49896049896049893,0.541,101,34,4,21,0,0,1,0,0,0,0,0,0,1,0,8229,223,301,13,402,76,4,-67,-826,-17,514,-291,-13,4,71,900.1663201663201,165.03118503118503,317.0893970893971,0.6237006237006237,0.351,110,21,4,21,0,0,1,0,0,0,0,0,0,1,0,8229,-130,0,-8,528,477,-11,3136,2098,10,5066,3093,17,12,73,1844.7817047817048,670.7692307692307,1193.5550935550934,0.5821205821205822,0.757,26,37,4,7,0,0,1,0,1,0,0,0,0,0,0,8214,48,-5,6,218,651,17,92,1017,21,737,2086,20,4,19,373.5135135135135,72.22453222453223,86.56964656964657,2.869022869022869,0.568,5348.680173459754,0.2,13810.490070956932,4476.767258558297,0.2,14288.51948243764,4759.27915362509,0.0,11771.038399393658,4426.266037084178,0.0,13244.802188028327,0.38461538461538464,0.3076923076923077,0.3076923076923077,NEUTRAL,0.38461538461538464,0.3076923076923077,NEUTRAL,556.919,,1005.576,855.806,1,0,0,1,15,22,9,0.3333333333333333,0.3333333333333333,2.5555555555555554,5.111111111111111,330.437,PICK,9,0.1111111111111111,0.6666666666666666,2.5555555555555554,6.666666666666667,18,0.2222222222222222,0.5,2.5555555555555554,5.888888888888889,0,1,4,0,4,0,0,3,2,DRAGON,DRAGONS,TEAMFIGHT,PICK,STANDARD,TOP,MID,SPLIT,NO,3,1,8,1,1,0,0
EUW1_7702648981,200,0,24.05,16.2.740.1491,420,36,150,4,12,0,0,1,0,0,0,1,0,0,0,0,8437,-266,-344,-7,-719,-1262,-16,-621,-1211,-9,-1357,-2236,-2,1,57,505.77962577962575,293.6382536382536,293.6382536382536,0.79002079002079,0.222,421,35,4,11,0,0,1,0,0,1,0,0,0,0,0,8010,-9,-19,4,145,-333,3,-529,-918,-6,-1553,-2810,-35,5,66,0,396.13305613305613,0.9563409563409563,359.2099792099792,0.79002079002079,0.778,34,101,4,12,0,0,1,0,0,0,1,0,0,0,0,8230,-223,-301,-13,-402,-76,-4,67,826,17,-514,291,13,3,67,408.48232848232846,75.46777546777547,75.46777546777547,0.7484407484407484,0.333,21,110,4,21,0,0,1,0,0,0,0,0,0,1,0,8005,130,0,8,-528,-477,11,-3136,-2098,-10,-5066,-3093,-17,3,84,565.7796257796258,44.36590436590436,44.36590436590436,0.3326403326403326,0.333,37,26,4,7,0,0,1,0,1,0,0,0,0,0,0,8214,-48,5,-6,-218,-651,-17,-92,-1017,-21,-737,-2086,-20,5,2,414.46985446985445,0.0,0.0,1.663201663201663,0.667,4576.548658356638,0.0,11322.90218980982,4458.579889031704,0.2,14962.56294890685,3851.856962209547,0.2,13779.062994267788,2743.3483643010195,0.4,8202.461642702146,0.38461538461538464,0.3076923076923077,0.3076923076923077,NEUTRAL,0.38461538461538464,0.3076923076923077,NEUTRAL,,509.374,,1138.101,0,3,0,3,7,2,4,0.0,0.75,3.75,7.0,359.719,TEAMFIGHT,2,0.0,0.5,2.5,6.0,6,0.0,0.6666666666666666,3.3333333333333335,6.666666666666667,0,1,1,0,0,2,0,0,0,GRUBS,GRUBS_HERALD,TEAMFIGHT,TEAMFIGHT,SPLIT_1_3_1,NEUTRAL,MID,SPLIT,YES,0,0,1,0,0,3,0
EUW1_7702585887,100,0,33.65,16.2.740.1491,420,19,122,4,21,0,0,1,0,0,0,0,0,0,1,0,8008,-558,-392,-2,-1361,-1199,-20,-1521,-1300,-26,-2044,-2846,-48,0,70,585.2303120356612,124.66567607726599,190.78751857355127,1.0104011887072808,0.231,36,245,4,11,0,0,1,0,0,1,0,0,0,0,0,8021,-169,163,5,-227,-41,-4,-1140,-259,8,-1888,-729,12,5,70,9,989.3610698365528,0.0,810.8766716196137,1.0698365527488856,0.538,99,157,4,12,0,0,1,0,0,0,1,0,0,0,0,8229,722,687,9,658,572,5,46,757,15,-271,-67,21,5,85,1032.927191679049,288.79643387815753,311.82763744427933,0.5646359583952452,0.538,22,110,4,21,0,0,1,0,0,0,0,0,0,1,0,8008,188,447,13,-134,-59,11,-1622,-1577,-8,-1369,-1342,-7,5,71,734.9182763744428,97.08766716196138,415.60178306092126,1.099554234769688,0.654,111,497,4,14,0,0,1,0,0,0,0,0,1,0,0,8439,292,176,0,123,-202,0,-351,-266,0,-659,-270,-3,6,15,356.1069836552749,2.3179791976225856,46.15156017830609,2.971768202080238,0.577,4889.150129409469,0.0,14851.982258271113,2005.6336441853443,0.6,7306.686937319813,4342.301355420005,0.2,13208.395284817909,2383.5587337702336,0.6,6831.497054087047,0.07692307692307693,0.3076923076923077,0.6153846153846154,BOT,0.07692307692307693,0.6153846153846154,BOTSIDE,843.539,573.024,,979.037,0,3,0,3,10,10,6,0.0,0.6666666666666666,2.8333333333333335,6.0,192.341,TEAMFIGHT,4,0.0,1.0,3.75,9.0,10,0.0,0.8,3.2,7.2,0,0,0,0,2,2,0,2,0,GRUBS,GRUBS_HERALD,TEAMFIGHT,TEAMFIGHT,STANDARD,MID,FAST,SPLIT,YES,2,1,4,0,0,3,0
EUW1_7702585887,200,1,33.65,16.2.740.1491,420,122,19,4,6,0,0,1,1,0,0,0,0,0,0,0,8010,558,392,2,1361,1199,20,1521,1300,26,2044,2846,48,2,90,1099.3164933135215,241.45616641901933,445.7057949479941,1.099554234769688,0.444,245,36,4,11,0,0,1,0,0,1,0,0,0,0,0,8128,169,-163,-5,227,41,4,1140,259,-8,1888,729,-12,9,75,7,906.924219910847,175.27488855869242,1590.9361069836552,1.0104011887072808,0.556,157,99,4,14,0,0,1,0,0,0,0,0,1,0,0,8010,-722,-687,-9,-658,-572,-5,-46,-757,-15,271,67,-21,6,80,1018.8112927191679,251.1144130757801,265.9138187221397,0.9806835066864785,0.472,110,22,4,21,0,0,1,0,0,0,0,0,0,1,0,8229,-188,-447,-13,134,59,-11,1622,1577,8,1369,1342,7,9,60,961.1292719167906,386.1218424962853,689.0936106983655,0.6240713224368499,0.472,497,111,4,14,0,0,1,0,0,0,0,0,1,0,0,8465,-292,-176,0,-123,202,0,351,266,0,659,270,3,9,15,294.20505200594357,91.11441307578009,201.4264487369985,3.8038632986627046,0.694,5947.534225090572,0.0,14235.25345752579,2304.3600726423424,0.8,7650.100652932614,6276.809367001694,0.0,13719.804116677467,3017.3291122600813,0.4,9437.597681613684,0.23076923076923078,0.23076923076923078,0.5384615384615384,BOT,0.23076923076923078,0.5384615384615384,BOTSIDE,524.444,,1123.808,895.71,1,0,0,1,13,13,9,0.2222222222222222,0.3333333333333333,2.3333333333333335,5.0,142.44,PICK,7,0.0,0.7142857142857143,2.857142857142857,7.285714285714286,16,0.125,0.5,2.5625,6.0,0,2,0,0,1,0,0,2,2,DRAGON,DRAGONS,TEAMFIGHT,PICK,SPLIT_1_3_1,BOT,MID,SPLIT,NO,3,1,8,2,1,0,0
EUW1_7702509841,100,1,25.75,16.2.740.1491,420,114,106,4,14,0,0,1,0,0,0,0,0,1,0,0,8005,6,-317,5,335,123,15,2999,2645,44,2622,1622,32,6,86,1401.5533980582525,830.9514563106796,1006.252427184466,0.8543689320388349,0.593,131,59,4,11,0,0,1,0,0,1,0,0,0,0,0,8010,-204,-481,-8,-1045,-1049,-23,-1006,-1046,-29,-1387,-1110,-19,2,62,2,644.504854368932,0.0,1502.0194174757282,0.8155339805825242,0.37,34,61,4,12,0,0,1,0,0,0,1,0,0,0,0,8112,-14,62,2,611,1090,14,1459,2162,31,2168,1032,45,3,91,755.9611650485436,394.6407766990291,662.1359223300971,0.6213592233009708,0.222,15,110,4,21,0,0,1,0,0,0,0,0,0,1,0,8008,-172,-112,-9,-660,-226,-12,-282,202,-17,226,-58,-9,2,78,622.4077669902913,148.15533980582524,148.15533980582524,0.6990291262135923,0.37,37,432,3,4,0,1,1,0,0,0,0,0,0,0,0,8214,50,-3,4,372,87,7,852,371,4,342,-252,7,4,10,568.4660194174758,222.33009708737865,290.9514563106796,3.766990291262136,0.481,5275.813597296606,0.0,13975.524784422229,5022.2105777875695,0.2,15158.799457740708,5348.892974826874,0.2,14109.730862068205,5570.230018402441,0.2,15129.462151709162,0.3076923076923077,0.46153846153846156,0.23076923076923078,MID,0.3076923076923077,0.23076923076923078,NEUTRAL,816.078,506.61,,763.032,1,3,0,4,10,16,6,0.3333333333333333,0.6666666666666666,3.0,5.5,69.734,PICK,9,0.2222222222222222,0.6666666666666666,2.888888888888889,6.0,15,0.26666666666666666,0.6666666666666666,2.933333333333333,5.8,1,1,5,1,0,5,0,2,1,GRUBS,GRUBS_HERALD,TEAMFIGHT,PICK,SPLIT_1_3_1,NEUTRAL,FAST,SPLIT,YES,3,1,9,2,0,3,0
EUW1_7702509841,200,0,25.75,16.2.740.1491,420,106,114,4,12,0,0,1,0,0,0,1,0,0,0,0,8008,-6,317,-5,-335,-123,-15,-2999,-2645,-44,-2622,-1622,-32,2,71,842.4466019417475,224.58252427184465,224.58252427184465,0.8932038834951457,0.286,59,131,4,11,0,0,1,0,0,1,0,0,0,0,0,8010,204,481,8,1045,1049,23,1006,1046,29,1387,1110,19,5,84,24,883.3398058252427,19.145631067961165,206.36893203883494,0.6990291262135923,0.762,61,34,4,12,0,0,1,0,0,0,1,0,0,0,0,8229,14,-62,-2,-611,-1090,-14,-1459,-2162,-31,-2168,-1032,-45,2,77,629.0097087378641,54.48543689320388,65.7864077669903,0.7378640776699029,0.286,110,15,4,21,0,0,1,0,0,0,0,0,0,1,0,8229,172,112,9,660,226,12,282,-202,17,-226,58,9,1,90,816.2718446601941,91.6504854368932,91.6504854368932,0.6213592233009708,0.238,432,37,4,14,0,0,1,0,0,0,0,0,1,0,0,8112,-50,3,-4,-372,-87,-7,-852,-371,-4,-342,252,-7,3,3,529.6310679611651,0.0,0.0,3.6116504854368934,0.619,4076.5252302456256,0.0,9659.495846057393,3968.3770555897986,0.0,12454.692810342614,6057.915117363684,0.0,14563.409010255806,3193.5770916709394,0.0,7534.611602464987,0.3076923076923077,0.15384615384615385,0.5384615384615384,BOT,0.3076923076923077,0.5384615384615384,BOTSIDE,432.368,,,980.859,1,0,0,1,9,11,5,0.2,0.8,3.4,6.2,265.753,PICK,7,0.14285714285714285,0.7142857142857143,3.142857142857143,6.714285714285714,12,0.16666666666666666,0.75,3.25,6.5,0,1,2,0,0,1,0,0,1,DRAGON,DRAGONS,TEAMFIGHT,PICK,SPLIT_1_3_1,NEUTRAL,MID,SPLIT,NO,1,0,1,0,0,0,0
EUW1_7702472889,100,1,36.2,16.2.740.1491,420,14,24,4,12,0,0,1,0,0,0,1,0,0,0,0,8437,105,571,7,1778,1977,32,2718,2410,39,1882,824,26,2,87,1019.0331491712707,528.0386740331492,615.6353591160221,0.718232044198895,0.386,131,76,4,11,0,0,1,0,0,1,0,0,0,0,0,8010,637,94,-4,1709,1222,11,2363,1698,38,3294,2283,52,7,80,6,1179.6685082872928,94.44751381215468,2086.1325966850827,0.6629834254143646,0.5,238,157,4,14,0,0,1,0,0,0,0,0,1,0,0,8112,-781,-779,-18,-816,-641,-25,-1797,-1495,-29,-3301,-1130,-21,4,59,1137.4861878453037,156.71270718232043,227.81767955801104,1.3812154696132595,0.318,236,110,4,21,0,0,1,0,0,0,0,0,0,1,0,8005,693,329,-1,1767,437,6,3345,1340,27,3942,289,22,13,81,1047.0441988950276,487.7900552486187,1337.596685082873,0.7458563535911602,0.523,53,235,4,14,0,0,1,0,0,0,0,0,1,0,0,8439,383,391,-1,397,1119,-4,376,674,-21,618,835,-21,10,20,442.7348066298342,23.14917127071823,26.325966850828728,2.983425414364641,0.5,4761.847520168731,0.2,15215.677309932673,5095.652054282857,0.2,14915.539949998458,2462.032343958177,0.6,8241.88291593614,2509.3609699242716,0.8,8315.970177916706,0.3076923076923077,0.23076923076923078,0.46153846153846156,BOT,0.3076923076923077,0.46153846153846156,BOTSIDE,682.425,558.172,988.9,757.73,1,2,0,3,19,14,11,0.6363636363636364,0.36363636363636365,2.0,4.818181818181818,104.914,PICK,6,0.3333333333333333,0.6666666666666666,4.0,6.333333333333333,17,0.5294117647058824,0.47058823529411764,2.7058823529411766,5.352941176470588,1,1,4,0,3,3,1,2,4,GRUBS,GRUBS_HERALD,MIXED,PICK,STANDARD,NEUTRAL,FAST,MIXED,YES,4,3,11,3,1,2,0
EUW1_7702472889,200,0,36.2,16.2.740.1491,420,24,14,4,14,0,0,1,0,0,0,0,0,1,0,0,8008,-105,-571,-7,-1778,-1977,-32,-2718,-2410,-39,-1882,-824,-26,0,55,1392.099447513812,448.1215469613259,568.2596685082873,0.9392265193370165,0.556,76,131,4,11,0,0,1,0,0,1,0,0,0,0,0,8128,-637,-94,4,-1709,-1222,-11,-2363,-1698,-38,-3294,-2283,-52,1,70,4,799.5303867403314,25.44198895027624,358.3149171270718,1.160220994475138,0.5,157,238,4,14,0,0,1,0,0,0,0,0,1,0,0,8008,781,779,18,816,641,25,1797,1495,29,3301,1130,21,6,84,1356.8508287292816,172.4309392265193,172.4309392265193,0.7458563535911602,0.583,110,236,4,21,0,0,1,0,0,0,0,0,0,1,0,8229,-693,-329,1,-1767,-437,-6,-3345,-1340,-27,-3942,-289,-22,1,75,875.4419889502761,135.3867403314917,220.6906077348066,0.30386740331491713,0.417,235,53,4,7,0,0,1,0,1,0,0,0,0,0,0,8214,-383,-391,1,-397,-1119,4,-376,-674,21,-618,-835,21,1,24,368.9226519337016,39.00552486187845,62.872928176795575,2.348066298342541,0.528,6113.754573916898,0.0,14588.004935562643,4727.588384692294,0.2,13474.859850848172,3478.0185074615606,0.4,12436.835369176519,694.6067110284208,1.0,2261.954022521236,0.38461538461538464,0.3076923076923077,0.3076923076923077,NEUTRAL,0.38461538461538464,0.3076923076923077,NEUTRAL,1790.985,534.249,,789.687,0,1,0,1,5,15,5,0.6,0.4,2.2,4.4,133.667,PICK,6,0.16666666666666666,0.8333333333333334,4.5,7.166666666666667,11,0.36363636363636365,0.6363636363636364,3.4545454545454546,5.909090909090909,0,1,0,1,1,2,0,1,2,GRUBS,GRUBS_HERALD,TEAMFIGHT,PICK,SPLIT_1_3_1,NEUTRAL,SLOW,SPLIT,YES,1,0,7,1,0,1,0
EUW1_7702442924,100,1,24.816666666666666,16.2.740.1491,420,24,238,4,14,0,0,1,0,0,0,0,0,1,0,0,8008,152,267,1,-477,-99,-4,138,831,7,1283,1773,20,5,74,817.5957018132975,480.402955003358,480.402955003358,1.0476830087306916,0.316,234,887,4,11,0,0,1,0,0,1,0,0,0,0,0,8010,61,257,4,345,-371,-15,1437,1147,-13,2888,2985,14,11,60,13,747.8441907320349,163.43854936198792,1164.9026192075219,0.6044325050369376,0.447,38,25,4,12,0,0,1,0,0,0,1,0,0,0,0,8369,-211,-66,-11,497,108,-8,1453,1416,7,1631,1310,20,7,80,553.9422431161854,303.06245802552047,303.06245802552047,0.36265950302216254,0.237,110,901,4,21,0,0,1,0,0,0,0,0,0,1,0,8229,667,-80,-2,1490,773,11,3372,2283,25,2223,2269,15,9,80,1419.5298858294157,742.2028206850235,908.3411685695097,0.48354600402955006,0.474,12,432,4,14,0,0,1,0,0,0,0,0,1,0,0,8230,0,83,8,9,31,12,532,1100,13,1028,-48,9,12,13,359.63734049697786,21.598388179986568,21.598388179986568,2.9415715245130962,0.579,4684.804342324276,0.4,15232.163503586744,5416.2037436087485,0.2,13037.388235379049,3504.2271917990597,0.2,9595.165136671696,2668.8503648805463,0.6,8082.882468525693,0.15384615384615385,0.38461538461538464,0.46153846153846156,NEUTRAL,0.15384615384615385,0.46153846153846156,BOTSIDE,411.706,,,789.955,2,0,0,2,17,21,6,0.16666666666666666,0.8333333333333334,3.8333333333333335,6.833333333333333,161.788,TEAMFIGHT,8,0.25,0.75,3.25,6.625,14,0.21428571428571427,0.7857142857142857,3.5,6.714285714285714,0,3,2,0,5,3,1,1,4,DRAGON,DRAGONS,TEAMFIGHT,TEAMFIGHT,STANDARD,NEUTRAL,FAST,SPLIT,YES,3,0,10,2,0,0,0
EUW1_7702442924,200,0,24.816666666666666,16.2.740.1491,420,238,24,4,12,0,0,1,0,0,0,1,0,0,0,0,8369,-152,-267,-1,477,99,4,-138,-831,-7,-1283,-1773,-20,1,78,644.9294828744123,70.11417058428475,76.64204163868368,0.32236400268636667,0.154,887,234,6,11,0,0,0,1,0,1,0,0,0,0,0,8010,-61,-257,-4,-345,371,15,-1437,-1147,13,-2888,-2985,-14,2,77,5,598.8314304902619,0.0,350.3693754197448,0.8462055070517126,0.308,25,38,4,12,0,0,1,0,0,0,1,0,0,0,0,8229,211,66,11,-497,-108,8,-1453,-1416,-7,-1631,-1310,-20,2,88,611.3230355943587,189.06648757555408,189.06648757555408,0.7656145063801209,0.538,901,110,4,21,0,0,1,0,0,0,0,0,0,1,0,8021,-667,80,2,-1490,-773,-11,-3372,-2283,-25,-2223,-2269,-15,1,69,631.2290127602417,45.93687038280726,45.93687038280726,0.48354600402955006,0.538,432,12,4,14,0,0,1,0,0,0,0,0,1,0,0,8112,0,-83,-8,-9,-31,-12,-532,-1100,-13,-1028,48,-9,5,1,649.7649429147078,16.964405641370046,30.30221625251847,3.1027535258562793,0.846,4780.63591076813,0.0,14016.000713470301,4757.05957789136,0.2,14679.801906020393,4876.715337444812,0.0,12580.194632834582,3342.9990253787278,0.4,10877.188101710846,0.5384615384615384,0.38461538461538464,0.07692307692307693,TOP,0.5384615384615384,0.07692307692307693,TOPSIDE,,524.046,,,0,3,0,3,7,6,5,0.2,0.8,4.0,6.8,161.788,TEAMFIGHT,4,0.0,0.75,3.75,7.5,9,0.1111111111111111,0.7777777777777778,3.888888888888889,7.111111111111111,0,0,2,0,0,3,0,0,1,GRUBS,GRUBS_HERALD,TEAMFIGHT,TEAMFIGHT,STANDARD,NEUTRAL,MID,SPLIT,YES,0,0,0,0,0,3,0
EUW1_7702409307,100,1,27.266666666666666,16.2.740.1491,420,69,82,4,6,0,0,1,1,0,0,0,0,0,0,0,8010,74,0,4,482,-261,-5,630,-583,-16,311,704,-18,7,78,822.1760391198044,295.8924205378973,582.7628361858191,0.880195599022005,0.474,141,75,4,11,0,0,1,0,0,1,0,0,0,0,0,8128,475,722,20,630,290,19,396,603,32,1387,2464,58,3,76,20,654.718826405868,82.3716381418093,1341.8215158924206,1.2469437652811737,0.395,133,105,4,14,0,0,1,0,0,0,0,0,1,0,0,8112,953,339,26,1092,1086,41,1927,1215,38,3242,1953,23,11,83,1212.5061124694378,312.68948655256725,312.68948655256725,0.4400977995110025,0.553,804,523,4,21,0,0,1,0,0,0,0,0,0,1,0,8008,338,210,-2,581,1337,9,1003,1640,25,2584,2790,39,6,86,1089.9755501222494,373.12958435207827,693.0440097799511,0.5501222493887531,0.474,412,40,4,14,0,0,1,0,0,0,0,0,1,0,0,8439,80,-7,0,86,-731,1,24,-1012,0,495,264,4,8,12,509.6699266503668,82.73838630806846,128.94865525672373,3.4841075794621026,0.632,5232.309767199098,0.0,11272.704378275872,4573.055323945841,0.0,11202.54863859113,2376.2730142027567,0.8,7393.700629590029,1706.945338462578,0.8,4494.870187224543,0.3076923076923077,0.38461538461538464,0.3076923076923077,NEUTRAL,0.3076923076923077,0.3076923076923077,NEUTRAL,871.12,588.878,,776.24,0,2,0,2,15,17,8,0.375,0.375,3.0,5.0,177.691,PICK,6,0.16666666666666666,0.8333333333333334,4.0,7.333333333333333,14,0.2857142857142857,0.5714285714285714,3.4285714285714284,6.0,0,1,3,0,2,2,1,0,2,GRUBS,GRUBS_HERALD,TEAMFIGHT,PICK,SIEGE_GROUP,NEUTRAL,FAST,GROUP,YES,3,1,9,2,0,2,0
EUW1_7702409307,200,0,27.266666666666666,16.2.740.1491,420,82,69,4,12,0,0,1,0,0,0,1,0,0,0,0,8010,-74,0,-4,-482,261,5,-630,583,16,-311,-704,18,5,81,777.6894865525672,112.8117359413203,115.23227383863082,0.9902200488997556,0.478,75,141,6,11,0,0,0,1,0,1,0,0,0,0,0,8021,-475,-722,-20,-630,-290,-19,-396,-603,-32,-1387,-2464,-58,5,52,2,457.88508557457214,0.0,0.0,1.0268948655256724,0.609,105,133,4,14,0,0,1,0,0,0,0,0,1,0,0,8112,-953,-339,-26,-1092,-1086,-41,-1927,-1215,-38,-3242,-1953,-23,6,42,768.4474327628362,196.7237163814181,196.7237163814181,0.6968215158924206,0.478,523,804,4,21,0,0,1,0,0,0,0,0,0,1,0,8008,-338,-210,2,-581,-1337,-9,-1003,-1640,-25,-2584,-2790,-39,4,77,597.4327628361858,190.0122249388753,190.0122249388753,0.58679706601467,0.261,40,412,4,7,0,0,1,0,1,0,0,0,0,0,0,8214,-80,7,0,-86,731,-1,-24,1012,0,-495,-264,-4,10,11,278.9119804400978,4.400977995110025,7.555012224938875,2.860635696821516,0.696,4996.31660980066,0.0,14856.387784384198,3062.6819972371386,0.6,11410.26292422747,3068.1442058891917,0.6,11952.315131387726,3252.5124473736123,0.2,9701.256877332957,0.46153846153846156,0.3076923076923077,0.23076923076923078,TOP,0.46153846153846156,0.23076923076923078,TOPSIDE,,598.013,,1025.909,0,1,0,1,11,9,6,0.3333333333333333,0.5,3.5,5.666666666666667,316.08,PICK,6,0.3333333333333333,0.6666666666666666,3.5,6.5,12,0.3333333333333333,0.5833333333333334,3.5,6.083333333333333,0,0,1,0,0,1,0,1,1,GRUBS,GRUBS_HERALD,TEAMFIGHT,PICK,STANDARD,NEUTRAL,MID,MIXED,NO,0,0,1,0,0,1,0
EUW1_7702385795,100,0,32.1,16.2.740.1491,420,133,157,4,14,0,0,1,0,0,0,0,0,1,0,0,8112,423,-135,4,226,-212,-7,2914,2666,17,2753,1907,-3,8,71,1388.5981308411215,353.208722741433,357.07165109034264,1.02803738317757,0.741,5,36,4,11,0,0,1,0,0,1,0,0,0,0,0,8010,-98,-278,-8,-953,-727,-22,-1082,-566,-25,-1524,-922,-22,4,70,24,531.3395638629283,24.859813084112147,709.4080996884735,0.778816199376947,0.296,245,13,4,12,0,0,1,0,0,0,1,0,0,0,0,9923,324,-112,-14,-228,-536,-11,-1080,-711,-29,-1522,-424,-27,5,64,796.8847352024922,245.202492211838,282.7102803738318,1.3707165109034267,0.407,901,498,4,21,0,0,1,0,0,0,0,0,0,1,0,8021,-294,98,0,-887,-245,3,-230,-197,7,-859,-824,3,4,76,1418.3489096573207,193.61370716510902,286.66666666666663,0.6230529595015576,0.296,902,267,4,7,0,0,1,0,1,0,0,0,0,0,0,8214,5,-31,1,-383,-94,5,-43,605,7,-184,-252,7,5,13,247.1651090342679,13.177570093457943,31.02803738317757,3.4579439252336446,0.481,4952.9890523192435,0.2,14411.182914667346,5462.051546638727,0.2,15062.611360584193,5097.044653799821,0.0,12459.45331866531,2085.892429094608,0.8,6774.20644799079,0.15384615384615385,0.46153846153846156,0.38461538461538464,NEUTRAL,0.15384615384615385,0.38461538461538464,BOTSIDE,,499.178,943.801,772.94,0,3,0,3,12,10,8,0.625,0.375,2.25,4.25,113.329,PICK,7,0.8571428571428571,0.14285714285714285,1.8571428571428572,4.142857142857143,15,0.7333333333333333,0.26666666666666666,2.066666666666667,4.2,1,1,6,0,1,1,0,2,0,GRUBS,GRUBS_HERALD,PICK,PICK,SPLIT_1_3_1,TOP,FAST,SPLIT,YES,0,0,5,0,1,3,0
EUW1_7702385795,200,1,32.1,16.2.740.1491,420,157,133,3,4,0,1,1,0,0,0,0,0,0,0,0,8008,-423,135,-4,-226,212,7,-2914,-2666,-17,-2753,-1907,3,2,78,439.1277258566978,258.78504672897196,435.01557632398755,0.5295950155763239,0.344,36,5,4,11,0,0,1,0,0,1,0,0,0,0,0,8021,98,278,8,953,727,22,1082,566,25,1524,922,22,7,84,36,1042.1183800623053,251.90031152647973,1313.0218068535826,1.1526479750778815,0.781,13,245,4,6,0,0,1,1,0,0,0,0,0,0,0,8230,-324,112,14,228,536,11,1080,711,29,1522,424,27,5,75,1016.9470404984423,328.19314641744546,570.9345794392523,0.6230529595015576,0.562,498,901,4,21,0,0,1,0,0,0,0,0,0,1,0,8008,294,-98,0,887,245,-3,230,197,-7,859,824,-3,4,73,1141.3395638629283,159.62616822429905,506.94704049844233,0.4984423676012461,0.531,267,902,4,7,0,0,1,0,1,0,0,0,0,0,0,8214,-5,31,-1,383,94,-5,43,-605,-7,184,252,-7,5,8,386.9781931464174,40.40498442367601,91.02803738317756,2.9283489096573208,0.719,4600.648867935372,0.2,14130.88408416119,4627.6329582757635,0.0,11814.512093184383,5985.834128697384,0.0,14119.051136673455,565.6679334831057,1.0,1553.7840905351038,0.23076923076923078,0.46153846153846156,0.3076923076923077,MID,0.23076923076923078,0.3076923076923077,NEUTRAL,345.898,,,1008.733,2,0,0,2,11,10,7,0.42857142857142855,0.5714285714285714,2.5714285714285716,5.571428571428571,224.437,TEAMFIGHT,6,0.5,0.5,2.5,5.833333333333333,13,0.46153846153846156,0.5384615384615384,2.5384615384615383,5.6923076923076925,0,1,2,0,1,2,0,1,3,DRAGON,DRAGONS,MIXED,TEAMFIGHT,SPLIT_1_3_1,NEUTRAL,FAST,SPLIT,YES,5,1,8,1,0,0,1
EUW1_7702081677,100,0,26.733333333333334,16.2.740.1491,420,23,897,6,14,0,0,0,1,0,0,0,0,1,0,0,8437,304,179,11,561,55,17,2143,1249,39,2665,1643,48,2,103,862.5561097256857,253.5785536159601,278.75311720698255,0.8977556109725685,0.4,32,427,4,11,0,0,1,0,0,1,0,0,0,0,0,8010,449,119,2,293,-235,3,1461,544,19,1676,-212,18,9,68,8,745.8104738154614,0.0,553.9526184538653,0.48628428927680795,0.76,166,163,4,14,0,0,1,0,0,0,0,0,1,0,0,8112,236,74,6,336,-492,-6,-13,-451,-18,218,-1340,-35,7,75,1194.1645885286782,195.56109725685783,228.6284289276808,0.7481296758104737,0.64,222,145,4,21,0,0,1,0,0,0,0,0,0,1,0,8008,308,-183,-12,-686,-711,-21,-1781,-241,-28,-3607,-307,-23,4,71,785.1620947630922,222.34413965087282,249.501246882793,0.5985037406483791,0.48,117,235,4,7,0,0,1,0,1,0,0,0,0,0,0,8214,111,406,5,-584,275,5,-1205,-243,3,-1204,-377,-3,6,17,215.76059850374065,7.107231920199501,16.271820448877804,2.655860349127182,0.68,4259.3609708204585,0.0,11751.205044590108,4391.102134573046,0.2,11736.776260967063,480.0509485123939,1.0,1072.3306393086043,1711.3915570104477,0.8,5849.657767767273,0.3076923076923077,0.3076923076923077,0.38461538461538464,NEUTRAL,0.3076923076923077,0.38461538461538464,NEUTRAL,551.122,626.68,,761.539,1,2,0,3,11,11,8,0.625,0.375,2.25,4.75,126.878,PICK,5,0.0,1.0,5.8,8.8,13,0.38461538461538464,0.6153846153846154,3.6153846153846154,6.3076923076923075,1,0,5,0,0,0,0,1,2,DRAGON,GRUBS_HERALD,TEAMFIGHT,PICK,STANDARD,TOP,FAST,GROUP,YES,2,0,2,0,0,2,0
EUW1_7702081677,200,1,26.733333333333334,16.2.740.1491,420,897,23,4,12,0,0,1,0,0,0,1,0,0,0,0,8437,-304,-179,-11,-561,-55,-17,-2143,-1249,-39,-2665,-1643,-48,0,86,1001.4463840399002,101.07231920199501,126.65835411471322,0.07481296758104738,0.294,427,32,4,11,0,0,1,0,0,1,0,0,0,0,0,8214,-449,-119,-2,-293,235,-3,-1461,-544,-19,-1676,212,-18,6,65,7,352.48129675810475,12.119700748129675,805.6234413965087,1.4588528678304238,0.676,163,166,4,12,0,0,1,0,0,0,1,0,0,0,0,8230,-236,-74,-6,-336,492,6,13,451,18,-218,1340,35,3,81,1020.9725685785536,569.2892768079801,569.2892768079801,0.71072319201995,0.412,145,222,4,21,0,0,1,0,0,0,0,0,0,1,0,8008,-308,183,12,686,711,21,1781,241,28,3607,307,23,8,92,1777.5935162094763,609.7256857855361,1164.6882793017455,0.44887780548628425,0.794,235,117,4,7,0,0,1,0,1,0,0,0,0,0,0,8214,-111,-406,-5,584,-275,-5,1205,243,-3,1204,377,3,9,12,405.1122194513716,180.11221945137157,224.8503740648379,2.2069825436408976,0.794,4574.770961599733,0.2,14416.924394613436,5275.372869997552,0.2,13829.135403198567,317.00123337522814,1.0,1019.7342791139267,2797.566518572946,0.6,12201.593379554984,0.3076923076923077,0.23076923076923078,0.46153846153846156,BOT,0.3076923076923077,0.46153846153846156,BOTSIDE,1018.562,619.832,,825.98,0,1,0,1,9,19,5,0.4,0.6,3.0,5.8,380.17,PICK,6,0.16666666666666666,0.8333333333333334,5.0,8.0,11,0.2727272727272727,0.7272727272727273,4.090909090909091,7.0,0,1,0,0,3,2,1,1,3,GRUBS,GRUBS_HERALD,TEAMFIGHT,PICK,SIEGE_GROUP,NEUTRAL,MID,GROUP,YES,1,1,9,1,0,1,0
EUW1_7702021152,100,0,28.733333333333334,16.2.740.1491,420,54,875,4,12,0,0,1,0,0,0,1,0,0,0,0,8229,-198,31,-9,241,646,-11,-94,824,-14,1540,3730,12,3,73,925.893271461717,44.86078886310905,44.86078886310905,1.2529002320185614,0.565,154,234,4,11,0,0,1,0,0,1,0,0,0,0,0,8010,-268,140,6,-268,503,8,-1075,-433,-10,-1024,372,3,4,68,0,594.7795823665894,0.0,178.9211136890951,0.6264501160092807,0.522,39,777,3,4,0,1,1,0,0,0,0,0,0,0,0,8010,437,135,5,-138,-298,-8,-1259,-1660,-36,149,-289,-19,3,84,1068.584686774942,231.33410672853827,394.4199535962877,0.765661252900232,0.696,110,67,4,21,0,0,1,0,0,0,0,0,0,1,0,8229,113,278,2,891,884,3,1432,1084,16,1467,392,-1,4,75,863.5614849187934,169.9767981438515,169.9767981438515,0.6960556844547564,0.391,201,902,4,7,0,0,1,0,1,0,0,0,0,0,0,8465,-248,-249,-2,624,-255,-5,731,-348,-5,170,-61,-5,5,10,251.27610208816705,24.501160092807424,24.501160092807424,2.7842227378190256,0.565,4707.033054301322,0.4,14540.435378626045,5337.887871480889,0.0,14762.331861870603,5141.284521103395,0.2,14755.441335317626,4014.3262730309843,0.2,11318.03432580057,0.15384615384615385,0.5384615384615384,0.3076923076923077,MID,0.15384615384615385,0.3076923076923077,BOTSIDE,1174.534,,,1066.879,0,0,0,0,9,14,4,0.25,0.75,2.75,6.25,235.892,TEAMFIGHT,6,0.3333333333333333,0.6666666666666666,3.3333333333333335,6.833333333333333,10,0.3,0.7,3.1,6.6,0,0,1,0,1,1,0,1,2,NONE,NONE,TEAMFIGHT,TEAMFIGHT,STANDARD,NEUTRAL,MID,SPLIT,NO,1,0,2,0,0,0,0
EUW1_7702021152,200,1,28.733333333333334,16.2.740.1491,420,875,54,4,14,0,0,1,0,0,0,0,0,1,0,0,8010,198,-31,9,-241,-646,11,94,-824,14,-1540,-3730,-12,0,84,849.9187935034803,281.76334106728535,417.1809744779582,1.2877030162412992,0.375,234,154,4,11,0,0,1,0,0,1,0,0,0,0,0,8010,268,-140,-6,268,-503,-8,1075,433,10,1024,-372,-3,5,66,6,815.3248259860788,209.68677494199537,1401.1600928074245,0.974477958236659,0.792,777,39,4,12,0,0,1,0,0,0,1,0,0,0,0,8008,-437,-135,-5,138,298,8,1259,1660,36,-149,289,19,5,92,1187.1577726218097,676.6357308584686,844.2111368909513,0.382830626450116,0.792,67,110,4,21,0,0,1,0,0,0,0,0,0,1,0,8008,-113,-278,-2,-891,-884,-3,-1432,-1084,-16,-1467,-392,1,0,72,722.784222737819,144.292343387471,282.9466357308585,0.31322505800464034,0.375,902,201,4,7,0,0,1,0,1,0,0,0,0,0,0,8214,248,249,2,-624,255,5,-731,348,5,-170,61,5,2,15,330.661252900232,18.132250580046403,47.40139211136891,3.1322505800464038,0.75,5813.080191095551,0.2,15101.925208396444,5098.640810164286,0.0,14442.115980700335,3535.4332519088375,0.2,10052.659001478167,3633.835425845523,0.2,9488.9734955895,0.23076923076923078,0.5384615384615384,0.23076923076923078,MID,0.23076923076923078,0.23076923076923078,NEUTRAL,431.937,534.34,,847.268,2,3,0,5,5,14,3,0.3333333333333333,0.3333333333333333,2.0,4.0,235.892,TEAMFIGHT,6,0.16666666666666666,0.8333333333333334,4.0,7.833333333333333,9,0.2222222222222222,0.6666666666666666,3.3333333333333335,6.555555555555555,0,1,2,0,3,3,0,2,0,DRAGON,GRUBS_HERALD,TEAMFIGHT,TEAMFIGHT,STANDARD,NEUTRAL,MID,SPLIT,YES,3,1,9,1,0,3,0
EUW1_7701964475,100,1,23.983333333333334,16.2.740.1491,420,157,777,4,14,0,0,1,0,0,0,0,0,1,0,0,8008,-37,-276,-9,707,354,8,1436,2445,33,2121,2535,48,7,78,1255.7470465601111,544.8783877692842,586.6990965948576,0.6671299513551077,0.282,245,131,4,11,0,0,1,0,0,1,0,0,0,0,0,8128,-349,-294,-10,-456,-260,-17,180,-682,-31,426,-198,-10,10,62,8,682.0569840166783,339.19388464211255,1800.125086865879,0.4586518415566365,0.41,234,163,4,14,0,0,1,0,0,0,0,0,1,0,0,8010,-222,22,-6,1234,897,-10,2720,1955,-5,1357,916,-39,11,72,897.2897845726199,183.3773453787352,209.43710910354412,0.7505211952744961,0.487,222,236,4,21,0,0,1,0,0,0,0,0,0,1,0,8008,361,-124,9,204,-59,3,1308,875,26,1512,1106,39,6,84,881.5705350938151,579.1938846421126,944.447533009034,0.7922168172341904,0.41,267,117,4,7,0,0,1,0,1,0,0,0,0,0,0,8214,21,-31,-3,-7,38,-7,818,133,-2,706,-289,-4,11,8,431.5496872828353,66.546212647672,96.60875608061153,2.376650451702571,0.59,4768.895364750906,0.2,13957.482652684901,5077.019537712242,0.2,14260.224437223982,4876.968625334584,0.0,12165.102753367932,805.9634952288884,1.0,2109.6381206263786,0.3076923076923077,0.23076923076923078,0.46153846153846156,BOT,0.3076923076923077,0.46153846153846156,BOTSIDE,347.343,494.251,1032.139,670.078,2,3,0,5,23,16,11,0.2727272727272727,0.5454545454545454,3.090909090909091,5.818181818181818,76.796,PICK,5,0.2,0.8,4.0,7.2,16,0.25,0.625,3.375,6.25,1,0,5,1,4,5,1,2,2,DRAGON,GRUBS_HERALD,TEAMFIGHT,PICK,STANDARD,NEUTRAL,FAST,SPLIT,YES,4,0,9,2,1,3,0
EUW1_7701964475,200,0,23.983333333333334,16.2.740.1491,420,777,157,4,12,0,0,1,0,0,0,1,0,0,0,0,8008,37,276,9,-707,-354,-8,-1436,-2445,-33,-2121,-2535,-48,5,74,855.5107713690062,153.85684503127172,153.85684503127172,0.6671299513551077,0.542,131,245,4,11,0,0,1,0,0,1,0,0,0,0,0,8010,349,294,10,456,260,17,-180,682,31,-426,198,10,5,72,11,784.4197359277275,0.0,194.96872828353023,0.7505211952744961,0.583,163,234,4,12,0,0,1,0,0,0,1,0,0,0,0,8230,222,-22,6,-1234,-897,10,-2720,-1955,5,-1357,-916,39,2,82,574.5239749826268,296.74774148714386,398.4433634468381,0.6671299513551077,0.208,236,222,4,21,0,0,1,0,0,0,0,0,0,1,0,8005,-361,124,-9,-204,59,-3,-1308,-875,-26,-1512,-1106,-39,5,81,717.4982626824183,38.15149409312022,41.570535093815145,0.8339124391938846,0.333,117,267,4,7,0,0,1,0,1,0,0,0,0,0,0,8214,-21,31,3,7,-38,7,-818,-133,2,-706,289,4,7,15,313.0090340514246,0.0,0.0,1.9179986101459345,0.667,5088.101207601235,0.2,12292.779547360311,5771.8194209110425,0.0,13854.970876909127,3102.911232405492,0.2,8454.33155252383,1714.2465273849834,0.8,3911.470567446469,0.23076923076923078,0.46153846153846156,0.3076923076923077,MID,0.23076923076923078,0.3076923076923077,NEUTRAL,,,,1103.674,0,0,0,0,10,14,8,0.25,0.625,3.375,6.0,151.956,SKIRMISH,6,0.0,0.8333333333333334,3.6666666666666665,7.666666666666667,14,0.14285714285714285,0.7142857142857143,3.5,6.714285714285714,0,0,2,0,0,2,0,1,1,NONE,NONE,TEAMFIGHT,NONE,SPLIT_1_3_1,NEUTRAL,MID,SPLIT,NO,0,0,1,0,0,0,0
EUW1_7700541707,100,0,37.6,16.2.740.1491,420,31,27,4,6,0,0,1,1,0,0,0,0,0,0,0,9923,-167,155,-5,-89,124,-8,273,1212,-5,1564,1762,-7,1,85,1145.4787234042553,194.04255319148936,342.7127659574468,0.8776595744680851,0.405,35,126,11,14,0,0,0,0,0,1,0,0,1,0,0,9923,123,268,6,500,418,9,353,253,-1,-286,-572,-22,8,82,26,813.4042553191489,141.99468085106383,1232.5797872340424,1.9680851063829787,0.622,145,84,4,21,0,0,1,0,0,0,0,0,0,1,0,8008,-210,17,14,-468,-635,12,-1248,-2081,6,-1450,-2208,6,2,85,958.1117021276596,150.85106382978722,739.5744680851063,0.3191489361702127,0.432,119,67,4,21,0,0,1,0,0,0,0,0,0,1,0,8008,1178,86,14,910,-15,23,1544,-167,34,881,-384,35,6,87,1385.345744680851,435.3723404255319,748.1648936170212,0.3191489361702127,0.568,412,111,4,14,0,0,1,0,0,0,0,0,1,0,0,8439,152,554,3,-51,655,4,434,685,2,389,139,5,7,17,427.2340425531915,6.595744680851063,28.98936170212766,3.430851063829787,0.595,5892.0388760989845,0.2,15348.964036702933,5345.756555644136,0.2,14485.139419418787,4720.009198061887,0.2,13900.019640273895,2477.4922947353043,0.6,7799.16982761627,0.23076923076923078,0.38461538461538464,0.38461538461538464,NEUTRAL,0.23076923076923078,0.38461538461538464,BOTSIDE,1190.228,509.951,,922.379,0,3,0,3,9,11,8,0.375,0.375,1.875,4.875,132.594,PICK,6,0.3333333333333333,0.6666666666666666,3.5,6.333333333333333,14,0.35714285714285715,0.5,2.5714285714285716,5.5,0,1,4,0,2,3,0,0,4,GRUBS,GRUBS_HERALD,TEAMFIGHT,PICK,STANDARD,NEUTRAL,FAST,SPLIT,YES,3,2,8,0,0,3,0
EUW1_7700541707,200,1,37.6,16.2.740.1491,420,27,31,4,6,0,0,1,1,0,0,0,0,0,0,0,8214,167,-155,5,89,-124,8,-273,-1212,5,-1564,-1762,7,2,93,544.4414893617021,155.93085106382978,232.5,0.9308510638297872,0.455,126,35,4,11,0,0,1,0,0,1,0,0,0,0,0,8369,-123,-268,-6,-500,-418,-9,-353,-253,1,286,572,22,4,78,2,1097.6063829787233,48.45744680851064,1103.2446808510638,0.8244680851063829,0.5,84,145,4,14,0,0,1,0,0,0,0,0,1,0,0,8112,210,-17,-14,468,635,-12,1248,2081,-6,1450,2208,-6,6,73,1261.063829787234,339.92021276595744,347.02127659574467,1.4095744680851063,0.568,67,119,4,21,0,0,1,0,0,0,0,0,0,1,0,8008,-1178,-86,-14,-910,15,-23,-1544,167,-34,-881,384,-35,5,64,1265.5585106382978,301.59574468085106,680.1329787234042,0.6382978723404255,0.636,111,412,4,14,0,0,1,0,0,0,0,0,1,0,0,8439,-152,-554,-3,51,-655,-4,-434,-685,-2,-389,-139,-5,6,13,455.8244680851064,38.45744680851064,53.138297872340424,2.606382978723404,0.523,4676.626666851901,0.2,13506.664762257187,5223.116058369165,0.2,13770.28805072719,5330.659080781725,0.0,12201.6768109961,1840.010818030018,0.6,5340.800033702816,0.3076923076923077,0.3076923076923077,0.38461538461538464,NEUTRAL,0.3076923076923077,0.38461538461538464,NEUTRAL,512.941,,1090.894,959.31,1,0,0,1,8,15,6,0.0,0.5,2.3333333333333335,5.666666666666667,192.356,SKIRMISH,6,0.0,0.8333333333333334,4.0,7.666666666666667,12,0.0,0.6666666666666666,3.1666666666666665,6.666666666666667,0,0,0,0,1,1,0,2,0,DRAGON,DRAGONS,TEAMFIGHT,NONE,SPLIT_1_3_1,NEUTRAL,MID,SPLIT,NO,3,1,8,1,1,0,0
EUW1_7700483430,100,1,27.2,16.2.740.1491,420,516,24,4,12,0,0,1,0,0,0,1,0,0,0,0,8437,340,516,2,-573,-320,-15,-898,-560,-26,-991,998,-7,2,58,478.89705882352945,267.6102941176471,330.33088235294116,0.9926470588235294,0.405,163,9,4,11,0,0,1,0,0,1,0,0,0,0,0,8128,306,18,-5,-184,-506,-18,-591,-1320,-23,-1203,-492,-7,4,69,16,739.1544117647059,0.0,869.8529411764706,0.8088235294117647,0.405,142,61,4,14,0,0,1,0,0,0,0,0,1,0,0,8112,650,553,11,529,330,13,692,342,16,1006,1315,4,3,95,828.9338235294118,295.25735294117646,430.18382352941177,0.9558823529411765,0.541,523,145,4,21,0,0,1,0,0,0,0,0,0,1,0,8005,954,634,24,1961,433,38,3500,706,45,3232,-1102,25,6,96,1026.0661764705883,617.6470588235294,1152.6470588235295,0.5882352941176471,0.541,117,89,4,7,0,0,1,0,1,0,0,0,0,0,0,8214,968,541,4,1273,1006,7,1362,680,3,1585,321,4,7,14,176.91176470588235,55.77205882352941,113.56617647058823,2.2794117647058822,0.649,3274.7222060491654,0.2,8270.829281275246,3893.7120557577227,0.2,11629.74483812951,3323.848413740011,0.2,8492.52759783564,1608.46385704371,0.8,4880.008606549787,0.0,0.38461538461538464,0.6153846153846154,BOT,0.0,0.6153846153846154,BOTSIDE,641.56,,1098.72,563.393,1,0,0,1,12,17,6,0.5,0.3333333333333333,2.5,5.666666666666667,133.601,TEAMFIGHT,8,0.375,0.5,3.5,6.125,14,0.42857142857142855,0.42857142857142855,3.0714285714285716,5.928571428571429,0,1,0,0,2,3,1,1,3,DRAGON,DRAGONS,MIXED,TEAMFIGHT,STANDARD,NEUTRAL,FAST,SPLIT,YES,1,1,8,1,1,0,0
EUW1_7700483430,200,0,27.2,16.2.740.1491,420,24,516,4,12,0,0,1,0,0,0,1,0,0,0,0,8008,-340,-516,-2,573,320,15,898,560,26,991,-998,7,2,73,529.2647058823529,619.8161764705883,628.7867647058823,1.1029411764705883,0.263,9,163,4,11,0,0,1,0,0,1,0,0,0,0,0,8128,-306,-18,5,184,506,18,591,1320,23,1203,492,7,4,82,10,705.4044117647059,0.0,624.0441176470588,2.0955882352941178,0.579,61,142,4,12,0,0,1,0,0,0,1,0,0,0,0,8214,-650,-553,-11,-529,-330,-13,-692,-342,-16,-1006,-1315,-4,4,76,451.3602941176471,245.77205882352942,305.1102941176471,0.5514705882352942,0.684,145,523,4,21,0,0,1,0,0,0,0,0,0,1,0,8008,-954,-634,-24,-1961,-433,-38,-3500,-706,-45,-3232,1102,-25,0,58,509.4117647058824,12.941176470588236,231.06617647058823,0.5514705882352942,0.368,89,117,4,14,0,0,1,0,0,0,0,0,1,0,0,8439,-968,-541,-4,-1273,-1006,-7,-1362,-680,-3,-1585,-321,-4,3,7,228.71323529411765,0.0,44.00735294117647,3.014705882352941,0.526,4831.055469379181,0.2,13413.955866932021,4616.332084525366,0.2,12703.410959266019,3417.039152665681,0.4,10328.217271146072,3844.905498244075,0.4,12993.792556447866,0.38461538461538464,0.46153846153846156,0.15384615384615385,NEUTRAL,0.38461538461538464,0.15384615384615385,TOPSIDE,1047.473,532.897,,1131.173,0,3,0,3,6,12,3,0.3333333333333333,0.3333333333333333,2.6666666666666665,6.0,348.426,SKIRMISH,5,0.2,0.8,5.0,7.8,8,0.25,0.625,4.125,7.125,0,2,2,0,0,1,0,1,0,GRUBS,GRUBS_HERALD,TEAMFIGHT,NONE,SPLIT_1_3_1,NEUTRAL,MID,SPLIT,YES,2,0,4,0,0,3,0
EUW1_7698064746,100,1,29.483333333333334,16.2.740.1491,420,126,157,4,12,0,0,1,0,0,0,1,0,0,0,0,8437,52,-62,2,-795,-964,-12,-1755,-3591,-32,-3000,-2935,-27,0,76,382.8942905596382,475.35330695308085,483.28999434708874,1.3566986998304127,0.171,245,234,4,11,0,0,1,0,0,1,0,0,0,0,0,8128,-29,24,0,672,193,5,1086,-866,2,3467,1380,15,4,82,8,1249.0107405313736,490.10740531373654,1674.2340305257208,0.8818541548897681,0.61,61,38,4,12,0,0,1,0,0,0,1,0,0,0,0,8230,10,124,8,231,650,9,-292,124,17,-965,42,8,3,89,829.7908422837761,213.64612775579423,386.9983041266252,0.9496890898812889,0.415,15,145,4,21,0,0,1,0,0,0,0,0,0,1,0,8008,135,-203,-9,120,717,-5,809,699,1,1430,1074,0,7,74,1020.3391746749576,286.4330130016959,640.3957037874505,0.6105144149236856,0.634,267,518,3,4,0,1,1,0,0,0,0,0,0,0,0,8214,405,210,-5,-59,-304,-10,156,-172,-14,488,1593,-14,8,4,407.687959299039,128.17410966647824,167.82362916902204,3.120407009609949,0.829,4662.210603135576,0.0,11424.232359331632,4315.294149680316,0.2,11126.845419974163,3328.237831116638,0.4,9737.076871422963,327.1399124646178,1.0,802.337210903246,0.15384615384615385,0.46153846153846156,0.38461538461538464,NEUTRAL,0.15384615384615385,0.38461538461538464,BOTSIDE,684.884,537.422,,853.409,1,3,0,4,11,20,6,0.0,1.0,3.8333333333333335,7.0,133.281,TEAMFIGHT,10,0.1,0.5,2.3,5.6,16,0.0625,0.6875,2.875,6.125,0,0,0,0,2,0,0,1,3,GRUBS,GRUBS_HERALD,TEAMFIGHT,TEAMFIGHT,STANDARD,BOT,FAST,SPLIT,YES,2,1,11,3,0,3,0
EUW1_7698064746,200,0,29.483333333333334,16.2.740.1491,420,157,126,3,4,0,1,1,0,0,0,0,0,0,0,0,8008,-52,62,-2,795,964,12,1755,3591,32,3000,2935,27,5,88,549.3951384963256,229.45166760881852,742.6568682871679,1.187111362351611,0.417,234,245,4,11,0,0,1,0,0,1,0,0,0,0,0,8005,29,-24,0,-672,-193,-5,-1086,866,-2,-3467,-1380,-15,5,76,2,326.2182023742227,0.0,509.06726964386655,0.9836065573770492,0.292,38,61,4,12,0,0,1,0,0,0,1,0,0,0,0,8369,-10,-124,-8,-231,-650,-9,292,-124,-17,965,-42,-8,4,80,905.087620124364,190.54833239118145,204.31882419446015,0.746184284906727,0.5,145,15,4,21,0,0,1,0,0,0,0,0,0,1,0,8008,-135,203,9,-120,-717,5,-809,-699,-1,-1430,-1074,0,3,79,840.4409270774448,183.69700395703788,243.93442622950818,0.4409270774448841,0.292,518,267,4,14,0,0,1,0,0,0,0,0,1,0,0,8128,-405,-210,5,59,304,10,-156,172,14,-488,-1593,14,7,14,712.5381571509328,0.0,22.283776144714526,1.8315432447710571,0.375,4591.841785919375,0.4,14184.653397245911,6139.481847104091,0.2,14730.479998968129,4194.8288108110455,0.2,13467.39176678246,1737.5778362343935,0.8,5005.919396075011,0.15384615384615385,0.6153846153846154,0.23076923076923078,MID,0.15384615384615385,0.23076923076923078,NEUTRAL,340.27,,1034.237,833.63,1,0,0,1,11,9,9,0.3333333333333333,0.6666666666666666,2.888888888888889,5.555555555555555,133.281,TEAMFIGHT,4,0.0,0.5,3.25,6.25,13,0.23076923076923078,0.6153846153846154,3.0,5.769230769230769,1,1,3,0,0,1,0,1,2,DRAGON,DRAGONS,TEAMFIGHT,TEAMFIGHT,SPLIT_1_3_1,NEUTRAL,MID,SPLIT,YES,3,0,3,0,1,0,0
EUW1_7697843310,100,1,29.783333333333335,16.2.740.1491,420,27,122,4,14,0,0,1,0,0,0,0,0,1,0,0,8010,587,459,17,-481,-434,-3,-1554,-1601,-24,-928,-90,-20,5,87,918.1980973698936,167.47621712367095,304.599888080582,0.5707890318970341,0.55,106,107,4,11,0,0,1,0,0,1,0,0,0,0,0,8008,315,154,-3,-706,-441,-15,-1370,-736,-15,-548,425,-11,5,56,0,680.7498601007275,96.664801343033,888.6177951874649,0.5707890318970341,0.65,157,110,4,12,0,0,1,0,0,0,1,0,0,0,0,8437,11,197,2,46,-350,-5,415,-88,-17,976,676,-16,4,75,806.6256295467263,430.8449916060436,911.6508114157806,0.8729714605484051,0.6,145,498,4,21,0,0,1,0,0,0,0,0,0,1,0,8008,694,-202,5,519,-472,9,1305,422,12,3701,620,5,5,79,1403.0665920537213,349.99440402909903,774.4599888080581,0.5372132064913262,0.75,518,497,4,14,0,0,1,0,0,0,0,0,1,0,0,8229,303,462,3,560,627,1,673,817,2,1351,1948,16,7,14,830.5316172355904,119.22775601566872,283.58142137660883,3.223279238947957,0.675,6005.744770777644,0.0,15150.76093798592,4010.601737709363,0.4,13654.66220746599,2765.661972271292,0.4,7616.92201614274,2705.2790881854585,0.2,6904.43466186769,0.15384615384615385,0.3076923076923077,0.5384615384615384,BOT,0.15384615384615385,0.5384615384615384,BOTSIDE,722.433,,,998.514,1,0,0,1,9,21,6,0.3333333333333333,0.5,2.1666666666666665,5.5,123.872,TEAMFIGHT,8,0.25,0.75,4.0,6.875,14,0.2857142857142857,0.6428571428571429,3.2142857142857144,6.285714285714286,0,1,0,0,2,2,0,1,3,DRAGON,DRAGONS,TEAMFIGHT,TEAMFIGHT,STANDARD,NEUTRAL,MID,SPLIT,NO,2,1,8,1,0,0,0
EUW1_7697843310,200,0,29.783333333333335,16.2.740.1491,420,122,27,4,6,0,0,1,1,0,0,0,0,0,0,0,8010,-587,-459,-17,481,434,3,1554,1601,24,928,90,20,5,90,1352.635702294348,408.617795187465,680.8170117515389,0.9065472859541129,0.581,107,106,4,11,0,0,1,0,0,1,0,0,0,0,0,8010,-315,-154,3,706,441,15,1370,736,15,548,-425,11,6,74,21,816.5976496922216,86.49132624510352,845.8757694459988,1.0072747621712366,0.484,110,157,3,4,0,1,1,0,0,0,0,0,0,0,0,8005,-11,-197,-2,-46,350,5,-415,88,17,-976,-676,16,2,80,888.1813094571908,115.26580861779519,115.26580861779519,0.7386681589255736,0.452,498,145,4,21,0,0,1,0,0,0,0,0,0,1,0,8008,-694,202,-5,-519,472,-9,-1305,-422,-12,-3701,-620,-5,3,70,901.8130945719082,361.0408505875769,361.0408505875769,0.5036373810856183,0.419,497,518,4,14,0,0,1,0,0,0,0,0,1,0,0,8465,-303,-462,-3,-560,-627,-1,-673,-817,-2,-1351,-1948,-16,4,13,327.12926692781195,5.942921096810296,34.98601007274762,3.2568550643536653,0.742,4937.896961092462,0.4,13364.263578663807,3991.267619384695,0.0,11535.776870241554,3778.934767749687,0.4,12373.122847527215,1995.3065304880147,0.8,6465.586206988504,0.38461538461538464,0.3076923076923077,0.3076923076923077,NEUTRAL,0.38461538461538464,0.3076923076923077,NEUTRAL,388.273,533.154,958.228,850.633,1,3,0,4,9,13,5,0.4,0.6,2.4,5.2,315.128,PICK,6,0.3333333333333333,0.6666666666666666,4.5,6.833333333333333,11,0.36363636363636365,0.6363636363636364,3.5454545454545454,6.090909090909091,0,1,3,0,1,0,0,1,3,DRAGON,GRUBS_HERALD,TEAMFIGHT,PICK,SPLIT_1_3_1,NEUTRAL,FAST,SPLIT,YES,2,0,5,0,1,3,0
EUW1_7697792628,100,1,37.21666666666667,16.2.740.1491,420,96,13,4,12,0,0,1,0,0,0,1,0,0,0,0,8005,602,694,15,938,805,19,2109,2743,42,2575,1775,31,7,88,1755.9605911330048,144.96193461710703,305.45454545454544,0.6180026869682042,0.49,106,76,4,11,0,0,1,0,0,1,0,0,0,0,0,8437,402,-100,-8,591,-352,-14,539,-1786,-37,-659,-2243,-40,10,54,17,609.6999552171966,104.01253918495297,1393.3542319749215,0.96730855351545,0.531,69,157,4,6,0,0,1,1,0,0,0,0,0,0,0,8010,422,484,7,1810,1345,32,3370,2589,50,3838,3399,50,9,96,969.3506493506493,301.7733990147783,301.7733990147783,0.8866995073891625,0.388,110,145,4,21,0,0,1,0,0,0,0,0,0,1,0,8229,-1021,-253,-12,-973,292,-5,317,1427,18,-2033,531,33,9,64,1112.7541424093147,357.2324227496641,581.9435736677116,0.4299149126735333,0.51,111,89,4,7,0,0,1,0,1,0,0,0,0,0,0,8439,-158,-277,2,-62,262,5,296,465,-1,-36,-1374,-5,12,17,372.95118674429017,70.50604567845947,128.67890729959694,3.6811464397671294,0.571,3520.6019483550526,0.4,10735.167674517246,4083.949083667293,0.4,14077.141542230796,3856.9081162783586,0.0,10459.226070795105,1017.738855869994,1.0,2459.633306003153,0.38461538461538464,0.3076923076923077,0.3076923076923077,NEUTRAL,0.38461538461538464,0.3076923076923077,NEUTRAL,630.318,511.559,1125.143,700.904,1,3,0,4,20,12,10,0.2,0.7,2.7,5.9,162.613,TEAMFIGHT,7,0.14285714285714285,0.8571428571428571,3.7142857142857144,7.857142857142857,17,0.17647058823529413,0.7647058823529411,3.1176470588235294,6.705882352941177,1,2,2,1,2,2,1,1,4,GRUBS,GRUBS_HERALD,TEAMFIGHT,TEAMFIGHT,SPLIT_1_3_1,BOT,FAST,SPLIT,YES,3,2,10,2,1,3,0
EUW1_7697792628,200,0,37.21666666666667,16.2.740.1491,420,13,96,4,12,0,0,1,0,0,0,1,0,0,0,0,8230,-602,-694,-15,-938,-805,-19,-2109,-2743,-42,-2575,-1775,-31,1,69,780.564263322884,166.56515897895207,357.79668607254814,0.5373936408419167,0.391,76,106,4,11,0,0,1,0,0,1,0,0,0,0,0,8128,-402,100,8,-591,352,14,-539,1786,37,659,2243,40,4,71,46,805.5530676220332,0.0,581.8629646215853,1.477832512315271,0.522,157,69,4,6,0,0,1,1,0,0,0,0,0,0,0,8008,-422,-484,-7,-1810,-1345,-32,-3370,-2589,-50,-3838,-3399,-50,3,64,1028.97447380206,205.17689207344378,730.103000447828,0.9941782355575458,0.565,145,110,4,21,0,0,1,0,0,0,0,0,0,1,0,8008,1021,253,12,973,-292,5,-317,-1427,-18,2033,-531,-33,8,69,1562.7675772503358,153.31840573219884,543.3587102552619,0.5105239587998208,0.652,89,111,4,14,0,0,1,0,0,0,0,0,1,0,0,8439,158,277,-2,62,-262,-5,-296,-465,1,36,1374,5,8,12,550.4254366323331,6.986117330944917,61.02104791759964,4.111061352440663,0.652,4536.849000705968,0.4,14221.282255830522,4675.94765181006,0.2,15479.721573723475,3784.3137521618264,0.2,10289.3191708684,668.1015033900435,1.0,1408.8009085743806,0.23076923076923078,0.5384615384615384,0.23076923076923078,MID,0.23076923076923078,0.23076923076923078,NEUTRAL,1266.766,,,1381.596,0,0,0,0,9,19,6,0.3333333333333333,0.6666666666666666,2.6666666666666665,5.5,162.613,TEAMFIGHT,7,0.0,0.8571428571428571,3.857142857142857,8.285714285714286,13,0.15384615384615385,0.7692307692307693,3.3076923076923075,7.0,0,1,1,0,1,0,0,0,2,NONE,NONE,TEAMFIGHT,TEAMFIGHT,STANDARD,NEUTRAL,MID,SPLIT,NO,2,1,5,0,0,0,0
EUW1_7697716716,100,0,36.25,16.2.740.1491,420,110,54,4,21,0,0,1,0,0,0,0,0,0,1,0,8005,-60,-268,14,-841,-1193,2,-339,-1275,-7,-339,-797,-2,2,64,899.3103448275862,243.2551724137931,487.06206896551726,0.5517241379310345,0.577,245,799,4,11,0,0,1,0,0,1,0,0,0,0,0,8369,-50,-148,-2,-49,-27,2,-206,-652,-15,841,-1648,-47,4,78,3,1004.1655172413793,71.75172413793103,930.7586206896551,0.5241379310344828,0.654,103,157,4,12,0,0,1,0,0,0,1,0,0,0,0,8214,-159,-124,-13,-1033,-866,-25,-2137,-2184,-40,-2669,-2718,-57,0,71,522.7862068965517,0.0,54.84137931034483,0.7724137931034483,0.423,67,22,4,21,0,0,1,0,0,0,0,0,0,1,0,8005,-136,-33,-5,-1140,-77,-9,-2030,-186,-13,-2240,354,-4,2,71,793.5724137931035,207.58620689655172,391.0344827586207,0.2482758620689655,0.462,37,117,4,7,0,0,1,0,1,0,0,0,0,0,0,8214,-50,73,0,-367,448,3,402,293,1,-80,394,6,4,20,348.5241379310345,2.593103448275862,41.95862068965517,2.6482758620689655,0.692,4976.368730317251,0.2,14688.001225490143,4878.059904286871,0.0,14172.114909215208,4981.6012473116625,0.4,13415.466633703058,882.9757325243794,1.0,3080.325469816461,0.46153846153846156,0.23076923076923078,0.3076923076923077,TOP,0.46153846153846156,0.3076923076923077,TOPSIDE,1031.496,529.523,,973.503,0,3,0,3,5,12,4,0.5,0.5,2.75,5.25,424.059,TEAMFIGHT,6,0.16666666666666666,0.8333333333333334,3.1666666666666665,6.833333333333333,10,0.3,0.7,3.0,6.2,0,1,2,0,0,0,0,1,1,GRUBS,GRUBS_HERALD,TEAMFIGHT,TEAMFIGHT,SPLIT_1_3_1,NEUTRAL,MID,SPLIT,YES,3,1,3,0,0,3,0
EUW1_7697716716,200,1,36.25,16.2.740.1491,420,54,110,3,4,0,1,1,0,0,0,0,0,0,0,0,8437,60,268,-14,841,1193,-2,339,1275,7,339,797,2,4,62,710.0689655172414,151.55862068965519,330.7310344827586,0.7172413793103448,0.415,799,245,4,11,0,0,1,0,0,1,0,0,0,0,0,8369,50,148,2,49,27,-2,206,652,15,-841,1648,47,5,84,17,1368.5793103448275,259.4758620689655,1621.7655172413793,0.8275862068965517,0.561,157,103,4,14,0,0,1,0,0,0,0,0,1,0,0,8008,159,124,13,1033,866,25,2137,2184,40,2669,2718,57,3,96,910.9793103448276,304.9103448275862,830.2620689655172,0.7172413793103448,0.39,22,67,4,6,0,0,1,1,0,0,0,0,0,0,0,8008,136,33,5,1140,77,9,2030,186,13,2240,-354,4,9,80,1268.9655172413793,350.8137931034483,605.048275862069,0.7448275862068966,0.61,117,37,4,7,0,0,1,0,1,0,0,0,0,0,0,8214,50,-73,0,367,-448,-3,-402,-293,-1,80,-394,-6,9,17,343.9448275862069,84.77241379310345,143.94482758620688,3.4482758620689653,0.732,4987.262286750523,0.0,11622.032911672553,4656.633371867628,0.2,14044.508713372641,4834.448483785711,0.0,11845.753500727593,1175.7784453096924,1.0,3699.158012304962,0.23076923076923078,0.23076923076923078,0.5384615384615384,BOT,0.23076923076923078,0.5384615384615384,BOTSIDE,348.671,,944.692,851.657,2,0,0,2,14,11,7,0.42857142857142855,0.42857142857142855,2.4285714285714284,4.714285714285714,174.594,PICK,8,0.25,0.75,2.75,6.5,15,0.3333333333333333,0.6,2.6,5.666666666666667,0,1,2,0,2,0,0,1,4,DRAGON,DRAGONS,TEAMFIGHT,PICK,STANDARD,BOT,FAST,SPLIT,YES,3,2,10,2,1,0,0
EUW1_7697682407,100,1,27.75,16.2.740.1491,420,150,39,4,12,0,0,1,0,0,0,1,0,0,0,0,8021,343,17,-12,-581,-823,-18,-2409,-2666,-52,-2422,-2408,-54,3,66,699.6756756756756,174.45045045045046,221.981981981982,1.045045045045045,0.517,154,131,4,11,0,0,1,0,0,1,0,0,0,0,0,8010,-286,-224,-11,-111,-255,-14,648,1597,13,1800,1986,-4,7,66,13,1004.4684684684685,55.0990990990991,1464.1081081081081,1.009009009009009,0.759,13,157,4,6,0,0,1,1,0,0,0,0,0,0,0,8230,-342,-163,-1,248,405,8,-265,-84,2,-415,320,0,3,73,674.7027027027027,403.1711711711712,578.9549549549549,1.045045045045045,0.414,110,145,4,21,0,0,1,0,0,0,0,0,0,1,0,8229,98,-399,1,-804,-867,-8,-1126,-243,-15,576,1014,-10,1,64,683.4954954954954,413.0810810810811,550.7027027027027,0.7207207207207207,0.345,12,902,4,14,0,0,1,0,0,0,0,0,1,0,0,8230,-93,216,0,-606,-291,-5,-791,-332,-5,-637,277,-8,1,3,238.27027027027026,25.513513513513512,38.95495495495496,3.315315315315315,0.448,3993.217371283401,0.4,13857.034675571826,4911.66145194505,0.0,14334.047055873647,4685.976889465264,0.0,13180.011836110012,2421.422626660722,0.8,6606.496575341578,0.23076923076923078,0.5384615384615384,0.23076923076923078,MID,0.23076923076923078,0.23076923076923078,NEUTRAL,988.815,512.678,1102.768,1017.33,0,3,0,3,8,15,5,0.2,0.6,3.2,6.2,95.602,PICK,7,0.2857142857142857,0.5714285714285714,3.5714285714285716,6.571428571428571,12,0.25,0.5833333333333334,3.4166666666666665,6.416666666666667,0,0,0,0,2,0,0,1,0,GRUBS,GRUBS_HERALD,TEAMFIGHT,PICK,STANDARD,NEUTRAL,FAST,SPLIT,YES,1,1,7,1,1,3,0
EUW1_7697682407,200,0,27.75,16.2.740.1491,420,39,150,4,12,0,0,1,0,0,0,1,0,0,0,0,8010,-343,-17,12,581,823,18,2409,2666,52,2422,2408,54,4,84,761.2612612612612,707.6396396396397,803.4594594594595,0.972972972972973,0.36,131,154,4,11,0,0,1,0,0,1,0,0,0,0,0,8010,286,224,11,111,255,14,-648,-1597,-13,-1800,-1986,4,8,80,1,970.6666666666666,1.4414414414414414,385.3333333333333,0.7927927927927928,0.48,157,13,4,14,0,0,1,0,0,0,0,0,1,0,0,8008,342,163,1,-248,-405,-8,265,84,-2,415,-320,0,4,65,702.7027027027027,151.81981981981983,175.38738738738738,1.2252252252252251,0.28,145,110,4,21,0,0,1,0,0,0,0,0,0,1,0,8008,-98,399,-1,804,867,8,1126,243,15,-576,-1014,10,6,72,983.2072072072073,124.97297297297297,124.97297297297297,0.5765765765765766,0.4,902,12,4,7,0,0,1,0,1,0,0,0,0,0,0,8214,93,-216,0,606,291,5,791,332,5,637,-277,8,5,8,327.06306306306305,23.74774774774775,34.090090090090094,2.1981981981981984,0.52,4776.129749719189,0.0,14114.421844340632,4183.580584402036,0.2,12182.501713523376,5794.62087570978,0.0,12802.480072236005,3235.541918210879,0.4,12205.721650111474,0.23076923076923078,0.46153846153846156,0.3076923076923077,MID,0.23076923076923078,0.3076923076923077,NEUTRAL,567.873,,,769.977,1,0,0,1,14,11,9,0.4444444444444444,0.3333333333333333,2.3333333333333335,4.888888888888889,127.877,PICK,5,0.2,0.6,4.4,7.4,14,0.35714285714285715,0.42857142857142855,3.0714285714285716,5.785714285714286,1,0,3,0,0,0,0,2,1,DRAGON,DRAGONS,MIXED,PICK,SPLIT_1_3_1,TOP,MID,SPLIT,YES,2,0,6,0,0,0,0
EUW1_7697258812,100,0,21.583333333333332,16.2.740.1491,420,75,904,4,6,0,0,1,1,0,0,0,0,0,0,0,8021,-100,114,-9,-1025,-671,-18,-1246,-1210,-23,-813,-288,-14,2,69,903.4749034749035,215.4903474903475,215.4903474903475,0.5096525096525096,0.4,24,64,4,11,0,0,1,0,0,1,0,0,0,0,0,8008,1656,-3,-5,1189,-131,-8,1175,-212,-16,194,-1830,-37,7,56,6,712.4942084942086,0.0,254.31660231660234,0.7876447876447877,0.667,13,38,4,12,0,0,1,0,0,0,1,0,0,0,0,8230,244,62,8,-295,-5,6,-618,472,4,-978,421,1,0,84,517.3436293436293,226.05405405405406,261.4980694980695,0.32432432432432434,0.067,145,804,4,21,0,0,1,0,0,0,0,0,0,1,0,8008,-745,83,-4,-1452,-335,-20,-3396,-1189,-44,-5135,-2208,-60,3,69,889.8069498069499,159.10424710424712,159.10424710424712,0.555984555984556,0.333,902,53,4,7,0,0,1,0,1,0,0,0,0,0,0,8214,-331,-247,4,-759,-814,3,-1330,-1426,1,-2154,-1076,-3,3,18,211.55212355212356,10.285714285714286,13.158301158301159,2.5019305019305023,0.333,4674.701575405386,0.0,11794.441063484102,4752.303806480814,0.2,14488.627885345111,4443.977911774389,0.2,13216.368071448374,3374.1651481192757,0.4,11460.208942248828,0.3076923076923077,0.46153846153846156,0.23076923076923078,MID,0.3076923076923077,0.23076923076923078,NEUTRAL,,553.981,,1070.591,0,3,0,3,10,5,7,0.14285714285714285,0.8571428571428571,3.4285714285714284,6.285714285714286,84.197,PICK,2,0.0,1.0,3.5,8.0,9,0.1111111111111111,0.8888888888888888,3.4444444444444446,6.666666666666667,0,0,2,0,1,1,0,0,0,GRUBS,GRUBS_HERALD,TEAMFIGHT,PICK,STANDARD,NEUTRAL,FAST,SPLIT,YES,0,0,1,0,0,3,0
EUW1_7697258812,200,1,21.583333333333332,16.2.740.1491,420,904,75,4,12,0,0,1,0,0,0,1,0,0,0,0,8010,100,-114,9,1025,671,18,1246,1210,23,813,288,14,3,87,1112.7104247104248,600.7413127413128,600.7413127413128,0.694980694980695,0.182,64,24,4,11,0,0,1,0,0,1,0,0,0,0,0,8010,-1656,3,5,-1189,131,8,-1175,212,16,-194,1830,37,7,68,23,714.3474903474904,363.52123552123555,1823.2123552123553,1.528957528957529,0.455,38,13,4,14,0,0,1,0,0,0,0,0,1,0,0,8112,-244,-62,-8,295,5,-6,618,-472,-4,978,-421,-1,2,80,442.28571428571433,278.0849420849421,297.7760617760618,0.6486486486486487,0.273,804,145,4,21,0,0,1,0,0,0,0,0,0,1,0,8008,745,-83,4,1452,335,20,3396,1189,44,5135,2208,60,13,89,1459.0888030888032,537.4517374517375,931.5984555984556,0.7413127413127414,0.727,53,902,4,14,0,0,1,0,0,0,0,0,1,0,0,8351,331,247,-4,759,814,-3,1330,1426,-1,2154,1076,3,15,15,478.28571428571433,21.590733590733592,56.293436293436294,3.3822393822393826,0.758,4165.953052585733,0.4,14112.578113158488,4346.262423358303,0.2,14858.938488330854,4651.382954104214,0.2,14063.7686272208,2373.2066417015694,0.6,8045.850172604509,0.15384615384615385,0.46153846153846156,0.38461538461538464,NEUTRAL,0.15384615384615385,0.38461538461538464,BOTSIDE,655.707,,957.164,780.445,1,0,0,1,20,13,10,0.4,0.6,2.9,5.7,171.686,TEAMFIGHT,5,0.2,0.8,3.0,7.0,15,0.3333333333333333,0.6666666666666666,2.933333333333333,6.133333333333334,1,0,5,0,5,3,1,1,4,DRAGON,DRAGONS,TEAMFIGHT,TEAMFIGHT,STANDARD,NEUTRAL,MID,SPLIT,YES,2,0,8,1,1,0,0
EUW1_7696344934,100,0,30.783333333333335,16.2.738.9684,420,14,39,4,12,0,0,1,0,0,0,1,0,0,0,0,8437,-234,-153,-6,-308,-67,-11,-356,-57,-12,-882,-123,-13,0,94,660.3898213318895,0.0,27.742284786139685,0.8121277747698971,0.222,245,28,4,11,0,0,1,0,0,1,0,0,0,0,0,8128,740,-11,-1,1041,195,-3,2527,1253,5,3240,901,-1,8,79,6,986.2154845695723,0.0,773.2106118029236,0.7471575527883053,0.667,105,38,4,14,0,0,1,0,0,0,0,0,1,0,0,8112,567,379,2,379,359,0,-1327,-1450,-26,-2141,-1404,-21,5,65,565.1109907958852,259.45858148348674,259.45858148348674,0.292365998917163,0.333,145,236,4,21,0,0,1,0,0,0,0,0,0,1,0,8005,266,113,7,590,647,25,4,133,7,1192,1701,31,4,89,573.6870600974553,135.23551705468327,230.87168381158634,0.5197617758527341,0.37,43,902,3,4,0,1,1,0,0,0,0,0,0,0,0,8229,294,124,0,799,561,2,422,-567,-4,129,-815,-7,8,16,595.2896589063346,31.867893881970762,45.47915538711424,2.7612344342176502,0.704,5141.536516852,0.2,14286.483262160775,4668.7197888749715,0.2,13911.529355178749,3671.962506944604,0.6,14544.11289835169,3520.9240107514097,0.4,12255.39326174399,0.15384615384615385,0.3076923076923077,0.5384615384615384,BOT,0.15384615384615385,0.5384615384615384,BOTSIDE,386.809,,1142.189,1061.59,1,0,0,1,13,10,11,0.6363636363636364,0.2727272727272727,1.6363636363636365,4.2727272727272725,166.801,PICK,7,0.2857142857142857,0.7142857142857143,2.7142857142857144,6.285714285714286,18,0.5,0.4444444444444444,2.0555555555555554,5.055555555555555,0,1,0,0,0,1,0,1,2,DRAGON,DRAGONS,MIXED,PICK,STANDARD,NEUTRAL,MID,MIXED,NO,2,0,2,0,1,0,0
EUW1_7696344934,200,1,30.783333333333335,16.2.738.9684,420,39,14,4,14,0,0,1,0,0,0,0,0,1,0,0,8010,234,153,6,308,67,11,356,57,12,882,123,13,0,105,1113.6220898754736,381.2127774769897,554.9431510557661,0.8446128857606929,0.484,28,245,4,11,0,0,1,0,0,1,0,0,0,0,0,8112,-740,11,1,-1041,-195,3,-2527,-1253,-5,-3240,-901,1,0,78,13,860.7255008121277,36.87060097455333,952.4959393611261,0.8770979967514888,0.548,38,105,4,14,0,0,1,0,0,0,0,0,1,0,0,8369,-567,-379,-2,-379,-359,0,1327,1450,26,2141,1404,21,4,65,1516.372495939361,332.3876556578235,332.3876556578235,0.3898213318895506,0.71,236,145,4,21,0,0,1,0,0,0,0,0,0,1,0,8005,-266,-113,-7,-590,-647,-25,-4,-133,-7,-1192,-1701,-31,3,64,861.0178668110449,265.79317812669194,498.25663237682727,0.4547915538711424,0.323,902,43,4,7,0,0,1,0,1,0,0,0,0,0,0,8214,-294,-124,0,-799,-561,-2,-422,567,4,-129,815,7,4,14,194.2934488359502,97.09799675148889,151.510557661072,3.053600433134813,0.774,5285.378914319822,0.2,14099.017022473588,5691.739273270526,0.0,13977.11390094536,3452.1872727408436,0.6,14091.411355857865,4019.5376098577353,0.4,13009.313971151592,0.3076923076923077,0.3076923076923077,0.38461538461538464,NEUTRAL,0.3076923076923077,0.38461538461538464,NEUTRAL,858.413,534.198,,969.729,0,3,0,3,6,12,4,0.25,0.75,2.5,5.75,318.776,TEAMFIGHT,8,0.375,0.625,2.5,5.75,12,0.3333333333333333,0.6666666666666666,2.5,5.75,0,2,2,0,1,2,0,1,1,GRUBS,GRUBS_HERALD,TEAMFIGHT,TEAMFIGHT,STANDARD,NEUTRAL,MID,MIXED,YES,2,1,9,1,0,3,0
EUW1_7696294821,100,0,37.46666666666667,16.2.738.9684,420,517,23,4,14,0,0,1,0,0,0,0,0,1,0,0,8021,572,566,7,718,584,6,543,767,2,877,1476,7,5,69,739.3505338078292,354.44839857651243,480.66725978647685,0.7206405693950177,0.386,121,104,4,11,0,0,1,0,0,1,0,0,0,0,0,8128,1111,476,17,2475,857,28,1515,1004,17,2765,3119,43,11,74,13,1133.4074733096086,0.0,1914.341637010676,1.6281138790035585,0.545,901,38,4,12,0,0,1,0,0,0,1,0,0,0,0,8021,62,-62,4,-53,127,-1,1236,1244,17,2142,722,9,2,96,1473.0160142348755,194.06583629893237,438.923487544484,0.6138790035587188,0.455,115,145,4,12,0,0,1,0,0,0,1,0,0,0,0,8229,-480,-107,-3,97,443,6,450,1627,24,1854,1743,25,5,88,1549.3505338078292,519.2348754448399,567.9715302491103,0.693950177935943,0.523,432,40,4,14,0,0,1,0,0,0,0,0,1,0,0,8112,-27,78,-1,917,659,-2,1063,106,4,1889,586,2,5,9,665.2846975088968,24.395017793594306,74.1459074733096,2.855871886120996,0.545,3870.8646145690136,0.2,10284.055620230767,4751.941614515751,0.0,14427.561297738437,4102.912258167009,0.2,14217.417838693496,3216.1205044190892,0.2,9261.566282222462,0.23076923076923078,0.5384615384615384,0.23076923076923078,MID,0.23076923076923078,0.23076923076923078,NEUTRAL,393.663,485.837,1098.505,859.426,2,3,0,5,17,15,11,0.36363636363636365,0.36363636363636365,2.1818181818181817,4.363636363636363,78.894,PICK,6,0.0,1.0,4.333333333333333,8.333333333333334,17,0.23529411764705882,0.5882352941176471,2.9411764705882355,5.764705882352941,0,2,3,0,3,2,0,2,2,DRAGON,GRUBS_HERALD,TEAMFIGHT,PICK,SPLIT_1_3_1,NEUTRAL,FAST,SPLIT,YES,4,1,10,6,1,3,0
EUW1_7696294821,200,1,37.46666666666667,16.2.738.9684,420,23,517,4,14,0,0,1,0,0,0,0,0,1,0,0,9923,-572,-566,-7,-718,-584,-6,-543,-767,-2,-877,-1476,-7,3,63,750.9074733096085,311.7437722419929,590.8718861209965,0.7206405693950177,0.295,104,121,4,11,0,0,1,0,0,1,0,0,0,0,0,8021,-1111,-476,-17,-2475,-857,-28,-1515,-1004,-17,-2765,-3119,-43,4,48,16,1043.8078291814945,62.24199288256227,568.7989323843416,0.6138790035587188,0.568,38,901,4,12,0,0,1,0,0,0,1,0,0,0,0,8021,-62,62,-4,53,-127,1,-1236,-1244,-17,-2142,-722,-9,1,97,1466.82384341637,136.73487544483984,140.52491103202846,0.5604982206405693,0.591,145,115,4,21,0,0,1,0,0,0,0,0,0,1,0,8008,480,107,3,-97,-443,-6,-450,-1627,-24,-1854,-1743,-25,5,82,1596.5124555160141,472.44661921708183,1002.3309608540925,0.29359430604982206,0.568,40,432,4,7,0,0,1,0,1,0,0,0,0,0,0,8214,27,-78,1,-917,-659,2,-1063,-106,-4,-1889,-586,-2,4,11,372.144128113879,39.6085409252669,88.7188612099644,3.202846975088968,0.614,5957.900971673302,0.0,13908.794987345236,4793.600883972167,0.0,12529.462398682554,4883.700791107641,0.2,12336.886195470883,4578.4383096914735,0.2,13858.381759787106,0.23076923076923078,0.46153846153846156,0.3076923076923077,MID,0.23076923076923078,0.3076923076923077,NEUTRAL,1456.893,,,1897.01,0,0,0,0,9,12,7,0.42857142857142855,0.2857142857142857,2.0,4.0,194.192,PICK,5,0.0,1.0,4.8,8.8,12,0.25,0.5833333333333334,3.1666666666666665,6.0,0,0,1,0,0,0,0,0,0,NONE,NONE,TEAMFIGHT,PICK,STANDARD,NEUTRAL,MID,SPLIT,NO,2,2,9,2,0,0,1
EUW1_7696262712,100,0,28.45,16.2.738.9684,420,85,86,4,14,0,0,1,0,0,0,0,0,1,0,0,8112,-81,-164,-3,-125,-74,-6,-1991,-2341,-29,-2413,-3068,-30,1,83,687.451669595782,61.26537785588752,61.26537785588752,0.9490333919156415,0.308,36,121,4,11,0,0,1,0,0,1,0,0,0,0,0,8021,65,179,4,-177,204,6,-959,-1385,-9,-1369,-1673,-21,5,80,0,918.4182776801406,174.5518453427065,1219.6485061511423,0.7381370826010545,0.692,55,90,4,14,0,0,1,0,0,0,0,0,1,0,0,8112,559,212,7,1784,1372,12,2577,1942,18,2896,1862,27,8,93,836.0281195079086,348.40070298769774,379.6133567662566,0.4569420035149385,0.654,145,222,4,21,0,0,1,0,0,0,0,0,0,1,0,8008,-195,130,-6,-1133,-290,-19,-1445,-287,-11,-963,-27,-6,2,83,597.0826010544815,91.17750439367312,157.9261862917399,0.6678383128295255,0.385,267,497,4,7,0,0,1,0,1,0,0,0,0,0,0,8214,5,-32,3,-511,-803,-5,-379,-20,-4,-247,930,-3,4,15,297.6449912126538,46.67838312829526,77.46924428822496,2.9876977152899826,0.731,4563.355032412573,0.0,13641.223185623787,4926.092743831157,0.2,13565.780773696735,4661.76186690157,0.0,12270.67406461438,3110.656600908635,0.4,10010.152296543745,0.15384615384615385,0.5384615384615384,0.3076923076923077,MID,0.15384615384615385,0.3076923076923077,BOTSIDE,322.306,489.767,1106.719,1225.062,2,2,0,4,7,15,5,0.2,0.4,2.8,5.4,125.09,PICK,6,0.16666666666666666,0.8333333333333334,4.833333333333333,8.833333333333334,11,0.18181818181818182,0.6363636363636364,3.909090909090909,7.2727272727272725,0,1,1,0,1,0,0,0,0,DRAGON,MIXED,TEAMFIGHT,PICK,STANDARD,NEUTRAL,MID,SPLIT,YES,2,0,4,0,1,2,0
EUW1_7696262712,200,1,28.45,16.2.738.9684,420,86,85,4,14,0,0,1,0,0,0,0,0,1,0,0,8230,81,164,3,125,74,6,1991,2341,29,2413,3068,30,3,89,1121.616871704745,526.6080843585237,582.5659050966608,0.984182776801406,0.324,121,36,11,14,0,0,0,0,0,1,0,0,1,0,0,8128,-65,-179,-4,177,-204,-6,959,1385,9,1369,1673,21,9,72,18,1075.536028119508,43.655536028119506,272.23198594024603,0.8787346221441125,0.5,90,55,3,4,0,1,1,0,0,0,0,0,0,0,0,8229,-559,-212,-7,-1784,-1372,-12,-2577,-1942,-18,-2896,-1862,-27,4,79,994.6924428822496,161.6871704745167,220.63268892794378,0.8787346221441125,0.647,222,145,4,21,0,0,1,0,0,0,0,0,0,1,0,8008,195,-130,6,1133,290,19,1445,287,11,963,27,6,6,102,1326.6080843585237,468.40070298769774,790.1933216168717,0.9490333919156415,0.706,497,267,3,4,0,1,1,0,0,0,0,0,0,0,0,8465,-5,32,-3,511,803,5,379,20,4,247,-930,3,8,20,263.7961335676626,45.799648506151144,68.75219683655536,2.952548330404218,0.794,4651.793640909462,0.2,13861.585046451217,4659.6780449496355,0.2,13429.428729473195,4557.833345378151,0.2,14056.566330366742,3357.1473874616677,0.4,10441.31414142875,0.38461538461538464,0.46153846153846156,0.15384615384615385,NEUTRAL,0.38461538461538464,0.15384615384615385,TOPSIDE,987.82,507.569,,893.675,0,1,0,1,10,15,5,0.2,0.4,2.8,5.8,314.691,SKIRMISH,6,0.16666666666666666,0.8333333333333334,4.833333333333333,8.5,11,0.18181818181818182,0.6363636363636364,3.909090909090909,7.2727272727272725,0,1,1,0,1,2,0,2,2,GRUBS,GRUBS_HERALD,TEAMFIGHT,NONE,SPLIT_1_3_1,NEUTRAL,MID,SPLIT,NO,2,0,8,1,0,1,0
EUW1_7696231388,100,1,23.8,16.2.738.9684,420,114,74,4,12,0,0,1,0,0,0,1,0,0,0,0,8005,-297,62,-5,-993,-777,-16,-2094,-2202,-38,194,111,-9,1,80,521.5126050420168,778.0252100840336,778.0252100840336,0.42016806722689076,0.133,106,107,4,11,0,0,1,0,0,1,0,0,0,0,0,8008,1252,35,-1,1586,112,0,2416,1792,24,4552,4508,40,14,72,20,976.9747899159663,192.2689075630252,2496.596638655462,0.5042016806722689,0.622,950,112,4,12,0,0,1,0,0,0,1,0,0,0,0,9923,-327,263,0,357,900,8,681,1518,21,504,1604,0,8,81,870.0,328.3613445378151,414.03361344537814,1.0924369747899159,0.467,145,901,4,21,0,0,1,0,0,0,0,0,0,1,0,8008,-25,-271,-4,1396,479,6,2666,1072,3,4648,694,-26,12,72,1015.7983193277311,628.3193277310925,1067.563025210084,0.29411764705882354,0.533,25,902,4,7,0,0,1,0,1,0,0,0,0,0,0,8229,-105,-2,-1,117,466,-3,346,210,0,777,-203,12,8,10,655.1260504201681,14.915966386554622,106.5126050420168,1.9747899159663864,0.489,5044.575081189716,0.2,14864.446979285844,5789.339538439817,0.0,13871.641899933835,4888.6682798609045,0.0,12576.512235115108,1864.946989070962,0.6,5873.204917249184,0.15384615384615385,0.38461538461538464,0.46153846153846156,NEUTRAL,0.15384615384615385,0.46153846153846156,BOTSIDE,380.435,600.372,966.047,852.592,2,3,0,5,18,27,6,0.0,0.8333333333333334,4.5,7.5,192.038,TEAMFIGHT,11,0.2727272727272727,0.6363636363636364,3.3636363636363638,6.636363636363637,17,0.17647058823529413,0.7058823529411765,3.764705882352941,6.9411764705882355,0,3,3,0,5,2,0,2,3,DRAGON,GRUBS_HERALD,TEAMFIGHT,TEAMFIGHT,STANDARD,NEUTRAL,FAST,SPLIT,YES,4,1,11,2,1,3,0
EUW1_7696231388,200,0,23.8,16.2.738.9684,420,74,114,3,4,0,1,1,0,0,0,0,0,0,0,0,8010,297,-62,5,993,777,16,2094,2202,38,-194,-111,9,3,96,990.4201680672269,374.07563025210084,393.8655462184874,0.5462184873949579,0.238,107,106,4,11,0,0,1,0,0,1,0,0,0,0,0,8021,-1252,-35,1,-1586,-112,0,-2416,-1792,-24,-4552,-4508,-40,5,75,7,642.6890756302521,0.0,0.0,0.6722689075630252,0.476,112,950,4,12,0,0,1,0,0,0,1,0,0,0,0,8214,327,-263,0,-357,-900,-8,-681,-1518,-21,-504,-1604,0,6,73,1291.764705882353,119.32773109243698,119.32773109243698,0.5042016806722689,0.714,901,145,4,21,0,0,1,0,0,0,0,0,0,1,0,8021,25,271,4,-1396,-479,-6,-2666,-1072,-3,-4648,-694,26,3,66,696.0924369747898,56.890756302521005,56.890756302521005,0.7983193277310924,0.286,902,25,4,7,0,0,1,0,1,0,0,0,0,0,0,8214,105,2,1,-117,-466,3,-346,-210,0,-777,203,-12,5,13,230.84033613445376,34.20168067226891,34.20168067226891,1.8907563025210083,0.667,4542.361818383736,0.2,12600.716963728692,6189.232664665071,0.0,14717.263094746932,4106.032112600891,0.2,12004.513192962053,2057.4829235250427,0.4,5495.2932587806445,0.23076923076923078,0.38461538461538464,0.38461538461538464,NEUTRAL,0.23076923076923078,0.38461538461538464,BOTSIDE,,,,760.487,0,0,0,0,11,10,8,0.25,0.625,3.625,6.25,192.038,TEAMFIGHT,6,0.0,1.0,5.0,8.833333333333334,14,0.14285714285714285,0.7857142857142857,4.214285714285714,7.357142857142857,1,1,3,0,0,1,0,0,1,NONE,NONE,TEAMFIGHT,TEAMFIGHT,SPLIT_1_3_1,TOP,MID,SPLIT,YES,0,0,2,0,0,0,0
EUW1_7693698730,100,0,27.666666666666668,16.1.737.4870,420,799,10,4,14,0,0,1,0,0,0,0,0,1,0,0,8112,657,839,11,1543,1415,23,2774,2453,50,3196,1674,47,5,85,949.8072289156626,259.73493975903614,354.10843373493975,0.6144578313253012,0.542,106,421,4,11,0,0,1,0,0,1,0,0,0,0,0,8008,-71,5,0,-207,-85,-1,340,305,2,-344,-1840,-5,9,72,9,640.4457831325301,36.21686746987952,910.9518072289156,0.6867469879518072,0.583,3,103,4,6,0,0,1,1,0,0,0,0,0,0,0,8230,-177,-271,-9,-1589,-1144,-35,-1813,-1190,-26,-3862,-1575,-18,5,68,494.49397590361446,31.771084337349397,60.46987951807229,1.2289156626506024,0.375,112,147,4,12,0,0,1,0,0,0,1,0,0,0,0,8214,-102,-137,-3,-543,-824,-14,-1920,-1864,-28,-3050,-1561,-24,2,74,1038.6506024096386,331.0843373493976,335.7469879518072,0.25301204819277107,0.333,267,5,4,7,0,0,1,0,1,0,0,0,0,0,0,8214,-370,29,-3,-683,112,-2,-514,209,-6,78,-723,-6,4,12,291.72289156626505,8.53012048192771,45.28915662650602,2.746987951807229,0.458,5534.28574832608,0.2,14802.72002032059,4840.7645437144965,0.2,12372.208614471389,3204.9023507279962,0.4,10710.12950435241,4062.419498438235,0.4,13071.018629012813,0.38461538461538464,0.15384615384615385,0.46153846153846156,NEUTRAL,0.38461538461538464,0.46153846153846156,NEUTRAL,1481.459,592.695,931.371,848.774,0,3,0,3,11,13,7,0.2857142857142857,0.5714285714285714,2.7142857142857144,5.428571428571429,143.629,PICK,8,0.25,0.75,3.75,7.25,15,0.26666666666666666,0.6666666666666666,3.2666666666666666,6.4,0,1,2,0,1,2,0,1,1,GRUBS,GRUBS_HERALD,TEAMFIGHT,PICK,SPLIT_1_3_1,NEUTRAL,FAST,SPLIT,YES,1,0,3,0,1,3,0
EUW1_7693698730,200,1,27.666666666666668,16.1.737.4870,420,10,799,4,6,0,0,1,1,0,0,0,0,0,0,0,8005,-657,-839,-11,-1543,-1415,-23,-2774,-2453,-50,-3196,-1674,-47,1,62,406.1927710843373,211.08433734939757,310.3012048192771,0.3614457831325301,0.243,421,106,4,11,0,0,1,0,0,1,0,0,0,0,0,8005,71,-5,0,207,85,1,-340,-305,-2,344,1840,5,10,72,14,927.144578313253,136.87951807228916,695.0963855421686,1.1566265060240963,0.757,103,3,4,14,0,0,1,0,0,0,0,0,1,0,0,8214,177,271,9,1589,1144,35,1813,1190,26,3862,1575,18,9,103,1029.578313253012,373.0120481927711,427.51807228915663,1.4819277108433735,0.784,147,112,4,12,0,0,1,0,0,0,1,0,0,0,0,8214,102,137,3,543,824,14,1920,1864,28,3050,1561,24,7,88,836.0240963855422,421.0120481927711,498.0722891566265,0.3253012048192771,0.757,5,267,4,14,0,0,1,0,0,0,0,0,1,0,0,9923,370,-29,3,683,-112,2,514,-209,6,-78,723,6,8,14,526.8433734939758,100.98795180722891,112.8433734939759,3.867469879518072,0.568,5217.175193657282,0.2,14768.570411519186,4449.829197067795,0.2,13897.38061650468,2909.2618154353413,0.2,6504.662712239581,5057.828385195952,0.2,13789.13666623114,0.3076923076923077,0.3076923076923077,0.38461538461538464,NEUTRAL,0.3076923076923077,0.38461538461538464,NEUTRAL,491.027,,,861.684,2,0,0,2,13,18,7,0.2857142857142857,0.7142857142857143,2.857142857142857,6.285714285714286,201.134,TEAMFIGHT,7,0.14285714285714285,0.8571428571428571,4.142857142857143,7.857142857142857,14,0.21428571428571427,0.7857142857142857,3.5,7.071428571428571,0,1,1,0,2,2,0,2,1,DRAGON,DRAGONS,TEAMFIGHT,TEAMFIGHT,SPLIT_1_3_1,NEUTRAL,FAST,SPLIT,YES,3,0,8,1,0,0,0
EUW1_7693597719,100,1,25.316666666666666,16.1.737.4870,420,8,904,4,14,0,0,1,0,0,0,0,0,1,0,0,8214,812,851,16,238,316,21,1879,2744,38,2934,3381,60,7,75,1216.7873601053325,748.0052666227781,877.9591836734694,0.4739960500329164,0.283,56,104,4,11,0,0,1,0,0,1,0,0,0,0,0,8112,370,62,-6,-213,281,-6,-212,1640,5,2167,4658,30,10,70,1,753.1797235023041,175.6550362080316,2152.4160631994732,1.6984858459512837,0.321,91,103,4,14,0,0,1,0,0,0,0,0,1,0,0,8010,-97,394,3,-163,535,1,-1037,-500,-7,712,2350,4,6,69,781.8959842001317,112.92955892034233,303.12047399605,0.9874917709019092,0.377,145,523,4,21,0,0,1,0,0,0,0,0,0,1,0,8008,1154,13,11,580,145,10,1383,-34,17,2694,879,31,14,81,1647.7287689269256,531.6260697827519,995.194206714944,1.1454904542462145,0.547,32,223,3,4,0,1,1,0,0,0,0,0,0,0,0,8351,151,83,-8,56,19,-9,1029,905,-8,2287,744,-8,15,10,493.46938775510205,77.34035549703752,131.29690585911783,2.7254772876892694,0.566,4447.712792867716,0.2,13415.463652069579,4048.1437644695425,0.4,14545.22223962219,3001.9660584111784,0.4,8304.323753322724,1674.623353078471,0.6,4915.993897473836,0.15384615384615385,0.5384615384615384,0.3076923076923077,MID,0.15384615384615385,0.3076923076923077,BOTSIDE,486.985,585.409,981.224,776.272,1,2,0,3,26,24,10,0.2,0.7,3.9,7.1,53.319,PICK,7,0.42857142857142855,0.5714285714285714,4.285714285714286,6.0,17,0.29411764705882354,0.6470588235294118,4.0588235294117645,6.647058823529412,0,2,2,0,5,2,1,2,4,DRAGON,GRUBS_HERALD,TEAMFIGHT,PICK,STANDARD,BOT,FAST,SPLIT,YES,3,1,10,2,1,2,0
EUW1_7693597719,200,0,25.316666666666666,16.1.737.4870,420,904,8,4,14,0,0,1,0,0,0,0,0,1,0,0,8010,-812,-851,-16,-238,-316,-21,-1879,-2744,-38,-2934,-3381,-60,2,54,727.4654377880184,41.75115207373272,41.75115207373272,0.9874917709019092,0.217,104,56,4,11,0,0,1,0,0,1,0,0,0,0,0,8021,-370,-62,6,213,-281,6,212,-1640,-5,-2167,-4658,-30,9,73,6,600.1974983541804,15.602369980250165,76.07636603028308,0.5529953917050692,0.478,103,91,4,14,0,0,1,0,0,0,0,0,1,0,0,8112,97,-394,-3,163,-535,-1,1037,500,7,-712,-2350,-4,9,68,948.5450954575379,187.62343647136274,187.62343647136274,0.7109940750493746,0.565,523,145,4,21,0,0,1,0,0,0,0,0,0,1,0,8005,-1154,-13,-11,-580,-145,-10,-1383,34,-17,-2694,-879,-31,7,71,707.2021066491112,51.27057274522712,51.27057274522712,0.8689927583936801,0.478,223,32,4,7,0,0,1,0,1,0,0,0,0,0,0,8437,-151,-83,8,-56,-19,9,-1029,-905,8,-2287,-744,8,7,21,425.3719552337064,9.400921658986174,9.400921658986174,2.4094799210006586,0.609,4283.231753566634,0.0,10267.43765503351,3325.1345297924536,0.4,10906.256002863678,3564.4483150036876,0.4,12272.531442208652,2584.788578851898,0.4,6123.517044966887,0.23076923076923078,0.46153846153846156,0.3076923076923077,MID,0.23076923076923078,0.3076923076923077,NEUTRAL,,589.584,,,0,1,0,1,12,11,9,0.3333333333333333,0.6666666666666666,3.7777777777777777,6.777777777777778,102.879,PICK,3,0.0,0.6666666666666666,6.333333333333333,7.333333333333333,12,0.25,0.6666666666666666,4.416666666666667,6.916666666666667,0,0,1,0,0,2,0,0,2,GRUBS,GRUBS_HERALD,TEAMFIGHT,PICK,STANDARD,NEUTRAL,MID,SPLIT,NO,0,0,1,0,0,1,0
EUW1_7692187394,100,1,34.85,16.1.737.4870,420,10,79,4,12,0,0,1,0,0,0,1,0,0,0,0,8021,-407,-50,-8,-1029,-775,-25,-1634,-1698,-46,-3062,-3573,-65,0,71,477.7905308464849,419.74175035868006,644.0459110473457,0.746054519368723,0.467,143,245,4,11,0,0,1,0,0,1,0,0,0,0,0,8112,239,305,8,-287,-255,4,1024,923,20,1269,2028,34,5,93,3,1553.3142037302725,263.6154949784792,1399.5121951219512,1.061692969870875,0.7,157,3,4,14,0,0,1,0,0,0,0,0,1,0,0,8008,190,62,8,283,227,21,276,84,17,450,634,28,0,104,495.9540889526542,173.62984218077474,202.4390243902439,1.2051649928263988,0.267,29,145,4,21,0,0,1,0,0,0,0,0,0,1,0,8005,-1084,-303,-9,-415,323,-2,1140,898,9,2111,2091,25,6,81,1287.8622668579626,368.6083213773314,793.9167862266858,0.7747489239598278,0.667,40,267,4,7,0,0,1,0,1,0,0,0,0,0,0,8214,-428,-427,1,-311,-390,0,-45,138,-3,-41,349,-4,7,13,250.53084648493544,49.61262553802008,87.2883787661406,2.898134863701578,0.8,4857.772236234598,0.0,10056.9994034006,4886.022523147468,0.0,14237.406400043514,3659.221337810425,0.4,10950.911788522451,2901.573336001562,0.6,11025.306526351093,0.15384615384615385,0.38461538461538464,0.46153846153846156,NEUTRAL,0.15384615384615385,0.46153846153846156,BOTSIDE,352.618,517.619,954.375,684.064,1,3,0,4,8,7,7,0.5714285714285714,0.14285714285714285,1.5714285714285714,3.7142857142857144,180.171,TEAMFIGHT,5,0.6,0.4,2.4,5.4,12,0.5833333333333334,0.25,1.9166666666666667,4.416666666666667,0,1,0,0,1,2,1,0,3,DRAGON,GRUBS_HERALD,PICK,TEAMFIGHT,STANDARD,NEUTRAL,FAST,SPLIT,YES,3,1,11,2,1,3,0
EUW1_7692187394,200,0,34.85,16.1.737.4870,420,79,10,4,12,0,0,1,0,0,0,1,0,0,0,0,8230,407,50,8,1029,775,25,1634,1698,46,3062,3573,65,2,96,772.4820659971306,378.7661406025825,428.20659971305594,0.9182209469153515,0.409,245,143,4,11,0,0,1,0,0,1,0,0,0,0,0,8128,-239,-305,-8,287,255,-4,-1024,-923,-20,-1269,-2028,-34,3,88,9,511.82209469153514,10.78909612625538,797.6183644189383,1.291248206599713,0.455,3,157,4,12,0,0,1,0,0,0,1,0,0,0,0,8230,-190,-62,-8,-283,-227,-21,-276,-84,-17,-450,-634,-28,2,83,495.9253945480631,40.88952654232425,111.24820659971306,0.6599713055954088,0.273,145,29,4,21,0,0,1,0,0,0,0,0,0,1,0,8008,1084,303,9,415,-323,2,-1140,-898,-9,-2111,-2091,-25,6,83,712.4820659971306,172.48206599713055,392.8263988522238,0.5451936872309899,0.545,267,40,4,7,0,0,1,0,1,0,0,0,0,0,0,8214,428,427,-1,311,390,0,45,-138,3,41,-349,4,6,13,298.36441893830704,2.869440459110473,25.53802008608321,2.3242467718794835,0.682,4113.033106793771,0.2,12076.272810764089,4188.9718092519415,0.4,14833.501609532388,3547.6038427549406,0.4,12519.673158673113,2034.5652562138196,0.8,6070.871601343582,0.38461538461538464,0.46153846153846156,0.15384615384615385,NEUTRAL,0.38461538461538464,0.15384615384615385,TOPSIDE,674.033,,,1084.235,1,0,0,1,9,9,6,0.3333333333333333,0.3333333333333333,1.8333333333333333,4.333333333333333,180.171,TEAMFIGHT,5,0.4,0.6,2.6,6.4,11,0.36363636363636365,0.45454545454545453,2.1818181818181817,5.2727272727272725,0,1,2,0,1,0,0,1,1,DRAGON,DRAGONS,MIXED,TEAMFIGHT,SPLIT_1_3_1,NEUTRAL,MID,SPLIT,NO,3,1,5,0,0,0,0
EUW1_7692166291,100,0,16.816666666666666,16.1.737.4870,420,92,85,4,14,0,0,1,0,0,0,0,0,1,0,0,8010,-721,-530,-11,-1678,-1772,-43,-3392,-3789,-52,-4398,-4098,-60,2,40,239.46481665014866,163.46878097125867,163.46878097125867,1.248761149653122,0.222,20,64,4,11,0,0,1,0,0,1,0,0,0,0,0,8230,-90,88,4,684,583,20,154,186,18,-968,-1057,2,6,70,0,338.8899900891972,9.514370664023787,523.4093161546085,0.35678889990089196,0.667,420,23,4,6,0,0,1,1,0,0,0,0,0,0,0,8010,-813,-871,-12,-720,-1101,-18,-928,-2239,-27,-1765,-2261,-26,2,68,634.0733399405352,129.1575817641229,129.1575817641229,0.535183349851338,0.222,236,498,4,21,0,0,1,0,0,0,0,0,0,1,0,8005,84,-19,4,586,127,8,261,1248,18,-745,52,6,5,88,797.3637264618434,189.45490584737365,189.45490584737365,0.17839444995044598,0.556,497,902,4,7,0,0,1,0,1,0,0,0,0,0,0,8465,-3,74,-3,6,107,2,-504,-457,2,-992,-1414,1,5,13,234.2319127849356,26.521308225966305,26.521308225966305,1.9028741328047571,0.556,3811.285666088092,0.2,9899.420993169248,6437.268446625426,0.0,14117.817430467076,3459.9153561050125,0.4,12897.842649063448,3161.4982752638307,0.2,9689.486312493556,0.23076923076923078,0.3076923076923077,0.46153846153846156,BOT,0.23076923076923078,0.46153846153846156,BOTSIDE,,551.125,,,0,3,0,3,8,1,4,0.0,1.0,4.25,8.0,350.028,TEAMFIGHT,1,1.0,0.0,1.0,2.0,5,0.2,0.8,3.6,6.8,0,0,2,0,0,3,0,0,3,GRUBS,GRUBS_HERALD,TEAMFIGHT,TEAMFIGHT,STANDARD,NEUTRAL,FAST,SPLIT,YES,0,0,0,0,0,3,0
EUW1_7692166291,200,1,16.816666666666666,16.1.737.4870,420,85,92,4,14,0,0,1,0,0,0,0,0,1,0,0,8112,721,530,11,1678,1772,43,3392,3789,52,4398,4098,60,10,83,789.3359762140733,585.1337958374628,585.1337958374628,0.6541129831516352,0.6,64,20,4,11,0,0,1,0,0,1,0,0,0,0,0,8010,90,-88,-4,-684,-583,-20,-154,-186,-18,968,1057,-2,8,56,7,410.00991080277504,335.26263627353813,1435.0049554013876,1.0109018830525274,0.4,23,420,4,14,0,0,1,0,0,0,0,0,1,0,0,9923,813,871,12,720,1101,18,928,2239,27,1765,2261,26,6,82,771.0208126858275,93.95441030723488,175.2428146679881,0.9514370664023786,0.45,498,236,4,21,0,0,1,0,0,0,0,0,0,1,0,8008,-84,19,-4,-586,-127,-8,-261,-1248,-18,745,-52,-6,5,80,745.8077304261645,276.9276511397423,506.69970267591674,0.4757185332011893,0.4,902,497,4,7,0,0,1,0,1,0,0,0,0,0,0,8214,3,-74,3,-6,-107,-2,504,457,-2,992,1414,-1,7,11,219.78196233894946,27.53221010901883,37.46283448959366,1.962338949454906,0.55,5124.691783810778,0.0,13618.473960029443,4439.092088491881,0.2,14283.082055354862,2976.404781982193,0.6,12659.107117012638,3069.0466819959265,0.6,11575.23166074874,0.3076923076923077,0.38461538461538464,0.3076923076923077,NEUTRAL,0.3076923076923077,0.3076923076923077,NEUTRAL,446.344,,939.344,852.737,2,0,0,2,15,5,7,0.14285714285714285,0.7142857142857143,3.2857142857142856,6.714285714285714,128.823,SKIRMISH,2,0.5,0.5,2.5,5.5,9,0.2222222222222222,0.6666666666666666,3.111111111111111,6.444444444444445,0,2,3,0,2,2,0,0,2,DRAGON,DRAGONS,TEAMFIGHT,NONE,STANDARD,NEUTRAL,FAST,MIXED,YES,2,0,4,0,1,0,0
EUW1_7692144809,100,1,23.433333333333334,16.1.737.4870,420,6,85,4,14,0,0,1,0,0,0,0,0,1,0,0,8005,-635,-423,-12,-1524,-1170,-20,-2342,-1808,-31,-496,801,-3,1,57,483.92603129445234,299.5732574679943,462.2048364153627,1.0241820768136558,0.261,245,200,4,11,0,0,1,0,0,1,0,0,0,0,0,8128,-595,229,9,973,1591,23,842,2173,32,1076,2388,35,6,76,18,589.9288762446657,33.92603129445234,955.5618776671408,1.4082503556187767,0.391,238,4,4,14,0,0,1,0,0,0,0,0,1,0,0,8369,54,310,3,-538,261,-8,724,1610,-3,1617,2255,2,5,73,726.6998577524894,308.5348506401138,584.4665718349929,1.2375533428165006,0.391,145,523,4,21,0,0,1,0,0,0,0,0,0,1,0,8008,-457,-217,-4,-126,259,4,-682,102,-2,-257,164,-10,5,75,754.2674253200569,413.04409672830724,619.6728307254623,0.8534850640113798,0.391,40,526,4,14,0,0,1,0,0,0,0,0,1,0,0,8229,200,190,-4,319,324,-7,267,-84,-5,511,-614,-12,7,6,357.69559032716927,41.99146514935988,49.5448079658606,2.9018492176386914,0.522,4891.824576952703,0.2,13389.551486140228,4326.7205307615195,0.0,10338.547335095005,5087.614712057432,0.2,12587.763304098151,3872.689464187227,0.4,13661.939540197065,0.3076923076923077,0.38461538461538464,0.3076923076923077,NEUTRAL,0.3076923076923077,0.3076923076923077,NEUTRAL,418.802,536.433,,998.534,2,2,0,4,12,11,8,0.375,0.625,2.75,5.125,187.587,PICK,5,0.6,0.4,2.4,5.0,13,0.46153846153846156,0.5384615384615384,2.6153846153846154,5.076923076923077,0,2,0,0,1,2,0,2,1,DRAGON,MIXED,MIXED,PICK,SPLIT_1_3_1,NEUTRAL,FAST,SPLIT,YES,4,0,5,0,0,2,0
EUW1_7692144809,200,0,23.433333333333334,16.1.737.4870,420,85,6,4,14,0,0,1,0,0,0,0,0,1,0,0,8112,635,423,12,1524,1170,20,2342,1808,31,496,-801,3,6,77,686.4580369843528,243.75533428165008,278.7482219061166,1.0668563300142246,0.389,200,245,6,11,0,0,0,1,0,1,0,0,0,0,0,8010,595,-229,-9,-973,-1591,-23,-842,-2173,-32,-1076,-2388,-35,7,50,10,436.8990042674253,0.0,784.7368421052631,0.8108108108108109,0.444,4,238,4,12,0,0,1,0,0,0,1,0,0,0,0,8112,-54,-310,-3,538,-261,8,-724,-1610,3,-1617,-2255,-2,5,85,281.3086770981508,142.1479374110953,142.1479374110953,0.25604551920341395,0.444,523,145,4,21,0,0,1,0,0,0,0,0,0,1,0,8005,457,217,4,126,-259,-4,682,-102,2,257,-164,10,6,71,726.4864864864865,127.89473684210526,127.89473684210526,0.8961593172119487,0.389,526,40,4,14,0,0,1,0,0,0,0,0,1,0,0,8439,-200,-190,4,-319,-324,7,-267,84,5,-511,614,12,6,13,198.5633001422475,41.73541963015647,60.85348506401138,2.9018492176386914,0.5,5003.155671724127,0.2,14354.972135117505,4317.255111594077,0.0,13712.834462648487,2574.977030608935,0.4,8268.540439521355,3124.4039703095914,0.4,9446.94262711487,0.38461538461538464,0.23076923076923078,0.38461538461538464,NEUTRAL,0.38461538461538464,0.38461538461538464,NEUTRAL,,524.41,933.823,811.347,0,1,0,1,14,4,10,0.4,0.6,2.5,4.7,128.157,TEAMFIGHT,2,0.5,0.5,4.0,6.5,12,0.4166666666666667,0.5833333333333334,2.75,5.0,1,0,3,0,0,1,1,0,4,GRUBS,GRUBS_HERALD,TEAMFIGHT,TEAMFIGHT,STANDARD,NEUTRAL,MID,SPLIT,YES,0,0,2,0,1,1,0
EUW1_7691869595,100,0,36.6,16.1.737.4870,420,10,24,4,12,0,0,1,0,0,0,1,0,0,0,0,8008,-353,106,-5,102,570,-6,853,384,1,-575,-1663,-16,3,68,1004.6448087431694,309.04371584699453,446.72131147540983,0.819672131147541,0.568,234,141,4,11,0,0,1,0,0,1,0,0,0,0,0,8010,271,-197,-6,401,-215,-12,330,-308,-6,-749,-1490,-13,7,58,0,418.9617486338798,11.33879781420765,472.59562841530055,0.7923497267759563,0.297,910,105,4,12,0,0,1,0,0,0,1,0,0,0,0,8229,-199,44,-9,-220,233,2,-419,887,18,-2332,-2219,-3,1,82,657.295081967213,81.20218579234972,86.4207650273224,1.0928961748633879,0.27,145,15,4,21,0,0,1,0,0,0,0,0,0,1,0,8008,268,226,9,253,483,15,1973,2142,32,-288,-130,10,10,90,1312.5683060109288,379.50819672131144,583.7158469945355,0.46448087431693985,0.73,111,555,4,14,0,0,1,0,0,0,0,0,1,0,0,8439,-51,-244,-2,-222,-811,-8,-741,-863,-8,-1842,-1783,-7,8,10,400.1092896174863,4.453551912568305,34.15300546448087,3.060109289617486,0.622,5611.704719796528,0.2,14654.49610187945,5541.986444265324,0.2,14910.860370884035,4613.323252343216,0.2,11945.886153818812,3154.33569270546,0.4,8847.644319252442,0.15384615384615385,0.38461538461538464,0.46153846153846156,NEUTRAL,0.15384615384615385,0.46153846153846156,BOTSIDE,392.376,509.344,,790.981,1,3,0,4,12,8,8,0.25,0.625,2.75,5.0,112.675,SKIRMISH,5,0.0,0.4,3.2,5.6,13,0.15384615384615385,0.5384615384615384,2.923076923076923,5.230769230769231,1,0,4,0,0,2,0,1,2,DRAGON,GRUBS_HERALD,TEAMFIGHT,NONE,SPLIT_1_3_1,TOP,FAST,SPLIT,YES,1,1,5,1,0,3,0
EUW1_7691869595,200,1,36.6,16.1.737.4870,420,24,10,4,12,0,0,1,0,0,0,1,0,0,0,0,8008,353,-106,5,-102,-570,6,-853,-384,-1,575,1663,16,3,74,622.4863387978141,348.60655737704917,367.18579234972674,1.1475409836065573,0.286,141,234,4,11,0,0,1,0,0,1,0,0,0,0,0,8128,-271,197,6,-401,215,12,-330,308,6,749,1490,13,8,68,19,856.2568306010928,15.273224043715846,1821.639344262295,0.9562841530054644,0.531,105,910,4,14,0,0,1,0,0,0,0,0,1,0,0,8112,199,-44,9,220,-233,-2,419,-887,-18,2332,2219,3,3,80,879.0163934426229,519.016393442623,635.9562841530054,0.5737704918032787,0.327,15,145,4,21,0,0,1,0,0,0,0,0,0,1,0,8008,-268,-226,-9,-253,-483,-15,-1973,-2142,-32,288,130,-10,5,75,1152.1311475409836,262.24043715846994,940.5737704918032,1.1202185792349726,0.551,555,111,4,14,0,0,1,0,0,0,0,0,1,0,0,9923,51,244,2,222,811,8,741,863,8,1842,1783,7,9,18,527.4043715846994,0.0,88.46994535519126,3.633879781420765,0.551,4767.378993514865,0.2,14670.753082238143,4155.214304554203,0.0,12825.732922527273,5079.792477938357,0.2,11673.058767949386,4927.948594763007,0.2,13182.772128805082,0.23076923076923078,0.46153846153846156,0.3076923076923077,MID,0.23076923076923078,0.3076923076923077,NEUTRAL,728.321,,1033.007,1041.089,1,0,0,1,12,23,9,0.3333333333333333,0.5555555555555556,2.5555555555555554,4.666666666666667,112.675,SKIRMISH,11,0.18181818181818182,0.45454545454545453,2.727272727272727,5.454545454545454,20,0.25,0.5,2.65,5.1,0,1,1,0,2,0,0,3,1,DRAGON,DRAGONS,TEAMFIGHT,NONE,SPLIT_1_3_1,NEUTRAL,MID,SPLIT,NO,5,1,11,3,1,0,1
EUW1_7691839054,100,1,29.333333333333332,16.1.737.4870,420,36,223,4,6,0,0,1,1,0,0,0,0,0,0,0,8437,-104,-261,-4,-957,-844,-8,-2058,-2189,-28,-2891,-3107,-41,1,70,996.8522727272727,533.6590909090909,533.6590909090909,0.8863636363636364,0.325,799,5,4,11,0,0,1,0,0,1,0,0,0,0,0,8010,614,17,-3,321,-229,3,-539,-1437,-11,-1506,-2108,-10,7,64,8,1201.5,263.1477272727273,819.5113636363636,0.6477272727272727,0.65,8,7,4,14,0,0,1,0,0,0,0,0,1,0,0,8214,79,-72,0,-50,382,11,-805,-713,-14,1520,-45,11,4,75,1918.4659090909092,396.75,776.5909090909091,0.5113636363636364,0.55,498,895,4,21,0,0,1,0,0,0,0,0,0,1,0,8008,313,402,7,210,688,10,2348,2009,37,568,811,39,9,73,1430.5227272727273,538.3295454545455,1333.0568181818182,0.5454545454545455,0.65,497,201,3,4,0,1,1,0,0,0,0,0,0,0,0,8465,-39,-278,-6,-716,-1133,-1,-819,-1029,1,-141,-979,0,9,13,272.625,20.590909090909093,28.261363636363637,2.7613636363636367,0.65,4286.471255896198,0.4,14041.855895856503,4950.548675511955,0.2,15071.89666233152,3463.6517955767667,0.4,12641.002531445043,2596.1107030476965,0.6,8145.509314953854,0.07692307692307693,0.5384615384615384,0.38461538461538464,MID,0.07692307692307693,0.38461538461538464,BOTSIDE,756.313,,,788.312,1,0,0,1,15,18,10,0.3,0.6,3.4,5.8,71.009,TEAMFIGHT,6,0.16666666666666666,0.8333333333333334,4.5,7.833333333333333,16,0.25,0.6875,3.8125,6.5625,0,3,0,0,5,3,1,1,4,DRAGON,DRAGONS,TEAMFIGHT,TEAMFIGHT,STANDARD,NEUTRAL,MID,SPLIT,YES,2,1,13,3,0,0,0
EUW1_7691839054,200,0,29.333333333333332,16.1.737.4870,420,223,36,6,14,0,0,0,1,0,0,0,0,1,0,0,8437,104,261,4,957,844,8,2058,2189,28,2891,3107,41,4,78,1255.4318181818182,694.2954545454546,694.2954545454546,0.9545454545454546,0.317,5,799,4,11,0,0,1,0,0,1,0,0,0,0,0,8010,-614,-17,3,-321,229,-3,539,1437,11,1506,2108,10,9,64,7,1450.568181818182,0.0,1075.7386363636365,0.9545454545454546,0.537,7,8,4,14,0,0,1,0,0,0,0,0,1,0,0,8112,-79,72,0,50,-382,-11,805,713,14,-1520,45,-11,8,64,1033.2613636363637,133.70454545454547,133.70454545454547,0.7159090909090909,0.488,895,498,4,21,0,0,1,0,0,0,0,0,0,1,0,8010,-313,-402,-7,-210,-688,-10,-2348,-2009,-37,-568,-811,-39,7,63,738.75,156.17045454545456,156.17045454545456,0.4431818181818182,0.439,201,497,4,14,0,0,1,0,0,0,0,0,1,0,0,8465,39,278,6,716,1133,1,819,1029,-1,141,979,0,12,14,595.7045454545455,0.0,35.48863636363637,1.5681818181818183,0.683,4778.249615047828,0.0,13825.565087908704,4263.034742662656,0.4,14311.74426825745,4095.288966514467,0.4,13973.55090877047,3064.4994377819944,0.6,10233.731724058434,0.3076923076923077,0.6153846153846154,0.07692307692307693,MID,0.3076923076923077,0.07692307692307693,TOPSIDE,1158.626,754.863,996.402,797.974,0,3,0,3,20,14,9,0.2222222222222222,0.6666666666666666,3.6666666666666665,6.0,71.009,TEAMFIGHT,6,0.0,1.0,5.166666666666667,8.833333333333334,15,0.13333333333333333,0.8,4.266666666666667,7.133333333333334,1,1,2,0,1,2,0,1,0,GRUBS,GRUBS_HERALD,TEAMFIGHT,TEAMFIGHT,SPLIT_1_3_1,NEUTRAL,FAST,SPLIT,YES,1,0,4,0,1,3,0
EUW1_7691806141,100,0,26.6,16.1.737.4870,420,41,166,4,14,0,0,1,0,0,0,0,0,1,0,0,8437,-20,205,0,-370,111,-4,-668,-221,-14,-2394,-526,3,6,59,758.3458646616541,240.52631578947367,259.3984962406015,0.7894736842105263,0.36,106,35,4,11,0,0,1,0,0,1,0,0,0,0,0,8008,71,-153,0,-442,-943,-7,-1464,-2242,-13,-807,-2394,-18,4,65,1,623.0827067669172,3.7218045112781954,904.5864661654135,0.7142857142857143,0.4,96,142,4,12,0,0,1,0,0,0,1,0,0,0,0,8369,66,267,-2,-92,-574,-11,-577,-600,-8,767,-678,-13,3,68,1064.360902255639,128.00751879699249,141.99248120300751,0.9022556390977443,0.44,901,29,4,21,0,0,1,0,0,0,0,0,0,1,0,8021,-338,226,10,-336,73,18,-716,19,18,-471,439,40,4,75,733.1954887218045,111.69172932330827,252.21804511278194,0.37593984962406013,0.4,40,117,4,7,0,0,1,0,1,0,0,0,0,0,0,8214,-519,203,-1,-732,-174,-2,-1369,-546,-8,-1290,-562,-7,3,15,218.3082706766917,19.548872180451127,83.49624060150376,2.819548872180451,0.48,4204.76681943414,0.2,11887.318663180524,5361.559223241466,0.2,16259.582343959513,4654.10227300975,0.0,15157.567087102072,2319.6445191638672,0.6,8420.220721572565,0.3076923076923077,0.3076923076923077,0.38461538461538464,NEUTRAL,0.3076923076923077,0.38461538461538464,NEUTRAL,1455.637,500.194,,1102.941,0,3,0,3,12,12,9,0.1111111111111111,0.6666666666666666,3.6666666666666665,5.666666666666667,77.236,TEAMFIGHT,6,0.0,0.8333333333333334,4.333333333333333,8.166666666666666,15,0.06666666666666667,0.7333333333333333,3.933333333333333,6.666666666666667,0,1,1,0,0,1,0,0,2,GRUBS,GRUBS_HERALD,TEAMFIGHT,TEAMFIGHT,SPLIT_1_3_1,NEUTRAL,FAST,SPLIT,YES,1,0,1,0,0,3,0
EUW1_7691806141,200,1,26.6,16.1.737.4870,420,166,41,4,14,0,0,1,0,0,0,0,0,1,0,0,8005,20,-205,0,370,-111,4,668,221,14,2394,526,-3,8,63,1501.954887218045,361.8796992481203,413.8721804511278,0.7142857142857143,0.51,35,106,11,14,0,0,0,0,0,1,0,0,1,0,0,9923,-71,153,0,442,943,7,1464,2242,13,807,2394,18,15,72,6,818.1954887218045,312.7443609022556,1459.8496240601503,1.5789473684210527,0.471,142,96,4,14,0,0,1,0,0,0,0,0,1,0,0,8112,-66,-267,2,92,574,11,577,600,8,-767,678,13,8,81,1142.8947368421052,391.5413533834586,391.5413533834586,0.9022556390977443,0.333,29,901,4,21,0,0,1,0,0,0,0,0,0,1,0,8008,338,-226,-10,336,-73,-18,716,-19,-18,471,-439,-40,7,57,1222.8947368421052,351.01503759398497,593.4586466165413,0.7142857142857143,0.392,117,40,4,7,0,0,1,0,1,0,0,0,0,0,0,8214,519,-203,1,732,174,2,1369,546,8,1290,562,7,13,17,356.4285714285714,23.609022556390975,57.33082706766917,2.781954887218045,0.588,4782.443158473654,0.0,11239.613605458153,4893.417677157547,0.2,12730.774878223241,5902.896360068784,0.0,13592.571684563596,1595.1035788751715,0.8,5041.960432212852,0.3076923076923077,0.3076923076923077,0.38461538461538464,NEUTRAL,0.3076923076923077,0.38461538461538464,NEUTRAL,417.146,,991.785,911.397,2,0,0,2,25,22,12,0.25,0.5,3.0833333333333335,5.0,77.236,TEAMFIGHT,9,0.1111111111111111,0.6666666666666666,3.7777777777777777,7.222222222222222,21,0.19047619047619047,0.5714285714285714,3.380952380952381,5.9523809523809526,0,1,2,0,2,1,0,2,3,DRAGON,DRAGONS,TEAMFIGHT,TEAMFIGHT,SPLIT_1_3_1,NEUTRAL,FAST,SPLIT,YES,3,1,8,1,1,0,0
EUW1_7691763508,100,0,22.083333333333332,16.1.737.4870,420,126,75,4,12,0,0,1,0,0,0,1,0,0,0,0,8230,110,155,19,-147,-183,18,113,111,25,457,-1330,14,1,78,1049.524528301887,234.65660377358492,236.01509433962266,0.769811320754717,0.357,246,59,4,11,0,0,1,0,0,1,0,0,0,0,0,8369,-178,-28,-1,-254,-689,-8,-657,-920,-11,-1904,-1878,-11,1,69,11,292.07547169811323,0.0,635.3207547169811,0.9509433962264151,0.143,103,161,4,14,0,0,1,0,0,0,0,0,1,0,0,8112,-25,186,-1,20,416,-2,828,1705,15,2296,2605,12,3,97,754.0075471698113,92.96603773584906,118.59622641509435,0.5886792452830188,0.643,145,901,4,21,0,0,1,0,0,0,0,0,0,1,0,8008,104,-19,-8,-1108,-303,-23,-1755,-208,-39,-1737,1319,-20,2,67,426.611320754717,282.7924528301887,306.4754716981132,0.31698113207547174,0.214,111,61,4,14,0,0,1,0,0,0,0,0,1,0,0,8439,2,157,2,-384,-554,-5,-1258,-1750,-9,-1552,-1801,-9,2,9,270.65660377358495,0.0,0.0,1.8566037735849057,0.286,4654.744735926412,0.4,14342.92891985455,5372.556508141059,0.0,12175.410670691976,3217.491479731748,0.6,10932.369551016835,2977.0042656620444,0.6,10064.723791540431,0.38461538461538464,0.23076923076923078,0.38461538461538464,NEUTRAL,0.38461538461538464,0.38461538461538464,NEUTRAL,,500.394,,967.456,0,3,0,3,4,10,4,0.75,0.25,1.5,4.0,230.41,PICK,5,0.0,0.8,3.8,7.2,9,0.3333333333333333,0.5555555555555556,2.7777777777777777,5.777777777777778,0,1,2,0,0,1,0,1,1,GRUBS,GRUBS_HERALD,TEAMFIGHT,PICK,STANDARD,NEUTRAL,MID,MIXED,YES,0,0,2,0,0,3,0
EUW1_7691763508,200,1,22.083333333333332,16.1.737.4870,420,75,126,6,12,0,0,0,1,0,0,1,0,0,0,0,8010,-110,-155,-19,147,183,-18,-113,-111,-25,-457,1330,-14,3,60,481.26792452830193,179.86415094339623,182.03773584905662,0.679245283018868,0.409,59,246,4,11,0,0,1,0,0,1,0,0,0,0,0,8010,178,28,1,254,689,8,657,920,11,1904,1878,11,7,76,6,660.3622641509435,156.4981132075472,1175.1396226415095,1.4943396226415095,0.727,161,103,4,12,0,0,1,0,0,0,1,0,0,0,0,8229,25,-186,1,-20,-416,2,-828,-1705,-15,-2296,-2605,-12,1,99,488.73962264150947,121.85660377358491,159.1245283018868,0.9056603773584906,0.045,901,145,4,21,0,0,1,0,0,0,0,0,0,1,0,8021,-104,19,8,1108,303,23,1755,208,39,1737,-1319,20,6,90,1101.3283018867926,341.07169811320756,726.022641509434,0.5886792452830188,0.636,61,111,4,7,0,0,1,0,1,0,0,0,0,0,0,8214,-2,-157,-2,384,554,5,1258,1750,9,1552,1801,9,6,14,354.022641509434,95.27547169811321,114.92830188679245,2.309433962264151,0.636,3236.3933975034374,0.2,9199.548684582303,4837.329591466186,0.0,12213.406568193821,3399.817341155767,0.4,12128.242824086266,3456.1532508817,0.4,11066.249680899125,0.3076923076923077,0.38461538461538464,0.3076923076923077,NEUTRAL,0.3076923076923077,0.3076923076923077,NEUTRAL,495.149,,1060.699,705.218,2,0,0,2,8,14,6,0.6666666666666666,0.3333333333333333,1.5,4.0,184.251,PICK,7,0.0,0.7142857142857143,3.4285714285714284,6.857142857142857,13,0.3076923076923077,0.5384615384615384,2.5384615384615383,5.538461538461538,0,1,0,0,2,2,1,0,3,DRAGON,DRAGONS,TEAMFIGHT,PICK,STANDARD,NEUTRAL,FAST,SPLIT,YES,3,0,4,0,1,0,0
EUW1_7691665049,100,0,32.95,16.1.737.4870,420,223,2,3,4,0,1,1,0,0,0,0,0,0,0,0,8437,742,308,3,541,-129,-1,384,269,-6,117,-269,-20,7,64,783.7936267071319,289.28679817905913,376.5402124430956,1.0015174506828528,0.452,106,203,4,11,0,0,1,0,0,1,0,0,0,0,0,8008,164,-74,-4,1276,242,-6,1745,443,1,2713,1541,-3,8,64,9,961.6084977238239,45.00758725341426,595.5386949924127,1.0925644916540211,0.524,103,90,4,12,0,0,1,0,0,0,1,0,0,0,0,8112,20,84,0,456,319,3,1336,963,13,2733,1177,16,7,89,1191.7147192716236,246.46433990895295,309.40819423368737,0.8194233687405159,0.548,145,895,4,21,0,0,1,0,0,0,0,0,0,1,0,8008,-910,-391,-8,-1563,-915,-17,-4845,-2606,-39,-3912,-994,-26,4,79,1073.535660091047,175.81183611532623,459.2716236722306,0.6069802731411229,0.524,12,37,4,7,0,0,1,0,1,0,0,0,0,0,0,8230,-581,-597,-2,-855,-460,8,-1363,-1752,9,-1833,-2010,5,3,18,182.03338391502274,95.6297420333839,113.5660091047041,2.7314112291350527,0.429,5003.661146040023,0.2,14349.307718492902,5000.1725292623,0.2,14151.83157757327,2387.4133828921977,0.6,9102.795175109675,811.1161240359424,1.0,2590.9635273388158,0.3076923076923077,0.23076923076923078,0.46153846153846156,BOT,0.3076923076923077,0.46153846153846156,BOTSIDE,739.608,532.485,,792.7,1,2,0,3,16,18,8,0.125,0.625,3.25,6.25,126.836,SKIRMISH,9,0.3333333333333333,0.5555555555555556,2.7777777777777777,6.111111111111111,17,0.23529411764705882,0.5882352941176471,3.0,6.176470588235294,1,0,4,0,2,2,0,1,0,GRUBS,GRUBS_HERALD,TEAMFIGHT,NONE,STANDARD,TOP,FAST,MIXED,YES,2,1,5,0,0,2,0
EUW1_7691665049,200,1,32.95,16.1.737.4870,420,2,223,4,6,0,0,1,1,0,0,0,0,0,0,0,8010,-742,-308,-3,-541,129,1,-384,-269,6,-117,269,20,6,65,1102.0030349013657,382.4886191198786,531.2594840667678,1.1229135053110773,0.475,203,106,4,11,0,0,1,0,0,1,0,0,0,0,0,8008,-164,74,4,-1276,-242,6,-1745,-443,-1,-2713,-1541,3,5,70,31,863.5508345978755,0.0,770.9559939301972,1.0015174506828528,0.45,90,103,4,12,0,0,1,0,0,0,1,0,0,0,0,8229,-20,-84,0,-456,-319,-3,-1336,-963,-13,-2733,-1177,-16,5,86,1230.864946889226,49.286798179059176,244.37025796661607,0.424886191198786,0.475,895,145,4,21,0,0,1,0,0,0,0,0,0,1,0,8010,910,391,8,1563,915,17,4845,2606,39,3912,994,26,10,96,1485.7056145675265,811.8968133535659,1252.018209408194,0.8194233687405159,0.575,37,12,4,7,0,0,1,0,1,0,0,0,0,0,0,8214,581,597,2,855,460,-8,1363,1752,-9,1833,2010,-5,11,10,611.1380880121395,38.48254931714719,84.79514415781486,3.0652503793626704,0.675,5744.91407860275,0.2,15644.692550510541,3714.7141604582894,0.4,13105.367793389089,4607.133730361309,0.2,14999.55962686905,2300.2379861601503,0.8,7560.40904978031,0.23076923076923078,0.23076923076923078,0.5384615384615384,BOT,0.23076923076923078,0.5384615384615384,BOTSIDE,402.786,512.652,,709.662,1,1,0,2,15,10,9,0.2222222222222222,0.5555555555555556,3.111111111111111,5.888888888888889,126.836,SKIRMISH,6,0.16666666666666666,0.6666666666666666,3.1666666666666665,6.833333333333333,15,0.2,0.6,3.1333333333333333,6.266666666666667,0,2,2,0,2,0,1,1,4,DRAGON,MIXED,TEAMFIGHT,NONE,SPLIT_1_3_1,BOT,FAST,SPLIT,YES,3,1,10,1,0,1,0
EUW1_7691490007,100,1,26.333333333333332,16.1.737.4870,420,126,75,4,12,0,0,1,0,0,0,1,0,0,0,0,8230,460,267,2,1228,1112,15,2983,2843,29,5331,3887,37,7,78,1289.012658227848,511.17721518987344,540.5316455696203,0.5316455696202532,0.548,20,56,4,11,0,0,1,0,0,1,0,0,0,0,0,8230,109,-163,-4,-1121,-355,-10,-786,-709,-33,-2949,-949,-16,9,74,10,474.22784810126586,61.63291139240506,1465.9367088607596,1.3670886075949367,0.476,10,90,4,6,0,0,1,1,0,0,0,0,0,0,0,8005,604,-153,2,950,49,13,1392,938,24,2165,1962,49,5,94,1128.4177215189875,451.40506329113924,598.5569620253165,0.7974683544303798,0.548,145,901,4,21,0,0,1,0,0,0,0,0,0,1,0,8008,-357,404,7,308,629,15,896,1197,26,1616,1523,24,5,84,1189.7848101265824,456.5696202531646,861.4556962025317,0.4936708860759494,0.5,44,37,4,14,0,0,1,0,0,0,0,0,1,0,0,8351,-168,-304,3,80,-403,9,542,113,13,708,-273,13,7,17,280.55696202531647,17.164556962025316,81.56962025316456,3.607594936708861,0.571,5633.358916910215,0.2,15555.64338110128,4618.448065553068,0.4,13928.476621655363,5504.120943950496,0.0,15607.260489913018,2368.4350047448065,0.6,8027.8281620871785,0.3076923076923077,0.46153846153846156,0.23076923076923078,MID,0.3076923076923077,0.23076923076923078,NEUTRAL,378.243,511.552,,905.057,2,3,0,5,14,23,11,0.6363636363636364,0.18181818181818182,1.5454545454545454,3.727272727272727,153.963,SKIRMISH,8,0.125,0.875,4.125,7.875,19,0.42105263157894735,0.47368421052631576,2.6315789473684212,5.473684210526316,0,2,4,0,3,2,0,2,3,DRAGON,GRUBS_HERALD,MIXED,NONE,SPLIT_1_3_1,NEUTRAL,FAST,SPLIT,YES,4,1,9,1,0,3,0
EUW1_7691490007,200,0,26.333333333333332,16.1.737.4870,420,75,126,4,6,0,0,1,1,0,0,0,0,0,0,0,8021,-460,-267,-2,-1228,-1112,-15,-2983,-2843,-29,-5331,-3887,-37,0,63,266.24050632911394,137.35443037974684,137.35443037974684,0.2658227848101266,0.2,56,20,4,11,0,0,1,0,0,1,0,0,0,0,0,8369,-109,163,4,1121,355,10,786,709,33,2949,949,16,3,72,6,1067.620253164557,0.0,673.1772151898734,1.2531645569620253,0.667,90,10,4,12,0,0,1,0,0,0,1,0,0,0,0,8229,-604,153,-2,-950,-49,-13,-1392,-938,-24,-2165,-1962,-49,1,81,1056.7974683544305,156.60759493670886,159.34177215189874,0.7974683544303798,0.6,901,145,4,21,0,0,1,0,0,0,0,0,0,1,0,8021,357,-404,-7,-308,-629,-15,-896,-1197,-26,-1616,-1523,-24,4,69,1081.0253164556962,63.34177215189874,97.02531645569621,0.5316455696202532,0.8,37,44,4,7,0,0,1,0,1,0,0,0,0,0,0,8214,168,304,-3,-80,403,-9,-542,-113,-13,-708,273,-13,3,8,415.5189873417722,28.10126582278481,31.17721518987342,2.430379746835443,0.6,5680.297893988178,0.0,15775.414099160758,5050.343239669259,0.0,14393.342801448174,5292.244542541366,0.0,15753.76742242947,3770.46465948113,0.2,9440.708659841166,0.23076923076923078,0.5384615384615384,0.23076923076923078,MID,0.23076923076923078,0.23076923076923078,NEUTRAL,,,946.375,1184.608,0,0,0,0,4,11,3,0.6666666666666666,0.3333333333333333,2.0,4.0,128.508,PICK,7,0.14285714285714285,0.8571428571428571,4.142857142857143,8.0,10,0.3,0.7,3.5,6.8,0,0,3,0,0,1,0,1,1,NONE,NONE,TEAMFIGHT,PICK,SPLIT_1_3_1,TOP,SLOW,SPLIT,NO,0,0,1,0,1,0,0
EUW1_7691432956,100,1,19.316666666666666,16.1.737.4870,420,98,82,4,14,0,0,1,0,0,0,0,0,1,0,0,8437,532,423,6,-854,125,4,-1205,136,-5,-559,798,6,4,68,462.76100086281275,170.99223468507333,170.99223468507333,0.5694564279551337,0.36,517,113,4,11,0,0,1,0,0,1,0,0,0,0,0,8010,-352,-162,2,-14,-556,-6,754,997,7,1924,1528,-2,10,60,3,666.160483175151,98.87834339948232,1722.8645383951682,1.1389128559102675,0.68,800,4,4,12,0,0,1,0,0,0,1,0,0,0,0,8229,-279,-243,-5,-576,6,3,-1482,-822,-15,96,631,6,3,93,819.0854184641933,242.58843830888696,284.9352890422778,0.4141501294219154,0.28,145,51,4,21,0,0,1,0,0,0,0,0,0,1,0,8008,-278,-321,-7,-114,59,-1,2025,1055,26,4763,3133,55,11,70,882.5539257981018,763.3822260569457,763.3822260569457,0.5694564279551337,0.64,432,111,4,14,0,0,1,0,0,0,0,0,1,0,0,8112,-229,-35,-3,326,70,0,930,652,-8,1224,306,-10,10,5,447.02329594478,47.2648835202761,124.03796376186368,1.915444348576359,0.64,4149.6155459290985,0.2,14159.322052979796,3932.524843424739,0.4,14608.655311150305,4995.469263817038,0.2,13186.688325732128,3946.8037133640305,0.2,10224.458225255752,0.07692307692307693,0.46153846153846156,0.46153846153846156,NEUTRAL,0.07692307692307693,0.46153846153846156,BOTSIDE,410.794,,1005.218,804.647,2,0,0,2,14,11,11,0.45454545454545453,0.36363636363636365,2.1818181818181817,4.909090909090909,149.479,PICK,3,0.0,1.0,5.0,9.333333333333334,14,0.35714285714285715,0.5,2.7857142857142856,5.857142857142857,0,1,0,0,2,0,1,0,5,DRAGON,DRAGONS,TEAMFIGHT,PICK,STANDARD,BOT,FAST,SPLIT,YES,3,0,4,0,1,0,0
EUW1_7691432956,200,0,19.316666666666666,16.1.737.4870,420,82,98,4,6,0,0,1,1,0,0,0,0,0,0,0,8010,-532,-423,-6,854,-125,-4,1205,-136,5,559,-798,-6,5,64,643.6410698878343,271.8895599654875,271.8895599654875,0.8800690250215704,0.429,113,517,4,11,0,0,1,0,0,1,0,0,0,0,0,8439,352,162,-2,14,556,6,-754,-997,-7,-1924,-1528,2,8,70,6,567.5409836065573,0.0,420.88006902502156,1.1389128559102675,0.643,4,800,4,6,0,0,1,1,0,0,0,0,0,0,0,8229,279,243,5,576,-6,-3,1482,822,15,-96,-631,-6,5,90,359.27523727351166,495.68593615185506,495.68593615185506,1.087144089732528,0.357,51,145,4,21,0,0,1,0,0,0,0,0,0,1,0,8008,278,321,7,114,-59,1,-2025,-1055,-26,-4763,-3133,-55,4,71,427.8688524590164,93.59792924935289,115.65142364106988,0.5176876617773943,0.286,111,432,3,4,0,1,1,0,0,0,0,0,0,0,0,8439,229,35,3,-326,-70,0,-930,-652,8,-1224,-306,10,7,9,430.0431406384815,0.0,0.0,2.4849007765314925,0.643,4978.436203222541,0.0,14023.150929801763,4375.023239797519,0.4,13119.000152450644,5116.048459690206,0.2,13408.482128861566,1344.8155622482786,0.8,4285.569507078377,0.46153846153846156,0.23076923076923078,0.3076923076923077,TOP,0.46153846153846156,0.3076923076923077,TOPSIDE,,490.785,,904.412,0,3,0,3,10,4,4,0.0,0.75,3.5,6.75,194.892,SKIRMISH,2,0.0,1.0,5.5,9.5,6,0.0,0.8333333333333334,4.166666666666667,7.666666666666667,0,1,1,0,0,2,0,1,2,GRUBS,GRUBS_HERALD,TEAMFIGHT,NONE,SPLIT_1_3_1,NEUTRAL,FAST,SPLIT,YES,0,0,2,0,0,3,0
EUW1_7691361979,100,0,26.85,16.1.737.4870,420,68,27,4,14,0,0,1,0,0,0,0,0,1,0,0,8229,272,49,-2,408,304,-4,657,1227,-1,15,212,-11,5,74,1062.9795158286777,41.71322160148976,213.29608938547486,0.9310986964618249,0.472,59,91,4,11,0,0,1,0,0,1,0,0,0,0,0,8010,-105,-192,-4,-874,-920,-20,-1352,-1934,-38,-910,-2013,-40,4,55,11,910.3538175046555,0.0,1580.4841713221601,0.7821229050279329,0.611,166,90,4,12,0,0,1,0,0,0,1,0,0,0,0,8005,-83,-342,8,198,-304,-2,-116,-814,-13,361,-770,-5,4,95,659.8882681564246,173.33333333333331,192.47672253258844,0.8938547486033519,0.306,498,145,4,21,0,0,1,0,0,0,0,0,0,1,0,8008,-10,15,0,670,235,15,1191,294,9,-1190,-307,-5,7,72,1013.1098696461825,202.97951582867782,856.461824953445,0.6703910614525139,0.5,497,412,4,7,0,0,1,0,1,0,0,0,0,0,0,8021,328,40,7,167,647,7,385,253,5,-188,758,11,6,16,342.34636871508377,206.81564245810054,244.1340782122905,3.0540037243947857,0.583,4606.325592233625,0.4,14725.753291427913,6887.585314579456,0.0,14298.581223324221,732.2178174486354,1.0,1963.6114686974104,2183.399197850601,0.8,5998.063187396411,0.23076923076923078,0.23076923076923078,0.5384615384615384,BOT,0.23076923076923078,0.5384615384615384,BOTSIDE,670.592,566.754,970.431,768.433,1,3,0,4,15,20,11,0.36363636363636365,0.36363636363636365,2.4545454545454546,4.7272727272727275,123.992,SKIRMISH,6,0.0,1.0,5.666666666666667,9.0,17,0.23529411764705882,0.5882352941176471,3.588235294117647,6.235294117647059,0,0,0,0,2,0,1,1,3,GRUBS,GRUBS_HERALD,TEAMFIGHT,NONE,SIEGE_GROUP,BOT,FAST,GROUP,YES,3,1,4,0,1,3,0
EUW1_7691361979,200,1,26.85,16.1.737.4870,420,27,68,4,6,0,0,1,1,0,0,0,0,0,0,0,8010,-272,-49,2,-408,-304,4,-657,-1227,1,-15,-212,11,3,78,664.7299813780261,308.30540037243946,308.30540037243946,0.7076350093109869,0.4,91,59,4,11,0,0,1,0,0,1,0,0,0,0,0,8021,105,192,4,874,920,20,1352,1934,38,910,2013,40,5,76,20,1080.7821229050278,165.6238361266294,168.45437616387335,1.3407821229050279,0.6,90,166,4,12,0,0,1,0,0,0,1,0,0,0,0,8214,83,342,-8,-198,304,2,116,814,13,-361,770,5,5,97,925.2141527001862,202.49534450651768,202.49534450651768,0.5959031657355679,0.6,145,498,4,21,0,0,1,0,0,0,0,0,0,1,0,8008,10,-15,0,-670,-235,-15,-1191,-294,-9,1190,307,5,5,57,1197.3929236499068,396.6480446927374,396.6480446927374,0.44692737430167595,0.543,412,497,3,4,0,1,1,0,0,0,0,0,0,0,0,8439,-328,-40,-7,-167,-647,-7,-385,-253,-5,188,-758,-11,8,9,356.3873370577281,27.523277467411543,27.523277467411543,3.35195530726257,0.743,4823.25436560986,0.2,14630.68911569103,5786.3445354667865,0.2,14529.83936593932,504.97704468629917,1.0,1392.9659005158742,4434.231314527563,0.0,12475.273544095135,0.38461538461538464,0.38461538461538464,0.23076923076923078,NEUTRAL,0.38461538461538464,0.23076923076923078,TOPSIDE,,,,1049.153,0,0,0,0,12,18,7,0.0,0.5714285714285714,3.2857142857142856,5.857142857142857,123.992,SKIRMISH,7,0.14285714285714285,0.8571428571428571,5.0,8.285714285714286,14,0.07142857142857142,0.7142857142857143,4.142857142857143,7.071428571428571,0,1,1,0,2,2,0,0,1,NONE,NONE,TEAMFIGHT,NONE,SIEGE_GROUP,NEUTRAL,MID,GROUP,NO,0,0,7,1,0,0,0
EUW1_7691303693,100,1,23.866666666666667,16.1.737.4870,420,85,114,4,14,0,0,1,0,0,0,0,0,1,0,0,8369,474,324,1,101,-6,-2,762,432,-4,482,-12,-2,4,64,658.7849162011173,426.0754189944134,426.0754189944134,0.7541899441340782,0.156,106,887,4,11,0,0,1,0,0,1,0,0,0,0,0,8008,184,475,14,-148,-12,14,392,135,18,313,-811,3,5,70,8,508.7849162011173,233.88268156424581,2045.195530726257,0.6703910614525139,0.312,901,42,4,12,0,0,1,0,0,0,1,0,0,0,0,8021,305,194,10,286,428,18,696,1281,27,1822,1681,27,6,96,955.1396648044692,399.5111731843575,423.01675977653633,0.9636871508379888,0.312,145,21,4,21,0,0,1,0,0,0,0,0,0,1,0,8008,249,169,9,154,-388,8,1586,-176,19,3346,1359,61,8,83,2057.68156424581,534.9720670391062,1195.768156424581,0.41899441340782123,0.719,267,223,4,7,0,0,1,0,1,0,0,0,0,0,0,8214,-305,-322,-4,-487,-796,-6,-249,-329,-8,-421,-66,-9,10,8,460.81005586592175,113.50558659217877,230.8240223463687,2.8491620111731844,0.75,4864.460683038652,0.4,15191.391048880283,4489.052310899423,0.0,11004.506894904469,4101.27934378767,0.2,13190.571367457893,3930.822296843864,0.2,11246.813771019773,0.38461538461538464,0.07692307692307693,0.5384615384615384,BOT,0.38461538461538464,0.5384615384615384,BOTSIDE,375.182,491.875,1184.922,823.893,2,3,0,5,14,18,8,0.25,0.75,3.0,5.875,186.763,TEAMFIGHT,7,0.0,1.0,4.285714285714286,7.571428571428571,15,0.13333333333333333,0.8666666666666667,3.6,6.666666666666667,0,2,2,0,5,0,1,1,0,DRAGON,GRUBS_HERALD,TEAMFIGHT,TEAMFIGHT,STANDARD,TOP,FAST,SPLIT,YES,3,1,9,1,1,3,0
EUW1_7691303693,200,0,23.866666666666667,16.1.737.4870,420,114,85,3,4,0,1,1,0,0,0,0,0,0,0,0,8005,-474,-324,-1,-101,6,2,-762,-432,4,-482,12,2,2,66,537.0670391061452,613.7849162011173,613.7849162011173,0.6703910614525139,0.292,887,106,6,11,0,0,0,1,0,1,0,0,0,0,0,8010,-184,-475,-14,148,12,-14,-392,-135,-18,-313,811,-3,4,59,0,443.08659217877096,0.0,0.0,0.5446927374301676,0.333,42,901,4,14,0,0,1,0,0,0,0,0,1,0,0,8010,-305,-194,-10,-286,-428,-18,-696,-1281,-27,-1822,-1681,-27,3,78,949.8603351955308,203.6312849162011,203.6312849162011,1.3826815642458101,0.333,21,145,4,21,0,0,1,0,0,0,0,0,0,1,0,8005,-249,-169,-9,-154,388,-8,-1586,176,-19,-3346,-1359,-61,6,75,621.0335195530727,234.25977653631284,234.25977653631284,0.5027932960893855,0.5,223,267,4,14,0,0,1,0,0,0,0,0,1,0,0,8437,305,322,4,487,796,6,249,329,8,421,66,9,8,14,708.4776536312849,101.27094972067039,101.27094972067039,2.304469273743017,0.667,4633.0904366184495,0.2,14203.332355472077,5634.373583737037,0.2,14045.918553088653,2275.203850054261,0.8,5894.788969929289,2562.3716111374806,0.4,8317.531665103535,0.38461538461538464,0.23076923076923078,0.38461538461538464,NEUTRAL,0.38461538461538464,0.38461538461538464,NEUTRAL,,,,1179.341,0,0,0,0,11,13,6,0.16666666666666666,0.8333333333333334,3.5,6.333333333333333,186.763,TEAMFIGHT,6,0.16666666666666666,0.8333333333333334,4.0,7.0,12,0.16666666666666666,0.8333333333333334,3.75,6.666666666666667,0,1,1,0,1,2,0,2,1,NONE,NONE,TEAMFIGHT,TEAMFIGHT,STANDARD,NEUTRAL,MID,GROUP,NO,0,0,4,0,0,0,0
